Date,Close,High,Low,Open,Volume
2021-08-04,16666.65234375,17873.320673703616,16477.47302864065,17840.9665892154,43772
2021-08-05,16570.05078125,16899.508132648414,16254.506407102832,16713.194120908807,19336
2021-08-06,16182.634765625,16956.682725897557,16103.181298963042,16670.672272689644,37697
2021-08-09,16183.8349609375,16402.456114547876,16043.049567710457,16340.382136265318,15511
2021-08-10,16943.09375,17118.036906299236,16214.06523287074,16268.558032815254,33225
2021-08-11,16908.05859375,17082.954789645155,16632.86294115449,16662.351736112225,18189
2021-08-12,17190.92578125,17246.481999569518,16825.138700059386,16963.15268858042,15607
2021-08-13,17573.400390625,17716.173632302456,16972.307674506832,17165.599873105013,20722
2021-08-16,17522.791015625,17768.21989875877,17330.098215997103,17655.997065300777,11238
2021-08-17,17605.5234375,17693.063630976885,17314.105552982473,17563.647282578935,12161
2021-08-18,17458.908203125,17679.564115493566,17397.251291883444,17471.203475908453,5775
2021-08-20,17632.419921875,17757.7685150039,17235.7123063184,17397.251611263582,12055
2021-08-23,17513.21875,17657.010265699115,17382.462752536838,17609.865743236904,7464
2021-08-24,17494.59375,17654.006224306624,17441.624769421393,17471.20564670682,6666
2021-08-25,17470.1875,17563.644214171272,17297.46328628319,17494.592082529085,8637
2021-08-26,17477.353515625,17888.573574371618,17341.836480858765,17563.554041982654,11606
2021-08-27,17590.267578125,17656.037358773694,17485.439994007185,17563.644069136157,3959
2021-08-30,17691.02734375,17748.432366408906,17481.37217654768,17649.059117560148,5847
2021-08-31,17815.17578125,17931.558408746452,17629.833093294867,17665.23842869465,7133
2021-09-01,18514.671875,18671.080041963007,17883.166001940404,17933.406912272618,39643
2021-09-02,18333.48828125,18644.132618391835,18256.94704184218,18626.707994588352,19500
2021-09-03,18350.126953125,18600.82414909663,18284.678544336115,18488.04706201832,10014
2021-09-06,18134.83203125,18475.10415282599,18034.16426085671,18475.012073691705,7432
2021-09-07,18221.40625,18392.60486544513,18044.428313637363,18276.731376796368,6915
2021-09-08,18483.37890625,18580.488099826773,18171.30101945904,18210.72714261629,10007
2021-09-09,19141.5078125,19358.834448774578,18351.651123507087,18483.378461342556,29888
2021-09-13,19762.3828125,19872.801952307265,19042.688632316014,19042.688632316014,50871
2021-09-14,19832.17578125,20216.680232480863,19699.939297411966,19782.21110997213,22983
2021-09-15,19527.353515625,19843.174137865193,19459.131899197477,19833.052654202125,13548
2021-09-16,19416.240234375,19801.345916008762,19320.010304907923,19656.49278103168,10406
2021-09-17,18932.31640625,19489.17680175036,18719.14956293909,19320.935556295797,15232
2021-09-20,19005.06640625,19308.869801387547,18637.24634138682,18932.222777157007,12344
2021-09-21,19215.04296875,19273.78946169671,18765.36815695171,18937.76919937888,6756
2021-09-22,19842.25,19874.697967680593,19227.569364081377,19227.569364081377,17468
2021-09-23,19971.15625,20057.679939154466,19850.61383599424,19850.61383599424,8679
2021-09-24,19601.904296875,20085.413653615284,19481.778937313244,20058.605986275685,10727
2021-09-27,19581.986328125,19776.66511412929,19539.83393942048,19776.66511412929,6091
2021-09-28,19422.435546875,19762.198581083474,19247.075320376785,19631.53465702629,21415
2021-09-29,18077.427734375,19422.433119106394,17749.449066823003,19422.433119106394,65120
2021-09-30,18966.705078125,19081.51513881715,18213.685407213856,18303.168285465537,50607
2021-10-01,20365.740234375,20863.346765048413,18915.12177819149,18949.786867952127,93068
2021-10-04,21361.875,21605.084898503017,20614.17251626157,21085.617717306115,112685
2021-10-05,21431.810546875,22125.065504973165,21353.69853276165,21446.13878615023,82214
2021-10-06,20429.384765625,21927.60992949896,20202.62994411294,21446.13530888533,56156
2021-10-07,20097.6171875,21139.97480149986,19976.336312088926,20776.729786987853,45763
2021-10-08,20149.107421875,20567.95379629038,19925.49411591187,20429.29343361876,26368
2021-10-11,20359.591796875,20495.202705970794,20059.531152799227,20308.657588083992,17443
2021-10-12,20064.939453125,20595.638509346085,19982.94568251537,20475.51313977412,18841
2021-10-13,19956.970703125,20246.261717048772,19874.651945783426,20246.261717048772,13179
2021-10-14,19922.3046875,20198.191853580724,19825.518675745952,20059.439418463844,11247
2021-10-18,19811.978515625,20371.010926859886,19748.656944447506,20059.534227030992,15207
2021-10-19,19018.423828125,19943.889649601355,18908.280921353366,19829.355831441004,19251
2021-10-20,19122.279296875,19750.780822493365,18792.08349609352,19078.740306816464,43185
2021-10-21,19405.0546875,19501.838894130255,18999.98228830681,19288.579988060927,11775
2021-10-22,18709.486328125,19597.280806874252,18603.595327932526,19405.052080693644,16585
2021-10-25,18534.08203125,18899.22094121813,18210.72538322057,18746.878719376302,15978
2021-10-26,18677.736328125,18752.567792411224,18488.049660794684,18580.48990909866,29284
2021-10-27,19049.8046875,19135.080800265805,18497.3822302874,18677.732759172242,15321
2021-10-28,18503.8984375,19124.03331166897,18488.04457817959,19124.03331166897,9606
2021-10-29,18533.712890625,18738.791191469158,18233.928485466262,18566.57431097825,11312
2021-11-01,18448.251953125,18714.342631208776,18364.732556480423,18511.158259311695,14285
2021-11-02,18773.08984375,18857.81169710157,18557.380873495786,18580.490936850078,9394
2021-11-03,18761.669921875,18935.08744003456,18590.70243101492,18672.927297096718,8666
2021-11-04,18760.791015625,18922.00532716601,18679.71985324622,18848.562288989408,1687
2021-11-08,18511.759765625,18843.20317150827,18483.473412541698,18682.265070564095,7471
2021-11-09,18554.326171875,18719.147835250777,18451.118092510198,18482.50083051872,7363
2021-11-10,18541.337890625,18626.706080724147,18451.069646216078,18530.568242888152,5187
2021-11-11,18479.216796875,18580.485788623668,18400.27428670886,18542.585295223987,18105
2021-11-12,18261.248046875,18540.278577947578,18215.8602456195,18488.974239649466,11666
2021-11-15,18442.2890625,18559.041801360283,18211.697618746595,18292.07368079747,16684
2021-11-16,18289.25390625,18580.671752724997,18233.836706484788,18442.890663076116,12440
2021-11-17,18178.279296875,18330.8977567404,18095.175168340564,18275.341539157285,5484
2021-11-18,18120.59765625,18280.05706682024,17795.90132023379,18280.05706682024,11976
2021-11-22,18037.03125,18247.610833562932,17979.765244963313,18247.610833562932,10912
2021-11-23,18244.791015625,18347.076501541225,17796.08573280979,18025.84666986038,7955
2021-11-24,17718.390625,18376.980381619414,17563.645304746657,18376.980381619414,12697
2021-11-25,17857.55859375,17937.104142338478,17674.80496173713,17782.728941773104,11434
2021-11-26,18100.90625,18669.875886252248,17656.084569322415,17748.524802669654,31782
2021-11-29,17709.654296875,18174.4914896682,17656.085899802933,18100.907614000214,13807
2021-11-30,17644.298828125,17910.203526298617,17572.980825432413,17840.041026548315,10597
2021-12-01,17515.205078125,17859.36078485175,17424.198391698385,17656.268511390837,10646
2021-12-02,17568.17578125,17741.315269933944,17397.392435435304,17646.79512319753,12442
2021-12-03,17561.51953125,17817.85705032949,17479.57269923391,17632.052159687923,7242
2021-12-06,17297.140625,17562.675229123633,17218.5212798047,17560.64226592028,8065
2021-12-07,17341.8359375,17470.280928577242,17277.0808272982,17332.591913515356,6698
2021-12-08,17501.201171875,17668.74910377495,17342.019803729625,17466.583024824897,8365
2021-12-09,17433.765625,17702.304500053022,17397.25173321138,17609.217908239447,8208
2021-12-10,17249.533203125,17546.497478615467,17230.860996552026,17471.205624186336,6950
2021-12-13,16957.19140625,17423.96950131486,16889.849049633587,17423.922559003484,17514
2021-12-14,16892.298828125,17074.175005397512,16699.329821743107,16939.721394756987,18730
2021-12-15,17126.494140625,17168.60138917589,16697.80255774519,16957.23643417186,11708
2021-12-16,17045.93359375,17266.497454392545,16926.732624500943,17212.372970793924,9024
2021-12-17,16736.21484375,16978.500372989056,16546.804414248603,16871.269685164872,11504
2021-12-20,16562.748046875,16639.242341528414,16344.959213766107,16593.02222391306,13512
2021-12-21,16553.2734375,16726.969005994368,16519.25470768792,16638.78065774732,10556
2021-12-22,16842.37890625,16874.178706655013,16553.59526490658,16694.243436788205,8414
2021-12-23,17300.0078125,17376.91737467984,16879.588853157456,16961.860671773615,22104
2021-12-24,17030.6796875,17332.543995922315,16964.678804342195,17332.543995922315,5807
2021-12-27,17373.447265625,17655.15885582941,16809.83992695249,17008.07727045423,20383
2021-12-28,17610.466796875,17660.707705804416,17338.27542916414,17338.27542916414,14103
2021-12-29,17856.357421875,17931.510251357493,17522.648165925253,17563.645049986728,11006
2021-12-30,17916.720703125,18025.847130636008,17712.47471128803,17839.85808653391,10120
2021-12-31,18012.58203125,18122.446895667315,17916.720418848603,17916.720418848603,6185
2022-01-03,17827.19140625,18136.774114487474,17779.122484030155,18072.06594996076,9259
2022-01-04,17550.884765625,17931.507380977597,17479.568578492963,17931.507380977597,12711
2022-01-05,17440.09765625,17768.491586218526,17361.709421416235,17608.66206117859,10135
2022-01-06,17310.078125,17667.545550808205,17250.501123435184,17439.77248012476,14037
2022-01-07,16983.953125,17425.631506068003,16916.51688699748,17332.544907076437,13554
2022-01-10,16929.552734375,17146.740359124877,16916.564158282672,17033.038862323305,11833
2022-01-11,16795.833984375,17055.173942788253,16699.372974230646,17008.81661603462,19994
2022-01-12,16535.89453125,16922.71180446944,16490.414654694447,16824.12392597337,29172
2022-01-13,16463.515625,16729.14230903655,16445.119655072467,16554.199144633938,19661
2022-01-14,16353.0947265625,16593.024106514928,16334.191418502436,16500.58386079618,17547
2022-01-17,16191.2783203125,16537.512159418155,16145.612480200181,16491.19995980873,24521
2022-01-18,15882.2490234375,16334.18969825468,15853.500471141355,16334.18969825468,28817
2022-01-19,15731.7578125,16031.356264034646,15708.369709997394,15935.772696442364,24104
2022-01-20,15548.3095703125,15829.235824810205,15327.839594739553,15760.136744415748,31644
2022-01-21,15697.1376953125,16044.573966571365,15402.43930169269,15529.959887028068,46825
2022-01-24,15100.7138671875,15711.142608317004,14893.138593768594,15687.108146807459,30513
2022-01-25,15454.9921875,15658.915002984202,14758.084832648117,15113.840747647664,35045
2022-01-27,14993.068359375,15340.227518040352,14745.189481944553,15238.774349411424,35683
2022-01-28,14867.349609375,15248.296399252476,14753.46304740905,15200.873831553536,26606
2022-01-31,14864.1591796875,15002.958558231461,14774.723249363038,14974.394163575791,34117
2022-02-01,14919.994140625,14975.319264591153,14777.497145910751,14975.319264591153,20818
2022-02-02,14976.51953125,15225.877966546233,14851.540153660764,15006.747668478327,22394
2022-02-03,14867.486328125,15159.227351699426,14807.816336364382,14955.90577490915,22333
2022-02-04,14664.765625,14989.092746731998,14600.658680040133,14989.092746731998,19876
2022-02-07,14582.7705078125,14757.251454447995,14343.119194354214,14664.719138677965,27259
2022-02-08,14386.1044921875,14696.565581230021,14341.178896445317,14684.132188348192,20754
2022-02-09,15412.0078125,15540.12963134128,14369.882165873547,14476.14240835194,110598
2022-02-10,15358.9453125,15622.399986834185,14989.230405637021,15557.691821208246,72856
2022-02-11,15286.8896484375,15514.245699760364,15067.805373786141,15345.080058155398,22038
2022-02-14,14917.5439453125,15159.829456754844,14844.470115085132,14991.958339586561,33856
2022-02-15,15220.1015625,15285.826212929656,14834.070573423816,14975.319081497011,15150
2022-02-16,15707.62890625,15981.020901554371,15284.068471217146,15284.068471217146,60602
2022-02-17,15495.1103515625,15945.940658900448,15406.782984158206,15707.629009066786,22194
2022-02-18,15140.92578125,15495.11091840037,15067.758970919227,15495.11091840037,14857
2022-02-21,15060.640625,15495.757003209494,14956.830418894566,15140.925512864575,29533
2022-02-22,15451.1533203125,15490.209317427814,14772.87313372405,14790.43677739721,32935
2022-02-23,15734.4833984375,15779.45593356956,15368.235911919426,15484.755744101276,27205
2022-02-24,15509.25390625,15668.62124687039,15067.759665131998,15067.759665131998,43783
2022-02-25,16065.931640625,16181.481955634634,15529.962337294843,15529.962337294843,26214
2022-02-28,16229.2724609375,16431.207464495878,15881.234920337552,16065.931261682035,24091
2022-03-02,15899.9541015625,16177.043750953837,15622.494330076413,16177.043750953837,29193
2022-03-03,16114.4609375,16163.268301716733,15826.184600069559,15876.611473985635,22904
2022-03-04,16139.5107421875,16313.852664211045,15629.794925571188,15993.177128070207,23670
2022-03-07,16098.74609375,16223.21543450158,15715.072149367126,15715.072149367126,23513
2022-03-08,16367.330078125,16416.278269102673,15978.71094319861,16099.39240022084,20115
2022-03-09,16485.515625,16591.175549625477,16362.848139286862,16477.427103378694,13991
2022-03-10,16173.9912109375,16638.319271882756,16121.578315552822,16546.803431674056,15943
2022-03-11,15963.1806640625,16315.423088779775,15829.465505874592,16181.662793759328,25377
2022-03-14,15753.154296875,16361.920132232739,15714.838545082292,16037.454936390157,16615
2022-03-15,15903.373046875,15987.170491323575,15779.550059023059,15898.42785478777,15049
2022-03-16,16012.8671875,16169.55338150751,15945.94009810951,15999.463353794343,17657
2022-03-17,15953.2431640625,16175.514979781832,15821.145711401423,16047.624279867292,14542
2022-03-21,15947.69921875,16129.898583183713,15848.833292009418,16083.539438551454,9665
2022-03-22,15424.20703125,15979.171604469608,15391.760870824826,15979.171604469608,19462
2022-03-23,15383.9521484375,15603.820904833323,15252.640061356245,15409.788474109613,10867
2022-03-24,15224.2138671875,15436.503234436048,15160.199002497078,15383.951320329998,9497
2022-03-25,14810.6357421875,15339.301818381686,14790.43791150927,15253.61044092123,42490
2022-03-28,15011.1396484375,15104.735392531367,14670.26625945366,14790.438572858133,31916
2022-03-29,15631.59765625,15714.840814636907,15003.050965973942,15066.742652487952,27342
2022-03-30,15970.25390625,16038.381640944637,15480.596871657097,15807.281040931026,20432
2022-03-31,16364.556640625,16408.234653957952,15853.454193354877,15918.209303564849,37987
2022-04-01,16188.505859375,16398.899496327882,16084.602662689129,16398.899496327882,13903
2022-04-04,16222.890625,16315.654036894734,16092.735861379077,16188.503580819555,17143
2022-04-05,16295.5966796875,16352.678528139315,16177.042071364502,16177.042071364502,8770
2022-04-06,16339.873046875,16500.53307320994,16234.35216988286,16269.526397371283,12869
2022-04-07,16791.076171875,16981.17988514476,16315.88639942744,16339.875724816737,30763
2022-04-08,16638.318359375,17007.339065546246,16580.312110302784,17007.339065546246,15052
2022-04-11,16701.916015625,16808.77655668343,16593.435965124812,16639.240819681596,8949
2022-04-12,16472.064453125,16729.602586068468,16408.419712588202,16685.278215690938,8708
2022-04-13,16459.03125,16639.24277104482,16371.166081955764,16639.24277104482,5758
2022-04-18,16030.201171875,16454.36285551359,15992.300673162861,16454.36285551359,9766
2022-04-19,15663.8134765625,16155.779679204235,15529.95929568182,16038.380582147594,10946
2022-04-20,15569.892578125,15802.287684618337,15522.563901092313,15761.012759553707,12091
2022-04-21,16111.26953125,16213.970271205573,15633.169358181149,15663.997815448547,17973
2022-04-22,16245.16796875,16360.071896768675,15945.939666587166,16130.820126489625,12426
2022-04-25,16272.7666015625,16407.220225067784,15952.737367851887,16081.830540058834,10408
2022-04-26,16216.14453125,16454.36230148153,16067.129784876142,16387.390071494352,7493
2022-04-27,16097.2197265625,16267.123799255132,16025.486463588684,16112.380286558251,5848
2022-04-28,15953.2431640625,16194.51216965267,15833.255020702289,16193.957889355164,8023
2022-04-29,15788.5615234375,16078.776927964469,15725.008859918635,15992.161147292481,5799
2022-05-02,15790.2275390625,15899.675345783106,15572.8539398256,15788.56289244758,8825
2022-05-04,15405.62890625,15790.227264660663,15298.86042413594,15790.227264660663,8932
2022-05-05,15359.0380859375,15581.172706738496,15308.334974960419,15440.93977818026,8450
2022-05-06,15700.3291015625,15759.906116698188,15067.75978896872,15086.3868592504,19270
2022-05-09,15438.953125,15669.544574009196,15345.126284444166,15666.771366899171,7536
2022-05-10,15396.8935546875,15712.992238063822,15207.806318655546,15528.989215310452,8385
2022-05-11,15319.3349609375,15523.535803750314,15023.156083127154,15400.543347325574,7553
2022-05-12,15512.0732421875,15643.939603495994,14975.318636268777,15252.639351755237,10476
2022-05-13,15293.9150390625,15662.150386306657,15170.368293081423,15548.448887309094,10015
2022-05-16,15252.8701171875,15529.959725989,15082.548981502174,15529.959725989,8640
2022-05-17,16302.8515625,16489.48875392414,15196.434053206449,15252.268315003936,57647
2022-05-18,16524.201171875,16626.439710827337,16120.329423524126,16176.116744326715,27037
2022-05-19,16758.76953125,16819.502048113154,16026.919051346447,16084.602123504746,43427
2022-05-20,16593.439453125,16915.13150992633,16528.870302243926,16824.124809724686,14477
2022-05-23,16396.771484375,16911.71055582423,16245.725578840684,16694.01379386265,15705
2022-05-24,16821.763671875,16902.69581427428,16109.92877420285,16396.769720515273,19810
2022-05-25,16691.240234375,16907.319287599516,16630.460778762117,16879.58721659744,10875
2022-05-26,16371.67578125,16789.59774860933,16313.853688468274,16691.009870749273,9604
2022-05-27,16582.4375,16625.37526438456,16192.339731772574,16463.604862868444,12810
2022-05-30,16546.29296875,16818.529461602106,16508.901615775103,16592.09782751259,9441
2022-05-31,16385.310546875,16710.792270104517,16269.482204220354,16583.779019529156,13243
2022-06-01,16431.623046875,16639.243468166427,16361.04528359222,16454.362985186803,5702
2022-06-02,16986.95703125,17189.262129528666,16280.482517537052,16431.714384696792,55095
2022-06-03,16480.80078125,17192.960773502633,16421.084745443346,17055.22481160942,16530
2022-06-06,16353.6513671875,16638.643571122175,16223.263673988593,16480.801846202885,9985
2022-06-07,16406.431640625,16639.242007282228,16353.648628463226,16353.648628463226,12134
2022-06-08,16613.037109375,16962.784403821774,16417.386976123962,16454.363072917036,23988
2022-06-09,16692.255859375,16819.50019972174,16269.480819736336,16367.514407887753,15711
2022-06-10,16816.21875,16898.075301947967,16454.36216491651,16629.95167268367,12116
2022-06-13,16551.283203125,16730.433080696497,16462.72655118897,16690.08256153977,11584
2022-06-14,16396.171875,16625.74684383902,16337.703424755158,16477.472341728175,9754
2022-06-15,16555.953125,16638.31700889075,16399.82121533034,16593.021296160285,8592
2022-06-16,16597.783203125,17009.00322711635,16459.63018873814,16639.242287396428,12617
2022-06-17,16556.18359375,16824.722451832506,16454.360323127694,16597.78169569049,19491
2022-06-20,16480.615234375,16661.93711660415,16362.846013772136,16500.581964060373,13443
2022-06-21,16753.126953125,16819.499760105475,16480.61423980113,16480.61423980113,11288
2022-06-22,16601.16015625,16824.12531460354,16513.573020340184,16731.685065622205,12304
2022-06-23,16675.849609375,16736.305889008287,16463.60717388774,16569.913452663546,14917
2022-06-24,16693.2734375,16824.123316582893,16597.597791166685,16731.683078579692,10505
2022-06-27,16639.56640625,16914.715142142963,16581.09795435687,16733.117012563074,12115
2022-06-28,16765.93359375,16824.12400376043,16511.675986547736,16672.984208451922,11481
2022-06-29,17556.990234375,17702.30556623326,16612.574182327724,16709.450468408766,42662
2022-06-30,17342.158203125,17646.74877736377,17198.505716881,17471.204410053797,16419
2022-07-01,17656.455078125,17748.525191461034,17198.50579099649,17286.69413663623,12396
2022-07-04,17513.03515625,17840.96691865375,17472.130348677438,17656.456554517194,16058
2022-07-05,17226.5625,17618.92619554476,17199.70969263462,17517.426086322208,7490
2022-07-06,17740.71484375,17835.372201086015,17260.810997204273,17331.388756333403,17195
2022-07-07,17829.595703125,17889.681859983797,17706.975167391163,17794.746454336284,10721
2022-07-08,18002.458984375,18118.240386822647,17742.194567785747,17852.198455141195,14700
2022-07-11,17882.009765625,18179.29721001909,17846.882475175455,17979.626295884842,6205
2022-07-12,17991.828125,18094.34471257098,17730.22224499288,17840.96637504393,8572
2022-07-13,18079.0,18198.710111210534,17864.029498953405,18198.710111210534,8425
2022-07-14,18005.693359375,18358.630903259433,17799.367474434057,18078.999188846745,10608
2022-07-15,18254.126953125,18284.632231828058,18035.13747251116,18105.02193171803,6942
2022-07-18,18365.423828125,18432.027736588934,18146.017301471096,18256.945578403163,9665
2022-07-19,18326.787109375,18469.513398561314,18210.727663422025,18362.329660213964,8099
2022-07-20,18501.220703125,18568.470977612047,18303.167489257656,18414.095777071336,9137
2022-07-21,18596.8046875,18625.784342243776,18427.962224558523,18513.0072471148,31421
2022-07-22,18441.736328125,18672.929013880377,18224.593837061962,18625.78449013246,15823
2022-07-25,18245.34375,18487.12189767746,18146.064385747657,18395.606068492496,11470
2022-07-26,17957.763671875,18324.428234102543,17888.803615965993,18210.773684567994,11628
2022-07-27,18359.556640625,18446.450468942745,17840.96687800526,17957.764763803618,13939
2022-07-28,18268.31640625,18487.121709797437,18103.44781066672,18367.87381237437,8753
2022-07-29,18502.005859375,18574.894626512705,18303.167266978417,18511.712084440824,13390
2022-08-01,18990.3203125,19154.493805797654,18502.46698110616,18535.191184799292,22175
2022-08-02,19215.65625,19582.89279076101,18832.586809181365,19151.147979087913,26850
2022-08-03,19321.15625,19422.862322320263,18748.262183773684,19215.65664988241,20656
2022-08-04,19126.2265625,19488.449003464615,18926.609769926014,19385.385090465526,13532
2022-08-05,19138.265625,19301.05975766477,18975.003020011016,19159.44020806052,11848
2022-08-08,19019.974609375,19311.691932771617,18923.75113484162,19113.66906557882,12436
2022-08-10,18368.048828125,19252.103648647302,18301.3391037475,19029.345067174105,25672
2022-08-11,17724.697265625,18680.239861580616,17663.327393577445,18551.503305978473,29603
2022-08-12,17608.328125,18032.15466548628,17567.711940986435,17792.578653831064,22476
2022-08-16,17867.298828125,18132.267486204993,17614.55802874972,17756.036659725316,19314
2022-08-17,18004.419921875,18087.667079706218,17822.231784894928,18032.62158702496,11323
2022-08-18,17809.58203125,18083.02891861869,17722.30528474987,18083.02891861869,10684
2022-08-19,17634.046875,17905.61988923174,17605.188250616164,17853.478558567906,13805
2022-08-22,17417.423828125,17675.458720039926,17361.161406566018,17647.350383882957,10960
2022-08-23,17474.533203125,17686.656000978597,17337.223237165625,17412.178806716707,8457
2022-08-24,17876.99609375,17915.833544961555,17495.238752796904,17539.602713109853,18321
2022-08-25,17637.51171875,17914.3788181625,17597.457341423826,17834.73853575958,10570
2022-08-26,17405.66796875,17755.100736480766,17374.70121674403,17633.766406909566,10868
2022-08-29,17582.701171875,17614.557286115847,17056.138342364517,17286.626698342414,9563
2022-08-30,17558.109375,17614.232728310424,17437.477745334116,17591.1366755493,7994
2022-09-01,17284.61328125,17614.558692107046,17250.087238318236,17567.242989237293,13912
2022-09-02,17279.365234375,17511.49324135985,17202.535783021787,17338.158503550778,12792
2022-09-05,17060.826171875,17474.01878771315,17014.915881226316,17221.043716791835,20184
2022-09-06,17105.328125,17330.147237100136,17061.00991593199,17099.23798544354,19958
2022-09-07,17120.1328125,17330.663523105006,17038.336820439235,17038.618635795123,15466
2022-09-08,16994.30078125,17223.197073986623,16959.63383181201,17223.197073986623,9264
2022-09-09,17123.97265625,17224.78751745789,16963.380004546078,17052.389731164796,26150
2022-09-12,16996.126953125,17192.932892418256,16949.32730375184,17123.9741379282,15525
2022-09-13,16790.564453125,17117.931455192986,16752.570614960434,17039.275682531905,15253
2022-09-14,16847.43359375,17099.237432655544,16705.72073557525,16723.429352937816,20974
2022-09-15,16759.736328125,16958.69613473943,16705.72110952509,16781.61361708939,16734
2022-09-16,16441.455078125,16833.941508807784,16403.55640377092,16833.941508807784,12841
2022-09-19,16282.642578125,16448.10844246826,16232.563626083222,16443.376140707678,8410
2022-09-20,16970.970703125,17031.216972306727,16307.520604314881,16307.520604314881,24095
2022-09-21,16782.64453125,17098.208195635143,16751.584452640327,17005.54401130957,13138
2022-09-22,16778.8046875,17020.115512589724,16677.61466593143,16770.37218570262,53340
2022-09-23,16727.974609375,17013.601803958933,16677.613837254077,16865.00275677379,24724
2022-09-26,16477.294921875,16811.269933256102,16379.479366468555,16677.614415778353,35903
2022-09-27,16940.75390625,17005.54398942683,16494.909197457815,16494.909197457815,41986
2022-09-28,16996.361328125,17257.723116544108,16812.39262594425,16864.065485494815,28547
2022-09-29,17971.626953125,18082.09308286162,17073.56559140041,17108.607683976017,85444
2022-09-30,17932.322265625,18082.09248273719,17631.422163850377,17820.68495889224,46497
2022-10-03,17645.76171875,18160.75191987631,17544.337452858363,17932.325895231326,29007
2022-10-04,17781.802734375,17895.641500991253,17651.051386080067,17825.370657400974,17311
2022-10-06,17928.388671875,18158.83131132331,17848.79595418805,17888.80275958815,18011
2022-10-07,17854.416015625,18238.938439386216,17756.08441339592,17989.28845667699,20177
2022-10-10,17634.234375,17963.47707452435,17548.972416117635,17858.164135141596,11938
2022-10-11,17393.111328125,17719.30894419996,17243.52776243139,17634.233645768374,11468
2022-10-12,17232.19140625,17520.86366567824,17132.875280658456,17393.111638045735,12299
2022-10-13,17029.15625,17285.644856662882,16986.854661589474,17241.56270736278,9774
2022-10-14,16941.73828125,17206.611777559025,16880.086596938254,17122.848567526325,6059
2022-10-17,16945.01953125,17202.304172100143,16865.004090294256,16924.781892335657,8136
2022-10-18,16988.0234375,17221.836851779255,16946.095168921813,16986.80467759807,16424
2022-10-19,17071.7890625,17154.381111052033,16975.0495137296,17071.133933140514,4177
2022-10-20,17022.361328125,17130.3441895611,16938.64569698825,17071.785154075147,4470
2022-10-21,17359.5234375,17563.44797212367,16876.387573330438,17102.98726596877,15569
2022-10-24,17198.3203125,17521.09771727269,17115.16648180747,17474.01625257072,2072
2022-10-25,17313.423828125,17598.020745584312,17110.15443256465,17198.320551946545,12937
2022-10-27,17687.689453125,17755.101891643757,17326.263038628877,17404.591248790075,15080
2022-10-28,17718.375,17968.725898001823,17588.794812818815,17758.85028004623,10557
2022-10-31,18033.32421875,18113.949029462663,17773.885736196185,17801.946493549403,18533
2022-11-01,18444.64453125,18551.503799009562,17896.67282669598,18101.77037357903,27506
2022-11-02,18372.830078125,18467.086347106295,18197.48051495773,18467.086347106295,10944
2022-11-03,18692.65234375,18729.520744203495,18263.390850744705,18271.40245828853,26922
2022-11-04,18253.3671875,18681.737506619258,18181.409113593796,18681.737506619258,15202
2022-11-07,18111.326171875,18279.78954663515,17965.913098755973,18270.420100429805,9495
2022-11-09,18010.181640625,18214.201308054468,17919.063786859144,18214.201308054468,9689
2022-11-10,18025.736328125,18336.00589972418,17936.633262281288,18008.02770911595,9766
2022-11-11,18097.8359375,18317.267639329442,17942.48978481631,18222.636231064876,7385
2022-11-14,18682.01953125,18840.549819951608,18003.43742880079,18206.379255959044,52058
2022-11-15,18412.31640625,18868.983500306087,18271.58808088263,18739.873652192335,16611
2022-11-16,18300.63671875,18612.311715392905,18223.57302306122,18527.143082674167,9671
2022-11-17,18264.751953125,18338.443017960664,18200.150349637737,18288.223149270478,5155
2022-11-18,18496.45703125,18550.986473350258,18014.11723361588,18298.527490422974,15794
2022-11-21,18357.087890625,18692.045599998404,18141.263058425535,18588.981689421973,13838
2022-11-22,18486.66796875,18523.44304573841,18272.81035543524,18364.11487828853,8493
2022-11-23,18773.69921875,18921.595552831015,18399.810756860734,18476.546882982304,19234
2022-11-24,18920.892578125,19066.821692553265,18752.57012284026,18785.738326078277,15366
2022-11-25,18989.5234375,19043.39774847354,18680.752632793286,18920.8922500424,11978
2022-11-28,18861.396484375,19022.78518297955,18753.975425812027,18899.060923266043,11324
2022-11-29,18897.75,18949.60951298126,18822.5126233561,18822.5126233561,5962
2022-11-30,18961.69921875,19063.544370480133,18842.238775566348,18870.065299755235,8745
2022-12-01,19259.505859375,19333.852048264936,18926.281142474036,18959.729333099243,14353
2022-12-02,18910.259765625,19254.211766516073,18832.586691336888,19254.211766516073,9399
2022-12-05,18794.544921875,19001.047856246674,18693.073100253223,18910.35089640504,7824
2022-12-06,18922.720703125,19043.39990536199,18741.703729739525,18789.487906623828,9908
2022-12-07,18934.66796875,19036.23314079085,18900.141922356335,18968.445557361556,5492
2022-12-08,19101.58203125,19282.41233093304,18884.72694530198,18945.01896161166,14082
2022-12-09,19147.54296875,19440.66575478178,19019.977580706065,19115.5459409638,14234
2022-12-12,19223.150390625,19347.904923230497,18975.282808343425,19141.777122595595,7976
2022-12-13,19524.05078125,19582.141344088923,19054.59397651298,19324.481589561437,16992
2022-12-14,19266.720703125,19670.16870971438,19154.944302618413,19666.420931055916,14099
2022-12-15,19274.54296875,19441.553347797748,19113.717888189953,19301.05923356857,7862
2022-12-16,19369.26953125,19501.56538000849,19074.13197505212,19347.765554173602,13946
2022-12-19,19568.6953125,19610.2484351874,19137.091461476477,19466.145638730715,14109
2022-12-20,19580.923828125,19677.00823104178,19420.472061703196,19488.448125976738,9476
2022-12-21,20189.751953125,20308.27545230454,19517.025689007136,19572.77389613111,41904
2022-12-22,20465.166015625,20589.358761439118,20006.20404308472,20191.1572836866,45140
2022-12-23,20422.81640625,20788.83419320772,20311.085758739635,20402.953912013927,36252
2022-12-26,20399.67578125,20602.29006985666,20239.87913286027,20602.29006985666,31853
2022-12-27,20261.80078125,20448.81454507029,20088.09089788348,20397.282595472174,21294
2022-12-28,20278.43359375,20378.545761762638,20099.28868199104,20215.51739566854,19443
2022-12-29,20356.2421875,20425.341842078906,20164.918858945322,20262.36108370744,16010
2022-12-30,20019.8828125,20472.240417418416,19893.911337434365,20308.275105150762,14422
2023-01-02,20085.1875,20257.351065435003,19945.348522360957,20019.8813652245,10873
2023-01-03,20313.755859375,20377.60900267058,20017.915588898508,20088.093108522564,37179
2023-01-04,20554.037109375,20683.053658874036,20257.30563341944,20350.390720698775,19674
2023-01-05,20711.302734375,20800.17156988566,20491.073158805826,20610.626932105395,16249
2023-01-06,20920.146484375,20950.08113218011,20631.754206211495,20706.382209154413,17576
2023-01-09,20859.2890625,21080.3146395464,20669.885362829693,20950.07935198264,35850
2023-01-10,20665.533203125,20912.604777581804,20534.126714771242,20911.667832923307,22882
2023-01-11,20810.474609375,20978.094348995404,20665.248209642745,20708.300078091597,19674
2023-01-12,20765.08203125,20968.726571658695,20659.62818577862,20847.017103563463,21184
2023-01-13,20877.1875,20929.422164617197,20641.82773419716,20734.632834442276,7274
2023-01-16,20651.615234375,20935.416097895722,20584.764608297202,20894.049630991212,6699
2023-01-17,20314.22265625,20753.228763690688,20249.432573656824,20659.627635755132,21736
2023-01-18,20577.412109375,20656.81816641695,20250.277527260696,20331.791709710837,7590
2023-01-19,20612.40625,20706.475854718592,20533.18868130701,20575.30360948508,4364
2023-01-20,20422.91015625,20609.97152212546,20268.6894324344,20609.97152212546,8506
2023-01-23,20504.611328125,20542.51000456051,20311.132271525606,20406.653039878125,6436
2023-01-24,20277.96484375,20530.84656265347,20144.309327728082,20398.924028184367,8055
2023-01-25,19944.552734375,20322.187151574402,19879.574163395424,20260.396388149362,8811
2023-01-27,19874.609375,20046.72536267292,19762.035117513078,19910.0723614239,6306
2023-01-30,19662.439453125,20022.508029556586,19565.79507230703,19769.532963202808,10890
2023-01-31,19504.423828125,19885.150910310036,19445.86478909168,19662.48565429575,9022
2023-02-01,19395.17578125,19906.18577603566,19287.75653759687,19607.066186758555,10839
2023-02-02,19188.908203125,19552.113331883775,19123.977207041753,19461.886660278888,14828
2023-02-03,19556.142578125,19605.848222797034,19148.009862777442,19207.36493916863,7409
2023-02-06,19553.80078125,19675.744494513605,19347.90719260233,19555.95648595196,4263
2023-02-07,19667.82421875,19731.959172081493,19402.29559352103,19488.446914117372,5981
2023-02-08,19936.541015625,20000.955955520163,19517.585880552895,19657.097294552535,6149
2023-02-09,19531.736328125,20232.243415391662,19488.450213964737,19755.29280272863,12723
2023-02-10,19433.259765625,20099.28641674013,19347.904485197574,19609.359587480612,31782
2023-02-13,18993.880859375,19380.698051542964,18647.118046791442,19376.013328784553,33651
2023-02-14,19027.796875,19252.335995191326,18776.64999441893,18991.865418655252,9753
2023-02-15,19113.015625,19194.061336776656,18914.663345710273,19026.534902295403,6398
2023-02-16,19137.234375,19244.84209638527,19001.236500228493,19160.517082331,8952
2023-02-17,18941.45703125,19184.266569063737,18776.74328298097,19161.5456645041,8516
2023-02-20,18797.87109375,18988.259325976367,18705.347818618895,18988.259325976367,7672
2023-02-21,18766.205078125,18950.594685057957,18645.198312030563,18813.84834701375,7853
2023-02-22,18941.45703125,19018.98919010814,18709.00146234722,18743.668409510377,9198
2023-02-23,19197.525390625,19347.90499116163,18760.019864229256,19045.787952476436,13048
2023-02-24,18883.744140625,19417.09987878864,18806.49378677797,19293.516514351453,12180
2023-02-27,19284.521484375,19357.275599172266,18787.613277570294,18956.77935851425,17630
2023-02-28,18936.16796875,19349.031176585406,18858.026416714736,19226.57323932174,11412
2023-03-01,19170.447265625,19362.896041906763,18888.80210030196,18941.27099502502,8852
2023-03-02,18827.759765625,19169.88543298029,18786.72269244538,19169.88543298029,6727
2023-03-03,18890.630859375,19001.097001974038,18650.820603050415,18860.696209153266,7287
2023-03-06,19278.15234375,19372.267702432782,18891.615094029417,18891.615094029417,15704
2023-03-08,19315.48828125,19379.575658575493,19061.669620377288,19127.724215390022,4885
2023-03-09,19376.154296875,19596.804739484094,19263.766699568427,19347.90505255974,10144
2023-03-10,19258.568359375,19325.46656866611,19023.863741084642,19207.36397186578,7513
2023-03-13,18985.869140625,19347.061263189677,18791.359818825378,19347.061263189677,12019
2023-03-14,19047.146484375,19102.988015693667,18707.690728957998,19019.975091387303,9872
2023-03-15,19083.21875,19280.445584264147,18973.127761752792,19103.363058487786,5464
2023-03-16,19398.501953125,19469.709746229593,18978.00046396145,19160.37710532136,6621
2023-03-17,19608.658203125,19670.167151508427,19301.05856211078,19420.0029458733,7184
2023-03-20,19982.5,20065.32444156725,19408.808069322826,19408.808069322826,12395
2023-03-21,19945.53515625,20069.352747528093,19788.362704177274,20069.352747528093,5813
2023-03-22,20136.486328125,20375.782351489568,19846.595294979656,19910.07329336202,13584
2023-03-23,20181.97265625,20288.550100884313,20006.10889278422,20144.30821659575,9237
2023-03-24,19796.609375,20311.08529536475,19728.633311423375,20181.973595865875,5596
2023-03-27,20075.677734375,20254.82081014194,19805.41679613858,19825.74776199727,16299
2023-03-28,20233.369140625,20311.743103766756,19963.06058445626,20074.977901114133,11054
2023-03-29,20397.330078125,20502.079379012128,20231.302408769356,20238.001928179357,9818
2023-03-31,20673.54296875,20763.2554197434,20334.650817977563,20393.53742373223,9427
2023-04-03,20852.6875,20968.727727742007,20434.6692826106,20845.14436365532,9262
2023-04-05,21405.435546875,21454.15666428888,20822.796934718564,20940.71104231184,20433
2023-04-06,21438.1796875,21493.506992631526,21287.379201071853,21362.56899776578,9064
2023-04-10,21391.9921875,21680.89869762584,21311.79009331609,21376.3916934457,18990
2023-04-11,21342.51953125,21510.37351758,21199.86971994015,21392.366080540192,15509
2023-04-12,21215.51953125,21510.375280699227,21109.362970387385,21409.185258471003,15983
2023-04-13,21075.349609375,21311.600551689222,21015.6669714974,21268.642008604147,9727
2023-04-17,21116.998046875,21437.292188514042,21041.9949005649,21191.250905526213,13701
2023-04-18,21109.736328125,21271.40501586662,21001.612558639303,21116.997648550136,13222
2023-04-19,21300.263671875,21474.722019260367,21128.100106703965,21249.85532189412,22685
2023-04-20,21154.1015625,21384.776597791188,21126.74351136633,21300.451581320325,6245
2023-04-21,21020.072265625,21216.12794164253,20830.20188852603,21174.949954581723,8120
2023-04-24,21124.634765625,21165.530933436465,20869.50401907325,21025.036822663365,4653
2023-04-25,20895.59765625,21231.16473225534,20856.4344697744,21165.578609957993,10076
2023-04-26,20903.888671875,20999.222782720608,20795.671573077285,20903.18596344125,34799
2023-04-27,20750.83984375,20940.336891135838,20714.90838394796,20903.234250571215,9489
2023-04-28,20891.2890625,20974.395320828906,20609.082066376915,20822.657867001537,13254
2023-05-02,20968.677734375,21163.70310485254,20892.785227225493,20912.554390871715,7540
2023-05-03,21144.26171875,21221.70055115235,20896.86078040836,20968.818853233115,10969
2023-05-04,21161.31640625,21352.969171765217,21061.626956672928,21174.949683277486,8892
2023-05-05,21222.544921875,21268.641862999808,21008.218850237943,21198.323440623393,3879
2023-05-08,21054.26953125,21315.49042724307,20974.67681656572,21222.54625152194,10519
2023-05-09,20546.5390625,21268.64150258439,20271.73249118572,21203.055383413423,26497
2023-05-10,20042.181640625,20644.63700946806,19938.180791571223,20644.63700946806,27318
2023-05-11,19897.33203125,20232.3354979264,19822.094642732623,20050.615812307085,18688
2023-05-12,19890.771484375,20174.290546175598,19802.32355068834,19925.063289753405,15506
2023-05-15,19889.4609375,20153.67932756854,19844.48759450961,19955.984007339954,10716
2023-05-16,19857.79296875,20000.72461717027,19743.3923849153,19956.874872471446,8737
2023-05-17,19877.748046875,19994.350069685817,19746.10733133278,19865.099294847812,10602
2023-05-18,19648.244140625,20007.46723312811,19612.124194624867,19985.02814214353,7346
2023-05-19,19580.69140625,19761.662642643536,19305.793292824,19757.82153533372,17558
2023-05-22,20025.412109375,20180.430705710118,19442.539186004018,19442.539186004018,25214
2023-05-23,20151.8984375,20227.51096714922,20064.855915348806,20087.108350319028,8569
2023-05-24,20116.201171875,20257.773139233137,20078.723386738762,20151.89839622327,16138
2023-05-25,20463.712890625,20550.70782738467,20066.025672516185,20219.26368792209,7369
2023-05-26,20520.447265625,20558.113541460803,20312.961588764727,20556.567216674266,6057
2023-05-29,20513.279296875,20601.53874999933,20375.735091697083,20584.67374647468,6045
2023-05-30,20663.935546875,20692.232368405137,20499.73602529083,20565.93151938703,6888
2023-05-31,20367.20703125,20725.16559388212,20328.135346047588,20636.203442018974,6644
2023-06-01,20240.486328125,20509.435173572674,20191.15582967476,20479.452946818634,10678
2023-06-02,20544.619140625,20608.986504725708,20147.120381299952,20239.877899681047,10784
2023-06-05,20455.515625,20612.733832512968,20350.857814123017,20565.934181250217,3841
2023-06-06,20446.98828125,20519.085431634878,20229.617147910307,20425.390977609146,6250
2023-06-07,20487.044921875,20603.365135412485,20425.627468493447,20519.087696701023,7574
2023-06-08,20280.400390625,20556.564815389636,20238.003646874025,20556.564815389636,4828
2023-06-09,20417.1015625,20490.979281386535,20097.555860968474,20331.698692550883,11353
2023-06-12,20575.677734375,20612.780373052523,20313.051441543124,20417.09986718686,7816
2023-06-13,20758.6640625,20845.09720734722,20556.613410635353,20612.782510989782,10928
2023-06-14,20649.041015625,20931.95254642253,20537.405526231327,20924.784553963756,7374
2023-06-15,21018.056640625,21076.568097019313,20679.6787432579,20762.691666145718,12198
2023-06-16,21279.41796875,21315.490337012634,21006.29860904718,21018.057996144158,16868
2023-06-19,21637.330078125,21830.809137649663,21274.545861696744,21279.88571391842,20737
2023-06-20,21546.822265625,21727.604999475177,21280.916648408336,21637.330750628502,12863
2023-06-21,21248.873046875,21634.05060216954,21175.884697255682,21634.05060216954,8024
2023-06-22,21132.64453125,21327.622336386237,21028.784588403112,21186.19128109834,10211
2023-06-23,21230.509765625,21287.333992331904,21053.192997913033,21240.53434097926,8049
2023-06-26,21400.892578125,21487.839939274294,21173.824419652836,21174.948021188116,9642
2023-06-27,21275.951171875,21565.84036512263,21204.977618918685,21367.95839896704,18854
2023-06-28,21739.271484375,22016.325284113627,21278.0129033203,21278.0129033203,17998
2023-06-30,21942.4453125,21976.034408605738,21690.266321007155,21690.266321007155,9015
2023-07-03,21783.681640625,22063.96900308637,21706.713100389796,22018.199622206135,5169
2023-07-04,21745.732421875,21887.024390079703,21690.266037257923,21765.174021022867,3896
2023-07-05,21836.431640625,21924.504436223506,21691.20522235087,21691.20522235087,6095
2023-07-06,22323.408203125,22364.82042319847,21737.115109178096,21837.32060395419,14956
2023-07-07,22017.63671875,22313.336074150164,21972.335812470836,22313.336074150164,6240
2023-07-10,21990.51171875,22125.66598383733,21815.58488545686,22018.199165007194,4870
2023-07-11,22199.212890625,22305.790328437208,21837.78654657173,22065.043169033044,11542
2023-07-12,22078.630859375,22346.128540647744,22019.696678487653,22169.04601258978,7679
2023-07-13,21917.5234375,22185.021112290637,21830.80848554052,22111.89185659898,7927
2023-07-14,21825.09375,21971.398012375113,21702.494917521537,21919.770901965643,4693
2023-07-17,21692.095703125,22036.89134617544,21623.79389976852,21877.658329423193,16350
2023-07-18,21873.580078125,21923.56570428127,21540.917180946028,21783.96096519251,8260
2023-07-19,21988.826171875,22082.707292731084,21737.115628569994,21869.41147963174,15305
2023-07-20,22172.888671875,22229.012022913157,21971.538898769337,22100.93242008422,7312
2023-07-21,22024.453125,22346.594770034026,21992.296293949916,22229.79409410056,7258
2023-07-24,22012.482421875,22180.345115803615,21857.823120562676,22058.74624867301,10909
2023-07-25,21836.876953125,22088.29248219721,21740.26173984747,22087.29424930859,8996
2023-07-26,21797.974609375,21887.559520776605,21726.29851626693,21836.877861878158,9666
2023-07-27,22520.345703125,22622.944739903487,21764.247430442178,21797.9721138277,24755
2023-07-28,22856.73828125,22935.58754481641,22440.690409226823,22609.788829887322,16562
2023-07-31,22864.955078125,23027.78392133228,22756.134712510135,22942.28472360456,7074
2023-08-01,22745.828125,22889.514291266874,22581.290394470376,22889.514291266874,6810
2023-08-02,22880.25,23023.0344051097,22555.828037988653,22798.836504568917,17029
2023-08-03,23327.794921875,23424.59754191721,22832.65838941768,22994.25152332276,34082
2023-08-04,22670.587890625,23424.357596056598,22609.788459473475,23417.23266271853,12946
2023-08-07,22766.30078125,23011.968125534626,22436.98597267046,22799.78796983069,9545
2023-08-08,22585.421875,23031.585592632946,22515.64576675249,22704.78863487574,7620
2023-08-09,22561.43359375,22894.78584673317,22476.789756585345,22695.28771279898,23572
2023-08-10,22693.150390625,23506.817785401417,22610.73866091472,23132.235544376323,57565
2023-08-11,22545.94921875,23035.383884744166,22515.738759993463,23035.383884744166,12075
2023-08-14,22455.701171875,22568.464377312426,22009.96421848312,22514.789878235617,18629
2023-08-16,22708.77734375,22780.976669999392,22229.792555733948,22467.33858118637,7441
2023-08-17,22475.6015625,22699.038723315185,22448.28931883024,22699.038723315185,5845
2023-08-18,22229.412109375,22539.632455544357,22184.28753062912,22486.290082420783,4753
2023-08-21,22264.041015625,22405.54145639672,22144.29388800541,22307.59773911922,5014
2023-08-22,22304.224609375,22404.44867688567,22162.05806100535,22264.041096525503,6529
2023-08-23,22069.33984375,22419.791962938958,21918.101989299263,22419.791962938958,7668
2023-08-24,22006.212890625,22271.592547609034,21992.295149170328,22077.74611103587,8568
2023-08-25,22059.744140625,22104.345482222143,21876.490479636494,21940.995248778047,8733
2023-08-28,22218.8203125,22284.844699036956,21959.045968370803,22134.69970738461,6122
2023-08-29,22243.99609375,22300.949180453063,22054.853213625443,22300.949180453063,11307
2023-08-30,22195.263671875,22310.544740180914,22088.24678535007,22310.544740180914,8440
2023-08-31,21953.869140625,22249.41102192629,21917.10336914917,22195.26152534538,6976
2023-09-01,21569.21875,22075.469447526582,21408.10060849211,21963.797236266215,18058
2023-09-04,21227.791015625,21849.749516591335,21203.851979392155,21753.468278863955,15081
2023-09-05,21653.38671875,21753.848287219076,21240.188792319503,21406.19975298117,25555
2023-09-06,21951.064453125,22001.794350048294,21616.287211181654,21755.082398243212,26456
2023-09-07,21877.39453125,22030.20023730886,21792.845318528365,21902.04605952027,12869
2023-09-08,21851.982421875,21996.095338798477,21659.846709588914,21878.248193111882,8725
2023-09-11,21835.640625,21978.567902954135,21708.341814314987,21897.295420071307,8108
2023-09-12,21752.185546875,22087.29493562955,21608.785120430523,21877.346884843566,18817
2023-09-13,21853.73828125,21897.295002387902,21427.04940472274,21846.945473749005,15208
2023-09-14,21764.8671875,22026.780864645403,21716.846247438083,21984.077648559276,16366
2023-09-15,22183.38671875,22463.443002878797,21755.747821745597,21764.86736590305,22279
2023-09-18,22142.7265625,22328.59270806842,21960.044371747706,22183.386927208918,18594
2023-09-20,22031.71875,22196.590448740604,21980.324602220215,22134.74454333623,4759
2023-09-21,21696.23046875,22029.013117819497,21659.79867846665,21945.746020669216,4203
2023-09-22,21415.88671875,21790.895702912734,21240.85085977094,21696.22871935428,9333
2023-09-25,21517.91796875,21598.951102667597,21220.951098678197,21465.002347057052,4373
2023-09-26,21575.060546875,21864.47387702934,21395.701468963092,21602.799547296898,11513
2023-09-27,21605.935546875,21662.981405020786,21260.517263061305,21575.060832952546,9786
2023-09-28,21251.91796875,21700.645876777897,20899.80340975851,21700.645876777897,17582
2023-09-29,22020.26953125,22082.54218740705,21091.464014164958,21346.299115983496,18207
2023-10-03,21965.5078125,22134.795506337785,21595.200491419335,22082.49774730633,13820
2023-10-04,21674.94921875,22039.794051687048,21579.998348194957,21944.794939395295,4764
2023-10-05,21718.6484375,21849.70082392718,21612.345917031846,21800.395914404035,3094
2023-10-06,21884.375,21961.893901440122,21688.248227245145,21753.845853840183,5532
2023-10-09,21814.220703125,21955.910403199956,21659.798894701682,21821.297395232352,9485
2023-10-10,21610.447265625,21840.24864410353,21564.799447960944,21840.24864410353,6996
2023-10-11,21308.5390625,21830.464573120058,21260.802007055205,21659.798291369912,20037
2023-10-12,21191.263671875,21448.85229202842,21156.303254805454,21448.85229202842,7647
2023-10-13,21269.587890625,21362.30664939058,21027.95802935016,21089.80207786661,5334
2023-10-16,21352.857421875,21612.299645651834,20994.805370061782,21191.785672884696,16710
2023-10-17,21301.318359375,21447.42587762624,21249.44921628384,21371.998068470744,4443
2023-10-18,21306.353515625,21469.800237043797,21198.626002336598,21300.70181039805,5601
2023-10-19,21523.095703125,21548.55620999546,21138.254631086776,21321.60293650225,6679
2023-10-20,21508.037109375,21590.44884154396,21215.250579457912,21517.394151101587,9241
2023-10-23,21580.046875,21617.048287545855,21283.649640734373,21470.749652683975,14792
2023-10-25,21385.58203125,21753.846456618106,21285.215099255678,21583.74980596742,15093
2023-10-26,21120.58203125,21356.7494423477,20948.253278466666,21355.799451268907,12651
2023-10-27,21536.962890625,21659.797484328526,21213.396287015177,21659.797484328526,6072
2023-10-30,21357.46484375,21746.1541176535,21279.803062484014,21422.349985447043,10699
2023-10-31,21292.76953125,21485.806990939454,21239.950394348292,21357.51179927653,5232
2023-11-01,21123.005859375,21391.853366036372,21044.253074117056,21299.704220643605,5098
2023-11-02,21262.796875,21504.23750058357,21051.804208423742,21231.257910514545,7027
2023-11-03,21656.142578125,21754.798794581286,21200.0521675001,21754.798794581286,10127
2023-11-06,22148.09375,22224.94840539908,21574.299093355923,21657.898314853737,13291
2023-11-07,22596.9140625,22657.28673642474,21998.041183815236,22001.84114804776,22283
2023-11-08,23052.201171875,23082.07950897206,22467.578060287684,22514.791881673253,18187
2023-11-09,22685.263671875,23232.08001992556,22609.93049277161,23049.63349148449,24641
2023-11-10,22520.158203125,22935.541835805696,22329.590348450292,22685.2655526555,13934
2023-11-13,21994.814453125,22749.391361176018,21944.797044614814,22687.35804816934,18257
2023-11-15,21779.734375,22217.062425240336,21721.595659408373,22134.461437791942,17952
2023-11-16,22128.66796875,22177.971027022202,21751.0928579905,21783.297930338485,23823
2023-11-17,22444.017578125,22513.84193282616,22087.295874855823,22134.79543587702,25702
2023-11-20,22776.798828125,22847.33567185415,22166.143767438032,22419.602151462903,17365
2023-11-21,22752.857421875,22964.325078504855,22620.428285896178,22804.537310970572,7418
2023-11-22,22708.826171875,22958.863102846146,22588.414792422176,22724.833151820443,5685
2023-11-23,22691.96484375,22799.788845163584,22586.372950570523,22796.03712209678,2820
2023-11-24,22843.34375,22890.036184941284,22635.106437325237,22691.96303513592,6351
2023-11-28,22512.65234375,22863.150829649163,22486.29008984239,22800.974652253048,4778
2023-11-29,22360.703125,22590.552748678696,22324.79271623753,22512.890969761575,5327
2023-11-30,22614.68359375,22657.290328371528,22259.529751454083,22410.292614099973,7069
2023-12-01,22495.31640625,22729.394606791946,22433.281239299937,22563.335404432164,6396
2023-12-04,22228.60546875,22723.788356749825,22182.293400088143,22723.788356749825,18405
2023-12-05,21954.72265625,22502.392564849582,21849.845115616587,22324.792458092295,32166
2023-12-06,21923.943359375,22152.842978083376,21735.79687544696,22122.63251821753,18107
2023-12-07,21919.525390625,22107.955757424443,21811.89065498386,21868.79549393194,22327
2023-12-08,21714.8984375,21992.29586263562,21592.017449202318,21982.747709076197,8428
2023-12-11,21894.01953125,21940.04586081465,21555.347682391788,21834.645083694213,13002
2023-12-12,21683.548828125,22007.401194637336,21622.274396606314,21894.02011763841,12943
2023-12-13,21641.60546875,21800.396860198587,21585.79348881551,21683.547949016593,8835
2023-12-14,21604.69921875,21760.64064061674,21376.749579366136,21726.298088682284,12923
2023-12-15,21559.859375,21698.795577348108,21479.299385235707,21604.698214021693,11975
2023-12-18,21641.083984375,21787.95224404213,21488.79966192007,21612.34675228954,20584
2023-12-19,21756.93359375,21899.669756024927,21614.43492924924,21641.747173278553,11982
2023-12-20,21028.197265625,21811.416737886102,20939.23022210767,21756.935115770953,24567
2023-12-21,21236.814453125,21313.051242168192,20899.805095952765,21036.509192193396,13841
2023-12-22,21473.599609375,21527.749104054456,21208.17171524192,21248.737449965633,12474
2023-12-26,21329.724609375,21536.29944346176,21126.901498162868,21469.75182099822,24132
2023-12-27,21441.392578125,21558.09860726386,21327.299024367745,21358.648728946995,11512
2023-12-28,21492.314453125,21580.331505962542,21374.80128778122,21488.800227982723,11577
2023-12-29,21708.486328125,21754.798398952466,21393.801744297358,21517.300599837265,19648
2024-01-01,21622.841796875,21758.501266515348,21583.797534221587,21709.19635792393,24341
2024-01-02,22160.681640625,22282.993004426153,21622.843765720925,21640.79897002165,55844
2024-01-03,22426.060546875,22467.290533574473,22058.98359810297,22277.292304960734,19924
2024-01-04,22391.103515625,22491.04184852207,21986.169763230806,22491.04184852207,34327
2024-01-05,22690.158203125,22799.78755269785,22310.731367511897,22391.102102996323,22754
2024-01-08,22474.986328125,22881.48793171472,22405.542342833665,22609.790449838507,20750
2024-01-09,23020.091796875,23075.14304393684,22523.389276241112,22551.555030551823,16783
2024-01-10,23378.5703125,23438.182258703535,22863.912593683013,23084.78554176783,33691
2024-01-11,24072.4453125,24118.852012359275,23241.62975150735,23378.333858721442,42601
2024-01-12,24461.2265625,24576.221873560695,23939.77606901751,24070.969470749904,37367
2024-01-15,24899.693359375,25062.33294814648,24414.771147003485,24414.771147003485,33616
2024-01-16,24515.9453125,24990.37123874353,24320.722141526843,24908.766632195377,51548
2024-01-17,24443.935546875,24832.71940919884,24268.615800544456,24319.77245080088,15925
2024-01-18,24450.396484375,24581.020263553302,24035.725359928972,24462.22313165458,14103
2024-01-19,24573.419921875,24690.174199811776,24405.31973796533,24449.872836444752,9675
2024-01-23,24207.103515625,24490.770486162663,23944.573847000338,23944.573847000338,15952
2024-01-24,24318.443359375,24431.77804704654,23977.77690017986,24224.774602004214,12433
2024-01-25,23807.4921875,24458.854030946866,23625.045633657333,24318.44458809636,27325
2024-01-29,24289.419921875,24518.55702580094,23769.10869951421,23807.488709836234,32932
2024-01-30,24232.9921875,24484.786229242785,24083.273952930405,24321.67349051092,13033
2024-01-31,24611.37109375,24937.21803982911,24246.147758903975,24267.37968881915,23752
2024-02-01,24592.419921875,25015.498092609076,24415.816203024202,24866.017362192535,9535
2024-02-02,26660.837890625,26865.939499529948,25089.26675849448,25089.26675849448,103081
2024-02-05,26665.77734375,26908.50008948213,26316.085962574165,26765.05142175003,30098
2024-02-06,26902.80078125,27031.619216824383,26487.465370968937,26665.826218692364,13959
2024-02-07,27290.77734375,27360.69632440011,26792.6962195381,26902.800569795727,15152
2024-02-08,26845.13671875,27405.202910128915,26718.550393002242,27290.777213763056,16917
2024-02-09,26679.265625,27026.15526331562,26619.36979647009,26979.74856688857,13645
2024-02-12,27053.658203125,27261.56339128886,26439.251438456882,26679.31345535112,31271
2024-02-13,27440.400390625,27544.044056458188,27015.325727203643,27103.67490624933,12964
2024-02-14,27898.912109375,27991.582628701028,27123.76575143574,27443.294889560766,12941
2024-02-15,27724.494140625,27929.740475654762,27559.10104855845,27898.914004283153,9518
2024-02-16,28061.408203125,28156.739443906037,27724.49347079736,27724.54171253543,7903
2024-02-19,28050.1015625,28148.047129593426,27807.284207631183,28061.40682771748,12349
2024-02-20,27731.240234375,28042.789093577885,27616.24306210607,28013.150111522576,7538
2024-02-21,27674.5234375,27880.43401272264,27549.69423326437,27782.49029935869,7813
2024-02-22,27412.755859375,27867.610516871595,27276.335643430233,27674.524812175496,13290
2024-02-23,27272.158203125,27539.437857032655,27128.898787513794,27412.756901186844,8697
2024-02-26,27035.41796875,27374.232685974825,26236.950401313945,27169.74708943632,48847
2024-02-27,27236.578125,27352.144918336595,27055.747682489102,27055.747682489102,6347
2024-02-28,27179.24609375,27588.692268737985,27041.402752564747,27217.958232104433,15458
2024-02-29,27012.236328125,27263.937584595828,26694.75004310253,27179.24550651827,15096
2024-03-01,26805.568359375,27216.153795374194,26757.450936168076,27140.29737255506,9277
2024-03-04,26225.45703125,26901.51863889356,26131.40790257892,26763.200291453482,14704
2024-03-05,26001.68359375,26362.20522220279,25906.305970083027,26362.20522220279,6108
2024-03-06,25955.18359375,26143.70859811259,25659.261346089617,25892.00918132812,9022
2024-03-07,26062.958984375,26379.543535426656,25947.72617103653,25955.183230481136,4563
2024-03-11,25867.83203125,26314.70637988565,25518.13880767514,26314.70637988565,18245
2024-03-12,25643.77734375,26029.759519980576,25582.5993933271,25649.763030637794,7102
2024-03-13,26031.609375,26150.78687860808,25487.312685186203,25649.76117261275,12992
2024-03-14,26892.443359375,27169.460399972668,25887.258122416515,26282.45442990001,31673
2024-03-15,26983.880859375,27154.072145675036,26668.008800724485,26892.444210818274,14070
2024-03-18,27173.689453125,27312.245289879193,26440.201664621698,27312.245289879193,19878
2024-03-19,26876.67578125,27359.746301892796,26792.981928409867,27359.746301892796,9557
2024-03-20,26304.115234375,26864.561761294935,26222.605252955807,26789.79820128344,11001
2024-03-21,26289.34375,26597.330152218758,26125.707767202985,26504.75425275311,9629
2024-03-22,25713.50390625,26584.21899704552,25478.809716672833,26419.49016809715,21967
2024-03-26,25365.76171875,25838.809065625195,25222.882679934057,25838.809065625195,14019
2024-03-27,25375.26171875,25570.342029307885,25104.751740180152,25554.761803437803,17617
2024-03-28,25764.51953125,25868.163189830215,25379.01239823273,25515.241493931153,33995
2024-04-01,26144.990234375,26199.661107720964,25744.758250463103,25911.006689349855,12958
2024-04-02,25918.51171875,26314.75262271147,25887.256641476084,26256.80316747734,8694
2024-04-03,25378.48828125,26010.04308884369,25350.93854012939,25946.67942644681,17085
2024-04-04,25275.84375,25533.671707424244,25106.602463267143,25459.667029129047,12556
2024-04-05,25304.8203125,25548.207309470316,25241.26553177193,25364.71614284137,8001
2024-04-08,25080.1484375,25490.401772508038,25038.538080112445,25444.375440333075,15077
2024-04-09,25099.2421875,25359.87189888885,24948.668584172327,25084.517324083095,29893
2024-04-10,25670.47265625,25876.715372316892,25099.717207648166,25099.717207648166,16752
2024-04-12,25122.18359375,25911.008366457623,25080.716109361972,25602.26124568407,12842
2024-04-15,24908.529296875,25174.716062545758,24801.94103698233,25122.182667664634,22533
2024-04-16,24837.28125,25160.040744915328,24754.06239591124,24927.76790751489,12154
2024-04-18,24761.70703125,25095.628899578685,24686.468479058898,24912.56635861004,9484
2024-04-19,24821.3671875,24975.551483512874,24419.758454396982,24690.268417143485,19821
2024-04-22,24999.966796875,25249.625210214523,24778.429605591857,24937.172753720213,12690
2024-04-23,24438.6171875,24937.26791783104,24380.621340527705,24937.26791783104,34185
2024-04-24,24179.697265625,24574.227465176897,24087.5481268246,24557.222253009015,16823
2024-04-25,24390.5,24457.760116872032,23939.7774325429,24272.226099589225,23811
2024-04-26,24600.01953125,24692.120426202284,24391.06973101315,24533.900521789008,7664
2024-04-29,24974.884765625,25181.364952795993,24517.74980669986,24737.719124831856,15391
2024-04-30,25123.513671875,25312.751162836812,24841.080566676203,25050.553610892548,14089
2024-05-02,25310.947265625,25427.46405554564,24942.01856005196,25174.71815861729,8210
2024-05-03,24839.0390625,25507.214989116306,24753.113102288396,25450.549499484212,15129
2024-05-06,24484.169921875,24984.767011508662,24338.915905307156,24813.816847844337,10562
2024-05-07,24447.974609375,24640.822817604112,24137.993602719012,24640.822817604112,8782
2024-05-08,24639.828125,24670.322472665597,24238.55145476631,24509.773953358712,6455
2024-05-09,24284.0546875,24794.532072290316,24178.368169696485,24761.51987908877,10283
2024-05-10,25051.7421875,25459.76339565044,24506.732994602815,24509.77222417095,50453
2024-05-13,25725.474609375,25762.761762022503,24748.931948651138,25241.264862270702,17401
2024-05-14,25439.2421875,25855.43291967837,25412.262069016822,25744.758955901158,8340
2024-05-15,25090.16796875,25519.185455559254,25020.39186110815,25519.185455559254,6434
2024-05-16,25215.1875,25330.468551119015,24870.815719605518,25269.763747567475,10430
2024-05-17,25166.642578125,25310.328741101966,24973.41586050592,25269.764860742947,5257
2024-05-21,25116.578125,25417.012821497803,25023.95398932084,25317.263752304858,7268
2024-05-22,24886.15625,25141.657471036342,24825.16756322147,25116.57733476663,8311
2024-05-23,24803.890625,24964.39275643247,24431.87443076305,24941.830464740633,11152
2024-05-24,24882.216796875,25029.60644153524,24699.77025173877,24853.19382464861,8677
2024-05-27,24931.7109375,25227.015319261995,24752.01973802942,25155.765982077108,10065
2024-05-28,24635.64453125,25007.23392609034,24547.864981342118,24934.130996693802,6200
2024-05-29,24860.3671875,25054.117144581425,24431.77829975335,24635.646033892914,14961
2024-05-30,24691.21875,24938.21643669924,24511.907929367375,24889.815132197768,13396
2024-05-31,24593.134765625,24736.060199936663,24463.223468613898,24699.81951990323,14492
2024-06-03,24644.337890625,24984.766842655074,24511.053392245776,24699.76950224456,16412
2024-06-04,24977.404296875,25041.766195956032,24308.896280630142,24652.269832513623,31555
2024-06-05,26099.25,26599.657843368095,24982.24965225281,25041.766969497847,31202
2024-06-06,25648.62109375,26302.023875385945,25537.661388316872,26124.755902786772,15980
2024-06-07,26119.818359375,26234.433311413184,25697.26153836755,25729.22911281335,21939
2024-06-10,26539.001953125,26628.15825463684,26124.80579697652,26176.817814291036,23001
2024-06-11,26580.37109375,26923.698254622595,26406.903086826303,26539.04648014864,21694
2024-06-12,26181.568359375,27027.249788067395,26101.00836299303,26696.701090397128,18728
2024-06-13,26235.619140625,26326.62903251472,26128.129129270153,26298.509666325346,5056
2024-06-14,26091.41015625,26388.8037479752,25954.18283267201,26314.752686116633,10397
2024-06-18,25837.908203125,26081.770195413388,25759.628559263972,25982.25861989478,8759
2024-06-19,25564.072265625,25910.960045278654,25507.26205339626,25910.960045278654,10863
2024-06-20,25559.84375,25602.261225495422,25435.537780409173,25564.024082106695,6370
2024-06-21,25508.0234375,26065.382510123578,25440.763321042712,25648.811385542653,17463
2024-06-24,25492.48828125,25535.712876893514,25270.713598090373,25412.262273933968,8029
2024-06-25,25512.58203125,25660.828892820406,25294.891187502373,25602.26156716182,26356
2024-06-26,26257.328125,26386.478677167357,25512.62970580864,25512.62970580864,27461
2024-06-27,26008.333984375,26472.452894268736,25858.853250788867,26334.655938339736,39732
2024-06-28,26242.650390625,26551.254647375725,26008.90617934522,26008.90617934522,11850
2024-07-01,26243.361328125,26392.795670679363,26152.828289357523,26392.747428943705,6103
2024-07-02,26233.91015625,26693.80048644764,26183.607013164663,26426.140488331814,19615
2024-07-03,26217.998046875,26447.135165000258,26105.186600310666,26314.754272269576,5417
2024-07-04,26506.984375,26721.302000735002,26171.591123114962,26409.75315488874,10482
2024-07-05,26432.03125,26597.04583058146,26320.503770272215,26587.30842102514,8337
2024-07-08,26525.3671875,26694.27635638445,26199.90059014967,26694.27635638445,6982
2024-07-09,26919.7578125,27027.155060031608,26467.324502695457,26467.324502695457,13849
2024-07-10,26677.69921875,27118.352234373175,26466.942201689963,27026.29772256383,6942
2024-07-11,26440.341796875,26789.70102714561,26395.45471698299,26761.43879165805,5166
2024-07-12,26098.822265625,26504.564987892732,25975.134154667183,26409.803366536675,40052
2024-07-15,27166.708984375,27312.246893466694,26234.95687686874,26504.754376616373,30368
2024-07-16,27159.392578125,27336.75704538812,26955.71409725468,27166.708623510218,12443
2024-07-18,27355.61328125,27477.544275383927,27169.747139952302,27302.697660437316,11877
2024-07-19,26409.728515625,27369.441458777663,26233.22415314742,27327.615949957275,16887
2024-07-22,26931.0,27032.14089368743,26135.502232478273,26405.678708061703,20873
2024-07-23,26722.599609375,27032.143400511624,26142.00971739884,26313.695525107654,8840
2024-07-24,26695.90234375,26878.8157729087,26554.140577536586,26791.213909251546,6345
2024-07-25,26996.001953125,27176.60208918315,26433.097742665133,26695.90144251308,7455
2024-07-26,27547.341796875,27899.14587255678,27090.060118585192,27323.472464968243,16474
2024-07-29,27054.35546875,27657.398688615413,26820.124344953267,27610.319817587915,11317
2024-07-30,27147.35546875,27273.071045101475,26922.47159092145,27127.5014801386,17382
2024-07-31,27355.080078125,27737.482017717677,27188.261791731482,27228.54573415754,14155
2024-08-01,27357.298828125,27580.302327852423,27257.3606897688,27369.441231939596,4779
2024-08-02,27203.392578125,27661.397044679834,26926.13318367611,27356.91276610643,7719
2024-08-05,26977.98046875,27498.626238223515,26791.21220058068,26935.818039477504,12017
2024-08-06,26800.609375,27514.961416971564,26693.87819301234,26983.955716969765,9090
2024-08-07,27115.83984375,27416.66314546503,26925.94138180365,27026.74535577045,16507
2024-08-08,26231.970703125,28430.489311939895,26120.56588773568,27273.07032059588,84434
2024-08-09,26240.837890625,26731.60859763459,26147.502689316072,26309.35748917399,26269
2024-08-12,26001.595703125,26336.291997926444,25798.58924433186,26164.800074098242,21053
2024-08-13,26318.849609375,26448.324037641534,25942.037933570933,26068.42923401534,17460
2024-08-14,26072.234375,26448.131265493674,25991.331446959786,26392.186990513186,8129
2024-08-16,26916.400390625,26998.219977355428,26126.733808008037,26216.600019534817,22838
2024-08-19,27078.9765625,27244.108352723135,26640.873157393646,26935.720297073953,12331
2024-08-20,26808.947265625,27224.88531400747,26655.476009474354,27224.88531400747,7954
2024-08-21,27490.291015625,27625.933580057535,26701.539215866997,26966.223289094512,16987
2024-08-22,28098.583984375,28860.543770526197,27467.642062854204,27490.28931021773,60209
2024-08-23,28011.12890625,28224.544216836,27610.36934923159,28098.5858353405,26875
2024-08-26,27960.341796875,28019.947051555893,27593.553115790553,27947.66859828447,11584
2024-08-27,28658.40625,28719.69800091417,27851.296868432117,27851.296868432117,27846
2024-08-28,28868.255859375,29051.602206918287,28554.80829281282,28655.998129827512,33538
2024-08-29,28895.673828125,29056.999722268705,28735.938436502052,28868.01602452739,16866
2024-08-30,29100.125,29413.4765742524,28816.93838744783,28911.38223608571,18487
2024-09-02,28891.14453125,29224.58914273846,28622.846525208995,29200.496323989293,12025
2024-09-03,28613.064453125,29278.46105042939,28575.04673805431,29057.04804621139,10509
2024-09-04,28656.431640625,28751.35734683635,28464.84667459704,28613.06456672134,5342
2024-09-05,28587.669921875,28911.38139871961,28541.94250652992,28852.59492320888,4071
2024-09-06,28810.9140625,28911.381111863728,28520.836538677635,28646.36011833831,8864
2024-09-09,28814.23828125,28911.381275235344,28525.99218638618,28810.914225303903,6438
2024-09-10,28716.806640625,29168.883885624084,28624.339161212458,29168.883885624084,19074
2024-09-11,28461.134765625,28980.671898190463,28384.615601907342,28716.806611866614,9495
2024-09-12,28613.255859375,28793.662117651515,28323.08235192886,28625.398262523195,13721
2024-09-13,28486.384765625,28729.432364762404,28436.271703349128,28613.257923779493,4204
2024-09-16,28084.37109375,28689.82360881522,28040.234180617776,28642.505690813126,6235
2024-09-17,27813.47265625,28323.51762747633,27769.190808436648,28084.371932915856,6373
2024-09-18,26774.87890625,27947.61938611322,26504.74948330121,27947.61938611322,34796
2024-09-19,26956.5859375,27151.641765549168,26581.654638765114,27032.14139006368,34887
2024-09-20,27184.3125,27222.524085923473,26752.66519484755,27176.698793036776,10431
2024-09-23,27304.53515625,27445.574134220285,27201.176968606644,27334.796111646676,8269
2024-09-24,27230.376953125,27485.038041288353,27104.51644740259,27369.44145256094,7831
2024-09-25,27578.134765625,27645.400786020975,27136.031542897686,27248.014211208905,14877
2024-09-26,28125.6640625,28235.81717223133,27578.13222155188,27754.92455579584,20455
2024-09-27,28209.462890625,28429.47738362496,28037.0053634656,28125.666937080485,8957
2024-09-30,28107.162109375,28416.41788418629,28026.355177777365,28381.338366257864,5980
2024-10-01,27963.234375,28195.007293759078,27836.12028551718,27995.855675472758,5340
2024-10-03,27241.31640625,28005.49165499529,27205.610097058398,27899.48325575064,9326
2024-10-04,27084.712890625,27549.559341454697,26955.14058696548,27234.521279013283,10751
2024-10-07,27017.4453125,27240.68974165775,26791.213750345552,27085.14613141949,8513
2024-10-08,27515.203125,27600.49170173701,26944.20333159122,27017.44549918458,13879
2024-10-09,27601.55078125,27893.700665604436,27509.228233024653,27893.700665604436,7937
2024-10-10,27362.1171875,27754.926112559417,27311.61826492826,27649.88142692508,6927
2024-10-11,27762.876953125,27893.65201626807,27312.19632337475,27362.117395148267,7136
2024-10-14,27785.861328125,28092.129985538733,27605.647048250987,27764.85352003599,12958
2024-10-15,27967.328125,28236.781816670587,27828.504559106583,27939.33151845529,9594
2024-10-16,27896.20703125,28291.57018578314,27729.6785978871,28121.909685991886,14556
2024-10-17,27342.166015625,27878.28012702469,27235.57977073784,27854.765161418614,12015
2024-10-18,28149.6171875,28236.78425493588,27263.434353997814,27319.2807563045,17456
2024-10-21,28115.93359375,28453.618917488628,27961.25769751776,28188.59791148323,7010
2024-10-22,27974.75,28312.049466095184,27894.714784610307,28159.686855146487,8645
2024-10-23,27422.58984375,28169.32225376324,27380.715397535478,27947.668332505436,9208
2024-10-24,27587.095703125,27792.848371185137,27321.25592273974,27608.346321743258,11040
2024-10-25,27474.58203125,27801.184649720184,27374.54977989366,27681.684271996764,6710
2024-10-28,27401.67578125,27704.763421687243,26983.95526945253,26983.95526945253,8829
2024-10-29,27439.841796875,27498.48334068003,26428.280342429633,27369.441828285817,9711
2024-10-30,27376.091796875,27639.23243105155,27199.877298903066,27369.441802521986,3118
2024-10-31,27927.140625,28155.252551734735,27234.184133485178,27376.137885649558,7230
2024-11-01,28232.4453125,28429.5245590193,28062.35002149434,28063.26479565587,1260
2024-11-04,28391.408203125,28602.99207292616,28066.445043391068,28092.224357338197,23566
2024-11-05,28264.921875,28727.503972752147,27986.93969853262,28391.4091673541,9203
2024-11-06,28087.45703125,28377.14870738743,27586.32640135773,28264.92322832318,10798
2024-11-07,27286.5625,28429.52580878717,27003.230954651408,28126.14828556096,31203
2024-11-08,27516.9375,27859.970280649464,27026.840656393302,27286.561227517694,15470
2024-11-11,27681.97265625,27762.585715458896,27327.085464798565,27562.182418224114,7021
2024-11-12,27560.111328125,28062.350586688422,27466.776127999132,27753.962517464195,5663
2024-11-13,26627.19140625,27555.92063447967,26550.286375571894,27470.632055741444,7236
2024-11-14,26358.697265625,26891.389444752058,26213.03360114101,26743.02663188757,7905
2024-11-18,26200.84375,26478.007153618164,26069.392957689717,26449.191766653115,4672
2024-11-19,26236.451171875,26508.700006554318,26127.21471501235,26345.687628737654,10942
2024-11-21,26130.78125,26306.466836556454,25935.533424043933,26276.591741420238,7808
2024-11-22,26712.669921875,26758.35027935948,26130.77945276226,26164.79926326844,6113
2024-11-25,26750.9296875,26963.428342387866,26637.01959682802,26886.621191458213,4573
2024-11-26,26505.712890625,26850.626038735667,26363.37327924993,26783.503073444528,5644
2024-11-27,26498.4375,26649.69334395844,26184.07515697837,26505.71428409068,8046
2024-11-28,26384.81640625,26659.233600060106,26259.292825938264,26602.374550245193,13006
2024-11-29,26717.39453125,26912.932225417775,26384.817636412452,26384.817636412452,11597
2024-12-02,27035.12890625,27170.77147147595,26791.21359347337,26791.21359347337,7460
2024-12-03,27409.001953125,27461.089495425615,26955.044331003177,27079.171280179493,13979
2024-12-04,27803.111328125,27899.4825978932,27328.000968167788,27535.199198169412,5870
2024-12-05,27986.216796875,28092.32118865255,27470.679441115484,27667.227893301806,12269
2024-12-06,27981.638671875,28236.20375347421,27947.66779980799,28077.76901197951,5016
2024-12-09,28054.931640625,28236.78348305728,27839.782769888054,27981.64053332556,3243
2024-12-10,27942.126953125,28189.560188860185,27893.749328483555,28054.93027756519,4616
2024-12-11,27824.603515625,28233.554631863633,27759.022112135346,28140.362482498607,3263
2024-12-12,27705.1015625,27900.686294978033,27536.884763909282,27817.566077614643,3076
2024-12-13,27609.166015625,27862.81446191503,27312.824341038682,27470.632305960666,7850
2024-12-16,27226.087890625,27745.288097733508,27167.15648370664,27745.288097733508,5693
2024-12-17,26979.5703125,27339.084092908513,26935.77032260405,27224.884136442375,11470
2024-12-18,27089.580078125,27456.176791944756,26881.5630533629,26887.58625816984,5681
2024-12-19,27999.564453125,28182.765864874982,26926.18235418834,27068.7628983116,20491
2024-12-20,27615.525390625,28158.33658952172,27466.776706179222,27877.318331975945,14576
2024-12-23,27522.81640625,27816.893718165567,27332.916062546774,27565.074832421884,7166
2024-12-24,27478.630859375,27608.34621601529,27076.47278538456,27543.873458110626,5768
2024-12-26,27559.29296875,27808.74963272217,27177.903655452003,27481.232237538028,13901
2024-12-27,28201.607421875,28582.61087252121,27552.546899427827,27648.918172248494,31508
2024-12-30,28721.771484375,28945.25684341029,28090.29871663535,28092.226142099644,25920
2024-12-31,28661.779296875,28997.970094484604,28580.682497041787,28721.770412211758,10979
2025-01-01,28930.705078125,28988.47890335795,28535.58285903003,28747.7427106283,5346
2025-01-02,28870.181640625,29090.679854386424,28689.72644155943,28930.654611206384,6136
2025-01-03,28420.080078125,29029.291450001994,28286.991728057164,28958.60349850076,6842
2025-01-06,28863.7734375,28901.695156085516,28248.154889370195,28323.708459828456,12181
2025-01-07,28872.49609375,29555.141620751503,28819.87775582396,28911.381525451452,19691
2025-01-08,28533.84765625,29104.124668588993,28392.42281204088,28912.394772389707,9626
2025-01-09,28674.162109375,28843.920474182338,28381.289449860786,28429.524022331407,7682
2025-01-10,27728.71484375,28739.792565150034,27678.022047522507,28668.526760502573,7476
2025-01-13,27519.587890625,27616.392078506517,27217.270087074747,27574.71150420264,8154
2025-01-14,27210.958984375,27658.65059153653,27148.5096482735,27519.587977740797,10667
2025-01-15,26738.8828125,27431.167339064872,26694.841894837584,27340.529406373367,11977
2025-01-16,26307.525390625,26935.770078860944,26118.974623622697,26738.882820518127,12359
2025-01-17,26916.20703125,27084.08692034405,26307.52643953846,26444.277654149235,15194
2025-01-20,26677.58984375,27092.854005313537,26426.060839538895,26916.20472186936,8618
2025-01-21,26628.732421875,27118.97233689236,26591.870409789564,26743.02837570792,9128
2025-01-22,26766.58984375,26839.399092213098,26428.906414473506,26665.93080364583,6685
2025-01-23,26839.20703125,26901.027695904548,26527.73395347718,26791.2133853067,4584
2025-01-24,26292.34765625,26945.26303165404,26234.187969370938,26898.18604118405,5536
2025-01-27,25555.87890625,26364.77080335528,25512.36690038287,26069.48884875831,9110
2025-01-28,24765.537109375,25662.800660600973,24545.953671916777,25555.82855432954,20087
2025-01-29,24576.455078125,24938.95596803755,24406.02287234527,24434.934251858416,27004
2025-01-30,25181.236328125,25249.274071883676,24627.342424582435,24723.71369966596,7557
2025-01-31,25223.54296875,25387.035326424964,24996.298755739426,24996.298755739426,6906
2025-02-01,24952.546875,25369.689568358262,24808.8576783685,25297.411111073656,19350
2025-02-03,25034.943359375,25106.595024174047,24825.28878497613,24952.545921220088,8122
2025-02-04,25175.357421875,25344.58500020347,25010.321617456648,25056.43489497085,9729
2025-02-05,26793.236328125,26902.039867787636,25081.63552635691,25345.64386612269,48840
2025-02-06,28025.82421875,28371.65213476418,26913.554861533867,26982.799122841592,93624
2025-02-07,28718.25390625,28778.293963094668,27928.346379273687,27928.39531781146,32928
2025-02-10,28606.26953125,28766.82368835012,28049.821449685714,28049.821449685714,11735
2025-02-11,28071.892578125,28622.2685508117,27966.02910944712,28606.2712956814,8385
2025-02-12,27735.65234375,28237.697737078637,27225.848310051468,27938.03201686284,12096
2025-02-13,27329.9765625,28274.07617439768,27246.421544613022,27465.860049046747,8028
2025-02-14,26829.521484375,27612.97099560118,26580.015882040694,27466.584537664265,15905
2025-02-17,27532.791015625,27610.320952348222,26550.189886290056,26908.642085602914,13719
2025-02-18,28261.357421875,28414.201883095328,27273.070025713543,27273.070025713543,24856
2025-02-19,28642.650390625,28741.718927873782,27609.597421668546,27620.00627183832,21240
2025-02-20,28361.728515625,28725.04821220545,28269.500078680652,28429.525329239532,5736
2025-02-21,27891.724609375,28503.490197055962,27682.64788762905,28361.728432365417,18419
2025-02-24,28731.6484375,28766.823950873768,27502.914751156146,27706.73998618495,35520
2025-02-25,29099.787109375,29461.80616502041,28429.573858691747,28429.573858691747,43438
2025-02-27,28876.447265625,29339.270303439574,28333.154214988946,28911.381852029535,33985
2025-02-28,29292.67578125,29537.795742387843,28058.49667339713,28525.897356433285,17580
2025-03-03,30051.984375,30421.519262521844,28647.56508307853,29499.438184269467,30976
2025-03-04,30395.40234375,30597.878004108017,29463.202302869187,30213.35663958395,25847
2025-03-05,30306.93359375,30741.423096830273,29734.82516144231,30395.403174289255,20717
2025-03-06,29858.85546875,30427.541955642093,29546.75748781436,30356.95000048224,15991
2025-03-07,29651.802734375,30451.202432883954,29519.14730246992,29865.457090768516,12123
2025-03-10,29518.134765625,29971.416667235,29031.845703339837,29651.802849301264,11926
2025-03-11,29389.86328125,29975.126735467165,29291.37259981072,29508.977790165685,9378
2025-03-12,28714.638671875,29566.656693376935,28483.059639447834,29412.511599933794,11266
2025-03-13,28523.005859375,29020.089641713206,28484.024432087997,28718.63954486519,5268
2025-03-17,29081.234375,29195.67525423553,28493.659514680272,28622.170222407345,5725
2025-03-18,29081.234375,29081.234375,29081.234375,29081.234375,0
2025-03-19,29247.62109375,29433.08685222364,28633.928086013966,28911.38135217394,12242
2025-03-20,29084.22265625,29624.383627570736,28959.5667942697,29247.620898334193,7787
2025-03-21,29192.880859375,29392.27339178977,28956.242337217434,29190.857439172174,7752
2025-03-24,29944.771484375,30052.176514053226,29152.309762299596,29200.544336806874,9503
2025-03-25,29973.248046875,30231.667988872498,29605.254721650083,29947.372736825404,7172
2025-03-26,29481.41796875,30116.022801217252,29393.23825398804,29971.465891771408,8589
2025-03-27,29459.87890625,29691.988737113377,29104.50984273781,29200.64018602009,10564
2025-03-28,29605.78515625,29682.3513779266,29316.236544058323,29460.697455299225,5774
2025-04-01,29217.841796875,29978.741916182396,29143.586980037213,29605.785099262062,6596
2025-04-02,28468.94140625,29217.842182921573,28334.11762055799,29205.505907231207,8629
2025-04-03,28823.974609375,29294.940279080725,28660.817287316953,28718.640052523377,10987
2025-04-04,28022.26171875,28998.647675718188,27783.02002663771,28823.97473837538,9166
2025-04-07,27914.611328125,28333.201432074664,26502.147359362854,26503.062133498686,14086
2025-04-08,28332.140625,28482.38381083002,27851.392922815976,28428.464838363037,6460
2025-04-09,28051.798828125,28525.94548697059,27924.106892561907,27956.920181368976,5194
2025-04-11,28565.50390625,28670.452594887945,28248.250440856857,28428.560709129393,5580
2025-04-15,29826.908203125,30063.0178157184,28506.621798010903,28569.26312380099,11843
2025-04-16,29595.6171875,30250.941827275317,29330.596193473215,29826.908236832463,9589
2025-04-17,29576.34375,29851.00187866569,29470.335349462366,29638.98507759042,4806
2025-04-21,29793.177734375,30087.110104065585,29489.608237809316,29875.093312813362,7917
2025-04-22,29889.548828125,30010.012913358456,29528.156572424632,29793.177559938234,4188
2025-04-23,29364.328125,30260.581001805054,29267.95684792419,30019.652809115523,7426
2025-04-24,28969.203125,29566.70498586161,28921.017491059545,29566.70498586161,6809
2025-04-25,28627.0859375,29195.676434154604,28362.064943296584,28969.203948198956,5704
2025-04-28,28699.36328125,28858.3758716263,28381.338100497396,28381.338100497396,4970
2025-04-29,29007.751953125,29051.119024151267,28492.165664257165,28728.275273177947,5450
2025-04-30,28896.92578125,29007.75274355928,28622.267657266133,28911.381471985995,3754
2025-05-02,29398.056640625,29479.972222151082,28675.27209774781,28901.74458784933,4955
2025-05-05,29610.072265625,29860.637563885783,29349.869840508036,29610.072265625,8416
2025-05-06,29065.576171875,29581.16248659493,28925.837824894832,29581.16248659493,10889
2025-05-07,29243.86328125,29475.15434032069,28554.80866776858,29012.572222179315,10766
2025-05-08,28916.19921875,29417.329816775327,28771.642315473462,28959.56628973296,12370
2025-05-09,29070.39453125,29200.495749937843,28482.52976532716,28718.63938442732,3367
2025-05-12,28974.0234375,29484.79118810286,28921.01923696574,29200.49593069183,5054
2025-05-13,29287.228515625,29393.236911041873,28911.380568237906,28911.380568237906,6003
2025-05-14,29224.587890625,29532.975957401588,29152.30943747424,29287.229216688997,4970
2025-05-15,29229.408203125,29446.24357555174,29128.218362659183,29388.42080957128,6204
2025-05-16,29451.060546875,30356.95049825139,29359.507839023132,29875.09414113629,32062
2025-05-19,29571.525390625,29740.17511991812,29446.242734578682,29682.35235558905,6073
2025-05-20,29725.71875,29836.545712433133,29499.246261549684,29687.170241327603,26271
2025-05-21,30294.30859375,30443.684061605294,29629.34683361997,29725.71810320403,22684
2025-05-22,30014.83203125,30279.853023659496,29634.16551488,30260.578769666077,7710
2025-05-23,29677.533203125,30111.203926989467,29634.166130738555,30067.83685460302,4657
2025-05-26,29123.3984375,29971.46563223858,28853.55887553772,29865.45723289626,8605
2025-05-27,29311.322265625,29393.237846508713,29108.942595206416,29345.05221069476,3586
2025-05-28,29027.02734375,29393.238180092132,28911.381816484063,29383.60105281997,4788
2025-05-29,29248.6796875,29345.05095500412,28959.565884987645,29027.02577224053,3531
2025-05-30,29349.87109375,29508.883693666885,29036.664457550072,29248.681257439253,3530
2025-06-02,29494.427734375,29720.900223104883,29017.389938965243,29349.870826675073,9476
2025-06-03,30005.1953125,30250.942054259674,29393.23773988277,29634.16591807853,11464
2025-06-04,30159.388671875,30472.595296523006,29918.460499068842,30255.759940997465,13335
2025-06-05,30544.875,30742.436109796497,30154.571344060576,30260.579744439183,25789
2025-06-06,30482.232421875,31031.548655844927,29826.90779187579,30694.249213933566,16700
2025-06-09,30655.701171875,30824.350895392075,30347.313106015208,30597.87840952629,4819
2025-06-10,30496.689453125,30935.17874688932,30405.136743437943,30838.80747353452,3041
2025-06-11,30487.052734375,30641.246773809173,30395.50002346096,30496.689861839637,2838
2025-06-12,30429.228515625,30694.24950823931,30260.578793052257,30491.869841152016,9056
2025-06-13,30371.40625,30477.414648778362,29971.465472790736,30260.57928764081,5791
2025-06-16,30525.6015625,30718.34411380229,30275.036245807027,30366.588957675613,3428
2025-06-17,30646.064453125,30689.43152546433,30188.30091176543,30525.600363293535,14707
2025-06-18,30419.591796875,30838.806827182005,30356.950470507287,30646.06428451212,3647
2025-06-19,29904.005859375,30920.72278433925,29682.351932605543,30737.617366573177,8828
2025-06-20,30472.59765625,30593.06175198154,29499.24776273917,29971.4670180068,9994
2025-06-23,29923.28125,30313.58491847826,29759.450080515297,30130.479493760064,6678
2025-06-24,30390.681640625,30646.06551995798,29971.466593418027,30231.669036512012,9207
2025-06-25,30530.41796875,30641.244927916865,30226.848471901634,30414.7724461411,5191
2025-06-26,31855.5234375,32048.265978341024,30458.140016402587,30530.41846921797,30735
2025-06-27,33672.125,35657.373354321695,31759.155105180307,31860.344948483114,53061
2025-06-30,34375.6328125,34491.27833920311,32901.15234703533,33676.941088668704,25043
2025-07-01,33407.09765625,34500.9114696019,33204.71800796463,34380.447393241564,15146
2025-07-02,34173.25390625,34298.5365629847,33064.98425051995,33580.57056862045,13570
2025-07-03,34134.703125,34650.28940879094,33826.31506740542,34178.07019559924,13655
2025-07-04,33474.5625,34380.45248848424,33402.284043472006,34134.70573628905,9978
2025-07-07,33233.6328125,33739.581985374076,33055.34596110628,33628.7550236969,6130
2025-07-08,32920.42578125,33715.488757524334,32554.21495581455,33436.01207495517,7819
2025-07-09,33142.078125,33344.45778205874,32766.230190462345,33007.15835362751,10341
2025-07-10,33301.08984375,33580.56650572909,32886.69341391893,33248.085649236724,4398
2025-07-11,33170.9921875,33474.56169764127,33064.983787133206,33291.4562788259,3025
2025-07-14,33050.52734375,33248.08844902682,32949.337509339915,33084.25728855336,2513
2025-07-15,33031.25390625,33339.641980648244,32862.604178063455,33093.895233862146,4705
2025-07-16,33036.0703125,33281.81704323768,32771.04932837113,33045.7074391956,3902
2025-07-17,32925.24609375,33190.26709991951,32848.14907377341,33055.34731496048,4667
2025-07-18,32886.6953125,33142.079173534796,32679.49708562271,33007.159397893774,4287
2025-07-21,32848.14453125,33103.52837460576,32708.406201866655,33007.15711296208,2808
2025-07-22,32891.515625,33074.6210445356,32824.05573359215,33007.161153127745,4044
2025-07-23,33474.5625,33681.76074204693,32799.96357240536,32910.79053908162,7134
2025-07-24,33325.1875,34009.42356492192,33170.9934572007,33633.57558559861,6926
2025-07-25,33007.6171875,33505.95599050844,32777.99048415297,33393.58547610457,5504
2025-07-28,32142.8515625,33095.55806116051,31820.39705526106,33012.50159717472,6363
2025-07-29,33916.3515625,33955.43695755906,32113.53771540082,32206.36552866609,14011
2025-07-30,34390.26171875,34502.63222869903,33432.66954701041,33808.86647162239,8866
2025-07-31,33618.32421875,34297.432933530734,33530.382083022996,33808.86551282517,6195
2025-08-01,32826.84765625,34018.95225933454,32445.765037231173,33760.011505385846,7114
2025-08-04,33217.69921875,33437.55455995367,32475.076732906495,32826.84527883236,5526
2025-08-05,32494.62109375,33320.300084103896,32440.87867425951,33080.902033646256,7996
2025-08-06,31859.482421875,32734.018130127664,31673.82679665935,32558.133853607575,8725
2025-08-07,31971.853515625,32147.737795356432,31512.60011854848,31512.60011854848,4237
2025-08-08,32093.99609375,32235.68065558875,31854.598040987974,31971.854230095905,3019
2025-08-11,32225.908203125,32313.85034194493,31898.568019739712,32118.42336678953,3041
2025-08-12,31815.51171875,33027.15897093827,31180.37404623196,32509.277484115864,12077
2025-08-13,32186.822265625,33281.213308050625,31580.998652853672,31996.280968059822,18236
2025-08-14,32504.392578125,32714.476582462798,31869.25489059212,32455.535832930163,6346
2025-08-18,31844.826171875,32729.133250290062,31786.198078278423,32729.133250290062,7265
2025-08-19,32308.96484375,32387.13563423843,31859.482798441517,32089.109495501285,4813
2025-08-20,31849.7109375,32426.220508082144,31664.05531307524,32426.220508082144,9480
2025-08-21,31888.796875,32147.73761873755,31781.312037976862,32142.85194432741,3647
2025-08-22,31146.173828125,32025.59520680147,31024.031969975487,31996.28116084559,6997
2025-08-25,30799.291015625,31410.000307654365,30750.43427226265,31410.000307654365,6091
2025-08-26,31155.9453125,31317.1725659597,30462.17955518857,30892.11889774777,10802
2025-08-28,30755.3203125,31292.744495879666,30638.064127035344,31268.31612390786,8264
2025-08-29,30760.20703125,31214.57476535201,30598.979770762187,30936.09131541852,4571
2025-09-01,31395.34375,31576.113703120136,30779.748774509804,30926.319006769372,6106
2025-09-02,31751.998046875,31952.310698040084,31292.74465152091,31561.45674454724,6945
2025-09-03,31830.16796875,32025.594940162126,31419.771328784536,31751.99718018515,5036
2025-09-04,31439.314453125,32006.052677921034,31268.31585081585,31820.397052556815,4023
2025-09-05,30437.751953125,31644.513547414223,30320.49576582564,31644.513547414223,19273
2025-09-08,30256.982421875,30921.43415921958,30193.46865286412,30696.693130411855,10998
2025-09-09,29929.640625,30457.29344698825,29841.69848800196,30291.180521547503,6471
2025-09-10,30540.3515625,30682.036124220125,29856.357126609742,30120.1835518817,20209
2025-09-11,30266.75390625,30774.864060608354,30169.04041502724,30667.37922026332,13521
2025-09-12,30271.638671875,30515.92239259704,30110.411416198454,30388.89485782158,6485
2025-09-15,30203.23828125,30682.034358824003,30105.524796030815,30193.46693272808,5878
2025-09-16,30222.78125,30564.77845134174,30007.811580585192,30564.77845134174,9676
2025-09-17,30261.8671875,30506.150907127867,30110.411281330726,30447.522814417178,12984
2025-09-18,30183.697265625,30638.064997205307,30134.840520293787,30384.009921482986,8509
2025-09-19,29670.701171875,30344.924251361044,29441.074470890624,30291.181831981725,12743
2025-09-22,29504.587890625,29968.726961598568,29460.616820743293,29714.671891170932,14233
2025-09-23,29533.90234375,29743.98634718776,29411.76048128619,29646.27285721671,5182
2025-09-24,29504.587890625,29768.41430991524,29401.988727567685,29685.357844583126,5501
2025-09-25,29504.587890625,29807.499705365644,29338.47495996078,29504.587890625,10296
2025-09-26,29059.9921875,29587.645038248153,28483.482591312208,29504.588571000757,19046
2025-09-29,28986.70703125,29314.047225265465,28845.022469661217,29059.992149313162,7034
2025-09-30,28620.28125,29143.048422029704,28395.540222772277,29020.906559405943,9712
2025-10-01,29206.5625,29392.2181331549,28727.766393442624,28825.47988457678,6603
2025-10-03,29279.84765625,29704.90134323377,29147.93444304814,29392.218171199733,11200
2025-10-06,29333.58984375,29861.24269237175,29216.33365516739,29436.189008759786,5596
2025-10-07,29143.048828125,29499.703071956203,29059.992360383487,29358.018509338326,3935
2025-10-08,29240.76171875,29563.216233944237,29055.106088789682,29191.9049740236,4745
2025-10-09,29011.134765625,29401.98872002884,28932.96397474423,29240.761463837254,4723
2025-10-10,29441.07421875,29592.5301266128,28898.76435511222,29055.105937422213,5450
2025-10-13,29309.16015625,29441.0733624875,29206.560995843058,29441.0733624875,4735
2025-10-14,29406.875,29558.33091045024,29123.50587722213,29455.73174530653,5863
2025-10-15,29147.93359375,29504.58782645931,29020.906058812438,29406.8743380458,5191
2025-10-16,29152.818359375,29265.188867547553,28991.591108518725,29167.475382180113,7864
2025-10-17,29123.505859375,29309.16149142604,28986.70697260055,29309.16149142604,2856
2025-10-20,29245.646484375,29558.329640906908,28923.19197920147,29284.73187894149,4662
2025-10-21,29563.216796875,29636.501915360062,29191.905529884007,29304.27604489444,1347
2025-10-23,29426.41796875,29626.730626348995,29187.019914546323,29607.187928046653,5189
2025-10-24,29245.646484375,29538.786943623665,29123.504626354723,29538.786943623665,3338
2025-10-27,29089.3046875,29250.531938875127,28976.93417896582,29250.531938875127,8027
2025-10-28,29089.3046875,29314.045704568358,29020.905247522674,29094.190361784094,4208
2025-10-29,29025.791015625,29221.217987620457,28932.96320392716,29108.84747872307,3975
2025-10-30,28923.193359375,29187.01978528822,28849.908241065772,29187.01978528822,5536
2025-10-31,28332.025390625,29045.333841570206,28239.197578515694,28942.734680817815,11671
2025-11-03,28371.111328125,28522.567234991177,28126.827607373107,28336.911607219736,9064
2025-11-04,28688.6796875,28932.963404185117,28415.08192481267,28478.5956911508,7561
2025-11-06,28781.5078125,29792.842410562724,28590.966511415718,28727.76539424546,55284
2025-11-07,28126.828125,28986.706837871287,28063.314356435643,28849.907951732675,9721
2025-11-10,28830.365234375,28879.221979391736,28068.200012113943,28327.140760702638,7726
2025-11-11,28874.3359375,29045.334542882825,28639.823564403552,28776.62244870981,4816
2025-11-12,28893.87890625,29006.249419412623,28542.11034330614,29006.249419412623,4843
2025-11-13,28893.87890625,28976.935372500637,28615.39546058611,28918.307278676657,4429
2025-11-14,28669.13671875,28962.277175996933,27946.056924207565,28923.19178169734,9495
2025-11-17,28884.107421875,28972.049562198707,28512.796162730465,28669.13774552816,8689
2025-11-18,28986.70703125,29079.53484746334,28796.165724285773,29020.90675301281,5517
2025-11-19,28854.79296875,29216.33287387826,28771.73650405837,29216.33287387826,10018
2025-11-20,28908.53515625,29113.733479143782,28669.137112873923,29113.733479143782,5192
2025-11-21,28898.763671875,29059.99092482037,28546.995119994186,28908.535020538355,4817
2025-11-24,28996.478515625,29113.734705073188,28708.22371656487,28918.307722659538,5493
2025-11-25,29514.359375,29954.070075835953,28698.451741226618,28972.049510635657,7914
2025-11-26,29338.474609375,29558.32995615633,29265.189493781225,29558.32995615633,3918
2025-11-27,28766.8515625,29607.187579611073,28717.994817319126,29607.187579611073,8428
2025-11-28,29387.33203125,29612.0730575904,28581.19574111596,28766.851371571072,7939
2025-12-01,29128.390625,29509.473226266353,28942.73499874203,29509.473226266353,8983
2025-12-02,28571.423828125,29314.046335285566,28463.938991562285,29138.162057273854,8701
2025-12-03,28229.427734375,29040.449714974904,28161.02829022802,28630.053050093025,11743
2025-12-04,28190.341796875,28522.56766207214,28112.17100506391,28229.427192780546,6556
2025-12-05,28283.169921875,28473.71122900112,28004.686472998357,28190.342105582786,8644
2025-12-08,28068.19921875,28219.655124020886,27760.401733844647,28190.341077839425,12314
2025-12-09,27433.0625,28043.771816562778,27379.320080142475,28043.771816562778,12732
2025-12-10,27345.119140625,27599.174205001003,27135.035145083304,27437.946952608538,11892
2025-12-11,27560.08984375,27604.06091423285,27174.12155840055,27174.12155840055,3130
2025-12-12,27369.548828125,27564.975810118038,27310.92073352709,27564.975810118038,5059
2025-12-15,27247.40625,27457.49025013448,27179.00680809575,27457.49025013448,4142
2025-12-16,27169.236328125,27369.54898582202,27135.036606079168,27369.54898582202,2415
2025-12-17,26998.236328125,27320.690833672637,26910.29419024837,27310.91948501968,2848
2025-12-18,27340.234375,27398.862468727664,26802.810182496425,27008.008510543244,3873
2025-12-19,27393.9765625,27555.203818887105,27232.749306112895,27354.891167012218,3745
2025-12-22,27369.548828125,27550.31878646856,27139.92212428318,27413.519899073435,4844
2025-12-23,27648.03125,27946.05738646404,27247.405951802437,27555.203437003005,6431
2025-12-24,27863.001953125,28146.371076968808,27310.92072908447,27555.204456536034,22010
2025-12-26,28244.083984375,28327.140449992432,27775.05923735891,27863.00137742443,3858
2025-12-29,28244.083984375,28312.483426648178,27643.14602726064,28288.055054407756,20873
2025-12-30,28024.228515625,28380.882748825945,27579.63214273067,28380.882748825945,21561
2025-12-31,28361.33984375,28581.19519137597,27946.057520456503,28161.027193690785,5558
2026-01-01,27833.6875,28327.140622257328,27755.516708355273,28200.11308583465,3948
2026-01-02,27481.91796875,27838.572193055556,27315.805042361113,27833.68651875,10295
2026-01-05,27511.232421875,27604.060235054832,27389.090562427857,27604.060235054832,3129
2026-01-06,27789.716796875,27863.00191501022,27457.49092799534,27511.233347961166,8996
2026-01-07,27833.6875,27946.05801298929,27496.575961032122,27946.05801298929,5385
2026-01-08,27692.001953125,27872.77190236029,27511.23200388971,27794.601113501787,2884
2026-01-09,27452.60546875,27745.745943589827,27149.693644748844,27555.20463494394,11568
2026-01-12,27731.087890625,27863.001099407044,27135.03561390614,27369.547985074216,5889
2026-01-13,27447.71875,27872.77242234781,27359.776610893554,27770.17326005696,3869
2026-01-14,27242.521484375,27701.77489533828,27213.207436866705,27462.376840687208,4218
2026-01-15,27242.521484375,27242.521484375,27242.521484375,27242.521484375,0
2026-01-16,27120.37890625,27486.80449046343,27017.77974267024,27242.520767654474,3983
2026-01-19,27115.4921875,27379.318597972975,26968.92195945946,27091.06381615991,3254
2026-01-20,26587.83984375,27115.49267416621,26519.440402770124,27115.49267416621,4656
2026-01-21,26944.494140625,27061.75032546181,26314.242147127155,26636.69665542838,3881
2026-01-22,27091.064453125,27242.520358994592,26910.294500958073,27164.34956886835,2237
2026-01-23,27144.806640625,27457.489798472372,26924.951295263567,27213.206081404114,3524
2026-01-27,27051.978515625,27276.719532731513,26607.382155696905,27276.719532731513,4631
2026-01-28,26978.693359375,27257.176793182385,26885.865548105874,27257.176793182385,3515
2026-01-29,26025.98828125,26944.495095005397,25972.245861296225,26944.495095005397,14774
2026-01-30,26934.72265625,27354.890649799338,25825.67458025349,26001.55885662298,17026
2026-02-02,26700.2109375,26866.32386922461,26324.01400388838,26841.895496912166,6255
2026-02-03,26265.384765625,27271.833661033994,26187.21397763207,27247.405289786202,10469
2026-02-04,26480.35546875,26656.239748616237,26201.872025628458,26382.641979935423,7911
2026-02-05,26592.7265625,26675.78302980893,26250.729344169118,26578.06953885725,3371
2026-02-06,26739.296875,26788.153620614838,26299.586164466473,26578.069614471042,4095
2026-02-09,26851.666015625,27066.635685327965,26680.667414724914,26822.351969756415,10042
2026-02-10,26670.896484375,27066.6361098072,26612.26839171838,27066.6361098072,10501
2026-02-11,26299.5859375,26866.32418174113,26206.75812163292,26866.32418174113,9404
2026-02-12,26050.416015625,26514.555085670832,25942.931178351228,26514.555085670832,14882
2026-02-13,25854.98828125,26074.843623777637,25698.64670434146,26069.957949499243,6553
2026-02-16,25688.876953125,26055.302546788822,25640.020207303158,25889.189610994556,4779
2026-02-17,26011.330078125,26089.500867240324,25610.70478390895,25864.759848533762,8453
2026-02-18,25854.98828125,26236.070874964567,25830.55990985804,26128.586040839946,7659
2026-02-19,25791.474609375,25938.044838259495,25732.846517821203,25923.387815371047,4981
2026-02-20,25693.76171875,26167.67213645655,25649.790649065886,25889.188695123834,7695
2026-02-23,25864.759765625,25908.730834361424,25640.01874763884,25811.017348280482,4509
2026-02-24,25762.162109375,25913.618021643277,25615.591871696022,25796.361831500093,1960
2026-02-25,25806.1328125,25894.074953852705,25503.220992285118,25879.417930293923,5546
2026-02-26,25752.390625,25933.160583855057,25664.4484828543,25933.160583855057,1908
2026-02-27,25923.388671875,25986.902439823432,25478.792296235984,25806.13248489328,7169
2026-03-02,26192.099609375,26284.92741996596,25405.506056472674,25429.93442768082,12530
2026-03-04,27188.77734375,27291.376503537736,25898.959334989893,26192.09979152628,25338
2026-03-05,26983.580078125,27838.573109751265,26890.75226326272,27266.949197178277,18832
2026-03-06,26700.2109375,26998.237079711802,26538.983680237878,26983.580056324336,6061
2026-03-09,26563.412109375,26675.78262225262,26123.701406810396,26382.64215387622,6395
2026-03-10,26196.986328125,26739.296190568468,26094.38716496002,26675.782422894907,9965
2026-03-11,26578.068359375,26700.210217644188,26040.644182990578,26382.641386144303,9145
2026-03-12,26074.84375,26382.64123102867,25923.387846636688,26382.64123102867,6590
2026-03-13,26343.556640625,26636.69710769427,25688.8762641703,25825.675148802624,7310
2026-03-16,26060.1875,26470.584153543306,25996.673732189727,26426.61308352081,9442
2026-03-17,25845.216796875,26275.15613111413,25688.875220788042,26275.15613111413,5175
2026-03-18,25771.931640625,26089.500466528436,25674.218155731636,25894.07349674171,8384
2026-03-19,25908.73046875,26475.46868002192,25405.506022534413,25708.417825110788,9265
2026-03-20,26104.158203125,26177.44331879913,25796.360717293657,25908.731227993987,5188
2026-03-23,24902.283203125,25962.47458140205,24838.769433919464,25962.47458140205,15029
2026-03-24,26187.21484375,26382.641820195895,24770.36926451726,25102.59512447528,14823
2026-03-25,25801.24609375,26480.35482448873,25688.875584347188,26245.842457039384,9078
2026-03-27,25537.419921875,25947.81656879245,25273.5935059995,25850.103081431153,9729
2026-03-30,25322.451171875,25600.93462099653,25131.909864581325,25459.25005916277,23537
2026-04-01,25884.302734375,25942.93082663859,25395.735298845084,25811.017619045513,6360
2026-04-02,25683.990234375,25942.93097670368,25395.73544574496,25874.53153533384,4065
2026-04-06,25302.908203125,25835.44672294362,25273.594156162508,25683.990813637407,8267
2026-04-07,25078.166015625,25464.13428276593,25014.652250146115,25405.506191554647,5275
2026-04-08,25258.9375,25635.13444148936,25205.195079787234,25498.33555367505,9402
2026-04-09,25190.537109375,25503.220269770656,25131.909016800815,25503.220269770656,10072
2026-04-10,25190.537109375,25376.19273585992,25034.195529177174,25371.30706147874,9771
2026-04-13,25136.794921875,25302.907852359695,24731.283944515308,24975.56766581633,6904
2026-04-15,25381.078125,25498.334308830606,25166.108454643887,25302.907335779593,15735
2026-04-16,25268.708984375,25552.078110649894,25161.224143374176,25503.221364740428,6973
2026-04-17,25195.423828125,25395.736486056572,24965.797122691245,25395.736486056572,15053
2026-04-20,24965.796875,25298.022743395304,24916.94012964775,25298.022743395304,14619
2026-04-21,24804.568359375,25102.594490933378,24760.597290784423,25024.423702327902,12807
2026-04-22,24838.76953125,25170.99540224233,24799.684134662668,24819.226832956334,42549
2026-04-23,24828.998046875,25087.93879785579,24770.36995231331,24858.312094155845,10085
2026-04-24,24604.255859375,24926.710364283408,24574.941813474234,24809.45418068035,7767
2026-04-27,24843.654296875,24975.567505530973,24604.256251536382,24741.05513458702,50411
2026-04-28,24765.484375,25014.653777865457,24623.79981258631,24843.65516805583,8029
2026-04-29,24892.51171875,25180.766515885673,24824.112275361877,24985.339534776744,7212
2026-04-30,24853.42578125,24902.28252546319,24672.655827661194,24814.340385879448,4669
2026-05-01,24853.42578125,24853.42578125,24853.42578125,24853.42578125,0
2026-05-04,24833.8828125,25244.279459411275,24785.026068820087,24897.39657928389,13700
2026-05-05,24726.3984375,24990.224858291345,24599.370901563427,24838.76895005928,9490
2026-05-06,25698.646484375,25845.216711472196,24848.539167211264,24858.31051568441,17912
2026-05-07,26089.501953125,26480.355914969572,25825.675528879918,25942.931717433286,27578
2026-05-08,26089.501953125,26265.38623595506,25942.931717433286,26226.3008397706,11131
2026-05-11,27159.46484375,27271.83535848399,25732.847874083694,26089.50211650027,39207
2026-05-12,26284.927734375,27359.776080390337,26074.843739472002,27359.776080390337,18760
2026-05-13,26656.240234375,26964.037729749933,26304.47166823222,26480.355951303613,15814
2026-05-14,26890.751953125,26978.694092506586,26646.468232620595,26959.151394866232,9543
2026-05-15,27301.1484375,27457.490017671797,26876.09476640793,27066.636067242303,11584
2026-05-18,27286.4921875,27633.375078334826,26900.52390051477,27345.120281725605,12613
2026-05-19,27159.46484375,27374.43452411068,27051.98000356966,27306.035080359554,5009
2026-05-20,26817.466796875,27310.91991155607,26695.32493680543,27208.320749097627,5283
2026-05-21,27081.29296875,27242.520222578027,26866.3232969793,26866.3232969793,6955
2026-05-22,27193.6640625,27345.119970861033,26563.41205673958,27110.607596624595,8815
2026-05-25,27071.521484375,27325.576549740006,26773.495350004512,27247.405760396927,11197
2026-05-26,26978.693359375,27242.519770350416,26871.208525273905,27227.862747518448,14422
2026-05-27,27100.8359375,27188.77807683207,26827.23817068911,27164.349704795382,5170
2026-05-28,27100.8359375,27100.8359375,27100.8359375,27100.8359375,0
2026-05-29,26240.95703125,27208.320556140618,26021.101684683952,27100.835720041658,10979
2026-06-01,26226.30078125,26553.64097356441,25962.47435759361,26475.470181369925,7107
2026-06-02,25693.76171875,26133.472415591128,25664.447672293925,26113.929717953746,6596
2026-06-03,25688.876953125,25815.90449226179,25410.393501940496,25732.84802436466,4849
2026-06-04,25229.623046875,25786.58993830485,25161.223604067825,25688.876448580315,8812
2026-06-05,25439.70703125,25581.39159124736,25278.47977332197,25405.50730987133,3619
2026-06-08,25190.537109375,25640.019152443754,25083.052272988993,25439.706502815287,3868
2026-06-09,25508.10546875,25640.018674583414,25170.99394273128,25214.965011342418,11204
2026-06-10,25850.103515625,26157.901005983036,25210.080162658287,25512.9919785662,9513
2026-06-11,25469.021484375,25879.418147464872,25366.42231860253,25850.104100101307,7015
2026-06-12,25679.10546875,25830.56138000024,25366.422297136607,25596.049001290194,9732
2026-06-15,25654.67578125,25972.244611145496,25571.619318046563,25947.816239615073,5922
2026-06-16,25503.220703125,25889.188985796816,25239.39428205819,25771.93279865601,10005
2026-06-17,25361.53515625,25703.532355428866,25332.221110606097,25405.506224715857,8598
2026-06-18,25547.19140625,25859.874567466293,25410.392523217874,25488.563313521947,7473
2026-06-19,25615.591796875,25742.619335825744,25429.936163023915,25654.67719347523,7740
2026-06-22,25469.021484375,25884.303822025464,25420.16473876906,25884.303822025464,6568
2026-06-23,24985.33984375,25683.99130985408,24755.713138107403,25683.99130985408,24911
2026-06-24,25009.767578125,25268.708324684998,24951.139484564246,25161.223486490282,7176
2026-06-25,24999.99609375,25229.622792285518,24897.396930574556,25107.48093136237,13175
2026-06-26,24999.99609375,24999.99609375,24999.99609375,24999.99609375,0
2026-06-29,24716.626953125,25210.08007078968,24633.570487775498,25210.08007078968,22221
2026-06-30,24858.310546875,24975.566728699883,24623.798183225237,24897.395940816627,10622
2026-07-01,24965.796875,25068.396040239728,24789.9125917319,24999.996596746576,18752
2026-07-02,25136.794921875,25234.508410395407,24965.796316964286,25014.65306122449,4925
2026-07-03,25302.908203125,25522.763555343696,25029.310431475067,25258.93713268126,21108
2026-07-06,26245.84375,26382.6426377513,25429.936098054728,25473.907169117647,28228
2026-07-07,26113.9296875,26382.641779700658,25957.58810658326,26343.55638447147,6926
2026-07-08,25644.904296875,26177.442793418984,25527.64811414972,26113.929027776125,5245
2026-07-09,26157.900390625,26275.15657466964,25600.933516412962,25600.933516412962,24860
2026-07-10,26543.869140625,26724.639094279173,26055.301698316423,26201.871931009,16821
2026-07-13,26768.609375,26900.52258053477,26548.75403244205,26861.437186302242,10100
2026-07-14,26871.208984375,26939.608425426137,26602.49689453125,26788.152520241478,20023
2026-07-15,27008.0078125,27115.492648222687,26739.29572319329,26871.20893067113,8698
2026-07-16,27232.75,27291.37809472551,26920.066828130606,27115.493810548975,8282
2026-07-17,27413.51953125,27525.890044388256,26817.46724416882,27281.60632017466,11100
2026-07-20,27628.48828125,27696.887721734085,27271.8340558687,27413.518611157164,8865
2026-07-21,28141.484375,28175.684095594617,27521.003729926215,27745.744750976562,16852
2026-07-22,28239.197265625,28278.282659764274,27564.974216722534,28239.197265625,21902
2026-07-23,28034.0,28244.084001394214,27804.373300801675,28244.084001394214,20311
2026-07-24,28005.0,28050.0,27650.0,27900.0,10811
2026-07-27,27800.0,28155.0,27750.0,28015.0,6597
2026-07-28,27905.0,27945.0,27745.0,27895.0,6560
2026-07-29,27745.0,28090.0,27600.0,27950.0,9930
2026-07-30,27555.0,27865.0,27500.0,27745.0,3567
2026-07-31,27800.0,27880.0,27430.0,27505.0,6208
2026-08-04,27825.0,27925.0,27730.0,27895.0,2409
