Date,Close,High,Low,Open,Volume
2021-08-04,676.2317504882812,698.9123194457196,673.6035167916963,698.9123194457196,14045587
2021-08-05,675.1123046875,681.8775542603913,665.8161985925876,676.5237690377901,5851411
2021-08-06,691.8064575195312,700.7618926465377,673.0682077960015,674.5283311510818,17504802
2021-08-09,681.2936401367188,697.9390240584374,675.6477818123215,695.0187770958498,7521213
2021-08-10,674.5769653320312,687.9614289298889,665.0861638717321,683.045692363735,5937282
2021-08-11,680.5635986328125,686.2580566141539,666.3516940114121,674.9664584547538,6297975
2021-08-12,685.3331298828125,691.5143535854743,681.3908092262305,682.3642246679824,5068665
2021-08-13,685.4306640625,690.6384141036062,680.4662085249912,685.7226768793942,3390071
2021-08-16,688.1075439453125,697.4036514824064,683.3377835147235,685.2846148067882,6385995
2021-08-17,674.2363891601562,695.8948878680774,667.8118100756533,687.0367696029091,7262774
2021-08-18,686.6473999023438,689.4702695437107,670.3913472181658,677.9353182488777,7354758
2021-08-20,668.9312133789062,687.6208048142887,662.701329762921,671.6567651811848,6274741
2021-08-23,650.5336303710938,673.4088968576414,647.32137078954,673.4088968576414,6636881
2021-08-24,676.9131469726562,683.3376653605928,650.7282468569177,655.1086165066652,7640710
2021-08-25,701.5892944335938,705.7263107379194,676.9132327128214,679.9307973109472,21275432
2021-08-26,702.5140380859375,713.5136222905766,698.6203757542017,705.726297627105,14969643
2021-08-27,707.6731567382812,712.4915759465932,703.0494325367588,704.7529098741618,6751256
2021-08-30,710.5933837890625,715.8498517629423,707.7704548007617,711.1774093805724,4757858
2021-08-31,728.4067993164062,733.9552794921627,708.7437945350314,712.8321514757238,15419587
2021-09-01,724.9512329101562,731.8624595696492,717.9912879429695,730.1103234572142,5320381
2021-09-02,733.809326171875,740.4285997808232,724.2212062785127,725.1946218783494,5788915
2021-09-03,734.8314819335938,741.7427091329256,725.4866562497284,735.8535564613013,4491254
2021-09-06,731.2297973632812,744.6629205175541,727.3847939303821,738.2384014389021,5260360
2021-09-07,725.6812133789062,735.0746961769383,721.9335876851675,733.8579268721447,3515903
2021-09-08,726.995361328125,732.9818905739356,718.6240115753094,728.8935334850335,4036193
2021-09-09,729.7696533203125,731.0350816590458,722.2743416657949,725.2919061206642,2829060
2021-09-13,725.2919311523438,732.6412663748272,720.8142432107295,728.1148601237348,2514604
2021-09-14,735.318115234375,742.4726956158919,725.6326188269472,727.9201215577535,5615411
2021-09-15,745.587646484375,749.3352725570874,733.5659288897962,738.3843477065476,7039338
2021-09-16,749.1892700195312,752.2068343314079,739.7957865957554,748.5565261738631,4625316
2021-09-17,746.7069702148438,765.1045460411647,739.7957442637215,752.7421579058239,9701785
2021-09-20,728.9909057617188,755.3704425549907,726.2652947791462,739.6010992686229,5570433
2021-09-21,729.6723022460938,738.6277375535047,714.535701709354,733.9553546056385,7766479
2021-09-22,725.4866333007812,739.4064644695495,722.2743737099229,730.0616984938574,4343365
2021-09-23,734.4420166015625,739.7958020108515,730.5970133796502,734.3446988136939,3526253
2021-09-24,724.9998779296875,744.565565813031,723.2477418507863,735.9021437943397,4445517
2021-09-27,730.3050537109375,733.7606672075282,716.823271419457,729.7696870135907,3803939
2021-09-28,719.0620727539062,736.7782475007215,713.5135922820233,733.9553186639093,3748173
2021-09-29,722.2742919921875,727.9687488311425,716.433799065027,718.0399583850227,2734053
2021-09-30,718.2833862304688,736.3888924042623,716.433872848033,725.9733337289842,4356469
2021-10-01,715.411865234375,718.6241250928773,702.8061203075617,716.2879036980148,4008108
2021-10-04,724.4158935546875,727.6281531173735,716.4825327356028,719.2080845035614,3414151
2021-10-05,724.1724853515625,733.7606044236481,722.2743132119555,724.3671803373678,3270764
2021-10-06,704.7528686523438,729.0882577632673,702.660001423776,727.8228294120134,3615568
2021-10-07,716.579833984375,719.1593493754568,707.2350096686213,710.5933049787739,3237419
2021-10-08,720.2301635742188,727.1413899681932,714.0002805109366,720.0354685886347,2878232
2021-10-11,717.8453369140625,726.1680283050171,716.9205802233847,724.1238793362115,2118247
2021-10-12,717.3098754882812,721.2521962146423,709.4738335134308,718.0399370825172,2152513
2021-10-13,738.8223876953125,744.2734909014229,719.4513948721337,720.9115181679742,9083125
2021-10-14,791.192138671875,795.961898580747,743.9328261087496,745.7336210919078,19754735
2021-10-18,789.0018920898438,807.8375169568819,785.5462790767897,799.0767777850218,8883845
2021-10-19,771.1885375976562,798.2008214958386,764.1312742368698,793.3337433159859,5543852
2021-10-20,773.76806640625,781.5553910271202,756.8306115908284,770.9451374661558,5467049
2021-10-21,758.6314086914062,781.5553931360068,754.6890874739674,777.7590486080601,4607499
2021-10-22,741.5479736328125,766.3700708113906,733.8580262328745,759.556161781977,3860760
2021-10-25,732.0571899414062,745.1983005386045,718.916079344208,744.6629338412333,2973109
2021-10-26,729.96435546875,738.3843644528079,720.3761765123907,732.00850438885,3093933
2021-10-27,726.02197265625,736.4375310450425,723.880505951371,733.6146615647152,3246881
2021-10-28,669.8072509765625,714.9737586073234,663.042060082767,705.0935664966653,18160551
2021-10-29,674.5769653320312,690.7356394378718,668.7364721256932,678.4706274695899,7612968
2021-11-01,685.6739501953125,688.204806908306,671.6567422443156,686.257975771366,3233662
2021-11-02,683.6783447265625,695.9920744237007,682.023585925818,688.2047505140648,3028354
2021-11-03,690.3463134765625,700.6644944448918,683.3377096996927,683.3377096996927,3036191
2021-11-04,694.7267456054688,697.4036385825433,694.0453427833347,694.0453427833347,453287
2021-11-08,711.0313720703125,715.557718550054,690.2489152577235,697.9389215615741,3227351
2021-11-09,717.7479858398438,724.7079313091862,708.4518785228923,711.5668203989458,3456614
2021-11-10,718.2833862304688,725.2432720379027,710.6906971131625,716.8232628483056,2751881
2021-11-11,715.5577392578125,721.8362813695433,709.1332204627115,715.4117625744423,2325810
2021-11-12,730.3536376953125,735.4154101773257,714.7303308043698,718.0886261615514,4585484
2021-11-15,729.866943359375,736.388839211108,720.8628498197811,733.857982629871,2434426
2021-11-16,726.6060791015625,741.4506668503608,723.6858323313071,732.6899265395946,3378779
2021-11-17,715.9957885742188,725.1945773098577,713.513590829699,724.6105517508776,2444025
2021-11-18,706.748291015625,721.5928769521261,697.1115134978292,719.7920820953472,2202581
2021-11-22,695.9921264648438,713.9029965612751,685.2845552884615,705.7262820797367,3557560
2021-11-23,709.86328125,714.0976150762475,686.4526494382218,695.0186942920809,3487221
2021-11-24,742.7647094726562,751.8174620336299,712.5401691003008,716.0931595555143,11647665
2021-11-25,742.1807250976562,753.7156760215897,735.415474895455,744.4682279587084,6140941
2021-11-26,698.0849609375,745.6362851204268,694.288616660763,730.0616368672587,7219931
2021-11-29,683.9217529296875,695.9921297135239,664.5021599173881,688.2048051852607,5930351
2021-11-30,665.6702270507812,693.7046435557539,661.6305880022868,685.2845749423565,6190734
2021-12-01,689.1295776367188,692.1471421954951,664.5994929284313,676.5238338854043,5582125
2021-12-02,719.4514770507812,722.5664189868894,683.6297933169767,691.1251056409501,8478638
2021-12-03,717.8453369140625,726.6547360987871,714.4870412545341,719.3541191922353,5578503
2021-12-06,704.2174682617188,724.7078530296748,702.3192961194229,719.354067681571,3537411
2021-12-07,724.902587890625,730.0130196403801,706.5050098264783,709.6199515374146,3993342
2021-12-08,741.1586303710938,744.0788770480286,728.3095331100662,731.2297797870011,4621331
2021-12-09,749.28662109375,755.1757733003781,739.7958194624878,746.3177155428948,4687479
2021-12-10,747.291259765625,773.8168381228149,742.7161940013183,748.410652195536,10049545
2021-12-13,738.287109375,758.0960940270993,730.1590530747254,754.3971264508875,4985928
2021-12-14,743.3975219726562,745.6363660194426,730.5484238871953,735.8048920079758,2919015
2021-12-15,725.6812133789062,746.2689737810396,723.19901587964,743.3973863392139,4673906
2021-12-16,725.340576171875,736.3401593268674,719.6947187995622,732.0084485136549,3303620
2021-12-17,704.7041625976562,724.7078392256701,702.027269974593,724.7078392256701,4973404
2021-12-20,683.0457153320312,697.9389616264839,667.2763712621404,697.9389616264839,4559002
2021-12-21,706.3103637695312,708.6465850677519,683.0457656490556,691.1251035688239,6943546
2021-12-22,703.6334838867188,710.4961117985258,698.1823799726324,707.673182628238,3626585
2021-12-23,711.8587646484375,727.6281081045893,709.4738847192933,713.3188879422929,6641505
2021-12-24,703.1954345703125,715.363129247868,694.4346944024726,713.0269081047487,3946754
2021-12-27,703.97412109375,707.0890626630392,694.0452708346397,697.938932943109,2663285
2021-12-28,709.86328125,719.2567649588913,705.9209602027058,707.7704140777902,3604123
2021-12-29,703.5361328125,714.6817534403667,700.9565576784589,709.6199803809236,2396416
2021-12-30,704.9962768554688,706.6997542244671,697.4036467504483,703.6821895072717,3654532
2021-12-31,710.8853759765625,715.4604410193365,705.7262853592094,705.7262853592094,2538092
2022-01-03,717.0178833007812,719.0134327443394,711.0800721036845,712.5401954550268,2377227
2022-01-04,719.597412109375,727.1413822735248,713.1728935410616,723.2477202533184,4068551
2022-01-05,734.8314819335938,738.6277672383038,714.5357304259155,719.3541496709082,5409002
2022-01-06,720.1327514648438,728.9908678726707,710.6906095411448,728.9908678726707,5440633
2022-01-07,716.5311889648438,727.8228454080216,711.0800854492215,724.90259865053,2590751
2022-01-10,719.2080688476562,723.2477672209851,714.5843448983969,717.5045916031924,2173107
2022-01-11,744.7601318359375,748.4591580501914,709.1331503794295,719.0133408930496,8959781
2022-01-12,743.25146484375,754.299767482117,733.9553578044705,749.0432995100001,5775798
2022-01-13,751.6715087890625,755.3704760418045,739.7958270512519,742.7160737369804,4049411
2022-01-14,759.3613891601562,773.8653035194463,743.348752107951,748.556501140194,9627761
2022-01-17,758.3394165039062,768.4143036806199,753.3263617770327,762.6711278361605,3187871
2022-01-18,742.6674194335938,768.9982986635465,739.7958316256903,759.2641429842611,4300929
2022-01-19,724.4158935546875,741.4993252671027,716.4338738386447,741.4993252671027,5843870
2022-01-20,718.3806762695312,731.7164811939051,715.460429618029,724.2211695725356,4741333
2022-01-21,704.655517578125,714.1463188831087,695.4567290461656,712.5401595126226,9244367
2022-01-24,683.7757568359375,705.9696192290846,670.6833059618605,704.655532017264,5349759
2022-01-25,692.1957397460938,693.8992168746895,671.6566964177658,677.4971894300942,4482325
2022-01-27,690.2489013671875,693.3638428229953,672.6301047332674,681.1961491773138,4749083
2022-01-28,691.2711181640625,713.3189460497691,688.6915430364231,694.0453288833494,3543413
2022-01-31,697.2575073242188,704.6555007352255,695.5540302076311,700.5671437729017,2152066
2022-02-01,719.1107177734375,724.5131620447546,701.4919205683136,701.8325922364107,6052108
2022-02-02,725.3892822265625,726.9953822420204,702.3193217300469,704.6555428230753,6167378
2022-02-03,713.0269775390625,725.1946734015039,710.009412730208,724.2699166334428,2689612
2022-02-04,707.6244506835938,721.4469634684745,704.7528629093908,715.4604340309423,2453595
2022-02-07,696.1381225585938,710.4960012654456,694.3859271185511,709.4252085618009,2610637
2022-02-08,698.7176513671875,703.7794239753887,684.3111134919754,699.885761878706,3207780
2022-02-09,713.95166015625,715.8498323961626,699.934452213511,702.8060400213201,3186942
2022-02-10,711.6154174804688,721.8362806338937,708.6951708652044,717.3099340277757,4752601
2022-02-11,704.4609375,714.3897892903481,700.3239208717365,708.5492952269173,3621116
2022-02-14,677.25390625,695.7974616173057,672.6301821325907,695.7974616173057,6219506
2022-02-15,701.4432373046875,703.2440917601391,671.6567445713351,681.0988875007218,3319096
2022-02-16,721.0575561523438,730.8890292717423,702.9033326947866,705.6289437175542,9382605
2022-02-17,714.6817626953125,725.1946395471728,711.907492520641,721.3982948502852,3407347
2022-02-18,708.159912109375,719.5488875268456,706.2130807358785,710.4961335226023,2151557
2022-02-21,692.1957397460938,707.4297161182773,690.6869576004224,703.487395217469,2805791
2022-02-22,686.7933349609375,692.1957794245096,666.7896571295647,679.4440593816586,6112926
2022-02-23,687.912841796875,700.2752322557483,686.2580233332726,692.0985171488749,2978284
2022-02-24,637.4411010742188,669.7098478879142,634.6182318396725,663.8693550284265,9547717
2022-02-25,676.6698608398438,684.3111493398475,652.4317892532472,656.5688054476915,5738223
2022-02-28,688.6915283203125,690.784395598965,666.302969802479,671.6567555350044,4288186
2022-03-02,691.4169921875,698.8149853613406,679.0546039123512,684.262412292221,4448558
2022-03-03,687.912841796875,705.3369460325433,684.3111920614051,699.6911472266428,7533817
2022-03-04,681.5369262695312,691.8064485174499,670.7319779349933,681.2935723801845,7941457
2022-03-07,659.781005859375,673.3115049070989,645.9098351558904,671.6566866950471,4890958
2022-03-08,670.5372924804688,673.6035752948889,652.7724583054229,661.5819167551604,3831397
2022-03-09,695.1160278320312,698.9123722821577,674.2849704895484,678.470645516245,5351552
2022-03-10,710.9827880859375,718.0400512860012,701.4432675406196,708.5492490514328,5850213
2022-03-11,710.0579223632812,712.2967660488068,703.0979780280483,710.1065812539865,2864685
2022-03-14,711.1287231445312,714.0003109196329,704.7528631299444,706.6510353482366,1905433
2022-03-15,702.1246337890625,716.4338544493005,697.2088970778689,713.5136077599691,4228582
2022-03-16,704.5581665039062,710.10664704738,701.8326148336682,706.6996926064398,2693057
2022-03-17,720.4248657226562,724.0265153448067,710.1553429691825,711.0800996767388,4957379
2022-03-21,715.6064453125,730.4996909280158,706.1156439657166,721.3009023555427,6662688
2022-03-22,719.5001220703125,724.1238458976143,703.8280961870742,715.4604238035367,5010054
2022-03-23,714.2437133789062,731.0351328757187,712.3455410315343,728.0662271080726,4698808
2022-03-24,713.95166015625,722.5663641671061,711.5667801323892,713.5136112681823,2914647
2022-03-25,723.4911499023438,727.0441406329212,710.6420520074362,717.4073023585971,4003497
2022-03-28,717.4072875976562,729.769677434703,707.2350828312944,727.1414434673667,5691095
2022-03-29,741.6940307617188,746.5124498802097,718.4293740795518,721.3009619915877,11423551
2022-03-30,746.9990844726562,755.3217751820769,741.8399347511108,748.3618305360757,6913983
2022-03-31,753.6183471679688,760.2375611701626,745.149619815313,746.9991331657748,5468951
2022-04-01,764.861328125,769.6797473561867,753.9104023325644,753.9104023325644,6816743
2022-04-04,796.7892456054688,800.2935770528462,762.8170803045874,769.9716604642281,13743062
2022-04-05,825.5050659179688,838.0134916954996,804.0412643867685,817.6690824272222,21090646
2022-04-06,827.2572021484375,839.7169690309598,817.6690825055146,830.2748260766556,8785541
2022-04-07,795.669921875,842.97789547741,791.970895126912,827.4032461383355,11662093
2022-04-08,816.9876098632812,822.341395064761,795.6698462540205,801.1209492395913,5777924
2022-04-11,831.8322143554688,837.1373407813057,816.9876277892886,817.6690305305777,6030153
2022-04-12,822.4387817382812,836.1639165570192,812.8019444995472,831.1995212598333,5597246
2022-04-13,818.1558227539062,832.1730313466054,814.2621603017758,827.3059532814424,2955807
2022-04-18,820.2973022460938,824.2396233717349,799.5635627523835,809.2490000201407,3969878
2022-04-19,797.5193481445312,827.6465712962228,785.5463487633658,826.4298018588569,4472320
2022-04-20,805.6473999023438,813.7267370465195,798.200747215126,803.65185050425,3071216
2022-04-21,827.8899536132812,836.0666682781944,810.173778114351,810.8551809051891,5539106
2022-04-22,850.9111938476562,862.4461439034598,818.350433078494,824.9209877865621,17864000
2022-04-25,836.6992797851562,857.5303952163899,826.0890864999088,850.7164867274438,10145325
2022-04-26,885.3214721679688,888.7284267062731,842.3938687503617,844.9247254995017,21010788
2022-04-27,863.7116088867188,900.0687154637446,856.6056872274596,889.7504749473262,20793885
2022-04-28,863.5169067382812,876.3173449279722,853.4907385010972,875.10057549597,8778304
2022-04-29,833.633056640625,875.0032153248998,829.4473224672212,868.9680273519746,11543840
2022-05-02,833.7791137695312,839.911620119003,815.7709253105237,827.4032535219648,5760499
2022-05-04,791.192138671875,841.2257211702881,784.3782298949548,837.6240717914021,7969164
2022-05-05,789.78076171875,813.2887733674722,784.573011770416,799.0769286810782,6597383
2022-05-06,789.8294067382812,799.1255134253931,769.1929850467543,776.688296718391,6150326
2022-05-09,771.5291137695312,785.9843698212965,762.1843485863731,785.9843698212965,4768026
2022-05-10,748.65380859375,782.577373116212,744.7114878523479,774.0599878176301,5344522
2022-05-11,739.6985473632812,764.082596562667,729.1369523249735,750.5034368920279,8985117
2022-05-12,694.3372802734375,738.8223815314271,686.5499560939231,738.8223815314271,10570456
2022-05-13,687.1340942382812,716.3365621716961,683.1430546398374,707.6731395864205,7247809
2022-05-16,693.5586547851562,708.7926335640644,685.2846217105264,695.9921939247533,5606071
2022-05-17,724.9512329101562,727.4334306871532,696.3327918942941,700.8591979796072,4430294
2022-05-18,739.6011962890625,746.8044958378119,722.2744096647942,732.6413100645013,9020504
2022-05-19,713.3189086914062,727.4820931712701,710.5933570127755,724.2211748185,4445667
2022-05-20,747.1450805664062,752.2555121153044,725.2918899652705,730.0129909484608,5434279
2022-05-23,733.517333984375,759.1668714083017,731.2784899243595,754.2510749609467,4787481
2022-05-24,732.154541015625,744.4682122659352,727.628134873125,736.4861927500302,4653281
2022-05-25,689.0809326171875,724.1725534004735,686.6473935973678,715.460471827004,7699306
2022-05-26,682.8509521484375,700.1777356304892,650.3875699916526,693.0718145825908,13569693
2022-05-27,684.408447265625,695.1160182816074,678.4706361945174,695.1160182816074,5815428
2022-05-30,715.1683959960938,717.4072398144937,691.1250207168121,695.0186828053576,5546106
2022-05-31,720.1815795898438,729.0883569815526,708.6466273465558,711.6641922419284,6346866
2022-06-01,717.3098754882812,723.9290887268406,709.66852848774,720.132744671788,3196984
2022-06-02,728.5529174804688,731.9112131819599,710.8367416833536,717.407296981351,3536560
2022-06-03,720.2301635742188,738.335668394745,719.1107119665364,737.8489606370688,2960614
2022-06-06,721.5442504882812,725.1945586695035,706.0182611416353,718.8673578220515,2753267
2022-06-07,715.0223388671875,722.7610039230179,694.4346368272234,719.3540496957714,2488075
2022-06-08,709.2305297851562,720.3274905670272,706.0669293198281,715.9957795858334,2839931
2022-06-09,715.9472045898438,717.4073280526375,703.8768268657188,706.6997559921504,2604731
2022-06-10,707.0890502929688,712.6861894759749,699.1070312277334,706.6996603239064,3377686
2022-06-13,676.7671508789062,695.7000949219304,670.4886087940638,692.0984455590109,4535069
2022-06-14,685.9659423828125,702.6113243387371,675.1123353552924,676.9131897504226,6144330
2022-06-15,685.0411987304688,694.3373054239773,682.9483315163883,692.0011437330428,2447673
2022-06-16,663.577392578125,698.0362674141161,659.0023276088142,693.0232129771895,4301251
2022-06-17,651.1663818359375,671.1214017687355,645.3745470948791,659.0023655855703,6103963
2022-06-20,645.5205688476562,655.9847863846211,635.7376946900173,653.1618574235737,3507676
2022-06-21,670.7805786132812,673.1654584044097,649.3654382093881,652.6750745822887,3313116
2022-06-22,650.5336303710938,669.5638933741965,647.8567374843701,666.6923648984967,2964156
2022-06-23,657.3475341796875,665.134858877596,648.4894761008455,654.8166774178962,2762533
2022-06-24,668.1525268554688,669.6613092325546,659.0997137678012,664.8428898758294,2740927
2022-06-27,669.466552734375,680.1254650202936,666.6923421478324,679.4440622444112,2711512
2022-06-28,660.0244750976562,665.6216151317776,652.4318448469288,662.8960631715904,4596840
2022-06-29,659.781005859375,666.2055837274762,649.2681304718789,657.0554543755895,3332554
2022-06-30,654.1839599609375,667.6658020366228,648.8788329135585,662.4579927868721,3502799
2022-07-01,659.87841796875,661.9225668365999,638.5605938894258,652.188411441944,3151179
2022-07-04,663.869384765625,666.108228579535,655.2059628709583,661.7765176322016,1874921
2022-07-05,660.705810546875,675.745092813108,658.953674423519,668.2011222322782,2472875
2022-07-06,675.8910522460938,677.7892244198464,659.1483525918886,659.9757320307342,2634839
2022-07-07,684.8951416015625,688.2047781611415,676.5237918274305,682.364284994286,2896584
2022-07-08,696.6735229492188,698.6690129497377,687.7667468769944,691.0277246260783,3880791
2022-07-11,709.8146362304688,712.5401879082594,694.0939512158252,695.9921234349802,3814715
2022-07-12,712.4428100585938,723.1503802857139,707.0403066412216,709.6198814155085,5846548
2022-07-13,707.4298095703125,719.3541510456979,705.0935882917375,717.4559786834276,2373553
2022-07-14,710.0762329101562,716.3002189232111,702.3329525163219,714.5359446050677,2859869
2022-07-15,716.398193359375,723.7983813934419,711.6933825868452,723.0632621882534,4127381
2022-07-18,725.0726318359375,727.7680691290079,718.064470944291,722.3281985569157,2403691
2022-07-19,734.1390991210938,736.8835323866213,719.4857099441655,722.3281950052723,2864129
2022-07-20,728.7972412109375,741.9313962582874,727.1800146916886,741.9313962582874,2176017
2022-07-21,739.284912109375,741.8823573411123,726.4938493602158,732.8648827426632,2639283
2022-07-22,739.284912109375,749.7726251806967,736.6384708933732,742.6174765775486,2854708
2022-07-25,735.0703125,742.225461804461,731.2476681661918,741.9804220349647,1592179
2022-07-26,734.2371215820312,738.5498453384897,730.2184934003648,735.0212966825952,1803260
2022-07-27,745.5579833984375,747.0772179164514,732.2277848157473,733.8450711303758,2539587
2022-07-28,749.33154296875,753.3501708718825,742.617477860694,748.4984317623454,2696358
2022-07-29,748.5474243164062,760.2603360816845,743.7936173731955,753.7422549408946,3182798
2022-08-01,785.3524169921875,788.0478543047972,749.8706484031845,754.7224475307138,6459641
2022-08-02,786.381591796875,794.3209159756414,779.2264427153897,784.9603492132538,4393310
2022-08-03,791.184326171875,793.8307673343758,779.5694065764978,786.8716028089732,3326267
2022-08-04,791.2333374023438,804.2204439004311,780.6966283567257,794.9579295652658,4641779
2022-08-05,794.173828125,802.4561836228846,789.5180728845264,795.0069393436322,2807602
2022-08-08,785.7444458007812,806.6708154430628,779.5693965595726,796.7712339827186,7519923
2022-08-10,774.86474609375,791.9685339464103,762.8577974045872,787.0677385630786,5541103
2022-08-11,777.0210571289062,784.0292179976699,772.6593375586206,778.932379168038,2140171
2022-08-12,772.7083129882812,783.8331533782642,769.914883806742,777.7561556978354,2281608
2022-08-16,807.798095703125,809.6113659951208,775.4528474248696,776.5799944249188,6820860
2022-08-17,808.3861694335938,815.4433264968458,804.8576208140479,810.9345590116925,3694850
2022-08-18,816.5214233398438,819.8539877893261,804.1714441666446,808.386115800409,3836669
2022-08-19,854.5026245117188,866.3625845876392,817.4036294110573,820.6381422229778,24506694
2022-08-22,823.57861328125,874.2038503926767,820.7361282048854,858.8153418750147,14693558
2022-08-23,815.9823608398438,840.1922999070705,790.1061395213858,819.2168735486116,13515300
2022-08-24,819.7069091796875,821.5202391123449,800.887845575523,813.7769595602491,6558722
2022-08-25,799.8096923828125,825.636856436346,796.1830923520303,823.8235863330317,6287921
2022-08-26,821.0792236328125,828.2343725193311,801.4270472319489,804.7105560217407,8513113
2022-08-29,819.804931640625,827.8421867980777,798.8295071549927,798.9274991157804,6652807
2022-08-30,825.4408569335938,843.5247411159773,822.059296700802,827.2541270026944,9490984
2022-09-01,821.1771850585938,829.7535761709773,814.8551476452053,825.0978209956834,3888408
2022-09-02,835.0465087890625,843.8189441902193,821.422274159408,825.2939143447409,8840020
2022-09-05,834.017333984375,847.7395602633337,831.370892665744,837.986966050242,5434684
2022-09-06,833.4782104492188,841.5155264910859,827.3032205012066,837.7419381406784,3380947
2022-09-07,857.5410766601562,861.3146646324406,828.3322925208369,830.1946184280821,8930248
2022-09-08,867.4896850585938,870.7732535049527,849.79782760218,863.1279656741204,7943521
2022-09-09,888.8571166992188,906.6470255077626,869.4009855409572,871.165259679817,18369177
2022-09-12,919.879150390625,923.3097066254328,892.9247799742774,896.551379958762,12571292
2022-09-13,929.974853515625,934.9737003438787,914.4883531758707,927.2304202619224,9651873
2022-09-14,929.043701171875,939.7764543825388,920.3693177932633,922.3296358290318,8500355
2022-09-15,949.3330078125,953.4006916792613,931.5431574760744,936.0518650429527,8703534
2022-09-16,919.5851440429688,957.0762240919869,907.7742405936647,950.9992266028705,10712402
2022-09-19,940.560546875,953.3026137991982,916.7426952815225,924.191939531702,7922869
2022-09-20,950.999267578125,968.2500420090648,947.8137508354,954.8709075841145,7539047
2022-09-21,914.390380859375,956.7332029961495,898.9038203625843,954.6748929676694,13178269
2022-09-22,927.8675537109375,934.5816190212273,909.6365601721898,915.3705262935063,8855564
2022-09-23,895.6693115234375,931.9841916960977,892.0917669509469,931.1510804485182,6646619
2022-09-26,846.269287109375,891.8466796711733,838.28096749415,890.9645126596695,9880236
2022-09-27,827.4502563476562,857.6391421878363,817.2565786137029,843.9169159128309,11598728
2022-09-28,810.6895141601562,830.1947028921263,807.0139177778121,819.3149615300516,7040943
2022-09-29,800.2018432617188,830.684764678977,796.9182746690825,822.353413056828,7476709
2022-09-30,804.3674926757812,813.9730387365539,785.1073447458002,806.180762863197,10406215
2022-10-03,768.836669921875,817.8446152298948,757.8098822275706,804.7104619576846,12903551
2022-10-04,806.7197875976562,809.9053040894588,774.4235392005506,788.0477721259211,10445528
2022-10-06,807.7489624023438,818.4327188292981,805.9846882667043,816.3744089750778,6175752
2022-10-07,800.6919555664062,809.6113790328667,790.3512296818998,804.7105837602707,6086925
2022-10-10,792.06640625,797.8003718766428,783.1469839296491,791.4783348225177,4642360
2022-10-11,781.5297241210938,804.3184199788476,779.4714142313459,797.8493947617925,6193388
2022-10-12,787.9498901367188,790.4982797561753,770.7480508208233,785.1074049407271,5628537
2022-10-13,769.1797485351562,795.6440406160091,761.5835165489856,790.9882855277109,7491563
2022-10-14,764.6219482421875,790.596159577342,762.8086781729793,788.047770319403,4562526
2022-10-17,770.6010131835938,774.2766094117422,756.3397117832089,766.5823254129903,4602870
2022-10-18,793.8797607421875,798.8295515199031,774.81565702636,775.7468200021651,7372253
2022-10-19,789.0770263671875,807.1119767055334,785.2544419902785,797.8494617753729,5222275
2022-10-20,803.7793579101562,805.9357196264965,779.2753834611901,785.1073413448753,4481441
2022-10-21,785.7444458007812,807.8470181473003,783.5390881643938,807.8470181473003,5266210
2022-10-24,789.51806640625,793.9287818610335,786.0875099414184,791.9684638811298,665021
2022-10-25,784.47021484375,796.6242101119399,781.2846981622811,790.6942602543445,4485050
2022-10-27,804.95556640625,807.6510036149162,779.2263930507991,789.0279829004946,7110289
2022-10-28,804.0243530273438,818.2366574188914,801.0838762566786,807.6509530093278,6898541
2022-10-31,807.2098388671875,814.5120345351305,803.240207342406,807.6509223308634,4487537
2022-11-01,825.0978393554688,828.1363681688196,807.209937494462,811.2776212993679,7769108
2022-11-02,816.864501953125,833.1351167745902,812.5517785954532,833.1351167745902,11859603
2022-11-03,817.3055419921875,821.177181930145,807.1609204732789,808.6311589440863,6632872
2022-11-04,845.7792358398438,849.7978638615441,815.4922984230734,820.3930934857121,11128361
2022-11-07,836.0755615234375,851.7581042952722,828.7733655804714,849.9938301982714,7995787
2022-11-09,873.1256103515625,883.1232439459709,841.9565666477125,842.4466461393584,20088415
2022-11-10,875.7230224609375,880.1827337013864,858.9132726036825,876.262097916525,9906420
2022-11-11,876.7521362304688,889.7882376383218,873.125536334892,887.0438046825872,8777095
2022-11-14,877.291259765625,889.4942507070988,867.4406742432865,877.2422637827586,7653024
2022-11-15,888.9061889648438,897.3355321311155,877.242273355924,881.0649172476958,10675723
2022-11-16,869.7440795898438,897.8256593496012,857.0510681821648,896.8455003328439,11504802
2022-11-17,873.174560546875,879.8886851248316,863.0299395314479,868.4208136568573,5190475
2022-11-18,871.2633666992188,877.1443207509875,862.1478400596504,874.3508316819024,5384458
2022-11-21,854.3065795898438,870.3812114792595,851.7581900624735,867.4407344134512,6108453
2022-11-22,864.9413452148438,868.1758580386402,853.2284328790699,854.306583878949,5466001
2022-11-23,856.2669067382812,869.8911412177213,849.454849322721,867.8818271662194,5319949
2022-11-24,859.2564086914062,864.9903148944715,851.0720451715646,856.5609714495255,5111180
2022-11-25,862.1477661132812,863.5200125373265,854.7965741790815,859.5993768390866,5079099
2022-11-28,861.1676025390625,867.6856832818547,856.1688159804576,858.6192132786272,4168244
2022-11-29,860.7756958007812,874.1058350459846,857.2961431133502,860.5796520245539,3663099
2022-11-30,863.5200805664062,866.60760535167,855.9728442878842,861.4617705923356,3797377
2022-12-01,872.880615234375,878.7125734479692,864.5002674635905,867.1957048054554,4491806
2022-12-02,870.5772094726562,885.6716217222975,866.7055695747516,876.2621195361356,6279538
2022-12-05,875.4290161132812,878.7125247636054,861.11865912392,873.9097218363503,3966501
2022-12-06,878.66357421875,884.397480613349,868.420900392628,876.0661288601466,4836193
2022-12-07,869.1559448242188,884.5934482141048,867.2446229158782,879.9866892059429,2867882
2022-12-08,875.1840209960938,880.6728876292835,869.7440905253666,870.381217823933,2822061
2022-12-09,873.0765991210938,893.9049771523295,864.6962519251218,878.2714296769943,6979639
2022-12-12,863.8140869140625,877.0952289714814,861.1186497508752,874.3507958247037,3412185
2022-12-13,877.0463256835938,880.1828466789078,863.8141782112493,867.3917827538073,3821073
2022-12-14,882.6821899414062,890.4744660838567,873.9588105930326,879.3986811672933,4930906
2022-12-15,866.4115600585938,888.9552170597324,862.8829517639208,882.3881397945692,3679459
2022-12-16,843.3778076171875,873.2726565536706,837.4478577437984,865.4313847014784,7791763
2022-12-19,875.1348876953125,878.2224122931925,842.5446028641198,843.3777738595602,5205837
2022-12-20,866.70556640625,877.5363110247257,854.0124958211633,876.3601082997164,4023275
2022-12-21,840.6333618164062,875.281957363566,834.6543562243565,869.401003562691,4660583
2022-12-22,839.8982543945312,856.9529847622484,828.7734140703766,847.5434824782774,5517570
2022-12-23,778.3441772460938,837.0067247139,774.5215933388157,836.0755617717151,9112806
2022-12-26,790.05712890625,795.8890867654834,769.7188301988808,782.1668611315959,7205540
2022-12-27,800.9368896484375,804.9065213306253,782.264814264251,794.0267213665276,4872234
2022-12-28,794.2717895507812,800.7898705664494,792.7525551271448,799.5646718660723,3624974
2022-12-29,803.289306640625,806.1807876920117,783.6861263927949,790.9883229999433,5308353
2022-12-30,801.8679809570312,810.3463794647021,799.4175836801497,806.1317081132963,3252956
2023-01-02,805.9846801757812,810.3463994007673,800.1037265665831,806.6708033950184,2042294
2023-01-03,804.1714477539062,810.0034056544375,801.5740025251504,805.9357219544968,2166531
2023-01-04,793.9288330078125,805.6907416449652,790.4982763219763,804.5145388164178,3260112
2023-01-05,803.3382568359375,805.298574748982,781.1866883481977,797.8983865920703,3119740
2023-01-06,790.1061401367188,808.0430975636103,787.5577506851974,803.6323820961761,2892006
2023-01-09,800.4468383789062,803.9753867042093,793.0465903737523,794.3698408638575,2040072
2023-01-10,780.5986938476562,804.367550886219,765.6022124753374,800.7899464126059,4545808
2023-01-11,780.6476440429688,787.1656654694858,773.3944435455636,784.1271965126622,3618663
2023-01-12,777.217041015625,783.5880741057696,770.5029164030572,780.8926370291699,2670641
2023-01-13,778.8833618164062,784.3722282059605,770.4049626615245,779.8144649933765,4059998
2023-01-16,771.4341430664062,781.6768167682006,768.83675756349,781.1867372592551,3601251
2023-01-17,769.1797485351562,775.7468255719027,762.6616674818766,772.7082968829411,2948618
2023-01-18,770.89501953125,780.0594818477637,761.1914219291666,768.4446221392244,5585785
2023-01-19,760.6524047851562,768.395685067278,756.4377329125745,768.395685067278,5086667
2023-01-20,759.0841674804688,770.9930637178281,757.1238494340729,760.6034020015937,3328697
2023-01-23,753.791259765625,762.9067264134889,747.273238372547,762.9067264134889,4283589
2023-01-24,746.0971069335938,758.6431312477945,742.9605858990028,753.8893836186072,3011438
2023-01-25,699.0004272460938,741.8823842608787,691.9922663414426,738.05974016304,17085455
2023-01-27,585.1058959960938,685.9642158547076,526.3453550963869,685.1311046785371,64194046
2023-01-30,585.1549682617188,643.5724252506442,555.7011999983022,607.69862700547,58256575
2023-01-31,600.494384765625,614.4616493406883,576.4314354804922,588.095350528978,33272489
2023-02-01,485.3257141113281,616.519999876734,450.3830523741801,614.5596819121021,46557720
2023-02-02,453.2745361328125,523.4048997852782,415.63640705005105,499.88108406459156,115517458
2023-02-03,488.9523010253906,496.9405905317999,387.2608093731732,449.8929606589668,89662866
2023-02-06,534.6277465820312,537.8132633800986,467.2418143152195,488.1191893654145,38363919
2023-02-07,542.1749877929688,586.5761795938564,532.2263497745181,539.0874629391988,46650736
2023-02-08,587.3603515625,592.9962664919692,551.8295835288903,552.8097426470589,31111885
2023-02-09,570.7465209960938,577.3135976541033,535.3628082953419,575.5983195626013,22494005
2023-02-10,572.3638305664062,587.9973777768835,548.8890117593667,562.2191495438609,12527188
2023-02-13,542.714111328125,584.2728217095945,526.7375297953569,576.2355648646114,19528545
2023-02-14,553.8878173828125,569.7174088884732,527.6195686023344,540.0675996516967,17976429
2023-02-15,557.7594604492188,567.3650065718273,550.7513595758359,556.5342617135759,9259895
2023-02-16,565.747802734375,579.077941580986,561.925158596809,568.4922360470115,9909820
2023-02-17,567.1690063476562,574.3731507767124,557.8084404168003,567.5120380541235,8880620
2023-02-20,568.1981201171875,570.1094419162373,548.8889780322927,556.0441259596693,9507162
2023-02-21,571.6287231445312,582.0183842946096,567.7080872653838,573.3929973253164,7702230
2023-02-22,536.244873046875,571.9716744373939,529.2857692694724,571.9226784606244,10994235
2023-02-23,540.9006958007812,547.075745081328,523.0618506654617,528.7957566269351,10711597
2023-02-24,547.8108520507812,554.6719645876354,532.4223448247202,545.9485261468308,8631548
2023-02-27,550.8493041992188,560.6018972615263,542.1258660215633,547.9088274864115,8484384
2023-02-28,580.6951904296875,602.2586876467132,540.9987523710721,551.8294969629743,25360275
2023-03-01,590.1536865234375,603.7779200118076,582.8024943155016,586.1350587127613,18661166
2023-03-02,610.541015625,612.5993254287796,573.9810400240881,591.9669921131688,21080489
2023-03-03,671.06591796875,690.03197166949,637.6424584465126,649.8454505921475,42832968
2023-03-06,677.0448608398438,708.4099503032893,667.5863021188593,676.3097415555443,37435406
2023-03-08,697.9221801757812,700.8136610919709,668.4684151954184,686.1112765935379,20232587
2023-03-09,683.4158325195312,702.3818844009168,672.3890442572942,699.735503077304,17041388
2023-03-10,683.9548950195312,687.8265347897335,667.1452051261448,671.2128288246378,12138642
2023-03-13,667.6842651367188,696.4519053741085,663.7146334941709,689.7378407332653,9693337
2023-03-14,641.5140380859375,670.9678028124471,625.929486722255,667.6842942324256,18147337
2023-03-15,665.8709716796875,674.2023229164278,644.2094823938253,648.4241539958156,15514873
2023-03-16,666.1160278320312,678.6130549950118,661.7543681717285,673.2712363415342,12992236
2023-03-17,666.8511352539062,678.0249715076559,657.9807084877737,674.8394548363152,7625895
2023-03-20,653.5209350585938,664.3026827685968,646.2187394174434,657.6866103101859,5250369
2023-03-21,651.6096801757812,661.019242310573,648.0811317653323,658.1767573291537,5011027
2023-03-22,644.1115112304688,658.5688564905872,641.1710342284108,656.6085384892152,4457720
2023-03-23,641.9551391601562,654.1090746790861,639.1126541741282,642.0041351445726,4491324
2023-03-24,625.3413696289062,647.5419923392793,621.3717381031454,645.1405911023631,6072701
2023-03-27,616.6180419921875,632.0555472191294,613.089493298551,625.3414815739018,5621870
2023-03-28,581.6264038085938,615.3438392114266,560.2098926859973,610.2470001900214,19860622
2023-03-29,624.0182495117188,629.8011517008403,578.3918003316596,581.5773170726345,17057169
2023-03-31,619.3624267578125,642.3961606816321,614.9026559472841,631.1243334423161,9466910
2023-04-03,615.3438110351562,626.3216038499398,609.805948554452,625.8805203331012,6072184
2023-04-05,624.1162109375,627.1056837678939,612.648339266397,614.4616692170097,6622367
2023-04-06,628.8699951171875,638.4265454378028,619.0194090592311,624.3612876135348,7094042
2023-04-10,639.0636596679688,643.9644546040728,630.2422287829814,633.1827057446438,4254629
2023-04-11,640.9749755859375,647.1499651821017,634.5549462452894,642.0041305479388,3798770
2023-04-12,644.6995239257812,648.8651992989239,637.1032923629917,642.9842458309579,4271203
2023-04-13,648.522216796875,651.707733500296,640.4359051651143,646.6108948099911,3306659
2023-04-17,651.51171875,653.4720368086284,644.9446412887628,649.8454364353339,2731225
2023-04-18,645.4837646484375,658.0788450034636,638.132571383538,654.7462801270435,2964854
2023-04-19,645.336669921875,651.805694995173,641.9061136324267,645.9247413561187,2683546
2023-04-20,652.8839111328125,665.0379071308968,648.081167742207,649.8454420453714,5009410
2023-04-21,648.4730834960938,657.2945133129494,645.5816626932218,654.7461241844065,1982614
2023-04-24,657.9807739257812,659.4020165468648,642.984352069481,651.9037757066336,3357178
2023-04-25,658.1277465820312,668.9584911404261,655.5792973879554,661.6072989300917,4814190
2023-04-26,651.51171875,658.2747801577725,648.9632693792873,657.6867086698478,3373385
2023-04-27,646.6598510742188,654.9422059592118,644.1604577791187,654.6481702464035,3197568
2023-04-28,667.7823486328125,669.448630982227,649.0123387245129,652.981970911186,6162262
2023-05-02,667.9783935546875,672.2911173106771,659.254954067229,670.2327474081617,5563089
2023-05-03,656.363525390625,671.2618949466729,643.7194498387009,661.6073523275571,5645727
2023-05-04,666.2630615234375,668.4684192114518,654.4521578702364,656.7065115420421,5124811
2023-05-05,670.3307495117188,679.8382437464804,664.0577081179165,669.2525387405759,5193692
2023-05-08,671.5068969726562,676.9468272009904,665.1358635675109,671.1148692729876,3671007
2023-05-09,676.7998046875,682.0926873359363,670.9188505555304,671.5069220390637,4029312
2023-05-10,677.289794921875,678.6620413014496,671.9479169913078,678.2699538146708,1794579
2023-05-11,694.7366943359375,699.8335331528629,678.5150746849711,680.2303529525026,5979387
2023-05-12,686.111328125,697.8732366071429,681.2595289112841,697.8732366071429,4025355
2023-05-15,680.279296875,687.7775366574455,673.8592678155517,685.9152107512756,2616737
2023-05-16,673.3692016601562,684.9350653570281,671.7029194728766,680.2793103237155,1403759
2023-05-17,671.0167236328125,678.2209270624815,669.0074099585784,673.6141685105299,2295396
2023-05-18,651.7567749023438,676.0157114881072,648.179170425688,676.0157114881072,4405410
2023-05-19,674.4473876953125,680.3773975373902,646.4148640701518,650.8255795945122,6340270
2023-05-22,715.2220458984375,738.4518265411183,679.3972458305526,685.0331601722248,30204070
2023-05-23,719.4856567382812,770.0618938521463,715.5160250027543,729.5322858564706,39497528
2023-05-24,703.9992065429688,724.337505931436,694.6876959795741,724.337505931436,12809164
2023-05-25,710.1251831054688,712.5755805626995,691.6001543991417,702.7739907337765,7458008
2023-05-26,712.4285888671875,715.8591455773602,706.3025947418793,714.6339467522985,4507617
2023-05-29,722.8672485351562,725.3176459878177,713.6047341992643,716.4962151582362,4302323
2023-05-30,719.4856567382812,727.6209639618379,713.21267542727,725.3176143863536,4785799
2023-05-31,724.1904296875,734.1390671438785,706.9886517613097,721.3970005579366,13649365
2023-06-01,717.5253295898438,730.1694036609643,714.5358568313061,716.0060952198478,3771760
2023-06-02,721.985107421875,729.2383080716055,719.4367179093528,723.3573539742539,5554473
2023-06-05,724.1414184570312,729.2382569489245,720.4168264213165,723.3573032638525,5166097
2023-06-06,730.6104736328125,732.1787039552647,725.3175916022702,728.160076363886,5492469
2023-06-07,728.9932250976562,736.0993775439864,727.2289509378812,735.1192185858719,2129238
2023-06-08,721.7890625,734.1390411314279,718.4564981967112,730.1694094159085,2141709
2023-06-09,720.367919921875,727.2780293953679,718.4565977719739,723.3573931183039,1335172
2023-06-12,727.3759155273438,731.7376347157071,718.9955686694316,720.6128548280433,4571836
2023-06-13,723.2102661132812,727.6700372492816,720.4658329847732,726.2977907729498,3636359
2023-06-14,724.6805419921875,728.0131065644888,721.2009894625003,721.7400649545659,3900945
2023-06-15,724.8275146484375,733.8449885940194,722.3771173710594,722.6711530795144,6448934
2023-06-16,732.5708618164062,734.8252155555344,726.1017765105489,726.2978202757248,6800269
2023-06-19,721.053955078125,735.021220107508,716.4961920336119,735.021220107508,5256363
2023-06-20,723.1612548828125,727.2779344008557,715.7120708590422,723.3572986358915,6753358
2023-06-21,734.5801391601562,738.3047312160635,718.750548142357,725.2196331255004,9312613
2023-06-22,730.8065795898438,742.9605760029339,726.2978717917863,740.0200987892019,10061086
2023-06-23,700.1275024414062,726.2977574898803,689.0517186442454,726.2977574898803,15398550
2023-06-26,710.0271606445312,711.8894267375571,691.1100452277852,695.9128479673625,5696079
2023-06-27,705.9595336914062,715.9571676536727,701.7938578591418,709.9781617411037,6935089
2023-06-28,741.490234375,743.940631712657,707.4787073634905,708.6059140684741,17910387
2023-06-30,724.58251953125,744.8228262181938,723.3573208171289,737.8636616274921,6629272
2023-07-03,722.7692260742188,732.6198114535063,718.1624670927356,729.7283306165212,2808490
2023-07-04,726.98388671875,736.0993527574402,720.4168099556839,725.3666005626576,3263045
2023-07-05,728.0130004882812,732.0806837273001,719.4856063568434,726.2977224662624,2212779
2023-07-06,725.3666381835938,731.1006040873683,723.5533680077572,727.6700476715592,1949877
2023-07-07,704.4402465820312,725.3176201707643,701.9898492165894,725.2686241882863,4248724
2023-07-10,705.8124389648438,715.5160365407432,693.9525395491044,707.67476490742,5135483
2023-07-11,715.4180297851562,717.9174231017771,704.783269457821,709.5860721636052,2716491
2023-07-12,709.8311767578125,717.9174887013945,707.6748149413588,717.3293573928204,1349350
2023-07-13,702.9700317382812,714.7809354709822,700.8136700195437,710.5662638259057,1378288
2023-07-14,711.6934204101562,713.0166709443129,700.5196437919471,704.3912837765312,2043145
2023-07-17,716.545166015625,728.062033317821,715.6140030774254,715.7120548638507,2683898
2023-07-18,713.7027587890625,732.6688104201086,711.2033056232892,716.4961878489623,4464508
2023-07-19,716.8882446289062,720.8578762159381,714.5358393351792,717.3783240797535,1039827
2023-07-20,717.9174194335938,721.3479756847245,713.6536921984107,718.8975783624883,1423489
2023-07-21,713.9968872070312,720.7599489021711,711.8895212747983,714.3399189522031,1491198
2023-07-24,720.7108154296875,725.5626138702457,713.9967510040473,715.5159853093946,1919024
2023-07-25,734.384033203125,737.0794700950951,718.6034993288872,723.0142142430201,3210148
2023-07-26,737.7166748046875,750.2137017078385,730.2184347331345,738.0107105316952,5868377
2023-07-27,733.8939819335938,743.7935629689136,727.1799173474013,738.9418242364873,2243079
2023-07-28,745.6857299804688,750.7181224063677,733.2526648040626,740.0612524168331,3257195
2023-07-31,767.5421142578125,769.663647119252,744.4029156120257,748.5965957405601,5854918
2023-08-01,755.2078247070312,770.6504604571763,751.5075183988182,768.6276383872878,2590545
2023-08-02,751.3594970703125,763.6445253196139,741.5906649139196,756.835938031663,3017482
2023-08-03,763.1017456054688,769.1702715174681,743.4161659266601,751.3594774037994,4135776
2023-08-04,764.9766235351562,769.5650272444443,758.5627595519527,766.1607335465535,2758619
2023-08-07,780.9126586914062,784.1195907895271,760.9803302208951,766.752783906977,4175164
2023-08-08,773.8080444335938,794.3323974401972,754.1717287790091,783.2314788424304,11993737
2023-08-09,780.6165771484375,796.1578632936958,773.610688119523,782.1954106069334,7007648
2023-08-10,792.1614990234375,808.936219611589,781.5046297538788,782.4913780237702,8064730
2023-08-11,790.4346923828125,799.7101502435531,783.7248161687812,796.207205918157,9040236
2023-08-14,776.7189331054688,783.6754964379,760.8815750219807,770.6504070897083,17841454
2023-08-16,765.8153686523438,775.5842013862948,762.2137733186056,775.5842013862948,11481440
2023-08-17,798.9207153320312,802.8183225951752,766.5553257408245,767.6901102771395,14011644
2023-08-18,824.8228759765625,838.341278651865,793.6415955297225,796.3058278167553,22502392
2023-08-21,846.778076171875,852.6491803649641,827.3884480221452,828.9672212086952,17432300
2023-08-22,843.1763916015625,857.4842414297926,842.0416070074104,852.4518493738456,8037324
2023-08-23,814.7581176757812,851.0211192283081,809.2322908272117,847.1727766056674,4748732
2023-08-24,811.4524536132812,833.2103021632565,809.330980869576,822.9480955858002,4692796
2023-08-25,795.9111328125,819.3957898880537,792.8522372571136,812.093828578226,4442243
2023-08-28,796.7498779296875,813.0805492460993,787.9184691420028,805.1865633310886,5067265
2023-08-29,812.6365966796875,819.7905222619302,789.4480103096597,798.7727943207474,5935085
2023-08-30,807.850830078125,821.961318457763,805.7786225512536,817.0275770504535,8592012
2023-08-31,781.7020263671875,800.1542318835733,777.2616589543516,793.2469936858284,9998925
2023-09-01,788.9052124023438,797.2925723841072,769.3182840648761,769.663621855945,11900199
2023-09-04,790.4346923828125,800.9929109537402,785.0075768789683,796.848556160083,12522148
2023-09-05,794.2830200195312,800.1541841828761,786.9317334734778,794.3323453870214,10483413
2023-09-06,796.355224609375,797.7860217276235,789.8427097470317,795.3191509121392,6729598
2023-09-07,799.1674194335938,802.1769895043864,794.3816543591427,798.9700577413724,9787939
2023-09-08,814.0673828125,817.8170144698836,799.4141940124107,800.154255269513,11683222
2023-09-11,870.7560424804688,875.443096868329,823.9348239712089,828.8685654321143,20638175
2023-09-12,847.3701171875,877.712627933952,841.7456397355731,877.712627933952,8036897
2023-09-13,838.4400024414062,855.708096865241,831.9768134308948,847.6167491470917,7180448
2023-09-14,838.5386962890625,846.4820080871599,829.8553232633225,842.7323765790377,6234825
2023-09-15,834.4437866210938,843.2751363879289,830.3487567781752,834.789124461481,4013431
2023-09-18,820.2345581054688,836.8119181819114,817.1756623402126,836.8119181819114,2801202
2023-09-20,807.2093505859375,826.5002657938222,804.1997806300726,820.9744999806386,3016411
2023-09-21,820.0864868164062,831.2367907708463,809.1336047932758,810.268389427118,6437320
2023-09-22,816.0902099609375,827.5858523168409,811.2057935883245,822.8494722871077,3156509
2023-09-25,814.7088012695312,820.6786167564293,808.0975752630214,817.7183716991569,2395763
2023-09-26,810.4656982421875,819.9878434997166,808.1468638101901,815.1527527026251,1569635
2023-09-27,819.6917724609375,821.9612813606042,810.613676635938,814.8566820094596,2463842
2023-09-28,812.1925048828125,830.200661429725,808.2948972633175,822.2080242583424,5057959
2023-09-29,814.2153930664062,821.4679690630951,811.4031242437212,815.5474791959737,1468496
2023-10-03,820.3825073242188,825.6615862951485,813.3272333478054,815.0540427604334,2453090
2023-10-04,813.672607421875,834.2463451912364,808.492178952993,819.9384951343241,4096647
2023-10-05,814.2647094726562,820.9745858695924,809.380293340785,819.8398012336851,2083505
2023-10-06,819.7412109375,825.4150140827189,815.4488796051318,819.0011496576889,1877058
2023-10-09,779.5804443359375,807.9494565768838,774.5973777093162,804.1998252650864,5994282
2023-10-10,808.6401977539062,812.784552484428,789.9413062120726,789.9413062120726,7591327
2023-10-11,804.0517578125,816.4354960750318,801.5848872783433,816.4354960750318,3281387
2023-10-12,804.1505126953125,812.3405112708141,801.7822927626287,807.7027823680036,2563606
2023-10-13,802.9664306640625,813.8699873546942,795.1710949885863,801.2396211357527,3801000
2023-10-16,794.9737548828125,807.653445855496,792.6055349828065,807.653445855496,2664794
2023-10-17,794.4310302734375,803.6078376217964,793.3456312366583,801.2396176171226,2162192
2023-10-18,788.0171508789062,798.3286824313492,784.8596045697388,798.2300316940634,2271927
2023-10-19,782.3433837890625,786.7344258716187,777.0149789807399,786.1917263392438,2862500
2023-10-20,783.1328125,792.3588850158138,778.1990709992789,781.3072920089312,2434862
2023-10-23,761.2269897460938,785.2542868131391,759.6975419230141,783.1328140992986,2002377
2023-10-25,758.9081420898438,772.9693062662452,750.964829810899,762.2631106154512,2581498
2023-10-26,760.1414794921875,761.5722764796167,744.5015440425296,753.8756522842845,3855358
2023-10-27,772.0318603515625,775.9788533794818,762.8057280130005,764.6312484242136,2995404
2023-10-30,774.597412109375,783.8728701793085,769.466308926568,775.4855096660223,3522068
2023-10-31,774.3507080078125,780.6165354570677,772.1305243913517,779.3337747461574,2825760
2023-11-01,758.9081420898438,780.0245811540636,757.0333563354611,774.3507780653403,2693768
2023-11-02,764.0392456054688,773.1173425924736,761.8190617881962,766.604827485677,1741799
2023-11-03,784.859619140625,788.214527212983,766.9994388378548,769.6636712837195,4310765
2023-11-06,791.8655395507812,795.5658458103643,788.7079328306692,790.8787912148924,2270316
2023-11-07,786.9810791015625,797.6873340812521,785.4516313119884,792.3588692757874,2394891
2023-11-08,807.850830078125,812.8832222230465,789.4479505383263,791.3721217324442,5123208
2023-11-09,795.5164794921875,816.7315676218188,787.5237822470831,814.067335206784,4982049
2023-11-10,797.8846435546875,807.9494881623851,795.5164837934467,797.2926186709614,3903183
2023-11-13,799.1180419921875,817.0275467265456,796.7992077073496,799.2660783194467,1050882
2023-11-15,800.0061645507812,807.1600895498478,798.3286804367676,807.1600895498478,1694698
2023-11-16,802.818359375,807.5547991989318,797.3912439508845,803.6078061632114,1689762
2023-11-17,799.3154296875,811.0577582735837,798.328681410563,800.94358843498,3218979
2023-11-20,792.950927734375,805.1866310218103,790.4840569285483,799.3154664586752,3227659
2023-11-21,790.730712890625,804.101200313092,788.7078909547212,794.3323682159271,3643664
2023-11-22,781.406005859375,794.2830591785266,778.1003629058868,793.3456362446617,3212329
2023-11-23,782.590087890625,794.0364048220174,780.9619892580905,784.4649338356106,3776615
2023-11-24,785.007568359375,792.3095295940158,774.5973862329757,785.3529663871266,4421350
2023-11-28,826.5990600585938,843.0777686561142,795.3191270129415,795.3191270129415,15929818
2023-11-29,824.4775390625,838.736064199153,822.2573553631493,838.736064199153,8057644
2023-11-30,814.5606689453125,827.8817701333945,812.0937983549269,827.8817701333945,5998210
2023-12-01,816.8302612304688,828.0792163615255,814.5607521008945,828.0792163615255,2932775
2023-12-04,867.0064086914062,871.6440774711571,847.12340656672,853.5372704487045,11064795
2023-12-05,999.6746826171875,1010.7263358927662,868.3385074551334,872.2855006708385,46564412
2023-12-06,1004.4603881835938,1068.1549753619913,994.7408818331835,1031.1519161693127,41008947
2023-12-07,1025.8729248046875,1044.7197938066738,1008.1114548745621,1015.3640310054946,14840081
2023-12-08,1009.3941650390625,1041.0194353667864,979.1503061674932,1034.1121974070068,12202462
2023-12-11,1018.2255859375,1034.1122093377458,1002.1909262030168,1013.1931937421351,7889666
2023-12-12,1028.142333984375,1034.5561978781082,1009.6901891173189,1023.3073637189292,4902289
2023-12-13,1049.40673828125,1060.7543428794959,1015.1666230223916,1031.1518961014633,8151639
2023-12-14,1060.4583740234375,1075.4570207972376,1048.913466831108,1065.6881883138258,8004131
2023-12-15,1064.25732421875,1072.1019242640073,1052.9097198662087,1064.7013127297412,11672787
2023-12-18,1079.7987060546875,1087.7913431436982,1058.5342321428532,1064.701408978922,5448342
2023-12-19,1059.7677001953125,1084.4364083004175,1054.4392351540746,1080.4894150036007,5993252
2023-12-20,998.7373046875,1069.4871088196282,991.6820303314237,1063.7146554201738,8467564
2023-12-21,1005.4472045898438,1014.377264768462,976.1407676772384,982.9493551207912,5352057
2023-12-22,1013.8838500976562,1037.0230489090845,1005.4964897805467,1020.2977138695636,5252106
2023-12-26,1015.1173095703125,1027.2049761970306,1012.5024024952226,1020.3963888636916,2176775
2023-12-27,1010.824951171875,1023.3073408691827,1004.509738157756,1023.2579552746492,2803997
2023-12-28,1003.4736328125,1017.5347349795326,1001.2041239100654,1015.9066967487493,4865603
2023-12-29,1010.775634765625,1021.1858779005034,1004.115083491862,1008.2594385519158,2429250
2024-01-01,1033.9642333984375,1043.9303676326988,1009.4435610165765,1012.9465658365621,3989711
2024-01-02,1064.109375,1068.5497422840251,1017.4361329224016,1033.9641667018282,6344621
2024-01-03,1079.7493896484375,1128.8401204092415,1048.6668164029034,1090.3569344861992,33060778
2024-01-04,1108.3155517578125,1116.0122360495645,1088.9260456103289,1102.1977609791013,9771995
2024-01-05,1138.9542236328125,1144.6280263496317,1110.486559309393,1114.1374798330596,10622789
2024-01-08,1153.3607177734375,1166.3364819123196,1136.7340331328191,1144.6280194740193,8760094
2024-01-09,1181.236328125,1213.6017195127085,1162.8828344215242,1166.3364533612573,14701104
2024-01-10,1198.2578125,1203.832964664597,1181.1377530356742,1203.832964664597,7036728
2024-01-11,1187.0087890625,1207.3851650289057,1184.0979298327293,1204.8196436048022,3721202
2024-01-12,1191.103759765625,1202.5994006914857,1185.1340052686628,1194.3600770931785,3912779
2024-01-15,1187.15673828125,1199.2444037613052,1173.3422634469011,1197.9123177785252,2825654
2024-01-16,1177.5361328125,1195.9390138404322,1171.0730033178916,1187.6503035153585,3173587
2024-01-17,1151.38720703125,1188.7356053583012,1144.0852456648868,1164.3629710105886,5268593
2024-01-18,1138.7568359375,1168.6059697095482,1128.2972084023536,1155.5315557432791,5918594
2024-01-19,1137.177978515625,1151.3379123397729,1134.7604934714705,1146.8481595975795,2732559
2024-01-23,1122.031494140625,1191.202527501505,1115.2722922177195,1183.259275771914,7201014
2024-01-24,1105.7501220703125,1131.553614233403,1103.5299383929414,1122.9195665991826,18373913
2024-01-25,1131.109619140625,1140.4343423506123,1096.8693810203808,1107.2796237173911,4305042
2024-01-29,1180.7923583984375,1188.9330317432252,1135.7472751334112,1139.694268270278,6768033
2024-01-30,1171.6156005859375,1201.0700140214835,1165.3497728074403,1184.097990998246,4683729
2024-01-31,1191.6466064453125,1198.1591211230811,1175.858633673668,1179.9536632018478,5510242
2024-02-01,1202.6981201171875,1223.0744962427461,1184.3940117471582,1197.5176916337068,7433628
2024-02-02,1244.7335205078125,1270.4383603685692,1215.3777603361893,1216.7099668237572,10450227
2024-02-05,1241.8720703125,1274.1386902206607,1232.3005399226877,1252.6769155741558,5611298
2024-02-06,1256.229248046875,1267.5768535999189,1232.3006015545868,1249.2233591437914,4408002
2024-02-07,1239.010498046875,1269.3036219682715,1235.5568790775387,1263.0377945001524,3359763
2024-02-08,1228.698974609375,1247.7432655946986,1220.3609993865114,1247.2992770264477,3354609
2024-02-09,1254.6505126953125,1258.5975060502328,1215.772604058811,1236.000945002778,3538164
2024-02-12,1232.7939453125,1262.7911172557995,1227.4162153423329,1261.0643077576963,2204823
2024-02-13,1248.039306640625,1254.157097961808,1210.3948346450995,1233.3859979222837,2245009
2024-02-14,1251.048828125,1264.5673523233731,1232.1033086422785,1245.2269889711124,3382943
2024-02-15,1250.2593994140625,1260.6202558821944,1245.3749233789154,1258.1039997017247,3382824
2024-02-16,1289.531982421875,1293.6270119277415,1248.7793501987296,1252.9730304433467,5476230
2024-02-19,1289.679931640625,1309.4148961645826,1284.8942268340982,1295.9951443788243,2700240
2024-02-20,1283.2662353515625,1295.501939040991,1276.5562983581947,1293.627093076431,1856718
2024-02-21,1273.8919677734375,1297.5739253462978,1264.4684739748375,1287.5091415588981,2770510
2024-02-22,1293.57763671875,1299.5475121195027,1264.0245732916349,1278.8257978032464,2556009
2024-02-23,1303.1983642578125,1314.3486676524474,1280.7992271868445,1294.6630882661973,2924829
2024-02-26,1320.417236328125,1325.202941400504,1299.3007990239118,1302.507730937204,2802425
2024-02-27,1311.8323974609375,1321.4531927860792,1296.8338724171676,1319.1343585161935,2197456
2024-02-28,1282.2794189453125,1317.2103329401675,1277.987087920486,1316.81560952868,2121625
2024-02-29,1303.0010986328125,1312.276556518991,1275.9149066340467,1282.7727589720987,2672239
2024-03-01,1304.5799560546875,1331.123510487789,1295.008545338997,1317.3090337295762,3301090
2024-03-04,1324.8082275390625,1338.5734384299365,1318.6904363337887,1327.4231345931144,2170214
2024-03-05,1320.5653076171875,1336.9945705688128,1316.322241715446,1326.2391103832024,1815438
2024-03-06,1307.244140625,1326.7816838654687,1286.7197286736778,1324.9068380843828,2758443
2024-03-07,1307.8853759765625,1317.6542074149095,1297.5739052904903,1312.1778270824298,1640786
2024-03-11,1309.3656005859375,1324.5615484045793,1304.5306303073141,1313.36197935784,2217673
2024-03-12,1284.0556640625,1329.1006294578208,1276.309593225087,1317.3090349663469,3139768
2024-03-13,1193.521484375,1290.6668087649618,1172.3556605376384,1289.680060440218,8670336
2024-03-14,1251.048828125,1259.0908509894882,1179.8549130478727,1193.9654621452044,7195603
2024-03-15,1265.998046875,1271.77050023904,1239.9972537128795,1256.920010854003,4024586
2024-03-18,1249.8153076171875,1253.2196613465421,1210.986788124349,1233.435310780555,4858444
2024-03-19,1224.751953125,1255.9825611998542,1220.8543454849619,1254.2064865150046,2311324
2024-03-20,1228.8963623046875,1236.3462397307842,1213.897715807248,1231.4618838054141,2772098
2024-03-21,1245.7203369140625,1251.8875137581708,1234.7181897863113,1243.3028517722412,3155563
2024-03-22,1264.6165771484375,1272.0171892811563,1238.4184824702163,1245.7203234123615,3076926
2024-03-26,1286.9169921875,1296.5871730135682,1264.0244814538667,1264.616506300783,3610644
2024-03-27,1305.270751953125,1325.2030202342517,1294.7124724465914,1297.5740667222942,4938400
2024-03-28,1324.0682373046875,1340.694922760308,1296.5873200978674,1316.3222869182307,4188741
2024-04-01,1357.6669921875,1363.4394455759737,1332.3568745351608,1338.8201239961445,3251462
2024-04-02,1385.5426025390625,1406.0668942112914,1369.8038954163026,1379.2767751371289,5769001
2024-04-03,1378.6846923828125,1383.4211324581756,1370.7907058923236,1381.2995994983219,2727582
2024-04-04,1348.7369384765625,1389.9336814894582,1344.1979202231623,1389.9336814894582,4197697
2024-04-05,1357.3216552734375,1363.5874828095518,1339.3627641664004,1348.8849092328655,1853120
2024-04-08,1330.7781982421875,1363.6368463200026,1319.2825557711474,1363.6368463200026,14038860
2024-04-09,1338.5240478515625,1346.8127575314466,1328.2618416027854,1338.1787100425406,1935801
2024-04-10,1334.3798828125,1341.879146411972,1330.3341180912698,1340.9910487791976,3984001
2024-04-12,1326.386962890625,1340.3988604540116,1323.2294166397407,1332.110150979605,2183230
2024-04-15,1298.1168212890625,1317.3090282385074,1291.2588480839295,1302.5078032021197,3372368
2024-04-16,1287.0650634765625,1304.4811942835138,1277.2469665115473,1284.74622916576,2696593
2024-04-18,1278.3817138671875,1318.7890055879755,1273.8919612525824,1298.5112813389464,6219274
2024-04-19,1292.6402587890625,1298.5607485239743,1253.1703272229843,1263.0378101145038,3899281
2024-04-22,1303.59326171875,1313.3620947787151,1297.5741206867094,1303.59326171875,8903130
2024-04-23,1304.5799560546875,1320.8120385171944,1301.4224095481673,1303.593207714815,3847872
2024-04-24,1303.0010986328125,1315.236801347388,1300.5836135373563,1313.3619555322025,2553035
2024-04-25,1312.91796875,1319.2330613635813,1299.3501799349815,1303.0011003805,6097087
2024-04-26,1307.0467529296875,1323.8214737581216,1303.5931339355982,1322.242700594215,2565490
2024-04-29,1299.794189453125,1318.0490328806313,1289.6800194459931,1316.6182960363012,2191564
2024-04-30,1307.3428955078125,1316.963691791546,1298.807498304016,1306.0108093436772,2321071
2024-05-02,1321.05859375,1330.8273049775985,1289.2359629652688,1316.27276841714,7991511
2024-05-03,1302.8038330078125,1336.0572026474363,1293.0842658583197,1335.0704543441516,3528822
2024-05-06,1272.85595703125,1304.974663276324,1240.3426478172698,1304.974663276324,4000668
2024-05-07,1270.58642578125,1283.9075273405438,1248.2365535190122,1273.9906591097797,3474340
2024-05-08,1260.32421875,1276.5561794931348,1252.232931175538,1276.2108416916642,1627418
2024-05-09,1228.0576171875,1268.7609836424558,1223.5678643429155,1262.0510471730556,2591646
2024-05-10,1249.96337890625,1261.7549726260538,1229.2416651055544,1233.4353452795046,2022402
2024-05-13,1289.0880126953125,1295.6005274326953,1244.9310259454169,1250.210105298724,2495810
2024-05-14,1313.608642578125,1322.1440392570541,1268.218221876834,1289.0879720072007,2989543
2024-05-15,1320.1212158203125,1336.0078396817635,1315.3355105588519,1320.1212158203125,2189768
2024-05-16,1327.2259521484375,1348.6383437399318,1293.1337475552812,1334.2811066790957,4822618
2024-05-17,1317.9996337890625,1325.499017104088,1303.6425185390171,1312.3752167554646,1945123
2024-05-21,1367.1397705078125,1380.2635710871164,1315.3354847253079,1326.1897160321182,4200578
2024-05-22,1359.9364013671875,1375.872409828788,1346.121925751402,1375.872409828788,1878562
2024-05-23,1424.22314453125,1429.6009950749221,1351.7465295777577,1365.6596566131225,7821034
2024-05-24,1397.334228515625,1425.801892574012,1363.8341722718799,1415.9837952756436,19100263
2024-05-27,1412.67822265625,1437.7416534757822,1404.7348506890223,1425.8512883228855,5517078
2024-05-28,1381.9410400390625,1418.944102517795,1379.474169207147,1418.944102517795,4070886
2024-05-29,1391.31494140625,1408.9283724250101,1364.5740896725908,1387.367948664672,3214475
2024-05-30,1365.1663818359375,1394.9168695421977,1355.446934396959,1391.315213869658,3477661
2024-05-31,1418.35205078125,1431.7718037625068,1372.566904916366,1372.566904916366,8238969
2024-06-03,1562.9599609375,1599.9137579740861,1514.6586786180155,1528.4731551656719,23398347
2024-06-04,1232.3992919921875,1537.3539148804493,1172.2570288048614,1537.3539148804493,52109624
2024-06-05,1336.649169921875,1349.8716207064633,1145.2200073363092,1264.0245220211837,20879925
2024-06-06,1335.02099609375,1385.3945424160854,1326.9790942217733,1365.6595774244033,12153840
2024-06-07,1360.577880859375,1366.64640704618,1337.0933433925686,1339.7081300475213,5884018
2024-06-10,1365.7091064453125,1396.5942576292668,1362.9461628752447,1385.3946879108369,4843234
2024-06-11,1384.8519287109375,1399.9986123011925,1365.7091070127979,1372.5669598894049,4122878
2024-06-12,1375.477783203125,1395.7061239207806,1372.172200395897,1393.0419516170869,3258265
2024-06-13,1385.838623046875,1392.30187269225,1369.6560470403738,1384.9999110695233,2839159
2024-06-14,1417.7978515625,1428.9959961755226,1382.8657372315797,1396.2935912699802,5651491
2024-06-18,1431.9688720703125,1445.4462019664916,1421.1176684517554,1433.950835907088,5651898
2024-06-19,1435.3382568359375,1438.9057676030418,1407.640239209828,1432.9598760013764,4484742
2024-06-20,1456.1488037109375,1463.4820938422383,1431.0769136722852,1446.1399108821538,4905603
2024-06-21,1472.1036376953125,1485.3828195769331,1456.743417981898,1466.603639668204,25891893
2024-06-24,1447.0814208984375,1466.3064952997838,1437.122003717611,1461.5497334586025,3009931
2024-06-25,1443.0184326171875,1455.6534528468321,1424.0411035293548,1452.9282524051441,3343186
2024-06-26,1454.5633544921875,1461.202885168915,1437.9644068308926,1445.7435909439325,3217949
2024-06-27,1472.1036376953125,1480.5269839897655,1445.8426168949584,1462.2928925231724,7803408
2024-06-28,1464.7703857421875,1480.527022829651,1431.968907623056,1466.6532756277668,11534763
2024-07-01,1461.202880859375,1477.9504999576604,1458.3290090191645,1469.6262274089204,3372730
2024-07-02,1461.5496826171875,1476.1666661582008,1441.9283128861898,1466.1577728087577,5368562
2024-07-03,1497.02685546875,1500.3466206931662,1457.5362503134882,1466.4550875567104,4435563
2024-07-04,1490.090087890625,1506.2926191726983,1480.873907030263,1500.9908897399011,2980840
2024-07-05,1486.9188232421875,1495.887258306143,1480.4279640306272,1494.400785376392,2111633
2024-07-08,1461.99560546875,1487.5133886957783,1455.752371281729,1482.5088818498753,2177821
2024-07-09,1464.67138671875,1490.3873210680017,1461.6984407375887,1466.6533507061908,2256634
2024-07-10,1474.383056640625,1480.9729901143214,1446.8337088648577,1478.5451326207997,2082079
2024-07-11,1470.468505859375,1484.9864152608582,1464.57221179084,1481.5179785218438,1765496
2024-07-12,1473.292724609375,1483.4998864443078,1467.7928477122548,1476.5630132278013,2018935
2024-07-15,1481.5675048828125,1491.4277261797354,1471.9054315736746,1480.5269255232722,1913095
2024-07-16,1485.531494140625,1496.977262723976,1479.7837506223423,1482.5089508997316,2170314
2024-07-18,1480.427978515625,1490.6846176373663,1458.923597339801,1476.5631246665619,3263419
2024-07-19,1456.0498046875,1488.6530135556015,1452.2840249487683,1479.0901346636576,2568243
2024-07-22,1454.1173095703125,1461.69834552234,1429.5410303086383,1456.7434358765017,1721261
2024-07-23,1493.7564697265625,1503.3194687878267,1406.2032473368004,1454.7613580623135,5987213
2024-07-24,1471.4100341796875,1499.90076497947,1466.6532724757599,1494.4007668198958,2201442
2024-07-25,1473.590087890625,1485.927764179527,1453.621778376626,1457.73437746275,2211808
2024-07-26,1528.8372802734375,1533.9408610989356,1476.562986619622,1482.409803847781,4500728
2024-07-29,1534.733642578125,1544.9408046851293,1526.1121483098775,1533.9409296282186,1928637
2024-07-30,1532.3057861328125,1542.8597677218982,1522.1482215036378,1540.580460929514,2800881
2024-07-31,1555.7425537109375,1563.6704091387587,1533.049043354905,1542.9588626396812,2622023
2024-08-01,1575.8099365234375,1590.476396471689,1554.3551535948734,1566.6928302069284,7160588
2024-08-02,1573.6793212890625,1585.2737616034651,1536.2201555557267,1565.7018682813878,4313297
2024-08-05,1480.37841796875,1549.3507401111794,1458.2795922271616,1526.1122608899657,7147230
2024-08-06,1480.6260986328125,1525.864448579361,1474.6802069676226,1511.148390901911,3159971
2024-08-07,1529.8779296875,1533.8913338639873,1500.5447682102306,1506.292511708486,2258441
2024-08-08,1505.301513671875,1541.9678441563117,1500.1484561537425,1524.1301698665857,2468123
2024-08-09,1519.9681396484375,1529.5806160260854,1505.301558628846,1527.598652156923,1503033
2024-08-12,1487.8602294921875,1510.5041414186253,1444.2074289774584,1486.4728306563477,9230512
2024-08-13,1470.072021484375,1503.7654054040577,1466.157691446199,1492.2700397900596,2485446
2024-08-14,1448.7659912109375,1474.5811190005857,1438.9057693473455,1474.5811190005857,2648057
2024-08-16,1479.9818115234375,1483.697993501185,1443.9101685683402,1457.9324651221352,1985315
2024-08-19,1482.954833984375,1493.40974154489,1476.5630490390752,1487.4142525888553,1343387
2024-08-20,1479.090087890625,1496.3826737122934,1472.8964509961204,1491.3781667137455,990643
2024-08-21,1489.94140625,1503.319662973894,1479.0902019617442,1485.581061346094,1551436
2024-08-22,1478.8424072265625,1495.8872483194575,1476.9595173342195,1493.409793453079,1442064
2024-08-23,1477.851318359375,1489.4457579073942,1472.6981400284476,1479.535939158842,1181075
2024-08-26,1469.1802978515625,1483.4999382464462,1466.6532455609488,1482.0134653624316,1087057
2024-08-27,1465.0181884765625,1483.4009526251941,1462.2929880268423,1471.509168844597,910064
2024-08-28,1456.5452880859375,1472.9955639185698,1453.7704902960832,1466.0586904134077,1225101
2024-08-29,1462.739013671875,1469.6262901096131,1439.5004134414537,1458.775085714735,3359850
2024-08-30,1468.5361328125,1473.5901164153224,1452.7794960758995,1467.5946274059377,1996592
2024-09-02,1481.0224609375,1485.977370475598,1465.4640933756607,1476.5630423532118,2054244
2024-09-03,1466.207275390625,1484.589916513046,1463.2838062899639,1481.0224059719117,882478
2024-09-04,1458.824462890625,1461.8470061399098,1447.874185236398,1458.7253888923394,1122071
2024-09-05,1452.3336181640625,1463.4821648939476,1449.8065658508322,1463.4325674095805,959956
2024-09-06,1429.392333984375,1455.50468317025,1414.6762767858756,1452.3830659537266,3340767
2024-09-09,1422.950927734375,1428.5994761501117,1398.2754543461376,1418.0950922532409,1621371
2024-09-10,1440.2930908203125,1450.797474570715,1422.059000006131,1426.0229275322806,1542798
2024-09-11,1417.69873046875,1444.702988168007,1412.2483298322027,1441.829116365751,1637596
2024-09-12,1459.3199462890625,1461.6983270829564,1427.2121079951764,1430.9778876662976,4003674
2024-09-13,1439.0048828125,1462.3425564051672,1436.9238448862156,1459.6668325261062,1683544
2024-09-16,1427.7076416015625,1447.9732949844433,1425.8248726792326,1441.9778058217273,1673805
2024-09-17,1413.73486328125,1431.9689558401694,1407.2934804349102,1429.7888438799694,1321316
2024-09-18,1415.9150390625,1426.270751909698,1402.2890374375158,1417.1041689983451,1421406
2024-09-19,1395.500732421875,1425.0320428946875,1381.8747306209,1420.0771331488784,2072872
2024-09-20,1425.7257080078125,1439.9463960145602,1396.49173997162,1406.1538141530734,4407151
2024-09-23,1443.0184326171875,1445.7931095761273,1430.829305890209,1434.941905296107,1139915
2024-09-24,1443.513916015625,1452.6309017848098,1433.9509157766397,1443.0184250288328,1537307
2024-09-25,1439.4508056640625,1450.7975000189087,1425.2301186389843,1445.8425905243087,1227806
2024-09-26,1459.3199462890625,1462.4415635204562,1434.9418153329632,1443.7119811015666,2066994
2024-09-27,1443.5633544921875,1471.6081919933872,1439.3516812154387,1471.6081919933872,2694100
2024-09-30,1435.1400146484375,1455.5047421519541,1430.9779388373936,1443.563361241317,2042408
2024-10-01,1454.2659912109375,1459.56772037512,1434.9418434571976,1435.1399914566257,1687795
2024-10-03,1412.347412109375,1455.7524694571537,1401.4466107723915,1439.64901293661,3967953
2024-10-04,1400.9510498046875,1433.356230196296,1391.536721847675,1411.9510455616141,2611371
2024-10-07,1342.9786376953125,1411.0591675776957,1324.9428152989274,1397.2844948178665,4531821
2024-10-08,1405.7574462890625,1411.505068824102,1329.897732179697,1329.897732179697,3031170
2024-10-09,1395.4512939453125,1420.0275743727752,1391.685514048054,1411.9015705559286,1507508
2024-10-10,1404.4195556640625,1417.1537703567087,1394.1629167885694,1404.2214076640382,1628495
2024-10-11,1395.5504150390625,1413.9826562239882,1392.527871521946,1402.4376916180872,1158809
2024-10-14,1397.5819091796875,1413.140277592884,1394.460291805976,1405.2124218981132,762384
2024-10-15,1407.49169921875,1411.8519229836586,1394.3115910153915,1403.180830999732,1018477
2024-10-16,1391.1405029296875,1405.6088151343617,1379.4468675896287,1405.2123981624236,1450465
2024-10-17,1382.1224365234375,1395.3025444575944,1375.037012565442,1391.1404687781094,1418861
2024-10-18,1392.9241943359375,1397.8296275335324,1363.5911530286353,1376.4739182825394,1290065
2024-10-21,1363.0955810546875,1400.15832769965,1358.9335055308575,1397.1853820484948,1644382
2024-10-22,1350.5596923828125,1374.591004065672,1341.6904525412576,1362.3028040009544,2467299
2024-10-23,1328.361572265625,1358.4379681846412,1323.1589175538263,1350.5101133857102,1916219
2024-10-24,1342.1859130859375,1346.7444056440393,1324.1499698767927,1332.8706590075299,1115993
2024-10-25,1306.8077392578125,1355.6631936749673,1292.389025678695,1347.7353387411956,2078274
2024-10-28,1340.0057373046875,1351.7984466411212,1291.39814549633,1314.8843691991415,2126411
2024-10-29,1360.3209228515625,1365.0280872817998,1310.0781845839783,1352.3930669690574,3790528
2024-10-30,1383.60888671875,1402.140320915167,1345.8030238364593,1367.505430770117,2526884
2024-10-31,1363.54150390625,1395.3025223518339,1359.7262477655884,1395.2529248687915,1891761
2024-11-01,1381.8253173828125,1385.3432308817464,1365.9696054701456,1373.9965354320368,243881
2024-11-04,1337.0823974609375,1382.4198217217029,1323.9518866094588,1381.6269877730683,1700308
2024-11-05,1317.36181640625,1340.8481609420655,1284.213518934729,1337.8256176403474,4852958
2024-11-06,1357.645263671875,1369.5370470033074,1303.3394047372096,1318.0059859004334,3645515
2024-11-07,1340.897705078125,1360.568673365235,1337.8256851062217,1360.568673365235,1292794
2024-11-08,1349.81640625,1354.9695846523318,1326.5283318682134,1340.89756925272,1400491
2024-11-11,1335.7445068359375,1345.7038021973922,1326.9743413485623,1342.8795280193517,1269498
2024-11-12,1314.0419921875,1342.5823191386364,1308.096100820136,1335.8931913503516,1038042
2024-11-13,1276.28564453125,1317.262722908168,1273.2631012742713,1310.0781039568162,1437072
2024-11-14,1253.146240234375,1284.9567357971332,1249.2813865373355,1278.3170843254316,2963013
2024-11-18,1267.7633056640625,1277.2767085551754,1249.9256298796704,1252.6012328595368,1445637
2024-11-19,1278.0198974609375,1309.5330509249943,1270.4388613409437,1273.4118071943158,2631778
2024-11-21,1104.5980224609375,1150.2326673423115,986.6711738593333,1150.2326673423115,46926687
2024-11-22,1126.498779296875,1145.476108635733,1044.4950194668188,1062.927260322337,27086168
2024-11-25,1156.27783203125,1180.6559647431038,1129.4221233798187,1174.3136558257604,10532688
2024-11-26,1118.669921875,1163.858673462424,1109.2555935872251,1161.4804136179332,5802555
2024-11-27,1189.1287841796875,1220.5924621946194,1092.062147163934,1092.062147163934,24434211
2024-11-28,1157.0704345703125,1215.8357092382626,1152.6606135323545,1185.8585069621258,15602469
2024-11-29,1179.318115234375,1204.6376314161282,1158.35882284687,1164.4037885338741,9412850
2024-12-02,1204.8359375,1209.889921394994,1178.6739890812626,1191.0612638089337,6941125
2024-12-03,1277.02880859375,1297.6907563509194,1208.9978791509138,1215.885154746815,16753958
2024-12-04,1258.1011962890625,1289.2675305577206,1250.6192340998027,1289.2675305577206,4874025
2024-12-05,1265.533447265625,1273.2135567690143,1242.889414728446,1262.5109041700528,4369917
2024-12-06,1247.69580078125,1270.9342777845322,1244.7723316151908,1267.4658411589994,2232531
2024-12-09,1255.4254150390625,1266.0289941130634,1237.7364120471748,1246.4571012884585,2849557
2024-12-10,1237.4886474609375,1261.4208845366586,1233.177900390403,1261.4208845366586,2406907
2024-12-11,1222.673583984375,1247.0021183883398,1219.651040635027,1242.7904450812516,2595435
2024-12-12,1232.781494140625,1256.5650599439812,1212.4167675337128,1222.6735270619872,5457302
2024-12-13,1248.587646484375,1250.6192078484642,1218.9077857794064,1230.74997157053,2818291
2024-12-16,1231.939208984375,1250.470522665187,1229.7589761593258,1246.6552664331932,1337624
2024-12-17,1220.7906494140625,1248.1417261667355,1217.9663751406483,1223.9617431650058,2684726
2024-12-18,1199.1378173828125,1227.727623886413,1196.3630193952624,1224.8537518927683,1931870
2024-12-19,1194.1331787109375,1198.0971062751232,1174.313540890009,1176.7909956176252,1541271
2024-12-20,1171.78662109375,1204.935041676757,1165.5929835748193,1194.1333136498451,3045185
2024-12-23,1181.05224609375,1188.187267200411,1163.6604658132464,1179.2188328508528,1540796
2024-12-24,1171.538818359375,1192.250365404747,1169.3587064470103,1187.1963816301002,1380778
2024-12-26,1232.73193359375,1237.736440769278,1171.8857393659403,1176.2955606029886,3827047
2024-12-27,1219.6014404296875,1239.6688249657677,1214.696128153103,1237.1913700847701,2595142
2024-12-30,1207.511474609375,1247.4480945414875,1201.0700921022262,1222.6239489530706,8312636
2024-12-31,1219.997802734375,1225.6464721916088,1197.2548163337597,1210.979891565547,1717204
2025-01-01,1207.7095947265625,1220.6915544091694,1195.4709924394012,1211.9708652899408,1937930
2025-01-02,1214.94384765625,1217.3222284850347,1197.2052468938014,1212.7637357953904,3772207
2025-01-03,1188.732421875,1226.4392117093787,1186.2053695670802,1223.3671919219385,3040564
2025-01-06,1152.5615234375,1190.070163385846,1147.606614039582,1188.7323620423017,2298522
2025-01-07,1163.412841796875,1171.4893691088666,1151.5706555513852,1152.5616375290656,2010913
2025-01-08,1141.9085693359375,1172.8767558148315,1130.8094987202148,1172.8767558148315,2900996
2025-01-09,1122.138427734375,1146.2688149013243,1119.7600467739069,1146.2688149013243,1884725
2025-01-10,1102.1700439453125,1127.1428609315944,1096.3233473880682,1124.665406129551,1902237
2025-01-13,1057.0308837890625,1096.4718914229022,1049.4002504621649,1090.9720143765414,2273302
2025-01-14,1107.02587890625,1121.1969687534715,1065.35516174184,1069.1208204570687,6277854
2025-01-15,1118.7196044921875,1131.6518470162582,1108.4133674937004,1114.8547504965695,3135942
2025-01-16,1140.3724365234375,1179.2684766134178,1135.070707482137,1169.309059998768,3997547
2025-01-17,1153.0074462890625,1163.06593681715,1135.169772001823,1152.5119553366392,2464355
2025-01-20,1138.3409423828125,1161.430870708756,1136.1608304330962,1161.430870708756,1312101
2025-01-21,1096.22412109375,1143.8408494160774,1094.0440093180416,1139.62917637296,3134022
2025-01-22,1092.309814453125,1107.9673770784818,1070.7063603451475,1105.440324810579,1906032
2025-01-23,1094.0440673828125,1104.201632320017,1079.8235006646214,1092.3098489788995,1968815
2025-01-24,1084.2828369140625,1104.9447847031838,1078.4360196890043,1094.192655610952,2400140
2025-01-27,1072.242431640625,1083.737797656556,1057.9227913618638,1075.314451382115,2371555
2025-01-28,1070.9542236328125,1086.760459477878,1051.679671677495,1077.1974587641337,2404643
2025-01-29,1087.0576171875,1092.9044349698859,1064.8101204801044,1075.2154311036884,4603700
2025-01-30,1067.337158203125,1108.4133116646874,1001.6350064953803,1093.9449993808853,14097862
2025-01-31,1089.4359130859375,1099.2466579593877,1064.314546448846,1075.2153472039086,4659891
2025-02-01,1074.323486328125,1107.4223069904594,1053.4137917949515,1095.9269407941176,4919797
2025-02-03,1075.0667724609375,1084.1342817351594,1045.4859846714746,1074.2244619752403,3961203
2025-02-04,1114.9537353515625,1117.72853311872,1081.9045124733382,1090.0801133232626,4071098
2025-02-05,1134.0301513671875,1144.4850591530367,1113.4177997327927,1115.845657081993,2979646
2025-02-06,1153.5526123046875,1158.8543416582816,1129.818521505733,1145.178742063881,6263278
2025-02-07,1135.7642822265625,1165.0478444916057,1122.584296108833,1149.5389542341231,4079540
2025-02-10,1133.881591796875,1148.3995027489486,1117.0844947545609,1139.6293359660635,2415627
2025-02-11,1129.818359375,1149.5389219716824,1104.0033553037783,1133.88136068118,4901591
2025-02-12,1118.76904296875,1133.881517961608,1089.039583966406,1129.7194420890714,2862155
2025-02-13,1101.5260009765625,1141.2643517534834,1096.0756004194682,1123.575348684808,3763868
2025-02-14,1053.116455078125,1109.8997684029591,1032.7518488734877,1109.8997684029591,4565339
2025-02-17,1073.1343994140625,1079.4767082154096,1030.6212487108444,1049.4003086529283,2518527
2025-02-18,1075.3641357421875,1078.0893362276115,1052.3732808834673,1073.1344262541134,1715308
2025-02-19,1073.0848388671875,1081.8550054089335,1045.0401207349014,1052.026471281605,1792268
2025-02-20,1101.674560546875,1115.845650499624,1064.3145902634071,1064.5127382611415,3714173
2025-02-21,1073.481201171875,1109.0078800123777,1070.260509822871,1101.6745893622885,2360177
2025-02-24,1060.7470703125,1073.4811637780076,1056.0893827114242,1073.4811637780076,1669749
2025-02-25,1070.6072998046875,1081.5576984772774,1058.1209517281309,1064.9091537288864,1665355
2025-02-27,1069.219970703125,1078.138808621303,1059.4588222865707,1073.2334961540976,1819078
2025-02-28,1059.756103515625,1073.1343596132904,1049.6480152157044,1064.314596214268,2849138
2025-03-03,1043.5535888671875,1071.2514859296598,1031.2157910312703,1065.2559967556765,2274285
2025-03-04,1048.4093017578125,1053.4138089746925,1027.1527873963016,1038.4994822942688,1788886
2025-03-05,1102.6656494140625,1108.5620650369337,1045.486035032766,1047.26985106327,3785743
2025-03-06,1125.95361328125,1138.3904848110446,1091.9134083972258,1108.1159386552663,4020627
2025-03-07,1134.1788330078125,1146.5165098021519,1123.8725966135844,1125.9536344986027,2211623
2025-03-10,1132.59326171875,1158.1110461848145,1126.6968467070437,1135.6652814799934,2430740
2025-03-11,1124.7645263671875,1135.5662539420543,1114.260141768579,1127.0438332665597,2399428
2025-03-12,1118.125,1144.7328415783172,1095.0350718173274,1128.728458642476,2842848
2025-03-13,1109.10693359375,1129.1743177834626,1104.9944553378577,1124.7644965591921,1358839
2025-03-17,1126.8951416015625,1138.192359954933,1101.1790875779134,1104.746719351223,1489537
2025-03-18,1126.8951416015625,1126.8951416015625,1126.8951416015625,1126.8951416015625,0
2025-03-19,1162.917236328125,1173.8180370095135,1148.3498510780566,1149.538980946421,2416781
2025-03-20,1166.83154296875,1176.2458706411667,1150.728087739616,1174.3135044014568,1919013
2025-03-21,1178.079345703125,1191.705346996939,1161.4803986724792,1171.3406203118502,3127446
2025-03-24,1189.97119140625,1199.9304875681803,1175.3542074292995,1185.2144295886715,2135192
2025-03-25,1171.78662109375,1198.196315668367,1163.9579600454078,1194.1333136498451,2090037
2025-03-26,1170.9442138671875,1191.3584172495102,1162.4713910228197,1172.3316127507278,1676081
2025-03-27,1185.9576416015625,1201.0701162490861,1164.4037843173896,1171.3406579260889,2004036
2025-03-28,1172.281982421875,1194.133181559359,1164.6018727479454,1186.8989653496762,1670913
2025-04-01,1164.156005859375,1191.160263071265,1157.516475409745,1168.3676790025138,1584541
2025-04-02,1184.6693115234375,1188.1377483126712,1156.8227432094857,1171.73706979098,1232853
2025-04-03,1189.079345703125,1194.9261637939337,1159.6967047222054,1159.6967047222054,1300511
2025-04-04,1137.994140625,1189.2774584543881,1132.6924111882252,1185.2144565014148,1785093
2025-04-07,1100.6341552734375,1108.9088305748949,1032.1077274743102,1040.481476779421,2192949
2025-04-08,1121.1473388671875,1145.2282472208428,1101.0304790493994,1124.7644469654194,2423486
2025-04-09,1121.5933837890625,1125.3590424978233,1101.9718934142218,1123.6248241403819,1537177
2025-04-11,1154.048095703125,1159.7462420017496,1137.647295794945,1152.5120252696177,3536245
2025-04-15,1199.8809814453125,1214.8447845467335,1168.367707362751,1189.1783281045812,3176522
2025-04-16,1221.7816162109375,1224.3581449728745,1190.7638341625657,1199.0881063676068,1909731
2025-04-17,1248.042724609375,1270.9343840581641,1207.6106116059316,1221.781702248719,4280765
2025-04-21,1231.8895263671875,1248.6371440004518,1198.4934860622632,1248.0425790781542,6049182
2025-04-22,1222.078857421875,1244.2768766612905,1215.934817895279,1238.3309851312404,2932537
2025-04-23,1227.9256591796875,1231.5923648244664,1205.8268351918998,1228.9166410886323,2580999
2025-04-24,1225.2501220703125,1236.7454886361763,1220.49336026469,1226.835669015694,2133285
2025-04-25,1182.241455078125,1232.1869690758235,1170.5478197918253,1225.1510214918017,3628854
2025-04-28,1198.9891357421875,1203.7457767198273,1173.4217519730032,1177.3856799391103,2646406
2025-04-29,1205.430419921875,1212.8627842493659,1191.6557471743643,1201.0700753225194,2381980
2025-04-30,1205.529541015625,1215.4393605060945,1193.0431926515284,1204.142142093064,1824334
2025-05-02,1251.709228515625,1283.3215756937911,1231.4931733223846,1243.682299224485,10694521
2025-05-05,1334.9517822265625,1364.5821672043435,1274.1054653192707,1278.3667361609316,14191797
2025-05-06,1308.888916015625,1344.0687727697045,1303.1411727215375,1337.8255385354187,3604276
2025-05-07,1326.1319580078125,1329.2040987378268,1286.9881721367722,1287.087367104429,3269847
2025-05-08,1321.0780029296875,1354.5732409632485,1304.5286528830286,1327.9158025246422,5077662
2025-05-09,1294.519775390625,1312.9520155481441,1280.9432500339724,1288.2765406902583,2979366
2025-05-12,1349.81640625,1362.6000968066617,1333.366131093355,1347.7353684778618,3662785
2025-05-13,1356.8524169921875,1379.347779498007,1334.9517404229377,1348.3299965452206,3356599
2025-05-14,1359.4290771484375,1369.4379705740807,1349.7174057238676,1367.5550806893814,1557379
2025-05-15,1393.518798828125,1397.1855047014485,1359.5281898143735,1363.1947747182182,3706424
2025-05-16,1394.7080078125,1412.0501917781996,1388.3656991968635,1398.17644460564,2777119
2025-05-19,1385.690185546875,1397.8791916228815,1379.44695052953,1394.8071716022368,1317210
2025-05-20,1372.1136474609375,1394.6090113517157,1368.942553461546,1386.3838123971634,2970441
2025-05-21,1372.1136474609375,1378.4559564292026,1357.8434825247114,1367.5551544732564,1993690
2025-05-22,1359.0325927734375,1395.3025058772039,1346.3479761504025,1367.6540868580444,3186493
2025-05-23,1382.816162109375,1385.8881817936078,1362.600107233615,1370.6270363986973,1715309
2025-05-26,1387.5728759765625,1397.8791124354123,1382.2216702299554,1383.2126521785087,1024835
2025-05-27,1391.536865234375,1406.2034471085713,1372.906476360362,1384.4018432774305,2571237
2025-05-28,1398.2755126953125,1414.9240576198006,1390.3476572016466,1392.3296210750632,2035398
2025-05-29,1425.6265869140625,1428.0049677509846,1397.7800187458458,1408.1853290590905,1662886
2025-05-30,1419.8790283203125,1444.3562348210837,1415.9151004031362,1428.9960141420258,2575127
2025-06-02,1454.761474609375,1468.6352216424343,1412.4465945463332,1419.8789590283293,3164701
2025-06-03,1419.383544921875,1458.7254813224672,1413.8339490325636,1456.743517353279,3677200
2025-06-04,1423.248291015625,1428.104126978827,1410.2664510915818,1419.3835580156406,1446972
2025-06-05,1443.5633544921875,1454.4641559143608,1425.0320404622835,1430.7797841454014,2019939
2025-06-06,1458.4281005859375,1465.5632432720004,1440.5904253249962,1443.5633712018198,1269864
2025-06-09,1453.8695068359375,1470.61712497326,1449.9055792753627,1468.6351611929726,1493331
2025-06-10,1460.50927734375,1480.5270647714763,1456.545349459489,1458.725461408041,2125187
2025-06-11,1443.26611328125,1462.6893349992695,1435.7346747746067,1460.5092231316403,2192673
2025-06-12,1432.76171875,1452.3830883271012,1427.1130491832112,1446.6354657309594,2192452
2025-06-13,1399.103515625,1417.8246646708017,1391.2366459230511,1399.103515625,3380550
2025-06-16,1394.7220458984375,1405.2775363263931,1369.2295063107285,1383.170752193165,2823300
2025-06-17,1386.4569091796875,1408.862482233283,1378.1916936078223,1394.622447180459,1571621
2025-06-18,1366.8394775390625,1389.3446060336857,1359.470509388254,1381.179068240472,1732093
2025-06-19,1332.384765625,1366.8395342062408,1326.0116004314837,1364.748371665966,2950283
2025-06-20,1343.6373291015625,1351.0061756597495,1328.9989488792505,1332.3847041280987,4541583
2025-06-23,1349.1142578125,1359.1718460730945,1330.0943189691652,1335.3721246847103,3921155
2025-06-24,1383.6685791015625,1412.7459846055735,1379.2870206064074,1389.245052841755,7635176
2025-06-25,1387.25341796875,1398.1076971944683,1379.6853379365639,1393.8256947978061,1915989
2025-06-26,1423.3016357421875,1426.9860591488848,1389.34464762559,1393.128748603831,2877806
2025-06-27,1434.15576171875,1450.6861925658231,1421.0112077197398,1428.878077540092,2888390
2025-06-30,1444.11376953125,1447.3999687543087,1426.6872133198979,1434.753316584131,1586196
2025-07-01,1440.92724609375,1453.6735758157788,1435.9482300395216,1444.2134453127446,2134736
2025-07-02,1437.84033203125,1451.8811334962572,1433.9566750580318,1451.8811334962572,1219600
2025-07-03,1425.093994140625,1445.0100589642184,1420.7124355678318,1437.9398802634453,978007
2025-07-04,1418.422119140625,1433.857068922884,1410.654805465704,1425.9901992383889,608462
2025-07-07,1429.5750732421875,1431.7659132532112,1411.053157727584,1418.4221258410096,764520
2025-07-08,1442.4210205078125,1443.815169381867,1423.9986602182753,1431.9650862894266,824935
2025-07-09,1436.944091796875,1449.6904220382373,1432.2638651384138,1442.3214536661376,1008636
2025-07-10,1437.0435791015625,1444.1137575369871,1431.1683158875026,1437.9398262965901,1035509
2025-07-11,1425.69140625,1447.7983104331013,1422.305772584506,1437.9398343486107,819864
2025-07-14,1426.986083984375,1440.429428111234,1420.1150171190436,1425.9902807157187,718442
2025-07-15,1439.0352783203125,1443.2177249808533,1423.002870016613,1428.3802319755848,735108
2025-07-16,1450.5865478515625,1467.8139927258928,1436.8445359155314,1441.4252065608753,2488981
2025-07-17,1446.4041748046875,1457.8559118169105,1442.8193075298545,1448.8936828508229,1168071
2025-07-18,1437.0435791015625,1450.3873663441714,1423.1023342482715,1446.3045975201662,1147990
2025-07-21,1444.41259765625,1447.0016617651274,1423.9986312640037,1436.0478261400199,815780
2025-07-22,1414.7376708984375,1448.3958703767382,1411.1528034029895,1448.3958703767382,976668
2025-07-23,1414.8372802734375,1432.4629488519565,1413.0447858331083,1423.9986213822021,740816
2025-07-24,1405.67578125,1420.0153717277162,1399.1035044021326,1417.2270741277682,598011
2025-07-25,1390.4400634765625,1410.754351607946,1384.1664546631591,1405.7753355839777,744410
2025-07-28,1370.2252197265625,1398.207265672458,1367.735711696536,1390.440073553581,790020
2025-07-29,1390.041748046875,1392.8299241459954,1367.8352874748944,1370.2252395298626,782760
2025-07-30,1388.149658203125,1397.2114429945711,1385.6601502077824,1392.9295621773863,627316
2025-07-31,1367.33740234375,1389.942208790375,1364.5492262110206,1376.2996314894044,1412892
2025-08-01,1341.446533203125,1370.1257154143523,1337.1646521647217,1365.2462551797876,1239941
2025-08-04,1383.0711669921875,1391.1371490566469,1339.5544917568952,1344.1352839823053,1368323
2025-08-05,1352.400390625,1388.3488641995696,1340.3511954235091,1386.158145638577,3000067
2025-08-06,1361.362548828125,1381.0795010781055,1352.4003199068627,1368.2336153126946,2293293
2025-08-07,1339.753662109375,1352.2012022256765,1309.4812202349278,1345.3301357698763,2857406
2025-08-08,1319.4393310546875,1351.2054796384753,1312.1699185698212,1339.7537420481892,1561061
2025-08-11,1333.7789306640625,1342.641604121953,1308.1867135652549,1319.4393391944216,2053173
2025-08-12,1324.916259765625,1343.9360780406607,1322.6258636058071,1336.3679974486802,1260241
2025-08-13,1314.0618896484375,1333.6792857910427,1311.0744800228842,1329.5963953897128,1205658
2025-08-14,1294.843017578125,1323.4225222956916,1285.0840970824604,1319.240197259272,2298528
2025-08-18,1321.6300048828125,1326.409909034068,1289.5651893386773,1316.3523206720638,10225114
2025-08-19,1363.6529541015625,1365.9432285732971,1319.4392668115215,1326.4098893531673,3150673
2025-08-20,1364.847900390625,1368.8311133621767,1352.3008038418393,1363.6529851223647,1594619
2025-08-21,1356.0848388671875,1372.0176899788805,1349.6121181030621,1365.3457356410547,1227167
2025-08-22,1335.5712890625,1358.2756521050576,1332.58387927048,1358.2756521050576,1210284
2025-08-25,1334.774658203125,1343.2389855591964,1326.9077884664684,1335.6709054112523,1214246
2025-08-26,1309.879638671875,1334.2768186565386,1304.502276730999,1329.5964703777324,1652272
2025-08-28,1309.879638671875,1333.1814593769936,1305.6971920254089,1311.3733435688953,1785681
2025-08-29,1307.29052734375,1317.3481156426576,1297.5316070786646,1312.468655510115,1592903
2025-09-01,1329.6961669921875,1332.8826888615895,1310.5766711017232,1312.7675112502025,983914
2025-09-02,1330.59228515625,1343.1395036462056,1322.6258589698741,1335.272633475556,1495993
2025-09-03,1326.8082275390625,1339.1562117125832,1322.0283234854385,1332.3847012296176,1774676
2025-09-04,1322.6258544921875,1342.342807859924,1320.4351359215575,1332.3847751606665,1350147
2025-09-05,1316.2528076171875,1330.094375789156,1307.2905782096025,1324.4183457875586,1135666
2025-09-08,1342.6416015625,1357.6782066726748,1316.3523708446094,1316.3523708446094,1445628
2025-09-09,1375.104736328125,1379.1875053536703,1342.641574593136,1349.0146181656876,3515252
2025-09-10,1383.270263671875,1399.0040035701065,1379.1874946779328,1394.1245433567553,2553605
2025-09-11,1387.25341796875,1417.127514062649,1382.1748459443888,1399.0039443888868,4041646
2025-09-12,1387.25341796875,1400.5972052022933,1385.26181156249,1389.6433699678637,1466190
2025-09-15,1389.3446044921875,1403.0867375570433,1386.3571948309589,1387.2534420409295,1254831
2025-09-16,1402.2900390625,1406.6715975211102,1390.7387460774437,1394.1245013208247,1636246
2025-09-17,1400.1988525390625,1407.1694749257738,1390.3403765662551,1404.0825093232602,1062568
2025-09-18,1406.870849609375,1409.061568088499,1395.1203228918635,1404.0825519468433,1416920
2025-09-19,1421.807861328125,1453.8726758293778,1419.0195637375778,1441.7239253805822,8069167
2025-09-22,1438.1390380859375,1455.5655953615296,1419.0196638696375,1426.9860900527653,5490489
2025-09-23,1435.5499267578125,1448.893714488068,1417.1275668141498,1446.902108007672,2550337
2025-09-24,1425.5919189453125,1446.3046753219019,1423.1024108018769,1438.9357069057298,2603193
2025-09-25,1401.2943115234375,1433.857151354776,1398.207345701119,1425.6914916141088,1970560
2025-09-26,1386.1580810546875,1410.754371944451,1384.465264205339,1401.2942413625403,1899079
2025-09-29,1377.39501953125,1395.4191557695617,1371.8185455912155,1387.7513977387512,1978395
2025-09-30,1397.60986328125,1402.090977912362,1381.3782216609054,1383.867729789301,1999250
2025-10-01,1416.729248046875,1420.911694669752,1386.8551502749608,1400.0993822437154,1602493
2025-10-03,1413.1444091796875,1424.9944925135912,1406.5721318486706,1407.070033488263,1576970
2025-10-06,1394.6224365234375,1413.1443524612716,1389.145518707744,1413.1443524612716,1338654
2025-10-07,1393.6265869140625,1409.061536608359,1391.435868483882,1394.9211797051746,1608151
2025-10-08,1388.448486328125,1405.1779075864208,1380.1832709309474,1393.5270584680004,1704405
2025-10-09,1389.742919921875,1393.925366291604,1382.573185513779,1388.6475607148059,1250770
2025-10-10,1403.485107421875,1412.0489909538571,1389.8425301315895,1394.6224342954,1359246
2025-10-13,1431.7659912109375,1435.8487603091337,1390.14136587319,1394.9212701956737,2245061
2025-10-14,1423.0028076171875,1436.1473615555974,1416.0321850466344,1433.9566430851994,2640234
2025-10-15,1444.6116943359375,1450.1882896595307,1423.9986161381216,1423.9986161381216,2675240
2025-10-16,1473.2908935546875,1484.2447291944993,1446.902107695141,1447.897910935124,6512312
2025-10-17,1473.1912841796875,1482.7509706256453,1456.3621857219653,1473.290840188477,3290072
2025-10-20,1460.8433837890625,1482.7510555295937,1452.9765137160869,1481.7552522686606,2660484
2025-10-21,1467.3160400390625,1475.28246577392,1463.8307287800624,1470.8013512980626,394024
2025-10-23,1447.001708984375,1477.2741527386854,1444.213532759988,1472.593925987526,2999137
2025-10-24,1423.0028076171875,1457.3580188577703,1416.330974637148,1456.860117245588,1907383
2025-10-27,1414.6380615234375,1423.7995242862632,1404.0825714679759,1423.0028330693174,2280976
2025-10-28,1411.949462890625,1428.9776742794954,1404.082592846055,1419.915888949326,2068057
2025-10-29,1448.694580078125,1458.6526123262342,1415.6338400795962,1418.1233481416234,3578596
2025-10-30,1451.7816162109375,1456.860188592308,1443.516400420734,1451.8811722266473,1380931
2025-10-31,1445.408447265625,1455.5655920024662,1436.9441194655851,1451.7816125090228,1141853
2025-11-03,1438.6368408203125,1451.2836144514092,1429.2763879450545,1445.4083512336563,1059573
2025-11-04,1438.3382568359375,1460.146372598858,1425.9902720678808,1443.5163851783411,3554714
2025-11-06,1430.7701416015625,1460.1463371352913,1428.2806335054838,1446.0058582147567,2745063
2025-11-07,1442.221923828125,1457.855986535939,1419.0196590257603,1428.977691720678,2184538
2025-11-10,1438.836181640625,1457.7564439350754,1434.952524542266,1446.1054726399982,1161695
2025-11-11,1468.2122802734375,1469.8055411012408,1431.7659070211469,1446.9020672222919,2258827
2025-11-12,1500.575927734375,1508.6419096725067,1469.3076816645435,1470.8013865256055,4641466
2025-11-13,1492.7091064453125,1508.6419588156427,1481.556158409288,1508.6419588156427,2304918
2025-11-14,1506.3515625,1517.2058424877075,1490.7174997365244,1493.7049095556356,2345593
2025-11-17,1501.27294921875,1512.6251305336998,1496.6922785991776,1512.5255745207116,1750560
2025-11-18,1488.725830078125,1512.5255516063608,1483.9459259469772,1512.5255516063608,1818617
2025-11-19,1477.9710693359375,1493.2069070069613,1471.7971380835536,1492.7090054040914,1746304
2025-11-20,1484.8421630859375,1498.6838522119892,1481.3568518017237,1493.7048360916835,1459401
2025-11-21,1473.5897216796875,1486.037262504938,1460.9429472664233,1485.738472901926,1165365
2025-11-24,1479.6640625,1483.9459435083984,1465.1253594695536,1475.7804055422337,2485518
2025-11-25,1477.6724853515625,1486.1368130817598,1468.3119103736237,1483.7468609404539,1355333
2025-11-26,1499.8787841796875,1516.608327153635,1478.0707905760219,1478.0707905760219,3986754
2025-11-27,1502.7666015625,1507.5465055989935,1494.7006198641752,1505.4553431672812,861910
2025-11-28,1510.533935546875,1527.8609359646764,1496.7918024256505,1503.6628689862628,2612938
2025-12-01,1524.076904296875,1542.499264786579,1516.608379774022,1523.5790026620182,4059126
2025-12-02,1511.7288818359375,1523.5789647623585,1503.6628998635042,1521.6869142853648,1974536
2025-12-03,1491.4144287109375,1517.6041019277768,1482.3526437524984,1507.6460697628966,1958074
2025-12-04,1499.2813720703125,1502.7666834992024,1483.9459774715936,1491.414501962072,1591805
2025-12-05,1503.0654296875,1507.6461002644157,1487.0330218892893,1498.2855255284503,1141428
2025-12-08,1474.2867431640625,1504.5591869232765,1466.4198730091657,1503.065482016322,1070689
2025-12-09,1490.91650390625,1492.9081103082397,1454.7689206449425,1470.7017718608597,1327921
2025-12-10,1491.812744140625,1514.616661648646,1487.331629757049,1493.7047945252918,1677388
2025-12-11,1497.6881103515625,1508.641946265038,1488.7258809678099,1489.7216842326711,1451645
2025-12-12,1516.4091796875,1520.9898501505868,1503.164948346175,1505.654456375897,1152570
2025-12-15,1506.251953125,1516.409219084965,1501.7708385550775,1516.409219084965,850425
2025-12-16,1492.7091064453125,1506.25200664849,1487.9292021110068,1506.25200664849,1122212
2025-12-17,1480.0623779296875,1493.7048334520116,1473.091755373578,1487.8295701288316,964352
2025-12-18,1489.4228515625,1491.7132476286595,1469.8055764351811,1480.1619544018824,683681
2025-12-19,1490.1199951171875,1497.3892858464274,1484.4438437049728,1488.7258462672744,1276175
2025-12-22,1502.3682861328125,1508.641895111928,1491.215338567731,1491.215338567731,1116833
2025-12-23,1487.3316650390625,1507.4469630173096,1484.9417129995268,1502.3682693490425,928446
2025-12-24,1488.02880859375,1500.8745729572056,1485.7384125517326,1496.6922480330122,1318023
2025-12-26,1480.8590087890625,1495.0990440798362,1478.7678462473864,1493.3065495823905,876540
2025-12-29,1448.2962646484375,1480.8589821549176,1444.9105093019439,1480.8589821549176,1568472
2025-12-30,1455.067626953125,1464.3286455892364,1441.2260593415328,1443.914679431753,3463973
2025-12-31,1463.631591796875,1468.8097198130126,1455.1672645979527,1462.3369990138367,707055
2026-01-01,1474.8841552734375,1484.6430756540751,1464.229109222711,1466.6190613116441,981252
2026-01-02,1483.2489013671875,1488.7258190963043,1472.0959538874629,1473.888326754913,1251176
2026-01-05,1486.7342529296875,1490.5183539046232,1472.8925634367567,1481.7552366774114,790039
2026-01-06,1467.017333984375,1486.734287424056,1464.5278258004766,1483.7468776033782,1675609
2026-01-07,1459.1505126953125,1474.1871170655427,1452.876903761145,1467.0172609182068,2124534
2026-01-08,1459.0509033203125,1482.7510697815314,1454.1715645412526,1461.8392011009323,1974347
2026-01-09,1429.8739013671875,1456.8601449490359,1424.994441163411,1456.8601449490359,2280396
2026-01-12,1437.4420166015625,1441.0268840528727,1398.0082315211173,1429.8739360803484,1539180
2026-01-13,1422.6044921875,1442.9189027069858,1414.0406085879363,1437.4419848568211,919873
2026-01-14,1423.9986572265625,1432.8613305237013,1417.02803442895,1423.0028539697607,1278819
2026-01-15,1423.9986572265625,1423.9986572265625,1423.9986572265625,1423.9986572265625,0
2026-01-16,1415.9326171875,1441.9230568143332,1410.1569099113105,1423.9985989257573,1556318
2026-01-19,1397.1119384765625,1415.0363967036317,1389.742970227165,1415.0363967036317,1130162
2026-01-20,1361.8604736328125,1406.9704085947726,1353.8940477893238,1403.0867516844696,1799611
2026-01-21,1372.8143310546875,1384.5648579843794,1339.3553662901932,1365.943264343529,2141532
2026-01-22,1408.264892578125,1415.7334168738469,1382.6727979479895,1394.1245352014298,1689638
2026-01-23,1302.908935546875,1411.0531391167704,1286.5777387006826,1411.0531391167704,6380222
2026-01-27,1358.176025390625,1362.557583835776,1316.4518464890891,1328.700274621987,3838632
2026-01-28,1376.1004638671875,1378.4904158544048,1357.97677272563,1368.1340382818016,2938285
2026-01-29,1411.849853515625,1423.0028009530747,1365.8436718306214,1379.087903275852,3918681
2026-01-30,1413.8414306640625,1422.5048698727762,1401.095101092752,1411.8498242659207,2227414
2026-02-02,1397.2115478515625,1400.0994016544873,1342.3428118280576,1342.3428118280576,2796673
2026-02-03,1524.3756103515625,1530.5495416621943,1471.0004607739293,1471.0004607739293,11977119
2026-02-04,1561.3199462890625,1565.701504918352,1502.1692086886906,1523.4794226363147,6632728
2026-02-05,1563.6102294921875,1571.078753938669,1542.1009033979235,1561.4195109444256,3285127
2026-02-06,1544.1920166015625,1568.8879852722127,1520.5915287278126,1556.4404449257179,4429173
2026-02-09,1555.1458740234375,1577.2527789251758,1547.9761393060164,1569.2863529911467,1761025
2026-02-10,1548.17529296875,1561.419525063477,1518.5999845164558,1558.432115257871,1643366
2026-02-11,1546.8807373046875,1552.8555565900992,1532.7402587277409,1548.1752085483877,1359416
2026-02-12,1537.221435546875,1544.4908479288692,1526.0684877182412,1535.6281746510722,1107584
2026-02-13,1512.6251220703125,1536.5243998383753,1500.675483186281,1536.5243998383753,1838361
2026-02-16,1533.6365966796875,1539.0139586663463,1489.024682977,1511.1314670179104,1644108
2026-02-17,1559.7266845703125,1569.883829132742,1529.2550077669953,1538.516026647692,3168457
2026-02-18,1544.291748046875,1558.4321057506072,1533.537024189096,1558.4321057506072,1326139
2026-02-19,1506.9490966796875,1544.2917183027087,1500.3766980276253,1543.495027084879,984392
2026-02-20,1505.1566162109375,1522.7822851576516,1498.8830070967435,1506.9491106887112,1126987
2026-02-23,1549.270751953125,1557.9341916439507,1504.4596055012378,1504.6587175289292,3113728
2026-02-24,1548.8724365234375,1557.4363203673065,1529.9521743194869,1547.1794980230109,1360612
2026-02-25,1522.2843017578125,1577.3522672882375,1512.1271577507503,1560.423612904462,2153982
2026-02-26,1544.092529296875,1548.0757423849918,1519.59579311656,1531.1470867604953,1353287
2026-02-27,1514.61669921875,1538.61553253448,1509.8367951345006,1538.5159765239769,1596106
2026-03-02,1464.1295166015625,1491.0162034242624,1423.9985983874399,1455.8643012884174,4207514
2026-03-04,1428.380126953125,1444.4125340780324,1403.0867014932421,1428.977584558412,3386838
2026-03-05,1493.0078125,1499.1817438247958,1441.126367626045,1441.126367626045,3236481
2026-03-06,1471.29931640625,1491.514171204107,1463.8307919574872,1482.7510538943527,2576061
2026-03-09,1415.335205078125,1430.0730202144719,1399.1035635116878,1399.1035635116878,4874245
2026-03-10,1418.1234130859375,1464.1295971139054,1410.5553325423894,1443.914742101281,2706284
2026-03-11,1404.8792724609375,1448.7941714348776,1399.8005786440895,1419.0196299750269,2212011
2026-03-12,1385.66015625,1412.6463987255884,1369.528192993038,1396.6139914772727,2699173
2026-03-13,1357.4788818359375,1384.1664563807262,1348.3175409636715,1382.8718635896846,2688559
2026-03-16,1368.134033203125,1377.2953739691077,1341.3469029601006,1350.9065893154755,3322087
2026-03-17,1359.769287109375,1373.2126304824812,1345.529252542807,1373.2126304824812,2605905
2026-03-18,1396.0166015625,1405.177942846355,1361.362599812587,1361.362599812587,1956685
2026-03-19,1350.3092041015625,1373.810136439515,1344.8322862383186,1371.221072306675,2160622
2026-03-20,1359.6697998046875,1387.651847187354,1352.300831345839,1359.171898173117,4213342
2026-03-23,1298.1290283203125,1344.3343211514912,1288.0714403032991,1344.3343211514912,3361416
2026-03-24,1338.5587158203125,1355.2882594908717,1308.0871598670954,1337.3638005115656,3132212
2026-03-25,1370.125732421875,1386.8551542877435,1349.1143079064364,1353.993646643555,1856531
2026-03-27,1332.1856689453125,1369.2295021250525,1324.517910798602,1369.2295021250525,2667313
2026-03-30,1307.09130859375,1331.6877215580885,1301.6143907734092,1319.4392930821211,2856500
2026-04-01,1379.5858154296875,1399.501879975928,1343.0397640525293,1345.5292721208093,3684039
2026-04-02,1371.8184814453125,1378.39075833725,1327.0073368757269,1348.7158955348632,3210456
2026-04-06,1381.2786865234375,1385.9590348103663,1342.4423591335112,1374.009395613466,2519628
2026-04-07,1375.2042236328125,1384.166452461701,1362.65712758397,1369.2294044135533,1812944
2026-04-08,1447.200927734375,1499.3809213607524,1442.9189250891652,1458.7522212495726,7636467
2026-04-09,1441.32568359375,1450.0886794731466,1409.2607452251377,1430.969305228993,3159307
2026-04-10,1469.1085205078125,1471.8966965537413,1432.2638018338273,1435.9482250780222,4026881
2026-04-13,1459.1505126953125,1471.6976090056367,1415.0363812505739,1420.81208857276,3629785
2026-04-15,1505.455322265625,1508.6418438737064,1474.6849791581835,1478.0707343405247,4415637
2026-04-16,1543.2958984375,1549.2707178328321,1503.662881158592,1518.5003736352692,7476052
2026-04-17,1566.796875,1571.875447318949,1542.6983631515902,1552.4572837315436,6024587
2026-04-20,1571.77587890625,1593.7831064867796,1559.5274502706811,1565.801059388024,2998603
2026-04-21,1587.409912109375,1605.1352583100802,1571.7758499479305,1571.8754059597973,4276868
2026-04-22,1581.9329833984375,1596.670919793333,1575.3607064064477,1582.2317729899871,1918773
2026-04-23,1596.1729736328125,1604.2389552414193,1559.6269232570642,1568.3900400404937,2406876
2026-04-24,1578.4476318359375,1612.0062726921178,1549.9676845584788,1605.2347622924947,2290223
2026-04-27,1621.66552734375,1642.9757403474957,1586.3145133918292,1593.285135861222,3787783
2026-04-28,1630.7274169921875,1641.0837953521295,1617.6824184159796,1621.56607549571,2500914
2026-04-29,1654.1287841796875,1664.9830641125989,1637.9968198611332,1638.096375876331,2345365
2026-04-30,1650.3447265625,1669.9620013903332,1590.0986317001773,1643.0753144269825,6313698
2026-05-01,1650.3447265625,1650.3447265625,1650.3447265625,1650.3447265625,0
2026-05-04,1735.2867431640625,1741.261562746786,1680.218895611437,1694.8571549659032,7171346
2026-05-05,1717.7606201171875,1750.0246699892525,1711.4870109683363,1742.4565895397595,4357699
2026-05-06,1740.962890625,1755.0036922999127,1711.387460824977,1742.6557075462674,3001204
2026-05-07,1725.5279541015625,1748.5309853165925,1700.8319843934858,1740.9629047796063,3280485
2026-05-08,1753.0120849609375,1784.479443696664,1720.4492453917082,1733.0960197411086,4984856
2026-05-11,1759.883056640625,1778.1061823968846,1725.8265140208791,1749.7257909927673,4111229
2026-05-12,1681.114990234375,1758.4889753355342,1676.135974007454,1744.6472859130913,3441070
2026-05-13,1730.5069580078125,1744.9461053124949,1680.9159069174907,1681.115018946763,3018421
2026-05-14,1765.95751953125,1775.0193048545284,1738.0750283469993,1753.6095348380502,3051398
2026-05-15,1787.56640625,1816.2455887377118,1758.7876677479728,1789.2593447254221,5622212
2026-05-18,1780.1973876953125,1785.4751934435874,1737.6766383486113,1778.0066692099974,2562978
2026-05-19,1755.4019775390625,1797.4248251038823,1751.418764630245,1783.2844679007849,2274987
2026-05-20,1765.1607666015625,1770.3390162895837,1736.9796083602193,1741.6598348793439,1283223
2026-05-21,1785.7740478515625,1793.2425723562258,1769.3432939413033,1773.9239646592268,1628329
2026-05-22,1779.40087890625,1794.7362735020085,1773.0277136973355,1785.7740441151645,1487044
2026-05-25,1795.333740234375,1805.6901185565152,1785.475263547357,1801.4081158712597,1516143
2026-05-26,1803.5987548828125,1812.8597735107683,1792.4458073712624,1797.4248235028492,2104926
2026-05-27,1816.843017578125,1835.0662655554984,1802.3043145361291,1802.4038705488663,2102406
2026-05-28,1816.843017578125,1816.843017578125,1816.843017578125,1816.843017578125,0
2026-05-29,1797.0264892578125,1832.9749616434594,1788.860951373609,1828.6930806780401,3554087
2026-06-01,1776.0150146484375,1807.2832595711752,1769.5422938212917,1801.5075523637493,1224826
2026-06-02,1806.885009765625,1810.1712091368202,1737.875795434644,1737.875795434644,2256569
2026-06-03,1796.22998046875,1832.278010087482,1774.4218646240404,1821.7225197757552,2967709
2026-06-04,1783.384033203125,1818.7350479530546,1778.7036850760737,1786.7697885048615,1369988
2026-06-05,1816.544189453125,1820.2287343103535,1789.1596008405284,1793.9395049306586,1640762
2026-06-08,1797.4248046875,1825.108182712539,1784.081017282927,1798.022262305434,2574439
2026-06-09,1818.735107421875,1824.9090390413778,1784.877796413471,1820.3283683341967,1776339
2026-06-10,1813.5567626953125,1850.0032575335592,1804.5945337792864,1818.3366667403968,2933100
2026-06-11,1779.5999755859375,1812.7602726544392,1774.222613688611,1806.9845651428636,2229041
2026-06-12,1812.9000244140625,1818.0,1777.9000244140625,1804.0,2325897
2026-06-15,1804.800048828125,1840.300048828125,1798.9000244140625,1839.0,1421741
2026-06-16,1822.0,1828.0,1797.0999755859375,1804.800048828125,2215994
2026-06-17,1828.5999755859375,1833.0,1806.300048828125,1824.0,2697924
2026-06-18,1842.0999755859375,1849.5,1820.0,1833.0,1643528
2026-06-19,1835.300048828125,1849.0,1830.0,1842.0999755859375,4382841
2026-06-22,1827.199951171875,1836.800048828125,1808.0999755859375,1835.300048828125,1524494
2026-06-23,1784.0,1842.0,1779.0999755859375,1832.5999755859375,3309685
2026-06-24,1813.300048828125,1818.0,1775.0,1786.0,2141905
2026-06-25,1796.0,1831.4000244140625,1790.9000244140625,1813.300048828125,1850390
2026-06-26,1796.0,1796.0,1796.0,1796.0,0
2026-06-29,1776.0999755859375,1809.5,1770.5,1809.5,1693498
2026-06-30,1810.199951171875,1816.300048828125,1782.5999755859375,1786.9000244140625,2230098
2026-07-01,1848.199951171875,1881.699951171875,1815.4000244140625,1829.5,4123193
2026-07-02,1883.199951171875,1888.0,1845.5,1858.5,3089068
2026-07-03,1874.199951171875,1891.0999755859375,1865.0,1885.0,1645113
2026-07-06,1864.4000244140625,1883.5,1859.300048828125,1872.800048828125,1042695
2026-07-07,1833.9000244140625,1880.5,1828.699951171875,1872.0,1818238
2026-07-08,1791.699951171875,1850.4000244140625,1783.199951171875,1824.9000244140625,1413919
2026-07-09,1800.0999755859375,1821.0,1795.300048828125,1795.300048828125,1106782
2026-07-10,1828.0999755859375,1852.9000244140625,1800.0999755859375,1800.0999755859375,1489787
2026-07-13,1810.300048828125,1825.9000244140625,1807.0999755859375,1811.0,1156618
2026-07-14,1821.9000244140625,1840.9000244140625,1808.5999755859375,1819.300048828125,1636778
2026-07-15,1829.0999755859375,1838.0,1817.199951171875,1826.0,917984
2026-07-16,1826.4000244140625,1859.699951171875,1817.5,1828.5,1952268
2026-07-17,1837.4000244140625,1841.5,1817.0999755859375,1825.5999755859375,962152
2026-07-20,1844.0,1853.699951171875,1828.0,1836.0999755859375,754950
2026-07-21,1846.5,1857.4000244140625,1833.0,1840.0,1372166
2026-07-22,1819.4000244140625,1847.199951171875,1811.9000244140625,1837.0999755859375,1436881
2026-07-23,1778.5,1825.5,1769.0,1818.300048828125,2592430
2026-07-24,1768.300048828125,1784.9000244140625,1755.199951171875,1764.9000244140625,1685770
2026-07-27,1770.4000244140625,1785.0,1752.0999755859375,1784.0,2266975
2026-07-28,1774.699951171875,1783.0,1758.9000244140625,1770.4000244140625,1776549
2026-07-29,1719.699951171875,1792.0,1705.0999755859375,1785.0,5088460
2026-07-30,1664.0999755859375,1727.699951171875,1658.4000244140625,1726.699951171875,5395211
2026-07-31,1696.5,1708.0999755859375,1650.0,1674.0,4703646
2026-08-03,1701.0,1715.9000244140625,1692.800048828125,1713.4000244140625,1664693
2026-08-04,1706.699951171875,1713.9000244140625,1690.0,1703.0999755859375,1098307
