Date,Close,High,Low,Open,Volume
2021-08-04,3230.027099609375,3373.5395049097456,3220.0001930970534,3354.9588788762094,141941
2021-08-05,3231.119873046875,3299.9299314276245,3215.010414899034,3240.956742978163,139180
2021-08-06,3299.8828125,3359.426117763909,3194.3393605618867,3240.9096160416643,689686
2021-08-09,3345.1875,3421.377854702374,3262.8107817456453,3332.195741513306,455771
2021-08-10,3385.637939453125,3404.5309424391867,3321.7257447897014,3373.122074365244,464624
2021-08-11,3506.60986328125,3518.7451081090535,3372.1703862673457,3415.9524460382454,650420
2021-08-12,3469.8232421875,3510.1311481825164,3453.262064035303,3505.4198646725927,148555
2021-08-13,3480.95947265625,3504.5637609941077,3440.7942366033762,3475.486714966001,90112
2021-08-16,3534.44970703125,3558.9105081326775,3436.511231282654,3468.3007223433083,140951
2021-08-17,3524.69384765625,3569.189746495899,3502.5648712279753,3534.449632963339,187682
2021-08-18,3618.872802734375,3626.2967638428386,3523.932355964474,3536.3055470222052,384062
2021-08-20,3621.014892578125,3717.66861226641,3550.249885731826,3619.1589600980606,373322
2021-08-23,3613.495361328125,3670.3644517029506,3588.7489789056067,3635.814648231533,121111
2021-08-24,3652.423095703125,3711.957225368434,3618.7300384512737,3626.296674013778,262767
2021-08-25,3633.0068359375,3664.368069434551,3619.3486438219597,3654.850230293163,58757
2021-08-26,3676.55078125,3692.9214173479268,3608.878855113326,3632.007249639095,138260
2021-08-27,3700.20263671875,3743.3661301243537,3665.3198492521956,3683.118161952876,200257
2021-08-30,3713.670654296875,3743.3662669967844,3666.604984548226,3721.2849258798838,82413
2021-08-31,3691.58935546875,3735.7520382084535,3683.4039204755964,3734.8002542496743,90295
2021-09-01,3669.983642578125,3732.8966546674174,3658.6575065123798,3683.4038892307253,66042
2021-09-02,3720.57080078125,3756.690952341725,3669.9833484342803,3669.9833484342803,137359
2021-09-03,3649.995849609375,3734.704613563474,3627.486254157979,3721.474910792443,124870
2021-09-06,3640.6689453125,3697.7283476633506,3619.68206236521,3654.850433473899,67380
2021-09-07,3604.7861328125,3673.8857346554773,3594.8876735216936,3641.5250831066983,76332
2021-09-08,3570.617431640625,3628.20035969987,3506.4196517079035,3588.225434435601,114731
2021-09-09,3612.543701171875,3635.814772811989,3563.145973606692,3564.4309749164654,239894
2021-09-13,3639.479248046875,3664.320670388562,3599.6469957203485,3624.3933790859564,114867
2021-09-14,3622.775390625,3663.7021015512278,3611.4490219006793,3657.9913977010565,54872
2021-09-15,3666.41455078125,3673.886147941687,3613.114648116811,3626.01136746748,117864
2021-09-16,3687.1630859375,3696.7285603287532,3633.0543122140916,3673.981018726485,113213
2021-09-17,3640.52587890625,3709.101957203663,3559.8145555602496,3687.1632912498426,163961
2021-09-20,3605.072021484375,3635.814689547833,3564.3832576157442,3620.5861463455385,110948
2021-09-21,3672.743896484375,3682.4520461518655,3577.23228561702,3602.2166139218753,83455
2021-09-22,3706.817626953125,3756.405428147301,3643.095509690899,3672.7437172539658,131433
2021-09-23,3772.1103515625,3787.0059107784123,3689.352778156116,3705.2951603642077,165195
2021-09-24,3810.086181640625,3873.7604309111507,3759.641635488711,3770.9677708280046,289454
2021-09-27,3807.135498046875,3836.783472790271,3772.3953866271972,3816.6533367919924,88753
2021-09-28,3746.5078125,3824.26852727006,3688.8772385681773,3797.6185723761923,113312
2021-09-29,3746.26904296875,3847.110500078123,3716.3354859721485,3749.076758982614,662987
2021-09-30,3788.813720703125,3807.1355605884573,3707.15061645468,3757.642798300807,114702
2021-10-01,3797.665283203125,3853.1066937216606,3750.076089624983,3785.2444572054083,120974
2021-10-04,3778.48681640625,3854.7247998396133,3762.4493970925846,3784.2927911511856,122504
2021-10-05,3778.962890625,3794.7625970945396,3698.870364424042,3770.9679984169966,162567
2021-10-06,3745.983642578125,3790.574813123383,3722.474625729412,3787.814500275375,151518
2021-10-07,3721.33251953125,3801.187098908718,3702.4395154315903,3749.0769283509085,344171
2021-10-08,3745.079345703125,3831.9772624675948,3685.307270157532,3724.615991801166,431812
2021-10-11,3743.8896484375,3797.6178037231175,3726.2816460894105,3764.4006381870713,274280
2021-10-12,3749.981201171875,3777.6305719376614,3711.957478094452,3754.7877566878497,86515
2021-10-13,3748.077392578125,3791.621506352202,3728.2802408255952,3745.459986832142,153263
2021-10-14,3705.00927734375,3778.3919116807533,3692.9216678429348,3754.787623618654,79019
2021-10-18,3675.123779296875,3726.8531027192275,3642.715486091989,3707.1988551383624,150089
2021-10-19,3656.896240234375,3711.9570291138725,3579.18318153403,3711.9570291138725,102417
2021-10-20,3639.71728515625,3682.4522937828638,3558.0541715315894,3607.261357828135,143233
2021-10-21,3608.2607421875,3672.6964718442473,3570.2370182563577,3658.847968314292,58075
2021-10-22,3566.572265625,3650.091303935386,3528.262963152145,3609.164595703516,51978
2021-10-25,3528.97705078125,3570.8079102158135,3462.4474435469583,3557.7685161675713,77341
2021-10-26,3517.65087890625,3545.2049783673237,3493.2374806512576,3532.1655844505412,84404
2021-10-27,3550.916015625,3579.6122120710093,3497.854054308345,3521.6010201188287,94736
2021-10-28,3515.65185546875,3565.4778366421283,3493.046987362521,3550.915496188291,45464
2021-10-29,3436.558349609375,3534.163832302222,3411.9072402354905,3515.746953773048,128430
2021-11-01,3579.70703125,3596.267978845577,3436.5585873629266,3436.5585873629266,77325
2021-11-02,3521.743408203125,3596.173101494078,3502.5650539126436,3569.189932655547,54533
2021-11-03,3474.91552734375,3558.339529060001,3464.5888110219475,3512.082736653981,93110
2021-11-04,3472.203125,3492.9518292389425,3469.157230461138,3478.008867680307,3704
2021-11-08,3426.23193359375,3481.530442053173,3417.856188301474,3464.493602176933,49630
2021-11-09,3410.62255859375,3454.8805128541385,3397.8687464427103,3432.418550758517,39055
2021-11-10,3382.78271484375,3415.4765853324793,3369.3150653690896,3402.627502456072,31096
2021-11-11,3359.987548828125,3395.203553877746,3319.1561115966183,3364.5561581191973,75740
2021-11-12,3379.02294921875,3496.4255790709817,3333.0517431787216,3369.3624361705934,561320
2021-11-15,3416.1904296875,3440.6988655903915,3333.337593103124,3412.4785653527683,280083
2021-11-16,3379.166259765625,3464.4935984388644,3367.697216626638,3416.1905626913995,121699
2021-11-17,3309.257568359375,3369.362865050703,3295.837553901125,3369.362865050703,110409
2021-11-18,3313.968994140625,3350.9456606732683,3275.231202007677,3303.1661535075373,59548
2021-11-22,3124.9921875,3331.4340265684873,3098.0566561204287,3331.4340265684873,152539
2021-11-23,3187.714599609375,3218.409630463365,3087.634615214478,3093.297682960228,264202
2021-11-24,3171.8671875,3233.209607677585,3161.0167126274027,3187.7142950138964,37835
2021-11-25,3174.10400390625,3194.424682918794,3148.501110196014,3172.200436124995,44144
2021-11-26,3391.11083984375,3434.3696049569226,3159.922618335469,3159.922618335469,678013
2021-11-29,3337.620849609375,3421.6634218550525,3310.923262389224,3421.6634218550525,346486
2021-11-30,3420.1875,3431.1806495256974,3313.2547279168216,3335.050484310137,222262
2021-12-01,3274.9931640625,3467.6820026014943,3263.4290824997947,3417.380129993587,191501
2021-12-02,3305.736083984375,3323.1537773508044,3248.0104783508104,3278.8958221318976,83537
2021-12-03,3272.99462890625,3328.3884072252504,3248.295882366779,3305.7359031900987,79834
2021-12-06,3245.392822265625,3293.1246923967387,3205.4178980521065,3273.184865959295,101794
2021-12-07,3263.5244140625,3292.5061881926526,3215.4593257045085,3236.0653547954835,101123
2021-12-08,3282.79833984375,3302.309912155765,3231.306731672678,3258.908468114065,85602
2021-12-09,3290.8408203125,3363.8902424154685,3252.8644992374852,3312.969798343692,163540
2021-12-10,3249.580322265625,3347.0905296660235,3232.30553861183,3284.70128519083,355073
2021-12-13,3274.13671875,3299.8825205267863,3237.6833477621853,3281.7509901889534,63981
2021-12-14,3299.311279296875,3316.966917252776,3264.0476390542667,3274.136641420244,84853
2021-12-15,3265.237060546875,3298.8827114430164,3258.9077911081617,3298.8827114430164,37872
2021-12-16,3254.5771484375,3275.3260822613515,3212.270403961369,3264.618514248147,36764
2021-12-17,3243.06103515625,3259.8599284090155,3221.6933002411624,3255.101008805499,69792
2021-12-20,3210.605224609375,3226.928226481867,3097.676151352357,3226.8808231794446,61990
2021-12-21,3259.3837890625,3301.976116281232,3159.9223768980874,3195.6619068817045,95003
2021-12-22,3277.182373046875,3315.9675680966743,3229.783486978449,3274.1367109523717,75871
2021-12-23,3282.892822265625,3318.8702984154147,3274.517077877822,3318.8702984154147,125166
2021-12-24,3294.07666015625,3315.9676913044873,3250.3898692037246,3315.9676913044873,88885
2021-12-27,3307.87744140625,3351.183610592555,3264.143015921598,3292.2206420973343,48474
2021-12-28,3317.0146484375,3350.279450484824,3290.9832648731567,3326.4848521149033,73058
2021-12-29,3348.13818359375,3383.211517125709,3285.93900591925,3316.9672574299534,118262
2021-12-30,3449.26513671875,3568.1904983114264,3334.670438700362,3340.7617632126967,290401
2021-12-31,3449.312255859375,3473.7254182947286,3434.083714489866,3469.2520807412557,68337
2022-01-03,3465.541015625,3479.674869420326,3450.4075097289337,3476.867152931893,75821
2022-01-04,3439.556884765625,3563.4791085739375,3426.4222197826325,3494.522407874638,317799
2022-01-05,3429.0869140625,3454.9277527388817,3393.1094379242923,3445.4575498698287,43807
2022-01-06,3506.277099609375,3513.034859178592,3362.0344155755374,3422.377430206291,168450
2022-01-07,3505.896240234375,3583.752215159721,3477.2474498980823,3512.082836015975,241507
2022-01-10,3556.388427734375,3571.997591842742,3502.564997936283,3518.7453253724016,134178
2022-01-11,3527.120849609375,3603.453872489394,3521.6004564740515,3559.6718127602576,45111
2022-01-12,3517.555419921875,3553.0093709175026,3489.4301586313854,3534.877840780143,166642
2022-01-13,3519.173828125,3540.541333202846,3475.915290277063,3520.649139850727,116460
2022-01-14,3450.31201171875,3533.402562771044,3416.9043028849555,3529.4527524159153,149874
2022-01-17,3405.00732421875,3497.7109946194932,3398.20216143806,3451.1688490893607,73718
2022-01-18,3319.77490234375,3435.273981813291,3309.6861315292867,3435.273981813291,138492
2022-01-19,3327.484619140625,3350.2798002852132,3279.84778175649,3303.6423826107884,61280
2022-01-20,3356.60888671875,3364.5563759150295,3316.967176821465,3331.2439365495343,33516
2022-01-21,3379.499267578125,3402.532392985916,3287.9853325746426,3357.8461824414812,89810
2022-01-24,3332.0048828125,3402.5795609499014,3264.618541088229,3397.868277459177,126469
2022-01-25,3287.461669921875,3345.6631638635495,3236.065338081753,3289.3652377678054,51527
2022-01-27,3217.69580078125,3274.1366328149356,3187.1436768558133,3274.1366328149356,97168
2022-01-28,3252.150146484375,3294.4094888765953,3218.93298304284,3218.93298304284,282796
2022-01-31,3368.506591796875,3396.869804343179,3245.583768695558,3269.2830997480446,156564
2022-02-01,3357.1796875,3401.6755838471895,3340.8090512535728,3386.2567314798466,26637
2022-02-02,3379.02294921875,3415.2860065447035,3358.8451782432203,3378.7850032582623,82407
2022-02-03,3367.364013671875,3389.4929907344076,3344.5688343113934,3379.0233671779406,28211
2022-02-04,3344.56884765625,3426.422268515225,3212.461187051892,3394.9181263765017,331945
2022-02-07,3318.061279296875,3386.0664233973107,3272.232978436573,3303.6418464669414,44406
2022-02-08,3322.296875,3350.2315922086946,3279.0381121425057,3331.0532401444907,50575
2022-02-09,3349.6611328125,3368.3635955735235,3302.738134866003,3312.208339247206,66306
2022-02-10,3360.41259765625,3394.395336406568,3350.2848987251095,3355.0847338235694,14214
2022-02-11,3294.078857421875,3348.365040487807,3269.647743091018,3340.685304156413,35760
2022-02-14,3230.337158203125,3287.88713579422,3206.2899368037065,3254.096342615069,41254
2022-02-15,3249.584228515625,3262.83158498232,3197.6979677979634,3230.2887990006757,32556
2022-02-16,3229.520751953125,3277.6632349016672,3220.1610742322528,3254.287946026358,45109
2022-02-17,3244.83203125,3263.8874680085237,3196.6897848436424,3239.6963489425502,36502
2022-02-18,3192.22607421875,3259.0876760949604,3182.530314631463,3259.0876760949604,34257
2022-02-21,3187.762451171875,3214.4495813245912,3142.115972286544,3192.226438455673,62425
2022-02-22,3140.0517578125,3181.330334879433,3077.653908757834,3148.6914599893,70301
2022-02-23,3134.2919921875,3249.104129507202,3119.460550154515,3139.0918267850307,124090
2022-02-24,3044.487060546875,3123.7323771604556,3009.4963129680477,3009.4963129680477,49307
2022-02-25,3167.31494140625,3206.289694311421,3044.4872139122285,3044.4872139122285,121298
2022-02-28,3146.7236328125,3173.4588062521457,3071.894255554489,3158.6751745271304,33559
2022-03-02,3128.53271484375,3161.171595575474,3100.6936695137506,3109.3333732368537,22773
2022-03-03,3119.556640625,3157.427525938616,3079.5741091701134,3148.6917325679465,48593
2022-03-04,3049.43115234375,3137.1239939066886,3028.1677434657277,3086.3418352452964,36487
2022-03-07,3130.740478515625,3229.95292907389,2983.4335866727047,2987.417356045331,103285
2022-03-08,3134.676025390625,3151.7634841953663,3077.797982866312,3077.797982866312,86400
2022-03-09,3145.427978515625,3239.888637946304,3114.181005667376,3156.371508612577,122653
2022-03-10,3168.1787109375,3215.889017548342,3141.0596468342937,3215.889017548342,48413
2022-03-11,3245.6484375,3254.096194000718,3158.3394854409353,3184.8824793300273,76836
2022-03-14,3245.45654296875,3274.399454829305,3225.4891821108645,3261.967928813309,83284
2022-03-15,3239.5048828125,3290.718984027406,3215.8895997659442,3249.488446330663,84389
2022-03-16,3278.191162109375,3298.0146209624095,3227.025109321474,3268.6875827081885,99979
2022-03-17,3301.278564453125,3329.8856287642593,3278.623483209847,3297.486741565472,120404
2022-03-21,3356.860595703125,3384.7954939341953,3271.8554735625016,3284.095052440619,74130
2022-03-22,3408.410400390625,3422.2338295038817,3347.59640572842,3356.860226598511,150611
2022-03-23,3503.15966796875,3523.078983748801,3409.8028747345343,3417.4826109388914,173064
2022-03-24,3465.000732421875,3540.886167270867,3427.850058047242,3503.159418975073,67094
2022-03-25,3475.464111328125,3490.7757710542733,3447.86506263298,3485.5918091139883,88609
2022-03-28,3460.249267578125,3551.8780753790393,3432.0260957644,3475.368748574671,134260
2022-03-29,3513.959228515625,3521.8789563220053,3458.8091708464044,3458.8091708464044,136930
2022-03-30,3521.062744140625,3575.8289064755777,3435.241791046664,3518.278933683393,100806
2022-03-31,3475.752197265625,3542.27795201838,3438.169585911712,3542.27795201838,71140
2022-04-01,3353.35693359375,3474.936904047937,3333.053723740145,3455.8814638960584,153314
2022-04-04,3335.59716796875,3407.882727340371,3324.5095026444387,3407.882727340371,111819
2022-04-05,3354.508544921875,3443.785474694135,3335.933324347488,3335.933324347488,228120
2022-04-06,3353.981201171875,3412.539195233707,3335.9337725220475,3388.68391866009,127361
2022-04-07,3362.86083984375,3375.2443216799184,3331.0858351050388,3333.9657364034006,120124
2022-04-08,3333.629150390625,3387.723382016868,3311.885992620628,3359.8843403397673,109495
2022-04-11,3337.948974609375,3390.55521015622,3331.1813951294175,3345.4848088869253,108171
2022-04-12,3313.566162109375,3359.8845708358986,3295.6148257042987,3345.5331107567176,168927
2022-04-13,3283.32666015625,3350.284348788922,3268.7832559419385,3311.8856743042356,64494
2022-04-18,3306.46240234375,3335.8372516761356,3254.2881025864795,3254.2881025864795,129373
2022-04-19,3239.744873046875,3374.28416055227,3231.7770997061775,3321.4859731183083,87763
2022-04-20,3269.935546875,3285.198927998327,3223.329103464291,3285.198927998327,106014
2022-04-21,3267.87158203125,3325.8537296772506,3253.760113949676,3272.5275157461615,61401
2022-04-22,3235.7607421875,3298.062741534356,3218.385479988667,3269.695669616689,79646
2022-04-25,3178.402587890625,3221.5530562568647,3172.690831300702,3203.4097742966546,41882
2022-04-26,3173.410888671875,3210.8976466403665,3158.2914085246825,3196.6900882635846,32750
2022-04-27,3168.467041015625,3181.7143975662857,3155.4113966165896,3173.4107771114363,21427
2022-04-28,3167.7470703125,3196.6899804427076,3123.3005531404656,3196.6899804427076,53111
2022-04-29,3120.276611328125,3206.1936569545724,3101.6533454642527,3172.6909027419856,53913
2022-05-02,3141.780029296875,3181.042585660438,3090.5176511243344,3091.9576016173783,51958
2022-05-04,3063.158447265625,3163.091100515795,3054.278752977379,3163.091100515795,54709
2022-05-05,3042.9033203125,3203.313658899758,3029.127700673288,3064.214539976544,37723
2022-05-06,2967.785888671875,3046.935117293397,2953.8663678146745,3028.695745135686,94423
2022-05-09,2961.30615234375,3011.9444099499356,2929.675287593937,2969.1778346148317,44924
2022-05-10,2852.590087890625,2986.793526170591,2831.902751426307,2966.298136239759,272240
2022-05-11,2824.6064453125,2867.6130082781388,2774.4962212033874,2860.7012936366946,144076
2022-05-12,2837.08642578125,2864.2535392116683,2785.824280865649,2802.1437201401895,222870
2022-05-13,2789.42431640625,3075.4464583217223,2766.6250984712424,2766.6250984712424,476396
2022-05-16,2790.047607421875,2816.5427866875816,2714.7862988249767,2783.903913222218,158897
2022-05-17,2786.543701171875,2804.6869804169837,2759.088556231069,2793.503460652883,50528
2022-05-18,2827.198974609375,2845.726150669056,2783.904368103469,2799.2638404792124,113305
2022-05-19,2800.31982421875,2856.8137414431135,2735.9059448922294,2803.1036347667755,90836
2022-05-20,2882.492919921875,2892.5725736173326,2803.103694355804,2803.103694355804,69525
2022-05-23,2866.74951171875,2914.459824957478,2846.4460689583166,2882.492876841967,63845
2022-05-24,2813.806884765625,2878.94073266761,2793.1675964187248,2878.94073266761,122184
2022-05-25,2849.326171875,2867.4216449344776,2827.103027898238,2827.103027898238,72158
2022-05-26,2902.93994140625,2915.419511260179,2806.943250222181,2831.9984803679918,104076
2022-05-27,2921.5634765625,2945.27484897642,2873.4692704413587,2918.2996825064743,56746
2022-05-30,2954.058349609375,2968.4098088946234,2926.7473362678343,2932.6990845906707,73837
2022-05-31,3022.984375,3048.3754573493725,2929.819523171244,2951.8987659736486,81773
2022-06-01,2988.377197265625,3037.0474760913594,2969.465894705626,3022.9360084129307,57887
2022-06-02,2966.24951171875,2994.0885502789765,2935.002543978632,2961.4977226999545,113679
2022-06-03,2976.32958984375,3025.7678895392564,2972.3458206053538,2975.8976515741674,96986
2022-06-06,2989.145751953125,3006.569061940419,2959.5787169249165,2989.433788970886,87853
2022-06-07,3015.208251953125,3020.9680538579496,2937.5470166831815,2994.2331139698854,68916
2022-06-08,3032.439453125,3047.8950145043755,2980.697329145224,3007.5764032888846,78919
2022-06-09,3014.1044921875,3047.847239148024,2993.1771643064517,3031.5758450544495,102966
2022-06-10,3009.54443359375,3028.6957273736457,2989.049045463641,3009.496388372862,156682
2022-06-13,2970.52197265625,3014.2485190528637,2919.3559159217652,2964.1863306890864,50726
2022-06-14,2949.642333984375,2978.729379233838,2925.7872960683767,2943.5466845158167,55586
2022-06-15,2976.857666015625,3002.7287297836815,2940.3789200276874,2961.498194020704,188356
2022-06-16,2929.195556640625,3001.7689251212673,2900.0124176518693,2952.8586507157356,63785
2022-06-17,2974.31396484375,2990.2973222738096,2902.556428779555,2920.65166681905,138471
2022-06-20,2993.369140625,3015.352526192163,2903.900260465214,2903.900260465214,131165
2022-06-21,2952.5703125,3033.495573566961,2945.3225151264774,2980.697391115637,81557
2022-06-22,2860.701904296875,2968.122127023519,2846.4943446101956,2966.2982833145447,103362
2022-06-23,2912.971435546875,2923.915198536675,2841.501948611433,2841.501948611433,78540
2022-06-24,2885.036865234375,3052.6950050179066,2870.4932248261543,2914.459759507662,99561
2022-06-27,2910.8115234375,2936.5386826663776,2864.3011750264154,2897.1800406299863,109238
2022-06-28,2862.90966796875,2914.6517961905997,2837.0386038578254,2910.6199816118883,58818
2022-06-29,2847.501953125,2867.4212672513695,2810.9751639620545,2843.422093605141,113830
2022-06-30,2878.509033203125,2917.7235436948563,2832.046490775969,2848.9900485840126,124974
2022-07-01,2899.388427734375,2913.4998960080425,2852.01396170819,2875.1012153357783,21837
2022-07-04,2918.779541015625,2939.1307936882113,2866.4613417111186,2891.4204826637274,33450
2022-07-05,2928.13916015625,2961.066073087618,2898.284094560988,2933.6589700639292,90063
2022-07-06,2954.826416015625,3052.695002963667,2924.1074725895755,2927.899295295341,57854
2022-07-07,2982.95361328125,2992.841086093484,2966.4419930440376,2970.425996797123,155162
2022-07-08,2999.800537109375,3017.176032122904,2967.16166180165,2985.881016757551,118183
2022-07-11,3045.68701171875,3062.2464411513197,2994.376826524259,3009.496305571388,41558
2022-07-12,2966.586181640625,3041.1755735503343,2949.4506762815104,3040.9836270163037,101044
2022-07-13,3014.82421875,3035.3193722883707,2951.8983389917653,2951.8983389917653,100975
2022-07-14,3060.99853515625,3071.8942538345923,3012.3763026665474,3021.016005255457,102359
2022-07-15,3083.36572265625,3134.2920149797656,3065.3663427846204,3076.3101063667264,261979
2022-07-18,3119.989013671875,3133.2363715138276,3073.526467672059,3081.5903315399396,106744
2022-07-19,3116.724853515625,3191.8903174895963,3110.293121403396,3119.988881979241,102882
2022-07-20,3068.102783203125,3162.8514855907724,3055.9590592176796,3162.8514855907724,77553
2022-07-21,3086.245849609375,3095.461626525792,3049.143218928382,3087.4938535786523,60156
2022-07-22,3046.88720703125,3110.7730576341723,3026.055970043919,3086.293899180331,27851
2022-07-25,2984.633544921875,3062.006745836142,2966.394171607306,3046.8872653253807,39564
2022-07-26,2953.578369140625,2989.817122186878,2937.6428237231808,2984.4892586404653,52463
2022-07-27,3010.216552734375,3034.455719745949,2925.403373622347,2951.898556855044,61650
2022-07-28,3098.485107421875,3106.2128878182243,3000.904566061875,3026.1036971150243,56144
2022-07-29,3096.037109375,3114.804508874162,3057.5425778573626,3103.572943178665,54174
2022-08-01,3085.669921875,3120.9487080008766,3069.3504833950024,3110.2929808936337,118046
2022-08-02,3063.63818359375,3093.349345795461,3043.1910767000663,3076.6938268084073,53170
2022-08-03,2981.5615234375,3064.9827994880825,2927.0355832849473,3052.6951745535957,333593
2022-08-04,3025.528076171875,3053.6551573458737,2948.010737613032,2996.0571348872904,141325
2022-08-05,2988.185302734375,3095.89355247741,2971.0978433852974,3041.463470846777,662081
2022-08-08,2868.659912109375,2931.618657378125,2822.2337980538314,2917.2487311550667,643468
2022-08-10,2843.812744140625,2883.6064188534056,2830.980601709331,2883.6064188534056,243287
2022-08-11,2859.47998046875,2941.4224579762817,2829.5386294756177,2848.3782841541242,200177
2022-08-12,2842.2265625,2864.3823183051513,2816.32221229332,2849.964286501602,123339
2022-08-16,2832.99951171875,2893.218738097798,2825.79049492947,2842.275019453551,417837
2022-08-17,2823.91552734375,2849.483596814197,2819.061644522314,2837.5647847613673,336178
2022-08-18,2810.507080078125,2832.6628373617364,2793.3497618880806,2832.6628373617364,169366
2022-08-19,2822.04150390625,2859.6246031510727,2809.5939825627734,2811.035785838122,171444
2022-08-22,2819.87841796875,2845.1099718780415,2797.915091843077,2830.7400481091104,147790
2022-08-23,2820.1669921875,2845.158247060327,2799.2608462842695,2800.942949977633,157940
2022-08-24,2823.2431640625,2833.5279810664447,2802.000735422299,2821.080459028882,100929
2022-08-25,2807.23876953125,2838.1894294396366,2784.9868006744446,2835.5461237310737,287321
2022-08-26,2797.14599609375,2823.9634386884754,2792.291878940213,2812.5733355083344,40291
2022-08-29,2798.780517578125,2803.1059274962504,2744.2322924995437,2744.2322924995437,63193
2022-08-30,2859.239990234375,2866.304920172624,2801.7121801728567,2803.202090495648,147106
2022-09-01,2845.014404296875,2868.227343386168,2835.162081820431,2859.2400090158635,44757
2022-09-02,2862.31591796875,2890.334866790727,2837.4687485088884,2845.1583657135193,167092
2022-09-05,2917.104248046875,2934.54997206121,2850.012295430286,2854.4817912681306,242552
2022-09-06,2929.936279296875,2941.2785113396603,2912.8268344867574,2931.4742965688924,76605
2022-09-07,2981.841552734375,2989.290870121206,2913.0196129035994,2929.936631587422,176921
2022-09-08,3047.107177734375,3054.4121736284515,2972.421579313326,2989.3388318432494,141973
2022-09-09,3074.54931640625,3105.644301375321,3045.0885629083928,3053.739382689382,95823
2022-09-12,3081.56591796875,3100.5977670531574,3067.8206805928726,3072.0020037206514,40336
2022-09-13,3087.669677734375,3097.4738926174955,3074.885642353256,3081.614057325583,134875
2022-09-14,3086.27587890625,3132.557666487576,3035.4762536875623,3075.846742178657,203869
2022-09-15,3066.955810546875,3104.682995554778,3047.0108656063917,3086.2760679469834,86809
2022-09-16,3057.295654296875,3097.906445436244,3039.032813311123,3039.032813311123,149318
2022-09-19,3123.090087890625,3138.325236889637,3023.9902801700396,3057.584250703196,81131
2022-09-20,3190.951171875,3254.582713939903,3136.402944145832,3156.444104941048,210435
2022-09-21,3119.725830078125,3213.395172308483,3081.7583431353405,3181.5792855852283,44642
2022-09-22,3151.97412109375,3159.80805961058,3086.4682868228624,3091.3224047337944,25838
2022-09-23,3131.452392578125,3180.569679670927,3114.342948061037,3157.5489360359597,21102
2022-09-26,3162.931884765625,3268.087305978841,3094.2059311251874,3114.294962168072,224239
2022-09-27,3169.32373046875,3226.563364376264,3149.475000305763,3191.191078976799,84358
2022-09-28,3169.179443359375,3216.8068182606476,3149.378586821901,3162.3548147853057,127176
2022-09-29,3133.375,3191.1912168842837,3062.438232642788,3184.606888126626,287666
2022-09-30,3150.051513671875,3205.6090426643423,3123.9068631661507,3123.9068631661507,99410
2022-10-03,3143.996337890625,3197.3430626338363,3114.295282306406,3166.5845907098224,95764
2022-10-04,3172.97607421875,3217.8160559857356,3138.3728004173045,3196.044923419714,61649
2022-10-06,3152.11865234375,3208.3968556311797,3133.519295175227,3167.2575875888447,33925
2022-10-07,3076.13525390625,3152.5508239947785,3067.196027075403,3147.9370067915843,242385
2022-10-10,3051.48046875,3062.2461211191153,3007.7457686731123,3061.429005382145,44062
2022-10-11,3074.54931640625,3104.634992133838,3035.092153917762,3079.643734988756,149439
2022-10-12,3031.7275390625,3081.181338568452,3011.013587546213,3081.181338568452,45867
2022-10-13,3004.28564453125,3042.205025162368,2981.649285325013,3032.5930029659626,24485
2022-10-14,2984.72509765625,3074.6937196486124,2974.3921737530095,3019.3283777043107,25690
2022-10-17,3001.25732421875,3030.9586097222664,2963.962870709061,2970.114470242819,44816
2022-10-18,2985.78173828125,3027.7862176044855,2973.141791524148,3009.186865543249,44614
2022-10-19,2960.40673828125,3000.729360708308,2950.89092980174,3000.729360708308,57298
2022-10-20,2979.342041015625,3002.6990636678956,2946.0843554037106,2963.001605765425,51928
2022-10-21,2976.21826171875,3017.694039100661,2965.500717338754,2979.7746626094427,29306
2022-10-24,2984.244384765625,3007.986031864512,2967.2311529796175,2975.8819726676047,6253
2022-10-25,3000.0078125,3029.4685614688206,2964.3952296093235,2970.1143348738497,124788
2022-10-27,2993.087158203125,3018.126520116891,2976.6988499528766,3000.008001133939,28392
2022-10-28,2991.93359375,3022.932360066076,2974.9203642869643,2987.4159910190256,41523
2022-10-31,3032.784912109375,3037.3987292647407,2998.3738289390703,2998.950644084174,39597
2022-11-01,3101.46240234375,3114.2945431714243,3019.9526588251438,3047.8753897567726,95576
2022-11-02,3182.540283203125,3195.997113153244,3101.8474105430746,3113.333729173942,161278
2022-11-03,3168.506591796875,3194.0746621958406,3153.6079588555463,3173.40881650303,71149
2022-11-04,3128.088623046875,3173.553301546544,3108.624277565939,3168.5069897551903,26080
2022-11-07,3101.847412109375,3142.16979493943,3075.8468472946392,3114.294932885822,24901
2022-11-09,3063.83154296875,3123.5701566764233,3048.9810181882895,3101.847131086574,24110
2022-11-10,3052.681640625,3092.859935142619,3037.398621176976,3047.010642130068,28472
2022-11-11,3050.326904296875,3100.5016094009384,2958.868613942183,3054.604206914288,202694
2022-11-14,3024.23046875,3094.0136062834076,2907.636597271178,2947.045886688738,231335
2022-11-15,3008.755126953125,3079.163189213431,2998.999018336677,2999.9121135073756,56702
2022-11-16,2983.66748046875,3041.9642929501792,2975.016661719543,2992.318299217957,34542
2022-11-17,3009.3798828125,3018.1747887275396,2945.892433077701,2979.726702246934,37067
2022-11-18,2997.94140625,3056.4787581313917,2966.366056345223,3024.470679523246,48137
2022-11-21,2964.683837890625,3008.5626205822014,2950.8904936700824,3008.5626205822014,73331
2022-11-22,2968.768798828125,2979.4861080107626,2931.666305164231,2970.1143878549096,34908
2022-11-23,3004.045166015625,3018.174790873595,2961.8963573138926,2968.913180035292,37049
2022-11-24,2979.72705078125,3003.757107642389,2941.2789598034274,3002.507497751905,299271
2022-11-25,2949.304443359375,2982.225614011387,2942.2395143301674,2977.611797176097,38975
2022-11-28,2961.12744140625,2969.922582271545,2915.326250786355,2949.92952972744,87804
2022-11-29,3000.53662109375,3026.6334004709834,2961.1273326362334,2961.1273326362334,104264
2022-11-30,3002.98779296875,3025.720365244689,2992.366461984438,3000.5366804849086,86314
2022-12-01,3008.658935546875,3051.6246246034234,2997.2204891913284,3005.919415559294,69694
2022-12-02,2993.615966796875,3034.178650290517,2927.3892330234244,3018.174728479828,24908
2022-12-05,2998.806396484375,3022.0674398349342,2990.588071784962,3018.174524485899,26472
2022-12-06,2981.264892578125,3017.3578481214918,2968.192448548719,2998.8068330528704,28351
2022-12-07,2962.809326171875,2982.850484277467,2956.3212118501565,2981.6489816252965,18186
2022-12-08,2979.24609375,2986.9838180686606,2941.2786084449103,2963.530344572773,23496
2022-12-09,3016.44482421875,3040.2826867169742,2972.806336367234,2994.1449791727396,80718
2022-12-12,2995.154296875,3051.5768216174747,2979.7269539378444,3051.5768216174747,50548
2022-12-13,2983.5712890625,3010.436840559634,2970.2106738712678,2982.6100869719517,174064
2022-12-14,2978.62158203125,3011.4465438525035,2960.5028263854806,3011.4465438525035,169472
2022-12-15,2944.49853515625,2990.443807618181,2927.821584920385,2978.7652960171613,23890
2022-12-16,2932.1953125,2974.920701816951,2922.342990304968,2931.6666043753476,39422
2022-12-19,2884.2314453125,2931.618763297999,2825.9827296077533,2924.8422404836633,263295
2022-12-20,2885.48046875,2923.0154560182928,2849.964099669266,2873.994151099867,116933
2022-12-21,2932.14697265625,2952.7647105327414,2865.343427467065,2883.606267159072,78443
2022-12-22,2966.6064453125,2998.758611334504,2916.62393189855,2950.8906957851364,174047
2022-12-23,2921.6220703125,2986.5513231086584,2910.568245480253,2966.6063783026475,77893
2022-12-26,2961.56005859375,2979.6785784447225,2869.2846515593374,2928.0139625270176,92510
2022-12-27,2950.266357421875,2982.0339055303007,2904.561141370273,2979.3427268396745,75812
2022-12-28,2906.43505859375,2957.619074094409,2865.343665867869,2950.313843742408,57210
2022-12-29,2886.730224609375,2921.6219079880298,2880.7227114473644,2910.9524707449054,45280
2022-12-30,2888.1240234375,2917.4887957513824,2878.70419553078,2887.4031218324217,26639
2023-01-02,2884.7119140625,2902.0616608589658,2857.654165761659,2888.4126364324875,42669
2023-01-03,2911.2890625,2941.0382215329482,2873.033170736819,2883.2220071969914,39755
2023-01-04,2907.588623046875,2920.9973471494636,2889.4701019100544,2893.2186967194625,32566
2023-01-05,2924.986083984375,2933.0119806816433,2889.3734994082715,2889.3734994082715,35377
2023-01-06,2913.740478515625,2967.663782905196,2886.4903013834114,2905.76245305995,125959
2023-01-09,2931.5703125,2949.7852807851923,2920.180207943721,2929.0713277374516,44243
2023-01-10,2960.02197265625,2967.0869022109405,2923.0637975251216,2945.748027094116,98787
2023-01-11,2926.33203125,2974.7286565554464,2904.9452820047877,2957.6192102255745,104122
2023-01-12,2942.52783203125,2959.541061090183,2903.743236112877,2941.2782224540306,26045
2023-01-13,2907.876708984375,2956.8018029485,2882.1645523145685,2947.7184898623964,65561
2023-01-16,2921.765869140625,2944.9309327673295,2902.830235399693,2902.830235399693,16445
2023-01-17,2917.00830078125,2931.8588274523186,2891.8248507282233,2912.442590449687,18700
2023-01-18,2940.509765625,2947.045987612768,2904.3205961415815,2917.248718983937,18317
2023-01-19,2915.47021484375,2958.5321182073185,2907.63651116866,2925.803137982614,12951
2023-01-20,2914.749267578125,2954.7353703612753,2893.218433567807,2907.7805520819898,29915
2023-01-23,2928.1103515625,2936.376549802135,2885.3849600821422,2926.812634706143,24657
2023-01-24,2892.49755859375,2942.672263694144,2879.136942628314,2936.424449743539,47474
2023-01-25,2903.02294921875,2911.241275278704,2867.2662729364833,2906.579350561904,67844
2023-01-27,2884.279052734375,2922.054341650593,2869.188226916783,2905.5217127038973,42885
2023-01-30,2885.04833984375,2900.6678752502007,2864.3824929982925,2882.645334396604,30753
2023-01-31,2894.468017578125,2900.859917867667,2867.265950397611,2867.265950397611,94418
2023-02-01,2912.875,2926.8605381752254,2894.468072748824,2903.311085569218,31174
2023-02-02,2956.7060546875,2966.462163085569,2898.024613831929,2898.024613831929,107388
2023-02-03,2932.867919921875,2965.3084909328913,2914.556972906405,2965.3084909328913,93856
2023-02-06,2949.2568359375,2985.446005866332,2922.583474175334,2933.5410856804947,43953
2023-02-07,2950.4580078125,2963.386129364027,2930.513063866894,2955.359997812497,24204
2023-02-08,3057.3916015625,3061.4286033365015,2933.108126556149,2933.108126556149,204945
2023-02-09,3105.115478515625,3150.964774727287,3019.087884982924,3026.8256093237546,132810
2023-02-10,3164.9501953125,3220.02712410021,3055.277173468866,3121.5039061240095,916798
2023-02-13,3139.333984375,3180.0888571944397,3067.1957240015336,3169.9962357271834,202942
2023-02-14,3153.03125,3175.763585469108,3119.148876464626,3155.866749220329,65432
2023-02-15,3185.280029296875,3220.027395231749,3136.25871671275,3150.8689433335326,95582
2023-02-16,3179.3203125,3219.018009663614,3159.1831736633208,3212.4339154992213,79306
2023-02-17,3173.774169921875,3209.0929697385973,3162.147245251403,3179.6606761481803,45807
2023-02-20,3187.493408203125,3210.7959555846724,3139.9638033593055,3171.8772167291004,83615
2023-02-21,3167.644287109375,3219.552243163215,3157.622903221257,3181.606477831282,50577
2023-02-22,3187.83349609375,3203.011897794761,3148.2824265763666,3167.64440226652,75751
2023-02-23,3186.95849609375,3203.109869093772,3161.223525369136,3180.634200497777,108550
2023-02-24,3208.217529296875,3239.011884913504,3186.471589994511,3196.2012742387687,237037
2023-02-27,3184.136474609375,3207.876808506353,3165.3581370179945,3207.876808506353,53733
2023-02-28,3089.1748046875,3220.52554441437,3059.693813373911,3220.52554441437,131796
2023-03-01,3034.883056640625,3115.4448895500814,3023.9858578143826,3089.1747421366363,107004
2023-03-02,3041.98583984375,3047.3371662851832,2988.03478713789,3023.985923631657,61019
2023-03-03,3073.8017578125,3081.9748349929987,3035.029109142554,3058.039717055911,36163
2023-03-06,3072.09912109375,3129.552954380354,3065.6776719818886,3074.4828462384817,44689
2023-03-08,3056.580078125,3089.1745179203804,3036.6342269069314,3047.385574705867,52791
2023-03-09,3078.277587890625,3089.2721787348128,3052.3965324550054,3059.985733770355,21323
2023-03-10,3060.812744140625,3080.953142564939,3020.629101607583,3050.2559419566423,21793
2023-03-13,2983.75341796875,3060.9585547263046,2960.0617801985704,3033.083105371195,84172
2023-03-14,3003.359130859375,3019.3157188048763,2973.9755304742475,2974.3646228471107,42051
2023-03-15,2996.596923828125,3035.6615114023184,2985.0184569490652,3035.6615114023184,18059
2023-03-16,3069.763916015625,3084.6503796466222,2969.40208570898,2977.2832245551276,73462
2023-03-17,3029.093994140625,3102.3098692097915,3014.548163478962,3102.3098692097915,65853
2023-03-20,3030.990966796875,3059.8396209978796,3004.137182769526,3017.0290134511974,91221
2023-03-21,3032.353515625,3071.7100412617465,3015.3750264232585,3017.175113042135,39169
2023-03-22,3126.342041015625,3137.823115738021,3022.6237512495427,3047.3370537958085,130364
2023-03-23,3064.607421875,3109.753063623371,3053.1750424140805,3109.753063623371,186735
2023-03-24,3068.4990234375,3115.444747696195,3059.985550126338,3064.8503920184303,63939
2023-03-27,3140.693359375,3176.7418867930805,3072.4884157544348,3084.6018250580255,171827
2023-03-28,3153.1962890625,3171.779844456139,3115.0559722566904,3144.5367270889706,56411
2023-03-29,3211.087646484375,3221.498360818726,3142.8337709450793,3152.417604667071,71738
2023-03-31,3304.2978515625,3322.05452364429,3207.195564396056,3223.1521500448966,248234
2023-04-03,3307.898193359375,3317.8224240697746,3267.7145487502457,3317.8224240697746,220590
2023-04-05,3316.655029296875,3337.622547720833,3289.6551537557357,3307.800921039903,210599
2023-04-06,3313.589599609375,3337.281474187468,3292.7681717256382,3292.7681717256382,121832
2023-04-10,3281.384521484375,3337.232810867343,3267.42233036808,3311.2546029145146,246320
2023-04-11,3241.492919921875,3335.8708547042206,3230.6928756674497,3278.9035073866544,174521
2023-04-12,3250.298095703125,3303.4707198801034,3227.092706034116,3249.568369456189,339626
2023-04-13,3254.628173828125,3327.5521119307805,3247.3309104247683,3266.595733317856,237891
2023-04-17,3242.271728515625,3278.8552021835876,3211.623220269125,3271.8011804443136,129855
2023-04-18,3275.839111328125,3308.092922304135,3244.6067272510923,3255.1148346301684,342322
2023-04-19,3251.36865234375,3288.584695905212,3237.2606096864633,3275.984801867792,149586
2023-04-20,3265.1845703125,3307.0709075916966,3249.714467713185,3250.3954980874173,259756
2023-04-21,3316.849365234375,3368.7573257935783,3265.136188393326,3265.184646781745,451859
2023-04-24,3336.1142578125,3351.8762991420404,3311.9845928242394,3316.8494350581177,264849
2023-04-25,3328.962646484375,3356.7409414939452,3293.4979962194216,3336.1627550864487,97313
2023-04-26,3334.217041015625,3345.0655442593525,3308.8711652851903,3322.6872698213174,48166
2023-04-27,3342.633544921875,3351.7793545254867,3327.1634395703395,3334.2174617507158,95163
2023-04-28,3415.022216796875,3424.8492941630643,3349.736169651582,3351.8766529522036,241766
2023-05-02,3423.3408203125,3448.2976037613334,3401.108633592849,3429.859661466725,110550
2023-05-03,3422.07568359375,3444.259410431063,3400.719074905764,3405.3893706937947,148903
2023-05-04,3386.17333984375,3444.308202872459,3374.157084854005,3422.075779484363,82813
2023-05-05,3372.114013671875,3405.3407903573398,3359.2708779746745,3389.9193833512554,46430
2023-05-08,3418.330078125,3435.843510098103,3370.4113823097045,3381.843761514369,118023
2023-05-09,3520.248291015625,3527.010373741197,3420.4703362447385,3436.3297683300584,590802
2023-05-10,3488.9189453125,3525.015931598565,3471.4539719331683,3524.626839242391,189248
2023-05-11,3403.10302734375,3507.2593481350827,3390.795071383729,3507.2593481350827,99457
2023-05-12,3316.655029296875,3412.9789096058034,3312.9577015343657,3412.9789096058034,105538
2023-05-15,3333.049072265625,3342.09772580649,3285.5684048369035,3327.5518958751413,184251
2023-05-16,3321.37353515625,3381.065242438481,3309.7953060331233,3350.611283537934,181489
2023-05-17,3292.4765625,3337.0872612691296,3274.087553679469,3321.3736781641746,129323
2023-05-18,3236.385009765625,3300.3576854919347,3223.5903320956877,3298.6062947699097,373242
2023-05-19,3212.83935546875,3297.390222486548,3186.4718142943184,3235.1202389400332,580221
2023-05-22,3164.33642578125,3191.6769323787385,3138.406913372966,3138.406913372966,263130
2023-05-23,3169.83349609375,3259.346584396687,3100.1691046782994,3171.87682464754,373559
2023-05-24,3220.62255859375,3308.8707384643,3164.093003701827,3169.930813671757,251572
2023-05-25,3234.535888671875,3269.173656958471,3193.6712179598944,3220.622631295677,226650
2023-05-26,3255.40625,3277.4438881187502,3220.4765436981497,3239.1090301318127,140257
2023-05-29,3257.936279296875,3288.6334825370677,3237.698487280728,3259.347036093287,77549
2023-05-30,3267.908935546875,3298.3628941426095,3251.465864512875,3261.29270288226,144778
2023-05-31,3268.78515625,3304.7849917261406,3254.628416682911,3276.957996855153,92711
2023-06-01,3288.973876953125,3326.335769075989,3275.4494734587565,3292.4764207227654,55564
2023-06-02,3272.82275390625,3305.271348021262,3250.7851126533687,3288.9741258353297,63221
2023-06-05,3303.90869140625,3317.822186794578,3263.3359573340217,3308.092502962336,177877
2023-06-06,3297.195556640625,3317.7250485714176,3278.952398060528,3317.7250485714176,110764
2023-06-07,3315.487060546875,3325.557140493525,3293.838514654443,3304.8815629558085,53590
2023-06-08,3349.006103515625,3365.157237273898,3309.8441233717285,3309.8441233717285,81435
2023-06-09,3322.20068359375,3366.4707468836946,3294.519779440459,3366.4707468836946,369823
2023-06-12,3257.01171875,3327.406077501042,3246.795550550784,3324.7304144012473,156889
2023-06-13,3297.827880859375,3357.6654408158893,3259.444322834519,3276.568662651533,231707
2023-06-14,3281.676513671875,3327.551878026469,3272.092680059361,3301.2817316209967,123537
2023-06-15,3302.643798828125,3345.9408920628894,3269.1737813215154,3297.292472697986,137974
2023-06-16,3307.07080078125,3352.8003142691227,3299.578991824437,3310.524886010364,76056
2023-06-19,3310.622314453125,3363.4058492219606,3280.9467787766366,3310.962710862452,181443
2023-06-20,3292.427490234375,3362.481211129809,3283.7681669734625,3337.281425990808,194971
2023-06-21,3298.265380859375,3321.7140135815334,3284.060185188874,3299.5302872479874,124993
2023-06-22,3258.860595703125,3311.9847707677345,3240.033797771181,3308.0928967715327,256036
2023-06-23,3259.395751953125,3282.2118155800995,3217.801348924133,3257.8876032824433,187418
2023-06-26,3309.55224609375,3322.6873204204485,3245.628265212042,3256.525464552633,131596
2023-06-27,3303.665771484375,3335.2872470228926,3295.444235352587,3326.5792266520502,149706
2023-06-28,3352.9951171875,3366.27627900808,3303.227876161052,3317.822402859849,634166
2023-06-30,3417.892333984375,3422.416542286085,3355.816899014074,3375.5682061693233,205515
2023-07-03,3399.454345703125,3419.984074853117,3348.957378561715,3419.984074853117,141957
2023-07-04,3400.329833984375,3441.534901044602,3388.0216418434493,3388.4109717077545,85700
2023-07-05,3417.30810546875,3429.7134519972506,3386.124422177122,3405.340547191858,100980
2023-07-06,3428.01123046875,3448.151630692221,3407.5788921902163,3417.162726827792,79164
2023-07-07,3396.3896484375,3444.3083450458353,3383.0600280567064,3444.3083450458353,85096
2023-07-10,3393.373046875,3434.529656510157,3382.1839105993554,3397.994646641027,50264
2023-07-11,3419.059814453125,3428.5462567996237,3381.065349136617,3394.3462734052646,33453
2023-07-12,3433.605712890625,3444.3083660053308,3400.573481013009,3439.784157659657,117624
2023-07-13,3416.238037109375,3454.037955953655,3400.524691847331,3429.8111368565137,146039
2023-07-14,3424.216796875,3435.5517849212274,3405.4384572543454,3415.36268847911,28120
2023-07-17,3530.513427734375,3557.756544450492,3413.4652751922617,3421.10293503264,345756
2023-07-18,3567.53466796875,3572.4482061436806,3520.2485438791914,3549.3889014141,156037
2023-07-19,3541.069580078125,3586.0693658358273,3507.5508682489863,3570.793810394946,157152
2023-07-20,3590.35107421875,3646.004823629407,3536.74041608638,3536.74041608638,426629
2023-07-21,3600.907470703125,3611.366881346547,3552.4051368952787,3585.777764078137,255522
2023-07-24,3679.572021484375,3692.317765272858,3593.804712661645,3609.6641454297483,227440
2023-07-25,3843.857421875,3879.5168554009106,3679.669008329019,3697.2798309613568,720563
2023-07-26,3896.640869140625,3921.0624698626625,3808.879171045468,3830.235778925209,313896
2023-07-27,3919.45751953125,3940.5221912904644,3887.981895406592,3894.3061902815025,365382
2023-07-28,3887.68994140625,3933.2736077570444,3843.4685733937495,3896.835987250942,100588
2023-07-31,3871.197998046875,3908.9979151743146,3858.5981048514323,3877.279050510034,89261
2023-08-01,3878.738525390625,3901.3600406835717,3853.8791352701533,3871.1980202929763,140866
2023-08-02,3829.1171875,3866.0899871760257,3794.5768088552913,3863.657566144708,88119
2023-08-03,3914.64111328125,3972.3381890869478,3820.9444428580487,3838.360482858881,342605
2023-08-04,3988.197509765625,3998.9001622680453,3895.9600570547227,3907.246585619176,298023
2023-08-07,4020.1591796875,4056.013156686614,3945.7271044724425,4036.845491075486,145189
2023-08-08,4020.1591796875,4057.229367065945,3976.472760337276,4037.6726091498667,132221
2023-08-09,4112.98095703125,4120.424070796225,4018.943649599995,4019.332741970807,333285
2023-08-10,4039.005859375,4138.093945390173,4005.505050717237,4129.218843100805,229756
2023-08-11,3727.6005859375,4021.0608888146794,3706.095713529247,3999.1171900520476,941049
2023-08-14,3701.609375,3749.9343239872114,3652.4555846945564,3735.207568591443,128454
2023-08-16,3700.878173828125,3725.50388207689,3653.577308479013,3691.41804837918,73525
2023-08-17,3695.95263671875,3721.5536181323273,3675.179459426654,3700.195180309032,29622
2023-08-18,3707.315185546875,3714.7759486444047,3602.716877456863,3696.2945236470487,186925
2023-08-21,3728.576171875,3768.4648479272987,3690.9304391772416,3707.3151165717168,92641
2023-08-22,3674.59423828125,3749.59282844162,3670.741947705266,3739.1574282887273,81156
2023-08-23,3667.23095703125,3687.4191126432615,3656.4541149309844,3686.4438371247647,38486
2023-08-24,3623.19775390625,3698.1963541365144,3608.5198081468266,3667.2313530801193,76264
2023-08-25,3586.819580078125,3637.2412773529163,3579.3100061187947,3623.1485935667824,135710
2023-08-28,3620.61279296875,3664.061365578791,3575.360103485534,3586.8195909967058,137962
2023-08-29,3610.6650390625,3646.5552263813793,3600.2784498536066,3627.0497156759425,235050
2023-08-30,3602.521728515625,3644.653585156543,3591.9398934303417,3608.6657740702954,122505
2023-08-31,3552.782470703125,3608.421747812329,3545.1264627426613,3602.521521487135,129929
2023-09-01,3525.377197265625,3571.458965733929,3517.428796993795,3552.782534707573,247511
2023-09-04,3560.389404296875,3587.599733574828,3524.987094175478,3530.0096677523306,53544
2023-09-05,3555.952392578125,3582.1872104759836,3530.497604661873,3579.1637609318927,238994
2023-09-06,3564.729736328125,3615.297630424903,3543.176051562691,3569.5084912522566,173948
2023-09-07,3547.1748046875,3609.0559908282285,3542.6884419074745,3583.1623773071055,182190
2023-09-08,3531.716796875,3566.534088473572,3523.1343239003063,3564.6323486580945,119771
2023-09-11,3540.25048828125,3583.211426813642,3531.716826635944,3545.126866364282,165271
2023-09-12,3545.468017578125,3583.844967084578,3532.545616716872,3564.632086632496,224129
2023-09-13,3652.1630859375,3657.2832825330465,3546.004247948089,3546.004247948089,287827
2023-09-14,3617.73583984375,3677.715286144165,3580.2853539808534,3660.4041451387607,244362
2023-09-15,3585.064208984375,3655.3328619150116,3573.409713462274,3608.519634227733,168718
2023-09-18,3569.41064453125,3618.1258453843325,3545.90664825659,3599.6929958953815,119029
2023-09-20,3594.134033203125,3602.6676938205937,3527.5226689910364,3569.3621307667345,62007
2023-09-21,3561.56005859375,3598.766725021256,3554.879325935631,3598.766725021256,146526
2023-09-22,3462.862060546875,3571.6052851312274,3453.499558064126,3560.8772540063137,267533
2023-09-25,3468.031005859375,3487.2438863599746,3425.2165049319506,3464.7639756658127,49899
2023-09-26,3443.112548828125,3476.759553762526,3435.9444167264624,3467.1044215013594,49301
2023-09-27,3471.4443359375,3478.9053363860476,3434.1400480078737,3436.4808520739234,101011
2023-09-28,3437.6513671875,3474.8092234384317,3427.1671548391846,3471.005743967774,156118
2023-09-29,3516.74609375,3536.641858303593,3434.920568409818,3437.651387635337,100498
2023-10-03,3485.196044921875,3558.7805387223743,3478.7103195482805,3540.201491577611,97703
2023-10-04,3390.057861328125,3507.1397404370464,3367.041262770104,3491.486520009979,152449
2023-10-05,3372.01513671875,3429.9464078171563,3361.774743678823,3407.8565123584935,104226
2023-10-06,3435.408203125,3447.5991477776793,3372.015290931068,3372.015290931068,259891
2023-10-09,3463.740234375,3470.664548531393,3403.760782731245,3415.902916784588,82563
2023-10-10,3497.093994140625,3503.1894657890607,3442.7711984306366,3481.7334055865663,130100
2023-10-11,3452.231201171875,3528.302684664044,3443.9413600220873,3497.093870923667,147842
2023-10-12,3506.066650390625,3514.8929413854003,3459.058418384758,3468.0309054644235,154901
2023-10-13,3523.13427734375,3556.1474514931883,3481.7338759356458,3511.821223298584,148801
2023-10-16,3520.110595703125,3530.3995613779102,3493.534339275355,3525.6208068399824,82519
2023-10-17,3530.7900390625,3545.0289188982824,3492.705482101019,3532.350337043535,122872
2023-10-18,3543.07861328125,3559.755921194907,3525.5724639746086,3542.2009604876444,177578
2023-10-19,3526.4501953125,3549.4665554468615,3486.512471027012,3540.201437715022,163185
2023-10-20,3496.947998046875,3519.525531082105,3452.4753391148324,3496.362737493411,90781
2023-10-23,3446.4775390625,3521.4273209441676,3434.530413777951,3487.585307554932,117576
2023-10-25,3496.704345703125,3503.6286593589016,3444.4782915243923,3447.7453218077703,108539
2023-10-26,3472.76123046875,3497.3381267390682,3423.1683734465505,3496.265228390954,61488
2023-10-27,3584.283935546875,3595.8410463566606,3470.030497135069,3498.1184813263485,101943
2023-10-30,3600.4736328125,3608.519656370624,3559.9508847261627,3603.155640665208,169649
2023-10-31,3629.8291015625,3642.653878745253,3588.9649165260066,3608.519237311228,140710
2023-11-01,3630.609130859375,3649.28579896069,3585.1614368487135,3641.678602678625,126203
2023-11-02,3698.48876953125,3711.898808579587,3630.9509365059907,3630.9509365059907,321314
2023-11-03,3714.77587890625,3759.6873670597092,3696.3920770557647,3715.799965887806,261006
2023-11-06,3730.623779296875,3754.8106592160757,3690.003650134376,3714.824363884164,166232
2023-11-07,3927.776123046875,3949.8660192460898,3720.4812550826014,3730.624025668047,662357
2023-11-08,4128.048828125,4193.684679249288,3911.878869179678,3954.9859989594593,1222642
2023-11-09,4176.8125,4230.257405965361,4128.048725867835,4154.819752141155,520821
2023-11-10,4199.7802734375,4218.066689722424,4108.348192012881,4169.400535757898,361432
2023-11-13,4193.63623046875,4237.5722028711725,4183.102968957302,4193.294788789483,131420
2023-11-15,4237.52392578125,4275.559674334539,4193.977489098721,4229.818867543167,274824
2023-11-16,4253.419921875,4271.706335984523,4215.384180527193,4251.225552181858,113150
2023-11-17,4338.46435546875,4339.975841963921,4264.733434687123,4275.802906514552,228005
2023-11-20,4281.99609375,4339.976418635283,4272.48715665299,4339.976418635283,173174
2023-11-21,4377.32861328125,4388.739526533724,4292.235830239013,4300.964736003049,246036
2023-11-22,4418.9248046875,4459.8863764983935,4356.311925864491,4388.739836881449,398114
2023-11-23,4409.3671875,4461.300613244777,4391.324588884444,4427.751227817608,310248
2023-11-24,4445.11083984375,4479.87979517366,4414.389659130399,4420.192739304211,198443
2023-11-28,4441.60009765625,4499.48232054737,4403.41767892941,4473.58894519375,401971
2023-11-29,4454.32666015625,4492.801465942848,4430.676231231013,4486.2669301480655,147770
2023-11-30,4606.7626953125,4676.933962556713,4448.280416318555,4477.782502100505,372051
2023-12-01,4532.982421875,4624.707358675932,4507.479065488561,4608.078627434067,264101
2023-12-04,4499.09228515625,4551.757164586031,4487.242782526302,4534.056008686107,197993
2023-12-05,4537.81103515625,4552.050153732682,4475.783413607272,4534.982831242487,254553
2023-12-06,4608.95703125,4688.149596866767,4544.784090160003,4561.363774609084,367725
2023-12-07,4768.609375,4778.849767358625,4585.647602950811,4595.644176443755,374821
2023-12-08,4677.47021484375,4776.70450425734,4633.144225838325,4754.468411707633,305427
2023-12-11,4608.42041015625,4677.37257630199,4566.142123330933,4677.37257630199,240894
2023-12-12,4676.64111328125,4694.342267778573,4609.151860431726,4617.734094064148,261701
2023-12-13,4764.5625,4778.850191555449,4661.914748436488,4686.1990143722305,313944
2023-12-14,4737.1083984375,4803.231887542917,4728.135673260521,4778.849999788892,301947
2023-12-15,4797.7216796875,4885.984113422107,4673.081183671835,4760.124523017842,1925737
2023-12-18,4782.02001953125,4837.708350762449,4732.573356811927,4777.9727210890105,161198
2023-12-19,4814.59375,4827.613773297005,4764.123242370077,4768.853423834147,95027
2023-12-20,4756.76025390625,4885.155183603898,4744.423113557547,4827.613926699799,188500
2023-12-21,4788.5048828125,4848.679569140291,4699.51099714325,4737.888181711953,150806
2023-12-22,4792.89404296875,4832.490325336366,4738.52243133656,4798.940941831082,152341
2023-12-26,4849.55810546875,4873.452358577646,4779.92352022173,4794.894096492942,83738
2023-12-27,4949.81591796875,4964.152659354521,4869.014717830167,4886.130613627928,240939
2023-12-28,4999.60400390625,5015.842246873799,4894.12804645514,4949.474934946311,447476
2023-12-29,5073.96875,5087.768804003782,4978.684136810559,5019.353318356886,147213
2024-01-01,4993.41064453125,5095.814573764801,4967.273451172281,5081.136867724825,101017
2024-01-02,5057.77880859375,5071.335042977811,4987.412775597929,5008.03975744869,101061
2024-01-03,5110.931640625,5136.727870015968,5028.716100299487,5073.334957767017,275095
2024-01-04,5139.166015625,5169.935769212166,5099.325913559567,5110.931597539398,442884
2024-01-05,5109.0791015625,5184.077703603612,5074.310619975466,5144.579039885063,223430
2024-01-08,5074.89453125,5105.908577225668,5023.204930832617,5100.690758168205,50216
2024-01-09,5050.51318359375,5138.434658433203,5037.834601005379,5100.691302859696,159805
2024-01-10,4993.2158203125,5095.815003791004,4947.573112771629,5093.766829791742,215333
2024-01-11,4932.69921875,5028.568601338168,4906.122963753028,5001.260889781646,147170
2024-01-12,4923.8740234375,5100.69129604638,4888.081219079246,4946.841572919932,138930
2024-01-15,4913.04833984375,4929.38420575154,4845.169064471715,4923.288733397887,227660
2024-01-16,4935.47998046875,4954.741674286328,4899.443355222721,4913.3900825475675,100552
2024-01-17,4931.13916015625,4978.245252876091,4890.03139277228,4935.479326646496,110342
2024-01-18,4811.86279296875,4947.182259371179,4786.99326941371,4931.13878800611,153745
2024-01-19,4841.560546875,4851.947613145679,4782.995436655826,4851.947613145679,114591
2024-01-23,4696.63427734375,4833.465235475517,4645.480888393615,4758.076632031998,206809
2024-01-24,4875.98828125,4897.931983583224,4697.415212798758,4740.034949591702,230011
2024-01-25,4848.826171875,4920.118909177206,4812.594780761815,4875.987690938689,213702
2024-01-29,4852.33740234375,4898.711565212809,4818.300380193189,4875.061132640783,62787
2024-01-30,4824.0048828125,4873.8906042358,4784.7014717243455,4851.995479378031,164802
2024-01-31,4872.52490234375,4962.153100492475,4849.0697173841445,4866.624676135736,263753
2024-02-01,4734.71875,4939.77042458417,4714.48178330501,4876.523712948683,173932
2024-02-02,4796.1123046875,4809.083277780261,4663.181974192151,4754.4678521960595,344636
2024-02-05,4802.30517578125,5021.303576877938,4749.591725045302,4803.573319667186,305754
2024-02-06,4939.9658203125,5004.090186608255,4826.590039599474,4827.516265630585,635171
2024-02-07,5001.06689453125,5095.814820302391,4974.051570933411,5022.669153025323,484955
2024-02-08,5179.83447265625,5244.446475729641,5001.06666067405,5027.203854075333,611368
2024-02-09,5196.169921875,5285.992885146632,5097.520906354273,5217.723604342155,570720
2024-02-12,5022.0341796875,5188.46482162826,4844.631690144612,5188.46482162826,343095
2024-02-13,5162.57275390625,5184.175012947581,5032.422036150586,5071.384486390731,229855
2024-02-14,5108.2978515625,5162.279446026679,5015.402859675662,5162.279446026679,294883
2024-02-15,5179.2490234375,5206.995801399889,5051.926999672491,5114.247007766472,251654
2024-02-16,5345.2138671875,5358.565707411465,5172.426587359552,5242.523149325221,273500
2024-02-19,5371.966796875,5398.277397197485,5306.778960157918,5345.214219117516,76922
2024-02-20,5304.22607421875,5370.150217301578,5253.273556513225,5370.150217301578,121950
2024-02-21,5316.64453125,5419.23697027052,5291.708283093748,5325.971116615502,170880
2024-02-22,5324.20458984375,5379.427797063275,5269.079173720343,5367.204868784773,232543
2024-02-23,5322.19189453125,5372.212041806598,5257.249496623062,5324.204761324507,141155
2024-02-26,4969.45068359375,5314.975872695437,4573.95424364374,5306.483866356673,2521385
2024-02-27,4951.97509765625,5003.320694628884,4844.572194618135,4918.546842301621,678534
2024-02-28,4899.15771484375,4987.0728727010755,4867.103805529331,4986.925706682568,175724
2024-02-29,5033.7548828125,5054.322171578338,4894.9850054467215,4926.400873913287,217756
2024-03-01,5019.568359375,5074.595502971272,5009.898066688573,5055.991227000409,196260
2024-03-04,5031.349609375,5075.135573627344,5016.7216909247945,5062.421772115419,191376
2024-03-05,5007.248046875,5045.830470923593,4951.533964269036,5045.781575373398,85058
2024-03-06,5117.3017578125,5126.382907652998,4994.435871340881,5007.00250684915,187217
2024-03-07,5050.39453125,5129.621605983412,5043.179083394394,5126.67636869768,129528
2024-03-11,5063.10888671875,5129.622169393663,5044.553985654276,5093.297572213268,151048
2024-03-12,4964.4921875,5094.230284156454,4949.275126932382,5078.718412215062,70615
2024-03-13,4855.37158203125,4988.1527168541015,4805.695142926304,4972.494157152058,240960
2024-03-14,4894.34716796875,4925.419330779431,4792.000154766885,4825.281245920053,70479
2024-03-15,4953.10400390625,5002.632790915445,4768.388151796543,4898.911445071265,342923
2024-03-18,4884.82373046875,4976.27326216616,4820.372210131548,4957.816631601694,81473
2024-03-19,4782.86962890625,4909.023980881696,4774.083290455686,4908.729648850017,145345
2024-03-20,4696.8193359375,4813.598197127361,4680.571633785827,4808.0020540070855,183011
2024-03-21,4708.404296875,4746.741281350455,4658.236987045432,4712.380175901176,275225
2024-03-22,4702.31787109375,4740.9496718011505,4682.977283279771,4740.9496718011505,138264
2024-03-26,4910.83984375,4930.818467410937,4565.118143048453,4565.118143048453,199779
2024-03-27,4912.85302734375,4966.750781411026,4871.472054140534,4957.178758880538,89989
2024-03-28,4851.7880859375,4918.497909501708,4732.063985432656,4844.915864852603,427458
2024-04-01,4917.61376953125,4952.809453492794,4840.154119236457,4840.154119236457,69589
2024-04-02,4864.89453125,4933.1747653012235,4821.943149097838,4917.565101718402,116184
2024-04-03,4805.302734375,4849.776113679716,4776.832101729722,4842.952787557126,106320
2024-04-04,4777.2734375,4825.2807122939685,4741.832317473015,4825.2807122939685,175477
2024-04-05,4822.97412109375,5001.995590047894,4791.165648347642,4803.535743128944,384425
2024-04-08,4799.1171875,4859.641720324979,4756.852743099364,4830.140450719527,150686
2024-04-09,4793.47314453125,4830.38689022865,4767.407500452344,4790.920509042143,66122
2024-04-10,4736.43310546875,4785.226068558477,4725.339568520422,4779.3844886927645,183779
2024-04-12,4648.76318359375,4781.102333648529,4638.896350089286,4736.432897061053,159343
2024-04-15,4629.56982421875,4668.20162014552,4587.207585726591,4638.749243993182,164252
2024-04-16,4647.8798828125,4688.769987090549,4594.571266911624,4614.20618685569,119821
2024-04-18,4565.95263671875,4662.458058948551,4551.766217891478,4653.475180581171,314802
2024-04-19,4532.08251953125,4560.160546522874,4483.682161836352,4540.574525202064,94277
2024-04-22,4659.07177734375,4669.183568514015,4546.8579317159065,4559.473462588565,188465
2024-04-23,4618.52490234375,4704.329390443479,4579.844213222516,4672.913524457816,145622
2024-04-24,4634.7734375,4672.766715710298,4605.369956433807,4623.04138240179,55269
2024-04-25,4778.79541015625,4789.93832217184,4611.260565534153,4627.950246099212,150059
2024-04-26,4820.7646484375,4847.271785961205,4769.321262598445,4779.1387209405575,160192
2024-04-29,4794.35595703125,4928.364268311022,4772.954088808534,4819.4887471815155,140520
2024-04-30,4744.82666015625,4858.660284927813,4729.168101233444,4810.45646709219,91239
2024-05-02,4700.40283203125,4757.246303181195,4652.98469677058,4741.979866803119,216072
2024-05-03,4814.48193359375,4840.007327205789,4674.681412146055,4705.753574265546,91122
2024-05-06,5054.9609375,5063.8455464886365,4790.920175817089,4816.4455701964425,471357
2024-05-07,5024.5263671875,5112.932389275568,4899.451562342469,5060.80158874171,171010
2024-05-08,5069.63720703125,5086.5234270923465,4948.146160296325,5030.95651711613,228808
2024-05-09,4975.095703125,5093.690418109924,4943.778104257264,5080.486223151761,215985
2024-05-10,5035.2763671875,5059.427411800872,4958.601917794591,4962.18567376469,137328
2024-05-13,5115.337890625,5154.165747508997,5002.976885582066,5055.991161842158,105586
2024-05-14,5088.58544921875,5160.007462160765,4988.250828293859,5154.116986866578,290119
2024-05-15,5151.17138671875,5213.070268498609,5096.340787173639,5112.932195544398,221828
2024-05-16,5220.97412109375,5234.669669534565,5054.12667609323,5139.440307579417,284882
2024-05-17,5338.43994140625,5362.787048294737,5173.997501023757,5247.43190354881,228561
2024-05-21,5235.7978515625,5476.963626850892,5199.129547718593,5338.979437601507,333419
2024-05-22,5207.42626953125,5284.100728726822,5113.08038216929,5242.523689361715,166810
2024-05-23,5356.65087890625,5387.821310137458,5174.782457313145,5222.888004725086,175923
2024-05-24,5352.134765625,5394.987876891313,5257.347393813007,5362.050494765821,145147
2024-05-27,5239.8720703125,5370.101044210786,5191.47219039063,5370.101044210786,396052
2024-05-28,5216.8505859375,5242.523145542516,5165.995860313052,5232.75458201659,216749
2024-05-29,5166.388671875,5284.639672614392,5088.683103874808,5217.733788398755,495913
2024-05-30,4856.5,5055.990941113089,4805.253156140047,5026.538566698839,1490557
2024-05-31,4722.6396484375,4882.0750830790075,4706.588007465835,4856.500315347806,649815
2024-06-03,4734.0771484375,4793.81648419593,4707.471737841143,4727.106656455705,730200
2024-06-04,4622.501953125,4767.652709691375,4326.603337541527,4767.652709691375,439244
2024-06-05,4737.0712890625,4775.654191820316,4582.200868252023,4628.932070500157,214474
2024-06-06,4765.98388671875,4799.85412129712,4687.836814832421,4751.994007218988,184279
2024-06-07,4865.630859375,4873.190015041996,4739.083911118089,4767.652332776424,166257
2024-06-10,4939.310546875,4951.336933560682,4849.824508348623,4897.930055091352,86829
2024-06-11,4974.35986328125,5005.922901607791,4890.273413455196,4938.476759019092,133269
2024-06-12,4985.404296875,5027.226770992985,4961.793018719446,4999.0015744078855,166160
2024-06-13,4996.79248046875,5021.5321904264665,4958.79872101151,4993.15982875956,111983
2024-06-14,5008.8193359375,5040.873247856534,4941.127755605097,5021.582034292927,77862
2024-06-18,5122.79931640625,5142.385340061531,4819.194378182877,5029.484554626809,581602
2024-06-19,5090.205078125,5162.854271194539,5065.808597821948,5136.494299186906,175111
2024-06-20,5064.1884765625,5127.363913833522,5043.9155219332915,5090.204739919631,66633
2024-06-21,5035.6201171875,5103.557124669866,4987.367402463127,5065.955969380572,85035
2024-06-24,4914.37451171875,5016.6232507640725,4883.2040795663115,4995.123111546722,134790
2024-06-25,4999.73779296875,5163.001952760586,4917.123487754367,4938.1821301361,583680
2024-06-26,4882.8115234375,5015.641552485932,4861.016572623999,5006.805839350965,340917
2024-06-27,4833.72412109375,4942.403102623887,4807.511314293827,4908.729410614315,921005
2024-06-28,4900.2373046875,4928.364227763166,4840.546868650706,4841.970591897995,272426
2024-07-01,4868.0849609375,4919.331805562918,4850.806138482768,4900.875175734866,172179
2024-07-02,4829.94482421875,4888.996749520332,4783.066453294121,4877.903211603756,277425
2024-07-03,4880.01318359375,4938.181625202748,4836.128952354155,4843.885128063161,119669
2024-07-04,4890.419921875,4927.382558282578,4864.796258603257,4885.2657560190555,106334
2024-07-05,4971.11962890625,4992.178271770418,4899.501547810198,4899.7958798547825,166745
2024-07-08,5126.52978515625,5147.981028364785,4970.5793572848615,4997.086495868051,272224
2024-07-09,5226.96240234375,5251.162343204826,5126.529987277208,5154.166038830839,325815
2024-07-10,5130.40771484375,5240.559800486581,5061.9309358846,5226.962523414614,303393
2024-07-11,5104.3916015625,5198.295986563005,5087.604129063788,5168.892503178482,220197
2024-07-12,5103.85107421875,5171.836972153763,5070.471716387841,5121.7679354074,155236
2024-07-15,5285.42529296875,5350.514850689536,5134.530764973628,5140.5195104966415,698631
2024-07-16,5200.111328125,5345.606257684705,5175.420515388745,5345.606257684705,229725
2024-07-18,5176.50048828125,5232.705438820171,5095.26101828831,5232.705438820171,133445
2024-07-19,5039.93994140625,5172.083040604582,5018.243260291346,5154.166177226603,129496
2024-07-22,5121.47412109375,5148.226697353587,4994.141483808854,5036.3565582739175,133116
2024-07-23,5086.08154296875,5143.4647796602185,4938.574228976092,5124.713338047766,109499
2024-07-24,5098.353515625,5175.518837587563,5066.446774557689,5112.834267340164,112401
2024-07-25,5087.7509765625,5111.411148699711,5045.241091339417,5060.900130240366,92426
2024-07-26,5193.2880859375,5219.795222384039,5094.524363155671,5114.8466928452435,171272
2024-07-29,5107.0908203125,5250.3279236884655,5097.764234713637,5227.79666462608,149841
2024-07-30,5130.99658203125,5149.40431731954,5085.443668978118,5129.523963208187,128568
2024-07-31,5212.580078125,5247.333788592012,5099.1884218441,5130.996894485635,195074
2024-08-01,5175.0771484375,5307.171351434446,5155.24616819813,5255.285982966058,147760
2024-08-02,5199.08056640625,5246.891780876232,5105.078401607421,5105.078401607421,82865
2024-08-05,5217.1943359375,5270.30640647196,5070.472217117647,5105.127656187814,397512
2024-08-06,5225.93212890625,5346.539718581999,5207.769828252288,5301.428298994222,295096
2024-08-07,5411.62890625,5423.9007301564125,5240.461410529727,5240.461410529727,418116
2024-08-08,5583.23779296875,5641.701048558923,5393.12279652909,5446.726218198247,687558
2024-08-09,5696.0419921875,5746.302389944566,5420.124859050793,5615.713637129707,1337022
2024-08-12,5615.46728515625,5748.2668935859865,5558.574278013611,5748.2668935859865,284368
2024-08-13,5610.1123046875,5694.420513529585,5573.3627940696415,5634.284601762222,305322
2024-08-14,5583.7783203125,5715.693680643967,5573.952222708666,5650.006122204354,353454
2024-08-16,5583.14013671875,5650.006543988579,5527.76997662967,5650.006543988579,299515
2024-08-19,5640.8681640625,5664.401380453336,5578.619738452122,5622.640464743366,202117
2024-08-20,5633.35107421875,5697.17177436952,5605.837999075193,5648.532587955016,370393
2024-08-21,5689.31103515625,5727.534462387821,5624.26207112846,5631.337053968993,268688
2024-08-22,5667.7421875,5762.564031903852,5648.5323580885615,5760.058568864077,342906
2024-08-23,5653.7890625,5704.049453978887,5625.980919406831,5701.101624803704,249955
2024-08-26,5717.4619140625,5729.597239983402,5600.87536750221,5694.3705857929735,142428
2024-08-27,5788.55419921875,5887.355420429827,5720.803063144548,5756.128076561439,532448
2024-08-28,5893.103515625,5916.391558208672,5748.561527969973,5793.958289541976,384104
2024-08-29,5894.970703125,5959.331644172319,5857.336940199564,5905.435881188306,198586
2024-08-30,6063.04638671875,6092.082313968136,5894.184799100284,5915.310909491324,429045
2024-09-02,5968.02783203125,6082.354576614289,5952.257136878619,6067.566491247864,83378
2024-09-03,6002.517578125,6062.7024279977495,5935.012093372162,5946.901767835623,149571
2024-09-04,6099.84521484375,6130.748486440555,5953.633061560817,5994.902675125028,340294
2024-09-05,6167.39892578125,6235.641363632332,6084.270526227849,6136.299423699686,358214
2024-09-06,6200.21875,6236.329659279723,6115.812186382254,6168.824175730636,174137
2024-09-09,6159.046875,6234.757244399446,6141.703908804512,6200.709912390416,106255
2024-09-10,6206.9990234375,6264.1376893043,6159.047375683047,6159.047375683047,280526
2024-09-11,6168.775390625,6248.955966535424,6149.270490121838,6206.998815916748,141919
2024-09-12,6237.4599609375,6317.100296453102,6172.214763601757,6187.838164080066,292894
2024-09-13,6255.53955078125,6327.908665569784,6211.174814896665,6228.76343410993,135333
2024-09-16,6246.892578125,6299.756791021976,6215.006699662936,6258.241528877982,47448
2024-09-17,6108.7373046875,6247.383631478094,6075.131860507363,6234.658643748651,150949
2024-09-18,5984.38818359375,6146.22420715126,5944.78920116149,6136.349170724809,112269
2024-09-19,6030.12890625,6092.131679139869,5975.54464526089,6015.93000305565,123993
2024-09-20,5980.900390625,6061.327101274355,5937.419905590268,6048.897182866485,243155
2024-09-23,5878.41455078125,6028.311493056921,5862.299365240042,6004.728856409266,99302
2024-09-24,5941.64453125,5998.586959010957,5887.896065013156,5933.980367003918,215635
2024-09-25,6118.36669921875,6155.067268111591,5919.289874569932,5969.354031573741,250647
2024-09-26,6089.38037109375,6120.38199889583,5945.968755243235,6101.073332034159,242297
2024-09-27,6077.04833984375,6104.954360712458,6023.397751676705,6089.379900257889,131483
2024-09-30,5947.5400390625,6113.453789527605,5925.726390720527,6077.04829059673,131363
2024-10-01,6044.2783203125,6061.866939157782,5940.8586424888235,5992.9369600627415,110426
2024-10-03,6052.1884765625,6087.857500926943,5965.42422131295,6033.224298939469,335286
2024-10-04,6086.43212890625,6210.093662753075,5977.559159772686,6067.61524802219,333711
2024-10-07,6053.1220703125,6158.212381204156,6002.419308256848,6121.659104427073,301401
2024-10-08,6142.14599609375,6157.523742083205,5998.144255351019,6018.730120672649,112143
2024-10-09,6184.64404296875,6264.67731819104,6161.061409275568,6190.244630596934,142064
2024-10-10,6030.37451171875,6230.286181428429,5965.816857953456,6200.267644889349,133293
2024-10-11,6083.63134765625,6124.606364762423,6003.450778597971,6081.273180293931,110068
2024-10-14,6142.736328125,6160.963548301683,6059.263432312971,6083.63196384163,122405
2024-10-15,6156.5419921875,6208.669252619379,6122.347361451163,6158.163202475953,109584
2024-10-16,5988.318359375,6190.392436670164,5937.419366650092,6190.392436670164,178898
2024-10-17,5918.2587890625,6087.710039948063,5893.693544213328,6002.320865020391,159045
2024-10-18,6026.10009765625,6050.910994475103,5907.94127221201,5907.94127221201,253430
2024-10-21,6051.2548828125,6141.310970932267,5993.870569058093,6062.702190504334,260236
2024-10-22,6003.9912109375,6112.569588059319,5979.769976614462,6082.25598138452,216579
2024-10-23,5752.73828125,6077.982140234541,5704.050155302892,6004.728768140564,246474
2024-10-24,5857.28759765625,5880.870230917352,5762.072332032628,5797.3973433542815,204593
2024-10-25,5839.20751953125,5903.7651735875625,5789.43843044497,5854.3890324528265,93169
2024-10-28,5934.52099609375,5978.689499788099,5813.119743733486,5850.7535082382265,125326
2024-10-29,5825.20556640625,5954.81218466,5723.702164571123,5954.615470781288,188102
2024-10-30,5694.8134765625,5871.48652742254,5672.852051483021,5826.8761382746825,132445
2024-10-31,5678.74755859375,5752.688944376365,5663.173097656967,5693.879653214532,140721
2024-11-01,5704.294921875,5736.033023051773,5650.005736321648,5719.525372120736,5408
2024-11-04,5697.46630859375,5707.194529611617,5620.528151857554,5662.1907121301165,103309
2024-11-05,5571.74169921875,5765.168538605608,5522.365555671376,5666.71084254143,192305
2024-11-06,5752.0009765625,5763.00639808778,5562.554001632553,5601.0724971811005,190000
2024-11-07,5624.26171875,5855.273376117815,5576.457848469841,5817.049951281067,459856
2024-11-08,5607.2626953125,5686.264425465637,5578.865368700692,5627.258900242642,258565
2024-11-11,5526.0498046875,5645.191233990105,5474.167723269825,5612.66675609467,266763
2024-11-12,5407.69482421875,5578.668934061893,5349.426253412327,5551.745520768723,306620
2024-11-13,5474.31591796875,5539.561112829599,5267.820084353986,5404.353908186791,621020
2024-11-14,5428.8701171875,5567.418096710081,5396.050566575027,5469.25499547171,308852
2024-11-18,5419.240234375,5511.065310268674,5396.984218807092,5453.484281179673,266630
2024-11-19,5433.6357421875,5502.41843150488,5367.997596297759,5394.528062177319,284770
2024-11-21,5507.2822265625,5566.484466475144,5435.84630283492,5474.119146113509,514688
2024-11-22,5486.25439453125,5525.018062361075,5415.6537860937515,5507.675095754504,108563
2024-11-25,5383.03076171875,5619.053813840082,5280.741471331786,5599.892923856715,6069361
2024-11-26,5389.0244140625,5442.5277028661,5338.518372646278,5342.547168278072,198823
2024-11-27,5355.076171875,5432.800703845914,5307.419596064294,5401.651780936133,163882
2024-11-28,5362.24853515625,5396.983884700789,5324.614774812941,5364.066459095422,161971
2024-11-29,5544.32666015625,5551.745171965651,5362.248782837121,5376.840633804609,289092
2024-12-02,5593.751953125,5650.988974120043,5551.745384068552,5559.606262488472,123812
2024-12-03,5539.3154296875,5623.181271737856,5523.692029888386,5609.522611740891,141938
2024-12-04,5574.05078125,5616.794307372663,5534.844266560709,5549.583413499558,232021
2024-12-05,5545.80078125,5583.041596769923,5483.011631100406,5531.650816276043,162869
2024-12-06,5409.66015625,5551.598340579152,5397.524828680359,5533.07604900338,202595
2024-12-09,5389.2216796875,5600.875729726548,5366.130349924592,5436.730958370447,113570
2024-12-10,5364.5087890625,5412.951255993004,5338.518570240071,5399.538729369762,136168
2024-12-11,5394.478515625,5420.861203222063,5330.706759884636,5378.805698409505,79442
2024-12-12,5340.72998046875,5438.745309212001,5311.497338562868,5433.292016671589,131028
2024-12-13,5279.1201171875,5352.27560910306,5248.659213225284,5340.729943891574,70477
2024-12-16,5348.14794921875,5359.055012981278,5258.583169916858,5260.253798343424,82592
2024-12-17,5297.8876953125,5357.433941363866,5268.262107684418,5339.501313654225,123973
2024-12-18,5397.72119140625,5441.398388184191,5301.179780209661,5319.849366089917,241974
2024-12-19,5398.70361328125,5428.967801633576,5307.07525418975,5381.753595111509,71302
2024-12-20,5333.1142578125,5446.851332956083,5310.80882524203,5438.744802762264,113105
2024-12-23,5386.568359375,5399.931948098728,5285.015544494988,5336.848209450352,84938
2024-12-24,5312.28271484375,5392.709416043444,5289.928343808331,5386.5681053194285,28643
2024-12-26,5314.54296875,5361.020216075816,5252.09783386095,5286.292939612557,80638
2024-12-27,5387.3544921875,5419.092594159363,5301.818028371297,5312.332144268674,76521
2024-12-30,5472.3994140625,5502.614664227679,5397.721072190839,5426.806417088313,170867
2024-12-31,5535.92529296875,5585.792740649404,5453.484426160103,5472.498021874163,206537
2025-01-01,5474.119140625,5575.229592067894,5466.5039147517555,5575.229592067894,48323
2025-01-02,5482.71728515625,5509.444464868508,5419.093297663286,5502.615134526637,43043
2025-01-03,5406.95751953125,5512.440773608099,5390.646101498061,5511.4581638445325,63705
2025-01-06,5430.8837890625,5448.767477443254,5352.619022744591,5380.917990069634,80419
2025-01-07,5466.06201171875,5571.299625115676,5421.549976370656,5431.032065690771,112844
2025-01-08,5464.98046875,5482.913095474242,5380.524974535489,5459.3304630697585,124256
2025-01-09,5359.1044921875,5485.517137129222,5325.744700166253,5469.598667696158,55782
2025-01-10,5282.55908203125,5376.300438275013,5219.2791085623885,5334.588461465103,116794
2025-01-13,5136.49462890625,5366.032385599654,5123.082100424866,5208.814809753482,74385
2025-01-14,5173.24365234375,5203.901268652079,5128.633265371824,5157.620253178704,53375
2025-01-15,5111.044921875,5210.042860138752,5053.562248044434,5209.895564625381,105851
2025-01-16,5091.68701171875,5130.598453785023,5060.194561140508,5109.570701088527,112811
2025-01-17,5164.44970703125,5191.618771484268,5076.653427249639,5101.70997663411,74860
2025-01-20,5146.91015625,5193.092817064004,5093.3579219018475,5169.166172365143,46132
2025-01-21,5087.26513671875,5206.848932152925,5063.387912320065,5172.457591782034,42800
2025-01-22,5061.865234375,5145.0919930794435,4978.195629573163,5099.450057652729,105924
2025-01-23,5093.357421875,5158.700967462863,5022.216574967396,5070.266093734928,34691
2025-01-24,4935.35400390625,5110.504185479362,4912.065961761495,5094.880307190149,131775
2025-01-27,4876.54443359375,4961.392873457918,4805.501467498429,4905.384122992915,102577
2025-01-28,4830.55908203125,4878.5107317849215,4784.573131816724,4852.717222577099,126546
2025-01-29,4917.27392578125,4940.758683334388,4821.42053374315,4829.527064420968,61140
2025-01-30,4962.572265625,5030.962001287993,4905.973847152525,4917.273859460105,73658
2025-01-31,4975.001953125,4999.469318995717,4922.973056301987,4952.795357275125,75175
2025-02-01,4942.13427734375,5053.807783603532,4913.048931710039,4956.283762309088,45136
2025-02-03,4960.65625,5018.531866750108,4891.038255139335,4935.304631262413,97298
2025-02-04,5017.10693359375,5046.634643908014,4932.7008535908835,4960.705230946927,186828
2025-02-05,5028.94775390625,5103.527737854296,4984.140653419743,5050.614106943221,82446
2025-02-06,5164.302734375,5180.270144294698,5006.397140976213,5006.397140976213,153921
2025-02-07,5061.7666015625,5225.518412999475,4948.422476093523,5207.241776522167,328414
2025-02-10,4717.3623046875,5006.4458169339805,4701.787843563269,5006.4458169339805,781373
2025-02-11,4621.70556640625,4732.298116384384,4522.95327355543,4717.461091041768,394075
2025-02-12,4626.71630859375,4726.991440446948,4483.304225407728,4621.7049029716545,237645
2025-02-13,4637.4755859375,4681.2017191736095,4608.930965033038,4641.062495304524,92205
2025-02-14,4606.724609375,4668.028662571789,4541.112332610281,4664.661487725733,223062
2025-02-17,4748.14990234375,4758.697772369854,4526.009206286029,4610.190996774938,231449
2025-02-18,4676.69482421875,4759.737786816059,4660.551920288493,4689.421227751569,89080
2025-02-19,4696.056640625,4710.466389050275,4580.133072507726,4652.777102918937,129477
2025-02-20,4674.5654296875,4722.697704344988,4645.349395751953,4666.642437433792,201094
2025-02-21,4556.95849609375,4699.3247626112125,4537.992930174768,4699.077169104226,278927
2025-02-24,4564.68310546875,4588.798809159987,4528.584263205075,4545.816674142477,97095
2025-02-25,4519.7705078125,4605.04133160303,4496.2984480323985,4566.615009664623,123125
2025-02-27,4568.1005859375,4584.3924334921485,4478.471728912602,4566.020703588656,228063
2025-02-28,4601.47607421875,4739.08825741074,4448.413475651284,4555.720599977847,527520
2025-03-03,4556.0673828125,4583.5502628518825,4479.46185290543,4556.711029232341,76539
2025-03-04,4570.2294921875,4589.393326683457,4479.511132906717,4547.005510969999,140023
2025-03-05,4651.29150390625,4661.442837434418,4528.138399948318,4565.6241526685435,257069
2025-03-06,4700.513671875,4733.988122488611,4631.484404773638,4651.29188645769,112602
2025-03-07,4692.44140625,4736.315265243611,4630.047843332767,4684.469088865222,186716
2025-03-10,4587.90771484375,4711.2092821396045,4563.643550998381,4692.392175484012,102551
2025-03-11,4731.759765625,4743.891848117576,4565.624513532782,4565.624513532782,85295
2025-03-12,4703.68212890625,4759.638259311705,4651.291441579122,4729.035799753074,99185
2025-03-13,4661.64111328125,4733.938415599941,4636.336767321074,4733.938415599941,72930
2025-03-17,4771.7705078125,4793.41027695671,4679.51726417778,4683.97394728652,160256
2025-03-18,4771.7705078125,4771.7705078125,4771.7705078125,4771.7705078125,0
2025-03-19,4805.0966796875,4808.266070117746,4742.901382037876,4793.4104591905025,60266
2025-03-20,4858.9736328125,4896.904767643939,4795.490555894848,4833.025637800065,88230
2025-03-21,4931.072265625,4968.458885031978,4834.510798282474,4856.794213823056,151296
2025-03-24,5003.91455078125,5043.381056054917,4912.800132028807,4966.7261961250615,84099
2025-03-25,4984.7509765625,5041.004030464123,4891.259277226937,5038.032908245775,84337
2025-03-26,4955.03955078125,5031.100083013274,4918.79176449057,4980.591007376724,88764
2025-03-27,4912.4033203125,4954.840941381737,4857.784292919732,4954.840941381737,128003
2025-03-28,4834.708984375,4932.706202238691,4801.333186899976,4891.605680939939,151360
2025-04-01,4789.0029296875,4902.3514304357595,4758.301334870629,4842.87966358583,32852
2025-04-02,4840.6513671875,4859.022612115273,4741.910882406711,4809.899963233775,75912
2025-04-03,4923.69384765625,4964.695719631601,4864.618133096114,4882.494674603318,192699
2025-04-04,4782.21923828125,4881.801152861239,4692.936633243158,4852.832712688557,83897
2025-04-07,4655.25341796875,4688.381624768077,4567.45685145703,4578.499425863106,141582
2025-04-08,4790.587890625,4829.806800960542,4655.401828528088,4753.251077908795,79702
2025-04-09,4792.271484375,4805.789993203811,4709.327659144537,4726.2133429679825,69215
2025-04-11,4840.40380859375,4862.092903413414,4793.410366833581,4852.832809397634,50959
2025-04-15,4873.4326171875,4902.351733979983,4805.295073388055,4852.833029596346,97788
2025-04-16,4909.87841796875,4937.410622739246,4866.301960381386,4902.252344458532,64140
2025-04-17,4905.619140625,4941.47087139472,4834.114430890927,4931.071944818982,45830
2025-04-21,4952.26611328125,4959.793052489259,4873.630513438427,4912.25509990949,97952
2025-04-22,4965.33935546875,5026.148224463283,4940.679138728977,4961.7739122287785,43203
2025-04-23,5182.62744140625,5199.958987407513,4971.6777672194485,5016.145465672187,162739
2025-04-24,5151.1337890625,5247.992179351633,5115.777241449493,5217.29058328447,138180
2025-04-25,4985.0478515625,5187.579347667503,4941.966579774884,5187.579347667503,78196
2025-04-28,4977.421875,5039.023336420917,4946.918546663223,4950.880042996888,51506
2025-04-29,4982.37353515625,4998.714706843002,4912.9487017034535,4979.699815392517,53059
2025-04-30,5066.75341796875,5116.17298418386,4992.475367470772,4992.475367470772,114595
2025-05-02,5022.68212890625,5090.027566107399,5004.360208491232,5070.715271615893,34000
2025-05-05,5036.54736328125,5100.426491180501,4992.475716901146,5001.389083584763,29925
2025-05-06,4975.14404296875,5046.4509746087915,4952.860626831237,5012.283069864605,33502
2025-05-07,4984.55224609375,5006.34047367453,4927.1105551989685,4930.081677141802,35691
2025-05-08,4891.95263671875,4984.5526107106925,4873.135529704345,4976.629618283575,154258
2025-05-09,4898.88525390625,4913.245677676924,4803.314157777279,4803.314157777279,53048
2025-05-12,4972.1728515625,5016.73968321678,4887.495871419368,4921.1685886692685,155478
2025-05-13,5077.15234375,5095.474262868185,4976.62938210158,4980.095691123939,50438
2025-05-14,5077.6474609375,5109.834615702561,4997.922354519425,5097.950127789308,104601
2025-05-15,5226.2041015625,5269.285374713527,5049.917512576689,5113.301454683947,117398
2025-05-16,5170.74267578125,5264.828206177576,5149.944821693641,5248.982222110826,93472
2025-05-19,5272.75146484375,5348.01989296699,5142.022089682335,5174.704433472689,179313
2025-05-20,5208.376953125,5322.2699650301865,5193.026155868214,5272.751264201845,69748
2025-05-21,5322.2705078125,5348.020234869277,5204.4159878218625,5207.387110174567,209543
2025-05-22,5247.9921875,5336.135479571617,5163.315204667154,5332.669170332846,224391
2025-05-23,5237.09814453125,5267.799741066891,5189.560188605096,5246.011511267404,79856
2025-05-26,5198.47314453125,5315.337276947841,5168.266737423572,5297.510544884293,121077
2025-05-27,5215.3095703125,5244.030416787826,5160.838999411021,5234.1266766239205,59890
2025-05-28,5213.82421875,5233.1365128454745,5164.3055159410915,5215.309779834267,79161
2025-05-29,5243.53515625,5275.722311331334,5104.387608898385,5240.06884724124,312981
2025-05-30,5049.421875,5217.290269196823,4994.951304611651,5060.811176081201,724829
2025-06-02,5047.44140625,5055.859585775777,4955.831805528303,5028.1291120438045,171037
2025-06-03,4948.40380859375,5068.73425245328,4924.139645017137,5043.974901864899,167913
2025-06-04,4821.63623046875,4939.985933568476,4810.742115539068,4896.409473849749,709078
2025-06-05,4796.876953125,4877.592442271214,4780.04059342579,4822.131492673815,151598
2025-06-06,4815.69384765625,4875.611478048682,4764.689583768477,4821.140904964653,181782
2025-06-09,4826.587890625,4842.929062307633,4798.362230445907,4841.938688266262,83010
2025-06-10,4911.2646484375,4956.821852274589,4830.0539807279065,4850.851834653534,300251
2025-06-11,4838.47216796875,4956.821860747845,4772.117110092605,4923.644331809772,448188
2025-06-12,4799.84814453125,4908.789297094633,4765.680237590916,4863.727274897961,244289
2025-06-13,4800.837890625,4808.265695509928,4697.838996220668,4758.746996277076,382701
2025-06-16,4821.140625,4835.50104797915,4747.852949106409,4785.487161051767,71534
2025-06-17,4766.669921875,4834.510538880701,4748.8431903990495,4830.053856011713,93153
2025-06-18,4758.7470703125,4800.837965315264,4729.035850310549,4793.4101603147765,120503
2025-06-19,4735.96875,4776.078899388332,4711.209398525722,4764.689597710163,79205
2025-06-20,4727.55029296875,4765.679692000759,4697.839072943808,4724.08398396584,809748
2025-06-23,4714.1806640625,4762.708994427849,4684.964628434382,4728.541088354287,85004
2025-06-24,4764.689453125,4790.43917787687,4710.714068548963,4747.3579076189335,123314
2025-06-25,4807.275390625,4816.188756615034,4774.5930486615425,4785.487162649361,234015
2025-06-26,4794.40087890625,4825.102475114904,4778.059706730676,4803.314245547472,323731
2025-06-27,4859.2705078125,4872.640558124427,4808.2662418077425,4818.16998277954,113855
2025-06-30,4891.45751953125,4895.914202835136,4855.308866066401,4883.039339957244,71583
2025-07-01,4802.32373046875,4897.399638516801,4773.602883245901,4894.4285163903,220023
2025-07-02,4827.875,4849.366309313584,4782.12001117584,4802.3235441359275,73736
2025-07-03,4775.58349609375,4845.0088111998775,4767.264451091342,4842.92892905401,191430
2025-07-04,4839.2646484375,4851.743458496649,4777.861455797683,4798.36239257922,94037
2025-07-07,4830.35107421875,4858.5767341388,4796.38143834389,4847.880888022578,86304
2025-07-08,4754.6865234375,4838.472262026071,4724.282331251843,4831.044456895543,89141
2025-07-09,4759.1435546875,4792.321086697743,4741.91114224019,4743.891890419906,69073
2025-07-10,4687.2421875,4771.027930224264,4670.802364864473,4758.747388518498,255925
2025-07-11,4760.4306640625,4799.649085660228,4686.053483620594,4733.888352025084,183075
2025-07-14,4794.10400390625,4830.747844877087,4740.623803570434,4750.527544373363,76088
2025-07-15,4885.71337890625,4896.904412060186,4789.74574812823,4813.217806170999,225906
2025-07-16,4954.04931640625,4977.620025602016,4872.9372940266985,4885.7135062656735,208308
2025-07-17,4970.390625,4987.722171526478,4947.413752743888,4966.230860401206,78278
2025-07-18,4950.38427734375,4999.407788742873,4921.96035103952,4999.407788742873,99411
2025-07-21,4951.5732421875,4971.5785074891555,4881.0584176629345,4950.3845999164405,58691
2025-07-22,4923.94140625,4956.227696326696,4888.189290651253,4951.573228536863,63023
2025-07-23,4927.2099609375,4956.722913764201,4912.255216284613,4923.94143647157,44660
2025-07-24,4950.48388671875,4982.868828421634,4907.303480867153,4907.303480867153,112319
2025-07-25,4963.6552734375,4991.484879102674,4911.363720517415,4976.629269343441,78170
2025-07-28,4998.81396484375,5026.148385786115,4915.226490375662,4946.8193263701005,99708
2025-07-29,5021.89013671875,5048.431969136798,4988.019149103969,5001.290065312993,80061
2025-07-30,5050.51123046875,5062.791771068905,4983.561852898813,5022.186438006734,69771
2025-07-31,4982.6708984375,5048.926824586098,4966.230592759314,5048.926824586098,118293
2025-08-01,4851.84228515625,4987.523524810548,4793.410218443815,4983.562028762248,220552
2025-08-04,4855.30859375,4873.135325965706,4779.049794827257,4821.6358773425545,49397
2025-08-05,4873.630859375,4884.524974281142,4806.285421773395,4844.91001098608,29316
2025-08-06,4824.11181640625,4881.553509149334,4757.75675754786,4881.553509149334,141906
2025-08-07,4825.1025390625,4879.573113702984,4746.367799354892,4813.218050050031,75494
2025-08-08,4725.90234375,4833.534670428605,4712.014301597922,4833.038668923174,45812
2025-08-11,4805.75830078125,4822.126349488628,4700.6059878732485,4731.358079384079,43221
2025-08-12,5107.8232421875,5165.855415360537,4783.438274194626,4825.598400004097,951630
2025-08-13,5345.408203125,5356.816237705299,5198.095756588104,5198.095756588104,899624
2025-08-14,5304.73583984375,5380.128064963549,5272.495743575415,5312.17586205952,278431
2025-08-18,5303.248046875,5352.352195457176,5285.887994345948,5304.73605137749,87552
2025-08-19,5348.8798828125,5376.655965290013,5255.135604450894,5310.191767933107,222257
2025-08-20,5349.8720703125,5381.61616566759,5326.560000286106,5356.816091171426,139958
2025-08-21,5378.64013671875,5430.22429147887,5319.615959637458,5349.872050410221,137549
2025-08-22,5382.60791015625,5435.184065563231,5376.655892563007,5426.256039173367,99592
2025-08-25,5372.19189453125,5430.224066229169,5354.335841701121,5386.575937088854,142332
2025-08-26,5378.64013671875,5394.512184337249,5330.527992375176,5372.192117373735,188824
2025-08-28,5333.0078125,5390.543983096169,5316.639763968332,5376.655941917783,114906
2025-08-29,5261.087890625,5344.912143808334,5248.687853171844,5333.008107853305,115288
2025-09-01,5258.11181640625,5305.727959635662,5230.831734347733,5267.535844753738,56377
2025-09-02,5204.54345703125,5297.29573249726,5162.879333292508,5278.94367799329,115513
2025-09-03,5249.6796875,5274.479761609505,5209.999568924793,5209.999568924793,72703
2025-09-04,5259.103515625,5336.975745366877,5247.199480505223,5336.975745366877,131772
2025-09-05,5290.84765625,5326.063760458658,5234.799490396785,5280.927626895449,237701
2025-09-08,5290.35205078125,5339.456199761875,5258.111952965688,5297.296071849217,39709
2025-09-09,5293.32763671875,5327.055736353015,5278.447592762457,5278.447592762457,92005
2025-09-10,5277.95166015625,5356.81589415351,5255.6315939306105,5316.639774947359,190853
2025-09-11,5350.3681640625,5385.584270454308,5283.903963266693,5318.624068160025,353892
2025-09-12,5404.43212890625,5415.840162952216,5347.3919586764205,5350.367967557977,120660
2025-09-15,5456.51220703125,5486.272295425203,5347.887884393323,5416.336087699414,171883
2025-09-16,5458.9921875,5500.6563110462475,5424.768086015582,5480.816252214701,70616
2025-09-17,5428.736328125,5484.784496702261,5410.88027441897,5462.960431061558,95963
2025-09-18,5435.68017578125,5458.00024220247,5412.368106407975,5458.00024220247,160615
2025-09-19,5497.1845703125,5530.9126719800315,5437.168389404099,5442.128404355206,383661
2025-09-22,5451.05615234375,5514.544340469319,5423.280070038813,5514.544340469319,382463
2025-09-23,5500.16064453125,5532.896743596906,5456.0165109427135,5504.624658040203,240178
2025-09-24,5531.40869140625,5541.824722837341,5487.2645581982915,5501.152600106413,156546
2025-09-25,5463.9521484375,5546.288391778152,5440.640079539846,5546.288391778152,291331
2025-09-26,5389.55224609375,5448.080422519211,5319.616035280275,5436.176386636067,181521
2025-09-29,5365.744140625,5413.360283858499,5335.488049612047,5356.816113768718,184179
2025-09-30,5381.6162109375,5416.832317018289,5332.5120630220335,5413.36030655962,72780
2025-10-01,5415.84033203125,5442.624412801439,5347.392125618547,5348.880130105779,177738
2025-10-03,5398.47998046875,5474.864206579756,5381.615930548138,5474.864206579756,110809
2025-10-06,5450.064453125,5462.960492056675,5326.560080279339,5451.5524576171165,106173
2025-10-07,5448.080078125,5492.2242084011405,5411.375969805512,5492.2242084011405,103639
2025-10-08,5449.568359375,5500.160511250512,5421.29627450339,5459.488389154512,175891
2025-10-09,5436.67236328125,5516.032602139475,5427.248334916836,5475.856481217498,108874
2025-10-10,5410.88037109375,5456.016507657095,5369.216245035278,5436.672449129947,171470
2025-10-13,5448.576171875,5465.936223401229,5393.024006991068,5414.848071766898,78208
2025-10-14,5449.072265625,5500.656419605065,5410.38415013995,5500.656419605065,79032
2025-10-15,5521.984375,5561.664492668194,5454.528174964071,5475.360236739873,171811
2025-10-16,5479.82421875,5544.800411061391,5456.016148284757,5521.4883420641745,168000
2025-10-17,5536.86474609375,5545.296771596178,5468.912540574191,5488.752600579902,65056
2025-10-20,5512.560546875,5602.832817842361,5493.712490299397,5547.776652582048,102119
2025-10-21,5503.13623046875,5540.832341646364,5464.44811636541,5512.560258263154,16880
2025-10-23,5489.74462890625,5554.2248242222795,5475.360585335751,5530.912753608023,49489
2025-10-24,5500.65625,5524.464320333634,5445.600087353471,5524.464320333634,117663
2025-10-27,5431.71240234375,5535.3767153827275,5396.992297498159,5515.536655470962,71439
2025-10-28,5388.56005859375,5424.272165020366,5278.447730445019,5422.288159107776,156752
2025-10-29,5490.736328125,5500.6563576247745,5372.191975602699,5388.560024277326,125682
2025-10-30,5480.81640625,5496.192452276584,5410.384195418552,5495.696450791856,78928
2025-10-31,5462.46435546875,5486.768428238927,5433.2002678475155,5480.816410417659,178327
2025-11-03,5583.48876953125,5592.416796345815,5455.024383699448,5475.360444777069,76090
2025-11-04,5618.70458984375,5673.264750938632,5585.472491722323,5604.816548837781,237864
2025-11-06,5598.36865234375,5658.384830861833,5585.9686154598485,5625.152732012977,152300
2025-11-07,5623.1689453125,5642.01700211076,5526.944655342435,5599.360873567329,226721
2025-11-10,5634.0810546875,5692.1132303542345,5602.8329600977195,5659.377131260179,185968
2025-11-11,5650.94482421875,5679.216908391529,5574.064595327861,5644.49680502145,124473
2025-11-12,5721.376953125,5778.417122141851,5648.464737077373,5678.224825260078,173486
2025-11-13,5679.712890625,5821.073311009955,5633.584753446752,5747.665092704786,477859
2025-11-14,5676.73681640625,5762.049069129874,5562.6564784618695,5754.113045620699,383633
2025-11-17,5677.23291015625,5704.016989935076,5586.464639794674,5704.016989935076,176721
2025-11-18,5667.31298828125,5693.601067082134,5603.82479796968,5688.145050727234,243124
2025-11-19,5678.22509765625,5701.53716785103,5614.240904993981,5684.177115578322,104658
2025-11-20,5654.4169921875,5704.017141241777,5627.632911698191,5704.017141241777,80099
2025-11-21,5654.4169921875,5686.161087582237,5592.416805869655,5658.881005602385,110129
2025-11-24,5580.0166015625,5693.600939496528,5559.184539583333,5693.600939496528,622381
2025-11-25,5655.40869140625,5662.352711900873,5545.296366420091,5570.096439615172,90149
2025-11-26,5726.8330078125,5736.257035800412,5600.352632185253,5600.352632185253,85479
2025-11-27,5641.02490234375,5748.161223358983,5625.648856272119,5739.233196607714,163929
2025-11-28,5639.53662109375,5702.528806747128,5631.600597704348,5657.392673719904,57067
2025-12-01,5564.640625,5666.320928781532,5536.368540533916,5666.320928781532,78861
2025-12-02,5593.40869140625,5608.784737290225,5541.328535992784,5579.02464848253,54507
2025-12-03,5602.3369140625,5641.521032363601,5558.192780786576,5594.896891600266,41633
2025-12-04,5613.74462890625,5646.976727345614,5592.912567197992,5623.664658291134,87945
2025-12-05,5630.11279296875,5690.128971979341,5585.968661299803,5592.912682011772,117812
2025-12-08,5554.224609375,5664.33693865534,5547.776590092818,5608.28877104868,149501
2025-12-09,5622.1767578125,5633.088790337588,5505.616410385421,5525.456469521945,78016
2025-12-10,5553.728515625,5681.696896176152,5532.400452199809,5626.640732450656,79123
2025-12-11,5581.0087890625,5625.152921859031,5532.400642837107,5539.344663726449,63919
2025-12-12,5585.96875,5630.60888385722,5542.816620604689,5620.68885411117,35892
2025-12-15,5579.5205078125,5587.456531292365,5534.88037573826,5566.128468190228,21765
2025-12-16,5618.208984375,5633.089029358778,5539.344745960978,5556.208796942593,93566
2025-12-17,5583.48876953125,5651.936975109585,5532.896617582046,5614.736863382229,36002
2025-12-18,5476.84814453125,5584.480461807403,5459.984094819779,5583.488458883199,34737
2025-12-19,5511.072265625,5548.2723754190665,5455.02410020194,5461.968120696833,51668
2025-12-22,5579.02490234375,5609.28099400831,5511.072696474165,5511.072696474165,82271
2025-12-23,5552.24072265625,5614.736910886971,5516.032613601944,5566.128764485299,28301
2025-12-24,5521.48828125,5548.272360228396,5489.744187645976,5525.456292950504,41257
2025-12-26,5490.736328125,5536.368463823961,5463.95224847561,5494.70433992491,40414
2025-12-29,5460.97607421875,5528.43227277404,5437.1680041404115,5528.43227277404,39102
2025-12-30,5425.26416015625,5452.544241415035,5361.7759710448945,5441.136207434089,145561
2025-12-31,5462.46435546875,5484.288420813399,5383.104117851843,5406.416187651809,37479
2026-01-01,5419.80810546875,5475.360270547225,5340.943871116272,5433.200145264454,44385
2026-01-02,5547.7763671875,5555.2163891372375,5404.927945752543,5454.032090620809,37645
2026-01-05,5508.0966796875,5571.584871943241,5487.264616603585,5554.224819373311,42046
2026-01-06,5610.27294921875,5634.0810211454145,5510.080646527371,5510.080646527371,86105
2026-01-07,5760.0654296875,5786.353509233994,5589.440913385726,5629.617034956784,188593
2026-01-08,5746.67333984375,5800.737502975371,5717.409251543148,5759.073377259259,133290
2026-01-09,5752.625,5778.417076220038,5661.360730298327,5729.312931108812,134371
2026-01-12,5820.08154296875,5838.9295997808185,5667.809083987038,5752.625339641347,118161
2026-01-13,5816.609375,5886.049582427304,5767.009226837639,5859.7615039012535,183102
2026-01-14,5783.873046875,5841.409216452009,5732.288894840441,5840.913214990138,89063
2026-01-16,5789.8251953125,5832.481321997746,5750.14507746576,5789.329193839416,120335
2026-01-19,5702.033203125,5797.761491938772,5653.4250564734475,5788.337463506328,128572
2026-01-20,5674.7529296875,5738.737120573759,5625.152781713657,5699.057002194684,160200
2026-01-21,5611.2646484375,5722.864979552009,5541.824442410694,5635.072719075261,76707
2026-01-22,5712.44921875,5738.24129649377,5609.776909269992,5635.07298551869,246944
2026-01-23,5704.51318359375,5765.0253658734155,5678.225104406682,5738.737286686348,77302
2026-01-27,5707.98486328125,5766.01703472754,5661.360725538077,5766.01703472754,99479
2026-01-28,5676.73681640625,5743.201013295585,5605.312604823681,5702.528892811067,168889
2026-01-29,5667.31298828125,5704.017098305127,5568.608692406231,5704.017098305127,64418
2026-01-30,5632.0966796875,5704.016892682189,5594.896569517834,5644.496716410722,160841
2026-02-02,5477.34423828125,5571.088516198044,5362.767898605168,5571.088516198044,129255
2026-02-03,5656.89697265625,5701.041105103985,5582.992750917909,5668.305006884317,175751
2026-02-04,5608.28857421875,5682.192792628461,5589.936519982782,5632.592646044762,78850
2026-02-05,5617.216796875,5653.4249051462475,5539.840565500828,5605.312761278974,108123
2026-02-06,5638.544921875,5660.368987371349,5524.464579507719,5637.5529188978935,52719
2026-02-09,5704.51318359375,5753.6173315092165,5624.656943044355,5653.921031195996,227955
2026-02-10,5765.025390625,5786.353454962681,5687.15315571765,5704.017206589306,84505
2026-02-11,5842.8974609375,5867.697535050138,5699.0570310842,5793.297312712224,78718
2026-02-12,5823.55322265625,5858.76932680484,5763.537045163583,5846.865291599683,70024
2026-02-13,5359.2958984375,5803.217215337228,5288.863689499219,5803.217215337228,605115
2026-02-16,5436.67236328125,5492.720531974871,5321.104015443961,5387.568215487723,132794
2026-02-17,5412.8642578125,5465.936417217424,5372.192135651717,5456.016387422111,74670
2026-02-18,5420.30419921875,5439.648257030749,5358.304013923879,5416.336187359878,83592
2026-02-19,5334.0,5472.880416589176,5307.71192114562,5472.880416589176,190955
2026-02-20,5392.0,5401.5,5328.5,5330.0,66662
2026-02-23,5490.5,5504.0,5395.5,5415.0,139365
2026-02-24,5495.5,5508.5,5448.0,5500.0,119453
2026-02-25,5625.0,5655.0,5468.0,5508.5,231439
2026-02-26,5752.0,5764.5,5622.5,5635.0,84228
2026-02-27,5639.5,5781.5,5614.0,5752.0,131566
2026-03-02,5566.0,5619.5,5415.0,5415.0,54260
2026-03-04,5466.5,5536.0,5432.0,5489.5,87647
2026-03-05,5550.0,5573.5,5454.0,5476.5,96348
2026-03-06,5530.0,5583.0,5497.0,5580.0,41269
2026-03-09,5460.0,5518.5,5421.0,5500.0,41694
2026-03-10,5616.5,5664.5,5500.0,5509.5,127594
2026-03-11,5544.5,5665.0,5514.5,5662.0,147779
2026-03-12,5444.0,5528.0,5400.0,5515.5,121868
2026-03-13,5355.5,5471.5,5335.5,5422.0,103318
2026-03-16,5323.0,5407.0,5233.0,5393.0,204293
2026-03-17,5333.5,5350.0,5285.0,5317.0,127237
2026-03-18,5351.5,5423.0,5315.0,5335.0,65448
2026-03-19,5240.0,5336.0,5222.5,5309.0,60008
2026-03-20,5257.5,5298.5,5211.0,5245.0,325586
2026-03-23,5144.5,5272.5,5111.5,5260.0,110544
2026-03-24,5297.0,5304.5,5160.5,5200.0,79204
2026-03-25,5435.5,5464.0,5311.5,5355.0,61346
2026-03-27,5344.5,5419.5,5259.0,5401.0,145051
2026-03-30,5299.0,5345.5,5252.0,5291.0,182729
2026-04-01,5244.5,5454.0,5210.0,5320.5,119101
2026-04-02,5258.0,5276.5,5075.0,5210.5,70183
2026-04-06,5236.5,5305.5,5155.0,5273.5,81489
2026-04-07,5172.5,5246.5,5142.0,5236.5,136756
2026-04-08,5246.0,5295.5,5214.5,5278.0,145626
2026-04-09,5370.5,5386.5,5181.5,5269.0,128017
2026-04-10,5440.0,5451.5,5353.5,5390.0,80490
2026-04-13,5364.5,5432.0,5308.5,5380.0,165527
2026-04-15,5575.5,5599.0,5350.0,5440.0,191897
2026-04-16,5570.0,5688.0,5528.5,5639.0,115380
2026-04-17,5582.0,5614.5,5501.5,5570.0,126039
2026-04-20,5642.0,5676.5,5534.0,5582.0,64218
2026-04-21,5696.5,5718.5,5627.0,5664.0,127553
2026-04-22,5627.0,5735.0,5539.0,5685.0,199874
2026-04-23,5520.5,5579.5,5432.5,5545.5,161346
2026-04-24,5235.0,5578.5,5193.5,5572.5,170430
2026-04-27,5344.0,5486.0,5248.0,5280.0,212162
2026-04-28,5418.5,5454.0,5315.0,5344.0,96733
2026-04-29,5344.0,5453.5,5305.5,5420.0,96480
2026-04-30,5400.0,5435.0,5291.0,5354.5,151866
2026-05-01,5400.0,5400.0,5400.0,5400.0,0
2026-05-04,5360.5,5393.5,5316.0,5382.0,103605
2026-05-05,5403.0,5421.5,5313.0,5389.5,57471
2026-05-06,5557.0,5635.5,5404.0,5405.0,130241
2026-05-07,5590.5,5608.0,5529.5,5570.0,90089
2026-05-08,5585.5,5665.5,5550.0,5588.0,55727
2026-05-11,5599.5,5673.0,5494.5,5585.0,53127
2026-05-12,5496.5,5624.0,5482.5,5624.0,46029
2026-05-13,5462.5,5553.0,5441.5,5450.0,31556
2026-05-14,5576.5,5629.5,5462.5,5540.0,75843
2026-05-15,5486.0,5638.5,5465.0,5628.0,64559
2026-05-18,5468.0,5525.0,5390.0,5465.0,122385
2026-05-19,5470.0,5605.5,5445.5,5465.0,105741
2026-05-20,5436.5,5507.5,5416.5,5437.5,50467
2026-05-21,5501.5,5604.0,5416.0,5465.0,100493
2026-05-22,5404.5,5530.0,5385.0,5530.0,64842
2026-05-25,5400.5,5485.0,5388.5,5485.0,41636
2026-05-26,5380.0,5422.0,5336.0,5405.0,63451
2026-05-27,5451.5,5521.5,5329.0,5414.5,186374
2026-05-28,5451.5,5451.5,5451.5,5451.5,0
2026-05-29,5498.0,5789.0,5472.0,5578.0,1404988
2026-06-01,5314.5,5474.0,5280.0,5443.5,215846
2026-06-02,5239.0,5449.0,5223.5,5272.5,216729
2026-06-03,5274.0,5297.0,5162.5,5255.0,167288
2026-06-04,5276.5,5339.0,5213.5,5274.0,150489
2026-06-05,5251.5,5338.5,5222.5,5299.5,143792
2026-06-08,5356.5,5399.0,5175.5,5250.0,225217
2026-06-09,5355.5,5407.0,5318.5,5405.0,177273
2026-06-10,5299.5,5470.0,5286.0,5355.0,117951
2026-06-11,5301.5,5334.5,5262.0,5324.0,120184
2026-06-12,5298.0,5358.5,5283.0,5340.0,67310
2026-06-15,5334.0,5362.0,5305.0,5320.0,70006
2026-06-16,5348.0,5372.5,5312.5,5350.0,83189
2026-06-17,5347.5,5367.0,5332.5,5347.5,65106
2026-06-18,5372.0,5388.0,5321.0,5379.5,75504
2026-06-19,5373.5,5405.0,5333.0,5350.0,82881
2026-06-22,5367.0,5398.0,5336.0,5394.0,106481
2026-06-23,5415.5,5511.0,5394.0,5436.0,210575
2026-06-24,5428.5,5490.5,5416.5,5460.0,124021
2026-06-25,5425.0,5490.0,5408.5,5486.0,146158
2026-06-26,5425.0,5425.0,5425.0,5425.0,0
2026-06-29,5416.5,5530.0,5394.5,5429.0,193434
2026-06-30,5570.0,5608.0,5416.5,5416.5,340712
2026-07-01,5567.5,5639.0,5514.0,5594.0,128296
2026-07-02,5500.5,5576.0,5487.0,5545.0,163412
2026-07-03,5562.5,5631.0,5494.0,5510.5,568290
2026-07-06,5598.5,5633.0,5531.5,5600.0,99065
2026-07-07,5667.5,5735.0,5608.0,5635.0,200471
2026-07-08,5606.0,5729.5,5562.5,5679.5,101198
2026-07-09,5648.5,5695.0,5602.5,5634.0,39730
2026-07-10,5669.5,5727.5,5635.0,5699.0,104124
2026-07-13,5567.0,5684.0,5548.5,5615.5,219164
2026-07-14,5601.5,5665.0,5515.5,5546.5,521134
2026-07-15,5659.0,5706.5,5574.0,5645.0,213207
2026-07-16,5709.0,5735.5,5642.5,5659.5,67610
2026-07-17,5563.0,5709.0,5539.0,5709.0,70604
2026-07-20,5653.5,5689.0,5564.0,5595.0,108861
2026-07-21,5681.5,5695.0,5623.5,5690.0,27882
2026-07-22,5585.0,5680.5,5503.0,5680.5,109986
2026-07-23,5602.0,5637.0,5511.5,5601.0,50659
2026-07-24,5633.5,5644.5,5561.5,5561.5,55151
2026-07-27,5613.0,5699.5,5597.0,5693.5,112113
2026-07-28,5651.5,5661.5,5585.0,5613.0,58815
2026-07-29,5672.5,5711.5,5654.0,5699.0,57547
2026-07-30,5816.5,5882.5,5680.0,5689.0,301501
2026-07-31,5751.5,5833.0,5735.0,5825.0,116595
2026-08-03,5707.0,5774.5,5668.0,5774.5,122664
2026-08-04,5608.0,5710.0,5608.0,5699.0,37651
