Date,Close,High,Low,Open,Volume
2021-08-04,2878.645263671875,2911.736381030587,2872.3511739470755,2899.625252326203,659295
2021-08-05,2849.845458984375,2899.0531650458975,2841.8827388323543,2893.33134958857,693694
2021-08-06,2828.9130859375,2861.861251879437,2824.1449065774877,2856.1394366474224,744159
2021-08-09,2853.80322265625,2875.2123025237233,2835.2073221921664,2855.805718398082,825462
2021-08-10,2839.116943359375,2868.822840466636,2823.2867275760204,2859.0003444202202,724335
2021-08-11,2834.7783203125,2862.290577798721,2815.6578729358116,2848.8919461265014,987941
2021-08-12,2837.543212890625,2846.8411615801506,2820.85458703763,2836.1127592460825,438552
2021-08-13,2850.1318359375,2862.815241165147,2835.255254190506,2842.6934286533597,572250
2021-08-16,2833.6337890625,2845.7926475123672,2822.762432282895,2841.8351514199417,461742
2021-08-17,2875.49853515625,2902.867840438441,2835.255144510748,2836.1133237397908,2036757
2021-08-18,2862.385986328125,2906.682328930145,2853.8032629159297,2906.682328930145,1375320
2021-08-20,2968.62109375,2979.2065463148974,2862.338409757061,2862.338409757061,3931334
2021-08-23,2934.766845703125,3017.161129733538,2909.543221923272,3012.5836307060813,1578949
2021-08-24,2904.7275390625,2949.405478966772,2893.8561817482496,2949.405478966772,763704
2021-08-25,2897.193603515625,2927.662224071596,2872.9236163330957,2885.7022443129154,797870
2021-08-26,2898.719482421875,2941.490148795148,2885.8931251925524,2921.9406114146,1319516
2021-08-27,2896.001708984375,2916.1710162642494,2880.4573963843422,2899.482387084734,634375
2021-08-30,2964.61572265625,2969.8607203159554,2906.730067776119,2914.9789255124188,1051747
2021-08-31,3052.922119140625,3061.1709758379834,2959.1796716652007,2964.6153492636545,2283290
2021-09-01,3149.62109375,3178.4685808701083,3065.9395402032396,3080.2918076322094,2423168
2021-09-02,3148.5244140625,3165.1175857705125,3115.1946527459263,3159.348041949883,847517
2021-09-03,3183.99951171875,3189.864279232004,3134.1243088026413,3148.5243036694437,832039
2021-09-06,3161.82763671875,3192.4869385694965,3152.624910352588,3187.051260362934,664394
2021-09-07,3181.56787109375,3237.2126207313095,3169.7428786916294,3178.945372286554,1285818
2021-09-08,3181.902099609375,3205.695272208844,3144.13801935125,3189.912549205317,702598
2021-09-09,3191.199462890625,3203.2628634276066,3151.7665268318665,3151.7665268318665,591745
2021-09-13,3210.939453125,3217.567175342207,3175.9410659799833,3191.4376476632406,610920
2021-09-14,3206.6005859375,3231.490575063911,3201.212636445765,3227.961936117548,569412
2021-09-15,3196.87353515625,3227.0560169506184,3191.771490184546,3205.980804169582,587855
2021-09-16,3187.146728515625,3214.706713709934,3180.3758202974277,3194.680359219305,516746
2021-09-17,3149.9072265625,3225.1967371835317,3132.7417797058165,3196.5876590890593,1545695
2021-09-20,3119.86767578125,3161.303110407709,3113.6213138706394,3146.9508430857964,689288
2021-09-21,3155.77197265625,3180.375826211889,3119.3431266983775,3119.867673024076,922057
2021-09-22,3163.68701171875,3175.5597317847614,3135.7931624066855,3174.177006331834,825945
2021-09-23,3166.69091796875,3185.1438655277825,3161.302968330718,3185.1438655277825,694716
2021-09-24,3288.708740234375,3342.4937099420295,3166.8817583670157,3175.6074334114,2775975
2021-09-27,3271.59130859375,3309.1169789912315,3259.1940403727453,3301.1065295769454,902449
2021-09-28,3223.0029296875,3270.6847206194134,3194.6799924381926,3266.107222125701,961271
2021-09-29,3168.9794921875,3224.910138736651,3156.5344984315507,3208.9844674387214,973387
2021-09-30,3094.214599609375,3192.486824709568,3070.7075680322914,3175.5120592909752,2077896
2021-10-01,3030.51171875,3102.129629967198,3023.0255843479576,3097.409179167876,1512332
2021-10-04,3053.16064453125,3080.7206275945086,3030.654745239235,3054.3049609922627,921241
2021-10-05,3103.846435546875,3108.85302400578,3043.6719173218157,3059.7885036727635,909337
2021-10-06,3063.316650390625,3127.9254769340027,3052.2543817949218,3110.760032243511,786378
2021-10-07,3138.272705078125,3164.163825895694,3070.70751036291,3070.70751036291,1177283
2021-10-08,3153.578125,3174.6535692490743,3112.7626991320712,3153.673581708227,882436
2021-10-11,3152.76806640625,3189.2923685504097,3144.8528417398234,3172.1744176025513,460197
2021-10-12,3169.170654296875,3180.3758766508927,3127.925899674641,3127.925899674641,564524
2021-10-13,3169.40869140625,3203.1673067705387,3138.79688803429,3188.004590152277,770144
2021-10-14,3144.900390625,3197.493315258324,3137.4619843410346,3187.05104913913,648597
2021-10-18,3091.210693359375,3131.692489748418,3082.151152533549,3101.700687999805,1576121
2021-10-19,3036.13818359375,3117.5310977571094,3028.8429623588468,3109.7110974112256,1042069
2021-10-20,3022.64453125,3070.659960543676,2991.222041157766,3042.0986110574067,1205540
2021-10-21,2862.81494140625,3047.2957577384127,2785.0458880226506,3045.913032262346,5103543
2021-10-22,2844.12353515625,2863.7207989151275,2777.1306150627,2837.0667228229418,2855592
2021-10-25,2782.75732421875,2813.2259450937318,2724.776214108158,2813.2259450937318,2161537
2021-10-26,2832.108154296875,2883.795177380106,2763.637044989268,2782.7574927792093,1988263
2021-10-27,2951.169189453125,2999.184849246029,2888.7537675330677,2888.7537675330677,4609951
2021-10-28,2975.32470703125,3005.2088026415636,2923.4810866032117,2962.626326495678,1791065
2021-10-29,2959.858154296875,3002.4404051759584,2943.818103992014,2983.631637949569,1118903
2021-11-01,2980.575927734375,3000.1007631603707,2951.7897148368747,2986.4954052559915,750393
2021-11-02,2962.960693359375,2997.7617210225767,2940.666907816512,2978.8573871388044,881916
2021-11-03,3027.2158203125,3038.911653955759,2954.988173541782,2961.7670764836917,879227
2021-11-04,3016.331787109375,3045.69071801184,3002.7264288862816,3035.1883362255926,263595
2021-11-08,2996.04296875,3037.097732184114,2955.1313263684647,3021.8215411388624,787824
2021-11-09,3002.86962890625,3012.274127900613,2978.8574577020327,2997.9526978155072,668840
2021-11-10,2967.686767578125,2994.754130387201,2941.144337391452,2990.314580331124,872975
2021-11-11,2924.913330078125,2966.1112163378943,2913.933567291803,2950.214522585737,958143
2021-11-12,2981.626220703125,2986.495600246353,2936.6570693934505,2949.2598814453277,682344
2021-11-15,3025.354248046875,3036.1431050709243,2984.585958003682,2984.585958003682,696377
2021-11-16,3009.123291015625,3063.831199184654,2978.95295225251,3021.8216719910965,1400107
2021-11-17,3084.119873046875,3093.3332328770184,3021.869438829441,3026.5954639915158,1616452
2021-11-18,3080.87353515625,3112.52379895315,3068.604751483259,3102.8330588911954,1609821
2021-11-22,3113.71728515625,3158.686664444809,3069.6073314460955,3094.3833564404467,2146970
2021-11-23,3041.44189453125,3139.543682251725,3028.075227591234,3113.717325580531,1482618
2021-11-24,3014.183349609375,3063.7353994956225,3007.500016239953,3041.9192297117106,1056213
2021-11-25,3002.010498046875,3029.7941662215594,2972.174184756276,3013.7063328567897,728825
2021-11-26,3000.91259765625,3024.0655766362797,2951.1694031864504,2960.717023384401,1029110
2021-11-29,3002.05810546875,3035.0927297353896,2932.9331990618225,2989.3597246629856,876651
2021-11-30,3001.437255859375,3044.7358027366363,2975.1813027156754,2975.1813027156754,2340489
2021-12-01,2996.1865234375,3054.9999607121968,2982.772302711404,3013.1335503310515,1741820
2021-12-02,3036.71630859375,3049.5100269901036,3009.648710889028,3017.048116871862,939320
2021-12-03,2969.739501953125,3043.256178073967,2965.4908575497966,3040.917057725725,1216263
2021-12-06,2900.853271484375,2974.0834662327316,2891.2578672935056,2974.0834662327316,1107363
2021-12-07,2893.26318359375,2930.1646424671503,2879.99185164405,2902.4765438579784,2056459
2021-12-08,2967.877685546875,2981.721734586743,2893.8836303337876,2894.742822897785,1171484
2021-12-09,3034.90185546875,3039.055163315109,2970.2645161215996,3009.7915688064404,1287243
2021-12-10,3134.626708984375,3143.076445766298,3034.9018665512763,3039.9621516767597,2554394
2021-12-13,3131.47607421875,3189.8596742092195,3122.9785530080158,3136.4885744550857,1265832
2021-12-14,3148.327880859375,3155.4885962821027,3102.0219211257345,3125.890972534827,863179
2021-12-15,3152.576171875,3164.033315266611,3118.7299073915174,3129.852790862402,811946
2021-12-16,3149.3779296875,3174.5835524746904,3122.6445945087657,3174.5835524746904,502930
2021-12-17,3096.96142578125,3144.3177138068713,3081.685233914429,3126.845522739957,1019403
2021-12-20,3092.903564453125,3126.8453985281394,3037.097774875729,3081.016824748185,948872
2021-12-21,3123.360595703125,3146.895384512051,3093.4287153577197,3100.112049002011,712026
2021-12-22,3131.71484375,3137.0135862280654,3094.3835573329643,3127.5137512072333,619865
2021-12-23,3120.06640625,3158.2568833085206,3102.9762610047815,3141.166738063302,1051596
2021-12-24,3136.2021484375,3150.714483682498,3113.4787670571595,3131.6192443874525,651404
2021-12-27,3124.363037109375,3136.1544409027324,3080.2530798714834,3131.7148908958475,640701
2021-12-28,3215.829345703125,3222.32177397066,3124.9360492462133,3127.752550547927,1211648
2021-12-29,3215.11328125,3232.8241631398364,3194.8245885545716,3219.6484007936842,598421
2021-12-30,3213.4423828125,3236.6431457864905,3198.7391414064,3211.1032625564644,691223
2021-12-31,3229.912109375,3250.9646584077163,3209.336941349392,3236.6432281944662,570671
2022-01-03,3267.577392578125,3285.240489670109,3229.9598628207,3229.9598628207,696276
2022-01-04,3302.80810546875,3315.3631320446534,3260.559888602884,3278.652581183832,790886
2022-01-05,3367.254638671875,3379.857450342048,3295.886179798127,3313.024110928505,1024506
2022-01-06,3355.654296875,3377.5184873589837,3295.9816696199127,3333.217389027087,1312743
2022-01-07,3414.515625,3419.9577221597397,3338.373350197588,3355.654403743295,964364
2022-01-10,3392.74658203125,3427.5953931313315,3367.4453904106426,3418.0477736518574,657511
2022-01-11,3378.663818359375,3402.771557367096,3336.9407681612865,3389.977840597509,734344
2022-01-12,3383.48583984375,3420.3873002787614,3374.1291250226914,3395.9930829904965,594543
2022-01-13,3299.896240234375,3398.952800067812,3293.9289775938064,3398.952800067812,1153984
2022-01-14,3212.201171875,3305.3860360904932,3194.633644355514,3305.3860360904932,1558978
2022-01-17,3225.806640625,3245.2361411812312,3170.764702813436,3212.201281692422,1103159
2022-01-18,3221.080810546875,3242.8016480548126,3199.407757762593,3226.1888809575566,558543
2022-01-19,3132.001220703125,3217.547990483844,3119.9235744521015,3217.547990483844,1495218
2022-01-20,3156.8251953125,3212.6787760590014,3076.2433703457737,3133.5290941883395,3075678
2022-01-21,3126.702392578125,3174.5358283641563,3095.099677507156,3150.762348079094,1441694
2022-01-24,3012.416748046875,3122.071239403214,2993.178390070054,3120.1617157093892,1575665
2022-01-25,3004.732177734375,3014.136445436699,2874.550260047654,2959.762785401553,2699779
2022-01-27,2975.945556640625,3000.8171549257318,2932.3129771128392,2998.048438189895,1834684
2022-01-28,2970.121337890625,3026.5954146125086,2962.6263632626546,2988.4049361946854,892060
2022-01-31,3009.6484375,3048.9845842743707,2994.515366948694,2997.9526032992308,944530
2022-02-01,3051.657958984375,3067.0297200021682,2999.480310350813,3049.509744543166,1008915
2022-02-02,3053.04248046875,3097.3911299070637,3047.7435046112023,3059.821384084164,667265
2022-02-03,3058.1025390625,3094.9564437301988,3045.8815394304634,3067.5070375491036,899753
2022-02-04,3090.230224609375,3101.830722356214,3032.3717893163644,3043.7811481930207,705765
2022-02-07,3031.08251953125,3104.1218039708856,3000.912183724994,3087.6999461148016,860393
2022-02-08,3070.84912109375,3077.675576753602,3022.967662739298,3035.1886640296884,799206
2022-02-09,3082.305908203125,3111.5692694316904,3076.95914791684,3083.8811722198097,472725
2022-02-10,3092.2353515625,3101.0668998456194,3032.324037533771,3074.333564502123,728666
2022-02-11,3070.800537109375,3083.8329429211244,3038.5295404610533,3083.8329429211244,587840
2022-02-14,3001.24658203125,3038.72099077786,2978.857459603151,2997.952699728812,681236
2022-02-15,3116.916259765625,3122.0718815609143,2991.126360562062,2997.9528159331103,676844
2022-02-16,3105.697509765625,3136.488582727182,3077.1977722511074,3131.6192035319987,624320
2022-02-17,3118.109375,3145.8928075964054,3089.9914493899455,3124.9358296325568,636735
2022-02-18,3111.04443359375,3123.9815063164724,3083.929283928998,3089.753192723024,423801
2022-02-21,3104.55224609375,3130.139918285891,3059.2010440522386,3088.655549564006,547472
2022-02-22,3081.16015625,3090.3737495906867,2978.8574991568576,2978.8574991568576,1147209
2022-02-23,3090.755615234375,3147.7548621443148,3083.8813751968296,3090.4691400044358,935896
2022-02-24,2930.212646484375,3053.1382658886323,2913.456525142455,2988.405349400585,1823450
2022-02-25,2978.093017578125,2999.336468039266,2943.578471078595,2964.535446374963,1239456
2022-02-28,3031.03515625,3046.1682275189364,2878.6074928599255,2950.2146444236055,1678348
2022-03-02,2891.92626953125,2970.4554428432484,2855.78866823566,2966.44548912315,3014206
2022-03-03,2741.980712890625,2912.9786689995717,2732.5286629553507,2891.97390639125,4406840
2022-03-04,2614.281494140625,2734.247480082078,2541.62424532367,2734.247480082078,6979253
2022-03-07,2585.925048828125,2604.5429075152797,2481.760656236168,2530.023688048226,3233760
2022-03-08,2600.19873046875,2613.1358021526985,2518.6621491296405,2568.3097729942124,2611102
2022-03-09,2744.892578125,2759.2617908175203,2544.4881558296925,2625.5951296706507,4076068
2022-03-10,2781.03076171875,2902.4764398182224,2760.407809565777,2864.2859603469296,3971987
2022-03-11,2799.36181640625,2806.9521266903025,2751.957982569486,2785.040388286846,1265493
2022-03-14,2828.76904296875,2837.8870671481154,2785.3273697765326,2816.5480421327975,1214217
2022-03-15,2852.017333984375,2894.8385047084003,2831.824210080843,2862.37659535481,1857685
2022-03-16,2904.385986328125,2912.024082281651,2874.5496740096655,2905.340748322316,1287234
2022-03-17,2994.70654296875,3020.19864141353,2937.325254286549,2972.6514478209556,2867519
2022-03-21,2907.966552734375,2976.2798249460466,2893.0246196902367,2976.2798249460466,1259015
2022-03-22,2913.121826171875,2924.1493732972117,2840.4167970259678,2887.200132506395,1515772
2022-03-23,2880.325927734375,2940.57126755658,2869.0596899864067,2921.5715977898185,948403
2022-03-24,2888.489501953125,2901.474126158573,2817.0732529864345,2835.1659474699222,1243917
2022-03-25,2909.11181640625,2925.9157196150995,2855.69293303442,2888.489098573034,1083275
2022-03-28,2890.494384765625,2920.235363130225,2860.1329042934576,2909.1122451471356,680332
2022-03-29,2904.958740234375,2948.0183634015557,2876.41121868168,2930.1643619373017,1120936
2022-03-30,2942.146728515625,2954.3677280735683,2917.6569446830863,2938.757276979795,849545
2022-03-31,2940.618896484375,2987.688705240984,2927.3955838957754,2974.0833480308906,1464862
2022-04-01,2973.271728515625,2979.811940880987,2947.9705377327523,2969.309559801304,637392
2022-04-04,2976.947509765625,3000.8165565084537,2953.5558439576525,2983.5830581408995,873264
2022-04-05,2998.716796875,3014.1838960001996,2940.6672156099507,2969.3100780996583,805874
2022-04-06,3011.3193359375,3021.82171789543,2972.1740940943046,2995.0883820025165,736379
2022-04-07,3012.274169921875,3063.78353422729,3003.2039307414443,3011.319407902882,1025244
2022-04-08,3061.20556640625,3074.3335434941523,3008.6458733369036,3024.685921052632,678898
2022-04-11,3014.613037109375,3076.24296687947,3007.500107284398,3039.9620132042933,672652
2022-04-12,2987.115966796875,3019.052941411897,2973.2719181271573,3011.987562922743,794265
2022-04-13,2941.287109375,2980.6710371525164,2927.3955104176794,2976.183702909826,1121350
2022-04-18,2884.861083984375,2919.6621112550156,2876.6978225020803,2917.7525873104405,1032504
2022-04-19,2855.884033203125,2920.8078488717265,2835.6431255256816,2892.9288452332707,749782
2022-04-20,2943.53125,2949.7372030084334,2845.1907638663643,2855.9796211002636,838182
2022-04-21,3015.377197265625,3030.796510893555,2946.4434249526785,2950.0237825841978,1069035
2022-04-22,3021.2490234375,3029.7465457811372,2972.4130364339235,2980.28982356974,681191
2022-04-25,2988.9775390625,3012.369204373523,2955.083493407752,2992.2236361120986,1096774
2022-04-26,2984.251708984375,3006.2590193859414,2965.2998234156566,2988.405016862899,1703441
2022-04-27,3005.925048828125,3020.8669809537205,2946.347759914938,2955.943164675322,963536
2022-04-28,3100.78076171875,3120.162478569005,3026.595794695149,3045.6910363020584,2001838
2022-04-29,3090.755615234375,3129.7099529087327,3075.5749921057873,3102.021853874458,1088970
2022-05-02,3055.238037109375,3066.2177988052367,3011.36677503949,3050.4642276763916,595522
2022-05-04,2960.57373046875,3050.1780009675754,2942.0512085021774,3034.23352278176,1120002
2022-05-05,2937.372802734375,2985.492709791109,2931.119065600586,2964.297041994599,724601
2022-05-06,2879.80078125,2914.3153330980376,2868.0093777260936,2883.3811386241196,923941
2022-05-09,2869.29833984375,2901.330649769452,2840.4167909608705,2865.0974805174387,998324
2022-05-10,2946.729248046875,2996.758674374233,2898.656896981337,2912.9783243379643,2460016
2022-05-11,2915.5087890625,2968.8801229079377,2844.235901421119,2950.5962913710687,1883969
2022-05-12,2902.4287109375,2938.7574518527085,2852.828871389179,2904.3860196672968,1254245
2022-05-13,2925.390869140625,2975.277185365363,2897.989245412497,2935.320301045442,1121729
2022-05-16,2864.1904296875,2950.1190096612786,2850.1554749110214,2950.1190096612786,733044
2022-05-17,2912.024169921875,2918.3256925116602,2817.50272965228,2863.2357373119185,1179081
2022-05-18,2959.858154296875,2987.2597806405597,2889.110187659326,2892.929236155902,1379763
2022-05-19,2909.064208984375,2932.7423529140356,2864.7155612459865,2864.7633459646404,772390
2022-05-20,2969.261962890625,2983.631177259544,2931.119268539776,2940.6668883070065,778957
2022-05-23,3030.605712890625,3043.7814760624583,2988.4530607815054,3001.724160302517,813294
2022-05-24,2947.207275390625,3039.6280537264447,2931.119441892896,3031.1307648695347,691307
2022-05-25,2709.662353515625,2901.521731702443,2698.443899962646,2901.521731702443,3381427
2022-05-26,2711.6669921875,2730.6191096661346,2595.5680817880707,2721.0714904015676,3212196
2022-05-27,2706.607177734375,2739.212207142787,2655.1931502488987,2738.257445132629,1879534
2022-05-30,2715.343017578125,2753.533496025075,2689.564444626434,2749.71444818038,2525482
2022-05-31,2730.284912109375,2747.8048870984567,2683.835836564893,2715.342980857544,2408221
2022-06-01,2723.458740234375,2806.9048499394466,2703.9339029841003,2730.2851956348686,1770795
2022-06-02,2776.972900390625,2786.950116091759,2719.162018029918,2740.3576865793143,1164197
2022-06-03,2756.302490234375,2787.380041821589,2726.800435899574,2773.583776711577,1228489
2022-06-06,2689.993896484375,2742.0762052897353,2680.684967862657,2741.2170128092753,1193698
2022-06-07,2620.53564453125,2677.1530870353736,2607.455449605423,2673.334038409075,1403598
2022-06-08,2582.822509765625,2649.4649541505305,2577.8577932275434,2646.505098260556,1743575
2022-06-09,2580.037353515625,2590.408251569058,2529.0953015969912,2573.5075114494302,1857501
2022-06-10,2601.115234375,2627.282429626211,2546.620249769266,2559.1036823661743,1592920
2022-06-13,2555.0224609375,2576.3883351293102,2537.497642780172,2563.8568429289194,1674206
2022-06-14,2530.6796875,2560.4000462705394,2482.2824749935107,2513.0109234266993,2296040
2022-06-15,2555.406494140625,2576.964608866053,2522.7096919251526,2544.6996441307256,928842
2022-06-16,2551.853759765625,2617.1517179031025,2535.097198278535,2587.863663150263,1280628
2022-06-17,2477.673095703125,2551.4214168918406,2458.2758100275164,2544.795689148406,2043251
2022-06-20,2554.974609375,2567.122090739149,2485.499643344724,2496.6866261824057,1595360
2022-06-21,2571.92333984375,2602.3156035783895,2535.0971193531173,2568.658301374842,1042074
2022-06-22,2560.39990234375,2600.346742397705,2521.9893439614225,2581.1895232924076,1871760
2022-06-23,2648.600341796875,2657.9629165882884,2568.658357039422,2568.658357039422,1612872
2022-06-24,2651.19287109375,2674.143322112884,2617.6797501663773,2664.7326877152227,2215583
2022-06-27,2708.8564453125,2715.2901666579187,2655.1297261327104,2669.437564696676,1295734
2022-06-28,2618.159912109375,2674.1433526800024,2596.8420972518693,2669.534038387699,1838358
2022-06-29,2590.6005859375,2610.958138363063,2571.587309502127,2598.9548368810706,1066354
2022-06-30,2588.103515625,2618.591897975024,2573.5075495453207,2606.9728441053026,1291447
2022-07-01,2662.9560546875,2669.5339569543394,2578.3088756915113,2597.418035780258,1477191
2022-07-04,2679.425048828125,2686.8190357412313,2635.733030913105,2664.8769065949273,653147
2022-07-05,2656.666259765625,2700.5502741029736,2650.328424106119,2674.335022150559,1073043
2022-07-06,2747.69970703125,2754.997808246107,2693.68484934082,2718.0756990771683,2085735
2022-07-07,2776.507568359375,2815.4943852045067,2762.4878529439416,2786.1102095094584,1469087
2022-07-08,2765.368408203125,2773.2425263832183,2727.6299848308627,2765.560414121769,1274148
2022-07-11,2816.502685546875,2823.7046663484102,2738.0491549033827,2759.7990431482267,1081885
2022-07-12,2778.236083984375,2807.092067458996,2770.7459770173955,2803.971209092711,1115524
2022-07-13,2824.328857421875,2850.9761874553974,2809.780949395585,2831.8189646435194,2153712
2022-07-14,2822.360107421875,2837.436441192193,2796.6730430045986,2834.795714943688,882479
2022-07-15,2859.810546875,2866.388449991646,2823.6086357847785,2832.7311450896095,1668006
2022-07-18,2897.9326171875,2904.798410563967,2869.6526566802113,2875.7504264583276,823390
2022-07-19,2899.133544921875,2902.8784812740887,2859.810541026199,2864.8999878316463,638171
2022-07-20,2886.98583984375,2923.715940183847,2880.792183537039,2912.4808975559463,867436
2022-07-21,2944.265625,2962.3664612332213,2862.5470625809294,2862.5470625809294,1184060
2022-07-22,2945.513916015625,2969.8567039780896,2926.8848868240943,2944.2657602755767,1268141
2022-07-25,2981.571533203125,2993.3347667032185,2930.38941729034,2947.5302227376824,985844
2022-07-26,2984.980712890625,3024.639663893808,2931.686059660633,2972.9774126136,2876310
2022-07-27,3059.44921875,3066.1230067813476,2972.9773971171476,2995.0154094230024,1976407
2022-07-28,3142.368408203125,3149.666509745407,3055.560620124965,3070.924847001772,1332572
2022-07-29,3201.2802734375,3221.0618066232037,3144.864760557274,3154.8514128913494,1836550
2022-08-01,3192.446044921875,3221.6860397359046,3182.7953438762015,3207.330138399045,1076122
2022-08-02,3261.20068359375,3269.4590482602152,3193.4542419200475,3198.6395740523612,1650536
2022-08-03,3302.97216796875,3310.990466615837,3237.290200283828,3268.73884813234,1169005
2022-08-04,3322.993408203125,3338.789703336604,3275.36422237508,3317.711956463458,981434
2022-08-05,3335.861328125,3353.1941418355755,3314.399566379438,3336.917712399679,792478
2022-08-08,3321.025146484375,3338.7900313540094,3299.995457630702,3327.3149228801653,724644
2022-08-10,3276.08447265625,3312.76674378546,3261.056435332806,3304.2683138928696,1089295
2022-08-11,3269.891357421875,3339.7505726408153,3255.295389583615,3312.911237186865,1410533
2022-08-12,3291.641357421875,3298.3151459650344,3248.57341917374,3263.9376446265273,548472
2022-08-16,3361.884521484375,3369.9987060179437,3318.000500211219,3332.1163352044505,911189
2022-08-17,3383.68212890625,3404.759876313755,3365.3412276090057,3378.160611038436,817912
2022-08-18,3394.869873046875,3401.9276737122304,3375.856596456242,3384.9310455628333,599877
2022-08-19,3344.16748046875,3397.89420502961,3326.354536165768,3380.129320815099,581829
2022-08-22,3216.644287109375,3347.0481832963033,3200.751871253156,3324.530039712452,2336567
2022-08-23,3223.22216796875,3249.485247149322,3185.051674776481,3200.5598442725295,831446
2022-08-24,3244.58837890625,3250.4939092195896,3170.7919906183415,3206.8980137845756,1182154
2022-08-25,3228.8876953125,3269.8428610772626,3218.0366652403623,3240.8909952950744,615392
2022-08-26,3191.485595703125,3250.0136420289014,3174.2967287305933,3245.0683760007423,1384783
2022-08-29,3210.40283203125,3215.300272533534,3108.0866491221404,3117.977415869429,1031166
2022-08-30,3256.83203125,3274.260732044658,3198.6399291563184,3198.6399291563184,1426459
2022-09-01,3309.59814453125,3336.341357951905,3183.2753604873647,3183.2753604873647,1417762
2022-09-02,3294.7138671875,3350.3611194897585,3288.904223058877,3350.3611194897585,740821
2022-09-05,3288.71240234375,3312.9110097882226,3270.227319173193,3288.952468358952,518438
2022-09-06,3260.336669921875,3298.075095759164,3249.533698848575,3284.1032062831346,540937
2022-09-07,3265.23388671875,3298.5069415675116,3251.4059440292885,3257.2155882960697,682921
2022-09-08,3313.054931640625,3346.184041498708,3291.208924415367,3312.910985808333,1143090
2022-09-09,3305.084716796875,3345.271624224618,3297.0183585951427,3345.271624224618,702805
2022-09-12,3295.81787109375,3316.4154858633137,3286.983489671682,3305.0845588434004,641280
2022-09-13,3286.21533203125,3321.5530932386487,3278.9652921240045,3295.6259658846607,776044
2022-09-14,3302.2998046875,3311.470372688679,3245.692289310638,3245.692289310638,816678
2022-09-15,3260.480712890625,3321.3135389225054,3254.431236460943,3303.308586597302,590182
2022-09-16,3190.525146484375,3284.1028248243006,3178.041714694107,3276.8047247711334,1598265
2022-09-19,3184.475830078125,3209.298750904808,3102.901441454483,3188.7008983535497,1013563
2022-09-20,3258.367919921875,3274.500402811891,3201.5203351832392,3203.0568514354177,708184
2022-09-21,3222.694091796875,3288.8081285119597,3214.9639195945465,3269.6989684048476,605378
2022-09-22,3299.467041015625,3303.308096942302,3183.8991770459484,3222.693982569056,829396
2022-09-23,3260.336669921875,3301.3398999077485,3248.285308636654,3298.507167714201,513370
2022-09-26,3301.435791015625,3330.1956517895255,3220.725552509247,3236.089776969637,1429914
2022-09-27,3332.740478515625,3360.924323403384,3294.7141611202323,3317.56849340727,1455383
2022-09-28,3428.7666015625,3440.529835712555,3284.1029218929116,3313.871106272643,1843428
2022-09-29,3250.3017578125,3421.8528341669094,3238.3943430955655,3421.8528341669094,2624894
2022-09-30,3209.635009765625,3276.3253111804934,3154.707944732455,3266.818789431493,2159720
2022-10-03,3171.656005859375,3219.2851960479807,3155.187571339195,3214.9640078653656,934543
2022-10-04,3205.121337890625,3234.5055116422795,3180.4425986549954,3197.679291491508,994382
2022-10-06,3196.6708984375,3232.968925689561,3180.1063439062327,3205.1212687964157,922770
2022-10-07,3210.834716796875,3226.103055188391,3156.627860430884,3186.155978678127,774544
2022-10-10,3147.697509765625,3167.9111149956398,3130.6528228025536,3149.6660979647463,734377
2022-10-11,3167.623046875,3226.487281366394,3143.9045711885638,3159.748928373845,1411316
2022-10-12,3119.129638671875,3206.8017932783837,3078.6065426712075,3202.48060505567,1812549
2022-10-13,3081.487548828125,3128.7324964563845,3066.9874668979837,3101.7492154553584,779890
2022-10-14,3058.921142578125,3117.0171178177975,3053.639690283609,3106.454213228766,845765
2022-10-17,3070.54052734375,3090.1298208724347,3044.1332650460517,3058.9212381569732,1067773
2022-10-18,3097.667724609375,3120.858006481758,3084.3679744059714,3090.129558417938,1015424
2022-10-19,3085.088134765625,3116.7287863573947,3069.339899100846,3113.1758564812562,943543
2022-10-20,3016.093017578125,3113.0318531576922,2978.5468369154414,3070.9241841859925,2284352
2022-10-21,2969.5205078125,3038.995706854396,2950.555292484157,3015.2291711897633,1738731
2022-10-24,2997.6083984375,3033.474357119406,2992.1829999316456,3024.8319800335953,178709
2022-10-25,2962.318359375,3010.427680193103,2957.517039310896,3009.4674161802823,1016316
2022-10-27,2922.515869140625,2998.9049288659503,2912.4811556997847,2998.9049288659503,2005709
2022-10-28,2932.0703125,2949.5473066914656,2919.2028673211516,2937.159759123686,715736
2022-10-31,2988.51904296875,2993.615833875331,2943.658173612827,2963.8046900108484,814364
2022-11-01,3038.236328125,3043.044577194501,2991.211746136398,2991.211746136398,939335
2022-11-02,3011.791015625,3038.7653403743857,3002.367035091457,3036.890170157111,787012
2022-11-03,3020.83056640625,3027.994810467122,2985.9226316793693,2985.9226316793693,563798
2022-11-04,3059.34423828125,3062.854165627463,3006.0205768376877,3027.2731282245695,609757
2022-11-07,2984.528076171875,3075.3558465092547,2978.6619188887526,3063.8160497118465,1669943
2022-11-09,2968.132080078125,3025.3502426456444,2961.8813564362954,3025.3502426456444,1391333
2022-11-10,2928.367919921875,2967.6514098447083,2917.164793183384,2967.6514098447083,1375007
2022-11-11,2938.224365234375,2979.1907358881617,2931.1082514483915,2972.170646204404,810288
2022-11-14,2936.109130859375,2959.9099634779127,2924.4251796668427,2938.801797262686,811702
2022-11-15,2961.208251953125,2976.306106734477,2925.3386677500093,2950.822387242243,873840
2022-11-16,2964.814453125,2974.3828216480724,2933.993530180494,2961.2082663868237,770953
2022-11-17,2953.803955078125,2977.7970733576576,2942.648722220023,2973.4215193151344,706271
2022-11-18,2976.786865234375,2995.3948822087336,2938.5612868486323,2976.30604034902,1258576
2022-11-21,2976.5947265625,2991.0676032689976,2948.610622966843,2985.922682835123,612194
2022-11-22,2984.817138671875,2999.866865709092,2954.47703734442,2984.96129224588,764079
2022-11-23,2981.883544921875,2995.3466412104226,2971.497680829442,2991.6923252622632,488341
2022-11-24,2995.827392578125,3000.587511693523,2973.42090734921,2998.3756704019734,571872
2022-11-25,2988.95166015625,3000.1550209237853,2957.3134764073975,2995.8275969277415,898769
2022-11-28,3030.3505859375,3037.8515007962537,2977.9406755882137,2988.9515180546664,914689
2022-11-29,3014.8203125,3047.4682769047827,3007.2231380619965,3035.9284790749125,877720
2022-11-30,3053.38232421875,3077.2312866490474,3013.1374202217985,3019.4841681508233,2547283
2022-12-01,3057.42138671875,3074.3944117841743,3040.0154314209326,3068.6245129819517,761717
2022-12-02,3022.89794921875,3052.5649387960807,3013.8104057676355,3051.4589006841575,932259
2022-12-05,3035.83203125,3047.1795453653954,2993.1348758478102,3009.96374663571,926122
2022-12-06,3040.4482421875,3047.4683329520044,3005.15574013096,3005.15574013096,958365
2022-12-07,3102.762939453125,3110.6484205011393,3054.584192739722,3058.046225774349,1832282
2022-12-08,3097.906494140625,3116.61053454459,3079.8274321537633,3106.128646336481,851312
2022-12-09,3103.19580078125,3118.00534869022,3083.0492842604326,3110.9371286907362,847879
2022-12-12,3044.919677734375,3106.128588358571,3021.4071543129794,3103.243639205297,1323816
2022-12-13,3056.60400390625,3062.8547278406186,3022.1287633725,3062.8547278406186,886601
2022-12-14,3025.30224609375,3072.4712173723487,3005.155729041812,3057.0848200396545,1103870
2022-12-15,3010.54052734375,3039.9668661496994,2997.173456168305,3021.503239585187,799124
2022-12-16,2938.705810546875,2997.4627128491043,2933.3207120192833,2995.5394130654345,1192821
2022-12-19,2962.794921875,2969.5745999606484,2924.377059093372,2944.5717050127932,655594
2022-12-20,2963.948974609375,2970.199698599247,2902.259230989682,2957.1214015794226,739257
2022-12-21,2951.92822265625,2993.0868811633136,2933.080027391856,2966.6896410373547,616324
2022-12-22,2970.103271484375,2974.86339061369,2921.539960921585,2956.1112211884542,663202
2022-12-23,2940.62841796875,2968.468363604784,2919.5683842072094,2960.8711903813364,1230858
2022-12-26,2938.85009765625,2954.092107050073,2912.6451390064917,2940.6290090281786,536884
2022-12-27,2993.23095703125,3009.001918236502,2939.09003184089,2942.64808878354,729041
2022-12-28,3003.905517578125,3023.234773011515,2985.9227127691793,2990.6828324571666,972274
2022-12-29,2995.68310546875,3005.1554493562285,2973.9499621256673,2982.075855505173,596265
2022-12-30,2969.47802734375,3010.6848110750457,2953.5147831225368,3010.6848110750457,836220
2023-01-02,2930.387451171875,2969.478422939694,2905.1441430766213,2969.478422939694,1015990
2023-01-03,2912.1162109375,2942.600464778347,2908.9908488684678,2930.1471459511476,860367
2023-01-04,2901.153076171875,2933.031670747748,2886.439788376177,2918.6069248260383,836382
2023-01-05,2889.1328125,2929.7625185463594,2880.525858544867,2922.98284016768,1113920
2023-01-06,2864.177734375,2907.548235234713,2838.790272999131,2894.565962644778,1045526
2023-01-09,2869.70703125,2901.9222981410403,2837.8284356853487,2878.5062674018286,808263
2023-01-10,2846.81982421875,2870.5243957533135,2838.9822381844583,2869.706899585461,864325
2023-01-11,2827.635009765625,2860.81192823823,2822.4421946984185,2860.81192823823,890426
2023-01-12,2804.122314453125,2827.105882483365,2784.9374504499474,2826.288386350965,1558620
2023-01-13,2797.58349609375,2812.8257397398665,2761.6178865292177,2812.8257397398665,1507864
2023-01-16,2804.218994140625,2817.249396108736,2784.9378683657537,2812.825713042068,644073
2023-01-17,2828.1162109375,2831.9149160177876,2799.5071252599023,2812.8260708226167,716489
2023-01-18,2832.299072265625,2846.4834068096934,2817.008934363132,2834.8954797689826,893808
2023-01-19,2756.232421875,2859.5618785147017,2734.547407167356,2841.578839814053,2379947
2023-01-20,2680.887451171875,2738.7787241581427,2674.348185352456,2738.7787241581427,3171005
2023-01-23,2677.666015625,2692.6197185173273,2661.7027681604745,2692.6197185173273,1402260
2023-01-24,2702.812744140625,2718.679964210641,2677.6654635872474,2687.8109148905974,1061471
2023-01-25,2668.578125,2703.197516891892,2660.9811856903902,2703.1012580033034,857953
2023-01-27,2618.235595703125,2666.510600934349,2582.8470727553918,2660.5002900019526,1801498
2023-01-30,2660.115478515625,2669.5396929751982,2592.84812578688,2619.5339062191783,1171912
2023-01-31,2621.312744140625,2673.3378483818974,2613.811830053066,2654.152985172881,1961805
2023-02-01,2638.5263671875,2671.462869447608,2601.070158288126,2644.3443948342533,1176872
2023-02-02,2601.887939453125,2635.8823570866157,2590.6848121092094,2635.8823570866157,1308570
2023-02-03,2654.5380859375,2657.903860328701,2596.454530354754,2601.887757960862,1278409
2023-02-06,2648.57568359375,2658.9615478065593,2613.764009742578,2654.537865063657,1120284
2023-02-07,2652.278076171875,2668.0971672234677,2642.757603009122,2656.0765456374907,732250
2023-02-08,2659.538818359375,2677.2330810182084,2639.055630374476,2661.8466840008623,811956
2023-02-09,2706.65966796875,2712.1891544147215,2660.067546527856,2675.2616605871262,946372
2023-02-10,2697.04345703125,2722.382791532963,2685.8882240585144,2721.4692710653762,700072
2023-02-13,2683.72412109375,2720.5072251452902,2673.3863859681537,2706.5633033479744,467228
2023-02-14,2670.50146484375,2697.1872464964017,2658.961667372333,2697.1872464964017,524746
2023-02-15,2679.30029296875,2690.984478018454,2648.38334815682,2670.50129187781,817717
2023-02-16,2698.341064453125,2725.6520581731907,2683.099056808293,2689.734346160864,788964
2023-02-17,2724.930908203125,2736.711117998113,2678.6754599133274,2695.4562016045093,840526
2023-02-20,2717.189697265625,2742.625288062258,2704.2555541354754,2735.893739318767,646218
2023-02-21,2709.063720703125,2729.8352153263954,2697.4276643184817,2728.20045763691,631934
2023-02-22,2688.724365234375,2706.0340594060945,2673.3860998544296,2702.187460701268,580270
2023-02-23,2602.176513671875,2697.9569381280908,2596.551002593894,2697.42798372474,1790570
2023-02-24,2633.477783203125,2656.0765518375138,2606.0707659231216,2608.0903242653862,1429040
2023-02-27,2644.4404296875,2652.8548646056743,2620.5435753865404,2635.304757490625,561317
2023-02-28,2720.31494140625,2730.123722195108,2622.851642407265,2644.536891876205,1815923
2023-03-01,2731.950927734375,2743.875526578594,2708.0540701541177,2719.545738749499,816598
2023-03-02,2725.21923828125,2739.740243980394,2703.197552063492,2722.4305478092297,604523
2023-03-03,2720.363525390625,2742.625627579945,2702.8613086686673,2728.2490079393237,679295
2023-03-06,2754.694091796875,2773.3981341999115,2721.709455381172,2733.9704908218964,1050267
2023-03-08,2749.885986328125,2759.9351807099924,2718.58423549378,2759.9351807099924,580250
2023-03-09,2744.115966796875,2762.291054987,2728.05646131377,2752.241861045311,774224
2023-03-10,2721.6611328125,2734.931946597537,2699.350905098202,2734.931946597537,489978
2023-03-13,2677.42529296875,2740.1729416398443,2665.8854955119973,2715.2181765951723,813217
2023-03-14,2640.3056640625,2680.0697406076083,2634.9684609609885,2676.223141583495,1060450
2023-03-15,2718.968505859375,2756.4249527751335,2659.153936239376,2665.885484728586,2170346
2023-03-16,2782.293212890625,2788.7843488750755,2720.218672928212,2740.7018601013674,1755487
2023-03-17,2752.86669921875,2811.8158787678335,2745.558301623579,2811.8158787678335,1848073
2023-03-20,2745.654052734375,2803.208881309763,2722.4784357829976,2803.208881309763,1074367
2023-03-21,2730.220458984375,2776.2833975437516,2726.2776002897594,2748.5397026561304,691891
2023-03-22,2730.94140625,2743.731161366338,2706.9001601248624,2716.6608121405507,731807
2023-03-23,2690.503662109375,2714.737188354864,2661.606040761309,2709.06354885779,1016581
2023-03-24,2691.177001953125,2707.6692023366313,2666.5107781582906,2690.5038940395143,784111
2023-03-27,2696.225341796875,2711.852149395341,2679.6368845000416,2691.1766808804473,791560
2023-03-28,2677.666015625,2702.8133013628376,2658.961972035861,2683.964869422093,558581
2023-03-29,2664.250732421875,2686.6090899489673,2649.345160737147,2677.665699982574,1087648
2023-03-31,2655.740234375,2668.5783538804626,2642.1329828059716,2650.3551360410547,1967803
2023-04-03,2670.50146484375,2674.973042452812,2604.772607835025,2641.603841720187,1035295
2023-04-05,2700.79345703125,2703.7265358699988,2646.7006559068036,2654.153441839505,668643
2023-04-06,2702.091796875,2716.6606975009267,2679.9257219274446,2699.7836964777093,627554
2023-04-10,2669.87646484375,2702.2358860809027,2649.4414069863765,2702.2358860809027,1215461
2023-04-11,2648.191162109375,2683.0028365455582,2644.584975501115,2683.0028365455582,1246379
2023-04-12,2679.87744140625,2698.5814820923397,2645.498462836133,2649.8740161551564,2235399
2023-04-13,2701.99560546875,2705.409509315282,2675.3098227294468,2679.8295299675724,602597
2023-04-17,2734.06640625,2736.4705305442026,2698.389107812929,2716.6604524488685,754555
2023-04-18,2745.12548828125,2748.8276989763904,2721.5650692515896,2738.7785059784774,717724
2023-04-19,2701.947509765625,2743.29845290511,2693.2445317539655,2727.575618880377,799624
2023-04-20,2734.787841796875,2741.6635438656435,2705.2650055015974,2711.8524004563715,761101
2023-04-21,2771.571044921875,2776.283035136901,2737.913301163721,2737.913301163721,894930
2023-04-24,2780.225830078125,2786.861119785549,2742.6252289953018,2771.5709818800333,782967
2023-04-25,2786.861083984375,2790.4672706872534,2754.3091447686147,2780.1776649172634,636120
2023-04-26,2798.40087890625,2804.603473074043,2777.2927130466883,2785.851302236011,569221
2023-04-27,2788.736328125,2808.0174538303168,2782.8704051326426,2803.6900296720164,599461
2023-04-28,2791.04443359375,2807.9693294657254,2737.432456424454,2807.9693294657254,1080665
2023-05-02,2788.351806640625,2821.192054366399,2782.0529533096164,2799.3145207722773,663800
2023-05-03,2817.345458984375,2848.791361458532,2785.899556510218,2806.094202932971,1237193
2023-05-04,2868.457275390625,2871.6305319919757,2810.084943170986,2834.94368506683,1008540
2023-05-05,2897.402587890625,2908.990514416002,2837.8765618538496,2857.061427547088,1326561
2023-05-08,2903.65283203125,2919.279638000395,2878.217247117019,2899.373538275246,941879
2023-05-09,2918.4150390625,2956.881033422681,2895.2873129978816,2900.384104206165,1025850
2023-05-10,2924.76171875,2939.763550110158,2903.124597429268,2926.252322952098,751851
2023-05-11,3019.340087890625,3035.111051369875,2915.241492615791,2935.0034438013527,3229605
2023-05-12,3011.021728515625,3057.8058965327527,2967.651229404851,3018.618667887825,1998170
2023-05-15,3011.88720703125,3046.506600215517,3001.357188559926,3014.002789659176,810281
2023-05-16,3017.75341796875,3044.294812344417,3002.6074331837185,3011.8872601091457,822404
2023-05-17,2973.85400390625,3027.225570082851,2957.602215504132,3015.733901438223,835371
2023-05-18,2989.81689453125,3005.155159509839,2974.622783089219,2986.5471448510552,498067
2023-05-19,2966.16064453125,3007.9924103500107,2950.389681903795,3004.1939406392653,633262
2023-05-22,2966.593505859375,2986.4998454256697,2929.185420889144,2952.2650171141404,659425
2023-05-23,3000.924560546875,3007.992545947512,2966.6897326063304,2968.613032270905,581204
2023-05-24,2982.556640625,3012.9927606993137,2979.1908665665806,2995.538911993189,439465
2023-05-25,3003.760986328125,3009.0019302706155,2967.6509929099134,2982.556563353887,500313
2023-05-26,3008.42529296875,3016.647446131259,2992.4139168979127,3003.232477696531,568249
2023-05-29,3017.079833984375,3034.00496350808,2996.5487526732572,3026.504048496943,535712
2023-05-30,3023.811279296875,3034.00486021854,3007.6076224156145,3026.2154035918184,506026
2023-05-31,3070.49951171875,3095.8872058978664,3016.1663010311104,3031.0718721047106,2349066
2023-06-01,3116.41845703125,3125.2655882275367,3084.0109057566847,3111.273771472663,1104861
2023-06-02,3113.100830078125,3125.3137356415245,3095.5507211434037,3115.168283246992,781973
2023-06-05,3077.038818359375,3115.697091740736,3072.470982001157,3115.697091740736,492565
2023-06-06,3089.5400390625,3114.6870845246713,3072.4707570787295,3084.7317906163676,577698
2023-06-07,3101.128173828125,3105.4074682781097,3083.289523934873,3093.627258790951,470038
2023-06-08,3089.0595703125,3122.4769008653398,3070.547811660927,3096.5123562631334,561161
2023-06-09,3078.943603515625,3135.4294017234542,3067.3269577546816,3107.2591775579244,1239045
2023-06-12,3092.689697265625,3100.0470002532447,3050.482459509538,3083.4447367462963,1029156
2023-06-13,3158.614013671875,3167.4716102214247,3102.7571278049513,3107.4522826438792,1598821
2023-06-14,3165.729248046875,3184.799859184139,3149.078771225031,3160.695415939049,741615
2023-06-15,3189.10791015625,3198.4495341441143,3168.778781761266,3171.344029617469,806994
2023-06-16,3210.889404296875,3215.8747869285457,3181.557326311002,3186.5911589018783,984671
2023-06-19,3203.96728515625,3238.091178097593,3197.7233860565066,3212.8251183202333,516915
2023-06-20,3212.679931640625,3220.569711504887,3172.4090374606176,3209.09818003523,866290
2023-06-21,3210.1630859375,3226.523099526414,3194.5773262637763,3212.6798838443556,742456
2023-06-22,3144.287109375,3220.569794070018,3138.8659137015707,3218.7788000507817,871640
2023-06-23,3192.3505859375,3198.594484930035,3149.1270834904476,3160.6952777441134,1260659
2023-06-26,3202.467041015625,3209.437217355222,3166.8910643423965,3189.7372282527276,592801
2023-06-27,3219.74658203125,3237.655575346818,3168.7786496453305,3170.3758437018473,914141
2023-06-28,3241.285888671875,3248.0622647551136,3217.326558948996,3224.586961895323,713110
2023-06-30,3254.6455078125,3339.398670016775,3236.930075012216,3245.8845731636516,1436363
2023-07-03,3251.402099609375,3271.9732419028664,3230.588943877137,3257.5008855340484,474224
2023-07-04,3240.75341796875,3278.797976747532,3224.5869679793414,3251.4020089767873,473663
2023-07-05,3266.600341796875,3291.3826112889574,3234.0254290187013,3244.2868928727444,632406
2023-07-06,3290.801513671875,3301.0629769931534,3260.2111598540346,3301.0629769931534,693995
2023-07-07,3236.88134765625,3304.9355750432887,3230.54054818632,3276.8620156770744,620761
2023-07-10,3236.34912109375,3264.3260190511573,3188.72091913328,3238.140115245566,548838
2023-07-11,3284.1708984375,3291.3344018726275,3238.139893932628,3242.9317128751295,772158
2023-07-12,3297.917236328125,3305.322753256482,3254.8388428397266,3299.127303560945,1025127
2023-07-13,3289.97900390625,3315.5839774271844,3276.2326884067706,3315.5839774271844,750126
2023-07-14,3320.1826171875,3329.1371150981304,3278.7983160329654,3289.9793850166543,832843
2023-07-17,3349.85302734375,3362.0505988585414,3315.5840198936094,3320.1822751036807,817694
2023-07-18,3401.208251953125,3410.4532121296434,3345.206486769023,3349.465828546286,962485
2023-07-19,3402.370361328125,3417.2300824270287,3371.247524660659,3407.549543949898,620289
2023-07-20,3413.357666015625,3422.0701501319436,3383.299548546073,3397.917255322178,589848
2023-07-21,3405.322021484375,3424.9251064240348,3393.0277883213234,3422.9889992695003,857975
2023-07-24,3430.491943359375,3454.015696181776,3386.735962189446,3393.9963651382586,680246
2023-07-25,3291.769775390625,3434.5576991096727,3242.9799624326124,3434.5576991096727,2555630
2023-07-26,3265.2451171875,3303.9672650343723,3257.5006876181255,3291.2374534662067,959076
2023-07-27,3261.76025390625,3304.935546264483,3243.9481592068782,3281.702255956824,874078
2023-07-28,3282.379638671875,3290.4145316632184,3257.0166789587815,3267.1812428253493,553750
2023-07-31,3269.456298828125,3279.7659763246456,3216.9875985636363,3217.0360485174847,933890
2023-08-01,3236.155029296875,3276.861734148861,3231.3632108091283,3264.2770362038286,698667
2023-08-02,3255.4677734375,3264.228706906695,3224.248040842965,3234.4610548979526,857218
2023-08-03,3229.766357421875,3271.973360869208,3211.9540258777074,3262.341272925114,711067
2023-08-04,3232.96044921875,3265.5355980743393,3216.842449627559,3231.5083686667062,519248
2023-08-07,3236.20361328125,3242.9799893784584,3210.066162620588,3210.114612575245,360358
2023-08-08,3241.09228515625,3252.6120298189503,3226.1841161525476,3236.203566631201,500258
2023-08-09,3224.586669921875,3249.7076145733167,3197.4811680432163,3226.0872003298305,643222
2023-08-10,3134.461181640625,3213.9384900423283,3126.8136514568437,3204.257952421719,1253219
2023-08-11,3083.58984375,3145.15791518713,3078.4106620933208,3134.460874894944,919023
2023-08-14,3100.28857421875,3107.3551764721024,3051.5469806027663,3083.5896495092893,815534
2023-08-16,3092.01220703125,3106.3394501682233,3075.4099429867283,3092.8349109351743,597686
2023-08-17,3081.556884765625,3121.0050723268278,3060.9857440128503,3120.9081724220873,873392
2023-08-18,3062.486572265625,3083.7353053939833,3054.2096652073515,3073.473840825406,592652
2023-08-21,3080.6376953125,3085.6715278701063,3051.450731055889,3058.9531481040435,353330
2023-08-22,3078.120361328125,3096.416718411817,3069.698341245746,3096.416718411817,377068
2023-08-23,3067.56884765625,3093.8998630522738,3064.1322094888014,3084.2193253080554,370811
2023-08-24,3122.55419921875,3129.620802359354,3069.601471230169,3083.251123329916,1167742
2023-08-25,3155.177490234375,3160.6953490885794,3113.4542809824998,3121.876300953784,1363431
2023-08-28,3155.564697265625,3167.4718054160917,3127.830052430126,3160.646979349499,707315
2023-08-29,3180.734130859375,3183.928755474254,3151.0633782218733,3156.823250714972,533163
2023-08-30,3189.44677734375,3197.336557543681,3171.7313457035075,3195.83602689966,599080
2023-08-31,3152.079833984375,3196.513405502563,3117.1329999146737,3194.625748003782,1601967
2023-09-01,3155.419677734375,3159.9210331776785,3114.325842928938,3137.559133147277,650131
2023-09-04,3132.186279296875,3161.9054814060987,3113.35768160122,3155.4195687124884,696213
2023-09-05,3120.32763671875,3145.0614568007177,3117.1330121399233,3141.3343554018793,597022
2023-09-06,3122.263427734375,3126.8132325382458,3092.9313554054784,3106.484106258585,754106
2023-09-07,3142.641357421875,3149.8048605705776,3098.9820391553017,3122.2637789004534,923108
2023-09-08,3134.6064453125,3158.8077886985216,3128.7496729448344,3146.707117005511,395918
2023-09-11,3155.2744140625,3160.6956097980437,3138.4303727305537,3138.4303727305537,359345
2023-09-12,3152.805908203125,3175.022694201268,3139.3982694078245,3155.855182938485,554905
2023-09-13,3173.0380859375,3179.717562079966,3122.2637155084185,3141.3343265554686,880907
2023-09-14,3136.736083984375,3188.962535205736,3120.2791706512267,3177.1523270231364,1102554
2023-09-15,3094.52880859375,3136.4940316087136,3083.2510773684426,3131.6537630414164,1568607
2023-09-18,3103.870849609375,3126.716776773607,3088.091525892208,3097.77206359093,673602
2023-09-20,3111.663330078125,3124.8771678032576,3092.9313975004366,3103.8704509632835,901084
2023-09-21,3140.56005859375,3157.0169730255525,3078.9435293900037,3107.452666240375,845739
2023-09-22,3170.23095703125,3178.701427448774,3118.246280938701,3131.6054701225894,896521
2023-09-25,3217.08447265625,3228.2655402086107,3166.6487801282137,3167.7621836928456,1422084
2023-09-26,3187.607421875,3218.6818053146876,3156.1941250877376,3216.8425977339143,834560
2023-09-27,3196.31982421875,3203.2897637437795,3167.1813126714687,3182.9606355967203,516326
2023-09-28,3069.0693359375,3183.9288201516833,3054.209616168611,3176.9588803402457,2104381
2023-09-29,3060.066162109375,3092.9315375958636,3033.8802625431726,3092.9315375958636,1550585
2023-10-03,3065.68115234375,3124.6839819005313,3060.9859970590724,3064.9551120218666,1219145
2023-10-04,3068.633544921875,3087.123466428834,3050.6763365968663,3063.8417260380957,892584
2023-10-05,3103.822509765625,3128.8467951410976,3072.8932379891953,3107.452711531433,1002610
2023-10-06,3093.657470703125,3114.228610890074,3088.091162181951,3112.050490164397,814257
2023-10-09,3052.079833984375,3061.9539347193313,3032.6218595592095,3039.7371489803686,700012
2023-10-10,3050.8212890625,3063.7931143335363,3039.737121271327,3049.36920848703,847367
2023-10-11,3062.8251953125,3083.2512241755635,3051.3539000665496,3067.7623640227193,1025317
2023-10-12,3058.178955078125,3086.639643201212,3049.418020630643,3084.2195086213146,992531
2023-10-13,3048.20751953125,3070.6663179681927,3028.313968847415,3049.36913669603,854688
2023-10-16,3012.6318359375,3028.072246576183,2997.191425298817,3024.2000314271086,853011
2023-10-17,3014.083740234375,3036.784552949122,2993.0285715934306,3036.784552949122,792640
2023-10-18,2997.529541015625,3015.680546128035,2991.2856425251985,3010.6467146451027,481985
2023-10-19,3002.70947265625,3011.5186208672944,2977.830536033708,2989.0598188644794,568124
2023-10-20,3006.629638671875,3015.584135277716,2966.648974125656,2993.706027412357,711434
2023-10-23,2973.861083984375,3009.5821723902673,2966.1166540781655,2997.1428236581655,374476
2023-10-25,2963.01904296875,3008.711133898704,2954.5001224771054,2994.577454241571,669290
2023-10-26,2865.729248046875,2957.4038808157,2846.077711816091,2953.628566142637,1834111
2023-10-27,2860.74365234375,2879.6206985390922,2837.365251207547,2839.1077950476692,1708185
2023-10-30,2872.3125,2896.368494919915,2845.206993831358,2878.9919766264834,878885
2023-10-31,2899.998779296875,2916.5041441846943,2871.247628131044,2874.1517895890324,1152306
2023-11-01,2840.802001953125,2912.776651966831,2836.3973103974013,2902.176511334446,1029990
2023-11-02,2860.986083984375,2867.3753335517495,2840.269827360173,2866.4557297170727,900125
2023-11-03,2887.7509765625,2892.647992174285,2852.9855749735552,2867.531728482938,715997
2023-11-06,2937.644287109375,2942.2505691345473,2893.5694885561225,2907.2912655716914,620959
2023-11-07,2941.572021484375,2947.0024439201834,2911.3643644670146,2937.6445123163226,757998
2023-11-08,3001.598876953125,3005.1868809212315,2954.0329060373683,2965.47592786452,783400
2023-11-09,2987.004150390625,3017.2601029650414,2981.040322029973,3006.2051207708255,849702
2023-11-10,2983.36767578125,2991.659030981247,2948.117637679187,2977.1128768597823,364232
2023-11-13,2992.240966796875,3004.2656928154647,2972.2641538022594,3004.2656928154647,405941
2023-11-15,3021.9150390625,3024.4850017228996,2985.5496530986666,2992.3378584785823,700017
2023-11-16,3035.588623046875,3045.8677637797387,3003.8780527490876,3024.6304723496687,675454
2023-11-17,3073.020263671875,3130.5746384925087,3050.4737259672515,3054.692205142539,1430175
2023-11-20,3045.33447265625,3075.9296944731177,3037.237018725364,3073.02046361227,406431
2023-11-21,3038.44921875,3061.3835608228896,3032.388321082343,3061.3835608228896,409069
2023-11-22,3038.206787109375,3061.4806341858593,3026.763764946007,3044.994992506683,489889
2023-11-23,3028.4609375,3075.4449708152783,3020.8968895466523,3052.75306370906,792460
2023-11-24,3041.261474609375,3044.8011810090325,3016.8725163420827,3023.6607219397665,756329
2023-11-28,3053.092529296875,3064.3899481700873,3041.2614673091102,3046.1101855815314,647883
2023-11-29,3053.092529296875,3074.0873847149296,3046.9345623893714,3053.092529296875,620725
2023-11-30,3025.503173828125,3058.5229930604996,3014.302823870463,3053.092570574263,1793116
2023-12-01,3077.38427734375,3094.064056839185,3045.23737137303,3051.734606209418,960196
2023-12-04,3097.89453125,3107.4948983946197,3070.69317533516,3093.4821504244937,1018189
2023-12-05,3128.63525390625,3149.3876720086314,3083.7846129165055,3100.270253928952,1005550
2023-12-06,3154.1396484375,3189.4867559220547,3135.1325788451045,3166.2129091169077,1229158
2023-12-07,3153.41259765625,3200.1056619119745,3148.612413712345,3184.6382973132445,1071725
2023-12-08,3134.21142578125,3170.8677825053214,3130.1385498683126,3156.5155293681837,895852
2023-12-11,3135.181396484375,3146.8183209377657,3089.1185705230364,3132.2721653710273,910426
2023-12-12,3127.1806640625,3158.503429592723,3112.8769460084113,3130.3323307523838,1019030
2023-12-13,3145.508544921875,3156.466694295893,3093.7728690147824,3141.969075695526,1052079
2023-12-14,3143.278564453125,3160.0066418292845,3120.6349563177837,3156.5154701101264,923107
2023-12-15,3213.63330078125,3225.7067983027605,3143.9088289191463,3151.666777910927,1631687
2023-12-18,3231.234130859375,3234.8706692706105,3196.274827581937,3212.760468379538,911936
2023-12-19,3235.113037109375,3252.422817530438,3200.2991013992273,3235.015968052263,780448
2023-12-20,3197.39013671875,3258.290084448081,3183.3288539880296,3235.1133062348345,979762
2023-12-21,3203.0146484375,3219.548824540799,3172.8557638502643,3180.7590796668132,1585879
2023-12-22,3240.204345703125,3249.4169099249393,3187.5472207476787,3209.754254538738,930563
2023-12-26,3280.98193359375,3289.273051540685,3243.986075120251,3248.5923569813467,600190
2023-12-27,3301.443603515625,3306.7771933993845,3252.520085478084,3278.751697620791,837182
2023-12-28,3294.46142578125,3316.474558021403,3270.9936781496267,3301.976938637179,779250
2023-12-29,3299.45556640625,3319.3838449572722,3281.5153096079625,3306.8257125492332,615676
2024-01-01,3293.34619140625,3308.5711179132286,3286.606284276378,3300.037327253673,283951
2024-01-02,3288.739990234375,3296.0613648725757,3243.7922805246862,3293.2492031873944,552394
2024-01-03,3271.527099609375,3296.1584923173427,3263.1872099581815,3288.7400484880545,379131
2024-01-04,3277.68505859375,3298.34064604322,3262.023793079595,3269.975643794998,777127
2024-01-05,3254.023193359375,3278.1211798339523,3246.7015818082987,3277.684842563503,416956
2024-01-08,3198.60205078125,3274.339117215186,3195.1596505600874,3253.4896307587587,545884
2024-01-09,3168.637451171875,3214.700275634205,3163.546296889196,3209.8515572697493,670704
2024-01-10,3187.402099609375,3193.365928521694,3159.6188012096304,3192.396184844645,691087
2024-01-11,3188.7109375,3209.0755536066436,3171.740424077797,3187.4019256597185,537469
2024-01-12,3178.62548828125,3195.256495633534,3145.848108602877,3195.256495633534,673004
2024-01-15,3174.84375,3187.741388338435,3160.006861048827,3182.892669922018,728116
2024-01-16,3197.1474609375,3219.5486319638285,3174.843358969076,3175.8616370618724,748215
2024-01-17,3144.19970703125,3204.372344482611,3096.4398349530143,3194.432472628765,2239241
2024-01-18,3068.123291015625,3159.3760189708214,2956.360344486807,3159.3760189708214,1979174
2024-01-19,3070.06298828125,3104.6827887757086,3053.3349105409116,3081.6513773940833,936201
2024-01-23,2962.27587890625,3014.933006427164,2930.1289716254496,2994.132052495245,2365225
2024-01-24,2908.697509765625,2962.566816246501,2886.0541378541334,2962.566816246501,2665932
2024-01-25,2859.9677734375,2924.746693170147,2853.276637309158,2918.976766109648,2001961
2024-01-29,2886.005859375,2898.030586860289,2851.0950852842175,2851.0950852842175,1862723
2024-01-30,2864.7197265625,2914.0795821882225,2861.7619611665878,2899.5334278678156,1273188
2024-01-31,2868.356201171875,2881.980909345077,2858.8526665437294,2876.2595168081757,1771244
2024-02-01,2840.718505859375,2882.902352407369,2831.602773978328,2871.4107960600127,3006472
2024-02-02,2847.458251953125,2872.720120721962,2835.5788925530705,2860.7436922579327,1881911
2024-02-05,2829.081787109375,2875.2899782299896,2823.8935637793356,2860.743823196786,923435
2024-02-06,2842.27001953125,2857.8344520040573,2814.8262276973805,2842.3185540630784,1471312
2024-02-07,2890.951416015625,2912.091876607469,2847.216115995794,2867.532199718446,1134012
2024-02-08,2840.9609375,2908.9883561526253,2831.457402895202,2908.9883561526253,1633654
2024-02-09,2862.343505859375,2869.4712157808985,2822.487187293678,2841.3486523278243,1144765
2024-02-12,2864.428955078125,2875.241502505769,2831.7001055839823,2862.343864095089,614469
2024-02-13,2881.68994140625,2891.0478716814137,2856.573442162681,2875.241004939995,717118
2024-02-14,2886.34521484375,2890.612229413864,2847.216196420264,2880.041880442445,750339
2024-02-15,2925.2802734375,2932.9896881534637,2877.6657652169315,2889.8360954529085,1068730
2024-02-16,2916.8916015625,2943.1717471196857,2909.2307220293437,2943.1717471196857,1179473
2024-02-19,2907.38818359375,2927.364758339173,2897.108807433223,2916.891480822631,560700
2024-02-20,2920.528564453125,2925.813857102718,2882.1753899295873,2907.388726518507,729371
2024-02-21,2910.9765625,2935.1716194376536,2893.230206192199,2920.916435003258,927130
2024-02-22,2926.10400390625,2935.607537757424,2843.3850710148417,2892.7449215042634,2615821
2024-02-23,2895.60595703125,2914.0796206125187,2876.453520256842,2908.261158807635,1650523
2024-02-26,2781.6611328125,2841.3489019778503,2761.6360210888265,2831.6514654523285,3524491
2024-02-27,2773.030517578125,2783.1642914278555,2763.866487383944,2768.618136594609,1296180
2024-02-28,2709.802978515625,2772.884606920704,2701.2206534128486,2763.91447910018,2472196
2024-02-29,2736.51953125,2752.132498830731,2692.7356998337673,2700.736085004787,2284424
2024-03-01,2746.0712890625,2759.841600078365,2729.8766191792715,2747.1863994399687,978174
2024-03-04,2746.0712890625,2774.387753282545,2742.434750761455,2773.466544263706,971299
2024-03-05,2735.06494140625,2749.077926785681,2720.130983648533,2748.2535499678943,736381
2024-03-06,2741.756591796875,2753.1025464869285,2693.705740931337,2742.386830542048,1723066
2024-03-07,2783.697509765625,2806.4379496015104,2739.5256418881363,2739.5256418881363,1564364
2024-03-11,2789.806884765625,2808.910785748724,2766.7754749722667,2807.9410421784773,866546
2024-03-12,2789.1279296875,2812.159339933572,2778.751720632663,2792.8615372078593,663186
2024-03-13,2773.612060546875,2799.8922067866856,2749.223103728549,2791.5040193551395,955841
2024-03-14,2804.740966796875,2810.365527107244,2755.0416065934555,2773.4667352542356,1381741
2024-03-15,2780.788330078125,2809.298697447771,2763.7692824093683,2807.4077447632003,1356226
2024-03-18,2760.375244140625,2779.2852449348434,2732.0102429492977,2779.2852449348434,940424
2024-03-19,2729.925537109375,2754.0720601180333,2716.2520564755673,2754.0720601180333,1199135
2024-03-20,2739.428466796875,2751.210993012205,2712.90612268788,2729.92516938527,818910
2024-03-21,2735.792236328125,2759.308520122843,2721.100714555841,2758.9207173597174,1167680
2024-03-22,2755.5263671875,2768.7632722790845,2723.0399574388525,2735.7919907431437,1652689
2024-03-26,2729.48876953125,2758.0962061556497,2724.979556425878,2734.676992569742,1372390
2024-03-27,2744.859375,2756.8358036641666,2732.4466090482824,2732.689044958457,1156231
2024-03-28,2760.61767578125,2781.224727896944,2733.7072900772264,2749.271722673019,1864623
2024-04-01,2784.1337890625,2799.116279866047,2766.0481661861677,2774.387818834666,558086
2024-04-02,2787.237060546875,2804.8863470503106,2769.5877740434394,2787.091693705646,562473
2024-04-03,2782.533935546875,2797.273991139584,2758.920583827355,2758.920583827355,816676
2024-04-04,2830.002685546875,2854.197740078373,2764.9813323361795,2783.1640241314635,1831347
2024-04-05,2796.206787109375,2839.1664705788717,2792.8612194576554,2835.529932532703,1155672
2024-04-08,2804.498291015625,2820.935396511587,2786.8490061061884,2820.0141875081044,570695
2024-04-09,2770.702880859375,2828.208724703413,2758.9205906132897,2805.4682842334787,1017670
2024-04-10,2809.104736328125,2811.383728459654,2771.5271723227,2796.0617324305517,740495
2024-04-12,2768.13330078125,2805.46843200566,2758.9207359336683,2802.5592010011605,1766311
2024-04-15,2758.33837890625,2767.163139656785,2727.2582884333397,2744.5680682464504,884519
2024-04-16,2744.3740234375,2755.4775388317476,2734.6765887257066,2742.0950315787177,911249
2024-04-18,2722.748779296875,2772.6905695780138,2715.37887074455,2768.617694226231,1732434
2024-04-19,2723.573486328125,2736.713559705892,2682.456214862923,2705.5846948592125,1337807
2024-04-22,2755.8662109375,2760.4724934830674,2728.9072888989917,2760.4724934830674,676040
2024-04-23,2787.915771484375,2790.8735368051066,2757.9507890475124,2765.7087378212045,929062
2024-04-24,2780.982177734375,2795.8678365290793,2773.4666649185992,2795.7222329384263,718441
2024-04-25,2774.873046875,2783.0673337415737,2743.453445879276,2778.3156843407432,1594152
2024-04-26,2758.096435546875,2791.1162557137577,2751.211397364389,2783.1644047651953,625507
2024-04-29,2781.418701171875,2786.9947271826154,2753.1022338246194,2758.096318941406,566219
2024-04-30,2788.8857421875,2823.8935835810903,2768.6181940673123,2768.6181940673123,1290649
2024-05-02,2885.375,2897.5938640075788,2788.109906752457,2788.109906752457,2493406
2024-05-03,2841.1064453125,2906.321705470283,2821.226700580388,2892.7938289667563,1594445
2024-05-06,2843.433349609375,2869.4710576593707,2823.1172703437205,2860.7433660341817,768806
2024-05-07,2824.86328125,2878.15064801001,2816.1355883110195,2857.8345656861484,629534
2024-05-08,2757.27197265625,2817.105104284615,2735.646643437831,2812.2563863770683,1652877
2024-05-09,2628.102294921875,2767.5997734377193,2621.992862728712,2742.4349736995487,3547959
2024-05-10,2687.401611328125,2708.1057292689165,2589.3121533058334,2617.337645096837,2478584
2024-05-13,2792.13427734375,2807.4077391369824,2670.770959764447,2687.4019679044427,2748823
2024-05-14,2779.430419921875,2800.619411486616,2756.0112075640454,2791.8917194148084,999330
2024-05-15,2728.567626953125,2787.2856515861504,2721.2460151352916,2779.4306334166413,1230520
2024-05-16,2728.906982421875,2751.744491196891,2702.2390338372884,2735.695187516133,1534319
2024-05-17,2724.882568359375,2752.3263608130333,2701.802859053989,2729.440552885526,1325150
2024-05-21,2765.51513671875,2780.20665910254,2716.252109306305,2729.828521134327,921822
2024-05-22,2798.437744140625,2807.407872922848,2750.7749383398536,2765.5149945014996,933846
2024-05-23,2815.892822265625,2832.863334324049,2790.2431528195093,2797.7101307744565,1181894
2024-05-24,2787.7705078125,2822.147872237353,2780.254994659862,2822.147872237353,755822
2024-05-27,2785.39453125,2810.6078643215383,2769.151326290451,2800.522389040641,817091
2024-05-28,2823.117431640625,2832.6209659706774,2777.345582519692,2788.8371385176015,1084544
2024-05-29,2812.402099609375,2833.30012371562,2793.928671509339,2808.3777579519647,1758297
2024-05-30,2796.449951171875,2822.778635534368,2788.013228058605,2788.2556639914797,1344426
2024-05-31,2794.025390625,2818.0750807849413,2769.20009493879,2796.449749779151,2520363
2024-06-03,2779.7216796875,2860.7438102052647,2773.515414936381,2860.7438102052647,952701
2024-06-04,2771.187744140625,2809.347250057113,2691.765836847094,2792.8616086173574,2683847
2024-06-05,2872.137939453125,2935.704676069066,2777.83037986443,2777.83037986443,2410576
2024-06-06,2816.9111328125,2872.137981054224,2795.0433682429434,2870.4409298288183,1689408
2024-06-07,2839.118408203125,2854.0526023152343,2801.4440098317837,2816.9113735429746,1600180
2024-06-10,2848.67041015625,2862.586089011269,2826.8026442368628,2839.4093112609035,876867
2024-06-11,2841.865478515625,2859.3919851600476,2834.571034370798,2854.1535631056568,855430
2024-06-12,2845.1455078125,2857.090801944555,2805.833439883359,2848.2786644471253,1701770
2024-06-13,2849.258056640625,2867.8614597595842,2844.3624242408987,2867.8614597595842,726380
2024-06-14,2860.615478515625,2870.161959889959,2844.459894651368,2849.2575178781026,982815
2024-06-18,2857.580322265625,2866.8820228178,2844.362116217797,2860.615709642566,741098
2024-06-19,2831.33984375,2859.049169468482,2822.478701768596,2857.0909166126817,1018294
2024-06-20,2854.64306640625,2863.4552041519732,2812.442622250583,2824.7797107124097,1129752
2024-06-21,2830.5078125,2866.8822647425595,2819.982203092219,2863.9448853729464,1722379
2024-06-24,2835.59912109375,2839.417618520189,2811.4635113745016,2822.821473482917,892125
2024-06-25,2798.783935546875,2834.5220507465415,2796.3851235684087,2815.9676524449383,1217792
2024-06-26,2803.58203125,2813.8628597635025,2784.6848415067448,2800.497639269212,960622
2024-06-27,2820.71630859375,2842.403862148031,2785.6145324874774,2801.035772869438,1628022
2024-06-28,2856.16064453125,2870.798536051804,2802.4554671595374,2805.1970688227893,1206712
2024-07-01,2866.686279296875,2877.65244700565,2827.717001344783,2828.9899134548477,1104110
2024-07-02,2864.532470703125,2874.715290282493,2851.2162552120635,2866.6865011090053,1064295
2024-07-03,2864.4833984375,2887.3948614683854,2855.1326931458952,2868.5466775372956,925189
2024-07-04,2873.637939453125,2906.487677567196,2861.9864310580756,2878.6315796478766,968666
2024-07-05,2874.6171875,2885.387578219812,2852.2932961527476,2875.8410955363424,817429
2024-07-08,2837.655029296875,2874.6170502293767,2830.360585557512,2874.6170502293767,828260
2024-07-09,2844.362060546875,2852.390848846916,2829.675165225635,2848.229561839231,685431
2024-07-10,2933.903564453125,2951.5768456553283,2833.9348918435644,2839.5158651062193,2299950
2024-07-11,2958.968994140625,2966.7530012359516,2910.942796262206,2936.4000827414584,1968980
2024-07-12,2936.546875,2988.2938013522385,2908.886553935714,2961.8573882996466,1879930
2024-07-15,2894.787109375,2936.399980049256,2871.3370806510006,2936.399980049256,2425341
2024-07-16,2912.362548828125,2952.99629549068,2880.1003809133895,2897.235093361455,2085611
2024-07-18,2870.358154296875,2896.1579924860052,2782.6773340515433,2814.988506473676,5384611
2024-07-19,2884.555419921875,2917.796713869977,2856.3565313883187,2863.944761097209,2164746
2024-07-22,2873.05078125,2911.2857168143782,2856.258619257172,2875.694374848,1616347
2024-07-23,2836.627197265625,2885.7792948789406,2825.7587985763644,2873.05065164211,1906312
2024-07-24,2851.99951171875,2865.9030592090458,2825.954653075666,2840.4457720414903,1476148
2024-07-25,2840.83740234375,2847.985073277743,2825.0246057053882,2831.682713411636,1239922
2024-07-26,2888.569580078125,2902.5711350519036,2840.151828635072,2841.620518197821,1359780
2024-07-29,2893.02490234375,2903.207960950221,2874.715285358313,2891.4094393032437,854408
2024-07-30,2942.323974609375,2969.4947334881667,2908.005544865272,2911.432487426561,2144591
2024-07-31,3020.06640625,3033.333616908847,2942.3238649463924,2942.3238649463924,3549501
2024-08-01,3034.655517578125,3063.63751572626,2998.8683996827003,3023.5423372686028,1675122
2024-08-02,3041.85205078125,3063.7356222427234,2996.126894030928,3005.918158390506,1348780
2024-08-05,3028.829345703125,3079.3523608179776,2991.524775315157,3005.868880678585,2019141
2024-08-06,3037.00537109375,3069.5613245357963,3021.6331341194955,3036.9563669638774,885743
2024-08-07,3036.711669921875,3053.4058236448914,2996.175930651477,3037.005455664756,1907105
2024-08-08,2942.66650390625,3025.206910515943,2927.9796073224807,3015.709431867347,1280109
2024-08-09,2977.132080078125,2989.0283712297555,2904.0891488223583,2975.5653820873727,1665414
2024-08-12,2989.468994140625,3019.626138272098,2941.002232193651,2956.962042017424,1736881
2024-08-13,2960.4375,2995.930829907535,2950.107669280076,2991.1329674036683,502260
2024-08-14,2962.68994140625,2971.45307555276,2931.553671677525,2971.45307555276,454671
2024-08-16,2984.524169921875,2990.252155227997,2940.3167066632855,2990.252155227997,514229
2024-08-19,3012.086669921875,3023.395627942857,2974.928869891109,2990.203098698877,542858
2024-08-20,3038.425048828125,3041.50944046779,3013.751110933483,3031.375386436018,668282
2024-08-21,3085.765869140625,3104.41827496269,3019.6748368105364,3036.270981564519,1186536
2024-08-22,3120.08447265625,3131.88275526211,3090.1721114981524,3100.893498424877,1540888
2024-08-23,3088.801025390625,3131.8338222301445,3083.0242752049576,3123.4132395089528,779284
2024-08-26,3105.152587890625,3111.125115472425,3075.925569386867,3089.1437757171943,472874
2024-08-27,3100.10986328125,3136.7780980098746,3084.248063904361,3088.164569382335,1003501
2024-08-28,3060.259765625,3099.4248242156254,3053.6996661199796,3087.136739273907,538366
2024-08-29,3050.811279296875,3078.3245894258002,3028.1443582967177,3060.25975402824,849866
2024-08-30,3061.532470703125,3100.648522515117,3045.768440069131,3064.714631498317,1567031
2024-09-02,3085.178466796875,3117.5386440612565,3074.065524918924,3082.2900915530263,702358
2024-09-03,3088.9970703125,3108.2858129061433,3081.800395534344,3098.886103691147,577471
2024-09-04,3164.19384765625,3184.119166223837,3089.6334652580927,3089.6334652580927,2379110
2024-09-05,3170.65625,3189.0148710723383,3149.8498127846833,3172.369721300085,1482119
2024-09-06,3205.365966796875,3217.311260765833,3158.0253499809933,3170.411203009902,2131256
2024-09-09,3212.268798828125,3244.8247502297972,3189.993674184876,3205.3659101957087,1272289
2024-09-10,3226.2705078125,3240.9083997547514,3202.6244617108327,3221.3258716595565,928920
2024-09-11,3297.1591796875,3312.3356390339472,3245.8040473208475,3245.8040473208475,2561892
2024-09-12,3312.629638671875,3322.1761217804396,3270.5762044794674,3299.656212908954,1643536
2024-09-13,3287.95556640625,3299.3622937337923,3251.5808759906813,3285.5077503235552,1029400
2024-09-16,3266.170166015625,3324.0363976671415,3261.078756118835,3289.8649790678583,1019280
2024-09-17,3243.64990234375,3279.9753474232057,3232.8795122206266,3266.169808964826,586834
2024-09-18,3206.296142578125,3255.4484786711946,3183.6784663592844,3243.6499578437183,410510
2024-09-19,3225.095703125,3250.6997637791187,3206.639074209824,3225.242476472415,963456
2024-09-20,3237.921875,3255.3993761794713,3197.8757024120955,3235.033500041011,1504277
2024-09-23,3209.037841796875,3255.4973426803335,3204.876554506199,3247.713335439624,522775
2024-09-24,3180.593994140625,3228.913975957664,3173.446562898951,3209.0376629036864,1057933
2024-09-25,3177.020263671875,3184.118929797654,3139.813461909172,3184.118929797654,740636
2024-09-26,3208.646240234375,3217.2626004258645,3159.738924008051,3182.1608231130963,951080
2024-09-27,3241.642822265625,3268.2750133045993,3208.6463094431497,3222.2560711777446,1315996
2024-09-30,3259.60986328125,3287.906521226102,3236.1595942661793,3241.6427978407737,1088162
2024-10-01,3208.93994140625,3259.4627192551634,3176.3349850997006,3247.7622068074065,968660
2024-10-03,3083.562744140625,3158.5636811251156,3061.238614956061,3125.6651783140173,1741363
2024-10-04,3008.365966796875,3090.857368815634,2990.7906951252285,3069.5613688879425,1551818
2024-10-07,2998.329833984375,3033.872170298019,2974.586018660962,3010.813695649262,909812
2024-10-08,3023.59130859375,3034.3126947984106,2982.0762060642724,2994.168512647157,817718
2024-10-09,3014.58349609375,3081.0170807545574,3007.6316028426045,3030.9348596195773,1225598
2024-10-10,2995.245849609375,3030.396393907969,2979.481817984475,3025.549765739546,1161933
2024-10-11,2973.802734375,3000.0433704107377,2962.8365662085157,2995.3435157552335,976017
2024-10-14,2975.7119140625,2991.231163178308,2954.2201373110906,2973.606887912446,716011
2024-10-15,3003.07861328125,3032.15861893477,2984.034413970068,3010.813616059169,1242322
2024-10-16,3017.765625,3038.7678388325867,3002.0996023303546,3023.5423752416177,764001
2024-10-17,2992.063232421875,3020.6046687633752,2973.606605845825,3018.5484078929285,674481
2024-10-18,2929.69287109375,3004.938828213083,2918.384152760825,2993.1893117782324,899318
2024-10-21,2985.552001953125,2993.1892352494165,2937.91760090921,2944.2819221487002,806970
2024-10-22,2944.086181640625,2994.1193950477304,2932.7282202836327,2990.2518937471714,541838
2024-10-23,2927.2939453125,2963.3258421185824,2910.0124611803,2937.329990209812,624689
2024-10-24,2909.963623046875,2939.6312003908815,2889.4019689136367,2927.2941122931275,571259
2024-10-25,2896.255859375,2952.6046308847276,2890.381101039554,2913.3905711867183,1047769
2024-10-28,2939.19091796875,2958.6264351591944,2901.2007627569997,2925.5319123447175,504961
2024-10-29,2930.378662109375,2964.794860863872,2879.70886883008,2956.961849342435,613459
2024-10-30,2934.09912109375,2943.254048832852,2901.6901796846887,2943.254048832852,812725
2024-10-31,2874.372314453125,2933.9522513847237,2858.0699555454726,2931.700212860588,1031171
2024-11-01,2878.48486328125,2903.8441416051287,2868.8403725543376,2896.2559119507614,112249
2024-11-04,2854.447021484375,2900.3189463582526,2825.2690092067974,2900.3189463582526,1146008
2024-11-05,2827.03173828125,2857.8742202713024,2812.73639704265,2834.570963847689,935417
2024-11-06,2836.82275390625,2847.1525844609255,2800.301294114663,2830.164647076376,1817087
2024-11-07,2783.509521484375,2844.3131261788453,2766.032020005644,2839.4664984128735,1112489
2024-11-08,2711.6416015625,2787.5729028364462,2704.7387125294986,2783.5096238329847,2060410
2024-11-11,2490.016357421875,2544.504644081364,2453.6906736192004,2511.508133350377,8854840
2024-11-12,2423.191162109375,2482.085521771461,2418.442303264501,2482.085521771461,3445898
2024-11-13,2418.931640625,2445.857615171524,2399.9366851081686,2418.442077451427,1803766
2024-11-14,2431.3173828125,2449.52922765963,2414.72123979145,2430.974832033276,1206967
2024-11-18,2431.856201171875,2467.398537436715,2419.2255661813806,2467.398537436715,945471
2024-11-19,2436.024658203125,2455.1503504239377,2424.8926681984503,2440.2421664298527,941508
2024-11-21,2381.540771484375,2418.6152360227406,2378.4513325454554,2407.5811834490764,1377572
2024-11-22,2424.7451171875,2446.077617527462,2376.440489980919,2383.3552103957572,3805843
2024-11-25,2412.485107421875,2459.8089309547604,2403.020438497,2456.9156051788345,1857124
2024-11-26,2456.915771484375,2469.666232573915,2410.425724524224,2412.6813837689556,1152258
2024-11-27,2444.0673828125,2469.3231063864,2432.3959014862803,2469.1760814482705,864653
2024-11-28,2410.866943359375,2457.896478934162,2406.2081212225285,2452.01165097183,1506133
2024-11-29,2432.003173828125,2443.674652747488,2407.9243730876065,2410.86678687779,1030854
2024-12-02,2431.4638671875,2438.280411759127,2414.103672404123,2432.0033576473265,914624
2024-12-03,2421.9990234375,2446.126914769866,2416.2123715058397,2446.126914769866,1341985
2024-12-04,2412.240234375,2431.5131917036847,2406.1102045861603,2431.3168391870113,1005012
2024-12-05,2405.129150390625,2419.5469310678895,2377.3723304944847,2417.6834979870496,3190834
2024-12-06,2383.06103515625,2420.6259015352716,2380.4129104643857,2420.6259015352716,1735948
2024-12-09,2345.937744140625,2392.182588518261,2341.180745712624,2391.348808767617,2301281
2024-12-10,2343.044189453125,2358.4918630654356,2339.2682351315643,2353.833040864897,1657888
2024-12-11,2370.899169921875,2381.3937319700995,2346.7221912027503,2353.686000121601,1337700
2024-12-12,2343.681884765625,2368.643316127544,2335.0016675148786,2366.6817067560096,1089028
2024-12-13,2361.43408203125,2365.7006777915526,2308.814011410164,2343.681662574433,1150861
2024-12-16,2356.13818359375,2373.4983795782646,2340.3471315186207,2373.4983795782646,987775
2024-12-17,2310.775634765625,2353.832860871112,2305.3812094722416,2342.1613819271274,1258218
2024-12-18,2300.42822265625,2327.1551494176,2296.0636898466246,2311.560451235801,855682
2024-12-19,2247.857421875,2280.3710029744066,2221.866096464754,2280.3710029744066,2784409
2024-12-20,2238.53955078125,2273.505140179618,2232.3113455775715,2252.9082428785946,1719502
2024-12-23,2235.449951171875,2258.3518359488926,2222.5524655707823,2255.8507361549114,855647
2024-12-24,2240.15771484375,2250.946565484416,2233.4391075267267,2238.2942818784254,601558
2024-12-26,2218.972412109375,2243.541617232668,2213.1857602794494,2240.1578889777365,1267334
2024-12-27,2227.799560546875,2246.8273142100848,2216.6675715702577,2226.6717309940805,821790
2024-12-30,2244.326416015625,2254.6739537738313,2213.480155249782,2236.47997820152,1076940
2024-12-31,2237.558837890625,2253.545762506832,2229.3690230843895,2236.234655799564,685486
2025-01-01,2260.411376953125,2278.605351392144,2236.2346377260815,2236.2346377260815,1067328
2025-01-02,2298.270751953125,2302.880486430423,2249.9661175634137,2269.582212747053,1342922
2025-01-03,2291.110595703125,2303.8610562723675,2277.5754435156923,2299.0061211003162,1355319
2025-01-06,2223.631103515625,2295.0828160270576,2213.3817431041325,2291.11050941616,1190987
2025-01-07,2248.5927734375,2271.543505823445,2228.3881024312896,2228.3881024312896,740798
2025-01-08,2289.54150390625,2293.121345211807,2229.0747516227793,2243.1493945831817,1439632
2025-01-09,2305.087158203125,2316.072122953004,2276.7419981529406,2296.9464313017265,1362304
2025-01-10,2276.202392578125,2303.8119477071496,2271.5435704883926,2290.767437419308,1214334
2025-01-13,2209.40966796875,2257.7143006745455,2203.279638437558,2247.759228497601,1181928
2025-01-14,2196.953369140625,2242.462849427957,2194.0600432596334,2225.445792649132,1316807
2025-01-15,2186.900146484375,2210.488546922533,2177.386388981929,2205.829724693855,1308999
2025-01-16,2173.071044921875,2196.8555595078333,2165.420720174505,2196.0217797097066,1936087
2025-01-17,2217.599365234375,2225.4948907413877,2170.030338602855,2182.9278242686637,878848
2025-01-20,2236.774169921875,2243.002135992532,2207.791343619666,2228.6334431540586,555716
2025-01-21,2216.9619140625,2270.562793071887,2211.7145133378426,2236.774120348776,1410294
2025-01-22,2218.678466796875,2226.426728351718,2201.8084339437387,2226.426728351718,835523
2025-01-23,2232.65478515625,2257.6162158801017,2203.0833809637184,2218.678318741337,1142465
2025-01-24,2218.972412109375,2252.467035601808,2211.7636413843934,2239.177084297799,543202
2025-01-27,2208.28173828125,2234.027861145955,2203.0834255834275,2212.0088439582323,1097939
2025-01-28,2198.76806640625,2223.5333855549316,2191.215917962656,2216.6186643968203,897501
2025-01-29,2180.475830078125,2203.6720044488325,2169.5890417951073,2198.7679810454188,1281088
2025-01-30,2206.663330078125,2215.882797557259,2172.482193909186,2180.47565563555,1155718
2025-01-31,2256.63525390625,2260.7545853031547,2191.9512389334363,2211.714355687034,1292909
2025-02-01,2306.018798828125,2343.142351284642,2241.4329551285223,2267.6203918669285,1318619
2025-02-03,2248.24951171875,2319.0635612195833,2233.978755835528,2306.01881117763,1070382
2025-02-04,2309.15771484375,2372.174418827752,2220.29671040911,2260.4115281362806,5373733
2025-02-05,2231.52685546875,2251.4863273419555,2194.305364161954,2225.445914083573,3474642
2025-02-06,2219.953369140625,2254.771937667948,2216.8639299685055,2243.296570015997,1285954
2025-02-07,2227.407470703125,2232.6057834969856,2200.141052188956,2222.503447209723,1336756
2025-02-10,2226.57373046875,2234.273143271832,2210.7338300854735,2227.456598385804,1181565
2025-02-11,2197.836181640625,2239.0788253452492,2183.271136899819,2235.2537830164815,1607942
2025-02-12,2185.47802734375,2204.7998316412377,2143.744740335438,2198.8170667681698,1181706
2025-02-13,2193.4716796875,2206.7616321381893,2177.3865773303783,2185.4782166380246,921923
2025-02-14,2188.4697265625,2207.3502183450614,2160.712903739357,2193.4716872063455,1380052
2025-02-17,2207.644287109375,2216.6185540575925,2183.320283404085,2188.469507921254,923900
2025-02-18,2194.648681640625,2208.723085343409,2176.1604173554124,2204.8489546884357,735853
2025-02-19,2196.119873046875,2206.614435319362,2183.3694121007593,2194.6486660146306,645234
2025-02-20,2205.87890625,2213.774432147032,2188.2244212672454,2196.119947164277,637442
2025-02-21,2214.2646484375,2222.3071985851752,2194.0599770955964,2205.8787208845265,755585
2025-02-24,2203.08349609375,2215.6378442975797,2197.9833594824595,2202.7892067893094,765042
2025-02-25,2182.045166015625,2213.774292529145,2175.130445275953,2203.083378069052,947702
2025-02-27,2171.158203125,2185.6250722817654,2155.8087055302076,2171.501580547716,1027196
2025-02-28,2137.908935546875,2168.902458264366,2134.0348050707535,2167.578276205342,1701193
2025-03-03,2124.815185546875,2151.2480635171437,2088.1331859068287,2137.909023945707,959068
2025-03-04,2091.173583984375,2118.390911641438,2083.964574390805,2112.702197069112,2180989
2025-03-05,2122.608154296875,2140.9003035438814,2083.9645492939253,2091.075382560136,1535212
2025-03-06,2224.1708984375,2231.3308210508503,2141.1949597096755,2147.81539181609,1985096
2025-03-07,2226.4267578125,2234.224107597683,2204.849053551762,2224.170859021657,921429
2025-03-10,2234.86181640625,2248.985309133705,2218.433336716765,2226.426799709337,1072395
2025-03-11,2243.492431640625,2246.92524787127,2214.558694839471,2230.3497452821425,601228
2025-03-12,2208.085693359375,2251.8785279157673,2203.8681852119953,2243.4925997474033,749216
2025-03-13,2188.4697265625,2213.8724742700488,2179.8385967138997,2211.959952863452,747470
2025-03-17,2176.945068359375,2196.2668726021657,2153.8961584537587,2162.6743124205764,838015
2025-03-18,2176.945068359375,2176.945068359375,2176.945068359375,2176.945068359375,0
2025-03-19,2236.921142578125,2244.031976370776,2224.3179463561214,2230.3497992399066,663292
2025-03-20,2243.29638671875,2262.7163670183427,2225.2005885014587,2246.0426876775055,1166849
2025-03-21,2256.242919921875,2270.072361261491,2234.1259666391193,2247.6608792387738,1624115
2025-03-24,2277.9189453125,2285.520181836148,2257.910624954544,2258.204674804942,1100353
2025-03-25,2286.010498046875,2299.4965623386884,2263.697191673147,2280.3708711612076,1828005
2025-03-26,2278.55615234375,2296.014522433612,2259.773839692245,2295.082805937436,1934287
2025-03-27,2293.219482421875,2304.9891383988142,2246.53308459831,2270.562798884561,1497861
2025-03-28,2295.72021484375,2318.6220982712343,2280.3707184774194,2298.956917947923,1281871
2025-04-01,2271.54345703125,2316.366179428107,2261.490209866064,2297.04437666977,970583
2025-04-02,2262.372802734375,2283.7053024819415,2248.1511362359975,2283.3130764292014,792693
2025-04-03,2304.302490234375,2309.6969161401757,2245.846673182262,2250.946809784164,608846
2025-04-04,2310.8251953125,2318.573457445355,2258.597339749077,2304.3026997244897,1163188
2025-04-07,2296.4072265625,2308.8143104866754,2147.9623364340778,2147.9623364340778,1745817
2025-04-08,2348.24267578125,2373.5474861275156,2310.77598236216,2310.77598236216,1876867
2025-04-09,2364.866943359375,2382.8157156416073,2345.0056499754683,2353.931067722282,1186937
2025-04-11,2347.654052734375,2401.0097287015974,2334.5602151723765,2392.6728893658283,968152
2025-04-15,2369.329833984375,2378.451365462363,2339.2191779908185,2368.5451423440904,1141122
2025-04-16,2412.681396484375,2421.1164127236184,2357.560219989948,2358.9334902486225,1166695
2025-04-17,2420.527587890625,2428.8644270296563,2384.335993762884,2412.68115105389,885840
2025-04-21,2398.0673828125,2423.4701276094634,2394.144164190312,2418.566104331728,541913
2025-04-22,2385.31689453125,2402.971378125643,2367.172008614791,2398.067354904978,543647
2025-04-23,2406.011962890625,2409.4447791373664,2379.0398352376574,2390.2209123739117,744684
2025-04-24,2417.094970703125,2443.1844711141525,2389.1420371717104,2402.9714790163284,1203452
2025-04-25,2384.9248046875,2421.3125153908227,2367.3682568820964,2416.9970704918337,702217
2025-04-28,2405.129150390625,2412.5833616225136,2358.835218117182,2373.4491118364936,554920
2025-04-29,2404.050537109375,2424.549259908607,2394.7328922998554,2412.7796033071086,1235066
2025-04-30,2379.1376953125,2414.9370635884297,2355.4022716341037,2402.9712952336267,1479669
2025-05-02,2363.7392578125,2397.969245058867,2351.969601757002,2378.451327881872,744673
2025-05-05,2390.123046875,2427.491804372511,2376.588132620112,2376.588132620112,1229588
2025-05-06,2371.585693359375,2402.8732665678112,2345.202143503626,2395.125005452272,702802
2025-05-07,2289.29638671875,2359.521860813671,2273.9957373452403,2342.1616652061393,1711738
2025-05-08,2258.401123046875,2304.008544122107,2249.4757040009754,2277.4286394986984,2292261
2025-05-09,2255.45849609375,2287.040358313372,2201.9064657768918,2203.4758490175027,1503010
2025-05-12,2311.16796875,2332.8438471773284,2276.4475801129197,2285.2748219143054,940135
2025-05-13,2279.978759765625,2312.73754180249,2270.661114877108,2308.8143229020616,1220489
2025-05-14,2238.490478515625,2274.4859609248783,2233.3903422767617,2274.4859609248783,1549845
2025-05-15,2285.1767578125,2290.6693598735023,2224.4650431141526,2241.1387228905814,1675015
2025-05-16,2308.421875,2309.7949057015176,2270.562720466672,2289.0998322084342,785113
2025-05-19,2286.648193359375,2333.236420919726,2281.9405219272385,2308.4222512773326,552961
2025-05-20,2251.53515625,2302.634932707437,2247.415585328712,2302.438819676483,1095824
2025-05-21,2268.0126953125,2271.739801067979,2246.042765786948,2251.92759399425,469330
2025-05-22,2255.06591796875,2265.658655678356,2239.2751073744516,2264.8739640972276,916504
2025-05-23,2271.05322265625,2284.294085755304,2250.946726839168,2257.6162465132484,458035
2025-05-26,2282.528564453125,2293.1213027072104,2258.5970264512307,2271.5436001154403,1258062
2025-05-27,2282.921142578125,2306.4604556573113,2256.929817719857,2268.69947425945,2485428
2025-05-28,2258.989501953125,2288.2175320363026,2256.1452638973333,2282.921282051625,774808
2025-05-29,2250.26025390625,2264.678034995227,2242.609929413853,2258.989319887841,1414643
2025-05-30,2215.736083984375,2259.774121030027,2211.7146887685376,2252.4180854797987,3610431
2025-06-02,2223.18994140625,2228.6825434481884,2214.55881224932,2215.7359694399283,702789
2025-06-03,2212.40087890625,2243.3943999159437,2203.5736375438464,2228.9766202482006,792587
2025-06-04,2205.829833984375,2217.599490724176,2197.8852199032976,2206.3202363485334,768079
2025-06-05,2200.435302734375,2217.5993846589804,2190.136853579612,2207.889514094768,996614
2025-06-06,2202.1025390625,2209.360637101461,2196.0215981598762,2205.92782084708,822087
2025-06-09,2204.750732421875,2212.499233024373,2193.0792525749403,2197.002471273643,1041851
2025-06-10,2196.386474609375,2217.272486211869,2192.724063924676,2217.272486211869,1809051
2025-06-11,2186.38916015625,2203.3155154352885,2184.805297383034,2186.5870825870197,1430888
2025-06-12,2196.881591796875,2240.0393173786465,2185.69643634893,2201.4350162837427,3417373
2025-06-13,2191.734375,2194.605096200665,2152.7342294653854,2152.932151905266,1786807
2025-06-16,2222.023681640625,2227.170872658067,2186.8838745386865,2191.7340611070726,1301826
2025-06-17,2241.821044921875,2257.85662893849,2204.4045211074163,2208.3639365023105,1540986
2025-06-18,2258.25244140625,2260.826158041413,2232.120396840362,2234.1001045094,1131156
2025-06-19,2244.98828125,2261.8157948219796,2241.028866291887,2246.9679887290563,524926
2025-06-20,2262.5087890625,2266.666126702171,2240.0391560683156,2243.9985712801026,1945026
2025-06-23,2241.1279296875,2249.7396088170535,2231.0312282974974,2238.257208868643,596186
2025-06-24,2252.21435546875,2286.2652288580507,2245.8791462744125,2281.612964421652,1044179
2025-06-25,2256.767578125,2271.021617818927,2252.313236032559,2253.006327022203,807368
2025-06-26,2266.567138671875,2269.3387774722814,2257.0644461171983,2263.7954998714686,921519
2025-06-27,2334.76806640625,2340.5092666724286,2253.9961428230686,2259.836183469298,1555059
2025-06-30,2317.346923828125,2345.854521118067,2302.49911621314,2338.0347724395892,785414
2025-07-01,2345.458740234375,2375.6492832084828,2326.3545122491983,2356.3471327824136,1232160
2025-07-02,2394.85205078125,2405.344597129607,2303.389661531109,2316.2577601988805,1936030
2025-07-03,2406.235595703125,2439.3956992426974,2400.395554730226,2404.255888029121,1547480
2025-07-04,2399.603515625,2418.2128152580945,2387.527347688303,2406.2354877025405,602309
2025-07-07,2418.014892578125,2440.088680482908,2396.4360315695767,2398.7127436249625,869054
2025-07-08,2459.390869140625,2462.7562754239448,2412.570735668228,2415.7382195225628,1136367
2025-07-09,2473.545654296875,2509.2794744445164,2467.6065312804385,2494.926593821461,2328636
2025-07-10,2426.32958984375,2486.512749306158,2420.2916266528655,2481.8604847719294,932859
2025-07-11,2414.451416015625,2459.5888473703967,2410.7890051739755,2422.6672511448596,1050411
2025-07-14,2377.233154296875,2423.7562862541863,2366.740606594277,2406.4338435041236,891618
2025-07-15,2369.215087890625,2390.4969447486355,2362.088188810415,2385.448593665743,610228
2025-07-16,2386.042724609375,2397.8218888536676,2346.9434972200074,2356.842035799594,1200909
2025-07-17,2374.560302734375,2389.507192526197,2369.7101155375785,2379.707736082246,526163
2025-07-18,2358.2275390625,2380.5983310634733,2348.230160923921,2376.2430711148772,599552
2025-07-21,2351.298583984375,2383.567914037501,2336.8468637229585,2358.22756047867,390931
2025-07-22,2341.2021484375,2356.643964310425,2337.341815301031,2351.298608817401,411317
2025-07-23,2351.298583984375,2360.5042725166427,2328.7301110194885,2339.0244937170323,368999
2025-07-24,2328.2353515625,2355.8521774818505,2317.2478770945427,2351.298753078445,506960
2025-07-25,2312.496337890625,2326.651295187884,2302.2019553090836,2316.25783056356,383636
2025-07-28,2335.6591796875,2342.3899923596205,2296.46087159317,2312.496455208657,650364
2025-07-29,2377.1337890625,2393.7633804542284,2301.409976918723,2335.065004538179,1742815
2025-07-30,2391.288818359375,2419.004724295606,2342.4889785032356,2384.5577642993003,1685818
2025-07-31,2371.788818359375,2392.674588818769,2349.418025516724,2377.0348502382585,1274735
2025-08-01,2406.33447265625,2446.9184765142945,2353.872223766583,2353.872223766583,2225293
2025-08-04,2424.94384765625,2441.969284403293,2414.8473873951507,2418.4107160183803,1165898
2025-08-05,2412.07568359375,2438.70265299389,2384.65678285524,2436.920867898437,659094
2025-08-06,2465.923828125,2480.1778683627604,2415.243360050098,2415.243360050098,2019109
2025-08-07,2481.068603515625,2484.5330918907716,2441.8702955199838,2458.8959745801,1502806
2025-08-08,2450.482177734375,2486.215755117334,2443.454119049418,2481.0685636610756,1178226
2025-08-11,2463.84521484375,2478.791862374858,2427.121541831701,2438.9007055038905,721135
2025-08-12,2453.15478515625,2477.406203891745,2448.898365372008,2463.8452548090927,608984
2025-08-13,2474.832275390625,2478.9896127709208,2436.2279794842134,2454.639355735753,350844
2025-08-14,2503.043212890625,2509.1802580128915,2472.357745615771,2479.583726564812,1088550
2025-08-18,2561.147705078125,2568.6706908574174,2510.863323805654,2524.127268472607,1755615
2025-08-19,2553.228759765625,2568.670575497609,2535.2134691873252,2561.1475900561763,698587
2025-08-20,2544.023193359375,2553.1297994329543,2537.3909799718176,2551.8429412384953,308028
2025-08-21,2540.558837890625,2549.863366865174,2533.3328568800803,2548.7744310291314,781082
2025-08-22,2479.0888671875,2543.231442409305,2475.7234608988533,2536.797392644195,523774
2025-08-25,2467.6064453125,2496.9062145049056,2450.878012731079,2490.4721647945858,766497
2025-08-26,2456.22314453125,2497.6981641187676,2442.9592001585233,2455.9263817194274,7106393
2025-08-28,2463.74609375,2502.350391723584,2439.989602689333,2439.989602689333,1485769
2025-08-29,2493.0458984375,2505.913997946369,2464.7359828525773,2465.725836660952,1798653
2025-09-01,2544.122314453125,2551.6453003711945,2489.581512369503,2492.451991866285,1314833
2025-09-02,2514.228515625,2545.804753466854,2505.3198319082185,2542.9342742679623,1024054
2025-09-03,2527.987548828125,2539.074104831537,2501.6575824788406,2504.330139433277,925847
2025-09-04,2542.53857421875,2556.792372311873,2527.0967582315957,2527.9875299885935,933071
2025-09-05,2553.723876953125,2575.5997439262933,2538.9751511033596,2538.9751511033596,1153436
2025-09-08,2505.1220703125,2563.3255226646506,2500.7665685510233,2553.7237473782398,742880
2025-09-09,2511.55615234375,2525.711110339231,2499.1829795616045,2514.2287093319874,702450
2025-09-10,2517.4951171875,2529.0763578516126,2499.4798270807123,2511.5559946250305,520584
2025-09-11,2529.96728515625,2533.5308555782876,2509.9722862990047,2515.21855988452,423961
2025-09-12,2520.46484375,2542.241627907083,2511.4570772741577,2534.0257928242045,547539
2025-09-15,2477.208251953125,2517.693176286382,2472.654827742631,2509.378500912947,583051
2025-09-16,2455.72802734375,2484.433785575144,2449.3930601236043,2469.6850616320035,760790
2025-09-17,2468.29931640625,2471.5656403296753,2455.629140541995,2456.816916665378,359627
2025-09-18,2453.550537109375,2480.7715162918726,2444.246008163312,2472.555681514996,400796
2025-09-19,2456.52001953125,2484.038002298662,2443.4539982762494,2449.8880476944364,3731525
2025-09-22,2457.510009765625,2477.6040904741294,2448.9974119838466,2468.794488216161,872806
2025-09-23,2422.072998046875,2458.598745723832,2403.364859193842,2447.017505402264,1332111
2025-09-24,2432.268798828125,2449.8882454513505,2418.4108451164807,2421.182484191517,637749
2025-09-25,2379.6083984375,2437.7127648253804,2363.770738547733,2433.5554274370193,1518215
2025-09-26,2319.029541015625,2375.64913028812,2315.26804822663,2373.174495777403,1089446
2025-09-29,2318.83154296875,2339.7173125599843,2305.5673574257466,2319.1283057695373,950369
2025-09-30,2326.156494140625,2364.562870972334,2316.257955867686,2328.136201795213,778874
2025-10-01,2312.1005859375,2333.0854384512804,2297.648623594792,2329.52186805722,648279
2025-10-03,2333.877197265625,2338.727383927802,2312.397419433324,2318.435382251186,659872
2025-10-06,2330.90771484375,2335.2629747830006,2310.4177900590857,2331.1056372658036,362107
2025-10-07,2328.927978515625,2347.339113482409,2322.1969246043586,2331.1056084583392,498524
2025-10-08,2304.87451171875,2345.3594343916707,2296.4607546435473,2336.0549055856777,701799
2025-10-09,2312.6943359375,2317.2477601110313,2300.2223229785895,2304.8745875346162,587567
2025-10-10,2316.455810546875,2333.8773340631014,2312.8924818709593,2315.168952276326,1117236
2025-10-13,2318.732666015625,2342.588240696399,2313.2884697880536,2316.4559538059325,667732
2025-10-14,2294.580322265625,2331.105832918551,2284.5827016458666,2318.6335776566284,353345
2025-10-15,2351.001953125,2359.8115556396165,2301.4101790528975,2306.359448255162,753640
2025-10-16,2385.250732421875,2396.238206630707,2342.8849400478784,2352.88256042397,715890
2025-10-17,2482.35546875,2518.1881288546115,2396.4361084736693,2396.4361084736693,3719960
2025-10-20,2490.471923828125,2511.357933686202,2475.32711379647,2482.3551717731507,714986
2025-10-21,2479.187744140625,2493.639463573223,2458.796660675737,2487.5024187915164,107942
2025-10-23,2477.010009765625,2520.1677313672517,2471.466973579269,2493.342597184148,811738
2025-10-24,2476.21826171875,2481.2663708946784,2461.073450863935,2469.6851302398836,327596
2025-10-27,2493.243896484375,2504.3302111417024,2474.23875111988,2476.2184587966717,550089
2025-10-28,2483.840087890625,2502.944313788174,2466.715569512749,2489.4822059889902,1103957
2025-10-29,2512.94189453125,2524.9192226571176,2487.0077722636356,2494.4316760614374,615292
2025-10-30,2497.896240234375,2512.941970721386,2487.7997790959557,2509.774486670996,736486
2025-10-31,2485.324951171875,2504.330095659989,2479.8807553117445,2497.796963962423,609128
2025-11-03,2486.710693359375,2489.7793368360453,2469.6852561586425,2470.873032398037,425210
2025-11-04,2461.46923828125,2495.421269776721,2454.5402621255826,2484.5328786749587,527087
2025-11-06,2576.490478515625,2604.305468247461,2534.124927247066,2534.124927247066,4448622
2025-11-07,2587.27978515625,2592.327894293041,2558.7719487676445,2576.490234261984,791663
2025-11-10,2623.508544921875,2639.7422930448206,2584.6074819840737,2587.2800390438674,1706880
2025-11-11,2630.239501953125,2637.8613279758315,2606.6809328855093,2623.5084476961592,776404
2025-11-12,2741.697265625,2809.8980998107063,2615.292976226382,2633.0112636282392,2859196
2025-11-13,2850.184814453125,2867.705419302586,2811.18467304877,2829.892812411752,5933630
2025-11-14,2876.9111328125,2880.375621287305,2832.9617185403913,2836.0303621406333,2494076
2025-11-17,2858.5986328125,2897.2029302084065,2850.7788846207886,2876.9109277310713,1230683
2025-11-18,2881.00439453125,2890.918380747806,2837.48209185684,2861.1764220981377,1819066
2025-11-19,2868.81005859375,2890.9182956137456,2862.365967742759,2888.935498428825,1387906
2025-11-20,2835.201904296875,2881.10371014527,2827.964645752369,2872.4783482680073,1062883
2025-11-21,2851.857421875,2870.693996016735,2829.550952496629,2844.3226954020324,857340
2025-11-24,2854.434814453125,2871.5860587238258,2839.8613033711026,2851.2623873259877,5404326
2025-11-25,2851.064208984375,2883.4828955546254,2844.322649938532,2874.9567705789004,972417
2025-11-26,2849.27978515625,2871.288787280634,2833.020943741294,2855.228177192067,570376
2025-11-27,2854.3359375,2889.4313527396475,2846.701974295966,2855.2280994648086,1158685
2025-11-28,2849.676025390625,2865.0427036171095,2831.236156743247,2855.227954340334,748446
2025-12-01,2842.934814453125,2862.663550417217,2823.5033044461416,2852.947795413725,499153
2025-12-02,2928.988037109375,2936.522763568836,2836.589732524731,2842.339893028985,2102147
2025-12-03,2928.095947265625,2943.66085784583,2907.3758120528328,2943.462626521632,1252456
2025-12-04,2931.763916015625,2960.0187763517797,2908.763516711522,2924.6258944441,1466098
2025-12-05,2942.966796875,2947.923789963892,2915.703334886096,2929.5829155349925,944978
2025-12-08,2903.112548828125,2948.91511542508,2889.728667820144,2944.453821755753,983544
2025-12-09,2771.95068359375,2888.4400274143027,2764.515193562651,2884.9701320664567,1839391
2025-12-10,2780.37744140625,2799.709714577019,2772.644483729807,2785.830133839031,845073
2025-12-11,2755.4931640625,2787.416392522806,2739.4325551970373,2775.9160719797633,777422
2025-12-12,2741.01904296875,2772.9420311726108,2722.3806998927384,2770.9592338675175,977696
2025-12-15,2756.286376953125,2777.8989151364117,2734.9713067620355,2749.2475920214038,1029674
2025-12-16,2766.894287109375,2783.847300176722,2752.2217812965405,2768.9763210091114,916244
2025-12-17,2761.739013671875,2782.360152826057,2748.156901348238,2775.916061967917,636499
2025-12-18,2735.962646484375,2769.7694352946414,2731.6005894949667,2756.088086314156,417994
2025-12-19,2775.81689453125,2788.2093772598632,2735.9627184841656,2742.6050408185665,3895542
2025-12-22,2783.450927734375,2798.817606705464,2756.3856963642547,2761.8383889023835,463953
2025-12-23,2783.649169921875,2794.752786362001,2759.1616717450024,2773.9334147715076,431068
2025-12-24,2761.540771484375,2800.403547790722,2758.070876420582,2783.6490084418188,512144
2025-12-26,2722.87646484375,2770.3643646289715,2719.406569476208,2761.045313886708,532078
2025-12-29,2751.527587890625,2769.769467423096,2711.475181117445,2722.8762650599865,815529
2025-12-30,2734.574951171875,2768.3814999924343,2717.423706078166,2746.4717350000174,4833527
2025-12-31,2745.678466796875,2772.74369741969,2731.2039501881377,2731.3031868660014,1274705
2026-01-01,2728.3291015625,2758.764991896357,2722.479946307838,2752.0234326268005,327945
2026-01-02,2748.751953125,2774.92478028137,2732.0964076433634,2732.0964076433634,508884
2026-01-05,2791.382080078125,2803.6753262766442,2745.182807093362,2746.174205723587,866733
2026-01-06,2821.322265625,2823.899756834903,2787.4164809356535,2795.7441325994646,875891
2026-01-07,2785.235107421875,2830.145512045567,2777.0066927411867,2821.322161393437,636748
2026-01-08,2762.5322265625,2780.575632855042,2746.2733861759625,2770.9591147468823,620031
2026-01-09,2801.19677734375,2832.1283656204937,2762.234763496008,2765.902889951143,1657381
2026-01-12,2871.48681640625,2875.0559481926903,2783.847276732784,2801.6924515836354,1743901
2026-01-13,2861.473876953125,2889.4312695473,2846.1071983880256,2875.0559895993033,1051986
2026-01-14,2789.696533203125,2859.193674606754,2783.153447410751,2859.193674606754,958254
2026-01-15,2789.696533203125,2789.696533203125,2789.696533203125,2789.696533203125,0
2026-01-16,2733.186767578125,2802.188208571498,2726.841913205698,2763.9201248983854,1143463
2026-01-19,2730.311767578125,2762.3339910381023,2701.263739943396,2733.186726726262,1342048
2026-01-20,2652.586181640625,2716.531391115573,2646.340322074472,2716.432154439653,911151
2026-01-21,2638.2109375,2664.879463288815,2625.223518894636,2647.0342883114345,914318
2026-01-22,2680.543701171875,2706.4190605473364,2642.374853390455,2642.374853390455,1290346
2026-01-23,2680.4443359375,2758.9630563425376,2667.6553908637447,2680.5435726133815,1786635
2026-01-27,2600.240478515625,2711.177892805429,2524.1010122974158,2696.5051440901416,3818761
2026-01-28,2490.195068359375,2526.5793488119016,2429.917984672541,2513.195467623375,3430002
2026-01-29,2395.218994140625,2493.2682179040366,2389.270602598885,2490.1950274985406,3488159
2026-01-30,2407.413330078125,2423.969638711495,2379.8523998883206,2396.2104772047783,2048843
2026-02-02,2381.339599609375,2408.603062968766,2351.597639580948,2354.4725989007534,1183482
2026-02-03,2405.133056640625,2503.2815202051024,2370.434104875406,2503.2815202051024,2233860
2026-02-04,2431.603271484375,2442.6078926414953,2396.3096269309112,2409.098571916173,970973
2026-02-05,2411.1806640625,2434.6767627880085,2381.9344049720994,2423.969609356947,1047405
2026-02-06,2380.447265625,2422.9781685762937,2365.576286685293,2411.081385424528,1043982
2026-02-09,2396.60693359375,2405.3312898812637,2376.184267191432,2383.3222888664236,669839
2026-02-10,2373.011962890625,2399.1847910678152,2366.3693981423053,2398.1933923938204,1513620
2026-02-11,2371.921142578125,2385.0075556462834,2355.8605337198996,2378.3652334566027,3177710
2026-02-12,2389.766357421875,2393.1370158909117,2356.5545038754603,2377.3738747553025,607767
2026-02-13,2346.045654296875,2391.055297957956,2339.8000364723516,2388.180096666005,675635
2026-02-16,2376.580810546875,2384.413005156297,2336.5284016474056,2339.700828939525,683108
2026-02-17,2416.434814453125,2431.305793229297,2378.8609048949324,2378.8609048949324,1004356
2026-02-18,2411.1806640625,2427.14203651116,2395.71474887978,2419.0126162907773,551809
2026-02-19,2380.14990234375,2407.115896932551,2370.5333839478317,2399.184707815805,971600
2026-02-20,2407.215087890625,2414.7495721840155,2355.6623596109553,2357.7441514901498,790329
2026-02-23,2408.80126953125,2425.5560520661024,2390.7578623742984,2403.8442762441377,634365
2026-02-24,2392.34423828125,2420.4998638211146,2383.0249455164217,2392.245001597522,499660
2026-02-25,2395.615478515625,2407.0165624074957,2379.356638303487,2395.219015892177,526764
2026-02-26,2374.300537109375,2401.3657687427703,2361.5115913027257,2395.318382184249,588742
2026-02-27,2355.761474609375,2376.977551402081,2338.7094658691667,2364.4858313259697,2531619
2026-03-02,2287.255859375,2317.7907433233195,2263.8587550617035,2280.2168323371657,2528308
2026-03-04,2265.544189453125,2271.1951134569463,2197.236917991508,2241.254922068388,1610358
2026-03-05,2268.121826171875,2293.105023152167,2234.315036191103,2265.5440929266383,925040
2026-03-06,2259.89306640625,2288.0486893030497,2234.314934596808,2242.2461232483765,979742
2026-03-09,2201.6982421875,2210.8190616570496,2143.998887282437,2181.077101186327,2198153
2026-03-10,2260.785400390625,2285.2731408487366,2232.233312704302,2232.233312704302,1192174
2026-03-11,2212.8017578125,2282.199662403394,2206.8533659904233,2270.3028787592407,687786
2026-03-12,2202.094482421875,2230.547573323493,2182.068279469138,2189.0080695446873,1384055
2026-03-13,2177.904541015625,2200.6074726410466,2171.162981978515,2185.736493312427,949233
2026-03-16,2198.624755859375,2208.637979123367,2156.3913182449023,2166.602530791707,1111587
2026-03-17,2218.948486328125,2242.0481240756235,2198.1291139621785,2198.624813304225,875461
2026-03-18,2242.642822265625,2250.871236838399,2209.430969870703,2215.8750606338967,844912
2026-03-19,2167.197509765625,2219.741639691324,2161.844053721548,2200.9050648122998,889334
2026-03-20,2176.516357421875,2205.366153071308,2166.205908950689,2191.883035494523,875920
2026-03-23,2103.053955078125,2161.2490060531636,2096.8080953222207,2161.2490060531636,978398
2026-03-24,2198.228271484375,2205.3662933446494,2134.7787579873834,2165.2146480848346,1561016
2026-03-25,2250.673095703125,2270.005368767247,2202.887730691226,2205.9611632253836,1270855
2026-03-27,2188.413330078125,2249.483585042764,2182.167712081868,2226.978883613762,1089010
2026-03-30,2146.576171875,2183.951850191729,2132.498360349631,2166.503380287283,1513565
2026-04-01,2206.655029296875,2227.276168370157,2179.4905627154985,2205.6636307072044,1209900
2026-04-02,2150.34375,2166.305365661368,2123.972448135313,2166.206128976487,1854061
2026-04-06,2165.511962890625,2174.3353134208273,2127.4421122612302,2150.3435162351893,2048228
2026-04-07,2167.395751953125,2179.7882354882618,2126.550174629453,2149.0548763211227,1793007
2026-04-08,2262.76806640625,2316.7992900724025,2225.8880869174877,2264.850100281215,2914767
2026-04-09,2250.078369140625,2269.9063412266696,2232.629656888636,2255.431824787587,1980060
2026-04-10,2340.394775390625,2356.4553853234625,2248.1946997294717,2248.1946997294717,3018178
2026-04-13,2332.166015625,2342.1792384979185,2242.5436772411817,2260.2896157134237,1734562
2026-04-15,2402.258056640625,2405.1330157789134,2360.520078553006,2379.8523513508994,1182431
2026-04-16,2419.31005859375,2425.5559181989383,2390.8569671041973,2414.0555975912685,1496210
2026-04-17,2442.80615234375,2464.7161582374533,2396.706117407068,2404.1416069129846,1286575
2026-04-20,2495.152099609375,2502.0918899615717,2435.3707143101733,2448.7545957036955,1203157
2026-04-21,2521.7216796875,2559.7912906799447,2492.0787151016143,2494.656448384103,1681872
2026-04-22,2540.85546875,2549.8772931587087,2478.496591328449,2478.496591328449,1126584
2026-04-23,2499.71240234375,2519.837842888377,2488.41055480751,2508.238527355777,1378614
2026-04-24,2463.724853515625,2517.061906637907,2449.4485678958704,2499.7124304630092,436871
2026-04-27,2463.82373046875,2498.1262185409096,2454.20721254214,2481.470673800435,452134
2026-04-28,2441.41845703125,2477.5052717360595,2434.974365688199,2453.711703700179,556571
2026-04-29,2426.25,2456.586653908799,2417.6248800271264,2448.6554645929264,603585
2026-04-30,2423.473876953125,2434.7757241733725,2364.9813595711516,2405.8269334704287,823684
2026-05-01,2423.473876953125,2423.473876953125,2423.473876953125,2423.473876953125,0
2026-05-04,2427.04296875,2485.4362484938797,2421.292808558354,2438.8405150757653,581159
2026-05-05,2409.0986328125,2433.7843614929498,2394.227653597608,2409.0986328125,327682
2026-05-06,2497.333251953125,2507.24723866195,2419.4092196054808,2438.840730371055,1395987
2026-05-07,2508.83349609375,2533.8166934225105,2489.699453926799,2512.799090655162,1053513
2026-05-08,2577.537109375,2584.972598834762,2493.7639281283514,2518.1524303726387,2327900
2026-05-11,2544.028076171875,2585.468344538891,2533.0234547576356,2556.7177847784324,1271257
2026-05-12,2483.94921875,2533.717380591815,2478.496526391938,2524.2990937915256,628802
2026-05-13,2595.085205078125,2619.6716979847315,2532.0321540727255,2532.0321540727255,3515018
2026-05-14,2599.6455078125,2642.7713493560886,2587.5504926153094,2597.464479177054,1040916
2026-05-15,2583.1884765625,2617.2924940627995,2570.498525152845,2599.6455492931773,796240
2026-05-18,2591.51611328125,2596.869569262112,2534.0149906453235,2557.907795315493,898479
2026-05-19,2578.330322265625,2623.240727805118,2572.7786352618723,2606.3869513982067,688639
2026-05-20,2576.24853515625,2591.5159769955762,2539.963249067585,2539.963249067585,586190
2026-05-21,2576.44677734375,2625.5210089438397,2568.515588398281,2602.4213727320252,1031843
2026-05-22,2617.09423828125,2641.7799681669367,2577.8347544208896,2583.684151755406,1556434
2026-05-25,2634.939453125,2661.013286747998,2630.378922392816,2649.0172659355308,815621
2026-05-26,2624.232177734375,2641.383422468467,2613.227556107807,2627.2063736290493,486267
2026-05-27,2648.91796875,2666.4659185712258,2619.275245789924,2622.0512104312984,858457
2026-05-28,2648.91796875,2648.91796875,2648.91796875,2648.91796875,0
2026-05-29,2648.62060546875,2724.56159325931,2608.964661335609,2653.081899183728,5062328
2026-06-01,2609.757568359375,2754.8984680974218,2604.106644768003,2709.095901351661,2224344
2026-06-02,2637.814208984375,2649.1162982589444,2585.468314449159,2603.511962617927,1026319
2026-06-03,2639.49951171875,2652.982629371886,2602.1238332482144,2629.288299864542,958774
2026-06-04,2638.706787109375,2675.5867690885616,2622.15023574918,2640.9868104093725,1840743
2026-06-05,2663.590576171875,2676.577994677205,2642.077274911872,2643.0686735140903,1615011
2026-06-08,2636.3271484375,2651.9912949616705,2607.477593967183,2620.5640072762417,1262904
2026-06-09,2684.806640625,2695.6127885292044,2638.6073691322094,2643.2668941356555,1416560
2026-06-10,2691.74658203125,2720.397906312803,2676.7763655410236,2687.7809874156337,1395772
2026-06-11,2667.75439453125,2683.4185408112085,2648.0256592178175,2670.7285903296975,771558
2026-06-12,2723.7685546875,2729.320483944781,2686.0954059806704,2702.255252386737,1078025
2026-06-15,2715.73828125,2808.3348153056413,2706.518225699372,2796.041569265256,2752021
2026-06-16,2724.462646484375,2747.1655780831534,2711.4752277363496,2717.423619460817,962931
2026-06-17,2714.449462890625,2745.083583898793,2708.9967703976017,2740.2258274031,557209
2026-06-18,2731.30322265625,2741.2172089453834,2704.7336909932365,2721.3892363671166,600888
2026-06-19,2709.393310546875,2729.2212838160262,2695.4147346165373,2729.2212838160262,838991
2026-06-22,2651.0,2732.790388930441,2647.034405385191,2719.1090391012117,1033475
2026-06-23,2661.199951171875,2695.39990234375,2650.10009765625,2669.0,1182151
2026-06-24,2667.5,2687.60009765625,2653.60009765625,2662.0,1264476
2026-06-25,2645.199951171875,2690.699951171875,2637.10009765625,2690.0,2050810
2026-06-26,2645.199951171875,2645.199951171875,2645.199951171875,2645.199951171875,0
2026-06-29,2656.89990234375,2687.800048828125,2630.0,2631.300048828125,4752587
2026-06-30,2635.699951171875,2672.10009765625,2630.300048828125,2658.0,1821479
2026-07-01,2716.39990234375,2723.0,2624.0,2648.0,1097512
2026-07-02,2744.5,2759.89990234375,2711.0,2720.0,1629567
2026-07-03,2737.800048828125,2762.39990234375,2730.0,2744.0,472124
2026-07-06,2754.89990234375,2758.0,2722.0,2724.0,504943
2026-07-07,2731.39990234375,2751.800048828125,2726.39990234375,2750.0,489066
2026-07-08,2665.89990234375,2713.10009765625,2653.300048828125,2676.60009765625,1481672
2026-07-09,2673.800048828125,2722.800048828125,2656.0,2658.0,918568
2026-07-10,2677.800048828125,2728.199951171875,2672.89990234375,2695.0,982095
2026-07-13,2652.10009765625,2664.39990234375,2630.10009765625,2650.5,1107802
2026-07-14,2641.0,2655.89990234375,2579.89990234375,2604.0,975301
2026-07-15,2670.0,2684.0,2644.89990234375,2644.89990234375,809114
2026-07-16,2674.699951171875,2693.10009765625,2660.10009765625,2688.0,455037
2026-07-17,2689.0,2700.0,2665.0,2665.0,452284
2026-07-20,2691.39990234375,2708.5,2666.699951171875,2689.0,571087
2026-07-21,2692.39990234375,2720.0,2680.5,2695.0,1000078
2026-07-22,2692.800048828125,2700.0,2665.60009765625,2683.0,528096
2026-07-23,2668.800048828125,2693.39990234375,2656.0,2671.10009765625,584245
2026-07-24,2637.89990234375,2657.10009765625,2620.10009765625,2620.10009765625,645563
2026-07-27,2710.199951171875,2723.89990234375,2664.300048828125,2665.800048828125,715239
2026-07-28,2736.199951171875,2749.800048828125,2706.300048828125,2712.0,1282146
2026-07-29,2758.39990234375,2864.0,2718.5,2746.199951171875,3803474
2026-07-30,2746.199951171875,2767.89990234375,2666.199951171875,2758.10009765625,2387024
2026-07-31,2747.300048828125,2774.89990234375,2732.39990234375,2773.89990234375,891738
2026-08-03,2810.0,2810.0,2762.10009765625,2770.89990234375,1040453
2026-08-04,2775.0,2807.300048828125,2732.39990234375,2774.89990234375,819958
