Date,Close,High,Low,Open,Volume
2021-08-25,1470.046142578125,1491.4232095072769,1463.7369316657725,1465.9637119877793,444583
2021-08-26,1463.365966796875,1480.6235162404598,1445.6258999048298,1470.0463085169724,280474
2021-08-27,1471.1966552734375,1489.7160695376758,1450.4876702908682,1461.5101848129964,579737
2021-08-30,1488.9737548828125,1513.2085953789838,1465.221431774014,1468.821344920966,464073
2021-08-31,1515.0269775390625,1521.6331404731447,1491.9427377322054,1506.787939102675,490675
2021-09-01,1566.3916015625,1603.2819559139307,1515.6952564704845,1524.1570706731486,964239
2021-09-02,1564.7586669921875,1581.7193849151743,1547.6495936788306,1569.8803106561481,621370
2021-09-03,1558.9691162109375,1588.4368711128582,1551.3238601055482,1571.921581214605,369247
2021-09-06,1571.4388427734375,1598.5313369990597,1563.1998038126114,1573.8883978039325,395050
2021-09-07,1542.08251953125,1585.467648590419,1522.3755371062498,1573.591486428693,334693
2021-09-08,1539.1878662109375,1568.0988034913883,1529.5755727451149,1542.0826084183725,226590
2021-09-09,1521.26220703125,1559.2659516129793,1518.701385301798,1533.101280816272,368291
2021-09-13,1585.1707763671875,1595.1171110048026,1503.0768495973593,1529.7982158124235,953861
2021-09-14,1563.979248046875,1601.0551672503218,1557.2618177520515,1601.0551672503218,350374
2021-09-15,1576.6348876953125,1586.135915176155,1551.3238624739186,1571.3648884484621,292609
2021-09-16,1579.1585693359375,1599.8676771593337,1567.8761901778612,1586.9523014055155,200105
2021-09-17,1574.1480712890625,1595.1169186373666,1541.4886276315267,1586.9520577229825,499590
2021-09-20,1532.0247802734375,1592.5189758123354,1512.8001961890002,1563.4966554792468,504043
2021-09-21,1539.2989501953125,1551.3235878132018,1419.9435519074905,1521.6331842186908,520457
2021-09-22,1581.0140380859375,1613.636394160669,1533.8805209880704,1547.3896791845327,808223
2021-09-23,1565.9832763671875,1595.8592459720123,1543.9381268072284,1593.1499482302058,602962
2021-09-24,1577.04296875,1616.6424967346798,1557.26168877381,1579.5294917591361,705117
2021-09-27,1562.27197265625,1590.6634219752198,1510.091110880492,1586.2098612977343,733281
2021-09-28,1561.75244140625,1566.948262446139,1525.530170318852,1558.931877003853,461979
2021-09-29,1590.923095703125,1601.9457303882648,1515.3239548052502,1551.1750925422778,1216902
2021-09-30,1603.578857421875,1653.7555946443056,1581.3110531851923,1602.428257554524,881290
2021-10-01,1632.823974609375,1640.3950528616217,1588.4368385175883,1598.828481386395,417885
2021-10-04,1747.2803955078125,1792.558264720207,1631.4136342573727,1644.95988201354,2284289
2021-10-05,1755.705078125,1806.5128118884218,1740.8970841007651,1750.9917742802272,764709
2021-10-06,1667.1531982421875,1766.0222632645884,1662.6625490018612,1759.1563576492906,788583
2021-10-07,1661.0667724609375,1681.4418370549624,1642.6216566783157,1679.7346629295205,688113
2021-10-08,1669.6029052734375,1692.3532283560514,1640.3950152047692,1673.0173746240112,512390
2021-10-11,1685.4129638671875,1706.455989621152,1673.7965448437137,1676.023325169448,263459
2021-10-12,1690.57177734375,1703.4500642555188,1663.9988864378497,1685.6729083649395,402095
2021-10-13,1720.89306640625,1737.5196212555277,1676.8027652366716,1677.5079365402519,432859
2021-10-14,1735.6268310546875,1803.692108872611,1726.237312933111,1739.857737941317,900653
2021-10-18,1768.6204833984375,1788.4017659614974,1718.9261390753625,1759.0824881966298,689838
2021-10-19,1669.4171142578125,1803.6178347090413,1655.8708676626757,1769.5480483729386,830931
2021-10-20,1624.028076171875,1728.7238433834111,1596.3417974751646,1707.198299605773,1384583
2021-10-21,1608.5150146484375,1632.972513501405,1541.563117432763,1624.0283018509347,671047
2021-10-22,1627.4425048828125,1636.6836681234474,1582.79562832715,1603.4304368062287,438301
2021-10-25,1586.5439453125,1653.829753877076,1547.6123771777377,1631.4877721998405,478271
2021-10-26,1579.9007568359375,1616.2715048204152,1556.9277806305658,1598.7170036424532,340202
2021-10-27,1602.05712890625,1615.2694560802013,1584.7254029175392,1596.3418224622164,311322
2021-10-28,1625.2899169921875,1640.209297051596,1598.8653842840865,1611.4467174562799,499869
2021-10-29,1621.5787353515625,1638.1682018947304,1582.535777763422,1618.2013549157798,212023
2021-11-01,1659.099853515625,1679.7346608030587,1621.8383711244733,1621.8383711244733,734149
2021-11-02,1652.753662109375,1662.6256982456198,1633.7146403525944,1658.8773085350492,480137
2021-11-03,1671.0504150390625,1681.219404251175,1638.168311338783,1652.2712555687046,583818
2021-11-04,1675.9862060546875,1684.1139782589282,1670.8274742311328,1684.1139782589282,37889
2021-11-08,1681.96142578125,1686.4149864849956,1646.3329401512854,1686.4149864849956,470218
2021-11-09,1706.5675048828125,1713.8416303300203,1672.3121499799872,1681.9615321148028,432533
2021-11-10,1707.3468017578125,1719.7796591287924,1676.0233996222446,1709.4251059920414,318103
2021-11-11,1651.97412109375,1712.5426210713333,1598.9397306803282,1705.7138036136382,754206
2021-11-12,1703.6724853515625,1744.311225607743,1662.6626150473803,1744.311225607743,1633037
2021-11-15,1714.101318359375,1754.62879451855,1707.1983232145778,1707.940583355106,476978
2021-11-16,1733.4000244140625,1740.599971700052,1714.6208676448275,1714.6208676448275,332450
2021-11-17,1702.0599365234375,1752.4122233645571,1693.2594914639637,1728.9070597053103,794397
2021-11-18,1711.7144775390625,1717.0245282147487,1672.4650681399714,1702.059927856194,347001
2021-11-22,1654.67822265625,1715.539036458027,1633.8467013885972,1711.0830909087854,955342
2021-11-23,1654.047119140625,1670.9796891489477,1593.2977483946188,1615.2803661773162,1091674
2021-11-24,1622.187255859375,1646.4721878113512,1612.1984852133837,1633.8470063982736,347150
2021-11-25,1632.77001953125,1641.2734741492955,1596.714013312663,1629.3909512595267,323783
2021-11-26,1590.3271484375,1645.3951409499214,1564.0370191389036,1604.1405324501577,359049
2021-11-29,1571.3521728515625,1593.7433498115583,1529.9118993008549,1558.9498865406642,348566
2021-11-30,1632.1387939453125,1639.1197035541256,1574.4342685138768,1578.1475568830133,519005
2021-12-01,1644.318115234375,1652.4131312838012,1615.0203701237294,1630.133403670986,282925
2021-12-02,1658.6143798828125,1669.420145166449,1627.1628774076278,1627.1628774076278,220834
2021-12-03,1655.755126953125,1678.4061838591895,1639.5652153723674,1667.2663198070265,164363
2021-12-06,1635.369140625,1665.5211116496826,1632.398510230958,1663.5530206635256,117786
2021-12-07,1638.562744140625,1652.4133583936753,1627.1629969620415,1647.9945209680843,209978
2021-12-08,1655.9779052734375,1675.3613413103917,1650.1852001231252,1653.155830546389,201185
2021-12-09,1651.6705322265625,1663.553054041142,1627.162830983992,1663.553054041142,169682
2021-12-10,1690.8829345703125,1703.9908906074618,1637.5601388060143,1651.670634333141,534671
2021-12-13,1658.9114990234375,1735.5537914466022,1651.410705229107,1707.3699099070543,605186
2021-12-14,1669.717041015625,1680.7455787892268,1628.6109916215203,1657.6117464331232,321513
2021-12-15,1682.528076171875,1691.7741884267862,1645.1724191889543,1672.4650888222664,338529
2021-12-16,1690.8829345703125,1714.4994239617126,1668.0833202540591,1678.1835369460066,266441
2021-12-17,1664.3699951171875,1689.3233644432498,1649.554071841866,1682.1195611322216,359778
2021-12-20,1557.3531494140625,1659.8399088890937,1529.8748153519164,1659.8399088890937,822107
2021-12-21,1563.2943115234375,1591.6267484648115,1541.385911433204,1591.6267484648115,341985
2021-12-22,1596.0826416015625,1601.095580439916,1564.03691756628,1578.1474120742378,218638
2021-12-23,1605.180419921875,1616.6543848209787,1587.8021811883182,1600.204589098568,204270
2021-12-24,1573.3572998046875,1608.076544050069,1570.572333688748,1604.883140412178,184249
2021-12-27,1585.982421875,1596.7138484266873,1554.3452562981383,1566.2648866659924,191615
2021-12-28,1660.50830078125,1704.7706487122352,1589.324491955035,1595.525755905484,1262714
2021-12-29,1690.3258056640625,1715.539055349555,1648.699871374897,1648.699871374897,669650
2021-12-30,1686.8353271484375,1711.0831466522739,1678.406211559956,1690.325842117442,270897
2021-12-31,1694.59619140625,1718.5097917675241,1678.406278908645,1689.546143591667,249965
2022-01-03,1731.9891357421875,1750.7783506431015,1698.9408693832709,1708.11264326985,351857
2022-01-04,1779.8907470703125,1815.0555432258216,1708.9297022705643,1744.4659481768138,1102866
2022-01-05,1796.7115478515625,1832.878997958784,1758.724683283693,1782.1926156205802,855319
2022-01-06,1794.335205078125,1818.6572445424579,1760.841391448345,1792.7385635621206,658261
2022-01-07,1809.4852294921875,1819.919544522703,1778.7763863013506,1791.2901184219809,503758
2022-01-10,1822.4075927734375,1835.441209905948,1806.886000074154,1809.485301759423,617341
2022-01-11,1821.4794921875,1865.8532906378637,1809.2998573171215,1833.6590061825998,826099
2022-01-12,1845.949951171875,1852.188324270934,1815.9466522854357,1840.5656827873665,400623
2022-01-13,1844.353271484375,1875.1735657376664,1830.0942196065923,1849.21765519749,546853
2022-01-14,1832.8046875,1863.2907569418308,1819.511068486263,1849.2173716452223,437658
2022-01-17,1830.725341796875,1875.173475090483,1825.0440832463707,1840.8997758721414,570971
2022-01-18,1805.51220703125,1840.3427785396304,1789.80494927156,1838.0776968660211,391171
2022-01-19,1775.95458984375,1819.5115159115012,1769.1593438503137,1805.5124654555214,357985
2022-01-20,1814.9439697265625,1819.511362926468,1770.4959547823264,1781.450155844843,357829
2022-01-21,1765.2603759765625,1815.6125476205768,1750.481438293122,1815.6125476205768,374775
2022-01-24,1613.275146484375,1766.0398452461077,1596.8624612012015,1766.0398452461077,911899
2022-01-25,1568.6417236328125,1617.5085794048819,1516.9155629982404,1611.5673174052313,1029425
2022-01-27,1540.08642578125,1567.044876473396,1522.4483051725435,1567.0077677629595,756723
2022-01-28,1559.803955078125,1593.706327692821,1553.6399202959833,1553.6399202959833,698841
2022-01-31,1603.732177734375,1618.2511114430795,1577.7020497955796,1594.040519025386,475515
2022-02-01,1620.4046630859375,1633.0669509697543,1583.940102461634,1630.504758078978,447141
2022-02-02,1648.7740478515625,1663.0330975872068,1615.2802392858982,1634.2922250165855,445653
2022-02-03,1622.1497802734375,1659.8396515559723,1611.604018714899,1659.8396515559723,473409
2022-02-04,1619.4393310546875,1633.1042810745444,1588.9161479577024,1612.309865490148,446479
2022-02-07,1567.007568359375,1617.7310593117847,1538.0439213612633,1604.1404491261849,523653
2022-02-08,1574.5457763671875,1585.3885304740015,1541.0147327478878,1545.5821259685526,456690
2022-02-09,1585.1656494140625,1600.4272399869117,1560.2122797828406,1574.5456691660013,527630
2022-02-10,1576.625,1604.1404403221397,1561.9204034720995,1597.0851930151673,384173
2022-02-11,1540.160400390625,1568.1586158126454,1529.8746410810334,1568.1586158126454,482233
2022-02-14,1467.677001953125,1513.7959880476985,1460.0647619682954,1508.3375033355076,705135
2022-02-15,1441.27587890625,1485.3154580627545,1422.3009981045548,1470.4623034821268,916633
2022-02-16,1415.1341552734375,1469.2367168481107,1411.0495381892056,1461.5502585033455,824757
2022-02-17,1393.67138671875,1435.52022049625,1386.7275855975327,1429.6160676263223,742549
2022-02-18,1347.3665771484375,1390.9977120016665,1340.534102919773,1377.8526480495561,977249
2022-02-21,1352.6392822265625,1369.7576354781095,1324.1955221969922,1336.7835918620772,805282
2022-02-22,1370.203369140625,1383.1256606468555,1302.2873026306604,1313.4271674204217,715697
2022-02-23,1421.818115234375,1433.3293091681085,1367.7526608045391,1381.3432720480216,815189
2022-02-24,1324.3072509765625,1386.579051531401,1310.8650739173515,1352.379688204096,969541
2022-02-25,1418.921875,1427.2767748417716,1351.6371299577143,1373.9168628691052,676169
2022-02-28,1442.0556640625,1447.365715244104,1378.3727629715463,1411.049703473027,539669
2022-03-02,1415.4683837890625,1447.5139891239414,1399.909681719041,1430.3586456185003,540459
2022-03-03,1387.9898681640625,1440.755663521594,1381.3801675431662,1440.755663521594,487639
2022-03-04,1373.0255126953125,1396.1964567915898,1357.578256922886,1387.990113494545,464069
2022-03-07,1357.615478515625,1376.144813591441,1325.6811951996876,1347.775263307807,378529
2022-03-08,1360.7342529296875,1393.968177240564,1348.666068124062,1355.3499858625623,299338
2022-03-09,1370.79736328125,1377.5183903341099,1356.278431488824,1369.460603786662,485571
2022-03-10,1438.0078125,1444.8773949455117,1398.9069644028618,1399.909503761024,1105682
2022-03-11,1452.4156494140625,1462.2929723861566,1409.0815012470841,1447.81114762154,443561
2022-03-14,1465.597900390625,1474.1755728738526,1420.6299996601333,1452.4157258724833,440585
2022-03-15,1462.8870849609375,1477.888794385534,1428.1678381581619,1477.888794385534,483435
2022-03-16,1514.464599609375,1521.965393459123,1466.7859547184103,1466.7859547184103,459045
2022-03-17,1507.557861328125,1558.6897901636592,1498.4974141804535,1520.9256985008412,635598
2022-03-21,1499.760009765625,1524.6390409460375,1483.8299790586354,1507.557915060978,424203
2022-03-22,1499.90869140625,1509.080465768858,1469.7196071636663,1488.9544901906543,310031
2022-03-23,1487.765869140625,1518.994595434263,1482.6416044901782,1507.8176233060137,295385
2022-03-24,1512.2366943359375,1526.7927364506456,1475.7722507563255,1477.8887767850292,306141
2022-03-25,1453.4552001953125,1529.948936131227,1425.9397591623497,1522.4481424138307,846971
2022-03-28,1485.6124267578125,1494.2272072367034,1441.5727309576282,1451.8957207493813,452783
2022-03-29,1490.0684814453125,1499.7230316996174,1459.3595125343365,1499.7230316996174,313331
2022-03-30,1494.0045166015625,1501.3196465834105,1481.861990703044,1499.425893626842,446207
2022-03-31,1502.359130859375,1559.580871517873,1478.6311977105167,1492.7416913099642,479870
2022-04-01,1470.98193359375,1510.5655595282635,1467.491418696091,1510.5655595282635,554067
2022-04-04,1470.79638671875,1496.269520278175,1467.231654126297,1490.4397059980888,511042
2022-04-05,1519.180419921875,1528.092311601218,1472.6901000114099,1481.9733205107252,678131
2022-04-06,1525.6046142578125,1537.3014732937431,1496.4552988825567,1521.7056612458357,450138
2022-04-07,1545.544921875,1552.1546238866385,1518.7350267216152,1525.456054865303,492802
2022-04-08,1530.171875,1570.6838257539657,1520.1459966949265,1549.5551913730346,517487
2022-04-11,1549.5921630859375,1559.5809318003774,1526.9039979912266,1541.7200410183818,263195
2022-04-12,1581.4522705078125,1586.3166536743176,1516.2469565777128,1551.4117460326074,771571
2022-04-13,1584.608642578125,1597.1967138459902,1578.927263239227,1596.7139380262472,500426
2022-04-18,1560.2122802734375,1579.632826228565,1520.999980412352,1579.632826228565,376111
2022-04-19,1551.374755859375,1585.5741172100934,1530.617449915692,1561.8090718935955,494963
2022-04-20,1599.9073486328125,1622.706962625998,1544.7650182094806,1545.95334297272,862005
2022-04-21,1574.3973388671875,1613.795308769546,1568.5302942265625,1607.0742802320565,297359
2022-04-22,1604.06640625,1634.5895892113786,1563.8143349439783,1568.1959428260582,581814
2022-04-25,1621.1473388671875,1635.3320508125046,1574.4341270311127,1593.0005672083662,321879
2022-04-26,1593.00048828125,1644.9865182018502,1589.769976200572,1627.9053940850818,342946
2022-04-27,1592.443603515625,1614.5376677360236,1577.1449048761435,1593.0005967312652,353547
2022-04-28,1607.5567626953125,1625.454885274156,1585.796916888093,1603.9920300132028,299371
2022-04-29,1599.2388916015625,1618.0281043236325,1572.2061071623198,1610.0816439905097,594314
2022-05-02,1534.293701171875,1599.6846875534982,1496.4923758503282,1591.5154528445435,769586
2022-05-04,1499.6114501953125,1551.8202584821784,1491.2936603933244,1551.8202584821784,526429
2022-05-05,1504.9586181640625,1527.646785183642,1493.484533303016,1510.1572217111143,236275
2022-05-06,1430.1357421875,1478.631258536005,1381.3431144535255,1474.3238686982445,654898
2022-05-09,1391.554931640625,1427.4623847954215,1383.3856965516072,1419.9615900183455,710063
2022-05-10,1373.76806640625,1399.1669816494623,1365.4131680285661,1392.4830629473151,509463
2022-05-11,1360.8087158203125,1384.7966549538544,1328.3546727577937,1381.34324848254,488819
2022-05-12,1324.864013671875,1358.9891536390612,1295.937476763338,1358.9891536390612,776419
2022-05-13,1284.0181884765625,1340.163068100763,1272.7297660844465,1324.9756923770972,879363
2022-05-16,1271.98681640625,1298.9081546603597,1254.1259251327135,1298.9081546603597,502094
2022-05-17,1301.693115234375,1321.1878773367298,1279.5990515183728,1279.5990515183728,469623
2022-05-18,1298.6484375,1318.2174195757032,1292.224400034774,1315.2467887710254,432931
2022-05-19,1237.0076904296875,1281.0843710186898,1227.2788032608526,1263.000706653255,501267
2022-05-20,1250.412841796875,1270.5759266028415,1240.2384067401779,1252.158039108942,351407
2022-05-23,1263.1864013671875,1288.5109780026085,1244.3599580683308,1251.3780967921587,277957
2022-05-24,1244.1741943359375,1286.988451303695,1232.8115577677079,1277.371011662926,281773
2022-05-25,1221.8203125,1251.3780609211872,1218.7382350977753,1246.625003912391,388754
2022-05-26,1234.556884765625,1247.5162848139119,1195.4931410852405,1232.8116876542938,494375
2022-05-27,1254.5716552734375,1277.3712713262348,1236.673652670664,1256.7254109996225,291909
2022-05-30,1261.5897216796875,1283.7952344467044,1250.3013008779774,1277.371197226821,488234
2022-05-31,1284.7606201171875,1305.5921429326118,1262.5179994228895,1267.9022673616048,592895
2022-06-01,1344.4329833984375,1359.2861348934769,1273.063638814876,1273.063638814876,913307
2022-06-02,1311.4219970703125,1346.4383545302396,1308.6742603939376,1346.4383545302396,280189
2022-06-03,1296.7174072265625,1336.7095954878027,1292.2243524749083,1329.2086804568942,288937
2022-06-06,1271.9495849609375,1302.435652611812,1264.4486713288002,1302.435652611812,159845
2022-06-07,1238.08447265625,1278.2252138051406,1232.8858693048946,1269.9445329739476,295201
2022-06-08,1249.8558349609375,1255.0915477157014,1220.557963710506,1234.260022829559,354206
2022-06-09,1248.1846923828125,1261.0326450983375,1215.8790857504346,1243.9515197524827,280725
2022-06-10,1223.8626708984375,1244.3228645195732,1208.6752981233096,1240.2382475366678,469815
2022-06-13,1214.9136962890625,1217.624324182617,1189.4033335220142,1204.590706618366,312870
2022-06-14,1213.7623291015625,1243.5800783447921,1199.391953733556,1215.1363181062236,399882
2022-06-15,1234.965576171875,1245.065672856567,1211.3489638755643,1225.3852431931618,222866
2022-06-16,1213.6512451171875,1258.0621516803155,1199.4664104331698,1258.0621516803155,273626
2022-06-17,1212.3885498046875,1226.8703732173622,1196.0871910702397,1206.8186177228895,264661
2022-06-20,1193.933837890625,1223.157373416613,1174.5503971528376,1212.3888355207168,311081
2022-06-21,1251.526611328125,1255.0913436320277,1200.2088986580143,1200.2088986580143,235519
2022-06-22,1231.771728515625,1255.611107707475,1212.9454085167881,1253.6059082053196,345027
2022-06-23,1233.33154296875,1253.606071971916,1214.2452178163996,1231.771889429882,277459
2022-06-24,1238.7530517578125,1258.396372227229,1232.8117901186863,1242.689113418678,147394
2022-06-27,1259.8072509765625,1272.1725491476318,1243.9886672725474,1252.8634503281114,578599
2022-06-28,1212.4259033203125,1258.062246900344,1199.7636126726716,1248.407696009137,1010930
2022-06-29,1239.0128173828125,1242.46622373673,1192.1140602433131,1205.3333419753214,456558
2022-06-30,1229.4698486328125,1260.6985814103448,1211.646063451787,1232.8118083542547,272050
2022-07-01,1231.0662841796875,1236.4876598909566,1217.8841132232278,1226.127563330408,167082
2022-07-04,1284.7606201171875,1289.8477766471078,1231.4005956752417,1232.8116935541157,331011
2022-07-05,1259.9185791015625,1288.5108958097323,1255.8339624289667,1284.760499221764,407741
2022-07-06,1263.4835205078125,1270.2788868111636,1239.2358191342564,1267.568137856755,241333
2022-07-07,1263.0750732421875,1283.0526135636132,1255.0915030306023,1274.2149386537017,273570
2022-07-08,1263.0380859375,1278.8195634540825,1258.0622547336848,1273.249630212936,353535
2022-07-11,1273.620849609375,1282.5698507391294,1255.4628446291247,1267.1225947199903,349299
2022-07-12,1276.40576171875,1292.224345916117,1249.8928587223133,1273.6207954559998,269274
2022-07-13,1316.8804931640625,1326.2379306639814,1255.239911771051,1282.6067962442291,514901
2022-07-14,1310.2708740234375,1323.41593866673,1299.6508937524004,1323.41593866673,233758
2022-07-15,1327.5377197265625,1331.6223369912314,1306.4834227215151,1318.2173899613274,178765
2022-07-18,1318.8115234375,1340.4971525175486,1313.5758108118637,1336.7838640064197,389217
2022-07-19,1321.44775390625,1331.5850785093676,1301.13611687028,1308.6369102898045,256506
2022-07-20,1309.1939697265625,1337.5264069864602,1305.629237236688,1336.0410917094068,595793
2022-07-21,1303.0670166015625,1327.0177249366195,1297.7941958298416,1310.7907042287097,418611
2022-07-22,1301.6561279296875,1315.9893968466993,1298.908270363926,1310.7907931345508,154963
2022-07-25,1306.8919677734375,1312.4990095774626,1272.2841651798135,1309.3056054465524,288102
2022-07-26,1299.65087890625,1310.7536348753883,1286.3201500018438,1307.0774553571428,206242
2022-07-27,1332.1793212890625,1336.004056688531,1283.3124701538602,1299.6509391025784,313963
2022-07-28,1330.61962890625,1363.4822272817344,1325.7552458641396,1344.2102386356357,590915
2022-07-29,1348.2950439453125,1362.7768689835573,1336.8209583938017,1342.539446814728,220782
2022-08-01,1400.8009033203125,1407.3362665572392,1340.5341858244947,1358.7292985055776,514419
2022-08-02,1404.068359375,1414.7626767779118,1381.3430859878824,1399.9095253156765,298097
2022-08-03,1399.6126708984375,1406.1852641523265,1379.6723597495445,1392.8545340924616,443615
2022-08-04,1457.9854736328125,1469.5708842331658,1412.2005826996428,1417.733406181165,831253
2022-08-05,1481.0076904296875,1486.7632863646356,1454.2720189899287,1470.7590405528301,420241
2022-08-08,1465.0777587890625,1496.0837131317026,1458.1710673859932,1485.2780693861457,259034
2022-08-10,1443.1324462890625,1482.9388500927766,1434.814655992313,1473.4328558430377,261749
2022-08-11,1469.6080322265625,1506.8523614675507,1455.7575396746556,1459.3222721950403,569733
2022-08-12,1474.5841064453125,1491.8880082572382,1465.2266669226383,1478.3345039970475,299563
2022-08-16,1485.315185546875,1493.484419067383,1387.2843833007814,1484.5725279541016,1209075
2022-08-17,1495.898193359375,1511.3083398219328,1484.943992861894,1494.227213622471,420322
2022-08-18,1515.6158447265625,1523.1909776152584,1488.2489562043572,1501.6167951107807,297855
2022-08-19,1526.5794677734375,1543.82393846534,1508.8890684085893,1523.754970560398,387833
2022-08-22,1512.493896484375,1538.6207660973926,1497.8138191266826,1523.0115699195928,306155
2022-08-23,1533.529296875,1557.2031968459437,1490.3066394635403,1490.3066394635403,429425
2022-08-24,1565.6396484375,1573.8158948662133,1525.5017114238167,1538.620918857862,418837
2022-08-25,1557.686279296875,1598.0843158191174,1546.796958706783,1574.7448034662486,376441
2022-08-26,1567.3863525390625,1589.1648740920416,1558.6897759452813,1574.8935844226335,184631
2022-08-29,1534.458251953125,1553.0777675748093,1486.6271459423626,1486.6271459423626,236127
2022-08-30,1555.270751953125,1567.6094025096716,1541.5940734021142,1553.189428841302,285423
2022-09-01,1621.0523681640625,1634.1343138244479,1546.053842508461,1548.7296565365782,675946
2022-09-02,1720.3192138671875,1728.1609522720178,1623.8766833049103,1632.9449069061827,1983606
2022-09-05,1713.3695068359375,1774.2454246358736,1700.6592088675657,1724.258828571038,1263122
2022-09-06,1738.938720703125,1742.8781601618334,1710.8050522412925,1722.9207370206825,488777
2022-09-07,1813.194091796875,1831.1817362001846,1724.927799817546,1738.5672163339023,987490
2022-09-08,1836.9794921875,1883.1380678388348,1813.194049846532,1825.606980785012,1767601
2022-09-09,1928.2188720703125,1973.2996435575026,1843.297413941333,1854.5211206284823,2296721
2022-09-12,1897.03759765625,1925.505773077851,1876.8199486668882,1920.7486364995275,804802
2022-09-13,1817.951171875,1917.7014007125176,1802.1932912082243,1917.7014007125176,1367605
2022-09-14,1792.9390869140625,1817.9508911362618,1762.352449199575,1791.3409542686527,1429754
2022-09-15,1862.2886962890625,1886.4457865694635,1792.9020274654843,1805.4637628029,1494030
2022-09-16,1738.4185791015625,1864.927431021504,1717.3833516840114,1862.2887575767636,1513987
2022-09-19,1765.0284423828125,1782.272912374104,1705.899343172103,1746.7434318705823,898226
2022-09-20,1797.2503662109375,1845.973334599386,1783.9081953044197,1783.9081953044197,809874
2022-09-21,1750.86865234375,1804.6832630165482,1745.777129580298,1794.3514133030012,597117
2022-09-22,1741.3544921875,1820.9986058177735,1731.8774802248959,1750.4598566221587,928105
2022-09-23,1721.4342041015625,1749.716556703797,1694.8985464842112,1746.4460100753624,493713
2022-09-26,1641.6787109375,1713.295142810443,1627.9648926484854,1694.712765990373,855434
2022-09-27,1606.632080078125,1664.0887571499816,1584.2589498389814,1650.2635190787298,1457861
2022-09-28,1624.2855224609375,1638.2223047724087,1588.049888451112,1596.597781602148,568399
2022-09-29,1602.283935546875,1664.1259835512376,1594.665161699849,1657.5478711090661,771123
2022-09-30,1659.368896484375,1666.3557966845008,1582.475006876918,1593.624431537864,653037
2022-10-03,1635.657958984375,1677.505447661737,1623.393590202719,1651.601662596331,545531
2022-10-04,1667.2479248046875,1712.3288176299336,1651.6015883190692,1651.6015883190692,924778
2022-10-06,1672.339599609375,1702.108542490452,1667.6567439601383,1684.04649677444,560618
2022-10-07,1684.3065185546875,1687.2796986403973,1641.3069499567102,1676.130273318985,438609
2022-10-10,1635.1748046875,1672.4138377497914,1626.3295453317971,1672.4138377497914,521439
2022-10-11,1616.6666259765625,1679.846701014727,1605.5172009698274,1638.2964620980265,642579
2022-10-12,1633.465087890625,1640.4892500268465,1605.5172435245777,1626.3295040887854,310543
2022-10-13,1599.7938232421875,1633.7252887854618,1589.387693119002,1633.7252887854618,386613
2022-10-14,1598.084228515625,1636.1780967534976,1594.3677535655888,1627.667344922114,312313
2022-10-17,1596.85791015625,1605.5173460857723,1555.716576554408,1592.1751754259694,364358
2022-10-18,1613.507568359375,1627.1098422176929,1600.351223094838,1609.2336222494746,404554
2022-10-19,1529.29248046875,1616.4438282526587,1526.021933738131,1613.1732815220398,1021875
2022-10-20,1516.4334716796875,1533.2318917175162,1493.2797820678659,1509.6322734593507,990182
2022-10-21,1488.8201904296875,1545.199079354148,1483.5055816978004,1523.755062596535,770671
2022-10-24,1498.9288330078125,1505.469926595706,1491.0870939889164,1505.1725601675223,73621
2022-10-25,1476.6669921875,1507.4021906315086,1472.6902915330998,1499.2259460077678,356346
2022-10-27,1456.263671875,1484.285919181003,1442.9215016625371,1478.4138399519827,896929
2022-10-28,1450.577392578125,1479.9004057271852,1441.2490641411412,1462.8046200256656,418497
2022-10-31,1509.743896484375,1519.889802050455,1458.8653225005444,1461.5782770384249,602083
2022-11-01,1536.4281005859375,1543.749629852723,1502.0507024721253,1517.8085826682063,658429
2022-11-02,1538.65771484375,1560.919423194152,1525.4270886905706,1542.2627680037638,571235
2022-11-03,1542.74609375,1550.3277278338078,1527.248439576422,1531.1878793420324,302038
2022-11-04,1551.479736328125,1567.83222745615,1533.8264788603708,1543.080526444533,411186
2022-11-07,1558.726806640625,1576.9003941820554,1545.4218982919663,1559.2471373534793,342287
2022-11-09,1555.344970703125,1574.893607309946,1547.68905549714,1568.3526347352897,239662
2022-11-10,1534.49560546875,1563.5212551564055,1520.3729984575916,1552.5576523451116,272445
2022-11-11,1532.6370849609375,1571.5113876295218,1521.52480098268,1546.4623229876468,417557
2022-11-14,1473.433837890625,1508.8890380040611,1399.364554499167,1482.6878859894587,1932129
2022-11-15,1439.7996826171875,1480.9411370853422,1434.5594766005377,1480.3092636921767,916235
2022-11-16,1429.096435546875,1447.9389187727645,1412.2978929572705,1439.7998128723589,903711
2022-11-17,1401.2227783203125,1428.4273300482664,1394.6074036701236,1424.0047000953211,393545
2022-11-18,1399.8096923828125,1430.7512397099547,1388.2809728121783,1405.7599992579785,535897
2022-11-21,1405.3138427734375,1418.4044701095079,1390.0288943996397,1399.065971827994,209767
2022-11-22,1411.5985107421875,1418.404221792753,1390.8840559792598,1402.1152103605107,275798
2022-11-23,1410.48291015625,1424.0198815804672,1401.7806837957414,1422.309192683072,252957
2022-11-24,1393.747802734375,1419.854847419829,1391.6280542822533,1419.854847419829,390425
2022-11-25,1408.7349853515625,1414.982855252022,1395.1236842033709,1398.3219495569892,347990
2022-11-28,1410.1480712890625,1419.8916481090553,1398.3961210942757,1416.1727071763441,339601
2022-11-29,1399.8468017578125,1418.9250208391245,1397.243542603755,1413.1978264883385,246705
2022-11-30,1401.7803955078125,1407.2471900263315,1393.4871091513382,1406.875295948629,384270
2022-12-01,1431.1971435546875,1434.7301371711922,1399.8092602656761,1409.18094227733,1103027
2022-12-02,1501.2249755859375,1506.1712159038548,1435.511331700958,1440.7178494843292,2190511
2022-12-05,1517.8487548828125,1522.9064909338852,1488.3203361947274,1511.2661560226893,716983
2022-12-06,1513.4603271484375,1527.555138886478,1507.138126938804,1518.8156268319844,379999
2022-12-07,1488.7293701171875,1532.2038181998114,1485.0104288108773,1520.3032060196188,856929
2022-12-08,1536.331787109375,1540.5714043228688,1484.8244510807165,1494.2705860155188,634794
2022-12-09,1534.1748046875,1561.9552459961483,1518.257688518875,1547.0423165498028,774150
2022-12-12,1520.4146728515625,1539.567218691651,1500.9645633125779,1526.2533617033746,400515
2022-12-13,1561.58349609375,1591.7069214768396,1524.3569168383576,1528.6708646566706,1559089
2022-12-14,1588.13671875,1597.210959744063,1568.9097195718036,1572.703112337642,1229059
2022-12-15,1552.471923828125,1593.3431097189148,1544.1043065599172,1591.6695862652732,532742
2022-12-16,1525.8072509765625,1560.4677346962449,1521.0469577949575,1539.1954393581318,402103
2022-12-19,1508.51416015625,1531.8318729448804,1498.7332964233717,1527.1088660672099,301067
2022-12-20,1493.19189453125,1519.410427138505,1477.2749005626918,1509.1461747551784,479129
2022-12-21,1459.610107421875,1513.5347554433624,1454.1060259587264,1498.7333208730606,323666
2022-12-22,1462.3992919921875,1468.6098753533313,1426.8461173823453,1468.6098753533313,531510
2022-12-23,1408.9581298828125,1451.168115230895,1399.4376640073501,1451.168115230895,500850
2022-12-26,1457.936767578125,1465.9696574630777,1395.346930150072,1408.9582326022557,441563
2022-12-27,1467.4942626953125,1485.419511651707,1447.8210386617156,1468.6099451048628,392262
2022-12-28,1468.16357421875,1478.0559330521723,1450.015093742048,1468.907362417643,244874
2022-12-29,1461.6927490234375,1466.750485105045,1449.643354700676,1464.5191202696926,285570
2022-12-30,1460.725830078125,1483.3369208227107,1456.3374308668128,1472.8123894507428,276357
2023-01-02,1460.130615234375,1483.1137197973749,1456.3373437127682,1468.981743530499,299626
2023-01-03,1493.19189453125,1505.0553398802876,1454.10585098392,1461.5437325746307,729917
2023-01-04,1498.8076171875,1516.5470391480794,1479.4691231644283,1495.758133861421,818081
2023-01-05,1495.0513916015625,1507.4726782915068,1466.7131106590912,1507.4726782915068,423503
2023-01-06,1532.3897705078125,1554.5174713560627,1488.3203158772637,1488.3203158772637,1272623
2023-01-09,1556.56298828125,1561.9554535375103,1532.3898681669789,1542.914521194295,436418
2023-01-10,1552.471923828125,1558.1991171924426,1533.8400535894382,1558.1991171924426,312221
2023-01-11,1535.588134765625,1570.509020213101,1529.228768912212,1552.2862065757715,308805
2023-01-12,1534.9931640625,1550.0177125210284,1526.1793207870599,1539.6418411190189,199670
2023-01-13,1522.9063720703125,1542.6167597918575,1498.7704202522627,1542.6167597918575,416631
2023-01-16,1469.5396728515625,1530.6419275892124,1450.3871249199276,1523.947833166505,630481
2023-01-17,1479.320556640625,1489.175751338133,1444.1021089916912,1468.9818511380136,858290
2023-01-18,1510.4482421875,1519.187755591761,1479.395077538317,1487.130525060279,579853
2023-01-19,1493.6383056640625,1515.8403347637566,1488.3573368671512,1500.5926768331103,453882
2023-01-20,1483.9317626953125,1509.7412369827678,1477.1633386208105,1493.5638439238542,486143
2023-01-23,1504.42333984375,1508.8116178468852,1457.8249579429319,1487.8740514181225,503265
2023-01-24,1494.865478515625,1527.5178284468168,1489.807743040672,1506.059466551779,217023
2023-01-25,1471.4735107421875,1499.068128855082,1457.825044084804,1491.2955170357307,334011
2023-01-27,1460.2794189453125,1472.7007066934218,1442.8748468654146,1472.7007066934218,650003
2023-01-30,1465.7464599609375,1487.3163206335985,1449.0855536383372,1460.3167085303846,336989
2023-01-31,1526.7740478515625,1532.947465641076,1477.6468619199954,1486.1259746839,661494
2023-02-01,1490.3658447265625,1551.6167643942886,1467.4943539091744,1540.4599396053188,422703
2023-02-02,1514.6875,1538.7118345830854,1484.8615206252039,1495.4977887038222,323599
2023-02-03,1527.5924072265625,1534.9931251246678,1493.7500391135777,1515.8034109339992,320897
2023-02-06,1556.1168212890625,1571.624759727777,1516.063746613094,1535.922919468935,654241
2023-02-07,1543.02587890625,1584.2317960883659,1532.2409493575708,1569.3931963940158,554729
2023-02-08,1512.90234375,1541.7241361142594,1474.9319808600374,1532.2036714935334,1265370
2023-02-09,1510.0760498046875,1522.0509918510427,1495.3119019035028,1512.9024208590583,386402
2023-02-10,1444.176513671875,1517.2908749228427,1430.3048142931077,1509.8901575741074,1332869
2023-02-13,1415.131591796875,1440.6807929101026,1409.590465728489,1431.7924983836024,721781
2023-02-14,1421.2677001953125,1430.639504590361,1405.834094321568,1413.197646270586,350381
2023-02-15,1414.462158203125,1424.3545178489128,1407.4333349345197,1422.0859878678516,346178
2023-02-16,1433.875,1444.3996524244405,1419.1480164935288,1423.6107461051436,370339
2023-02-17,1423.2388916015625,1436.0320743896145,1413.9415379851425,1426.5859389034736,251777
2023-02-20,1413.2347412109375,1445.1804685226634,1409.47863502339,1423.2387166845683,549353
2023-02-21,1446.259033203125,1461.469526562489,1414.1273577847976,1424.3544458424128,516297
2023-02-22,1381.140625,1445.738594280868,1376.0084370004402,1445.738594280868,914845
2023-02-23,1396.0904541015625,1411.3381122310682,1341.607968346134,1378.2395372670194,863269
2023-02-24,1388.541015625,1426.288268484347,1385.6774793490385,1403.0821724409038,598299
2023-02-27,1393.30126953125,1396.6854816874002,1359.6448529043776,1390.8839578398172,454809
2023-02-28,1404.6439208984375,1411.5611264797292,1384.9707001243578,1390.8838401271264,589235
2023-03-01,1415.4661865234375,1436.9988802924718,1408.586145300505,1414.6852330829613,262027
2023-03-02,1418.2554931640625,1431.0115108152795,1411.1895043791499,1420.6356399139968,278946
2023-03-03,1428.966064453125,1431.7924356987503,1413.9786822219648,1425.8421294724697,255547
2023-03-06,1430.639404296875,1443.0234049038772,1427.887363808894,1437.7053920328742,278530
2023-03-08,1440.90380859375,1445.9243793554006,1417.4744783727133,1430.6395548040105,307607
2023-03-09,1429.7098388671875,1449.4573932523015,1419.8918094771743,1448.9738824523888,292511
2023-03-10,1416.8795166015625,1431.4205533499492,1403.9375520290857,1422.19753019953,793229
2023-03-13,1401.0740966796875,1427.3298004277547,1379.9504597556304,1423.5736935858572,1016645
2023-03-14,1378.6859130859375,1416.5199679635944,1361.8267120028818,1412.2060201336117,596155
2023-03-15,1338.6204833984375,1402.2887057743833,1333.8601904289571,1387.4129415688558,533464
2023-03-16,1322.9512939453125,1345.6616514640255,1317.9927058870467,1338.8684100360572,258800
2023-03-17,1326.42236328125,1346.7525752044392,1314.372969563698,1333.909879998626,223456
2023-03-20,1307.3814697265625,1376.2562143768691,1288.2412700238176,1326.422400813592,377501
2023-03-21,1323.4471435546875,1328.9015903808777,1308.42259763069,1313.9266787608294,185674
2023-03-22,1336.3394775390625,1343.7277252991478,1323.6454437257407,1328.2074415725547,282029
2023-03-23,1325.281982421875,1340.4056780114768,1318.587887652707,1333.8603651157048,142923
2023-03-24,1322.5052490234375,1342.7361942008479,1314.12516143149,1318.9846026002974,469411
2023-03-27,1311.348388671875,1334.8024158862042,1306.2410182055523,1318.9349323771892,288500
2023-03-28,1290.5220947265625,1319.3314168847428,1287.0510833056296,1317.6455454754268,437021
2023-03-29,1331.5791015625,1336.736105441027,1290.5220919755463,1290.5220919755463,390104
2023-03-31,1325.926513671875,1353.099601813881,1321.2158547788747,1343.7277972753936,407833
2023-04-03,1325.1331787109375,1339.1164955124195,1316.0094240440703,1328.9017544981568,211331
2023-04-05,1319.4803466796875,1344.1245063197587,1316.0589691762725,1334.8519704102664,381875
2023-04-06,1387.1651611328125,1392.371679163874,1326.4224507704282,1326.4224507704282,807435
2023-04-10,1392.570068359375,1402.735175678152,1375.5125708432936,1396.2890100613668,466538
2023-04-11,1426.4866943359375,1435.0154419282153,1391.5781603625144,1397.3301711657605,457896
2023-04-12,1418.0074462890625,1437.940946682632,1409.2804036744951,1424.6023928206246,286684
2023-04-13,1437.3460693359375,1446.3706764769508,1415.2308365683218,1419.1977074926613,214959
2023-04-17,1442.304443359375,1451.874542252058,1421.180931466273,1437.990496082981,238001
2023-04-18,1438.734375,1457.6761578276057,1432.9328509824925,1443.49466812473,244777
2023-04-19,1420.982666015625,1449.9904084095629,1417.462140856378,1442.949237031781,260649
2023-04-20,1406.8507080078125,1428.4205680288035,1403.2805484920582,1428.0734910449214,151865
2023-04-21,1390.6361083984375,1410.569609434438,1385.429590609818,1408.2390971123418,193525
2023-04-24,1382.355224609375,1410.1233181678301,1378.4875016518768,1396.9334253038517,230164
2023-04-25,1378.8348388671875,1395.7436760243197,1373.6779546566722,1387.413222172538,285483
2023-04-26,1379.132080078125,1388.702178959458,1372.090909455442,1378.7850031361647,197615
2023-04-27,1385.08251953125,1388.4543838491368,1372.4381191336397,1380.4710081155583,232524
2023-04-28,1435.51123046875,1438.9326077756898,1388.404644322107,1395.5945969444895,367467
2023-05-02,1471.213134765625,1482.6178877483044,1437.990593468255,1447.858135668686,581047
2023-05-03,1474.436279296875,1489.857537838678,1457.8250079478098,1471.1635624879707,550274
2023-05-04,1477.708984375,1484.7501557238647,1458.816714059488,1477.6593500670544,239799
2023-05-05,1493.923583984375,1511.5265733537074,1475.7751014503049,1478.651107023913,571178
2023-05-08,1530.8155517578125,1537.906358146521,1497.5930058942572,1502.9483061557648,563133
2023-05-09,1535.4268798828125,1552.0381508261596,1527.443504229609,1542.1209741435644,521655
2023-05-10,1526.40234375,1552.0382224456303,1517.179320585872,1545.740839173444,308902
2023-05-11,1534.48486328125,1556.8976593471532,1527.3444231235567,1532.2038641213012,291682
2023-05-12,1560.4677734375,1574.1535258799233,1529.2286664382746,1534.4848185793196,425278
2023-05-15,1582.434326171875,1586.7482738294918,1538.3028898059922,1567.9056380777665,933148
2023-05-16,1672.531982421875,1725.2418049531664,1596.71520899196,1635.342566862539,6040726
2023-05-17,1705.6055908203125,1711.109672248898,1648.4330435938878,1677.9862782419575,1209502
2023-05-18,1670.250732421875,1714.4814342008447,1654.928743935442,1711.70457649892,729612
2023-05-19,1638.4664306640625,1684.7300858180236,1631.5244067284843,1676.0029215895806,546011
2023-05-22,1663.556640625,1674.961393031367,1620.7144887047937,1640.2512770119895,456249
2023-05-23,1699.0108642578125,1707.7380292070973,1664.1520808923435,1674.8130471025504,685664
2023-05-24,1700.151123046875,1705.7543519613955,1687.804286771798,1698.7626941299336,408146
2023-05-25,1737.4398193359375,1742.9935354416004,1691.8704383104373,1699.6058849866874,653551
2023-05-26,1761.6375732421875,1765.1582192232288,1733.5720371812997,1750.3319681420066,544317
2023-05-29,1777.5548095703125,1801.9510405022945,1756.282392510538,1775.1746629053973,499586
2023-05-30,1775.0755615234375,1790.0504748016092,1758.6625849235622,1777.5052215004212,330644
2023-05-31,1806.264892578125,1810.3805449804327,1772.3977110882179,1775.1745688934398,443608
2023-06-01,1794.116455078125,1821.7854029383109,1786.9761361087235,1805.9179198424954,376713
2023-06-02,1850.7930908203125,1864.4292087031147,1802.94271352248,1804.9261488508876,853520
2023-06-05,1869.239013671875,1879.2058246128884,1839.6362656308581,1864.4292072161795,612285
2023-06-06,1894.626953125,1899.0401693429162,1860.4623281977476,1874.2967411164425,685189
2023-06-07,1907.3707275390625,1914.0151877983767,1883.3215729773472,1903.4533699336414,297211
2023-06-08,1935.73388671875,1941.5354113032768,1902.114631020143,1907.0732197350026,920008
2023-06-09,1971.3861083984375,1979.7165617241264,1932.0149620817938,1940.7420056607045,653794
2023-06-12,1951.0556640625,2002.277904097352,1944.7582812951496,1979.9146230151969,733895
2023-06-13,1990.32763671875,1994.3441415189673,1939.5021084975433,1953.6340846370983,743387
2023-06-14,1952.344970703125,2007.286152579176,1948.0310231489302,2000.2944947415174,701708
2023-06-15,1953.7333984375,1966.3777984337823,1931.2213352203141,1952.3449695201693,577166
2023-06-16,1943.91552734375,1979.4685836549525,1938.9073043972585,1958.6425113820296,339650
2023-06-19,1953.7828369140625,1988.0467287223232,1943.9152951300673,1943.9152951300673,477269
2023-06-20,1973.567626953125,1996.178715238376,1956.658793718015,1956.658793718015,430834
2023-06-21,1968.9066162109375,1996.5259286076257,1960.7745798881492,1982.8898108924554,431397
2023-06-22,1935.5352783203125,1978.4270664443475,1930.7254719564103,1978.4270664443475,264561
2023-06-23,1944.2625732421875,1955.6673269235366,1911.4367412059883,1945.8989316778914,489311
2023-06-26,1926.6099853515625,1963.4028099763495,1917.9820895256041,1944.064314244318,422277
2023-06-27,1938.411376953125,1963.601030546744,1926.6099122041428,1926.6099122041428,542165
2023-06-28,1965.0885009765625,1969.7495254544847,1943.7665717456787,1957.452323582703,972263
2023-06-30,1966.1300048828125,1990.3278202885897,1951.7500980110278,1968.55966486157,719579
2023-07-03,1948.4276123046875,1975.997411310296,1933.948558872815,1975.997411310296,371387
2023-07-04,1908.46142578125,1957.5514483221382,1892.0980849342873,1955.6671606188136,455401
2023-07-05,1853.6690673828125,1907.0730385564284,1848.6113315860173,1907.0730385564284,1206128
2023-07-06,1826.793701171875,1862.9417641689497,1817.8186072513627,1853.6692275636779,541865
2023-07-07,1772.59619140625,1826.6943177862618,1768.2822437442705,1824.760516749291,709460
2023-07-10,1770.86083984375,1799.9677318466001,1761.340373573115,1784.0506133974611,372301
2023-07-11,1764.5137939453125,1795.0091145375948,1758.0676286168625,1780.133348395018,344369
2023-07-12,1824.314208984375,1830.909034355824,1760.546717151106,1777.7034805201577,982273
2023-07-13,1830.859619140625,1851.4872742490163,1804.9261775968134,1851.4872742490163,751133
2023-07-14,1834.5289306640625,1845.4378251709875,1822.8762478953017,1839.6363009405256,288190
2023-07-17,1820.6944580078125,1848.5120654572015,1815.0912290729605,1848.5120654572015,366563
2023-07-18,1824.81005859375,1842.0163351217925,1819.8514704842692,1828.7272947765277,302525
2023-07-19,1892.8916015625,1898.7923947499798,1824.810275571588,1829.7192299599578,1143323
2023-07-20,1873.0572509765625,1900.3791231936184,1862.9417784314219,1893.1395352529726,418305
2023-07-21,1906.4781494140625,1922.9406391838713,1840.4792874072173,1871.420952586648,753246
2023-07-24,1875.090087890625,1932.3617803807394,1868.395993963209,1908.0150644136108,605108
2023-07-25,1871.37109375,1893.0897331993353,1834.2808316440005,1879.30483447602,353977
2023-07-26,1877.866943359375,1905.089543540656,1862.6936153853394,1871.3711445399363,419532
2023-07-27,1885.0074462890625,1917.486201446746,1874.6440445937626,1887.6850356951397,765508
2023-07-28,1893.4371337890625,1912.1806236699613,1876.3300024244631,1890.214051068196,419161
2023-07-31,1953.0391845703125,1973.5181788288105,1857.536844833415,1857.536844833415,910329
2023-08-01,1984.0302734375,2024.1453243495441,1964.691779583575,1973.5180907338893,1252369
2023-08-02,1963.9478759765625,1992.757319961902,1935.8327069294776,1983.3855162400241,828024
2023-08-03,1980.212158203125,1988.8896873801764,1953.6837118618535,1953.6837118618535,491092
2023-08-04,2011.13916015625,2043.2573947707397,1988.6513905373138,1988.6513905373138,1141954
2023-08-07,1976.4393310546875,2023.3508499590605,1971.2766303625979,2023.3508499590605,562434
2023-08-08,1951.4200439453125,1990.339184336294,1944.718397902763,1985.6729014961206,441489
2023-08-09,1963.1356201171875,1985.573700322985,1941.3924769689525,1966.2133889656,626620
2023-08-10,1960.008056640625,1975.6947994700288,1949.2358056466292,1950.9235790942219,386802
2023-08-11,1960.156982421875,1984.6799933916452,1922.4291986555504,1984.6799933916452,1151206
2023-08-14,1975.1983642578125,1987.4599909826668,1886.3891951035166,1917.2168143755227,900596
2023-08-16,2007.8626708984375,2020.3228162066914,1952.6609912536846,1973.7090744720924,1096560
2023-08-17,1977.4322509765625,2040.2788448962326,1957.4266940526315,2017.3443478132117,1034879
2023-08-18,1926.2020263671875,1973.1632402461191,1906.246037402304,1973.1632402461191,1046930
2023-08-21,1967.00732421875,1985.672696039862,1921.1383334185666,1926.9960921110528,816060
2023-08-22,1994.7076416015625,2010.4937650328427,1966.213284619932,1971.723454073251,715291
2023-08-23,2003.6431884765625,2037.3003679166964,1995.9983963930335,2002.5510926354661,1078815
2023-08-24,1979.0706787109375,2035.9106914180252,1969.3409534055754,2025.3865272120931,909899
2023-08-25,1969.9364013671875,2003.146731043186,1949.5832548152007,1975.744470168462,1196631
2023-08-28,1974.453857421875,2025.3864172758315,1966.8090650114816,1970.035783568416,1558725
2023-08-29,1948.34228515625,1995.6012762144967,1941.9881075997787,1984.9282843143444,1260238
2023-08-30,1958.7669677734375,1990.6866824351464,1952.015631740719,1963.8304092000512,1260010
2023-08-31,1940.0521240234375,2004.536803319028,1898.7004614196117,1981.6023054399875,17916345
2023-09-01,1897.40966796875,1942.5341562117967,1891.4526494175243,1928.0883377467333,780141
2023-09-04,1879.240966796875,1915.7277079994353,1871.1493251209447,1913.3448761715244,541381
2023-09-05,1900.735595703125,1909.2243953934326,1879.042144622822,1882.4178126187978,634880
2023-09-06,1884.701416015625,1913.8907096745452,1874.723361561543,1906.2459177535616,402247
2023-09-07,1887.1834716796875,1898.7499187467326,1871.4966081305454,1885.3963176869524,353912
2023-09-08,1895.62255859375,1902.7212417907015,1879.5882267348434,1887.183449320204,838017
2023-09-11,1901.8277587890625,1914.188523128645,1886.7365732336111,1896.9628363323982,711167
2023-09-12,1891.7008056640625,1921.1384290879653,1853.9730225605263,1915.1814107031964,488266
2023-09-13,1887.5311279296875,1896.3177066769504,1859.9799151756115,1891.6514236257758,396559
2023-09-14,1894.3319091796875,1916.1743106482163,1880.8789270695931,1888.3748905973614,444154
2023-09-15,1912.848388671875,1916.1743665715715,1891.4527144942488,1894.3319644655742,364216
2023-09-18,1889.0699462890625,1911.2102485558723,1875.0709759803708,1911.2102485558723,342835
2023-09-20,1879.1414794921875,1900.2889441198251,1862.8093685500637,1896.1190795546438,307241
2023-09-21,1879.588134765625,1886.091140052477,1867.326630248487,1879.4391850759753,221982
2023-09-22,1827.861572265625,1883.063253967397,1820.5145583868323,1876.4608674169442,391026
2023-09-25,1854.6185302734375,1863.4547991161605,1797.2822239975858,1831.2371828722144,622618
2023-09-26,1906.04736328125,1911.2100640668832,1843.6971890764687,1860.5754078240723,707542
2023-09-27,1914.337646484375,1925.7552657856845,1897.4097363462647,1909.174824169747,438394
2023-09-28,1884.9000244140625,1918.5075144368957,1876.4609144812105,1914.1887000633724,403244
2023-09-29,1898.7498779296875,1906.1465816449938,1879.4392589037063,1896.3174772879447,349688
2023-10-03,1875.8651123046875,1905.2530454100395,1872.042716416276,1905.2530454100395,321425
2023-10-04,1855.065185546875,1889.9138413166304,1838.4351752870755,1876.4608591654362,291689
2023-10-05,1844.3426513671875,1873.2341677569966,1841.7116105415284,1851.6896653195702,153879
2023-10-06,1875.8651123046875,1881.4249718874541,1843.3497203103266,1856.5543716699162,318424
2023-10-09,1848.1649169921875,1868.8655312269839,1839.0308707961626,1866.4826996814586,345097
2023-10-10,1897.8564453125,1900.7852641777617,1848.7110441232603,1848.7110441232603,285755
2023-10-11,1920.8406982421875,1934.2439907840426,1898.3530488230963,1906.196360094605,493856
2023-10-12,1913.692138671875,1939.4066253710196,1909.621533718539,1925.1097571386592,375205
2023-10-13,1923.273193359375,1930.024408642282,1901.3315315971752,1913.1958789431028,363379
2023-10-16,1935.4849853515625,1952.9093136748434,1914.5858506197346,1935.8325750686881,774044
2023-10-17,1953.1077880859375,1956.3841968025174,1931.4640265023615,1949.7818102650788,517358
2023-10-18,1949.3350830078125,1965.4686750955125,1934.0950679518326,1957.8734521196707,474993
2023-10-19,1830.6414794921875,1940.9952760771248,1826.8190833667056,1940.9952760771248,2077841
2023-10-20,1829.3509521484375,1870.5039768334398,1812.423041247051,1841.7614084703155,2374492
2023-10-23,1810.3875732421875,1832.8257739312933,1792.7647262842015,1825.8262284921736,724200
2023-10-25,1806.2176513671875,1845.1864807288266,1793.8071961564744,1816.8409525492173,442617
2023-10-26,1769.0855712890625,1810.9336511173765,1760.2989931091604,1810.9336511173765,675909
2023-10-27,1815.3907470703125,1823.3898628351799,1784.239124354493,1785.7793659458296,252287
2023-10-30,1812.40966796875,1833.62468177952,1788.3130997378048,1818.4214376342125,822819
2023-10-31,1839.0401611328125,1843.2632710530147,1809.627466889349,1821.4024667602027,792115
2023-11-01,1812.45947265625,1843.3130664747666,1808.4847808302495,1842.8162299965165,704496
2023-11-02,1830.5938720703125,1845.9460696216872,1815.4403605767193,1817.4277063463708,308915
2023-11-03,1839.636474609375,1855.1377490682053,1828.5569964580857,1840.183043275688,209124
2023-11-06,1843.6607666015625,1858.1683670256998,1836.3075627077503,1845.2506190196386,512282
2023-11-07,1860.3543701171875,1864.9749733996723,1832.7303360494254,1843.6607380390633,191970
2023-11-08,1878.0418701171875,1883.0102348529474,1858.863933717968,1872.0798324342759,212578
2023-11-09,1887.2332763671875,1892.946895605893,1863.5838125643172,1882.9108234635853,184803
2023-11-10,1879.38330078125,1889.9659419079937,1864.1801774973633,1878.0418665647258,137779
2023-11-13,1861.397705078125,1884.997435757749,1850.7654538805934,1884.997435757749,364407
2023-11-15,1871.582763671875,1885.9910196173182,1863.5340380584937,1877.0479642029052,222223
2023-11-16,1880.8736572265625,1886.885426575706,1863.8321433415451,1872.2783626894238,167444
2023-11-17,1899.306396484375,1915.3045058403625,1874.6632601598255,1880.8241048899433,279642
2023-11-20,1880.1781005859375,1905.864519405931,1876.0543340137633,1905.864519405931,351051
2023-11-21,1929.1165771484375,1932.6937753007132,1874.2161498551911,1874.2161498551911,379527
2023-11-22,1935.625,1961.4108835075263,1918.8320256967118,1937.6123457209058,517972
2023-11-23,1941.587158203125,1954.306220129023,1937.662198678833,1951.3749335271305,171925
2023-11-24,1921.4652099609375,1951.523814744008,1912.8203043772216,1951.523814744008,184033
2023-11-28,1920.322509765625,1933.7370932055499,1901.9891729522878,1922.7072275610253,247010
2023-11-29,1933.439208984375,1947.599049009058,1928.7192623094804,1932.6939542462337,354178
2023-11-30,1937.364013671875,1970.6520559775634,1917.7887059695058,1932.5447243439273,1441205
2023-12-01,1965.9320068359375,1972.4406125400756,1932.2465941689575,1946.456043183294,790565
2023-12-04,1978.4027099609375,2002.6979634299732,1950.7289444302671,1986.3520930245675,584918
2023-12-05,1958.5291748046875,1990.6248561732816,1940.394645408348,1986.352014426469,397445
2023-12-06,1953.90869140625,1981.8806079261183,1947.598892722583,1959.5229675759865,319651
2023-12-07,1957.1380615234375,1991.2707003663272,1943.92228512425,1956.0947777881627,987794
2023-12-08,1916.5467529296875,1966.8265812680154,1906.1131866791306,1961.5104551047068,253175
2023-12-11,1938.25830078125,1942.6304857248263,1897.9152060022598,1928.7687975300144,313475
2023-12-12,1916.24853515625,1956.3929462448964,1902.883682614774,1941.3885090906606,234803
2023-12-13,1908.8458251953125,1922.7075149694467,1886.5875258267251,1921.7138419735095,269358
2023-12-14,1937.6124267578125,1945.412856076971,1899.4554843589467,1920.769719587905,421435
2023-12-15,1948.0958251953125,1964.143667652766,1937.910677422677,1949.3379163870973,395548
2023-12-18,1929.017333984375,1961.5103907218265,1920.223231394893,1955.548353060058,370832
2023-12-19,1896.7725830078125,1937.662249087902,1890.9596205201424,1927.7255196054,483766
2023-12-20,1853.199951171875,1945.4624553124481,1841.0274581950086,1907.851960455764,786084
2023-12-21,1872.228759765625,1877.0480489190868,1812.0122081837678,1838.2948070409268,400698
2023-12-22,1921.6639404296875,1929.7126662197259,1865.869185887791,1872.2287163594347,763251
2023-12-26,1909.8394775390625,1933.687629183671,1904.3742761205065,1932.693956198479,299801
2023-12-27,1894.5865478515625,1920.4220444625773,1879.6317214863845,1909.8394033219336,445050
2023-12-28,1877.5947265625,1909.0443776440884,1866.266830942163,1906.8086135597312,844215
2023-12-29,1895.4808349609375,1899.9026309541714,1870.3408614610298,1882.0165183196655,340623
2024-01-01,1892.8970947265625,1901.840150601631,1881.0724845523387,1896.9215183895267,238462
2024-01-02,1887.6802978515625,1894.98389046598,1856.1809164713127,1890.9594668334626,279468
2024-01-03,1849.3245849609375,1885.9911387354603,1841.7229631189819,1885.9911387354603,450711
2024-01-04,1841.573974609375,1860.5531021267882,1828.3580769470423,1854.1438393500198,448704
2024-01-05,1829.5010986328125,1858.615645238181,1823.8868218298567,1848.3311537767527,391876
2024-01-08,1796.6103515625,1832.9787557708069,1791.592254853072,1829.4511684248173,972370
2024-01-09,1810.670654296875,1823.6381337631274,1798.54789380807,1810.670654296875,562377
2024-01-10,1799.4918212890625,1818.3219948066014,1793.4304410892098,1816.3346490821937,307426
2024-01-11,1800.883056640625,1817.4277346905938,1792.9834056022426,1807.4412735231638,533209
2024-01-12,1800.3861083984375,1811.4655848086684,1794.076310132776,1810.4221798089332,265406
2024-01-15,1791.3438720703125,1812.3103466046086,1776.9356146053176,1808.4847300890133,719547
2024-01-16,1782.7982177734375,1808.5839804304012,1771.9671591469864,1803.4169299855782,298260
2024-01-17,1763.47119140625,1791.840600324301,1759.7946503115693,1777.7304941091961,319628
2024-01-18,1780.065673828125,1786.6238907693544,1728.9908620348592,1763.7694138573993,876994
2024-01-19,1839.0401611328125,1847.237962742617,1790.2011127372327,1795.5172386124827,623395
2024-01-23,1763.173095703125,1827.1656502833669,1753.832546831514,1823.3399128454005,1306351
2024-01-24,1816.284912109375,1822.6444426702283,1760.9869932145932,1768.5390039857068,489460
2024-01-25,1788.660888671875,1821.4023610454624,1775.1965728356347,1817.9245060189162,512718
2024-01-29,1856.92626953125,1863.1367252821906,1798.547985472408,1798.547985472408,1046879
2024-01-30,1864.5772705078125,1877.991853260811,1851.4608381129487,1877.991853260811,773114
2024-01-31,1818.819091796875,1872.0799405814225,1795.6664622715562,1830.345674390117,1742853
2024-02-01,1877.2467041015625,1892.9467836875497,1808.4845912395488,1822.3960111721606,1028119
2024-02-02,1890.4130859375,1930.706573234169,1877.9425629910688,1877.9425629910688,829998
2024-02-05,1862.93798828125,1907.7028793312986,1848.231580945937,1897.9152255950212,814203
2024-02-06,1876.7996826171875,1892.8971350157522,1862.937994234977,1881.9667331580213,387406
2024-02-07,1882.3642578125,1900.8962818929517,1874.3652636444726,1883.0101694653129,265200
2024-02-08,1861.596435546875,1898.908901251829,1857.7708191629195,1890.9595180964054,479678
2024-02-09,1840.7293701171875,1869.049048613847,1823.9363946435053,1867.1114349201036,358812
2024-02-12,1926.135498046875,1942.6304432800969,1821.9489228292705,1840.7292428640476,1545736
2024-02-13,1887.6802978515625,1935.5754028433548,1862.7888652997126,1931.650322237995,484655
2024-02-14,1938.009765625,1942.5806363501401,1868.104906802897,1868.104906802897,609990
2024-02-15,1942.879150390625,1953.5611352348647,1932.2965085876674,1942.5809999688054,397001
2024-02-16,1956.34326171875,1971.2483552772594,1935.8735028600274,1942.8789453517115,360551
2024-02-19,1954.2564697265625,1961.3116444481307,1936.1219390620051,1957.6847140556265,421390
2024-02-20,1939.6495361328125,1972.391010265049,1932.5944826738892,1954.2564795097092,329238
2024-02-21,1918.28564453125,1957.5357263540857,1910.584679110314,1953.5610345239252,649882
2024-02-22,1952.7164306640625,1957.4859880665613,1912.9197803198242,1930.7065504637728,305171
2024-02-23,2062.765380859375,2081.744629411708,1955.5481769366306,1968.4659240403787,2917191
2024-02-26,2071.261474609375,2111.0083915059868,2029.1298397373378,2080.7510995376265,2331714
2024-02-27,2081.9931640625,2121.0445579331495,2061.8712876409436,2081.645281505733,1057268
2024-02-28,2039.4638671875,2103.357082302674,2026.297701442603,2090.6877530009806,639894
2024-02-29,2056.008544921875,2076.7762099833462,2018.6463495603675,2039.5134789429753,2050782
2024-03-01,2060.47998046875,2092.873567646471,2052.977702435731,2073.298262334835,388318
2024-03-04,2083.83154296875,2105.9902546400667,2058.4431517651337,2101.618190903035,763233
2024-03-05,2093.420166015625,2130.235791680113,2074.7888010635456,2092.674911417542,803395
2024-03-06,2079.757568359375,2097.643682181864,2034.6945225161994,2097.643682181864,477261
2024-03-07,2086.961181640625,2120.497636767572,2066.8890407208587,2066.8890407208587,415811
2024-03-11,2087.706787109375,2111.5052048211605,2064.1567876254703,2086.961532425733,801434
2024-03-12,2031.4151611328125,2096.3516606413586,2022.6709124248314,2088.70042785963,479940
2024-03-13,1988.4886474609375,2070.0691723679884,1963.100255078075,2036.0856060089873,1066781
2024-03-14,2002.896728515625,2032.806257401722,1963.0504710096982,1969.7080306658015,563858
2024-03-15,2017.3546142578125,2044.3824678308047,1944.419122562147,2002.2508351372508,514531
2024-03-18,1958.1317138671875,2037.0293632192715,1932.147144315799,2022.372688532694,1769550
2024-03-19,1939.4010009765625,2009.2065192645623,1866.7138071402144,1967.3729161942633,2131586
2024-03-20,1892.7977294921875,1952.5671764822666,1883.8546737220397,1939.4010110428824,1106750
2024-03-21,1930.2095947265625,1937.6621414243484,1889.9658425585185,1902.4860967512068,390508
2024-03-22,1926.63232421875,1944.3693604337943,1899.9522323022086,1927.7253401004527,519482
2024-03-26,1980.290771484375,1986.3521519907372,1913.6153433184656,1913.6153433184656,456184
2024-03-27,1985.4578857421875,2006.0269884679356,1975.1236628618951,1997.0839319692539,327476
2024-03-28,1978.6510009765625,1999.319444132435,1969.459527400149,1997.2823663341571,379847
2024-04-01,2016.8577880859375,2024.9066354206543,1982.3773878047082,1985.5570924890212,445828
2024-04-02,2038.718505859375,2047.959711738658,2024.1115637125893,2037.029310560043,490877
2024-04-03,2044.7303466796875,2052.0834288737015,2015.5660722270698,2038.7185773015995,290457
2024-04-04,2049.45068359375,2086.7134232954545,2038.0731755906886,2080.7513849431816,379027
2024-04-05,2029.378173828125,2054.865786192967,2023.0682539940315,2049.450317509519,301755
2024-04-08,2011.9888916015625,2045.62457295943,1988.4387716176052,2045.62457295943,670678
2024-04-09,1984.4144287109375,2030.1729910228376,1977.4089865459514,2029.974304970508,173393
2024-04-10,1982.6259765625,2001.952867145751,1977.4091935142837,1995.2455746551875,180200
2024-04-12,1951.822021484375,2009.7532008945054,1947.6486437644182,1977.5581742186757,413279
2024-04-15,1957.0885009765625,1964.342240339107,1923.8004589581715,1927.775150542457,570103
2024-04-16,1974.7757568359375,1991.072016187469,1932.693734989209,1932.693734989209,423415
2024-04-18,1974.8751220703125,1995.29514832761,1962.5536753640274,1977.4090364402111,500791
2024-04-19,1931.3524169921875,1964.9384892880678,1925.9865589040987,1962.5040391258067,494224
2024-04-22,1949.2882080078125,1968.4661447621897,1937.5629397930588,1937.5629397930588,332780
2024-04-23,1946.207763671875,1965.7831930432453,1941.6368924834517,1955.5980455775566,507115
2024-04-24,1976.266357421875,1982.4768131553435,1945.6115721810663,1953.5609555199062,165710
2024-04-25,1997.928466796875,2019.8388817498987,1973.4344052316628,1993.3078634918004,689666
2024-04-26,2026.8443603515625,2030.2724834432174,1972.9376038622513,2004.1885690129054,351693
2024-04-29,2042.49462890625,2075.782670778475,2028.0366398127112,2043.9851382438123,639029
2024-04-30,2104.69873046875,2135.8004991068783,2010.2003377695362,2010.2003377695362,1100749
2024-05-02,2049.84765625,2128.447276912928,2042.345620195689,2106.5864738820765,463442
2024-05-03,2056.406005859375,2070.714798158711,2031.1666906846697,2065.796165968059,298394
2024-05-06,2096.153076171875,2103.307472852232,2046.9662654250117,2050.642806800035,445527
2024-05-07,2055.51220703125,2117.517309482159,2018.1997347809192,2101.1217038479704,386392
2024-05-08,2076.031005859375,2114.5358288710063,2037.377228958321,2047.5623756904301,614527
2024-05-09,2058.93994140625,2094.6624329557376,2047.2642850555717,2084.6262398201916,295120
2024-05-10,2144.991943359375,2151.2023990851694,2046.966207221808,2052.182990031475,1055032
2024-05-13,2201.5322265625,2213.9034066847953,2105.791737587821,2161.1392742357525,1447510
2024-05-14,2197.55712890625,2229.1062402997477,2186.626728108503,2211.8659201849414,733542
2024-05-15,2198.50146484375,2223.3432893052614,2167.7970668476987,2200.041706479552,532249
2024-05-16,2258.668212890625,2264.5805180715397,2195.917624280761,2196.0668207719295,763037
2024-05-17,2288.4287109375,2337.118683510638,2252.0601854057245,2275.5109631119735,1246909
2024-05-21,2065.05078125,2190.9490775156123,2048.0093896296453,2186.0801777943393,2005808
2024-05-22,2092.12841796875,2111.554770375385,2065.1502975879635,2073.049948092069,996545
2024-05-23,2091.880126953125,2119.951386195521,2078.266856830864,2101.6181698289633,561757
2024-05-24,2135.403076171875,2151.599993067794,2098.9850611852567,2105.3942029133073,891219
2024-05-27,2160.493408203125,2188.415715093405,2126.6587957886563,2153.239547160133,1501537
2024-05-28,2135.05517578125,2185.086703246384,2127.4536751480255,2161.934076198031,428424
2024-05-29,2100.67431640625,2131.428445220194,2093.1720372290624,2129.341635018669,287874
2024-05-30,2088.25341796875,2109.5676540369836,2075.33566973395,2101.618270507876,325338
2024-05-31,2083.583251953125,2120.398641198782,2056.9030358268506,2106.5866840352287,1720844
2024-06-03,2132.422119140625,2165.2630581712733,2105.3445316538673,2134.409465011213,756841
2024-06-04,1999.369140625,2128.4970017725195,1919.179789210687,2128.4970017725195,871166
2024-06-05,2102.91015625,2114.2379310767333,1973.4842518262708,2007.2194006597554,636073
2024-06-06,2135.701171875,2170.181572330109,2097.1466155689996,2114.4861588250724,465552
2024-06-07,2145.140869140625,2156.269955877588,2131.229450070447,2141.364864016683,408587
2024-06-10,2147.0791015625,2171.175673684629,2101.270675665138,2166.207308298623,1119452
2024-06-11,2180.963134765625,2215.443537033115,2136.3968066672405,2137.440211766427,664660
2024-06-12,2212.36279296875,2243.5145327930018,2186.1299276610976,2193.0359052140684,706912
2024-06-13,2222.051025390625,2234.720353354291,2208.139606450129,2226.323866870099,292695
2024-06-14,2255.091064453125,2277.4487061909367,2228.2618943677508,2235.764173781182,658492
2024-06-18,2242.91845703125,2283.2616744512206,2236.757733472457,2255.7369832026643,360927
2024-06-19,2190.6513671875,2236.7079604358128,2185.384852310795,2231.988014171997,193812
2024-06-20,2197.55712890625,2230.695971221881,2185.13621890881,2207.096242226745,314667
2024-06-21,2259.26416015625,2286.341745100526,2214.350196217403,2233.2797123765286,842534
2024-06-24,2369.3134765625,2378.256532325966,2229.1561133684704,2258.5686845440982,2101515
2024-06-25,2370.35693359375,2399.7200158472133,2356.097873260035,2376.8655395058113,895010
2024-06-26,2390.77685546875,2437.4794789961943,2374.8780900125985,2379.250153474677,1008811
2024-06-27,2402.45263671875,2424.5618585849447,2352.5205738524,2370.20799986454,451988
2024-06-28,2365.736328125,2397.434394443251,2354.1104045039815,2397.434394443251,333399
2024-07-01,2363.103271484375,2374.5802427823774,2348.0989552272113,2364.9416635132966,221539
2024-07-02,2401.458740234375,2438.4730520472353,2356.097673936974,2356.097673936974,713240
2024-07-03,2384.91455078125,2409.6569102647695,2357.588544582371,2405.334335882209,310243
2024-07-04,2354.5576171875,2383.9206992591085,2338.460165078958,2383.9206992591085,322610
2024-07-05,2391.025146484375,2418.0529978028585,2354.010835125812,2354.010835125812,722122
2024-07-08,2315.704833984375,2398.9249347845093,2293.247973236452,2398.726248734616,871732
2024-07-09,2320.722900390625,2333.094078636532,2288.478265493974,2325.1944281370425,336505
2024-07-10,2334.634521484375,2354.2098294551843,2277.895700812568,2324.2009558424998,305366
2024-07-11,2323.654541015625,2339.255158345908,2297.9185077672946,2333.2931204416514,248612
2024-07-12,2287.78271484375,2331.6035406612023,2270.5423943732767,2323.654158098845,214191
2024-07-15,2248.284423828125,2285.447693634065,2228.311501293214,2285.447693634065,526725
2024-07-16,2252.507568359375,2270.54263492004,2234.8201417651007,2249.57603915221,210636
2024-07-18,2235.4658203125,2262.543406179799,2217.9275910918636,2262.543406179799,194539
2024-07-19,2257.72412109375,2301.2467967206603,2205.4568334980563,2241.378009057557,821041
2024-07-22,2245.899658203125,2300.2535225932847,2212.462658908787,2256.631375084672,875601
2024-07-23,2222.3994140625,2259.612419684553,2164.2695431075545,2259.612419684553,413108
2024-07-24,2185.633056640625,2221.8523816960524,2180.664692638621,2221.8523816960524,234746
2024-07-25,2160.493408203125,2183.099467780736,2150.308260481344,2162.232335862941,281751
2024-07-26,2201.5322265625,2223.3930321940375,2170.1817954217204,2170.1817954217204,260079
2024-07-29,2188.81298828125,2225.877036102621,2174.156312953978,2218.772129284728,534045
2024-07-30,2180.118408203125,2199.991866801148,2175.150043553619,2195.0235021516423,382126
2024-07-31,2174.901611328125,2196.0171609526697,2166.157241082069,2196.0171609526697,502783
2024-08-01,2155.077880859375,2195.0234837880294,2144.2467004565083,2191.048792101677,330769
2024-08-02,2116.970703125,2156.717625167652,2112.598638738692,2136.397059792538,210897
2024-08-05,2092.178466796875,2108.3753849474047,2050.096318906516,2086.961683633406,471373
2024-08-06,2077.521484375,2134.906090723275,2067.5847560030043,2096.649686491092,380127
2024-08-07,2111.554931640625,2122.98217009421,2084.7257630974264,2098.040883039755,227045
2024-08-08,2069.025634765625,2118.063488729411,2061.8712385054164,2111.5548828067517,183709
2024-08-09,2018.4974365234375,2084.477341845374,2002.2509087443352,2061.970747527387,632306
2024-08-12,1925.6385498046875,2017.1557907304546,1903.429986910176,2017.1557907304546,1768080
2024-08-13,1898.262939453125,1946.6051487492928,1891.4563045657371,1928.7190371221936,601770
2024-08-14,1851.1629638671875,1914.8077644963864,1847.2380042546872,1914.8077644963864,810952
2024-08-16,1879.8153076171875,1901.3543641421097,1852.1080779674335,1868.3742512331717,816779
2024-08-19,1873.0999755859375,1899.8621240778996,1861.410200144092,1894.4399851551095,1593840
2024-08-20,1887.0281982421875,1900.7575148499593,1873.1497476158902,1873.1497476158902,816174
2024-08-21,1880.5615234375,1899.066164846727,1870.2645966524549,1889.2168830087805,673857
2024-08-22,1945.9246826171875,1950.9488472984885,1885.3369241887685,1898.2702923758568,1036936
2024-08-23,1936.3740234375,1961.8925795034386,1921.7494163770716,1959.9028304370052,903580
2024-08-26,1963.83251953125,1982.784927805391,1946.0243626941322,1957.913064686909,783184
2024-08-27,1943.13916015625,1969.8017239744327,1940.0052811823348,1969.8017239744327,280917
2024-08-28,1948.0635986328125,1971.592403209824,1936.0754346086228,1944.979512186303,708790
2024-08-29,1920.9036865234375,1951.8939292900413,1902.5481795774667,1948.411868624613,281376
2024-08-30,1909.5123291015625,1935.0308840724747,1904.1897748661781,1935.0308840724747,441021
2024-09-02,1906.677001953125,1927.7682930264061,1900.2103176261253,1924.733998632061,420363
2024-09-03,1916.177978515625,1933.7374153613198,1906.7266712627454,1910.5569135973537,330865
2024-09-04,1925.8780517578125,1933.5385366154806,1900.9563976527038,1900.9563976527038,256231
2024-09-05,1923.1917724609375,1937.0205515865637,1907.0250626698323,1937.0205515865637,368394
2024-09-06,1889.7640380859375,1929.956990586853,1886.2819774735126,1925.032289139642,312986
2024-09-09,1906.726806640625,1913.4422096392025,1867.876908122849,1900.2103299678517,484580
2024-09-10,1932.095947265625,1941.994899327273,1907.174294062696,1916.0783716882129,352805
2024-09-11,1913.2430419921875,1949.9539337065075,1904.488219646409,1941.994938058726,335566
2024-09-12,1929.7579345703125,1938.4134152080837,1916.774895780609,1920.1077009207413,510533
2024-09-13,1924.534912109375,1946.024298288243,1920.107769198664,1930.0067218143452,286166
2024-09-16,1894.3902587890625,1933.5385451519114,1887.8241115328383,1924.5348825613858,505775
2024-09-17,1899.3148193359375,1906.6271223743595,1890.758923214633,1900.2102306445404,196810
2024-09-18,1886.679931640625,1910.1091520759596,1865.3895941175035,1899.31478858026,273488
2024-09-19,1898.618408203125,1910.1091351341906,1870.3639497792353,1890.1619754514636,308606
2024-09-20,1918.0184326171875,1932.0461377527274,1893.24603508931,1913.1435236346522,518567
2024-09-23,1962.29052734375,1971.5925798159055,1929.4098758831296,1937.0206902493092,1140689
2024-09-24,1998.6529541015625,2005.617075169163,1963.8323487635603,1976.3180715411831,1238922
2024-09-25,2014.571044921875,2027.50441325961,1989.7987673383866,2021.5849586367333,661747
2024-09-26,1998.255126953125,2019.4956721911265,1989.7489018199906,2019.3962090349623,317884
2024-09-27,1994.573974609375,2016.113030285262,1975.969871365696,1975.969871365696,368524
2024-09-30,1979.3525390625,2003.1797339050706,1962.6385994840964,1999.6976732799562,827247
2024-10-01,1964.3797607421875,1991.4402993976482,1948.4617682520002,1979.8003159670566,558479
2024-10-03,1909.1143798828125,1961.8925208704966,1897.7729076988078,1935.0309092764278,492776
2024-10-04,1883.446533203125,1915.1332592028273,1868.4239537445383,1911.153761521367,544086
2024-10-07,1877.8255615234375,1897.7728432184022,1839.6223575987483,1888.1224879957113,603553
2024-10-08,1889.3660888671875,1896.1809547236548,1870.861447943802,1875.3383830758132,313473
2024-10-09,1892.00244140625,1912.5962934657625,1885.2870390245005,1889.36599988597,340800
2024-10-10,1889.71435546875,1905.1847028083146,1881.2579220620291,1895.2359576239369,269728
2024-10-11,1887.724609375,1894.2410860587843,1872.3538466190296,1889.2169211549833,316306
2024-10-14,1895.6339111328125,1904.1898076095279,1874.642083310685,1885.287191964501,551594
2024-10-15,1894.738525390625,1907.7216864685338,1883.4467238653328,1897.126248530138,289324
2024-10-16,1884.88916015625,1897.3250911208677,1872.403558334557,1894.7384417691549,183555
2024-10-17,1853.202392578125,1880.909621883776,1838.7269206680942,1874.3434747642932,528719
2024-10-18,1862.1065673828125,1869.3691998664838,1833.901899379982,1856.9830608241502,313813
2024-10-21,1840.5675048828125,1888.2716856662319,1825.4453405396746,1865.2403181090367,639520
2024-10-22,1780.974609375,1858.1768462388686,1771.5233016307789,1851.8594174566595,540604
2024-10-23,1783.9591064453125,1799.7278418542242,1757.4954709258793,1780.9744831586554,819053
2024-10-24,1782.765380859375,1800.7229148588926,1764.3602018953477,1799.7778326250846,591028
2024-10-25,1790.07763671875,1811.616571288297,1744.213827667697,1791.719082396607,993364
2024-10-28,1786.0484619140625,1804.9012852778692,1781.5217343211887,1792.7140725451313,362060
2024-10-29,1750.879638671875,1797.1909732995657,1731.0816120383702,1794.7535793777126,640667
2024-10-30,1737.946044921875,1760.8778260682607,1724.4654487571136,1757.2466318075594,684713
2024-10-31,1761.2760009765625,1765.9021915701667,1731.0815849758255,1740.9805374155044,514160
2024-11-01,1769.1356201171875,1774.9556117864681,1764.9571956994077,1774.657222296423,47682
2024-11-04,1741.8262939453125,1794.7535678791935,1720.1379816314445,1770.826787977893,351188
2024-11-05,1760.6790771484375,1780.1785922928252,1746.9497610103917,1746.9497610103917,1166407
2024-11-06,1796.395263671875,1804.5531864411432,1759.4854419878268,1761.0274246805561,730575
2024-11-07,1781.1734619140625,1808.6319726709098,1769.9314534034074,1805.6971415971325,499968
2024-11-08,1779.6314697265625,1788.684802958014,1736.0559201165565,1736.0559201165565,969790
2024-11-11,1704.76708984375,1779.6313890210479,1701.2352371186635,1778.8354409170586,806463
2024-11-12,1733.7181396484375,1742.7714736642579,1703.075955269889,1716.1585797464504,686585
2024-11-13,1721.232421875,1745.606848168865,1712.4775987668484,1733.718145962573,573401
2024-11-14,1723.771484375,1734.824149437217,1706.595007647899,1718.6434104913974,342533
2024-11-18,1708.78564453125,1728.3519169577582,1688.2734697980004,1719.9379810187638,504872
2024-11-19,1721.780029296875,1752.1500319872716,1708.6362174975743,1708.6860530072402,390428
2024-11-21,1706.594970703125,1722.7757092986603,1697.135461985735,1717.6476355260713,238429
2024-11-22,1754.0916748046875,1759.6677821449111,1706.246546700153,1711.6234335514257,268430
2024-11-25,1775.1016845703125,1802.2853744738213,1764.9950433844128,1770.6208645785268,1046427
2024-11-26,1795.514404296875,1812.143298968081,1776.7447705337422,1784.3621892341725,561727
2024-11-27,1783.0179443359375,1802.036512309458,1775.450361245168,1802.036512309458,544003
2024-11-28,1800.7420654296875,1842.1150216992144,1785.3081287613968,1792.3281292208574,1094202
2024-11-29,1782.8685302734375,1807.2142708548718,1774.6038579163321,1800.7419751571463,461910
2024-12-02,1808.55859375,1811.4959716058668,1763.7005577611055,1782.3706412942154,538271
2024-12-03,1837.8331298828125,1846.7947696978017,1814.831612001011,1820.9554235179241,624695
2024-12-04,1828.6724853515625,1850.9272010620352,1823.5444113276667,1849.8319137826657,449981
2024-12-05,1817.4205322265625,1836.9868037498227,1800.7917600597323,1830.1161888153165,351982
2024-12-06,1836.538818359375,1842.1149257164036,1817.4704152237111,1826.6311543423994,233858
2024-12-09,1842.66259765625,1850.8774343423968,1824.1916132146625,1841.1191554770257,305785
2024-12-10,1839.2772216796875,1859.0425939903064,1832.6555405673053,1851.9728794586788,256183
2024-12-11,1844.753662109375,1855.8063273951238,1835.0452185455374,1839.2272686914885,252022
2024-12-12,1825.585693359375,1849.085080955973,1817.022372652567,1846.7948354128623,510479
2024-12-13,1826.3822021484375,1831.1119566414864,1780.877033856377,1815.2299875427316,497357
2024-12-16,1844.4051513671875,1848.0893325588527,1815.5287555459554,1837.1362169025233,361951
2024-12-17,1821.00537109375,1856.5531625942078,1812.242829670935,1842.1149642259504,404973
2024-12-18,1794.6182861328125,1834.7962820656317,1789.390662681144,1822.2001745816062,353983
2024-12-19,1774.7034912109375,1791.382099000534,1756.43160573575,1791.382099000534,226679
2024-12-20,1727.206787109375,1787.9966292478641,1720.3860073964222,1772.4133081554805,292728
2024-12-23,1714.0631103515625,1739.2054903460723,1709.8312246099122,1727.6051204148375,216433
2024-12-24,1686.2818603515625,1740.4997315993696,1682.7967782663954,1720.634812333924,234613
2024-12-26,1664.3756103515625,1700.520938454525,1646.0540118683803,1700.520938454525,429557
2024-12-27,1647.0498046875,1672.9888219583663,1642.967304181054,1671.8436992242362,484231
2024-12-30,1653.6217041015625,1666.5662954096738,1628.0312914432288,1657.903425231178,367378
2024-12-31,1645.207763671875,1654.9660426347407,1625.2431723606137,1653.621699378104,424069
2025-01-01,1644.4111328125,1650.6843295405508,1634.7525248217157,1645.0086727294754,101769
2025-01-02,1640.2789306640625,1650.883441020576,1629.0768803860344,1650.6843420800876,335653
2025-01-03,1614.6883544921875,1647.8961850372973,1609.1122472523075,1642.967331662319,580681
2025-01-06,1549.8160400390625,1621.061127782434,1540.1075965526506,1614.0909632280868,668130
2025-01-07,1572.0709228515625,1588.1022774845062,1552.355265345192,1553.3510031677354,817396
2025-01-08,1546.6297607421875,1582.1775521083325,1526.4660699937378,1582.1775521083325,621862
2025-01-09,1544.2398681640625,1551.3594173998745,1530.1999901728223,1545.3849908887066,526365
2025-01-10,1557.7322998046875,1571.6726295521469,1539.560084241035,1544.3893884506847,517164
2025-01-13,1465.2281494140625,1543.3935654718293,1460.896714362904,1543.3935654718293,687728
2025-01-14,1487.13427734375,1505.9039089613868,1469.7088673313526,1469.7088673313526,465502
2025-01-15,1470.0574951171875,1494.3036865406143,1466.3234783204578,1489.125898535826,731479
2025-01-16,1495.946533203125,1502.5183778181972,1479.018992032477,1481.6577212896689,240961
2025-01-17,1495.0504150390625,1509.389063130538,1485.6905773106178,1497.8385293943566,443671
2025-01-20,1477.1273193359375,1506.352323549242,1474.936744605314,1506.352323549242,413278
2025-01-21,1458.3575439453125,1492.3620138076312,1444.9150837708985,1487.632259301819,533853
2025-01-22,1449.19677734375,1462.4898522868725,1425.0003008697358,1458.5069011997932,462015
2025-01-23,1489.1259765625,1493.4574119636582,1440.9322396041318,1453.8271178811817,686991
2025-01-24,1462.0916748046875,1498.0377875451393,1452.13429612035,1493.5072531737853,380626
2025-01-27,1455.8681640625,1460.1995990366902,1420.270538910789,1458.7558278953002,592839
2025-01-28,1464.9293212890625,1487.8312894156995,1439.3887453791529,1458.705960385085,934814
2025-01-29,1468.5638427734375,1487.4331466633662,1456.4158904588307,1464.7302766245673,160914
2025-01-30,1461.4940185546875,1491.565248667676,1452.7813136237703,1473.6918054579714,253587
2025-01-31,1500.8756103515625,1524.4745472109125,1471.7502801713408,1473.592370761624,1085898
2025-02-01,1502.3193359375,1543.3935182787905,1445.6618334403588,1543.3935182787905,561289
2025-02-03,1488.5284423828125,1512.973732128354,1467.2694649362752,1502.2695509160437,335501
2025-02-04,1498.28662109375,1510.534244670548,1485.6906351465036,1489.5242013717536,665541
2025-02-05,1513.3223876953125,1526.4162427903616,1490.0220983936226,1509.737634302724,1412685
2025-02-06,1472.3974609375,1516.4588593265714,1461.5440159754673,1514.5172192040127,621641
2025-02-07,1465.87548828125,1482.3548766348813,1454.0760191645948,1475.8328667003734,182807
2025-02-10,1440.384521484375,1473.094482956815,1437.8453415479212,1465.8753841159407,235593
2025-02-11,1409.1182861328125,1443.7201725747746,1399.0613592755117,1435.8538201240085,260603
2025-02-12,1388.2576904296875,1423.3574503647772,1370.8821132094931,1400.057281435127,364276
2025-02-13,1364.857666015625,1392.2404537536274,1361.1734850127004,1377.1052887875383,274368
2025-02-14,1326.920166015625,1369.537792412865,1306.656926125475,1364.1607839907797,639364
2025-02-17,1378.598876953125,1389.0541230405267,1299.9854323730954,1315.6184659980618,1279401
2025-02-18,1357.091064453125,1386.0171744537422,1344.3954075730715,1375.1138942238235,392266
2025-02-19,1365.8533935546875,1371.3797865678334,1339.6655642253147,1344.2459334663822,289289
2025-02-20,1393.634521484375,1395.5762830141991,1357.9871831972957,1364.1607085869523,275571
2025-02-21,1381.287353515625,1409.964649238794,1366.3015733587404,1393.6345258839344,473757
2025-02-24,1392.4398193359375,1415.391503610831,1358.1365778285149,1375.7113750090925,775950
2025-02-25,1383.52783203125,1401.9489812572376,1372.2262323566626,1397.1695127664552,279242
2025-02-27,1382.18359375,1393.0371599063083,1368.4424852599227,1383.5278154484827,534513
2025-02-28,1331.55029296875,1381.0384100324575,1318.0082840131897,1379.09677005924,720390
2025-03-03,1342.60302734375,1355.4480691687422,1322.8376564853436,1342.2047079170015,482836
2025-03-04,1301.2799072265625,1340.2630660352904,1276.7349463803246,1332.297163711158,876471
2025-03-05,1312.2330322265625,1327.268648659967,1298.3922525302403,1298.691022489523,732223
2025-03-06,1325.0283203125,1331.8492218864756,1310.540407394493,1316.7139335000998,435999
2025-03-07,1326.9698486328125,1345.6896441583415,1321.5928408302632,1321.6923902886415,333456
2025-03-10,1283.6553955078125,1332.0980632718554,1274.6439198937837,1317.3610953688087,409891
2025-03-11,1281.5643310546875,1292.2685119615464,1259.9567487592024,1262.2967081823258,352119
2025-03-12,1259.7078857421875,1291.3723968866307,1239.743415476767,1283.5060438362789,412080
2025-03-13,1233.0220947265625,1265.980989681783,1227.0476682736517,1260.1559482001985,518503
2025-03-17,1232.773193359375,1251.2440560417492,1228.8399562423585,1228.8399562423585,345802
2025-03-18,1232.773193359375,1232.773193359375,1232.773193359375,1232.773193359375,0
2025-03-19,1255.6253662109375,1272.752007756533,1252.9369227700674,1254.6296284106115,548789
2025-03-20,1268.86865234375,1278.52725981424,1246.7134876000844,1264.5869314362033,698032
2025-03-21,1286.045166015625,1294.459101555729,1261.9482390412675,1269.5656572950418,856583
2025-03-24,1309.79345703125,1340.1634583221105,1295.4548091609713,1296.0025135419612,987825
2025-03-25,1283.3565673828125,1319.8503800200394,1276.5357881446175,1319.352511147908,736220
2025-03-26,1273.3992919921875,1291.2230233529099,1269.5657256795528,1285.497530864551,458146
2025-03-27,1289.032470703125,1296.0026355902146,1262.4960329301282,1271.5073874612763,551070
2025-03-28,1288.7335205078125,1299.9854051577486,1275.3408970390942,1289.5798732443093,571535
2025-04-01,1303.8687744140625,1309.3951676580266,1275.5400834752336,1284.501723405973,545451
2025-04-02,1334.9359130859375,1339.964316073066,1291.7707035329381,1303.4207872358152,541708
2025-04-03,1352.5604248046875,1355.3982532424845,1315.3696420513925,1315.3696420513925,559179
2025-04-04,1331.1519775390625,1352.211855115407,1318.4066073575286,1344.2459531706916,882272
2025-04-07,1282.2115478515625,1296.002613959435,1238.747689056806,1244.622444980706,777109
2025-04-08,1263.989501953125,1313.97548750492,1252.538518029306,1288.5344613694012,449764
2025-04-09,1260.5045166015625,1271.3580830286212,1247.0620561813587,1263.9895989327265,362116
2025-04-11,1243.576904296875,1287.4889149035348,1240.7390760102237,1279.3736279048505,416203
2025-04-15,1288.7835693359375,1292.4677508222746,1240.2910623034181,1255.1275808254832,548875
2025-04-16,1308.2003173828125,1319.3525316720325,1270.2626114962275,1293.463349918468,601613
2025-04-17,1301.230224609375,1320.945760406471,1278.9256732545566,1319.2530547418305,645710
2025-04-21,1331.002685546875,1340.2630958245138,1300.4335833185849,1304.4165345691777,610013
2025-04-22,1362.7667236328125,1391.7426691935777,1332.2971713776776,1332.2971713776776,1052588
2025-04-23,1401.6004638671875,1407.574890500509,1360.277346320048,1369.5377562217045,1179224
2025-04-24,1385.3699951171875,1403.5919232084495,1372.7240526259639,1401.998767101293,581544
2025-04-25,1337.873291015625,1393.535058647082,1321.0452977944833,1384.0755494958512,632125
2025-04-28,1364.9573974609375,1371.9275619210239,1329.4094857844834,1329.4094857844834,291087
2025-04-29,1358.684326171875,1384.0756419046584,1350.2205542609472,1371.0315000931173,249868
2025-04-30,1339.3668212890625,1367.9445676029802,1329.3098943385273,1348.8263299004602,550825
2025-05-02,1311.6854248046875,1344.1464520878058,1308.200342578432,1329.409484339631,328216
2025-05-05,1335.0853271484375,1338.2716395750338,1307.602865881428,1310.4905298899214,236094
2025-05-06,1294.160400390625,1337.9728646181145,1284.601341596451,1330.3057319983147,326306
2025-05-07,1281.9129638671875,1305.4123533940221,1269.5657899140947,1269.5657899140947,581821
2025-05-08,1277.0338134765625,1313.3782455949988,1264.7861891015696,1293.9613572029575,354191
2025-05-09,1267.9725341796875,1308.89733329959,1244.672245435137,1244.672245435137,473234
2025-05-12,1324.630126953125,1336.9771792066952,1291.173237536904,1297.1476647112247,699720
2025-05-13,1338.37109375,1351.6144545269885,1323.6342478887846,1333.2928555035676,406245
2025-05-14,1321.0452880859375,1345.7396340982043,1302.425039881947,1339.2673384107175,785707
2025-05-15,1338.2716064453125,1345.6400904931859,1324.331277211507,1324.331277211507,581965
2025-05-16,1353.904541015625,1368.0440896923624,1331.7992120597607,1344.7438025321173,532359
2025-05-19,1413.0513916015625,1422.809669998141,1350.3199144664568,1365.6542998539303,2201575
2025-05-20,1359.3812255859375,1433.7629137980987,1355.1991753547434,1432.8667254485492,1798357
2025-05-21,1371.827880859375,1378.6984958011626,1341.3583293240797,1370.1351752657558,982148
2025-05-22,1436.252197265625,1442.4257228776773,1367.745389425326,1380.0925621994525,3966338
2025-05-23,1450.4913330078125,1463.7346955398539,1426.494074214071,1463.7346955398539,1930236
2025-05-26,1502.2696533203125,1507.9454320242157,1447.5040712916004,1462.7389090941454,2382277
2025-05-27,1520.889892578125,1523.1800165166585,1488.6279645546947,1505.455957159665,1265085
2025-05-28,1518.4005126953125,1531.3451033891345,1498.4857577817404,1523.4787508882698,846899
2025-05-29,1495.39892578125,1528.457368785798,1491.6150739030134,1524.474417987659,583619
2025-05-30,1491.7147216796875,1512.32656634856,1483.848369024901,1503.0661565125422,2396862
2025-06-02,1503.1656494140625,1506.252412059905,1483.8483131868318,1491.7146655456027,517806
2025-06-03,1489.324951171875,1512.5256901008702,1476.0817116079174,1508.6422884430096,932836
2025-06-04,1515.9112548828125,1519.1971167011493,1479.168505659423,1490.1216214872613,586727
2025-06-05,1503.76318359375,1530.4490053718375,1501.0747401418641,1523.4788407409965,512191
2025-06-06,1519.7945556640625,1529.2540641597177,1497.5895555226757,1504.559719677369,687601
2025-06-09,1528.3580322265625,1545.2855754766645,1510.633850085856,1531.9426641342254,596851
2025-06-10,1514.2183837890625,1543.393549177392,1511.6294898875433,1541.4020736300663,441487
2025-06-11,1519.0975341796875,1530.847288613919,1509.7375747295393,1513.5214269168405,472757
2025-06-12,1492.81005859375,1521.487355804846,1488.8271074005436,1518.500142409941,286344
2025-06-13,1521.5869140625,1523.7776101614302,1459.5525218000491,1464.7303097611118,598913
2025-06-16,1545.8828125,1561.117648257687,1490.4202700370752,1523.478713768116,967606
2025-06-17,1557.3338623046875,1570.1789037654141,1545.2854596748662,1557.2343128383293,1143509
2025-06-18,1565.1007080078125,1584.1192754997592,1548.8701333997506,1557.3339046205142,1266973
2025-06-19,1513.0235595703125,1567.2912686829036,1505.0576573152534,1565.200243650955,924980
2025-06-20,1551.857421875,1558.3297178276387,1498.7845464433506,1513.5215150786012,1136065
2025-06-23,1492.3121337890625,1527.461725372332,1477.6748373223863,1527.461725372332,2029097
2025-06-24,1494.6025390625,1515.8118042594826,1489.9226197054354,1513.5215585443038,808658
2025-06-25,1498.983642578125,1513.521389509462,1492.809995559325,1494.6023721405938,372908
2025-06-26,1515.8116455078125,1523.279678731657,1494.602382532086,1514.019268914082,867630
2025-06-27,1494.0048828125,1536.4232849035945,1489.723162044027,1518.5000061425676,482191
2025-06-30,1500.377685546875,1505.9537926191322,1485.2423988650137,1503.5639977167311,407056
2025-07-01,1488.0306396484375,1515.2142095173626,1485.2425251003294,1503.4645760361152,462599
2025-07-02,1487.8314208984375,1497.2909303084398,1477.1770747092885,1491.7148227557072,473080
2025-07-03,1486.7359619140625,1495.4985024493933,1481.6577238640475,1487.8312490934752,567519
2025-07-04,1475.8824462890625,1504.260972199809,1464.3319126845167,1487.6322003738703,1180520
2025-07-07,1482.3548583984375,1486.138710771166,1467.7175609224112,1475.8825625056318,539073
2025-07-08,1479.6663818359375,1490.5199482468927,1458.8554373507163,1478.6706440285109,924449
2025-07-09,1486.2381591796875,1499.5810694998495,1470.8042238694302,1478.6705764988556,701160
2025-07-10,1485.2425537109375,1500.9752603711288,1478.6707082066916,1495.0008332672633,413242
2025-07-11,1468.8128662109375,1488.8271725222257,1461.4443818712014,1485.242540601552,617853
2025-07-14,1488.6279296875,1491.6151429243312,1454.9719452658624,1473.592314038787,533307
2025-07-15,1498.5853271484375,1501.3734414933726,1477.5752847455963,1491.6151628361192,374777
2025-07-16,1486.2381591796875,1503.4644710814666,1483.5497158424248,1500.5768072618016,213461
2025-07-17,1498.6849365234375,1514.5171918328788,1484.3462879120561,1493.606698060038,698187
2025-07-18,1500.4774169921875,1507.3480325886146,1491.0179072500143,1502.568442204135,428441
2025-07-21,1494.6025390625,1503.5641798696702,1490.6195875926467,1503.4646303929305,435616
2025-07-22,1468.7132568359375,1515.413384024319,1464.7303056309586,1506.5512932832362,335179
2025-07-23,1476.7786865234375,1482.6535637725003,1443.819790107539,1471.7004481234087,998658
2025-07-24,1466.3233642578125,1483.0518068258968,1449.794142166739,1478.1726676143708,577256
2025-07-25,1434.0615234375,1468.514148377276,1427.8879977298075,1463.7345583422712,485182
2025-07-28,1405.8822021484375,1442.7245001723925,1402.09834994759,1434.0615085178274,619739
2025-07-29,1413.250732421875,1421.4157339020371,1401.2022075950133,1405.9817977370762,475975
2025-07-30,1424.60205078125,1426.892296387787,1399.1111868933995,1413.947704724813,639913
2025-07-31,1395.227783203125,1417.7315551499712,1390.0499951649283,1417.7315551499712,850995
2025-08-01,1397.11962890625,1428.8836878093682,1390.2490140416226,1393.2362273262415,799571
2025-08-04,1422.411376953125,1425.8964590807666,1387.9588750870153,1397.1196137739514,245571
2025-08-05,1420.91796875,1428.286453444555,1405.9819004029432,1422.8098950506344,451543
2025-08-06,1412.2550048828125,1424.50250719219,1397.0201675503847,1423.905088807591,211740
2025-08-07,1409.8651123046875,1419.822489859562,1387.062693394021,1410.860850060175,535103
2025-08-08,1369.93603515625,1407.6743983681356,1355.0995184786132,1399.5093974972303,701093
2025-08-11,1375.7113037109375,1385.0712632289594,1359.4808506951338,1369.2390080883722,508003
2025-08-12,1263.8900146484375,1350.917399509487,1258.31378583215,1304.5160432026753,6627957
2025-08-13,1286.5927734375,1294.4591262841545,1266.8772381364167,1267.5742059690222,2236725
2025-08-14,1275.9696044921875,1291.2310163098234,1267.0921769538495,1278.7625823941241,1459328
2025-08-18,1310.3824462890625,1339.309212182967,1281.1565110465867,1281.1565110465867,2809039
2025-08-19,1362.650146484375,1367.4380736900478,1300.7069927319865,1316.8660339675498,1853945
2025-08-20,1390.2803955078125,1394.4697408742854,1365.642695412241,1373.522770517805,1512987
2025-08-21,1417.8106689453125,1444.3434735968206,1385.293015646304,1415.4167051339007,2230880
2025-08-22,1421.501220703125,1431.3762449334738,1411.9254875981408,1416.4141239062944,811033
2025-08-25,1410.728515625,1422.7979351315553,1407.1375092986445,1421.3017230829234,493011
2025-08-26,1386.589599609375,1411.7260358950336,1381.7019490736593,1410.4292700395401,904261
2025-08-28,1358.361083984375,1388.5844940883821,1351.179193146259,1386.5895447048024,880210
2025-08-29,1356.3662109375,1365.1439156620352,1345.4937118326725,1352.1767439389694,517230
2025-09-01,1403.7462158203125,1408.4342982783169,1362.3510151272883,1365.5428855120508,444781
2025-09-02,1414.3194580078125,1425.0921121411288,1391.3775389909042,1403.746250117648,598869
2025-09-03,1422.099609375,1429.381223278656,1411.6261251848912,1414.3193798910042,445062
2025-09-04,1417.7109375,1426.3889192831236,1404.5441974955372,1426.3889192831236,464800
2025-09-05,1451.22607421875,1454.5176679183778,1411.5265294766184,1428.3838775232641,989366
2025-09-08,1458.3079833984375,1470.975863140377,1449.9291717269127,1466.3875039608897,455948
2025-09-09,1458.3079833984375,1470.2776795686025,1433.6704074863328,1456.3130340367434,828879
2025-09-10,1434.7677001953125,1489.5290881487908,1429.4810353322823,1485.2398980325922,1188661
2025-09-11,1436.7625732421875,1456.5124991213777,1426.688103187636,1438.458231516758,561578
2025-09-12,1457.4102783203125,1474.666639554212,1447.3358080748205,1452.1237354004256,1039980
2025-09-15,1454.81689453125,1462.6969692551359,1448.1338625412752,1457.2108582370201,225412
2025-09-16,1473.0706787109375,1476.36227214817,1448.3332575628954,1461.3004286016815,395894
2025-09-17,1456.0137939453125,1474.866090426302,1451.6250026054422,1473.070708995096,334619
2025-09-18,1455.5150146484375,1461.3004165381856,1442.6476885950424,1456.0137519919658,451590
2025-09-19,1448.7322998046875,1466.088384190745,1443.3459119935594,1456.3130832830661,716952
2025-09-22,1434.7677001953125,1457.9090656169894,1431.475984825946,1436.463358560105,486882
2025-09-23,1432.7728271484375,1449.330884476904,1423.396539675528,1435.26651414857,489921
2025-09-24,1436.263916015625,1446.9368471293992,1418.1098025192853,1426.4886147666687,567946
2025-09-25,1402.3497314453125,1424.3938983773132,1392.5744304967263,1424.3938983773132,866669
2025-09-26,1370.330810546875,1411.6261662892666,1366.5403579295496,1408.3345727909,376171
2025-09-29,1363.2486572265625,1384.4949175625666,1360.8548152974788,1370.430548299968,580505
2025-09-30,1362.949462890625,1378.0113066016863,1346.5908533566967,1375.7170660726294,519075
2025-10-01,1372.92431640625,1378.011413449853,1355.2689396804935,1366.141439173407,345411
2025-10-03,1380.1060791015625,1383.5972408261136,1357.3637272102928,1372.9243094015947,509629
2025-10-06,1380.1060791015625,1394.4697402635557,1364.9445111740495,1379.5076185869082,464100
2025-10-07,1415.815673828125,1421.4015080336007,1386.789183174376,1389.6817625179242,950549
2025-10-08,1402.449462890625,1423.3964321087637,1392.6741618840063,1416.3143859159939,543303
2025-10-09,1402.54931640625,1411.4268666336018,1391.577093414752,1402.4495932769216,580693
2025-10-10,1423.49609375,1430.378693405406,1387.5870052126259,1402.5491254365318,734185
2025-10-13,1417.6109619140625,1422.3988890673543,1399.0579572786364,1421.0024001674738,446670
2025-10-14,1415.0177001953125,1424.3939874905893,1399.4571179616926,1423.4962358351374,388990
2025-10-15,1435.166748046875,1445.3409419979384,1411.4267998116513,1415.0176846319057,558872
2025-10-16,1441.151611328125,1445.0416655617723,1428.1844391838124,1434.2690109914245,453099
2025-10-17,1438.7576904296875,1452.822060899578,1431.5757987397851,1444.9419855474355,458773
2025-10-20,1444.5428466796875,1448.3332993359381,1429.0819884567488,1438.3585520953325,449269
2025-10-21,1443.046630859375,1456.313093359871,1441.3509725376805,1456.313093359871,32936
2025-10-23,1452.123779296875,1458.308073997515,1431.5757021852153,1443.0466617276034,833768
2025-10-24,1427.1868896484375,1453.8194161834788,1421.5012106411236,1447.3358304509281,621026
2025-10-27,1431.57568359375,1436.9620714874175,1407.4368438358997,1427.087047309369,487878
2025-10-28,1446.537841796875,1452.123797837611,1422.8977387951115,1431.3762742173046,571560
2025-10-29,1461.1009521484375,1464.093376172421,1445.2410804689166,1452.3231263066014,420127
2025-10-30,1461.2008056640625,1464.4923993269656,1449.3308316238852,1461.0012376540933,343690
2025-10-31,1446.4381103515625,1464.691946977964,1441.3510134799267,1464.292932725628,397294
2025-11-03,1476.9608154296875,1482.2474803159862,1436.3636417597713,1456.3131367842125,693278
2025-11-04,1463.4949951171875,1488.2324191537912,1458.6074659491871,1483.2450450949648,429263
2025-11-06,1562.1451416015625,1568.5290041904234,1478.7562789903357,1478.7562789903357,5837826
2025-11-07,1553.367431640625,1575.0125843804249,1544.0908680309674,1556.160287802055,613713
2025-11-10,1564.439453125,1575.9104129763675,1550.9735437342642,1564.439453125,505341
2025-11-11,1553.35693359375,1573.3255270484653,1547.5659927404338,1565.5377268496775,274619
2025-11-12,1582.710693359375,1587.303567429086,1554.7546620831304,1557.5503139622044,677752
2025-11-13,1548.1650390625,1590.9976967553275,1543.2727092496239,1590.2988447300409,970265
2025-11-14,1511.62255859375,1551.5597464033604,1505.1327655746884,1545.5691682319189,657446
2025-11-17,1463.3983154296875,1505.7317577226393,1454.1129926457704,1505.7317577226393,1764724
2025-11-18,1447.5233154296875,1471.1860487311274,1433.8447564744783,1471.1860487311274,1005948
2025-11-19,1445.92578125,1455.211225816262,1434.144384418591,1448.7214330424674,931531
2025-11-20,1460.103515625,1462.499771113277,1446.724534204186,1455.710400876262,337761
2025-11-21,1450.31884765625,1464.696258619651,1442.6309883017857,1459.8039290856207,454922
2025-11-24,1470.886474609375,1512.52106309369,1436.0413782042497,1445.7260968140577,2705698
2025-11-25,1463.1986083984375,1474.281152806899,1442.5311640118096,1472.7835083766038,1562164
2025-11-26,1463.6978759765625,1479.0737170576338,1455.410861078726,1462.6994463203712,650660
2025-11-27,1468.6900634765625,1476.777319531946,1458.2065518066074,1467.591815201149,369425
2025-11-28,1438.5374755859375,1467.7913909417277,1434.3439979663285,1467.7913909417277,527824
2025-12-01,1438.2379150390625,1448.2222115683167,1421.2646109393304,1448.2222115683167,437147
2025-12-02,1417.4705810546875,1437.2395376529792,1411.180547139685,1430.749744672955,636694
2025-12-03,1407.386474609375,1424.0603236538677,1398.8998221963689,1418.8684161093245,552547
2025-12-04,1438.4375,1444.6278367505877,1402.3942152135608,1402.3942152135608,783804
2025-12-05,1457.2081298828125,1463.5981042628196,1430.7497431463312,1437.738750963515,713691
2025-12-08,1431.04931640625,1463.6979183575927,1420.4658642412837,1451.7167621363844,643243
2025-12-09,1426.156982421875,1437.7387423596026,1418.7685783979134,1419.7670080801076,495324
2025-12-10,1390.2135009765625,1431.7481509951176,1384.2229229389259,1426.656184038851,402324
2025-12-11,1404.490966796875,1409.9823299770242,1386.0200179181916,1396.803107096115,510796
2025-12-12,1414.17578125,1418.3691370303736,1402.494081212754,1407.7858071115004,229029
2025-12-15,1428.3533935546875,1429.6514008153674,1401.1961565744778,1417.7700639320446,171895
2025-12-16,1460.602783203125,1469.2890725484694,1415.6734482197132,1417.7701261432148,831639
2025-12-17,1426.6561279296875,1462.5995947418808,1422.7622279826433,1462.5995947418808,357425
2025-12-18,1405.6890869140625,1425.857316494369,1400.2975425882669,1418.8683091516823,451710
2025-12-19,1421.3643798828125,1424.7590649599117,1401.5955465725563,1402.7936133627722,1026091
2025-12-22,1405.8887939453125,1430.6498985126561,1401.7952566740541,1423.5610722314107,366498
2025-12-23,1414.7747802734375,1417.5704319781414,1393.8077581240075,1405.8887322248606,356529
2025-12-24,1394.4068603515625,1420.76542815905,1390.0137454038775,1417.6703205408933,342797
2025-12-26,1387.8172607421875,1397.7017389893854,1383.8235420062388,1391.012186979497,246603
2025-12-29,1369.845458984375,1388.9154406338712,1363.9546997631646,1388.815622046112,348663
2025-12-30,1358.1639404296875,1374.8376673093687,1347.8800659895771,1374.8376673093687,608767
2025-12-31,1386.319580078125,1389.3148690520063,1354.9688644424418,1355.8674755103302,315322
2026-01-01,1432.646728515625,1434.8432249931882,1389.9138907634192,1395.7048314822594,592945
2026-01-02,1451.11767578125,1457.7072870868778,1431.8479348100923,1440.7339830591538,441304
2026-01-05,1490.455810546875,1498.8425219929904,1447.7229733409504,1447.7229733409504,735122
2026-01-06,1484.864501953125,1504.9330350861708,1477.775675932128,1487.8597908531476,257834
2026-01-07,1500.2403564453125,1507.5289415870125,1475.6790116155273,1475.6790116155273,1018655
2026-01-08,1473.981689453125,1509.6255779590454,1461.700956436536,1500.240315201831,361506
2026-01-09,1446.724609375,1476.9770774943324,1435.9415200567805,1462.7993028812198,246235
2026-01-12,1436.440673828125,1455.6105960367777,1414.7747993989392,1453.6137367574565,202921
2026-01-13,1436.2410888671875,1448.7214598166763,1420.366032643713,1437.7387333811262,174600
2026-01-14,1460.30322265625,1472.4841378549334,1424.2599356564417,1424.2599356564417,487267
2026-01-15,1460.30322265625,1460.30322265625,1460.30322265625,1460.30322265625,0
2026-01-16,1462.0006103515625,1495.9472190344852,1455.7104546971018,1477.6759073742871,469969
2026-01-19,1436.740234375,1460.4029678019324,1415.8730307786807,1455.5107601287052,239414
2026-01-20,1389.9139404296875,1437.7387467278168,1384.8219734107513,1427.7544498755403,301961
2026-01-21,1345.68359375,1393.2088229296473,1330.8069668958076,1385.8204187995157,635658
2026-01-22,1410.980712890625,1421.7638017112304,1347.880008644776,1347.880008644776,637788
2026-01-23,1381.726806640625,1423.0618182161224,1375.8360473741122,1410.7810848618437,418236
2026-01-27,1398.30078125,1403.8919631398944,1373.040461334234,1392.310203108265,436449
2026-01-28,1450.6185302734375,1453.314241702264,1394.8062858690234,1394.8062858690234,407841
2026-01-29,1458.506103515625,1462.499822175987,1435.7418584001134,1438.8369659861698,231897
2026-01-30,1474.28125,1481.070620616379,1442.5312591117686,1454.7120525297514,371018
2026-02-02,1465.2952880859375,1470.3872547796846,1421.863599552221,1462.6993954458524,243894
2026-02-03,1501.1390380859375,1507.6288310673533,1481.4700219552503,1489.657096657279,460248
2026-02-04,1499.0423583984375,1507.6288293421449,1483.7663354159054,1501.1390363681555,738217
2026-02-05,1501.23876953125,1512.421254531098,1492.7521176635928,1506.8299510918653,298047
2026-02-06,1469.8880615234375,1520.5085172011698,1457.9069058901684,1492.6523059780957,998285
2026-02-09,1488.3590087890625,1495.94717152125,1457.807086320525,1474.480934359433,452579
2026-02-10,1529.7938232421875,1534.5863341954155,1491.0548269049577,1497.1452232439983,883095
2026-02-11,1589.599853515625,1596.2894054329947,1534.3867658819215,1537.5816920750442,1584163
2026-02-12,1589.1005859375,1612.963078638485,1575.5219672494766,1592.3954524911799,1241019
2026-02-13,1593.992919921875,1602.0801756284359,1557.0510232497113,1586.5046976234635,585825
2026-02-16,1637.2249755859375,1641.9175461515545,1587.4033120779775,1593.9929233389826,1221002
2026-02-17,1643.1156005859375,1650.404185668528,1610.1674226506311,1637.2249632458525,490265
2026-02-18,1634.0299072265625,1639.4214516014624,1620.551107228621,1637.424592342508,357889
2026-02-19,1618.4544677734375,1642.4167794492935,1610.5668491377442,1627.4403346518834,525038
2026-02-20,1634.0299072265625,1640.919096045678,1608.5699516748955,1608.5699516748955,679027
2026-02-23,1632.5323486328125,1651.4026939979942,1625.8429185149832,1646.410545588085,489915
2026-02-24,1661.386962890625,1669.5740373938058,1620.4513466174785,1620.4513466174785,659604
2026-02-25,1680.5567626953125,1684.8500590045207,1651.6023024220497,1664.3822508803175,662060
2026-02-26,1681.55517578125,1691.2400165595127,1666.379093780473,1680.5567461264984,615178
2026-02-27,1665.2808837890625,1681.555214408179,1648.1078202056808,1681.555214408179,730263
2026-03-02,1667.1778564453125,1673.5677086185717,1588.0023374877787,1588.0023374877787,813157
2026-03-04,1644.3138427734375,1658.6912543523479,1619.952134525648,1632.5323239527115,461331
2026-03-05,1660.48828125,1665.18097360418,1619.6524853030592,1645.412018321924,368457
2026-03-06,1686.54736328125,1702.5222381288247,1661.4868027398418,1666.379132537636,1096077
2026-03-09,1603.378173828125,1674.3664964391787,1592.6949036157432,1674.3664964391787,527194
2026-03-10,1658.092041015625,1665.3806260802528,1622.8475481352216,1622.8475481352216,818683
2026-03-11,1743.5577392578125,1765.9224658214252,1674.7659122846608,1679.15902710202,2881726
2026-03-12,1693.336669921875,1722.2911294901146,1630.53542117228,1716.3005516484097,1565206
2026-03-13,1609.2689208984375,1685.4490282805216,1604.3765913523953,1677.062195041394,535982
2026-03-16,1617.156494140625,1635.1282282716722,1592.395511353911,1602.7792043386848,515058
2026-03-17,1649.40576171875,1657.3931988215043,1617.1564356649326,1622.3483429088935,490078
2026-03-18,1665.780029296875,1676.9623924700966,1635.4277439827656,1635.4277439827656,504539
2026-03-19,1637.823974609375,1650.8035596819411,1622.9473488812491,1650.8035596819411,478035
2026-03-20,1629.237548828125,1650.304390031282,1621.6493859982395,1642.4167714340815,388331
2026-03-23,1553.8560791015625,1611.8648161236042,1544.4708162208651,1584.1084237085108,524399
2026-03-24,1591.896240234375,1603.1784220239144,1555.9527732430859,1575.4221511967007,373533
2026-03-25,1644.0142822265625,1675.3649984687463,1603.8774579515255,1611.4654991230968,702340
2026-03-27,1616.557373046875,1651.3027725674563,1607.5715064686503,1632.4324283774615,790705
2026-03-30,1596.489013671875,1623.8460105145216,1579.0164947605192,1587.5031468031777,742218
2026-04-01,1567.8341064453125,1657.393196059235,1556.451984217134,1619.5526884722794,460319
2026-04-02,1551.0604248046875,1573.0258765882106,1454.3125696188104,1537.3819876727584,1346193
2026-04-06,1520.40869140625,1552.5580767850138,1469.8880545558827,1551.0604323379544,1078191
2026-04-07,1542.0745849609375,1548.264800001499,1494.9487545216073,1517.1138438641274,792891
2026-04-08,1523.1044921875,1612.3641308546457,1513.0203766936124,1597.0881078452683,738612
2026-04-09,1561.244384765625,1567.634358859651,1516.2152322201873,1524.6020656011829,908839
2026-04-10,1627.4403076171875,1637.0252077525836,1565.1382739191863,1574.5235368787146,1127663
2026-04-13,1622.5479736328125,1634.9285254685728,1584.507828957939,1597.4874141983,652584
2026-04-15,1628.438720703125,1658.8908243091614,1612.4638466802862,1646.4104539788186,896875
2026-04-16,1576.2208251953125,1635.327933058436,1547.7655804322271,1635.327933058436,2338081
2026-04-17,1602.4796142578125,1630.7352225628413,1560.445749686338,1577.5188726027063,1631264
2026-04-20,1588.9010009765625,1615.8586020625387,1577.518878364537,1602.4796201108113,793939
2026-04-21,1580.014892578125,1603.5778075166788,1567.5345221786138,1582.5109666580272,697463
2026-04-22,1587.103759765625,1600.083345317863,1575.5220001101213,1583.4096187829746,555897
2026-04-23,1572.4268798828125,1591.99607664363,1560.3459054956716,1582.5109949703062,414330
2026-04-24,1560.7452392578125,1588.5016333308188,1549.4630569125557,1575.821625046881,2390129
2026-04-27,1532.5894775390625,1595.490544043923,1527.597329403756,1562.5423663509007,535721
2026-04-28,1546.4677734375,1556.4520703518378,1529.5942872765443,1543.0730881109002,468230
2026-04-29,1550.361572265625,1598.4858314954918,1541.7749799776843,1554.5549279440854,803166
2026-04-30,1527.2978515625,1546.467774781868,1518.2121657382793,1543.572304298468,333474
2026-05-01,1527.2978515625,1527.2978515625,1527.2978515625,1527.2978515625,0
2026-05-04,1557.15087890625,1571.827868087696,1531.8906815454552,1531.8906815454552,378546
2026-05-05,1529.19482421875,1567.5345470705954,1526.0997166862453,1567.5345470705954,259756
2026-05-06,1573.625,1586.2051896380651,1530.692523603733,1542.5738612147038,542926
2026-05-07,1566.635986328125,1595.2909912679306,1559.4473413844194,1575.4222162625415,984891
2026-05-08,1567.3349609375,1592.0959438825735,1562.7420869050718,1562.7420869050718,488596
2026-05-11,1569.6312255859375,1587.5031406647424,1557.550251218238,1568.6327959377206,471229
2026-05-12,1525.201171875,1577.1195158165015,1521.7066679558604,1562.5424667009586,312623
2026-05-13,1541.575439453125,1569.0322558941618,1500.639822213761,1519.0109528627613,425281
2026-05-14,1558.8482666015625,1565.8372741753476,1524.0030473222525,1541.675203435947,304800
2026-05-15,1548.36474609375,1585.5062802292855,1544.6704832708301,1566.2365392810966,328906
2026-05-18,1543.272705078125,1566.0369504960129,1510.1248885082687,1536.583274984612,414511
2026-05-19,1446.624755859375,1543.2726736271006,1438.2379223564078,1542.5738216179452,2377878
2026-05-20,1441.432861328125,1470.387321667744,1429.3518867345601,1429.9509201589658,769323
2026-05-21,1477.6759033203125,1486.5619517092466,1456.7088803677946,1465.6947473474452,862861
2026-05-22,1539.2789306640625,1546.4676972152406,1478.6743001325617,1479.4730925977876,1094826
2026-05-25,1549.8624267578125,1564.139897923296,1538.0809078907448,1563.5408644965314,434838
2026-05-26,1576.32080078125,1587.5031642560075,1543.1728628406815,1557.4504557738035,602697
2026-05-27,1596.089599609375,1602.3797550986592,1566.7357437904122,1575.4221547936438,477086
2026-05-28,1596.089599609375,1596.089599609375,1596.089599609375,1596.089599609375,0
2026-05-29,1575.7216796875,1612.264303651472,1565.7373828402121,1593.4937768271216,3173296
2026-06-01,1530.6925048828125,1592.4953259196182,1523.603678591434,1592.4953259196182,324692
2026-06-02,1524.302490234375,1533.088719861617,1488.1593858376684,1492.053285828801,1003364
2026-06-03,1534.486572265625,1546.2679691528326,1514.8174347924112,1531.8906795195367,727937
2026-06-04,1546.8670654296875,1555.3537172348672,1522.8048139850493,1529.5941841806398,641252
2026-06-05,1516.4150390625,1561.9434078644051,1511.2231316255968,1552.5581445441692,391870
2026-06-08,1508.826904296875,1546.16819921522,1490.6555326238413,1497.644540479412,339220
2026-06-09,1523.6036376953125,1528.5957859184296,1509.2262264370117,1517.613059827572,360987
2026-06-10,1499.14208984375,1551.5596454326924,1493.0516934748534,1525.5006564584844,260088
2026-06-11,1487.85986328125,1513.9189754828828,1483.1672925275634,1497.644522915749,297403
2026-06-12,1506.23095703125,1529.1948391553124,1495.647627036754,1511.622501557841,833425
2026-06-15,1542.3741455078125,1552.4582604234142,1515.6161825972054,1528.5957678236637,593856
2026-06-16,1561.5439453125,1571.8278192792402,1540.1775268001477,1555.35373034212,468642
2026-06-17,1562.7420654296875,1572.5267249139338,1535.684645840226,1561.5439985812015,453217
2026-06-18,1563.2412109375,1580.813669793478,1558.7482776369955,1572.5266551766563,618123
2026-06-19,1539.6783447265625,1561.3443413408752,1522.9047996701418,1557.550259905043,464128
2026-06-22,1555.353759765625,1562.3427673257092,1543.572241127178,1543.572241127178,158344
2026-06-23,1521.0078125,1571.4285117912407,1514.9174157732186,1557.5503147393129,270324
2026-06-24,1534.2867431640625,1537.5816096504739,1513.3197212142834,1528.495924514626,338961
2026-06-25,1484.5650634765625,1533.5879346686988,1481.0705597191793,1529.6940346776053,987298
2026-06-26,1484.5650634765625,1484.5650634765625,1484.5650634765625,1484.5650634765625,0
2026-06-29,1365.851806640625,1420.7654392175507,1336.897345827337,1414.7748611182496,3768791
2026-06-30,1333.5025634765625,1384.821869834621,1326.9129524226469,1379.4303255619213,1726032
2026-07-01,1359.9610595703125,1366.8502488232327,1334.5011024154605,1336.8973580528184,941375
2026-07-02,1361.0592041015625,1372.3415075164762,1349.5772635148478,1367.8485742434139,806625
2026-07-03,1382.8250732421875,1385.0215697334345,1348.8784649459894,1367.8486284056294,506210
2026-07-06,1386.81884765625,1409.5830934750597,1373.8392616090714,1399.7984337034288,809070
2026-07-07,1357.3651123046875,1385.820357395297,1352.2731454536708,1385.820357395297,457636
2026-07-08,1333.9019775390625,1356.8658588889116,1325.2156885625227,1356.8658588889116,612098
2026-07-09,1315.0316162109375,1346.6819080053276,1309.540253350694,1333.9019602336787,527329
2026-07-10,1331.70556640625,1335.7991037507118,1310.8383615544528,1321.8210881208067,536850
2026-07-13,1328.81005859375,1332.9035958231757,1313.034821217578,1330.9067365035905,269697
2026-07-14,1356.36669921875,1375.8360776764355,1330.0081317003132,1342.288865325071,956486
2026-07-15,1357.6646728515625,1362.9562768149422,1344.5851470682505,1362.457061995079,361185
2026-07-16,1374.837646484375,1387.517654457946,1346.5820382590648,1367.8486388406636,727432
2026-07-17,1375.636474609375,1379.630193366402,1359.96105536087,1367.8486742817229,624569
2026-07-20,1393.9075927734375,1401.5955741106566,1365.6521071545862,1365.8517443306728,704689
2026-07-21,1412.8778076171875,1419.4674190913347,1383.9233470647216,1387.5176695162,874822
2026-07-22,1428.55322265625,1439.7355862249954,1405.2897625601115,1408.8840850015924,716968
2026-07-23,1411.1805419921875,1431.0493171112032,1399.8982377935426,1417.3707572914116,414539
2026-07-24,1465.7945556640625,1474.480966810679,1400.1977759238453,1402.8934872473972,1157687
2026-07-27,1463.498291015625,1479.1735884256896,1445.8260123433038,1477.675943887965,385986
2026-07-28,1469.0894775390625,1481.5698487260556,1448.3220911324559,1449.719917081124,356512
2026-07-29,1473.981689453125,1477.6758302773724,1457.707237976327,1469.4887561853898,187215
2026-07-30,1469.588623046875,1502.0375866020163,1464.9958710424864,1485.962893647347,574874
2026-07-31,1446.3251953125,1469.5886553705452,1441.7324432070939,1468.5902257007342,349000
2026-08-03,1433.3455810546875,1463.3982891416658,1422.9618883197575,1462.699437138167,652477
2026-08-04,1445.7261962890625,1463.7977493669507,1432.746610272655,1443.7293369019228,245864
2026-08-05,1432.447021484375,1448.7214741145754,1415.7732944827485,1445.7261850571367,518128
2026-08-06,1439.735595703125,1454.5124036892526,1431.947795463129,1437.3393401001554,196726
2026-08-07,1441.732421875,1449.021007108226,1432.7465549796573,1437.7387032548477,118762
2026-08-10,1434.743408203125,1447.4234160168685,1428.8526488876666,1442.7308454095446,199026
2026-08-11,1422.6624755859375,1441.532820916026,1416.4721384419884,1434.7434503397262,228442
2026-08-12,1461.7010498046875,1461.7010498046875,1423.461144354113,1429.6514814900224,398896
2026-08-13,1589.5,1597.4874371859296,1488.6586055276382,1496.6460427135678,12371579
2026-08-14,1556.300048828125,1597.0,1552.199951171875,1592.0,889819
2026-08-17,1538.300048828125,1559.0,1536.199951171875,1550.0,353029
2026-08-18,1520.0,1545.0,1517.0999755859375,1538.4000244140625,176344
2026-08-19,1544.9000244140625,1577.0,1516.199951171875,1535.699951171875,385557
2026-08-20,1532.0,1552.9000244140625,1532.0,1550.0,257504
2026-08-21,1528.5,1546.0,1521.0,1532.0,451537
2026-08-25,1527.199951171875,1538.300048828125,1524.5999755859375,1524.5999755859375,140103
