Date,Close,High,Low,Open,Volume
2021-08-04,750.0872192382812,753.2714700962952,735.0118755311032,736.8527392421487,9744349
2021-08-05,745.6093139648438,751.2812507865618,739.8378939865016,749.2911017778557,7246991
2021-08-06,737.2009887695312,753.9182905385903,735.1610979984655,743.3207218172618,6522599
2021-08-09,751.77880859375,753.6694744975262,736.1063847216764,737.3502278861267,6064688
2021-08-10,757.7990112304688,760.2369560243114,751.2812850763811,751.7788223512661,8309248
2021-08-11,757.0526733398438,765.2122964501975,748.7935670725275,761.2319984192471,6429468
2021-08-12,753.6197509765625,759.640001109561,749.6394524341694,755.2616484191141,3572081
2021-08-13,756.1571655273438,760.7344841071655,750.485228515283,753.7689623429403,4239376
2021-08-16,758.2467651367188,762.0280360705475,752.2763181671382,752.2763181671382,3967629
2021-08-17,753.022705078125,756.2566975346878,745.6093871461743,755.2616229326685,5576110
2021-08-18,750.6842651367188,760.0379294700239,746.8034500962372,760.0379294700239,5370460
2021-08-20,736.6039428710938,745.3108452690972,732.5739030509241,742.1265945309211,6092036
2021-08-23,732.474365234375,745.8083887398134,730.7827870563464,745.8083887398134,3614761
2021-08-24,742.6738891601562,746.0074254468874,727.8970559276191,732.3748915416646,4537435
2021-08-25,735.4098510742188,747.7488000739945,731.5788382617446,744.5148077115446,6726509
2021-08-26,742.6738891601562,746.3059356742506,728.7428450275702,730.4842255441434,6492155
2021-08-27,748.694091796875,755.8585797403819,737.3502179954414,742.82312784561,5841967
2021-08-30,780.188232421875,785.6114011696361,750.2862526686582,752.2764018799809,12517507
2021-08-31,782.6261596679688,785.1138461259089,774.5660798380558,781.0340646287001,12114870
2021-09-01,794.965087890625,814.9660621927519,791.4823269410833,794.1689796573907,19972195
2021-09-02,798.7463989257812,802.1296161477594,788.4971426239246,791.5818496108068,6799617
2021-09-03,794.0695190429688,805.9109309014577,783.8202629616264,800.5375038472034,7509746
2021-09-06,796.855712890625,801.930629698092,791.4325442733707,796.9054544728043,4539192
2021-09-07,783.9694213867188,795.4625804618831,778.1980014273261,794.0694518665517,6926921
2021-09-08,790.7858276367188,793.4227389889354,779.1434422153296,786.108964687242,5903035
2021-09-09,786.2581787109375,789.7906812108463,780.33747300106,785.113818686467,4909325
2021-09-13,784.467041015625,786.5567341280646,779.6409534723729,782.1286399863243,4814443
2021-09-14,790.4872436523438,797.0547113622656,786.1088913560422,787.1039659020626,6301208
2021-09-15,787.5020141601562,793.5222029719203,783.1236618964025,792.0793327440107,4075592
2021-09-16,798.6467895507812,803.4729374382297,785.2132834619425,788.5965611410913,15446511
2021-09-17,803.3734130859375,816.6576947598504,793.3231844317897,804.866024909892,14641298
2021-09-20,791.9300537109375,804.5675126011498,787.6015037265306,796.0596373736254,6306484
2021-09-21,791.4325561523438,795.0646027239324,768.4960988464512,791.3330729864921,7833561
2021-09-22,784.467041015625,792.8754335796876,782.1286399863243,788.5966249225979,4359142
2021-09-23,808.1497802734375,810.4881810569547,788.6462836133024,790.4374055681802,9043492
2021-09-24,794.1192016601562,812.9261342190555,791.1837197046787,808.5477820751709,5184626
2021-09-27,793.024658203125,804.8162670804861,788.8950746130797,798.9453637988477,7715259
2021-09-28,785.3128662109375,801.6320527892883,774.1680188314954,798.0498086155004,7369680
2021-09-29,778.297607421875,785.6113812946429,774.6655609092837,779.1433965214761,14241004
2021-09-30,762.7743530273438,783.4718906757867,761.0827142144722,776.0586341684406,9178187
2021-10-01,764.3665771484375,767.8990798262836,750.2862472855387,759.6399728054583,6089895
2021-10-04,775.1630859375,777.3025205455175,766.5059250772994,767.3019725821903,5845527
2021-10-05,778.7453002929688,780.138428924145,767.4014871294321,770.5857377617426,3945224
2021-10-06,775.1133422851562,790.2882293569943,772.1778601800911,778.3970761931395,5092479
2021-10-07,773.2723388671875,786.2581091627617,770.2871154860487,786.1088236998946,6622698
2021-10-08,778.0985717773438,781.133537067451,772.1778659418369,778.0488301957745,4295686
2021-10-11,783.2730102539062,789.0941724783754,775.1631278192364,778.1483516747662,4417455
2021-10-12,793.2237548828125,795.7611830081278,781.58136972218,784.1187978474953,5098502
2021-10-13,790.6862182617188,800.5374806643906,789.2931503234067,796.0099035794473,4381414
2021-10-14,798.0994873046875,800.0398947186344,784.1187027839353,795.0645222390409,7157116
2021-10-18,809.2941284179688,815.9611401244283,798.099539605286,815.9611401244283,11014585
2021-10-19,797.7015380859375,822.9266536594369,794.5670289565421,815.9611318025856,10633732
2021-10-20,800.8359985351562,809.7916696287677,788.099056237815,796.6566732112312,9023067
2021-10-21,803.8212890625,809.4932267069236,788.3976320078506,803.9705745536177,7405639
2021-10-22,812.6774291992188,820.9365361432075,802.8261664716871,808.000566482769,10646970
2021-10-25,840.9375,862.6301743474236,821.3843210196172,826.0113813579374,29193770
2021-10-26,837.7533569335938,847.4553345951188,819.4439594118761,844.2213420412771,16771909
2021-10-27,783.6211547851562,836.6586125430749,781.7802912867731,835.8625651041667,39606414
2021-10-28,754.61474609375,785.1138047547785,750.9330189176313,783.6211929586667,19320926
2021-10-29,738.3453369140625,758.2468284750885,710.4832487286262,758.2468284750885,21343427
2021-11-01,748.644287109375,756.256631443373,736.3551411422316,751.2812588680877,11694854
2021-11-02,752.1270751953125,757.599985226655,744.3655058432239,748.7935997427617,11812106
2021-11-03,746.9029541015625,758.8936513564736,744.8133217811597,755.7094005593336,10529505
2021-11-04,749.2413940429688,753.32117540129,747.6990406384587,753.2714338207311,793433
2021-11-08,747.3507080078125,757.2517116540051,737.8477584644479,757.2517116540051,13872770
2021-11-09,741.3803100585938,750.2364981905775,739.6886711111378,746.3059414188649,12120207
2021-11-10,745.6591186523438,749.6394170066303,728.394598834439,739.0419090790622,10844883
2021-11-11,734.4148559570312,744.3158611770833,731.4793735020054,744.3158611770833,6195359
2021-11-12,732.4246215820312,739.1413748972548,729.8871935876308,739.1413748972548,9372897
2021-11-15,729.638427734375,740.3354793513467,724.4142862470167,734.365031937223,12849161
2021-11-16,722.5734252929688,729.6881720473799,717.7472771744337,729.6384304656491,8978763
2021-11-17,708.8413696289062,721.3296044925636,703.2689761421805,717.4487892444458,18083445
2021-11-18,702.8709106445312,712.473404708508,698.442877317419,711.4783301209263,13458109
2021-11-22,683.019287109375,709.4882493990295,674.063614957073,709.4882493990295,16741079
2021-11-23,682.2728881835938,689.2384100201408,674.0137208469207,677.6457672412182,16575348
2021-11-24,681.7753295898438,691.6762724459857,678.6905621465465,686.6014167032946,11463429
2021-11-25,676.5511474609375,683.6161518102906,673.2176115899977,682.6210773535071,9760486
2021-11-26,658.4906616210938,671.5759178005414,657.1970766994597,665.7049529648835,10252753
2021-11-29,647.89306640625,662.1724237677913,646.15168580615,661.7743696225257,12084376
2021-11-30,652.420654296875,674.1132673830456,644.8083096804463,644.8083096804463,24699809
2021-12-01,676.2526245117188,678.0438072486211,656.7491880689378,661.6250775468976,16184200
2021-12-02,672.7698364257812,675.4565496878218,664.7594989516355,671.6752787837962,8612601
2021-12-03,669.6851806640625,683.9644763442905,667.6950315387606,675.7551112024205,9505985
2021-12-06,659.833984375,675.4069271361155,657.8936373708577,670.6803224894908,8022785
2021-12-07,683.6162109375,688.1437879605585,666.6999437090611,668.6900927947598,15123987
2021-12-08,693.66650390625,698.0945981798109,684.2630971912096,691.5768714661378,11670826
2021-12-09,690.5320434570312,696.452749582316,684.6113373317465,694.7113690004402,7021395
2021-12-10,684.6611328125,688.5419484228505,680.3823237642544,686.7010237935142,5549743
2021-12-13,700.532470703125,708.393583801702,689.6861340078017,695.5570980418812,13634563
2021-12-14,707.3984985351562,710.4832052445073,694.1639588694494,697.547236521568,8612512
2021-12-15,708.9906616210938,716.4537212171052,704.0650301408192,708.8911784536274,7692888
2021-12-16,706.1547241210938,718.3941297264246,701.577344455959,715.4586474682087,7309187
2021-12-17,685.5068359375,704.5127342774452,681.7255043127964,704.0151970357239,7844705
2021-12-20,671.0285034179688,678.4915625976801,656.8486909765171,677.5960319368334,9934646
2021-12-21,662.5703125,679.6358639786325,659.2368373145594,679.6358639786325,10116104
2021-12-22,666.0531005859375,673.5161594289914,660.7294762383705,666.6999233128136,7489534
2021-12-23,675.4566040039062,681.1285411833105,669.2871295409494,673.6654819300237,6884683
2021-12-24,664.2122192382812,678.6407992816596,659.1871052321479,677.7950102625827,6028893
2021-12-27,668.8394775390625,671.2773619432496,652.7192554054359,659.7842614144414,6996729
2021-12-28,672.1231079101562,677.4964739672125,668.6900886118946,673.9639715091002,4645547
2021-12-29,667.1975708007812,676.2527260659325,663.9635781011503,671.1778695080193,3969894
2021-12-30,665.5556640625,669.7847313803057,661.227113572208,664.7098748927539,5119705
2021-12-31,675.207763671875,683.1186177873296,667.8939906740072,669.6353709815495,5586980
2022-01-03,692.9201049804688,695.0595394529826,675.655586669399,676.8994297965518,8550860
2022-01-04,705.6571655273438,707.5477707961971,696.6019503723534,697.5472833740464,9705906
2022-01-05,723.3197021484375,727.30000027943,704.2640005524987,708.3935841572154,11312955
2022-01-06,726.7030029296875,729.887253948627,715.4586715597312,716.4040046217731,7955578
2022-01-07,727.00146484375,737.2507816193269,721.6778401273167,730.3847427141682,10454143
2022-01-10,739.141357421875,740.3354590188113,729.5886661154443,730.0364618061117,9595787
2022-01-11,739.5891723632812,743.3704435732272,733.6684665391983,739.2409205584365,7252279
2022-01-12,743.17138671875,747.7487659868864,739.4896595538843,745.9576439839327,5294563
2022-01-13,737.0518188476562,745.3109264464166,733.4197720150836,745.3109264464166,5196538
2022-01-14,718.1453247070312,732.3251372385288,712.5231291288003,731.1807771965603,16302342
2022-01-17,709.139892578125,717.0506865539759,706.0053834950118,715.45859158973,19680557
2022-01-18,721.6281127929688,732.2754231705882,710.732033765099,713.9660262183528,24055886
2022-01-19,726.00634765625,728.3448092259183,715.1600717967266,721.6280561959527,7746270
2022-01-20,725.309814453125,733.5191789322228,718.5930616974996,727.449188149386,8505400
2022-01-21,708.9906616210938,721.6778629343133,704.56256744722,718.4438704427083,10689060
2022-01-24,701.1295166015625,712.8714450963203,684.8103301205044,711.4783164067461,8812501
2022-01-25,748.4951171875,751.2813138867962,705.1098287130527,710.4832557816853,38088158
2022-01-27,770.0383911132812,773.1729001373794,734.4644771108213,740.3354410581857,34927774
2022-01-28,760.9334716796875,780.8349614020043,757.7492211772114,774.2674333529237,17765524
2022-01-31,769.2423706054688,773.9689747294889,758.5950607476119,771.6305738251017,12319200
2022-02-01,778.048828125,789.9897229273715,765.3118250815118,774.2674961832904,15457534
2022-02-02,800.1394653320312,801.9306482080884,783.4719657035859,786.1089376998102,13478899
2022-02-03,795.6118774414062,807.9010850864482,789.1438925970263,798.2488494025437,10802708
2022-02-04,794.6167602539062,800.5374659025151,787.2532451126744,793.0246652867561,10776387
2022-02-07,785.7108764648438,799.6419208045363,780.237966188536,798.5473630430881,10939179
2022-02-08,794.6167602539062,797.0547050191605,772.3271270411545,790.0891832524512,12300670
2022-02-09,799.890625,805.5128203064506,796.2088978802308,797.0546869246041,9399830
2022-02-10,805.8113403320312,811.931072970799,799.14432884997,803.5724226448522,12848281
2022-02-11,799.8408813476562,805.9108723172571,794.5669985760236,797.0049432796121,9717894
2022-02-14,769.5408935546875,799.0448788159898,766.157676461192,786.1089094204632,8617389
2022-02-15,793.024658203125,795.1640320002151,760.5354505305121,773.1729091984218,7426563
2022-02-16,793.1241455078125,804.3187340199705,785.4123178661035,791.0842548591696,7457765
2022-02-17,778.9443359375,798.04977920758,776.6556766477757,793.0744065192533,6516308
2022-02-18,783.5218505859375,786.6562994802656,775.1631987319819,777.30263365131,5466662
2022-02-21,784.964599609375,792.8754550852171,772.2773980441019,779.6907162036588,5635224
2022-02-22,775.3123779296875,783.1236890347601,762.3266061630229,762.3266061630229,6923558
2022-02-23,773.3720092773438,781.6311165027766,768.446377745728,779.6409672564297,6303173
2022-02-24,726.7030029296875,765.3616894261752,721.7276296921372,748.6941890803818,13085009
2022-02-25,754.3162841796875,761.0827792750747,733.7680302449122,738.6438593170217,10066136
2022-02-28,738.7433471679688,746.2064060601512,732.5738730035256,746.2064060601512,14463418
2022-03-02,746.5546875,752.7241619094854,721.4290548983672,725.1108429116514,11691602
2022-03-03,734.0167846679688,755.7093982597685,728.7926431483262,752.2763788285255,8357181
2022-03-04,711.4783325195312,728.8921378609184,706.5527011474894,719.4389292470225,11660648
2022-03-07,664.2620239257812,701.5275791045538,652.3708705444075,689.5866841410719,20147061
2022-03-08,667.0980224609375,670.4314980088009,633.8625072083208,661.724595437258,24828458
2022-03-09,670.8792724609375,677.1482299669213,655.8536103442449,668.1925590342214,20438651
2022-03-10,691.527099609375,716.851760113602,684.8600876984586,704.4133277180616,23224756
2022-03-11,687.447265625,703.1694929500046,684.0640484133733,688.4921425464402,14224356
2022-03-14,706.552734375,708.8911962143927,681.62612684671,691.2783629796216,10720884
2022-03-15,694.7113647460938,714.4635715028819,691.5768554240988,709.4881984422769,12157425
2022-03-16,720.2847290039062,722.4241636998613,705.6073785706101,707.4980446151534,10038170
2022-03-17,735.6089477539062,743.0720077581731,732.8227508325541,733.3700297526261,13657428
2022-03-21,722.3246459960938,745.708898110715,720.1354698214358,741.3305457613991,7495685
2022-03-22,727.7975463867188,732.3748649991513,702.8708804509575,725.4093431853007,11117081
2022-03-23,723.17041015625,739.2408880090894,721.0807779501262,732.4743326597703,5886245
2022-03-24,718.6925659179688,726.8521890590279,715.4585737556517,715.5580569129887,7559843
2022-03-25,717.6975708007812,723.0709980510239,711.9758917268063,719.737461628074,5430894
2022-03-28,732.3748779296875,734.2655438920685,711.5280537004077,722.4241323056428,7077669
2022-03-29,734.166015625,737.9970892125369,727.3995206035019,737.9970892125369,6174137
2022-03-30,746.7537841796875,762.0778973682609,737.6488268269082,743.3207644859574,16618114
2022-03-31,757.4010009765625,759.2418645588108,747.5994804389848,759.2418645588108,20449544
2022-04-01,770.7349853515625,771.929086965899,751.4305754021575,756.256662705876,9321859
2022-04-04,780.2379760742188,781.6311048196524,763.2222245661023,776.1581944740024,10959783
2022-04-05,779.2428588867188,792.0793449261943,772.1778538476467,772.1778538476467,7334134
2022-04-06,769.8892211914062,776.1084373689016,765.4113855436096,773.1729551862172,9954921
2022-04-07,788.1985473632812,791.0842879275216,765.4113760133839,765.7098862392803,9820244
2022-04-08,790.9848022460938,796.7562226216722,785.1138379725119,790.9848022460938,8104237
2022-04-11,782.1783447265625,790.3379682548853,780.1881956091438,785.5616225199867,6340427
2022-04-12,794.5172729492188,797.0547008612343,773.9689595508071,776.257618829595,7672215
2022-04-13,789.1438598632812,801.8310603779145,786.954683706007,801.8310603779145,7640132
2022-04-18,794.9153442382812,797.7016017911595,772.1779132263955,776.1582117481811,11478317
2022-04-19,793.8704833984375,812.1798798632635,781.6808198606706,801.0350324818273,8711816
2022-04-20,790.7858276367188,798.4976560877645,784.715835899045,796.9055002248915,6676491
2022-04-21,797.850830078125,800.0400064217085,786.6562404360302,791.1838178777036,6851615
2022-04-22,776.755126953125,794.0694474699653,774.366984604458,792.0792984788125,6255027
2022-04-25,776.854736328125,784.9148161279047,757.5005236108013,768.1975753399522,8023525
2022-04-26,771.1828002929688,792.6763869492565,765.2123528068296,787.1039935893397,11087204
2022-04-27,762.1275634765625,769.1428263671797,745.3107805821666,761.8289925469195,11485697
2022-04-28,775.9590454101562,781.5812403569507,762.5752818857924,773.0733659404896,11037317
2022-04-29,725.0112915039062,763.0728929714643,721.4290474243013,761.2320293511592,34401710
2022-05-02,723.7674560546875,734.5640514584655,714.9610705030552,718.4438314588808,16136040
2022-05-04,703.716796875,731.5291451830359,700.5325458831693,729.3897104152885,14548684
2022-05-05,698.890625,718.2448382272295,695.4576661980584,712.473417661238,12726146
2022-05-06,670.0831909179688,689.089089526625,664.8092474935365,686.6014032828465,15511195
2022-05-09,660.4309692382812,665.704852032741,645.604334637612,656.9482084279455,13999329
2022-05-10,656.5004272460938,668.7895735115682,654.3112511129181,660.4309838228929,9523698
2022-05-11,669.038330078125,672.6703763745506,652.2216071094786,658.4408228673793,9352398
2022-05-12,646.4501953125,663.7147141837374,640.8279999015396,663.7147141837374,11166084
2022-05-13,632.817626953125,656.1521356283829,630.2801991790367,653.1669121919199,9618627
2022-05-16,635.8028564453125,646.0023699503735,626.946669205644,636.6983870440652,6159695
2022-05-17,651.72412109375,654.2615491755851,637.9921037674658,639.7334843166022,8152237
2022-05-18,656.2020263671875,667.0981065339788,647.09706852251,651.5251631067222,13013873
2022-05-19,646.9974975585938,654.5102984151605,638.0418264286258,640.1314587318055,9216948
2022-05-20,669.78466796875,672.4216398698957,654.759066273609,656.5004467690176,9708672
2022-05-23,672.0236206054688,681.4270879153256,665.2571253335335,669.6852195413005,7919353
2022-05-24,660.779296875,678.0936197562417,657.9433584691494,666.4014928365708,8088546
2022-05-25,661.724609375,669.3369543631273,656.7989779553019,664.7098331766917,5169619
2022-05-26,679.8847045898438,681.874853743418,664.7098172938391,669.6354485958421,10114633
2022-05-27,684.9097900390625,690.3826999795286,680.8797503207161,685.6063543602096,5539060
2022-05-30,690.2334594726562,694.5620093056062,686.7008963677916,691.6762689272873,3818060
2022-05-31,681.8251953125,692.5719899055051,679.6857604176829,685.6064670185244,10410424
2022-06-01,682.6708984375,689.0393999964396,677.1482467060544,679.6359331377445,6966674
2022-06-02,688.143798828125,689.7359545625463,678.6408489407437,678.6408489407437,6347433
2022-06-03,673.9639892578125,694.5620448552986,669.8344662627871,693.8654805144114,8475726
2022-06-06,668.8890991210938,680.6309662159248,666.9984332544603,673.6654446318437,6756864
2022-06-07,662.5703125,674.6604916215415,657.8437087607635,668.8890718342211,8312778
2022-06-08,655.3560791015625,670.2324558791412,652.221630686989,666.699953347861,9282494
2022-06-09,658.0428466796875,659.4857170532672,646.7985154049396,653.7142962934843,5682743
2022-06-10,657.44580078125,660.4310245831314,648.9876666759194,652.2714007110823,6758832
2022-06-13,645.753662109375,648.7886274374442,636.9472156183159,643.7635129454565,6135431
2022-06-14,647.5447387695312,652.4703697514875,639.9323944579144,641.8230603247755,5391833
2022-06-15,647.2960205078125,653.1171825629166,644.0122865091761,650.7787815712672,4638336
2022-06-16,631.7728881835938,654.9581142295235,627.9418145307525,654.261549862231,5960283
2022-06-17,632.0714111328125,637.6438047141892,623.5137329551917,626.8970109589428,6849201
2022-06-20,625.205322265625,634.0117683984502,619.1353918564027,632.1211024758242,5305222
2022-06-21,633.3649291992188,642.1713143687429,625.0560812875101,628.8870938788785,10333886
2022-06-22,623.7127075195312,630.5290045373313,618.1900559871955,629.434386106133,5899024
2022-06-23,626.2500610351562,637.6934168487467,615.2047592828042,624.3097145065568,8450777
2022-06-24,630.8773193359375,639.2857121585366,628.5389182347369,631.2255711647849,6918584
2022-06-27,633.9619140625,643.7136923564328,631.5737717996283,640.8279521291221,4552114
2022-06-28,639.1861572265625,641.5246190219543,628.8871592136342,630.877308451652,10711123
2022-06-29,622.4688720703125,634.6585352973302,620.4289813914728,633.2156650541649,13620084
2022-06-30,633.6634521484375,636.1511384875367,620.5782584454937,620.9265102391556,10563138
2022-07-01,640.7783203125,643.4152316420075,628.6881392608444,629.8822409640816,6549359
2022-07-04,651.1270751953125,651.9231835057071,637.3453155387575,638.3901317779793,3933384
2022-07-05,645.3057861328125,656.6496592499287,642.8180999873506,652.8683277212066,5044787
2022-07-06,654.7094116210938,656.1522820843443,647.7936303027509,648.7887050036768,6684686
2022-07-07,655.9052124023438,662.2335295503253,649.4273825421825,661.1871230460026,11171714
2022-07-08,666.8677368164062,674.4916082638993,659.1441699453557,664.725045547193,12669533
2022-07-11,677.5311889648438,679.624062922121,663.080644590663,664.2765638766813,14864123
2022-07-12,673.8936767578125,682.9127974888394,670.7045789273825,674.6909360086746,6446810
2022-07-13,677.5809936523438,682.6635740333347,674.6410434673892,677.680628237471,9614674
2022-07-14,665.9707641601562,678.1291651362578,663.3297783253994,676.2854385335281,8026311
2022-07-15,659.94140625,671.9004771183407,656.851943112824,667.7147901490255,6015057
2022-07-18,682.165283203125,685.653345279401,661.1870934526314,665.7713792792326,12464664
2022-07-19,698.2103271484375,701.4492418534154,676.2853660685873,676.2853660685873,10171314
2022-07-20,703.2930297851562,712.0630028189298,700.3032621036211,703.8909589906716,11620331
2022-07-21,713.1094360351562,715.9995692329485,701.9476241075544,705.5353819558808,8036515
2022-07-22,728.2576293945312,732.4931339103393,712.6609825525858,714.5545265492698,9713490
2022-07-25,724.869140625,736.2800992931025,720.0357072668719,730.9981886231841,6230411
2022-07-26,704.0404663085938,720.9824830407537,699.6554494118315,720.4343711354031,14135744
2022-07-27,716.4978637695312,718.092382261698,701.2001820655762,705.5353818616858,6106880
2022-07-28,723.4241943359375,731.1975786797572,720.5838783459953,722.5272396386962,6964838
2022-07-29,722.278076171875,732.4432989298249,720.5340449427604,731.3968923577526,6624854
2022-08-01,728.307373046875,729.8022568424667,717.9428818936258,723.5237570663771,5493105
2022-08-02,727.9586181640625,731.8452796805994,718.6404723296756,724.5203731412562,7275626
2022-08-03,728.0084228515625,735.9811365857344,725.0186552012481,727.5101282431768,9458761
2022-08-04,719.1387939453125,734.1873284403503,709.7708912899004,732.6924445331799,7466635
2022-08-05,726.0151977539062,728.7060006316354,718.7401091044713,721.5305465666823,4583196
2022-08-08,743.007080078125,744.8009285069729,725.6165860407563,727.5101298876939,8191870
2022-08-10,736.4794921875,745.2992831555691,733.6392370152699,742.459027983339,9069541
2022-08-11,756.2617797851562,758.0556892195037,740.5156807229957,740.5156807229957,12384073
2022-08-12,757.9559326171875,759.4009991773435,750.8303560633518,756.1122668581132,4614341
2022-08-16,762.0419921875,769.3668988234858,755.8631266895836,762.390774093221,7051498
2022-08-17,769.4664306640625,771.1108270331126,763.6364086773798,768.768866945772,7674390
2022-08-18,762.4405517578125,773.3532156125866,759.5006014660548,769.3668588310784,9449924
2022-08-19,754.9163208007812,770.014671547588,747.6910490835461,769.3668642352517,7553270
2022-08-22,739.3197631835938,751.876825119808,736.6788379800972,750.8304184985363,4994311
2022-08-23,744.501953125,748.2889799370538,731.2971461641571,735.4828329888387,6594634
2022-08-24,747.5914306640625,749.4849136933476,739.4692041582177,742.4589718300164,6875820
2022-08-25,740.8145751953125,756.0125608585573,737.4760256263093,751.3286401681897,6320890
2022-08-26,742.3593139648438,752.4248404802121,738.771556374977,745.4487161313889,4613713
2022-08-29,726.214599609375,732.3934651330155,719.58725675724,727.5101534707075,5904146
2022-08-30,748.936767578125,750.9797632284784,730.4998677774659,730.4998677774659,9193270
2022-09-01,741.6119384765625,752.3252732572747,730.9982382932499,730.9982382932499,9353805
2022-09-02,747.6412353515625,751.9763740717708,737.72516057526,746.4453161376152,7767812
2022-09-05,753.5211181640625,756.2119213422034,746.7941406322013,747.6412780027727,5894055
2022-09-06,747.44189453125,758.9524875416358,746.2459753346046,755.4146080729167,7606181
2022-09-07,752.8235473632812,755.4146550948194,736.5292765520527,740.6153289926856,10156460
2022-09-08,777.0904541015625,779.532109886771,754.517683652912,759.1518479151847,13410790
2022-09-09,782.1730346679688,785.2624977843975,777.3396012219318,785.2624977843975,8732302
2022-09-12,798.2680053710938,802.2543624515986,784.1164255699052,786.3089341295793,15521649
2022-09-13,802.802490234375,806.1909181504941,800.4107124350408,802.2543782903807,9887516
2022-09-14,800.3109130859375,808.582590951781,791.6904533447475,791.6904533447475,10494713
2022-09-15,787.3054809570312,803.7492030276528,784.9635206292796,802.7526138112515,5996899
2022-09-16,786.6078491210938,789.8965813396402,773.4528594199302,783.3689341975145,11467351
2022-09-19,795.3778076171875,799.2645297860902,784.0167273558158,786.6078349170996,11427799
2022-09-20,809.9779052734375,813.4161503188008,799.2645709373078,804.0481871266487,8274079
2022-09-21,803.7990112304688,813.2167913843225,800.6099136086641,806.4898142497095,6567084
2022-09-22,786.50830078125,806.0414270547019,781.6249887993947,802.2543998172348,7804275
2022-09-23,765.978515625,786.3089617813182,761.643376478292,786.3089617813182,10278805
2022-09-26,740.067138671875,760.8958779323136,738.472620232933,756.4112263924375,11090327
2022-09-27,734.9845581054688,751.5777931378958,728.0084334861625,743.8043484719426,11358306
2022-09-28,714.0064086914062,731.3969039601302,705.2862524075028,731.3969039601302,13170668
2022-09-29,716.5476684570312,728.3074094040037,708.5749544825442,719.7865835091667,12090981
2022-09-30,730.6992797851562,735.2337488904496,711.963413293636,717.5442889883074,9536017
2022-10-03,720.284912109375,739.4692560154358,718.5906981444821,728.5067737834011,6405645
2022-10-04,740.2665405273438,741.9607545500076,729.5033879524586,730.8986373421783,5438934
2022-10-06,752.5245361328125,757.8065079442553,743.455598074228,747.4419551684598,9376433
2022-10-07,753.1224365234375,754.9162848368628,739.7681175169855,751.2288927983373,7500540
2022-10-10,774.2003784179688,776.0441051311705,742.4590333369737,745.4488012564514,14106654
2022-10-11,782.8707275390625,792.7868034305869,771.8584277272024,777.3396689828508,15953495
2022-10-12,805.9417114257812,808.03452444932,780.7778337130018,786.8071863065097,21228018
2022-10-13,799.2645874023438,812.1704304989873,792.8863918005101,804.2475337078446,13024911
2022-10-14,797.7697143554688,817.9008298687482,791.7403614092467,812.7683707735199,8220645
2022-10-17,811.3731689453125,814.2134240005686,794.3812734303498,800.759469014023,9463827
2022-10-18,813.5656127929688,820.0933210652114,808.7819965413942,817.2031878991659,8470882
2022-10-19,827.0195922851562,835.5902966163728,814.1138097300447,815.6585109535193,10868663
2022-10-20,823.033203125,829.0626167149702,814.1635953463724,822.086492004441,11813817
2022-10-21,897.3289794921875,902.9098549269484,852.9308800171425,857.1663843034996,58057724
2022-10-24,906.3480834960938,915.3173865275703,901.9132492762457,912.8757307591613,3085307
2022-10-25,899.7705688476562,907.4941354391532,888.5589399245156,902.6108846710398,13187308
2022-10-27,912.0286865234375,916.8123028107809,898.1760714649197,905.8996382375723,11967044
2022-10-28,899.9699096679688,914.8191138175054,895.8341007783994,911.8791633658477,7320207
2022-10-31,902.909912109375,914.8689837929429,899.0231894814218,904.903090723303,9038777
2022-11-01,868.7767333984375,900.9167387349441,866.0361127883479,900.9167387349441,29191921
2022-11-02,860.6046142578125,874.0087515177507,858.6612531010146,872.0155730650307,11029140
2022-11-03,861.1029663085938,877.3972377426342,853.0804346666695,854.973978653849,10185978
2022-11-04,865.13916015625,869.9228375305871,859.3589542937412,866.0361148706843,7323879
2022-11-07,869.9725952148438,873.8094394844759,858.3623061580925,873.2613275640971,9931261
2022-11-09,870.7200317382812,877.7459737196048,865.5377555214042,872.065402882393,10190209
2022-11-10,840.8223266601562,853.7779863596132,838.1315236341042,840.8223266601562,18956575
2022-11-11,847.7984619140625,851.784818795448,841.2708146861895,844.1110696333851,19329819
2022-11-14,848.097412109375,850.9875451300805,844.4598371861053,847.5991175076656,6985306
2022-11-15,855.721435546875,856.9172940575455,844.3104757795168,848.3466503204905,7124767
2022-11-16,852.4824829101562,858.6612877009816,847.6988057692853,855.07359067231,6521854
2022-11-17,855.2728271484375,858.4619246178942,849.7915867820815,852.4823896727785,4909607
2022-11-18,856.26953125,862.846996241784,852.0838440611451,856.3691658483367,7065304
2022-11-21,867.0824584960938,867.9794131453679,856.0701595290153,857.0667487717732,7209207
2022-11-22,867.0824584960938,874.008765898657,865.3882446180094,871.9657701163994,5535233
2022-11-23,871.7166748046875,874.8060773107314,865.786956291167,870.9194155283196,5861417
2022-11-24,875.553466796875,877.7957925924075,870.1220432600779,875.0053548789186,4928778
2022-11-25,884.7221069335938,888.7582812318203,877.8954948999872,879.9883079947771,7614047
2022-11-28,888.6586303710938,896.4320142155716,882.2804349552773,884.6722734429534,7928147
2022-11-29,889.5056762695312,898.8238217645038,886.9643859807123,891.3494027815202,5661158
2022-11-30,898.176025390625,902.0128695178131,882.4299280401573,891.9473428289702,10452798
2022-12-01,900.7672119140625,906.3979657738523,896.4320728021772,906.3979657738523,7053100
2022-12-02,902.062744140625,903.9064098409317,888.3596425581412,895.2360715833464,7988851
2022-12-05,896.1329956054688,904.2053435676773,894.538416434123,903.90637898148,5098164
2022-12-06,901.564453125,903.8067788474197,892.6449675304239,894.438815942964,5351099
2022-12-07,911.5303344726562,914.8688839558654,896.780765677581,899.7207159776931,9103656
2022-12-08,936.1461181640625,940.7304653596467,910.633456863442,912.5270008309415,17466047
2022-12-09,930.515380859375,941.7768270491702,924.4361500298539,940.7802378141974,8018981
2022-12-12,935.4486083984375,937.9400817486417,918.8553715552836,926.728451672723,7621788
2022-12-13,941.378173828125,946.0621554317456,933.4054598907215,936.9932176587412,8136559
2022-12-14,939.1856689453125,946.9092351016819,935.2989468068006,942.4245837850804,8573479
2022-12-15,934.9502563476562,941.7270512789019,929.4191371880759,936.544774863132,7359261
2022-12-16,931.9105224609375,941.9761097245242,925.9309873515905,929.0702676147883,6926928
2022-12-19,942.9727172851562,944.8662002771619,929.2197984310499,931.9105406211092,4842336
2022-12-20,946.5106811523438,949.5004490317405,937.2424128916106,940.5311453935503,9511818
2022-12-21,929.1201782226562,955.6294896993481,924.8348564626333,949.8492231848704,8368960
2022-12-22,916.4136352539062,932.8075406279887,909.8361705161678,932.8075406279887,9202717
2022-12-23,903.5078125,914.1215126109031,900.9167047154608,908.8894189164826,6371695
2022-12-26,925.532470703125,929.7679751165904,902.0129273462807,904.9030605709675,4764440
2022-12-27,929.0205078125,934.601383262467,919.4532145492958,929.269655124141,3346083
2022-12-28,921.5460815429688,934.2525943412428,918.1576537993037,927.7747642872207,5956496
2022-12-29,931.3624267578125,940.7802068840708,912.676379216418,919.6525036318719,12204113
2022-12-30,930.565185546875,940.2819304561998,927.1767578630881,938.039604707894,3704449
2023-01-02,938.388427734375,941.7768555666773,928.621865101302,929.0703424360158,3498198
2023-01-03,959.017822265625,962.3065546223346,939.3850018925066,941.5276931089132,6927819
2023-01-04,954.1844482421875,966.6916319332465,951.7427922641757,960.2138014099825,9059392
2023-01-05,946.3112182617188,958.6191308000023,935.0497729958817,956.7255870781203,6998980
2023-01-06,936.6942749023438,947.7065741198771,931.1133385197832,943.3215570212211,5787783
2023-01-09,955.4799194335938,956.7256559647979,938.1392425884401,943.5706660298861,7025747
2023-01-10,948.9024658203125,960.7120239414986,939.5345026668546,960.7120239414986,7140150
2023-01-11,946.5106811523438,952.4902169111372,939.584373399678,949.7495963550235,7100355
2023-01-12,932.3590698242188,946.4608321809351,920.8484760391259,946.1119894438225,8661375
2023-01-13,930.9638061523438,934.2525382785624,919.8518124726153,932.3091772135771,9083608
2023-01-16,910.0354614257812,938.5378885004728,908.5903949059118,937.242334692892,10008273
2023-01-17,914.5699462890625,916.5631247441648,903.6074647860002,911.829325913297,6904960
2023-01-18,920.848388671875,922.4429070054517,910.13505514566,918.7555757556836,5730939
2023-01-19,925.532470703125,934.8007387836647,917.6095738113638,920.4498289107772,7721730
2023-01-20,927.3761596679688,931.6614814866497,921.4963193022849,928.0737843424014,4511360
2023-01-23,929.5188598632812,936.494985020229,921.2969980711642,932.8075924147312,5236124
2023-01-24,907.0955810546875,931.8109832031279,900.6675679891196,931.8109832031279,18527897
2023-01-25,889.306396484375,904.3549307161034,881.184230560388,901.9132748783845,11921748
2023-01-27,870.7698364257812,889.4558844177508,848.0974315288581,889.3063717030234,17300736
2023-01-30,868.876220703125,882.4796868469707,843.263928368694,848.9943159456224,21233998
2023-01-31,868.6271362304688,876.3008853581426,858.1629494637257,870.0223854634925,16856151
2023-02-01,854.3260498046875,892.1466202553993,830.4577274697712,873.3110609682857,12409819
2023-02-02,865.4879150390625,869.0257945832661,834.1949893895618,848.0476037945589,9567053
2023-02-03,879.5896606445312,881.9814992104708,856.3193256458724,870.0224280347356,7365732
2023-02-06,879.6395263671875,896.083249001981,867.6305772359507,868.8763137991926,10129098
2023-02-07,876.1015625,885.3698909449143,868.5275087282845,883.8251289861092,5055187
2023-02-08,868.7767333984375,883.4266084614048,865.2886708037779,879.0914084547087,6572818
2023-02-09,864.7405395507812,873.1617312210834,859.6080803738031,873.1617312210834,5993312
2023-02-10,864.2919921875,869.7234155462331,862.1991791777392,869.0756082290804,4603464
2023-02-13,856.1697387695312,867.4810624397231,853.5786312366728,864.291964903683,5707194
2023-02-14,867.7800903320312,868.9261923015049,851.3363676900806,859.6080463082112,7527755
2023-02-15,865.3384399414062,869.2251623756382,858.6612797521524,869.0258323587835,7322266
2023-02-16,861.8005981445312,871.3180138048417,859.3091248917283,869.8231298531599,5843235
2023-02-17,851.984130859375,865.2885723399731,847.1008194517445,858.0633006446494,8420479
2023-02-20,843.8619384765625,858.2626651515379,839.6264342090392,856.767781292412,5992322
2023-02-21,841.1712036132812,846.1043329140429,834.543921129639,846.1043329140429,9677064
2023-02-22,830.5076293945312,840.1247400137371,826.7206023997231,837.1349722556811,6984037
2023-02-23,841.4700927734375,845.3568151047107,827.3683916524938,830.2086466297461,8437003
2023-02-24,848.49609375,851.6851306206476,841.5697864442899,847.2004790909477,7763814
2023-02-27,851.43603515625,855.5220877394029,843.0647216206131,848.9445619324921,8064267
2023-02-28,841.220947265625,854.6749019114627,837.1349557410143,853.0305661731592,13012372
2023-03-01,862.19921875,865.786915739105,842.1677382177182,843.1643274732452,12345125
2023-03-02,842.5663452148438,863.8435001502493,840.6229841234959,863.0462409614079,13900508
2023-03-03,849.7418212890625,855.6714784761886,842.7158186386732,846.8516882252868,7977804
2023-03-06,856.5684814453125,860.8039858619996,852.6817589439127,854.0271909606967,10781567
2023-03-08,858.0135498046875,859.558251017932,850.1404701892086,855.5718939117619,8785735
2023-03-09,864.8401489257812,871.2681618275661,859.059943374735,859.5582380054627,14746065
2023-03-10,848.994384765625,858.66125158264,842.6161893974077,856.6680731334445,11198583
2023-03-13,829.510986328125,854.0769341439188,825.6243249909841,842.7157930695566,8315798
2023-03-14,830.0093383789062,832.8496542576039,814.6120830195212,825.1759048131482,12573734
2023-03-15,821.2393798828125,840.623053446592,816.5553981250047,835.1916297325484,6652641
2023-03-16,827.7171630859375,835.0421303365613,811.5225882887138,818.6980428258025,8791383
2023-03-17,834.5439453125,838.6299373132375,820.1930343538853,832.1521065437354,7762461
2023-03-20,834.6932983398438,838.1315433525241,822.7342275666805,833.1485971970394,10744023
2023-03-21,852.6817016601562,854.4257327733916,835.88919784351,837.234568942929,11489951
2023-03-22,846.7520141601562,856.8673577578542,844.1608458172617,852.6816710708521,8018924
2023-03-23,845.9049072265625,858.2128204363339,842.2175149931294,844.1110588183182,9857892
2023-03-24,837.0353393554688,849.5923396339286,834.3943534997146,843.3636567920377,8078718
2023-03-27,830.5076293945312,839.327480776985,826.3718204920756,838.1813788056045,10602508
2023-03-28,829.6107177734375,834.5438466338419,823.2325223622307,834.5438466338419,11002402
2023-03-29,839.72607421875,845.5561578031353,827.169074051887,829.6605471665011,17121194
2023-03-31,855.5718994140625,857.9637380239396,844.6094173015935,851.9842023262293,12946752
2023-04-03,861.6510620117188,863.8435705800223,853.528895924411,861.0531327780824,13266882
2023-04-05,857.5650634765625,868.0292507705822,854.0770010452227,868.0292507705822,11890015
2023-04-06,849.044189453125,860.3056353584511,846.1042391188242,858.8605688388478,19677316
2023-04-10,844.4598388671875,852.0339533244347,841.071472065005,851.8844406128331,15656078
2023-04-11,850.3895263671875,852.7813647053354,841.1710765471636,845.3567632254344,23930907
2023-04-12,848.1473388671875,853.7282756228025,843.7623823024031,851.9842442917326,13480335
2023-04-13,861.40185546875,864.740465803461,842.1178786725427,850.7383996311652,23934570
2023-04-17,861.6011352539062,878.9916280421301,858.0632559458888,878.9916280421301,22577380
2023-04-18,860.4052734375,869.0257944680026,854.1765908510034,862.3984518651789,17238709
2023-04-19,870.4210815429688,871.5173053950632,859.6080516064868,862.0497074519493,23494247
2023-04-20,865.7869262695312,872.61353842213,861.2026399691414,871.8162791734077,19444753
2023-04-21,861.25244140625,870.8694911657597,854.5752812705765,867.8299061208056,15520786
2023-04-24,879.2907104492188,881.3835844354804,857.5650762891039,865.0394958965046,18201632
2023-04-25,875.3541870117188,892.7446824559073,871.4177079397109,881.9815301851463,36394389
2023-04-26,884.6224365234375,886.4162849359124,872.2148886944374,874.4073971216748,19468723
2023-04-27,878.393798828125,886.9644421404878,874.5070763800876,884.9712636188237,15992383
2023-04-28,857.0667724609375,887.0142678681588,850.7384549253036,882.0811388147605,23004117
2023-05-02,867.680419921875,873.4108078787448,861.3022246477851,867.032612604655,12947953
2023-05-03,856.9172973632812,863.8934225616979,851.1370915071329,860.9036546195193,15103015
2023-05-04,862.9965209960938,864.1924403277204,854.5753292018276,857.0668024648066,9756391
2023-05-05,862.3486938476562,881.9815148752476,859.8074033430732,864.1924205161839,14343308
2023-05-08,875.4537963867188,878.3937466970889,862.348624053753,862.348624053753,7007882
2023-05-09,885.2203369140625,887.1636979755821,876.9984761996903,879.1909845555848,12117151
2023-05-10,886.8648071289062,889.4559148750607,874.5568932672195,888.9576202448786,11893027
2023-05-11,892.8941650390625,896.9303394009706,885.9678574749587,887.9610360069609,13816121
2023-05-12,907.5440673828125,910.4839571465301,890.9508312617417,892.1467505831944,10533272
2023-05-15,912.6764526367188,916.3638451469153,906.0491704050921,907.5440543286596,7339579
2023-05-16,914.6696166992188,919.3535984175281,908.8894111184669,913.0750982034878,12567615
2023-05-17,911.6798706054688,915.7659231919084,908.1419907902832,914.570003878146,10248327
2023-05-18,911.5802612304688,926.3297709696997,909.4873871667294,916.8621724498372,13614127
2023-05-19,920.8982543945312,923.838204751964,905.8497815389638,917.7590348551536,8393002
2023-05-22,914.4204711914062,924.5856938959987,911.2812514916671,919.8518948703927,9383158
2023-05-23,913.0252685546875,919.3535859810547,909.2880588555776,914.4204570128335,8273445
2023-05-24,914.5699462890625,917.7091658596611,907.0955270824292,908.0422990139986,6248545
2023-05-25,917.908447265625,920.3999202025748,909.3378046933083,913.5733086861229,8149350
2023-05-26,923.7883911132812,924.7351630391825,911.879137749949,914.8689054147029,4908462
2023-05-29,926.6286010742188,934.5016798732743,924.884570021122,927.8245202474517,7133871
2023-05-30,934.2526245117188,936.4949503720625,924.8846610310455,927.6252815270212,7804403
2023-05-31,911.7296752929688,936.6942853313651,907.0955716533429,934.152934014655,34757004
2023-06-01,916.5631713867188,927.7748007672122,912.9255961902546,918.8553145613342,11817533
2023-06-02,922.9412841796875,927.3263012298903,917.1112613721726,919.5030999135525,11616991
2023-06-05,947.6068725585938,950.64651846003,924.436172287596,924.436172287596,14520005
2023-06-06,964.897705078125,967.438995450353,947.8559927414005,947.8559927414005,14457988
2023-06-07,973.4185180664062,977.9031695445725,964.797997005362,969.631491205795,15795824
2023-06-08,958.8184814453125,971.5249942284382,956.6260337835334,969.7311457656283,10209982
2023-06-09,971.4253540039062,978.3516613325,960.0143951307958,963.7017874550165,12947464
2023-06-12,970.8772583007812,974.5646506865643,965.296322011575,969.6813390368814,7465375
2023-06-13,982.4874267578125,986.3243316281844,970.9768338006503,970.9768338006503,15233785
2023-06-14,974.3652954101562,984.829482250772,972.6710815658037,982.6369737949615,8644423
2023-06-15,973.8171997070312,985.6267578642999,968.8840708061163,984.9789505278337,15978311
2023-06-16,978.2021484375,982.0888707728268,973.8670096093874,979.447884977415,8860900
2023-06-19,962.3564453125,982.6370124661768,957.7222809127747,980.4943212217917,11025846
2023-06-20,971.5250244140625,973.6677156728969,955.2806314970962,962.6554164174278,7596593
2023-06-21,962.7052612304688,974.9632974223545,959.8650060638431,974.9632974223545,7805855
2023-06-22,963.3031005859375,970.1297731318651,955.4300823678244,958.9181445830205,10135883
2023-06-23,955.1312255859375,962.2069854046757,951.29432021993,956.7257441620804,6188008
2023-06-26,957.2738037109375,960.2137542000391,949.8492015416074,956.2273971509471,5799528
2023-06-27,969.9304809570312,972.6711013758669,957.5229327136336,963.7017981869501,6921886
2023-06-28,974.8635864257812,980.6437917319764,963.7017750048997,975.6608456357774,10010996
2023-06-30,984.08203125,986.4738088667332,972.6710725875475,973.7672963918446,7096350
2023-07-03,978.7503051757812,986.623384799418,974.664313468516,986.623384799418,5562743
2023-07-04,967.38916015625,981.4908610084411,965.6949463306252,978.7502406757175,7396806
2023-07-05,963.2034912109375,972.1727942848107,958.8184742662522,965.6949642870135,8200047
2023-07-06,977.604248046875,982.7366462464298,957.7222801183558,957.7222801183558,10221727
2023-07-07,974.3619995117188,987.0814787156783,969.4737047169295,973.9130645384746,6236524
2023-07-10,961.7422485351562,983.6397168850006,958.1010224249453,974.3619913680536,7138850
2023-07-11,950.9182739257812,969.4238573789243,948.324461185316,965.583097735668,10616390
2023-07-12,947.7258911132812,955.2578057543188,944.7330725097656,954.4098648389429,10141257
2023-07-13,957.8516235351562,963.6875954876132,949.8707738830849,954.0108031066665,13079930
2023-07-14,954.759033203125,964.6852274002033,945.4813074131775,962.1413436836285,5383514
2023-07-17,962.5403442382812,966.580698170858,948.1748510958538,957.7019783905746,8472444
2023-07-18,961.34326171875,977.6042309854672,949.0227883239745,961.6923995413861,14457717
2023-07-19,961.99169921875,967.5783307784403,954.2103826099868,961.6924295201541,7574544
2023-07-20,975.5591430664062,977.5543554985788,955.3076881686135,961.5926560411982,15329753
2023-07-21,968.9749145507812,982.6421320165374,965.6828261847799,969.2741842405901,6230317
2023-07-24,969.1744384765625,982.5922542544857,966.4808895165734,971.1197827748352,9167788
2023-07-25,960.1959838867188,975.3097424302705,951.5167976207896,975.3097424302705,13448045
2023-07-26,974.4617309570312,977.6540829976909,960.9940471606344,964.535537018173,8298226
2023-07-27,957.6022338867188,987.63015672027,953.4621437226243,986.9816883223583,17858061
2023-07-28,947.676025390625,967.4286160462416,939.9445773118847,957.6022192953338,8504392
2023-07-31,951.6165771484375,956.3052775703625,946.0299459031511,952.4146499294641,6601991
2023-08-01,957.6022338867188,961.6923950286265,949.7211204017142,953.7115452773517,8409096
2023-08-02,942.9872436523438,956.6045923939507,934.3579258213549,949.2222822906164,9324465
2023-08-03,933.310546875,944.3340841360575,924.930690622325,941.8400684259062,17076611
2023-08-04,949.9705200195312,952.5642718277866,932.412674958146,944.7330873809358,12376086
2023-08-07,945.1321411132812,952.7139239007455,942.2889269011943,949.9705068423926,10922609
2023-08-08,950.6190185546875,957.6022622942126,941.7901667219988,947.7259360784058,11512735
2023-08-09,947.7258911132812,951.0179793993384,942.0395235887916,949.721103515625,7701831
2023-08-10,937.50048828125,949.671296901765,935.0563407522403,945.7307399740623,13590891
2023-08-11,934.95654296875,943.436195670119,930.7665847502635,935.2558126509883,9558237
2023-08-14,937.699951171875,941.0419075552627,926.6764149419139,932.7617883498599,7172522
2023-08-16,930.81640625,937.7497811715781,929.0705954871806,933.7094884411482,7394623
2023-08-17,934.30810546875,940.7426778503086,929.4198714597991,933.7095660844874,9336994
2023-08-18,940.7925415039062,943.6856239218536,928.821266763245,932.6121582533107,6648744
2023-08-21,950.3196411132812,951.9657156977736,941.6903840226237,941.9397855724528,6822155
2023-08-22,954.759033203125,956.8041138031537,946.3791773785815,951.5666810794194,10860061
2023-08-23,976.9058837890625,978.1030234221159,956.1058186098329,959.697176619942,12677151
2023-08-24,979.0007934570312,991.8699374435503,976.756179567921,982.442546931477,11899556
2023-08-25,980.7466430664062,985.834471283137,968.4760988315514,971.6684508890794,6228241
2023-08-28,987.8297119140625,990.1241940903152,977.7538523475707,977.7538523475707,8451441
2023-08-29,978.3524169921875,988.6277487213704,975.1600649597776,987.8296759355306,8114141
2023-08-30,980.9960327148438,995.6109879049402,977.6540762994402,980.6468949003569,9023083
2023-08-31,971.169677734375,992.3189422675721,966.2813827871787,979.4497973749469,21558300
2023-09-01,988.7774047851562,990.6229518907627,966.6804032045811,971.9178357296834,10946742
2023-09-04,979.8987426757812,992.1692874182171,977.6541286050045,991.3712145930849,6727188
2023-09-05,979.1006469726562,983.8392765669051,975.5591570326598,983.091071894129,10548660
2023-09-06,962.7398681640625,980.7965772369347,959.4976479567042,979.1006344891216,16351052
2023-09-07,975.8583984375,977.454544004202,960.7945082621547,962.7398525327949,8686550
2023-09-08,977.953369140625,984.9366127081339,970.1720527717824,975.858420425993,6439351
2023-09-11,998.0053100585938,1001.5966681785131,976.6565120983709,979.4497974015362,7130484
2023-09-12,998.5040893554688,1007.5822815964099,995.660875096741,1007.5822815964099,8958327
2023-09-13,1012.0216674804688,1014.565551227565,991.3213378954422,1000.5491956622612,12254423
2023-09-14,1018.4561767578125,1019.9525860325733,1006.6345069537728,1012.0216046985313,7855558
2023-09-15,1024.69140625,1029.2803711916683,1012.1215294674577,1018.5561027251692,8986157
2023-09-18,1022.2970581054688,1027.4347549170495,1016.5608218682338,1019.1047057608484,6397319
2023-09-20,1024.8409423828125,1044.9925397848435,1009.8767878452892,1009.8767878452892,13619788
2023-09-21,1012.0216674804688,1031.125790539965,1009.6772562711424,1024.1425468245343,8156588
2023-09-22,1015.8125610351562,1024.7910172583984,1005.5870970031303,1007.5823094971842,7108110
2023-09-25,1016.5109252929688,1023.5440373483997,1002.7439708865614,1012.7699017646486,7123890
2023-09-26,1011.7223510742188,1018.2566594998765,1008.5798671917402,1016.5607167837618,6387615
2023-09-27,1022.745849609375,1025.489266718604,1001.5966464240136,1007.5324156199742,5158686
2023-09-28,1028.4322509765625,1035.4653015857891,1022.7458225971219,1024.541562459703,15818489
2023-09-29,1034.21826171875,1038.5080169360645,1022.0475152267032,1028.4322190332261,9528626
2023-10-03,1038.5579833984375,1042.1991486065783,1030.128137940139,1032.5224171761674,11589322
2023-10-04,993.1668701171875,1034.5176605292681,986.4828961982525,1032.8715858941166,22584212
2023-10-05,1000.8484497070312,1006.7842189501363,986.5328246698826,997.606229461282,7950412
2023-10-06,998.553955078125,1005.5870667301236,997.0076776195943,1002.5942480791412,5289753
2023-10-09,993.8651733398438,997.3069268958444,985.8843237672277,992.4186321769971,6823214
2023-10-10,1009.8268432617188,1012.5203920923382,994.1145461203287,997.5064314461529,5728499
2023-10-11,1016.6605224609375,1023.1948922217821,1009.577542320045,1016.5607861898477,7396783
2023-10-12,1016.0120849609375,1028.5320310662319,1012.5204631289959,1019.5535749269535,4920222
2023-10-13,991.6704711914062,1009.0288441317307,989.8747921363165,1006.5846966646947,12173162
2023-10-16,1002.3946533203125,1007.0335463010971,987.6300943900685,987.6300943900685,4646960
2023-10-17,1005.6369018554688,1012.2710073363514,1000.6987390656211,1006.434974625059,6105067
2023-10-18,990.4733276367188,1011.672460164127,986.9817058086751,1007.582298949754,7818946
2023-10-19,989.02685546875,996.60863857375,977.3548502265622,977.3548502265622,4836625
2023-10-20,978.0032348632812,990.523241653981,975.4094830430778,986.6325530346243,5664400
2023-10-23,961.99169921875,982.5424245987747,958.7993470259346,977.6541295951773,5896695
2023-10-25,953.1629028320312,971.6684865740864,949.1226097011919,957.7019990873952,6957048
2023-10-26,969.7230834960938,972.6660339304111,950.4692962330248,953.7115163461261,17540495
2023-10-27,1000.349609375,1002.3448217596922,970.970094832599,977.6540684991274,13443016
2023-10-30,986.8320922851562,1000.3496444881126,976.8560300115275,1000.3496444881126,5270567
2023-10-31,979.4996337890625,995.6109984502658,975.6588742328256,995.6109984502658,7816805
2023-11-01,969.4736938476562,976.9557403543356,965.6828024620821,975.5091991852343,5703984
2023-11-02,980.5970458984375,985.984082951752,971.6684580537067,975.6588829327773,5193982
2023-11-03,986.4828491210938,989.0267935974802,979.1504680359956,983.6396958568432,4268048
2023-11-06,1006.9837036132812,1013.7674134673241,990.7226741492185,992.6181502490323,6552178
2023-11-07,1018.4561767578125,1019.7530526181287,1002.8436156355219,1005.5870326392501,6559859
2023-11-08,1019.2542724609375,1024.4916441513978,1013.1688380732181,1021.548754556056,7643314
2023-11-09,1019.4537963867188,1026.3871107399823,1014.2163638559787,1022.2969496906434,4407935
2023-11-10,1026.736328125,1028.5320681288063,1014.216442457611,1015.4634502996684,3294063
2023-11-13,1022.8955078125,1029.3799482075774,1021.0499606710599,1027.5843300881097,5985481
2023-11-15,1038.857177734375,1042.4984646699425,1029.0807101756216,1042.4984646699425,7240388
2023-11-16,1023.8931274414062,1041.5009017158827,1019.7032299963196,1040.3038229538877,6908825
2023-11-17,991.9697265625,1017.5583506174719,989.4757109972611,1012.4705832200053,13268353
2023-11-20,986.3333129882812,992.3688186317544,978.003264255226,978.6517326742911,8215656
2023-11-21,989.4258422851562,995.112209948386,984.2882067571996,987.5802951235795,7061614
2023-11-22,995.7107543945312,997.5064943208318,985.6349558212106,988.6277745129754,6103988
2023-11-23,996.6585083007812,1000.9981320061083,993.0172820348068,996.6086401662712,3112891
2023-11-24,1006.0859375,1008.3305516391919,997.3070143778607,999.6014966534458,6956281
2023-11-28,1018.7056274414062,1019.5037002486309,1006.8340889333878,1010.6249804344942,6173384
2023-11-29,1057.6123046875,1060.9542613148635,1018.7056604079704,1024.6912979894364,9422396
2023-11-30,1071.678466796875,1078.3125724224037,1052.9234214128103,1060.1560664063197,24755589
2023-12-01,1102.0057373046875,1106.3453000140453,1067.6381298956398,1072.8257553160392,14428758
2023-12-04,1122.905517578125,1126.2974030234527,1096.4689532024638,1117.817750299184,14043213
2023-12-05,1129.739013671875,1149.0925969574525,1124.4517742475557,1134.0786977616333,15804808
2023-12-06,1117.8177490234375,1142.9573765954551,1115.2738044978198,1132.3827752128796,7342767
2023-12-07,1115.1741943359375,1126.896068531604,1105.8465996507534,1116.5708675318951,6439419
2023-12-08,1128.4920654296875,1131.634549261566,1108.8392723370227,1113.178834877189,7300989
2023-12-11,1113.827392578125,1136.6726003551878,1111.183711625699,1126.2974708649378,6924589
2023-12-12,1128.292724609375,1131.1858072332268,1106.345386022809,1117.319055316092,9044111
2023-12-13,1112.181396484375,1148.2448897939976,1108.7895105950422,1147.2472834605537,8184523
2023-12-14,1117.767822265625,1135.8743992190675,1115.2239995129569,1129.68928946714,9421193
2023-12-15,1117.6680908203125,1125.1501373806013,1105.9462178758602,1116.520819325448,12048410
2023-12-18,1108.689697265625,1117.3190158058185,1104.5496069139372,1117.0196852153413,7922468
2023-12-19,1117.568359375,1124.1525360208302,1111.532793079096,1121.1099101400514,6824641
2023-12-20,1107.5924072265625,1121.1598287059148,1100.0604308642828,1119.3142813854565,9848057
2023-12-21,1092.77783203125,1101.2574845465347,1074.6213265198994,1101.2574845465347,10914682
2023-12-22,1085.6949462890625,1103.6518590487801,1083.2009306279906,1092.7779264108851,10600025
2023-12-26,1091.6304931640625,1098.0151966663564,1084.0985182719824,1088.5877457969887,5687517
2023-12-27,1103.70166015625,1107.8916795104105,1087.0416843441974,1093.4263887566508,6132936
2023-12-28,1105.197998046875,1110.3356943033596,1095.37160138822,1104.5994586858894,14097667
2023-12-29,1099.661376953125,1104.2004121539771,1091.3312676547296,1098.8133142498616,8786731
2024-01-01,1095.072265625,1101.3572333307905,1090.383565245067,1092.3787776242896,4083732
2024-01-02,1090.6329345703125,1096.718307791532,1079.7091958280453,1092.4784816109477,7895577
2024-01-03,1095.97021484375,1099.9606398908986,1078.711699581697,1088.3884316097892,10225290
2024-01-04,1120.7109375,1127.2951146992582,1097.4168548394916,1100.3597447020193,11411683
2024-01-05,1134.228271484375,1137.1712827143679,1116.3212896775506,1121.3093204625263,8025466
2024-01-08,1119.314208984375,1143.2567589091743,1115.8225871203417,1142.2591526623078,4735538
2024-01-09,1113.8773193359375,1132.8318382933232,1109.6872999732295,1125.848594466918,6359362
2024-01-10,1104.35009765625,1113.328553734756,1096.419176831478,1112.5803490615472,5934163
2024-01-11,1123.05517578125,1125.2000534594813,1108.390413403008,1108.390413403008,4683035
2024-01-12,1117.6680908203125,1126.7462829578426,1115.3736696086848,1123.6537280685436,5616755
2024-01-15,1116.8201904296875,1127.7439300929025,1113.9271079657626,1119.3142060402943,6719079
2024-01-16,1116.421142578125,1125.1003901176227,1112.4307175332362,1113.9770559493738,5229753
2024-01-17,1079.709228515625,1112.3309022284852,1076.6165519030933,1079.4098979472835,24913719
2024-01-18,1094.872802734375,1106.0958724662764,1063.4482074850514,1063.4482074850514,11473135
2024-01-19,1113.8773193359375,1123.6039803798592,1102.3549183111254,1104.4997961277145,12303696
2024-01-23,1086.642578125,1138.8672395300805,1076.217641808556,1123.204870544225,18924087
2024-01-24,1056.61474609375,1070.6310416625054,1018.4563047903621,1032.3230568353206,20884046
2024-01-25,1039.7550048828125,1061.1536079871053,1023.3444325047508,1055.4673016704396,20835434
2024-01-29,1058.7095947265625,1065.4434366718199,1033.5200378202296,1033.5200378202296,11188604
2024-01-30,1051.57666015625,1067.8874970014356,1048.2846327972588,1057.5124900515373,9426983
2024-01-31,1065.194091796875,1081.5049299098825,1040.2040060924105,1045.69084056198,12600390
2024-02-01,1081.654541015625,1085.0464265097773,1054.2702990643077,1070.0823332515488,9756682
2024-02-02,1064.495849609375,1093.5759757904466,1062.450707986044,1085.4455818795223,8667415
2024-02-05,1058.958984375,1076.9158960271432,1055.467362664861,1064.4957475123178,12569454
2024-02-06,1047.536376953125,1062.5502763066684,1045.6907081700033,1059.0088475733637,8011171
2024-02-07,1066.540771484375,1071.1297356806806,1054.9685638394865,1058.5101145853655,7281793
2024-02-08,1033.420166015625,1073.025078810233,1029.1803401617249,1069.4337212660762,9869141
2024-02-09,1048.88330078125,1052.3749228732129,1032.073658779852,1037.460635442103,8233454
2024-02-12,1044.1943359375,1054.7191298078526,1032.8715301930304,1048.8831580325893,8694379
2024-02-13,1068.1868896484375,1072.975448348298,1042.2990562337152,1048.4841662577705,8413609
2024-02-14,1094.224365234375,1098.264719163139,1058.0113322775178,1058.7595369474293,16609115
2024-02-15,1069.6334228515625,1094.922839901097,1066.6905329868791,1094.8729108750058,11780823
2024-02-16,1066.191650390625,1073.424295504386,1055.467383497807,1070.4314768366228,8660907
2024-02-19,1060.405517578125,1067.4386903707828,1057.5623641135999,1066.4410841180998,7562645
2024-02-20,1085.994140625,1087.8896168577692,1055.1680831094475,1056.4650199471596,8722800
2024-02-21,1081.6046142578125,1091.3312748960234,1070.5312095791621,1091.2315386297137,9177213
2024-02-22,1098.2646484375,1108.041115761234,1078.9110645331584,1087.6900474726833,14633340
2024-02-23,1094.174560546875,1104.7491622173827,1087.3907894792492,1096.3692455391695,6250943
2024-02-26,1082.602294921875,1092.1794127082399,1077.0656530908761,1090.8325467970808,5354189
2024-02-27,1076.467041015625,1085.9443001110253,1069.4837974716459,1079.0607928334823,6546815
2024-02-28,1071.628662109375,1082.4028590954888,1061.5030553661354,1074.8210754058348,7643191
2024-02-29,1072.5263671875,1079.7092046661435,1052.8236453635054,1068.436206253075,13648997
2024-03-01,1096.61865234375,1099.0627389049594,1073.424307411303,1073.424307411303,4819390
2024-03-04,1104.1007080078125,1106.245585783101,1090.483358452908,1096.6186611950195,5895441
2024-03-05,1098.1650390625,1108.240838110355,1091.8800708025524,1099.5615904286128,4851446
2024-03-06,1122.3070068359375,1129.2403214113713,1092.727957811263,1097.5663236628902,13787638
2024-03-07,1108.789306640625,1124.2023947240693,1104.898740078331,1123.3045248335036,6943879
2024-03-11,1102.4547119140625,1117.31907033033,1099.2624204243646,1109.5876214061693,6751641
2024-03-12,1094.3740234375,1118.7156395632892,1081.6545441313667,1102.354873198211,9817138
2024-03-13,1077.813720703125,1096.917903041949,1068.1867968938282,1093.3763524591507,11503890
2024-03-14,1055.7166748046875,1078.661615528059,1053.0729942352896,1072.4265772880124,10253613
2024-03-15,1043.8951416015625,1053.7215382177246,1027.7837772769806,1053.7215382177246,17798175
2024-03-18,1058.809326171875,1064.346089346231,1041.1018159520013,1041.5008827914498,7612407
2024-03-19,1048.2845458984375,1058.4101504615487,1044.194263437455,1053.0231749064687,6728886
2024-03-20,1032.2730712890625,1054.9186845427982,1028.482118812757,1047.4865666620108,12619644
2024-03-21,1033.120849609375,1048.0351338251044,1025.6887328985947,1036.8618724728055,9903738
2024-03-22,1030.82666015625,1044.7432196223558,1027.4845815585513,1037.6103100718892,9891194
2024-03-26,1038.0592041015625,1041.700369393197,1025.0403941795732,1026.5368035141419,9656767
2024-03-27,1050.3297119140625,1055.0185343378787,1041.7503225527066,1043.2966609454973,17027308
2024-03-28,1044.693115234375,1055.8663772204363,1041.600560514143,1050.3296143572713,10235318
2024-04-01,1050.5791015625,1061.203632319249,1046.3892040873816,1049.8308968863641,5484556
2024-04-02,1044.693115234375,1053.3224328177723,1037.7098721598722,1048.4840673289145,13617893
2024-04-03,1060.704833984375,1067.7380066830049,1041.251512317133,1041.3014413403423,11573590
2024-04-04,1060.405517578125,1078.1130285632478,1056.6146868847939,1067.4386903707828,17964844
2024-04-05,1056.564697265625,1060.4553857835742,1045.5910291154657,1058.5599096565631,9210187
2024-04-08,1073.4742431640625,1076.8660069572647,1061.0041651652145,1064.4458579816544,4967186
2024-04-09,1077.4146728515625,1087.390734637225,1068.7853550513448,1087.390734637225,11385226
2024-04-10,1085.1961669921875,1090.3836709699126,1077.414789247489,1083.5998995115542,9064074
2024-04-12,1070.88037109375,1093.7755074001911,1068.5360207821377,1076.9159375653167,18045983
2024-04-15,1055.4173583984375,1068.4361671293173,1052.7238705538862,1060.555054332689,8889435
2024-04-16,1049.382080078125,1055.3177887882596,1041.8501038826091,1047.4366747471086,7107881
2024-04-18,1021.5487670898438,1048.8832018148605,1011.4230396229323,1041.650556735367,17832438
2024-04-19,1026.636474609375,1034.4676586075361,993.3164654082485,1012.5702521129814,21598007
2024-04-22,1051.427001953125,1055.9661588578495,1029.5295946540393,1036.5128380286305,9410832
2024-04-23,1053.2227783203125,1057.7120063595655,1046.2395347036966,1055.467392339939,8300012
2024-04-24,1060.704833984375,1066.3911408374038,1053.4721887491182,1053.4721887491182,5641163
2024-04-25,1124.30224609375,1131.2355608344606,1083.5001260280715,1097.3668772875997,46136295
2024-04-26,1127.5943603515625,1138.6178360271808,1120.3117862267368,1127.2950297740094,10133766
2024-04-29,1156.4749755859375,1161.2136049877345,1122.6062941517016,1127.5943251009617,15183242
2024-04-30,1163.1092529296875,1180.0685606625627,1152.3849848044872,1157.373016490627,18965164
2024-05-02,1147.0975341796875,1171.1897497242708,1145.2519869535458,1153.232837036846,12302236
2024-05-03,1138.7674560546875,1160.465390499882,1131.3851459567948,1148.1449785153566,9993632
2024-05-06,1140.912353515625,1153.232765714131,1132.931503925908,1141.1617550653036,7490104
2024-05-07,1125.00048828125,1146.0500769962232,1121.3593229919986,1143.3066598846426,7115509
2024-05-08,1125.9482421875,1132.7318911613593,1115.573113534311,1121.9578174576657,8175609
2024-05-09,1112.9793701171875,1131.8341514619112,1109.537555695174,1119.3141450674307,5226693
2024-05-10,1117.418701171875,1137.2710892789437,1110.6848591958812,1121.0100592034512,7242718
2024-05-13,1129.290283203125,1132.6821688333848,1102.4048432815728,1117.4187443862693,5513160
2024-05-14,1120.162109375,1133.3803916673191,1115.4234798739799,1127.2450891156411,5471143
2024-05-15,1125.3497314453125,1128.492093577472,1115.9222797145299,1122.8557159257566,5436338
2024-05-16,1136.5728759765625,1141.2116477253062,1108.6399003218369,1131.435179313018,10750526
2024-05-17,1138.6177978515625,1143.2566909794812,1123.4043034907972,1129.290204353205,9909986
2024-05-21,1134.9267578125,1143.007343961868,1126.4969120583337,1133.2806831688256,8162017
2024-05-22,1123.3046875,1139.2663882104796,1115.2739081187951,1139.2663882104796,9094033
2024-05-23,1162.460693359375,1166.8501852548218,1123.0552461268537,1123.3046476916165,12818081
2024-05-24,1171.189697265625,1174.1825159128116,1157.8217496192385,1162.71004443193,8814997
2024-05-27,1184.158447265625,1193.1369022154065,1165.203931260531,1176.0778621664394,10450046
2024-05-28,1180.567138671875,1189.5455939945439,1176.177647269618,1185.156102592287,4018776
2024-05-29,1156.973876953125,1183.0613053892162,1153.232853423421,1169.1945538168247,9418064
2024-05-30,1165.1541748046875,1176.9759063285162,1152.2352225359814,1152.434695075394,7232217
2024-05-31,1159.3680419921875,1175.1800755288707,1150.6389879506955,1170.192044648018,10057642
2024-06-03,1220.9703369140625,1239.2264585688406,1190.5433457113234,1194.1846329485845,22197339
2024-06-04,1128.5419921875,1221.0699654696132,1098.9131373248442,1221.0699654696132,24135989
2024-06-05,1181.66455078125,1190.14420353063,1108.0411640812747,1135.2758622111123,21039499
2024-06-06,1168.14697265625,1193.0373212968939,1160.4654533547418,1189.246368891048,12006879
2024-06-07,1183.959228515625,1192.3390241756715,1163.9571731014148,1175.1802441941004,8583998
2024-06-10,1197.1273193359375,1209.4976593246931,1182.1632278442382,1182.1632278442382,9995057
2024-06-11,1191.740478515625,1206.455171649185,1187.6003879563225,1201.5668763542778,9390212
2024-06-12,1185.0565185546875,1203.2628330753819,1181.2655659980387,1189.2464161988912,7199718
2024-06-13,1171.838134765625,1199.122639690824,1170.6409342714535,1198.9231671641783,5321148
2024-06-14,1178.222900390625,1181.8142585048788,1167.19930270935,1178.1230423439772,4451031
2024-06-18,1189.0469970703125,1191.1419459865251,1178.3227291311541,1191.1419459865251,6837181
2024-06-19,1223.713623046875,1240.3735972420434,1182.6621051224747,1190.144151337927,17987437
2024-06-20,1236.5328369140625,1238.5280492366346,1217.478583589118,1227.1553146423544,8206858
2024-06-21,1234.48779296875,1243.0173750319368,1220.8206361920809,1243.0173750319368,29311314
2024-06-24,1225.16015625,1232.7918680753971,1222.117530391002,1228.0532386006992,6676530
2024-06-25,1268.4063720703125,1275.688946143703,1223.065218355566,1231.494942152567,17607952
2024-06-26,1282.322998046875,1289.8548515798059,1256.1856432694901,1278.0332427953588,13956370
2024-06-27,1285.864501953125,1306.864161814128,1276.9359749023542,1306.864161814128,22311393
2024-06-28,1262.22119140625,1286.8122075565059,1258.5799045739402,1280.028436970885,7167069
2024-07-01,1258.87939453125,1269.9527999315114,1253.442367214873,1269.9527999315114,5797015
2024-07-02,1250.399658203125,1264.8150193443623,1235.2858996423108,1261.9718659782138,9945447
2024-07-03,1276.9359130859375,1285.515301896364,1240.6230237019365,1256.9837894439697,15171347
2024-07-04,1277.8338623046875,1289.9048735015558,1265.4635205233747,1284.916842281519,4817380
2024-07-05,1283.9691162109375,1292.2991036758544,1267.8577516275716,1268.955094098609,8593502
2024-07-08,1284.76708984375,1294.2942775390354,1276.5368388889456,1281.9239365968008,4216951
2024-07-09,1286.3134765625,1291.9000470047379,1276.1378201138252,1280.926378651802,6930340
2024-07-10,1288.55810546875,1290.9024557429561,1272.097602748689,1281.1258660222238,9020489
2024-07-11,1293.6458740234375,1298.2847673316003,1273.8932220304036,1297.9356295079974,7848846
2024-07-12,1315.160888671875,1337.4745701900265,1291.7988634971857,1291.7988634971857,11278987
2024-07-15,1305.3267822265625,1322.2493302322418,1302.8808095322124,1314.5617611447028,11537127
2024-07-16,1301.8824462890625,1316.3089323169752,1297.5893802710243,1305.326795116684,5433264
2024-07-18,1307.2738037109375,1316.4588158830534,1292.397974149323,1297.8890431781538,6787511
2024-07-19,1290.2513427734375,1306.874329397254,1286.1080575380593,1303.5297937995695,4496066
2024-07-22,1280.41748046875,1290.2514616948122,1276.1244140466054,1281.2660758669613,6695557
2024-07-23,1261.1986083984375,1289.00335841064,1248.9685011727254,1286.4076049249054,8789327
2024-07-24,1237.2376708984375,1265.2920169514923,1224.6581555082237,1260.8492917358358,10344860
2024-07-25,1173.9906005859375,1198.0514426854513,1153.6237016858659,1198.0514426854513,32979871
2024-07-26,1175.4381103515625,1181.2287406448913,1153.3740222891986,1163.1081895407196,18554648
2024-07-29,1168.1500244140625,1192.6600849625192,1161.760392891013,1180.42997752959,19598573
2024-07-30,1168.10009765625,1178.0838591746794,1158.3159626193535,1162.2096539859588,18090045
2024-07-31,1164.206298828125,1169.0983658950133,1152.125972880312,1155.1211010593768,17347076
2024-08-01,1170.3963623046875,1173.7408978982073,1163.5573884546725,1166.1032962835773,11190500
2024-08-02,1158.9649658203125,1165.9037534043969,1154.2226789585948,1162.109875166186,10581445
2024-08-05,1131.6593017578125,1149.5801038837508,1122.4742904482669,1140.1454985508794,12013362
2024-08-06,1124.2713623046875,1149.1309529061807,1121.2762338435941,1138.1488152155048,8571122
2024-08-07,1134.9539794921875,1142.940988153295,1125.169845133499,1136.9507316574643,8370312
2024-08-08,1136.3018798828125,1140.9443535197308,1124.1715848547658,1131.260031397282,7903428
2024-08-09,1140.894287109375,1153.8232088423329,1138.098785283398,1150.1292660249399,6262086
2024-08-12,1162.409423828125,1167.2015563223063,1134.0055486598599,1144.1390911628143,9078384
2024-08-13,1157.7169189453125,1177.6844412516205,1153.5237880098216,1159.4640771471145,6180463
2024-08-14,1151.2274169921875,1157.1178601542738,1146.7846922486233,1157.1178601542738,5021841
2024-08-16,1164.9552001953125,1168.1001094798687,1147.733211401699,1164.5059796712717,6107134
2024-08-19,1151.3773193359375,1169.3980579733616,1148.3322232652067,1167.1017440309654,6691823
2024-08-20,1166.103271484375,1175.0886562817718,1152.774975075986,1156.1195105983786,6721749
2024-08-21,1172.492919921875,1176.0870495188233,1159.6138438167345,1164.705537568418,9480630
2024-08-22,1168.050048828125,1179.0821532872228,1167.051672745748,1177.7842156313006,5841326
2024-08-23,1164.0565185546875,1172.0435270356927,1161.6105459562107,1168.0999903470274,5121962
2024-08-26,1168.399658203125,1173.3415714014816,1164.2064052458907,1169.797287316781,3392612
2024-08-27,1179.331787109375,1182.9259167528153,1162.3593931361609,1168.1000558035714,8702113
2024-08-28,1169.0484619140625,1179.7810051393292,1167.451084506114,1175.088686152465,5483503
2024-08-29,1173.4913330078125,1177.9840256136065,1161.5108193923618,1167.1017013718215,7290114
2024-08-30,1173.341552734375,1181.0290002255358,1169.9470495007388,1175.0887109707376,10190506
2024-09-02,1186.86962890625,1192.0611361944418,1172.193426216783,1174.090365297038,6432362
2024-09-03,1189.6649169921875,1191.6118234786993,1174.7890889702703,1186.070787465194,7920246
2024-09-04,1175.7874755859375,1187.7181430165656,1171.3947182758648,1180.7793560492762,6527941
2024-09-05,1178.6329345703125,1180.9291264399822,1171.5443668771184,1180.0805311431025,4234766
2024-09-06,1156.868408203125,1179.4316856844912,1148.9313662549052,1174.0903974514563,9874576
2024-09-09,1168.9486083984375,1173.6908947764286,1143.1406111157853,1156.1195001502876,7700940
2024-09-10,1185.2720947265625,1188.9161919814424,1171.4446096778545,1176.9856459572557,8723854
2024-09-11,1184.173828125,1192.9096187070504,1179.0821345601635,1185.2720174237563,6000329
2024-09-12,1201.3958740234375,1203.7420335200763,1174.8390937297338,1188.1673904951442,7592871
2024-09-13,1215.472900390625,1217.5695876399766,1199.049662751232,1207.9352341685171,6762566
2024-09-16,1229.0509033203125,1231.99606396264,1213.0269187314484,1220.0155511850453,4039284
2024-09-17,1230.0992431640625,1238.5854405295986,1225.6065504411317,1233.1941848876636,8030427
2024-09-18,1238.4356689453125,1248.3695849409576,1223.0108058973215,1229.8996258314878,8210034
2024-09-19,1240.6820068359375,1259.6511538996783,1236.9880637881504,1246.4226697631223,8449864
2024-09-20,1242.978271484375,1247.970152092746,1227.9028164215117,1241.9798953627007,15009629
2024-09-23,1244.775390625,1250.4161181847596,1238.5355398977574,1249.4677096230525,5462814
2024-09-24,1237.5372314453125,1245.0748984127024,1233.3439784040834,1239.0846413870245,9225946
2024-09-25,1266.0406494140625,1268.9359643444172,1229.1007354244925,1235.9895545699358,6853324
2024-09-26,1275.026123046875,1279.5687831579885,1260.2002619861607,1265.4917041899575,7270078
2024-09-27,1271.0826416015625,1279.4690257801735,1255.208436169208,1270.9328608020694,13372027
2024-09-30,1230.198974609375,1272.929520192919,1227.353627115125,1261.448195108826,8466919
2024-10-01,1224.6580810546875,1240.93153854236,1222.6613288324884,1226.1056776669482,11164280
2024-10-03,1173.790771484375,1217.1702876110573,1171.1950179115215,1205.5391812805995,17300892
2024-10-04,1176.4864501953125,1200.8468520222327,1172.093570870444,1173.5911350580977,13064515
2024-10-07,1143.8394775390625,1182.9259272029717,1129.0635840139234,1181.0289881912613,20047013
2024-10-08,1151.42724609375,1166.4527338133323,1140.644735078961,1151.1276845041943,8464570
2024-10-09,1168.2498779296875,1183.0757394034908,1152.1260787102349,1152.1260787102349,9807734
2024-10-10,1182.326904296875,1189.0659430167432,1173.1418928645546,1175.0886775236831,6806243
2024-10-11,1170.5460205078125,1186.2704442280499,1164.1065433521678,1180.5797491543212,4754158
2024-10-14,1162.459228515625,1173.0919587287326,1154.7218134686907,1169.6476098115127,9765296
2024-10-15,1151.976318359375,1170.0968702032376,1147.6334063981412,1164.2064264310386,8741516
2024-10-16,1151.3272705078125,1161.0614374890406,1146.2355767689712,1149.1308918352402,7739854
2024-10-17,1130.0120849609375,1149.480420987831,1122.1748561142738,1149.1310136899726,6595231
2024-10-18,1194.9063720703125,1201.895004543148,1154.1727016376046,1156.1194862204916,20829666
2024-10-21,1188.3671875,1212.8274033274415,1183.624900757945,1194.9064782000012,7456038
2024-10-22,1173.8408203125,1196.0546908223473,1171.4446930516256,1192.3107800622608,7256246
2024-10-23,1158.515625,1181.2286807689004,1156.7684668639306,1173.1917045941498,6501834
2024-10-24,1165.4544677734375,1173.2916968049035,1152.7751384006528,1163.1083080072417,5046700
2024-10-25,1187.418701171875,1199.7985903436822,1168.1001462052077,1185.07254149195,12798716
2024-10-28,1169.697509765625,1192.061160603629,1165.1549712634646,1192.061160603629,8572243
2024-10-29,1184.922607421875,1189.2655189267314,1155.720107544012,1174.4896262998118,9908946
2024-10-30,1168.4993896484375,1185.721377046743,1162.4093199283802,1176.8358055508825,9686560
2024-10-31,1157.6671142578125,1176.0871054888319,1151.9762970757422,1163.6074036054613,8682294
2024-11-01,1167.65087890625,1170.5960398098143,1162.1098425062892,1162.1598100627925,460781
2024-11-04,1137.4000244140625,1175.0387563721924,1133.6061463101485,1170.0968431979647,9288653
2024-11-05,1169.7972412109375,1172.9921178913025,1131.609354942301,1137.100423556092,11701049
2024-11-06,1164.605712890625,1181.6280740310438,1159.5638648703841,1169.897154934203,10353506
2024-11-07,1158.0166015625,1170.99549241813,1149.1809963928945,1166.7024259247364,6252889
2024-11-08,1159.064697265625,1165.8537035689599,1149.2307169471244,1154.1227842652258,3786168
2024-11-11,1169.098388671875,1174.8890186797137,1141.0938909031916,1150.1292431682323,6620678
2024-11-12,1156.2694091796875,1185.072537895656,1151.9264971262662,1169.7474877488462,9606088
2024-11-13,1137.30029296875,1163.6074819353837,1133.2568205375103,1150.029589746679,8079113
2024-11-14,1138.84765625,1148.8813855767612,1129.7624574145566,1135.7028687904137,5975873
2024-11-18,1124.37109375,1133.156852012231,1119.7287424706979,1129.3629741553402,9474971
2024-11-19,1132.1085205078125,1137.150368520057,1120.227942513477,1128.1649836941745,19225966
2024-11-21,1137.30029296875,1150.1294029940473,1113.938265096014,1136.1521359437722,8126248
2024-11-22,1140.544921875,1146.0359906217202,1125.7190606332729,1134.804259094338,16687505
2024-11-25,1154.0230712890625,1162.609082214813,1140.1456177666953,1158.1163893251894,12385823
2024-11-26,1142.9410400390625,1157.71693360964,1140.7945069895281,1155.2209932897363,5127437
2024-11-27,1147.7830810546875,1153.5735891768147,1131.7092505928033,1143.3402343897294,5989943
2024-11-28,1130.6610107421875,1152.5753188902968,1127.5660689944857,1146.6350294369997,10731275
2024-11-29,1134.4549560546875,1139.0474623267583,1125.8688230005273,1131.7094214290682,6406277
2024-12-02,1135.2535400390625,1139.5466064002276,1124.7705900554713,1130.8606604334245,4785858
2024-12-03,1158.615478515625,1163.0083577848877,1136.1520159851627,1142.5416474793556,8382042
2024-12-04,1157.567138671875,1166.1033032104772,1152.0262243526445,1155.6203539949722,18379798
2024-12-05,1164.5059814453125,1174.9889311617428,1148.2324012319225,1162.1098542785676,10640451
2024-12-06,1182.62646484375,1191.9112895042008,1158.1162826981583,1165.6041034914654,7542210
2024-12-09,1161.3609619140625,1184.0740174769637,1159.1146157594899,1182.3268593567407,6308112
2024-12-10,1151.776611328125,1163.1581232345245,1149.3804843153964,1155.1211468863528,4714389
2024-12-11,1145.386962890625,1156.4689130536558,1142.6913962114295,1148.1324971228753,7788242
2024-12-12,1143.7896728515625,1152.6752450559866,1141.742952973343,1143.1407039727058,4825283
2024-12-13,1146.28564453125,1150.8281830630162,1111.8416660481157,1139.1472304132253,8731618
2024-12-16,1149.0311279296875,1153.124445743624,1139.8959618422361,1144.6382485238657,3975202
2024-12-17,1134.4049072265625,1149.9795508853542,1128.1650562517189,1143.3902926303374,7292817
2024-12-18,1120.4276123046875,1138.0489753800873,1114.137793934539,1134.3549105744767,7222127
2024-12-19,1107.099365234375,1117.232907788727,1099.2621366321944,1103.1058605329233,11677610
2024-12-20,1070.109375,1104.0541616573962,1063.2705232390288,1102.1572227344786,12623056
2024-12-23,1077.3975830078125,1081.790462182754,1070.6585443933702,1073.3541110903145,3886921
2024-12-24,1077.1480712890625,1082.988547493429,1074.252756029435,1075.550693795779,4343694
2024-12-26,1074.9515380859375,1090.8257430405286,1071.008001093157,1081.2413564986148,4775460
2024-12-27,1075.7003173828125,1084.4860761153666,1074.2527207366024,1076.3492862446637,3801667
2024-12-30,1068.21240234375,1094.719335130627,1062.2221460639655,1072.355687311683,9452155
2024-12-31,1062.9710693359375,1068.7117323668265,1056.7811857732072,1060.2755024007047,5292136
2025-01-01,1070.0595703125,1075.2011098143219,1052.23845913699,1062.4219686475792,2985355
2025-01-02,1084.83544921875,1086.9320146607752,1065.766490024577,1070.259182488381,6557076
2025-01-03,1083.1383056640625,1091.7243161491626,1078.0466116915568,1084.236495050746,7357220
2025-01-06,1061.6732177734375,1088.2299988761818,1058.1789012632846,1085.9836525482262,5283413
2025-01-07,1065.7664794921875,1068.7616077717908,1054.2851544203747,1062.821318766077,4619462
2025-01-08,1073.204345703125,1080.5923532571728,1057.380108807656,1062.0225820719759,8780098
2025-01-09,1060.02587890625,1078.3960244691536,1052.538057769639,1077.8468688369667,9054190
2025-01-10,1039.010009765625,1063.1208181441978,1035.316066762271,1054.5348076351484,5612886
2025-01-13,1047.59619140625,1061.2738965451533,1021.5884427467809,1024.9329786295832,7180930
2025-01-14,1049.9422607421875,1059.2770529988159,1043.8022232895967,1051.240076562291,6892897
2025-01-15,1025.1326904296875,1051.190283846339,1013.0023957042544,1041.306335482205,11418721
2025-01-16,1036.314453125,1044.7506829203899,1025.3822829319104,1032.2211352471902,10261727
2025-01-17,989.440673828125,1010.0571657533391,973.0173739309598,998.3761525809333,33831617
2025-01-20,986.445556640625,992.5855944235661,974.9143241337787,990.439061296575,33440507
2025-01-21,968.62451171875,992.8351323265008,961.4361915572816,991.98647607347,11894500
2025-01-22,957.7422485351562,974.165548733293,952.4508670167169,974.165548733293,17303146
2025-01-23,949.505615234375,962.1350977728039,946.4605801962688,952.450837032954,24649522
2025-01-24,946.959716796875,960.2381065426121,944.5635898180176,946.4605287542831,14421921
2025-01-27,946.5603637695312,948.2077087224076,931.9840969648512,941.5684832287448,12713296
2025-01-28,982.2024536132812,992.2361218299094,956.6440483023032,958.4411132023487,21781371
2025-01-29,981.8031616210938,987.0446365758884,976.012531017436,986.3956676832572,11175206
2025-01-30,983.1009521484375,989.7900841668027,973.2170044414162,983.0510455309357,10473118
2025-01-31,984.4987182617188,988.3924097046705,976.4618022690061,980.4054003333197,9036312
2025-02-01,996.5291137695312,1003.3180589613612,980.4053156198999,987.8931362585447,4830391
2025-02-03,987.7933959960938,998.8753469855333,981.753171485876,985.4970820817739,7124605
2025-02-04,1013.6513061523438,1015.4483710586156,986.1959616686072,992.385906066695,16058171
2025-02-05,1011.654541015625,1020.3903323316467,1008.8590999817069,1018.9426747263542,7858373
2025-02-06,1019.0425415039062,1020.1906375069063,1008.4098112049047,1010.3566568712627,5815563
2025-02-07,1022.43701171875,1025.6817342725071,1006.0137724647228,1017.8445057093887,8638651
2025-02-10,1010.1070556640625,1025.082697705042,1004.5660802961088,1019.3420349226665,3960565
2025-02-11,1005.76416015625,1014.6995779700981,1000.9719058765897,1007.3615376254405,4808215
2025-02-12,1005.2649536132812,1009.008864115462,982.4021157722138,998.3761339148515,7669283
2025-02-13,1006.5628051757812,1015.7977841830659,999.4243916227608,1001.3712372223157,6348246
2025-02-14,995.8801879882812,1014.3501463619988,986.0462074988543,1008.9089842755058,5375755
2025-02-17,991.3375854492188,998.0267176735445,976.4617568131531,990.8383973867473,7166803
2025-02-18,992.53564453125,995.7303993678929,984.9479494541168,991.3375809994877,3090004
2025-02-19,1009.7077026367188,1011.804329129352,986.5454245287212,990.0397410803987,6401381
2025-02-20,1015.5482177734375,1017.9942514939594,1004.8655809305341,1006.7625199634393,5011212
2025-02-21,1007.3115844726562,1020.2405672343198,999.0250749789396,1010.3566194091612,5019937
2025-02-24,1008.4097900390625,1011.3550117867557,996.9284646337834,999.7239055887297,4265454
2025-02-25,1007.4613037109375,1012.0538703579778,995.4807904446366,1002.3696099471763,5708975
2025-02-27,1015.0490112304688,1021.8878632634938,1003.5177792562238,1006.0137195509107,9777690
2025-02-28,1013.90087890625,1033.8184951280357,1008.3099968849968,1013.152096799687,15026849
2025-03-03,1005.6143188476562,1017.7446127420518,990.3890834419211,1015.3983923638058,6763184
2025-03-04,1000.1731567382812,1009.4580422063008,996.9783410568012,999.4742812867012,5786420
2025-03-05,1012.802734375,1015.747956311782,1000.9220333836612,1001.3713148547035,5133873
2025-03-06,1032.4207763671875,1037.812032077071,1013.5015966332338,1020.9394503749928,7861120
2025-03-07,1035.9649658203125,1048.6442933123737,1029.0261789274416,1032.021307173322,7597321
2025-03-10,1034.16796875,1048.7942045442894,1030.6736520285292,1034.3177495553393,5995655
2025-03-11,1023.9844970703125,1035.1164152394542,1019.4418369523306,1028.7267836644776,4771085
2025-03-12,1009.5579833984375,1028.1278165033088,997.5774694995702,1023.535188677738,7504702
2025-03-13,1008.5595703125,1014.3501396310593,1003.4678155302854,1013.3517635093752,4004140
2025-03-17,1032.470703125,1037.312802999425,1009.4580844924919,1009.4580844924919,5938668
2025-03-18,1032.470703125,1032.470703125,1032.470703125,1032.470703125,0
2025-03-19,1050.341552734375,1056.830996939409,1041.8053889158466,1046.0984546003142,4822365
2025-03-20,1052.6378173828125,1057.1804773897622,1045.1999641815423,1054.5347563485304,3742644
2025-03-21,1068.4122314453125,1073.8034868790976,1048.8440838264673,1052.637839967216,6848565
2025-03-24,1096.067138671875,1103.1555843595158,1071.9563323258167,1080.2429024147984,8284863
2025-03-25,1116.7337646484375,1121.6756781665542,1094.569739540046,1108.1476316970598,11720528
2025-03-26,1094.4698486328125,1117.0331251287269,1087.281589139772,1113.1894013460305,7127060
2025-03-27,1096.56640625,1106.2007603513039,1086.333050840613,1090.226742151285,8508917
2025-03-28,1100.21044921875,1105.2023296598516,1084.7356198513357,1096.6163196755733,4921190
2025-04-01,1083.837158203125,1099.46176981717,1068.2625141469891,1091.4247928076945,6638140
2025-04-02,1082.68896484375,1093.8208832672776,1078.995021845347,1089.9271919160412,4065344
2025-04-03,1088.0802001953125,1090.1767656925256,1073.5539006365532,1077.148030327788,5345660
2025-04-04,1089.5279541015625,1100.110717042034,1073.7035944396453,1079.7438189672625,6059991
2025-04-07,1046.2481689453125,1067.2640342717123,1030.6735264023866,1033.3192474005818,9720457
2025-04-08,1076.0997314453125,1083.1881778843842,1058.5783027690252,1059.2771173398287,8723357
2025-04-09,1059.926025390625,1080.0931741367542,1056.2819282015244,1071.357383142649,6690201
2025-04-11,1067.214111328125,1070.958021801289,1055.8327209873753,1061.5733837128932,8144072
2025-04-15,1110.9930419921875,1115.186173124392,1081.2413836112057,1088.2300167462733,9320299
2025-04-16,1159.414306640625,1161.6106854878976,1110.7933135489463,1120.8768885930303,12836428
2025-04-17,1188.8663330078125,1197.2525949221158,1151.7266682029742,1153.7234204439198,13446336
2025-04-21,1221.0140380859375,1236.688494977289,1196.1544474414134,1200.0481388219926,15166580
2025-04-22,1214.8240966796875,1232.9944930922131,1210.1316558499327,1228.4019873709017,8461710
2025-04-23,1204.940185546875,1228.0026499644732,1192.959671888685,1223.3103308638504,9433911
2025-04-24,1205.139892578125,1218.0189699959437,1197.1528829388074,1197.1528829388074,9078137
2025-04-25,1164.4061279296875,1177.9840189088325,1144.1390437634036,1175.088703760494,17243807
2025-04-28,1190.8631591796875,1194.0579142147026,1162.4094379797552,1164.4061903446627,5523502
2025-04-29,1185.3720703125,1208.03516052559,1182.4767550574834,1192.061141874012,6074520
2025-04-30,1183.07568359375,1191.9612552964234,1173.0919225507648,1183.1754968297632,6288257
2025-05-02,1181.478271484375,1208.5342387414275,1178.1835816881687,1180.1803338380926,5249372
2025-05-05,1171.294921875,1188.0676909669005,1162.4094710956974,1188.0676909669005,7236056
2025-05-06,1159.5140380859375,1176.8858067677252,1155.819973357097,1176.0870571311964,5348267
2025-05-07,1159.414306640625,1166.702379631733,1151.0279223537887,1157.1179926776738,4263817
2025-05-08,1170.2965087890625,1177.0855155580816,1163.7072503791862,1168.1001299431346,9912347
2025-05-09,1149.230712890625,1170.2964243830247,1146.6349593857183,1158.1162846211869,5379571
2025-05-12,1201.04638671875,1207.0366430116117,1173.291483812994,1183.0756178401653,7616208
2025-05-13,1191.6617431640625,1212.8273905767053,1188.0676134138669,1203.2428820800658,5569926
2025-05-14,1193.5587158203125,1197.4524072726892,1183.9743289259102,1193.958090664265,4084921
2025-05-15,1207.1365966796875,1215.023792757296,1183.0757554785503,1195.05626945808,6705748
2025-05-16,1206.837158203125,1211.3298509501008,1201.2461541758826,1204.0416561895038,4016269
2025-05-19,1200.846923828125,1217.0205692730729,1199.1496111907068,1206.038431240256,4550022
2025-05-20,1193.8582763671875,1208.7339838465284,1190.9629610912027,1206.0384169283893,4724482
2025-05-21,1195.85498046875,1202.9434266363357,1180.7794033676655,1195.1560440526246,3712472
2025-05-22,1186.570068359375,1194.7567041377135,1175.587930579019,1194.7567041377135,4795583
2025-05-23,1208.135009765625,1211.1301383520395,1186.1707334652522,1186.5701083178596,3676469
2025-05-26,1213.2265625,1222.2119472113557,1206.737117986243,1214.2249385790394,3607612
2025-05-27,1193.658447265625,1214.7241587155684,1188.4669402662748,1213.2265945574386,7249163
2025-05-28,1192.7598876953125,1200.2477085066719,1189.7647593707686,1193.6584505670924,3525421
2025-05-29,1199.74853515625,1207.036729584128,1187.0692071757885,1198.051344500375,7788068
2025-05-30,1190.2640380859375,1206.8371802417707,1187.6682843813674,1199.4491721040765,9998488
2025-06-02,1192.46044921875,1198.9498939286364,1177.285059235458,1187.8679434907856,3761853
2025-06-03,1179.5814208984375,1196.953190278046,1172.9921626846794,1193.0594989197061,8155665
2025-06-04,1169.098388671875,1189.3654718272305,1166.7022617075252,1179.8808990754092,4306355
2025-06-05,1157.117919921875,1173.5911258569147,1155.1211676873247,1170.5959975050891,10481600
2025-06-06,1192.66015625,1199.2494146414624,1149.3306058090322,1157.0181754924818,14715421
2025-06-09,1217.9190673828125,1222.5115732140175,1204.2412412558594,1210.5310596341333,9138108
2025-06-10,1230.798095703125,1233.893037215761,1216.4214555953035,1222.4117121508891,7747558
2025-06-11,1229.400390625,1239.7835267494627,1226.1057006477856,1230.59839323194,4135775
2025-06-12,1210.930419921875,1235.0910732690493,1208.8338544449855,1229.0010033134809,3461744
2025-06-13,1203.842041015625,1209.7323629526622,1193.6585309035481,1196.0546580988657,3906868
2025-06-16,1213.4263916015625,1216.0221452054159,1194.0578700046613,1204.141444699681,5697424
2025-06-17,1213.1268310546875,1225.0075315706626,1209.333074821813,1213.4263926474275,4492946
2025-06-18,1219.017333984375,1221.3136479815041,1201.9451254258431,1207.8355693502274,3135662
2025-06-19,1215.52294921875,1225.8062721991687,1211.8290062533267,1216.0221372882443,4243763
2025-06-20,1218.7177734375,1224.0092160239617,1212.2283281649422,1215.5230183598476,4652390
2025-06-23,1212.12841796875,1220.9141765377137,1203.6422209833972,1210.6308537948642,2312469
2025-06-24,1219.2169189453125,1236.3890620360896,1213.6260368186765,1220.9142315421007,6745788
2025-06-25,1211.3297119140625,1224.3086005822797,1209.0333982470088,1224.3086005822797,4229259
2025-06-26,1231.4969482421875,1236.9880169210137,1209.233111941022,1213.2266164347136,8678448
2025-06-27,1223.110595703125,1244.975057739528,1218.4182765518997,1234.8914830095598,6068274
2025-06-30,1197.2525634765625,1233.9928524938196,1191.1624936760497,1226.9044065990563,6559872
2025-07-01,1171.394775390625,1200.048121898433,1165.1049569513073,1200.048121898433,8702198
2025-07-02,1173.3914794921875,1179.9807373800923,1170.0967896121938,1178.0837984150073,5471100
2025-07-03,1169.1982421875,1179.0821900859225,1166.1033006099556,1176.0870617453147,6237185
2025-07-04,1176.6925048828125,1178.5910651184386,1161.104550799174,1173.095303475241,3926186
2025-07-07,1174.1944580078125,1176.6925315385822,1166.700237415503,1176.6925315385822,5783402
2025-07-08,1164.501953125,1179.090677793982,1161.0046502671364,1179.090677793982,9973619
2025-07-09,1163.8023681640625,1170.0975618217456,1157.7070935609217,1159.1060390377668,8674795
2025-07-10,1163.40283203125,1175.6932803896598,1162.1037850287682,1169.1982893297397,4339755
2025-07-11,1172.8955078125,1174.9938651381117,1159.7056066670582,1161.1045522095474,4468654
2025-07-14,1171.7962646484375,1178.9907894899875,1162.1037882915339,1178.091458637763,4772502
2025-07-15,1165.0015869140625,1178.091467715654,1161.4043854536912,1173.0953206939591,4776756
2025-07-16,1167.4996337890625,1173.0952939304498,1156.2082929871394,1164.002330953665,4388279
2025-07-17,1158.90625,1171.9961301019453,1153.9101032453461,1169.098340588998,5694428
2025-07-18,1098.452880859375,1115.0400637891007,1085.1630816217619,1089.1599990494663,38053695
2025-07-21,1098.7525634765625,1100.6511236274998,1071.0739594077916,1085.163068778452,15905500
2025-07-22,1097.15380859375,1109.7440738053162,1094.1561205921278,1101.1507259292464,9999957
2025-07-23,1103.9486083984375,1109.6441667673976,1097.2536987270212,1098.6526441789765,6633979
2025-07-24,1094.256103515625,1104.1484990790943,1088.560544663815,1103.149269668163,9901209
2025-07-25,1085.262939453125,1100.151480708091,1075.37054479538,1085.262939453125,11779887
2025-07-28,1072.7725830078125,1091.3582241283038,1066.5774099597274,1080.06700589857,9029557
2025-07-29,1063.3798828125,1077.8687091686768,1054.5867372441537,1070.0747930042048,15599773
2025-07-30,1072.472900390625,1079.767201393535,1061.181560047832,1069.675009445578,8247433
2025-07-31,1067.57666015625,1080.466743145018,1063.080128088743,1065.1784853249985,7634413
2025-08-01,1061.581298828125,1070.0747484070778,1059.1831239635255,1064.1792707746743,5545447
2025-08-04,1067.7764892578125,1069.1754347826832,1058.183911621366,1063.5797746594428,4465845
2025-08-05,1069.974853515625,1079.0678163476823,1061.6812009903335,1067.1769625013424,5318081
2025-08-06,1070.1746826171875,1076.8694707767693,1064.7788194860536,1073.1723708037903,4216651
2025-08-07,1075.37060546875,1078.8679082841259,1063.6796705621337,1066.977176292842,5321131
2025-08-08,1057.2845458984375,1079.5674090897921,1053.3875270564029,1072.1730875391024,5084903
2025-08-11,1072.472900390625,1074.5712576112912,1051.7887798480178,1057.2845412230301,5452775
2025-08-12,1069.1754150390625,1075.7703044188218,1065.478315198115,1070.274542939649,4573025
2025-08-13,1065.178466796875,1071.9732750378564,1062.3805758797093,1070.2745119894926,4966778
2025-08-14,1067.376708984375,1071.5735453068455,1061.1815360016017,1066.1776825929462,6761305
2025-08-18,1081.7657470703125,1089.1600691829508,1078.5682617127516,1079.1677749702633,7964987
2025-08-19,1082.365234375,1094.1561900537483,1074.9710344159066,1077.1692902994891,5661531
2025-08-20,1079.3675537109375,1082.8648566259114,1076.969500721666,1080.1669860248583,3034728
2025-08-21,1078.068603515625,1089.1600252490596,1075.570530063219,1089.1600252490596,6459262
2025-08-22,1070.07470703125,1077.6688254953115,1068.6757615829724,1075.1707521863284,3853718
2025-08-25,1069.1754150390625,1073.6719471583856,1067.3767534008373,1072.1731031186114,2711278
2025-08-26,1049.290771484375,1068.9756639052698,1047.1924141337454,1067.1770021897328,7197666
2025-08-28,1051.08935546875,1058.6834739731687,1046.193107361876,1056.1854006509102,8564803
2025-08-29,1044.39453125,1062.1808635505645,1041.6966606316682,1051.2892385789264,4718016
2025-09-01,1060.6820068359375,1063.1800803329604,1046.792693797241,1046.792693797241,3190426
2025-09-02,1055.385986328125,1064.0793548230254,1048.1915838282832,1060.6819506517852,4933541
2025-09-03,1053.88720703125,1064.079420170901,1044.1947305714677,1055.3860511421183,8303296
2025-09-04,1049.590576171875,1061.3814097939771,1046.4929894565873,1057.3844922319947,8088417
2025-09-05,1055.0863037109375,1057.1846609678942,1046.9925703048245,1055.7857154711764,2849589
2025-09-08,1054.6866455078125,1062.1808661059258,1053.1878013881899,1055.0863616682946,2260147
2025-09-09,1051.3890380859375,1058.1838462289877,1047.891735478004,1056.6850022541591,4310419
2025-09-10,1069.2752685546875,1073.2721858257835,1054.2868287880779,1057.1846182048694,5241075
2025-09-11,1086.56201171875,1092.1576716429909,1068.176167416612,1068.176167416612,5227539
2025-09-12,1104.4482421875,1107.8455243744909,1087.5612418866979,1087.5612418866979,6014850
2025-09-15,1103.5489501953125,1109.1446103206003,1099.1523165339283,1104.1484634272642,3881807
2025-09-16,1120.3359375,1126.2314152658462,1103.1492408711283,1104.847882034871,7965606
2025-09-17,1125.13232421875,1127.6303977627526,1115.2399285892504,1120.435994746524,5590739
2025-09-18,1132.1268310546875,1133.5257765121382,1120.3358761684776,1128.129913734106,5713032
2025-09-19,1135.024658203125,1143.2182901919443,1125.731776333649,1132.1268686542164,8910732
2025-09-22,1143.51806640625,1146.715551462693,1130.3281661018914,1135.124515662792,7689900
2025-09-23,1169.8978271484375,1171.896285943036,1141.020073171241,1145.1168893049187,16079093
2025-09-24,1158.0069580078125,1171.8962708465979,1153.110709628871,1167.0999210108505,12812055
2025-09-25,1165.700927734375,1170.8969935063292,1152.5111491906418,1153.8100741514515,11188302
2025-09-26,1153.1107177734375,1168.798570429251,1147.1153414245289,1160.704836753473,5618932
2025-09-29,1131.327392578125,1157.4073755324762,1125.8316312925506,1154.5095860957442,9693881
2025-09-30,1130.7279052734375,1136.1237681453651,1124.5327321092266,1129.129162712632,8165203
2025-10-01,1158.6064453125,1163.9024097219321,1130.1284084936935,1131.6272525367885,9655009
2025-10-03,1180.08984375,1187.0844490897546,1168.5987064061178,1170.0975504074936,11095015
2025-10-06,1211.865478515625,1214.263531521155,1181.1890624105488,1184.086852097852,20128505
2025-10-07,1185.885498046875,1211.0660300798188,1183.0876069426613,1211.0660300798188,8620156
2025-10-08,1179.690185546875,1193.879315975699,1173.195194555325,1179.1905708552174,5160430
2025-10-09,1166.5003662109375,1186.3850546477581,1162.2036312205041,1177.092172913211,7194651
2025-10-10,1179.4903564453125,1190.7815749845481,1164.301997045437,1167.099888033273,6933035
2025-10-13,1188.6832275390625,1192.6801449968107,1166.600282980252,1170.0975857557814,4138448
2025-10-14,1175.8931884765625,1190.881629244145,1165.7009755688605,1190.881629244145,5742538
2025-10-15,1168.6986083984375,1180.7892589833573,1163.1029485053432,1179.0906179006056,6328142
2025-10-16,1195.378173828125,1215.9622749664172,1184.386650484972,1215.4626602690012,17747171
2025-10-17,1199.2750244140625,1211.9653104224176,1190.681676346755,1195.378127506221,6404414
2025-10-20,1225.05517578125,1230.7507342517279,1206.0698182446727,1206.9691490495477,7418616
2025-10-21,1236.3465576171875,1237.8454016834933,1221.0582993503724,1224.8554197755107,1940248
2025-10-23,1257.8299560546875,1275.1165506443417,1240.3434424090542,1245.0397715691,14611221
2025-10-24,1240.9429931640625,1255.0321030466466,1239.1443314870335,1253.2334413696176,4882046
2025-10-27,1253.133544921875,1257.5301786026632,1241.6424070164871,1242.441839313446,6185072
2025-10-28,1245.339599609375,1257.9298651445754,1235.6470016359046,1248.0374700896894,8146777
2025-10-29,1247.837646484375,1250.0359022381838,1238.244947255514,1245.9390863463195,4578825
2025-10-30,1237.6455078125,1247.0382885477723,1234.0483063753995,1242.042141558398,4017532
2025-10-31,1231.8499755859375,1244.4402408383398,1230.0513139886355,1242.0420660340162,4106607
2025-11-03,1232.749267578125,1240.043691021692,1221.35814994748,1225.0552499537425,6118907
2025-11-04,1225.6546630859375,1234.947544579493,1221.8576648446217,1229.1519657161218,3299345
2025-11-06,1227.55322265625,1238.6446437404365,1224.0559200275998,1224.0559200275998,3733721
2025-11-07,1221.857666015625,1227.8530419588296,1216.0620871466992,1226.0543803853739,3461466
2025-11-10,1216.0621337890625,1231.8500065022106,1214.5632897457729,1221.0582806000282,4140568
2025-11-11,1221.557861328125,1224.0559346641744,1208.467981442474,1217.1612278614307,5615453
2025-11-12,1220.6585693359375,1231.7499909053392,1215.562523963644,1226.9537631333974,6782513
2025-11-13,1224.2557373046875,1233.8484365397046,1212.264985237154,1218.0605641936236,3345231
2025-11-14,1240.6431884765625,1245.039822195777,1221.058316792327,1223.056775575948,5197740
2025-11-17,1248.636962890625,1260.028201798564,1239.44410172351,1242.9414044247746,4088026
2025-11-18,1264.4249267578125,1272.5186606280417,1246.6385943715704,1249.0367693639987,10175969
2025-11-19,1269.4210205078125,1272.0189924837014,1256.8307547967806,1267.0228456161299,4101288
2025-11-20,1284.2095947265625,1286.3080740780129,1261.6270343540828,1274.017503489148,4617594
2025-11-21,1274.81689453125,1283.5101413654154,1272.0190034707464,1283.0105266743428,6363593
2025-11-24,1268.0220947265625,1289.9052427423878,1265.623919797552,1278.2141857045526,10491953
2025-11-25,1265.32421875,1275.7161067708207,1262.7261247685515,1268.1219878416657,5290156
2025-11-26,1289.2056884765625,1291.8037824278044,1268.3218921582525,1270.9198641332523,4842021
2025-11-27,1286.3079833984375,1302.9950646537377,1280.0127897403665,1296.0004592453204,5924706
2025-11-28,1278.7137451171875,1288.0066268242583,1274.0174159821017,1286.3079857267776,3093636
2025-12-01,1274.7169189453125,1288.0067189868003,1267.522515930765,1287.0074895694327,4098016
2025-12-02,1257.030517578125,1280.012792541795,1254.1327280787623,1269.7206814849603,8115347
2025-12-03,1269.720703125,1271.9190809099528,1254.0328509120545,1254.0328509120545,3582794
2025-12-04,1279.0135498046875,1281.8114407353803,1268.421743240615,1269.7206681913929,3216108
2025-12-05,1281.51171875,1284.0097922758284,1266.3234805034615,1274.2172952640824,2728214
2025-12-08,1272.8184814453125,1287.806922715388,1264.1251123229204,1283.0105727184648,2969478
2025-12-09,1274.916748046875,1280.4125094545745,1262.22646215608,1271.0197291988948,4239279
2025-12-10,1277.6146240234375,1283.010486915057,1267.3226348920275,1272.0189640520778,2928746
2025-12-11,1271.7191162109375,1281.0119977463942,1270.020475144826,1276.4155672355312,2017404
2025-12-12,1285.10888671875,1290.0051350969381,1276.9152545582056,1277.0151531013842,2281078
2025-12-15,1283.8099365234375,1289.4055965703628,1279.0135867825068,1284.009733605876,1634472
2025-12-16,1218.66015625,1276.6154616594986,1215.9622856507456,1276.1158469576924,11542048
2025-12-17,1223.756103515625,1235.0474436599686,1219.3595920738758,1219.6592876851394,5147181
2025-12-18,1228.852294921875,1237.5455414162577,1219.259595647226,1225.1550731667012,3441592
2025-12-19,1229.651611328125,1240.5432356172332,1228.152767306034,1235.746885956047,5055047
2025-12-22,1232.2496337890625,1235.946855714303,1225.8546632801215,1234.0482954798545,2405809
2025-12-23,1224.0560302734375,1238.045242047991,1222.5571861547353,1238.045242047991,2920318
2025-12-24,1225.35498046875,1234.447943008406,1223.756115954151,1229.0520802122269,3155506
2025-12-26,1227.25341796875,1228.9521810205488,1221.058244894803,1224.0559328937265,1665983
2025-12-29,1231.050537109375,1232.949097235554,1218.0605557924741,1227.2534168570169,2209655
2025-12-30,1245.039794921875,1251.1350696831464,1231.0505837429776,1232.0498131128988,5673233
2025-12-31,1268.4217529296875,1270.5201101556172,1244.0405325550478,1245.0397618984655,3711090
2026-01-01,1273.41796875,1278.214196672934,1262.8261615302456,1269.021335005127,2022412
2026-01-02,1265.9237060546875,1280.8122479783322,1263.3257341026986,1272.918311604941,5860547
2026-01-05,1284.8092041015625,1288.7061011587011,1269.0213308796485,1273.2180455456032,6177100
2026-01-06,1292.802978515625,1303.5945822822944,1284.409427601834,1303.5945822822944,6751769
2026-01-07,1294.501708984375,1297.999011941878,1283.0105706954362,1292.0036354433014,5440002
2026-01-08,1285.808349609375,1302.1956130273209,1282.810661621765,1290.1049625392075,3949654
2026-01-09,1271.019775390625,1294.3018688089537,1269.1212151673558,1285.8084190520194,5531427
2026-01-12,1273.218017578125,1278.613880584573,1265.5240002008,1273.7176322643472,6489750
2026-01-13,1261.0274658203125,1283.0105119756586,1257.729960106514,1273.018218268683,5163166
2026-01-14,1297.7991943359375,1306.9920560312862,1252.5340536966494,1254.0328977976028,7776704
2026-01-15,1297.7991943359375,1297.7991943359375,1297.7991943359375,1297.7991943359375,0
2026-01-16,1293.20263671875,1307.9912805838399,1285.5086191528724,1297.7991895256325,5175495
2026-01-19,1306.492431640625,1325.9774048084967,1296.1004215558446,1305.992816944013,8833223
2026-01-20,1292.503173828125,1309.889789042553,1289.0058710771407,1305.0934393364212,6268527
2026-01-21,1283.9097900390625,1296.699852272607,1266.423276770507,1289.005835224937,3854702
2026-01-22,1293.80224609375,1297.8990621440864,1280.4125480470777,1289.0058962937878,5949677
2026-01-23,1257.030517578125,1297.9989207742324,1247.03822411566,1296.0004620817394,8885549
2026-01-27,1314.7860107421875,1332.172503629323,1277.4148091338427,1287.8068186364756,22715357
2026-01-28,1318.782958984375,1368.344710877668,1309.1902595410845,1346.96117816438,15426403
2026-01-29,1362.6490478515625,1365.9465535746094,1304.9935617911046,1316.9843142731056,16107684
2026-01-30,1369.343994140625,1377.6375249747894,1350.9581487855723,1350.9581487855723,14758482
2026-02-02,1310.4893798828125,1351.657583056608,1301.8960312952238,1337.9681888395623,8647298
2026-02-03,1355.15478515625,1417.2070248903838,1344.4630799847705,1401.9187671636068,10384723
2026-02-04,1337.6683349609375,1368.8443650997315,1335.5699776381928,1368.6444460360808,6672251
2026-02-05,1329.5745849609375,1338.9673655022464,1316.38480597186,1338.9673655022464,3766488
2026-02-06,1340.5660400390625,1345.3623895967637,1323.6790400259413,1323.978857614386,5876574
2026-02-09,1340.3663330078125,1348.9596813977641,1329.6745053102466,1348.9596813977641,4077536
2026-02-10,1355.6544189453125,1359.0518231520896,1342.2648431514538,1351.5576029795986,5478998
2026-02-11,1346.2618408203125,1358.9520056116282,1343.7637672805854,1356.9535467798464,3866272
2026-02-12,1338.9674072265625,1356.6537189643552,1335.1702866842277,1346.8613439479982,4152620
2026-02-13,1331.2733154296875,1345.4623234479259,1315.0857267297542,1340.2663796042373,4624549
2026-02-16,1357.2532958984375,1360.8504972188548,1322.9796798725715,1322.9796798725715,5082167
2026-02-17,1356.154052734375,1359.851274590649,1349.3593662013097,1357.2533026228227,4513065
2026-02-18,1375.9388427734375,1377.4376868287463,1352.7567701751589,1361.9496315905558,5556076
2026-02-19,1355.5545654296875,1381.7344486208985,1349.9589052436156,1380.0356854729655,2744704
2026-02-20,1367.24560546875,1375.439237570427,1349.95888845452,1349.95888845452,3791536
2026-02-23,1385.63134765625,1400.9196061284633,1379.1363566149982,1379.4361742227843,6160153
2026-02-24,1386.5306396484375,1396.9226494184725,1382.4338236555484,1396.9226494184725,7888492
2026-02-25,1401.9188232421875,1403.2178702295591,1386.5306663608878,1392.9257588022874,4379373
2026-02-26,1394.424560546875,1404.616651145543,1384.9318817040264,1401.918780685966,8979547
2026-02-27,1382.83349609375,1394.4245319425252,1379.935706637497,1385.9310826257845,5840317
2026-03-02,1371.2425537109375,1383.6329006836204,1352.5568907547233,1368.0449464468218,5132511
2026-03-04,1350.2586669921875,1356.5537387000065,1325.977345040809,1343.4638586340375,5832353
2026-03-05,1348.060302734375,1354.7552126199696,1334.2710107771431,1353.8558818023537,6057499
2026-03-06,1314.7860107421875,1346.8612480726197,1312.4877344760207,1345.9619172738485,11629935
2026-03-09,1287.3072509765625,1290.005121495157,1259.8284431987802,1281.21185421577,7926265
2026-03-10,1313.686767578125,1318.483117211831,1283.609988769071,1294.2017954025807,6289277
2026-03-11,1254.832275390625,1316.4846779309364,1251.7345668027367,1308.9904577529614,6859908
2026-03-12,1233.5487060546875,1250.1358898575004,1230.8508354394771,1242.2419531270289,9663320
2026-03-13,1196.3773193359375,1233.548601426835,1193.3796313616317,1223.0566935167647,9098187
2026-03-16,1213.763916015625,1218.9599821354238,1179.1906028112269,1198.2758601545113,8743794
2026-03-17,1227.153564453125,1231.3504009913356,1209.0675372579854,1218.7600133529452,5707317
2026-03-18,1252.2342529296875,1259.0290617359037,1223.25659992148,1227.0537204854681,6018952
2026-03-19,1206.06982421875,1240.543236758557,1201.0736774738505,1220.0590351044686,8264698
2026-03-20,1202.9722900390625,1230.850814485364,1198.7754534047704,1207.6686193933658,7518686
2026-03-23,1169.6978759765625,1184.1867018397022,1164.1022159005292,1180.0898858184764,6697446
2026-03-24,1191.78076171875,1201.8730754363555,1168.698588811437,1186.0852033826384,8274701
2026-03-25,1221.158203125,1238.0452040729795,1197.0767994184255,1199.0752581820623,9645791
2026-03-27,1204.271240234375,1212.5648931560606,1201.0737549020064,1208.5679755024764,9479301
2026-03-30,1160.4051513671875,1187.883959875634,1153.0108294096656,1184.1867379087505,18534887
2026-04-01,1192.1805419921875,1207.0690840633831,1174.0945147139696,1174.0945147139696,6595695
2026-04-02,1196.9769287109375,1201.3735624884298,1149.4136334255566,1173.694834782652,9501543
2026-04-06,1244.34033203125,1248.8368640111612,1195.4779934543012,1201.1735518383607,7847086
2026-04-07,1249.1365966796875,1254.5324596108962,1220.0590467422576,1236.846148755743,9248545
2026-04-08,1331.9727783203125,1334.5707503418926,1299.0981069582683,1299.0981069582683,13519723
2026-04-09,1317.48388671875,1337.5683720869056,1311.788328262907,1321.281007006804,6542529
2026-04-10,1349.759033203125,1357.552948822845,1325.077995466752,1327.775987854385,6755589
2026-04-13,1352.556884765625,1365.846684510496,1314.286472120357,1316.9843426965365,8974851
2026-04-15,1354.4554443359375,1383.4330967783883,1347.9604532712501,1365.946582373461,6789879
2026-04-16,1348.5599365234375,1363.448478566647,1341.9650470611996,1360.950405135781,5232398
2026-04-17,1358.0526123046875,1363.248678214176,1343.0641717554277,1351.957337543237,4062181
2026-04-20,1353.656005859375,1372.941181877113,1346.9612177367892,1358.4523557219322,4878641
2026-04-21,1376.6383056640625,1379.236399704072,1353.656029295873,1359.9512233524406,5145338
2026-04-22,1378.536865234375,1389.928104867213,1364.947369697062,1368.944287324286,3997911
2026-04-23,1368.5445556640625,1383.1332804429271,1364.347840993514,1367.945042422019,5671255
2026-04-24,1364.847412109375,1373.9403749227063,1348.9596408332025,1367.9449987412254,3648313
2026-04-27,1323.179443359375,1326.2771518946506,1298.8982435808812,1323.9788756219436,10768267
2026-04-28,1288.0067138671875,1320.3817712564608,1284.5094109203021,1310.9889903752908,9939787
2026-04-29,1295.4010009765625,1308.1910639372534,1278.014385257251,1294.0020554402972,6228275
2026-04-30,1267.3226318359375,1287.0074012162179,1256.3311089994636,1287.0074012162179,16481853
2026-05-01,1267.3226318359375,1267.3226318359375,1267.3226318359375,1267.3226318359375,0
2026-05-04,1274.1173095703125,1293.4024846611255,1263.525502940515,1267.3226232305547,9759479
2026-05-05,1258.729248046875,1272.7184598875697,1251.0352303249917,1267.0229010000714,10163714
2026-05-06,1293.20263671875,1299.9974454083847,1254.2326902384063,1274.0174810881558,7277673
2026-05-07,1291.7037353515625,1307.0918917772797,1280.212597796342,1297.9989290636138,6785048
2026-05-08,1267.3226318359375,1281.0120251235958,1263.625410059744,1279.0135664260551,6358595
2026-05-11,1271.319580078125,1282.011285578894,1250.735357413012,1257.7299630241207,7341360
2026-05-12,1259.12890625,1273.0182189048855,1255.9314210526663,1269.421017563825,5727828
2026-05-13,1254.7322998046875,1274.3172934854406,1246.538667573858,1255.1320159570741,6045406
2026-05-14,1253.6331787109375,1268.022106441695,1234.8477392086593,1255.631637507536,5822618
2026-05-15,1243.8408203125,1262.4264629724478,1241.0429291696062,1258.6293424179842,4805485
2026-05-18,1236.946044921875,1241.0428608886589,1221.1581722972078,1238.0451728188796,6052023
2026-05-19,1237.3458251953125,1248.8369633917555,1230.351219336608,1237.5456222864914,9200314
2026-05-20,1248.8369140625,1253.1335271630967,1225.6547195178894,1233.0490412431207,3562641
2026-05-21,1252.334228515625,1261.726887089914,1243.8407788007414,1255.9314298819743,5171528
2026-05-22,1284.409423828125,1287.8068279947058,1253.1334965544734,1253.1334965544734,5016900
2026-05-25,1310.189453125,1313.4869587156177,1292.9028588434312,1299.39784951034,5671455
2026-05-26,1298.298828125,1315.985139985791,1290.50478989495,1308.7907369859347,6455265
2026-05-27,1303.094970703125,1313.4869803364859,1292.103447855121,1295.3010549602839,7243174
2026-05-28,1303.094970703125,1303.094970703125,1303.094970703125,1303.094970703125,0
2026-05-29,1285.6085205078125,1311.5884848848368,1276.4156588264402,1295.1011997994176,15215715
2026-06-01,1274.916748046875,1292.2033425617142,1266.0235824646225,1288.0066280954209,4311076
2026-06-02,1250.1358642578125,1274.8169033533427,1243.9406908361375,1262.0267183828762,11884695
2026-06-03,1254.232666015625,1263.8253656219047,1229.3519520935338,1244.1404736967706,7953326
2026-06-04,1252.334228515625,1258.929118016639,1243.1412450502407,1245.0398052641103,6392593
2026-06-05,1271.319580078125,1275.0166799677856,1251.1350735574667,1259.0290099995375,7825303
2026-06-08,1267.1226806640625,1278.2141017590434,1261.0274061863013,1261.0274061863013,5034388
2026-06-09,1291.404052734375,1297.3994289105083,1270.520134658929,1274.916768250008,7533504
2026-06-10,1313.487060546875,1325.477813476934,1282.5109488108894,1282.5109488108894,12262606
2026-06-11,1316.284912109375,1338.4677555724868,1306.2926183014429,1307.7914623726329,8196686
2026-06-12,1355.2548828125,1357.4531387000588,1317.4839627353902,1330.9735596234657,8535670
2026-06-15,1367.24560546875,1376.9380816360685,1359.5514660793779,1370.9427053735023,7522828
2026-06-16,1364.6474609375,1370.4430399003772,1348.1601768264127,1362.4492051798502,7709061
2026-06-17,1349.8590087890625,1364.647530591123,1348.2602661586025,1363.048787960663,4761917
2026-06-18,1359.0518798828125,1364.8474591819588,1343.9635403676145,1346.561512407277,5186573
2026-06-19,1356.8536376953125,1361.9496832815275,1349.4593156798994,1355.7545097416184,4640277
2026-06-22,1357.552978515625,1365.0471986847929,1354.1555743103543,1359.9511533650066,3153284
2026-06-23,1362.44921875,1370.8427696854017,1355.0548971646165,1357.5529705396623,5745853
2026-06-24,1383.43310546875,1385.0318481148515,1354.9550675446912,1354.9550675446912,8343829
2026-06-25,1376.138671875,1399.021049380356,1371.6421396044548,1385.831270177255,7995552
2026-06-26,1376.138671875,1376.138671875,1376.138671875,1376.138671875,0
2026-06-29,1355.7545166015625,1391.5268564078813,1351.1579637199086,1391.5268564078813,12602010
2026-06-30,1344.6629638671875,1373.9404342753348,1342.5646065082708,1356.6537167481358,7781221
2026-07-01,1367.6451416015625,1376.6382056137847,1344.6628669036613,1344.6628669036613,3187785
2026-07-02,1361.5499267578125,1374.440010135796,1357.053394554533,1372.941166068036,4013561
2026-07-03,1341.065673828125,1371.941884852612,1337.3685740578373,1371.941884852612,3500465
2026-07-06,1338.567626953125,1369.9434532686023,1334.470810970254,1354.6551952621983,5154081
2026-07-07,1339.966552734375,1355.8543237280394,1335.1702030839804,1345.762131730582,6198988
2026-07-08,1308.4908447265625,1342.9642575887744,1302.9950832557752,1342.9642575887744,6917968
2026-07-09,1296.5999755859375,1320.5814799012492,1291.2041127197447,1311.8882333774443,5609851
2026-07-10,1323.699951171875,1326.5999755859375,1303.9000244140625,1304.0,3549139
2026-07-13,1319.4000244140625,1329.9000244140625,1313.5,1315.9000244140625,3674483
2026-07-14,1317.5999755859375,1323.699951171875,1298.5999755859375,1320.0999755859375,6005505
2026-07-15,1312.300048828125,1348.0,1303.300048828125,1328.0,9442403
2026-07-16,1307.5999755859375,1315.5,1299.4000244140625,1315.0999755859375,5001226
2026-07-17,1328.5,1333.0,1305.0,1307.0,11192836
2026-07-20,1256.0,1284.0,1249.0999755859375,1275.0,25314148
2026-07-21,1258.199951171875,1267.699951171875,1244.5,1245.0,15014867
2026-07-22,1238.4000244140625,1258.199951171875,1230.5,1258.199951171875,8358923
2026-07-23,1223.0,1239.4000244140625,1219.199951171875,1230.0999755859375,8240787
2026-07-24,1227.300048828125,1233.9000244140625,1210.5999755859375,1216.800048828125,8088828
2026-07-27,1227.5,1237.0,1221.5999755859375,1237.0,5967502
2026-07-28,1223.5,1233.9000244140625,1219.699951171875,1222.5,6093182
2026-07-29,1235.4000244140625,1237.0999755859375,1214.4000244140625,1229.5,10110233
2026-07-30,1228.9000244140625,1232.199951171875,1220.199951171875,1229.0,6878684
2026-07-31,1229.5,1239.699951171875,1226.0,1226.199951171875,7487936
2026-08-03,1272.0,1272.0,1230.5,1236.9000244140625,6713421
2026-08-04,1261.800048828125,1264.0,1244.0,1264.0,5693646
