Date,Close,High,Low,Open,Volume
2021-08-25,1585.9013671875,1675.1061615699605,1580.4769495223075,1649.7786201795948,9745980
2021-08-26,1591.325927734375,1607.8187673748016,1563.3559238256612,1595.4840718490102,6068820
2021-08-27,1614.9383544921875,1620.557162028302,1573.5018855544158,1603.4112845918382,4414750
2021-08-30,1651.3143310546875,1654.7644185804804,1621.3600148308894,1642.7986620134627,3360380
2021-08-31,1709.9813232421875,1715.0916982150666,1638.1368810322413,1645.2914546830582,6521270
2021-09-01,1673.83984375,1721.4236401036517,1669.238022913756,1711.7463782419393,4618430
2021-09-02,1665.558349609375,1685.177251806618,1656.2600090241376,1681.6872397466634,2768790
2021-09-03,1668.6597900390625,1681.17390466882,1651.2744836520828,1672.892671754183,2485550
2021-09-06,1669.9208984375,1692.0526292407603,1662.741493600693,1678.6958347686757,1769580
2021-09-07,1673.331298828125,1689.6346179963793,1658.3491499407614,1670.1205166584791,1881930
2021-09-08,1651.3492431640625,1684.075657513543,1648.1833762478914,1671.2174346846505,1909320
2021-09-09,1670.27001953125,1677.8931010268316,1643.7010359214726,1654.6646550216772,1808160
2021-09-13,1688.986328125,1694.5504824990483,1653.2686004592322,1669.22294159756,2166140
2021-09-14,1678.3218994140625,1699.1373288386558,1674.786971890674,1695.1487435596919,1592270
2021-09-15,1678.087646484375,1693.3538939068528,1675.405259489987,1680.3162539844998,1231990
2021-09-16,1668.52490234375,1690.2028525166245,1657.7556739385543,1684.1800500945674,1542090
2021-09-17,1679.21435546875,1744.906359515331,1670.225066839847,1679.1943930669524,6549510
2021-09-20,1697.038330078125,1728.4534292833375,1665.2443104081665,1672.7179170946229,3252040
2021-09-21,1753.7061767578125,1760.4618675722152,1676.606875118262,1705.1202455669713,3846940
2021-09-22,1756.448486328125,1772.926355455366,1745.5048285852747,1753.8858735564806,2569820
2021-09-23,1845.1046142578125,1869.6493613356702,1763.1590756257137,1773.6740274537724,7125510
2021-09-24,1847.313232421875,1875.9314045963627,1826.5127749697042,1854.687148871256,3731750
2021-09-27,1797.964599609375,1869.4101622784287,1787.8884548871138,1851.700832782877,4071680
2021-09-28,1750.0267333984375,1813.4102810777788,1738.0360245040054,1813.3105907897386,3220580
2021-09-29,1738.400146484375,1759.754076099758,1725.841116490668,1744.8865888396701,3097120
2021-09-30,1773.5992431640625,1780.8983005196128,1736.2510506097685,1745.0060243336961,3430000
2021-10-01,1712.8780517578125,1768.5436969346842,1700.1344924486502,1768.5436969346842,4326770
2021-10-04,1775.5386962890625,1788.48163619906,1725.1628441358857,1731.0410412367924,4013250
2021-10-05,1779.6571044921875,1789.8778554775047,1747.499131879848,1770.3338096450984,2681630
2021-10-06,1756.633056640625,1809.3771378126269,1750.7848024243256,1792.2710611770397,3004210
2021-10-07,1742.0396728515625,1782.8977212866544,1737.5275611532413,1774.920550274186,2241000
2021-10-08,1749.9368896484375,1768.9874722802842,1741.0174694009513,1756.9718104722085,1522380
2021-10-11,1766.340087890625,1799.3505985142028,1755.6755394541651,1761.5237930914623,2340900
2021-10-12,1817.06494140625,1842.2279154032408,1758.0687375757436,1766.3401105205617,4545920
2021-10-13,1813.6346435546875,1852.1893457501703,1809.680992397881,1830.2621074665765,3183880
2021-10-14,1843.6138916015625,1848.7092947382453,1816.3120202332593,1829.7635144793312,1968050
2021-10-18,1862.465087890625,1904.5496075185265,1849.985786195981,1879.6209477342527,2939480
2021-10-19,1902.2113037109375,1926.9853762691562,1854.742169842446,1894.5781189709685,3878460
2021-10-20,1855.0113525390625,1900.8602466344107,1835.1732269944443,1900.8602466344107,2247980
2021-10-21,1852.6580810546875,1873.5683335111355,1829.4346242365452,1873.43869961063,1925330
2021-10-22,1860.490478515625,1919.5615377311756,1849.7063996311097,1854.6921311665035,5053300
2021-10-25,1803.5535888671875,1889.2932061369377,1794.8634922078993,1864.6637391270954,3018040
2021-10-26,1830.097412109375,1839.7348697684292,1792.375412501995,1814.8062129964994,2967490
2021-10-27,1796.0599365234375,1854.5924996365397,1771.929043816412,1854.5924996365397,3253010
2021-10-28,1793.636962890625,1831.9622196306486,1775.1198869714588,1796.0599603614514,3425500
2021-10-29,1777.0294189453125,1812.2137612180572,1709.0638911329386,1793.6369202547821,3205360
2021-11-01,1751.557373046875,1792.8692013611567,1712.2000344193668,1784.8920302761237,3849290
2021-11-02,1749.25390625,1784.3833514913047,1734.2917209077787,1759.9632479473446,2719290
2021-11-03,1745.9483642578125,1770.4083934648102,1739.9306736684343,1752.9533417190394,1838020
2021-11-04,1754.3792724609375,1769.934730821227,1745.0060726406464,1759.9632675489947,315060
2021-11-08,1826.7470703125,1834.046249399648,1746.5017460890824,1760.052930236651,3161990
2021-11-09,1812.064208984375,1842.2278861458976,1802.8406052242399,1826.7721176829687,1980870
2021-11-10,1827.38525390625,1832.2563233116953,1795.112623696261,1809.0726718738738,1784330
2021-11-11,1782.0350341796875,1829.7634313305614,1775.9175319889537,1819.791968489523,2155580
2021-11-12,1822.1654052734375,1829.6639657262226,1787.3899243449448,1808.3250082816203,2078020
2021-11-15,1807.8760986328125,1829.2648374961102,1794.8632910836732,1822.2848135863403,1704610
2021-11-16,1815.778564453125,1845.8175984802397,1806.704556942025,1817.7978101719552,2189550
2021-11-17,1820.33056640625,1836.7435561929717,1806.0214190659367,1813.3106172295977,1461000
2021-11-18,1787.0108642578125,1841.9286496202226,1776.0372640419814,1820.3903132654627,2745560
2021-11-22,1702.5028076171875,1808.823540825875,1678.2023551046295,1808.823540825875,3707000
2021-11-23,1731.8538818359375,1738.808953568996,1670.9431117687684,1683.1831080630884,2513150
2021-11-24,1735.902099609375,1759.6640524633826,1709.1487078119455,1738.225406702193,2740240
2021-11-25,1731.9287109375,1747.1999502991598,1717.609702609845,1729.9493898530113,1616200
2021-11-26,1663.494384765625,1718.8010728458376,1656.2600831458594,1715.091717646525,3424860
2021-11-29,1684.2200927734375,1704.9208605260158,1622.7210435757843,1662.2429484926083,3042180
2021-11-30,1718.81591796875,1745.0059794614158,1683.1829104747828,1683.1829104747828,4586420
2021-12-01,1733.33447265625,1749.6627433307874,1715.1913275500767,1739.4220313467242,2383490
2021-12-02,1770.7474365234375,1783.8948699416999,1722.4157808031864,1735.034697427925,2138810
2021-12-03,1743.87939453125,1783.8699308505863,1740.0204428878217,1769.9348344560938,2034590
2021-12-06,1684.524169921875,1754.872893540285,1680.291288538787,1743.7097719977112,2036900
2021-12-07,1706.017578125,1720.077316191215,1688.3381942288781,1709.1087072184016,2300780
2021-12-08,1757.136474609375,1762.381474260996,1711.7014368985174,1711.7014368985174,2842990
2021-12-09,1754.6385498046875,1772.1184325074648,1743.7097432278351,1757.5053455110751,2103820
2021-12-10,1766.055908203125,1771.2859360906177,1725.1279912687696,1752.9833337847792,2333140
2021-12-13,1727.4564208984375,1778.5052764966144,1720.0775133085458,1769.9348325348806,2199130
2021-12-14,1707.46337890625,1721.0744497390174,1681.6871723550712,1715.091572161709,2420260
2021-12-15,1661.315673828125,1716.5825625598648,1657.2573414773624,1712.000703996912,2532210
2021-12-16,1665.568359375,1690.163012307482,1652.7700253095288,1682.1858417479186,3253500
2021-12-17,1615.7958984375,1680.1915645515633,1608.69622144311,1660.2486379693487,3054350
2021-12-20,1578.1038818359375,1589.4514131045214,1540.5912379212582,1589.4514131045214,3371600
2021-12-21,1578.67724609375,1610.3915430108393,1563.2264664679217,1610.3915430108393,3368050
2021-12-22,1590.03955078125,1613.8763632906414,1578.482658764173,1588.5538124700126,2612920
2021-12-23,1612.3756103515625,1617.3264077239944,1598.0765662748606,1605.4055673466157,1811180
2021-12-24,1587.511962890625,1620.3628974288297,1575.4913095000313,1620.3628974288297,2087360
2021-12-27,1596.740478515625,1609.389216657045,1551.664399907815,1556.5803849659637,2351140
2021-12-28,1605.4903564453125,1620.2631430490062,1597.5930351842599,1612.6199772564044,1457220
2021-12-29,1620.26806640625,1628.339936633917,1592.0437863290379,1605.4355149320127,1724280
2021-12-30,1612.141357421875,1623.5338031979866,1592.891393512279,1615.3770924697026,2831460
2021-12-31,1635.938232421875,1645.291470011181,1612.3856406109574,1615.132783661582,2300860
2022-01-03,1693.2840576171875,1699.1373015511879,1635.9681075544604,1635.9681075544604,2710610
2022-01-04,1708.6552734375,1714.0946632347775,1680.4010473956118,1705.020655330518,2300430
2022-01-05,1793.706787109375,1799.8492429847604,1705.1203354592467,1705.1203354592467,6082100
2022-01-06,1793.517333984375,1802.8406281539412,1765.0487565711435,1765.0487565711435,3511360
2022-01-07,1770.6226806640625,1809.1176163795244,1752.9832207881345,1802.341963352988,3229140
2022-01-10,1774.8009033203125,1794.8634836127046,1768.0052874466544,1774.9205560170078,1697970
2022-01-11,1774.87060546875,1788.386977865206,1757.0815485819576,1764.949047927661,1648180
2022-01-12,1788.411865234375,1813.809152744804,1769.9347147454794,1784.8919095179765,2233940
2022-01-13,1817.2991943359375,1822.2749448065404,1784.8919384698645,1794.6340776318875,2480130
2022-01-14,1815.7735595703125,1828.113245650367,1794.8634298261102,1799.2508981100784,1553280
2022-01-17,1831.8177490234375,1838.2393131500182,1816.900356719153,1823.780690941895,1352730
2022-01-18,1810.174560546875,1850.5789494060675,1804.8398520136104,1832.4409160485752,2056670
2022-01-19,1802.5712890625,1856.7861293559033,1782.433972782895,1818.7948790877717,3481740
2022-01-20,1720.9698486328125,1820.988541003554,1703.1258959558177,1802.341953712026,5444730
2022-01-21,1628.858642578125,1704.6218082385951,1617.3714963223172,1695.148917230542,5582910
2022-01-24,1566.232666015625,1638.7053149474382,1539.9928187284813,1634.173241050818,4736430
2022-01-25,1548.4635009765625,1563.7696721193358,1520.6780294602572,1550.6123804357505,4090640
2022-01-27,1531.601806640625,1552.5967763897636,1496.916037116992,1534.2093345823123,3497270
2022-01-28,1515.537841796875,1574.2598062371608,1510.6767532344868,1555.6480302570073,3509310
2022-01-31,1564.4776611328125,1569.6079984262255,1528.5953654037637,1554.5511133342188,3129920
2022-02-01,1585.8466796875,1596.9249615330693,1545.576912774014,1578.3780629241755,3571870
2022-02-02,1665.8326416015625,1670.2201098165183,1587.9555372434659,1598.4355549538627,5257450
2022-02-03,1630.1448974609375,1666.9295195263542,1621.7289188961863,1665.83268287593,2891370
2022-02-04,1615.950439453125,1642.2353250374713,1609.8928239082536,1630.1349440280342,2945050
2022-02-07,1566.6517333984375,1631.7355031585148,1560.53423004959,1611.388700166222,3566640
2022-02-08,1594.3524169921875,1607.3800766238896,1567.5141819800901,1576.488499815854,4103730
2022-02-09,1621.140625,1636.8057552353362,1607.3999190592858,1613.3827971699282,2510230
2022-02-10,1634.681884765625,1650.2772688494858,1598.7248493814654,1629.8257867346265,2997700
2022-02-11,1606.7120361328125,1615.3771799865635,1586.4599341719893,1595.4342518385813,2446960
2022-02-14,1562.9422607421875,1584.2612556053532,1540.6908755701245,1575.989882412075,2961150
2022-02-15,1632.8521728515625,1638.0622384147725,1560.4344160018454,1584.4656197480283,3592130
2022-02-16,1622.601318359375,1654.2557226334843,1614.3898332245549,1638.1119825397866,2738740
2022-02-17,1613.5023193359375,1637.1446184728752,1603.510894223925,1631.929562950495,2144330
2022-02-18,1605.0616455078125,1624.2517222437425,1598.0117526126198,1601.5167366575984,1743270
2022-02-21,1596.65576171875,1619.181265401225,1573.497060317971,1599.2234867990323,2275920
2022-02-22,1614.3250732421875,1622.3571407943828,1523.1410771748124,1525.6339430949022,3223740
2022-02-23,1608.7559814453125,1634.3228278432234,1598.9291238809274,1634.3228278432234,2418300
2022-02-24,1520.1695556640625,1585.05381436192,1515.6624347378802,1555.5482882836138,3615630
2022-02-25,1572.714111328125,1601.9155756200687,1552.55683239368,1574.2946710286326,3203370
2022-02-28,1596.685546875,1603.8948953444442,1532.1153315945342,1565.5197335525015,3732570
2022-03-02,1600.718994140625,1611.1041900197147,1558.7390377936918,1566.0182544272825,2817150
2022-03-03,1565.9287109375,1630.1299915913444,1560.2150815452796,1625.3486307870025,3400140
2022-03-04,1528.9443359375,1562.7576016006508,1516.8589274545138,1554.5511068941641,3380590
2022-03-07,1433.2181396484375,1495.121054381695,1376.0517911433835,1495.121054381695,3715210
2022-03-08,1440.946044921875,1448.3548949473193,1391.1236677640607,1435.8905671078414,4625690
2022-03-09,1497.2352294921875,1515.617559436053,1435.890765640157,1445.9719007839526,3913410
2022-03-10,1542.331298828125,1580.4771415842636,1526.1376500300294,1560.4345220511557,4764050
2022-03-11,1552.4571533203125,1570.5054776395873,1523.639599894152,1535.605355914263,3296320
2022-03-14,1563.3758544921875,1569.009755620346,1536.7520960789313,1543.1438381582382,2852010
2022-03-15,1566.4072265625,1590.448410181237,1548.9721374374626,1570.4057931183304,2965110
2022-03-16,1607.883544921875,1619.365699944063,1580.5816725256143,1585.522610675964,2983170
2022-03-17,1632.408447265625,1654.1662507119506,1620.8615353309185,1635.22046838572,4020680
2022-03-21,1613.46240234375,1639.7023698903772,1610.3912356337773,1635.314901931875,2016350
2022-03-22,1644.7530517578125,1654.2658673056462,1590.5481883977614,1620.3628899166215,2652790
2022-03-23,1636.0528564453125,1668.1011538493588,1629.755935846788,1655.2628949502716,2290790
2022-03-24,1633.196044921875,1646.487961601709,1622.357069248204,1630.3342398406967,1839240
2022-03-25,1628.6690673828125,1645.2915415038551,1619.3807071977778,1645.2915415038551,1477480
2022-03-28,1647.18115234375,1651.2744187916282,1605.5103658315466,1635.3200765810811,1751870
2022-03-29,1645.4609375,1657.2571342930228,1637.6282511441248,1648.8810811110488,1981380
2022-03-30,1708.0018310546875,1720.0622855677173,1648.3824186439374,1655.2627520177994,4547640
2022-03-31,1701.1766357421875,1725.0632333997883,1693.3539299005301,1705.1203058460335,2986920
2022-04-01,1709.0289306640625,1715.0915359946518,1696.2654100795069,1698.140049883077,2101410
2022-04-04,1714.727783203125,1743.0118298461375,1690.6865991726957,1714.9920415940342,3243940
2022-04-05,1677.08544921875,1725.0631346983403,1671.0726276920507,1717.085964133261,3855370
2022-04-06,1667.2286376953125,1685.0875622685642,1660.3483037814835,1677.0854387510228,2465520
2022-04-07,1650.6661376953125,1665.2344314983716,1643.2972114427046,1660.2486996675382,2167900
2022-04-08,1670.1204833984375,1679.194491042456,1647.0165581311096,1665.234441829514,2133830
2022-04-11,1653.0543212890625,1679.7379677623778,1650.2822251802424,1662.7415641458479,1696860
2022-04-12,1627.1485595703125,1645.4909656309756,1617.5808472080196,1645.4909656309756,2476470
2022-04-13,1604.4134521484375,1645.291461500289,1600.4198761866446,1635.718880977771,2483900
2022-04-18,1578.2083740234375,1599.422686178584,1560.9677970412372,1599.422686178584,2818890
2022-04-19,1567.5689697265625,1603.4113419693242,1554.700766776901,1595.3344808224545,2596960
2022-04-20,1546.504150390625,1575.4861489069833,1527.9571320036678,1567.6136594653874,2517070
2022-04-21,1579.0560302734375,1597.5281913102997,1554.815465067167,1555.6480433435702,2364890
2022-04-22,1541.0098876953125,1570.3558353100602,1538.5967498154237,1565.5246906718364,2148760
2022-04-25,1522.158935546875,1535.605440004171,1515.6625122119092,1530.6197080561055,1642190
2022-04-26,1539.0306396484375,1558.8637734927215,1525.6389105710318,1550.562578793434,2206380
2022-04-27,1478.4090576171875,1529.7321502971288,1470.9254694996484,1529.7321502971288,3411920
2022-04-28,1496.9012451171875,1520.6482277022678,1461.8813474398971,1495.7195682317388,3475000
2022-04-29,1486.85986328125,1523.6396159739813,1480.7623231160749,1523.6396159739813,2211070
2022-05-02,1491.4765625,1497.987956942583,1455.8385640760955,1457.114940531865,1907980
2022-05-04,1428.1578369140625,1501.5777258743346,1422.9278092953768,1491.4666475071838,3164040
2022-05-05,1409.89013671875,1466.9019036227082,1400.9905572658392,1445.762450664492,2969280
2022-05-06,1360.157470703125,1385.564739166415,1347.144662689325,1376.0619056338035,3516160
2022-05-09,1374.4515380859375,1397.166560436664,1332.4717024177369,1350.13611536939,4034090
2022-05-10,1359.1204833984375,1393.9308972543943,1352.3298581927572,1378.0562832254054,2563120
2022-05-11,1329.1761474609375,1379.1181844007776,1311.4518464077444,1368.583391438942,2918480
2022-05-12,1281.4027099609375,1323.1134165431267,1271.3615005300983,1323.1134165431267,3256960
2022-05-13,1257.2320556640625,1319.6983115649277,1253.9116019614823,1309.1535370404026,3487640
2022-05-16,1261.91357421875,1274.223315869903,1241.4471224144731,1266.375779491069,4340040
2022-05-17,1293.50830078125,1298.3544178966151,1259.3959598537426,1266.8545957857527,4286060
2022-05-18,1272.5731201171875,1311.2125419428394,1257.4065627851683,1304.2674515600704,3740540
2022-05-19,1237.842529296875,1251.6130570711944,1213.9060263375436,1244.6280420326168,2864010
2022-05-20,1252.58544921875,1266.2762499476062,1239.6175552924888,1260.2933714897597,3233300
2022-05-23,1253.7021484375,1275.7490391913984,1246.4329127393755,1261.390107692248,2788860
2022-05-24,1232.20361328125,1258.578206708379,1225.2685043850918,1255.4072278254685,2554750
2022-05-25,1237.06494140625,1255.2180717406857,1229.7808542276123,1240.9488465848196,2175990
2022-05-26,1244.21435546875,1254.9087261084744,1202.7828744638653,1241.4472499046888,3792040
2022-05-27,1272.19921875,1285.3216993515207,1256.8581117705642,1261.390185942338,3295340
2022-05-30,1288.7169189453125,1295.293069712607,1280.0366823274378,1288.711928344834,2803920
2022-05-31,1289.7091064453125,1307.4532477453465,1273.714840126958,1288.7169507013177,4199190
2022-06-01,1256.0654296875,1298.7781554672347,1249.6237813706118,1292.2020043746968,2812330
2022-06-02,1289.9083251953125,1299.2815240029627,1241.4520338721848,1250.8202420798593,3661460
2022-06-03,1265.5382080078125,1318.2273834108607,1261.5944165646172,1306.2616280395066,3171800
2022-06-06,1248.068359375,1265.2791163169877,1224.7001746025005,1265.2791163169877,3097470
2022-06-07,1230.348876953125,1241.4421293300122,1219.744216516205,1240.4499736492273,1765480
2022-06-08,1242.9427490234375,1260.8913807782885,1221.5041055384766,1237.5581351525923,2368430
2022-06-09,1243.5411376953125,1248.222807780689,1222.0028017638188,1229.0327319315384,1742390
2022-06-10,1221.853271484375,1234.561897011169,1214.0904529667346,1226.4900264164405,2906700
2022-06-13,1135.3555908203125,1196.5753991550962,1131.7608983675284,1196.5753991550962,4877320
2022-06-14,1130.4150390625,1154.4612147258158,1123.2904085693326,1135.2511747510812,3669480
2022-06-15,1177.599853515625,1183.6126750037677,1136.7467982344526,1136.7467982344526,4962890
2022-06-16,1143.916259765625,1203.5356788234453,1137.8486631931582,1199.0684826629267,3940410
2022-06-17,1172.1304931640625,1183.0541869610795,1131.761040183194,1132.7631770744372,4193620
2022-06-20,1167.6234130859375,1181.6183958480258,1149.9140846053442,1181.6183958480258,2428580
2022-06-21,1171.6368408203125,1189.3361864295566,1164.6568171997656,1181.0000585407947,3079180
2022-06-22,1140.291748046875,1166.6612297199306,1131.7611074633514,1166.6612297199306,2848330
2022-06-23,1151.9881591796875,1155.5928331972189,1128.25602933576,1150.4575055776595,2535530
2022-06-24,1154.989501953125,1165.2600347835505,1139.738106998886,1162.6724696069125,3662910
2022-06-27,1156.2061767578125,1174.6384126243177,1151.7040463336903,1174.6384126243177,2463700
2022-06-28,1133.2020263671875,1151.7041320197723,1125.7783247188943,1151.4598360121624,3490570
2022-06-29,1107.8046875,1121.6850090839223,1100.8995217748648,1116.8039580240074,3902730
2022-06-30,1090.447998046875,1116.8070047882761,1088.1786489426472,1112.118778184693,3481840
2022-07-01,1129.4306640625,1131.4706067708391,1070.0441363822736,1089.2760728259263,4089830
2022-07-04,1135.9892578125,1141.4457059826818,1118.7224992068834,1128.1788328056944,3004250
2022-07-05,1149.59521484375,1171.8695921482845,1138.1288931891313,1145.111432177975,4223480
2022-07-06,1199.849609375,1203.9892820467178,1150.123978624578,1150.6227314340422,4782940
2022-07-07,1193.749755859375,1216.9567364328377,1182.0440431745187,1213.76476746983,2729250
2022-07-08,1197.31591796875,1209.7048586881901,1185.0365664796084,1201.9941604443839,1690110
2022-07-11,1190.837158203125,1201.6502072031135,1181.0017670308985,1186.532979738095,1613680
2022-07-12,1183.515380859375,1196.0091623083783,1171.171249597018,1185.0366011862832,2272440
2022-07-13,1174.0841064453125,1208.9768342074817,1169.0766086560795,1186.133930726139,2672490
2022-07-14,1169.6998291015625,1192.697370843902,1160.3681850929959,1183.3556202737625,2405440
2022-07-15,1181.071533203125,1184.1188444695479,1165.0864824110604,1176.7572486398456,1711040
2022-07-18,1221.9442138671875,1225.595118021004,1189.0315254018622,1191.0215439652422,2834830
2022-07-19,1241.37548828125,1243.8892213466106,1206.288309247008,1216.956575816251,4230630
2022-07-20,1238.9766845703125,1260.6475905335244,1234.1138449070686,1260.6475905335244,2721470
2022-07-21,1268.472900390625,1272.5526637891423,1235.016526972431,1236.9068193765074,2713300
2022-07-22,1272.24365234375,1283.2909783637158,1262.6127063721083,1279.3657353068234,3024220
2022-07-25,1258.80712890625,1276.3034160021043,1253.864532520276,1266.8321052511938,1747020
2022-07-26,1327.9791259765625,1351.5052543197128,1275.809539419091,1296.757154999858,13270240
2022-07-27,1327.385498046875,1335.5551313208837,1297.709709745932,1331.6648355602038,5339660
2022-07-28,1460.552490234375,1518.5275047634527,1347.3306240945742,1347.3306240945742,16276260
2022-07-29,1501.00634765625,1516.308047541739,1477.5200374217934,1496.258211856029,10442350
2022-08-01,1503.550048828125,1521.1958623841947,1489.3754131064068,1516.2033425684917,4320160
2022-08-02,1518.6173095703125,1525.1858440408403,1482.42778235973,1496.258185782381,4248930
2022-08-03,1520.5875244140625,1529.9740858848438,1507.764609845263,1517.205965933319,3096500
2022-08-04,1514.7420654296875,1536.8516921720507,1501.7445394611714,1531.0712256942127,3113610
2022-08-05,1504.8218994140625,1521.29571849328,1498.5924820080734,1513.8144267279215,2078470
2022-08-08,1549.1907958984375,1555.0113231977155,1500.323011983666,1502.7420114884346,4870730
2022-08-10,1560.4178466796875,1563.4902417398023,1538.7520551036632,1549.1261372983608,4425480
2022-08-11,1569.7694091796875,1589.0263069853654,1566.2033756214341,1589.0263069853654,2536510
2022-08-12,1572.6124267578125,1584.876679530607,1564.0886980212322,1573.0662479460989,2052510
2022-08-16,1587.604736328125,1593.016252265845,1577.0561645787732,1577.5549173189943,1522190
2022-08-17,1679.8292236328125,1709.8740845517443,1589.026268352444,1593.714495516338,9435810
2022-08-18,1676.397705078125,1694.662088913968,1657.918891657927,1683.7892547993654,3616590
2022-08-19,1624.697021484375,1690.4724738268012,1608.4775727766926,1683.789235874144,5126830
2022-08-22,1583.2108154296875,1625.809243087865,1577.639664527002,1624.7369734039307,3722010
2022-08-23,1626.322998046875,1647.929001155587,1563.2607298984087,1576.0486967629652,7064070
2022-08-24,1629.3106689453125,1638.5425880008638,1613.9889977786745,1625.4353500081086,2649190
2022-08-25,1620.5775146484375,1655.3605297675576,1615.9590588872813,1637.4603454977698,3693150
2022-08-26,1624.5374755859375,1646.5375135428262,1621.5799057952368,1638.20337435411,2071780
2022-08-29,1604.6273193359375,1614.9614620724467,1567.1809225659363,1568.677180869277,3079400
2022-08-30,1691.983642578125,1695.7592347334114,1632.9163925050555,1634.9114033694477,7661440
2022-09-01,1736.298095703125,1764.283046050562,1676.25817262017,1676.8068493854862,10171920
2022-09-02,1728.602294921875,1780.0485932003119,1720.6970150017025,1765.0860104611668,6944080
2022-09-05,1733.275634765625,1748.5175490628772,1716.213321513766,1737.6546988194386,3700530
2022-09-06,1692.6622314453125,1744.238213038143,1688.90660836734,1738.153453422367,5077980
2022-09-07,1701.3055419921875,1710.123456533127,1676.8367028107557,1690.7718254462443,3207730
2022-09-08,1733.948974609375,1744.637212517304,1699.948915028374,1723.6895959004582,4301170
2022-09-09,1716.2730712890625,1754.1135026237919,1711.1260303431388,1750.6222332128261,3957300
2022-09-12,1709.5299072265625,1737.654520238661,1700.9662400077625,1733.6644983781819,4250820
2022-09-13,1780.2979736328125,1839.4001755870045,1745.6346568748686,1750.6221844659397,10413183
2022-09-14,1800.8465576171875,1808.9263279376123,1747.6296627313552,1764.587256490735,3784309
2022-09-15,1767.779296875,1819.4002093757524,1765.5848333590718,1810.472583359726,3051984
2022-09-16,1730.5723876953125,1781.0461437243696,1707.7294864498015,1767.7792713207414,3277213
2022-09-19,1761.5447998046875,1774.8615957238733,1732.6670641091912,1734.2132463499818,2309647
2022-09-20,1795.111083984375,1808.4277596180443,1775.55999824451,1780.5475263294666,2832208
2022-09-21,1797.5048828125,1815.459981530938,1773.6146751684566,1795.5098718437848,2080898
2022-09-22,1767.928955078125,1783.5399414467477,1728.6771356416184,1782.342983480962,4480817
2022-09-23,1717.604736328125,1773.764222641537,1710.1234451150392,1767.5797372783757,2759913
2022-09-26,1672.6173095703125,1740.7468637275545,1657.3554263630226,1695.7593889961713,4915173
2022-09-27,1675.3604736328125,1711.470125371451,1660.8467193609013,1684.288099484013,2624336
2022-09-28,1648.0784912109375,1674.7119603579342,1641.1458768907341,1665.8341373089354,2114266
2022-09-29,1631.8193359375,1680.796833559269,1623.9390178246233,1667.7793375663277,2418856
2022-09-30,1674.163330078125,1694.7618429879083,1616.9564140573275,1621.6945651781,2788387
2022-10-03,1642.492431640625,1681.7941702936484,1633.9139092176727,1681.7941702936484,1464138
2022-10-04,1696.9066162109375,1700.7469882829291,1665.884217493368,1677.8043602884968,1806381
2022-10-06,1706.2830810546875,1719.8491314961461,1690.6720956327165,1713.7144483204172,1661891
2022-10-07,1694.7618408203125,1705.584751118652,1680.2980111017166,1703.7393903008203,1150275
2022-10-10,1680.1982421875,1689.7243463901389,1652.8665678885654,1671.1209667411522,1229639
2022-10-11,1668.4776611328125,1702.7918759652864,1660.8467194201519,1680.1983511947865,1402150
2022-10-12,1690.4227294921875,1697.3553440500875,1663.2407044633978,1676.8566789685956,1538819
2022-10-13,1677.5548095703125,1690.322928181495,1662.2929273058369,1688.7268220307446,1065166
2022-10-14,1684.088623046875,1704.73693866493,1680.8965323140544,1704.73693866493,1239168
2022-10-17,1714.9613037109375,1720.696960245088,1669.8241805508853,1679.7992353928857,1551410
2022-10-18,1721.9439697265625,1731.9190253078893,1707.7295155231716,1725.68461556956,1661431
2022-10-19,1694.5623779296875,1726.682006054653,1688.1783184299347,1720.6969731047234,1804532
2022-10-20,1721.395263671875,1725.6845862051841,1672.3180397531742,1682.7918479353443,1438398
2022-10-21,1680.2481689453125,1736.058677326484,1670.9215164395346,1727.1808536102653,2734130
2022-10-24,1697.554931640625,1719.898957731167,1688.7768344151907,1708.5772945057038,499690
2022-10-25,1654.412841796875,1696.657176544967,1650.8716484669508,1695.7593972168074,1870289
2022-10-27,1626.881591796875,1672.3679412754648,1616.956460501969,1667.4801398362695,2177395
2022-10-28,1649.275634765625,1656.3578995342295,1630.9215090264772,1635.061181246587,2115388
2022-10-31,1683.29052734375,1685.6346409101486,1658.003787330592,1660.8466536458334,2217631
2022-11-01,1704.786865234375,1710.4226740347588,1686.781841812079,1687.7793473365095,2002317
2022-11-02,1706.133544921875,1718.203337920724,1695.0113335046676,1700.7469905107891,2036615
2022-11-03,1719.2008056640625,1728.1783555630916,1689.774392106134,1693.6646880822093,2205874
2022-11-04,1796.208251953125,1800.4975746600273,1716.7570297969867,1718.602390769652,6981242
2022-11-07,1773.61474609375,1813.3653168818319,1761.1459270406622,1808.6769678583842,2464569
2022-11-09,1748.3280029296875,1793.5150549675102,1741.1959353573498,1793.2157545834905,1762741
2022-11-10,1696.1085205078125,1752.5175074985427,1689.7743846822664,1740.6471672199261,2030748
2022-11-11,1714.9613037109375,1743.639586381689,1703.0909640957957,1735.6595425080886,1671510
2022-11-14,1714.0635986328125,1730.6720900169735,1703.8890909597867,1719.699529215713,1459293
2022-11-15,1704.2381591796875,1725.4850751909728,1692.0686406972536,1719.1010155912497,1401141
2022-11-16,1681.4453125,1710.2233242534041,1670.821853674221,1709.4252710796504,2040699
2022-11-17,1660.447509765625,1695.7093022640204,1656.0584615327807,1681.395123736846,1875515
2022-11-18,1650.2730712890625,1670.4725570243454,1637.1059260465806,1663.8391213062644,1581747
2022-11-21,1631.769287109375,1653.5647571202796,1620.9463771902194,1650.2730621522371,1943750
2022-11-22,1639.2506103515625,1655.7593747936462,1627.928947478084,1630.9713879061023,1508906
2022-11-23,1632.1185302734375,1651.869188846405,1625.983968560844,1647.480140078433,1837952
2022-11-24,1629.9239501953125,1643.3403501610387,1615.9588735106527,1634.911477582691,1660403
2022-11-25,1629.624755859375,1642.8417042957435,1620.4477535759197,1629.9240562284106,1140578
2022-11-28,1648.7269287109375,1657.7544021232106,1624.7867968940525,1625.9339525634396,2005182
2022-11-29,1627.9290771484375,1648.72704376252,1625.9839900089064,1644.8866717020671,1346735
2022-11-30,1622.4427490234375,1640.5474987960745,1619.2507800249514,1630.123492919314,2900845
2022-12-01,1634.712158203125,1638.4028800637614,1620.1484796343505,1630.722135968571,2111362
2022-12-02,1638.552490234375,1648.8766481609864,1621.1958695847811,1628.128484341686,1682841
2022-12-05,1630.1234130859375,1650.8715758574167,1627.3304707904963,1645.8840484379077,1383542
2022-12-06,1631.1710205078125,1642.791985016253,1623.9391049605374,1625.9341161459927,1177485
2022-12-07,1602.6920166015625,1637.9040089845942,1589.0262401415703,1631.320497126246,2376490
2022-12-08,1614.5625,1617.7545909007915,1596.2083730593545,1605.9839764046665,1161239
2022-12-09,1594.6123046875,1622.8915619109064,1578.053737359144,1617.9539582784648,1766412
2022-12-12,1588.1285400390625,1599.9489562914198,1566.1834182397856,1582.1934308042196,1365732
2022-12-13,1607.4302978515625,1612.8667762532848,1587.2807340967706,1596.1086340149388,1279634
2022-12-14,1619.0013427734375,1623.8392200722433,1609.2756641947403,1615.7095259327862,1137059
2022-12-15,1600.896728515625,1627.6298049804375,1596.0089268240629,1615.9590384093635,1041690
2022-12-16,1583.1409912109375,1605.9838920409554,1577.2058820553714,1595.0113312878807,1533418
2022-12-19,1615.011474609375,1622.941595345578,1586.1835386978294,1591.0713404432447,1508476
2022-12-20,1611.6197509765625,1614.462617237629,1589.0761515116387,1610.9214240820058,866377
2022-12-21,1577.854248046875,1625.1858352987697,1571.56991469278,1614.4626511775718,1397725
2022-12-22,1540.4478759765625,1590.2233057158792,1526.183497845925,1582.1435350804459,2100618
2022-12-23,1493.315673828125,1539.4503037081445,1488.2782222916585,1520.497699000677,1673592
2022-12-26,1531.1710205078125,1541.09615203214,1479.4503820509883,1493.1660833747553,1329547
2022-12-27,1533.8642578125,1547.5301571055254,1514.2134468983406,1541.1460971396154,1102198
2022-12-28,1518.901611328125,1530.8716776054046,1509.2258564603153,1530.8716776054046,1411078
2022-12-29,1507.928955078125,1518.2033100217816,1499.3006302623257,1511.2207718022335,3417120
2022-12-30,1543.9888916015625,1569.076179731099,1522.043770206722,1524.1884314234708,2638505
2023-01-02,1548.62744140625,1556.1087333937198,1524.7372310325911,1546.1336774104266,1061404
2023-01-03,1559.10107421875,1566.083612618962,1540.1983939702131,1545.1359974183263,1306648
2023-01-04,1543.9888916015625,1563.4402492015347,1536.5575241991792,1558.1036190336788,1036103
2023-01-05,1465.1859130859375,1544.1384968892162,1451.071186064183,1544.1384968892162,5979381
2023-01-06,1426.781982421875,1469.8742935298674,1419.4503412737286,1469.8742935298674,5207616
2023-01-09,1410.47265625,1447.2806304020455,1405.1360266350282,1443.3903349319307,4513767
2023-01-10,1409.774658203125,1425.435446806004,1387.530235484361,1425.435446806004,2903001
2023-01-11,1396.2083740234375,1419.300650277859,1393.5650819095881,1414.4627730447949,2327598
2023-01-12,1384.338134765625,1411.4203107616215,1375.5600379563189,1401.495180078773,3168742
2023-01-13,1387.6798095703125,1396.358058769599,1370.9216683566044,1391.2708050401618,3754686
2023-01-16,1380.4478759765625,1414.9116176967505,1375.7595271004514,1394.6623292503782,3480545
2023-01-17,1369.475341796875,1388.1286461652087,1350.5725392847282,1385.5351561871348,3681802
2023-01-18,1363.8892822265625,1376.5575530300096,1361.5949709318572,1376.3581006416894,2589016
2023-01-19,1351.7696533203125,1362.5426400644224,1344.7371905755278,1361.5950585102457,1910318
2023-01-20,1329.8743896484375,1358.2534964396962,1323.241074958587,1356.607587880648,2091612
2023-01-23,1329.425537109375,1341.6449802379361,1316.2585124037007,1326.6823968152082,1832743
2023-01-24,1329.3756103515625,1345.634999676665,1326.233565251997,1332.9168037938798,1311451
2023-01-25,1311.0714111328125,1331.5701991393532,1306.7322862910398,1331.5701991393532,1549899
2023-01-27,1310.921630859375,1332.8169488332287,1298.8020368957257,1311.8194101292981,1829556
2023-01-30,1340.4976806640625,1356.6074181072465,1314.5625388473063,1317.505252997535,4411750
2023-01-31,1339.101318359375,1353.7647234579479,1320.497936688432,1351.0215831105006,2213909
2023-02-01,1265.1361083984375,1356.607302043116,1243.7395451707087,1344.6372376133238,4761664
2023-02-02,1268.727294921875,1285.4355123776702,1248.9766369245212,1265.8345045614408,2419664
2023-02-03,1334.1136474609375,1337.4553882113962,1278.1038125099105,1301.7446435367854,3271913
2023-02-06,1339.69970703125,1345.6348155916246,1318.8018953604703,1334.1135792499579,1546926
2023-02-07,1347.0316162109375,1358.9517596867029,1333.7647427329048,1341.7947116957914,1604424
2023-02-08,1365.4853515625,1373.5651220448958,1341.8443973174903,1353.565087356726,1516979
2023-02-09,1396.757080078125,1406.3830325318072,1353.2658645159813,1366.5825386231254,2593600
2023-02-10,1398.2532958984375,1415.1111627346972,1390.5226284875491,1402.4926941560216,2069492
2023-02-13,1385.08642578125,1411.4703997414683,1378.303339111501,1400.4978383300504,1467695
2023-02-14,1395.111328125,1401.4953884111405,1370.2236117488676,1386.532804193228,1390992
2023-02-15,1417.255859375,1420.3979042790813,1384.5875543360085,1394.5126853285547,1518171
2023-02-16,1424.6373291015625,1431.4204153160042,1409.525217948331,1425.4353822206062,2153424
2023-02-17,1410.522705078125,1423.6398050285766,1406.482759085068,1416.5077380955083,994199
2023-02-20,1401.0963134765625,1422.2435048344942,1397.3058653316157,1414.462912603269,993735
2023-02-21,1390.822021484375,1405.8843307674088,1386.5326989611199,1405.8843307674088,1117177
2023-02-22,1357.5550537109375,1388.5276480141274,1352.6174502206584,1386.4329108293364,1402505
2023-02-23,1343.5899658203125,1362.5425700565545,1337.654856884233,1358.602472092711,1095460
2023-02-24,1355.610107421875,1382.542758562707,1346.9816596476667,1350.3232790471613,1342454
2023-02-27,1354.013916015625,1363.83932030021,1341.644824138806,1354.562470951145,972575
2023-02-28,1331.5701904296875,1368.4778959842845,1326.6823888544293,1360.7970301472171,1597380
2023-03-01,1340.5477294921875,1356.607544452023,1331.5701795656669,1332.3681109440913,1134472
2023-03-02,1340.1986083984375,1382.4927456111798,1333.864350847315,1371.5701087243904,3267851
2023-03-03,1351.968994140625,1361.0462694283642,1342.7420686814687,1353.614902494608,1199487
2023-03-06,1377.3558349609375,1395.959217714593,1353.8645284574638,1353.8645284574638,2466703
2023-03-08,1377.3558349609375,1380.3483518777712,1354.5129314759429,1371.5702535487292,1557533
2023-03-09,1349.176025390625,1375.510071473209,1346.6323378239708,1374.5624900158755,1545024
2023-03-10,1325.53515625,1338.6523778977635,1317.7546864275157,1336.6573669023867,1389890
2023-03-13,1292.4677734375,1337.8542717839875,1288.6773257559564,1322.6922375262075,1668502
2023-03-14,1277.3558349609375,1299.0515815940544,1265.8345966632305,1296.757270025374,2060607
2023-03-15,1279.400634765625,1306.433011677173,1274.8121334428597,1286.7822004235438,1376141
2023-03-16,1290.373046875,1300.7471280778616,1267.3806189358668,1282.29327695099,1539281
2023-03-17,1298.5028076171875,1313.0165616055012,1289.7746343376405,1301.6947765673835,1332869
2023-03-20,1242.29345703125,1304.6873571643205,1227.9293525186486,1301.7447644490953,3970911
2023-03-21,1264.9366455078125,1268.328188414342,1245.485289098784,1255.8593702034266,2333183
2023-03-22,1291.32080078125,1311.6698156796983,1267.3806686505495,1267.8294974216767,2884348
2023-03-23,1286.7821044921875,1307.2309673930324,1275.111338762419,1288.7271915252127,1947186
2023-03-24,1237.5552978515625,1286.7821729036677,1233.1163250483357,1278.103923234597,2676573
2023-03-27,1236.009033203125,1248.4778518775286,1223.5901385097418,1241.894339970605,1553877
2023-03-28,1220.098876953125,1244.7372141023543,1211.9691827731313,1242.193648136266,1510246
2023-03-29,1242.941650390625,1248.876758804825,1222.3929417708164,1226.2334349673176,1657420
2023-03-31,1263.3408203125,1266.8320898514608,1246.8819782002565,1249.1762897464723,1830686
2023-04-03,1279.7496337890625,1283.3407510052737,1262.3432115031067,1269.8245027605333,1381342
2023-04-05,1276.1090087890625,1320.6974620101132,1272.3184386660873,1292.767304203253,3366621
2023-04-06,1300.697265625,1308.1785569762674,1268.178610237987,1276.1088521298161,1819711
2023-04-10,1301.794677734375,1313.9641968408853,1292.4181011319772,1307.7297871007027,1297282
2023-04-11,1319.899169921875,1321.6947284479745,1303.939082634956,1309.6747390036926,1281834
2023-04-12,1318.25341796875,1325.6847851006519,1312.268385078905,1317.7047412475251,1105734
2023-04-13,1337.9542236328125,1342.6424509438993,1314.7122959465523,1317.6050863530115,1330391
2023-04-17,1337.804443359375,1349.5749344756196,1327.2309100631553,1341.6448149449047,1073923
2023-04-18,1331.869384765625,1345.3357099243065,1325.6848989546313,1336.6574601950383,1236391
2023-04-19,1328.029052734375,1335.6100709213883,1318.7523237381233,1331.669972518019,590360
2023-04-20,1328.7769775390625,1338.0039028956446,1321.7446372186619,1330.6223382572186,467602
2023-04-21,1314.612548828125,1334.6623854218835,1303.2908855321552,1333.1661271422627,825513
2023-04-24,1316.4580078125,1319.6001747870766,1304.5876668895548,1311.8195824467746,1051329
2023-04-25,1342.44287109375,1348.627356121121,1318.801919084513,1321.6947092163355,2725305
2023-04-26,1331.37060546875,1346.1337362772642,1325.3357699661951,1342.4430144580426,889092
2023-04-27,1356.6075439453125,1370.572621603573,1336.807083190156,1349.1262523426728,3982526
2023-04-28,1351.2708740234375,1365.5351298683065,1315.5103255639324,1365.5351298683065,3376186
2023-05-02,1345.6846923828125,1367.480160757374,1342.542526057465,1356.6073276750549,1387425
2023-05-03,1343.639892578125,1347.5799905501124,1326.6822992790692,1341.6448816017655,903123
2023-05-04,1371.0213623046875,1374.8618558266069,1336.6573471241247,1338.9516584411826,2213569
2023-05-05,1355.859375,1390.5226917417694,1352.0190031098293,1368.0788175924222,2572062
2023-05-08,1401.2957763671875,1407.2808093725728,1359.6997239202751,1364.3880728339784,2912772
2023-05-09,1405.1859130859375,1443.0911211132718,1399.0014278509575,1407.4303004033454,3772745
2023-05-10,1410.921630859375,1417.3056905260655,1391.5201972456787,1415.4603296714108,1297980
2023-05-11,1416.85693359375,1424.1885751677328,1409.5252920197672,1417.4554125815782,915163
2023-05-12,1419.8990478515625,1424.4377462395278,1403.4901323242404,1416.4577028432277,1300969
2023-05-15,1417.804443359375,1426.432890441431,1412.4678131923542,1420.447857334684,1003664
2023-05-16,1424.7869873046875,1434.4129399404821,1417.4553460747045,1426.333169569362,1678746
2023-05-17,1411.869384765625,1426.8319680680038,1401.4953026561461,1426.8319680680038,804968
2023-05-18,1411.9190673828125,1426.432820663013,1408.5276462008726,1418.8018794720397,739262
2023-05-19,1411.5701904296875,1419.1512088525453,1393.5652868961279,1418.5527298286559,754504
2023-05-22,1409.4752197265625,1415.1609521613884,1401.4951760196889,1407.480208799844,591903
2023-05-23,1433.6646728515625,1444.1884037972866,1411.9689298461553,1412.068656035549,1991556
2023-05-24,1422.891845703125,1443.3906349402223,1417.6051389663621,1433.6649551263542,1047736
2023-05-25,1423.7894287109375,1426.0837400312282,1412.4677658169082,1417.5550194338502,688673
2023-05-26,1435.56005859375,1442.692247241683,1427.4303644500449,1427.4303644500449,1023550
2023-05-29,1445.93408203125,1464.83676171064,1440.8966307735918,1445.3354813451817,1659680
2023-05-30,1462.1934814453125,1463.5400895803496,1435.9092346399052,1449.824388311646,1506999
2023-05-31,1447.430419921875,1461.3455730889925,1443.6398502751156,1461.3455730889925,1704213
2023-06-01,1446.53271484375,1455.3606147127996,1440.3980312853205,1451.8693452463879,939379
2023-06-02,1453.614990234375,1463.2409433271243,1444.7870903030475,1456.3581305487648,1129346
2023-06-05,1455.2607421875,1465.834275726617,1452.5674043818717,1465.3355229958493,829929
2023-06-06,1471.4202880859375,1475.2108575618804,1459.4502224976593,1462.8417654341656,1472972
2023-06-07,1477.2059326171875,1479.5001222283802,1468.3281092340103,1479.3006698329057,837622
2023-06-08,1463.7396240234375,1481.295696817745,1459.3505753834079,1479.3006857782598,722068
2023-06-09,1462.841796875,1472.3180990027276,1457.904193420033,1467.3305715670815,499104
2023-06-12,1462.3431396484375,1469.325678514426,1458.3031934553612,1469.325678514426,465964
2023-06-13,1482.4925537109375,1488.2781340375113,1466.3330140986204,1466.3330140986204,1205104
2023-06-14,1476.70703125,1488.178343448942,1465.3354452387591,1486.2830588194356,763762
2023-06-15,1471.0213623046875,1478.3032014093174,1465.9341084343766,1476.258266358263,853566
2023-06-16,1504.8369140625,1511.220974214325,1471.0214500883026,1475.3107728468558,2090874
2023-06-19,1538.1036376953125,1549.4254231268094,1512.8668202810754,1519.1510322012102,3446484
2023-06-20,1517.255859375,1539.3505098051623,1498.4029802033647,1539.3505098051623,1943763
2023-06-21,1515.460205078125,1531.1709164356898,1509.475172180005,1522.0936408933692,799052
2023-06-22,1503.8892822265625,1523.3904428694743,1501.096217951606,1519.200968222855,966522
2023-06-23,1498.2032470703125,1515.9089686323055,1480.2481491482915,1503.739450969256,1237464
2023-06-26,1503.7894287109375,1507.0811237215119,1483.4900948662719,1500.6970643233908,647496
2023-06-27,1519.151123046875,1523.5401720927175,1499.2509347943565,1508.2284853021072,763062
2023-06-28,1515.061279296875,1531.1710182722509,1512.0189604308061,1526.1834905254357,1158136
2023-06-30,1524.99169921875,1533.5747433169429,1516.0094182678542,1518.0054807013867,934639
2023-07-03,1537.0677490234375,1541.4591104473593,1523.5943285047974,1524.9915964801328,1068533
2023-07-04,1626.2919921875,1631.7312140031693,1562.0187525426584,1562.0187525426584,7337423
2023-07-05,1610.52294921875,1638.7672817965677,1604.385154610235,1627.7889382522544,2006206
2023-07-06,1616.7108154296875,1620.8027191107064,1603.8361881840551,1611.8703883254336,937466
2023-07-07,1611.720703125,1623.4475704080628,1602.2394061727364,1608.6766590556992,1456642
2023-07-10,1594.654296875,1618.806603134284,1576.6397850193496,1608.7763408625265,1731894
2023-07-11,1589.2650146484375,1628.787028473337,1584.7738739449264,1594.8539653801424,1500679
2023-07-12,1590.063232421875,1601.9398278685453,1578.136808514029,1592.5084819188244,1281286
2023-07-13,1611.920166015625,1621.800699257095,1591.8597632708102,1591.8597632708102,1136620
2023-07-14,1611.02197265625,1631.7810711000984,1601.0916105885829,1619.9544253177553,1088010
2023-07-17,1607.0797119140625,1618.7566280194533,1599.8439858396164,1616.8105159452143,823296
2023-07-18,1615.1138916015625,1621.8006517104702,1598.845934793953,1615.1637200620905,2077115
2023-07-19,1640.863037109375,1646.551887927944,1610.822322985979,1615.1139057878834,1920501
2023-07-20,1632.5794677734375,1654.9852192355286,1621.800682199749,1647.6497143620363,1159938
2023-07-21,1629.6351318359375,1641.7612346217832,1617.1099140558042,1629.7848608737822,1149031
2023-07-24,1654.2366943359375,1656.7317723062783,1618.8065871570984,1626.790836662189,1455663
2023-07-25,1645.603759765625,1661.6222096470938,1631.831001968739,1661.6222096470938,1378736
2023-07-26,1623.247802734375,1661.6221756195578,1614.8644380862029,1646.1526919602206,2225230
2023-07-27,1611.371337890625,1659.4264431599017,1598.8459974804925,1638.2682302523274,3402069
2023-07-28,1581.729736328125,1626.79086975513,1565.3121716813005,1621.8007137129364,3285744
2023-07-31,1595.1533203125,1599.644460725509,1562.7173062185461,1562.7173062185461,1323373
2023-08-01,1569.2542724609375,1596.7999081530868,1566.559637056805,1595.153254200548,1641917
2023-08-02,1523.99365234375,1569.2543431930708,1520.9995587242142,1568.9050566367878,2170178
2023-08-03,1490.709228515625,1519.9016392017809,1474.890459398694,1519.9016392017809,2785017
2023-08-04,1483.3739013671875,1504.3823861632752,1467.8544666374282,1498.99299302635,2703607
2023-08-07,1505.430419921875,1509.272816016557,1482.0764634052484,1495.0508701555975,1228780
2023-08-08,1512.7657470703125,1517.3068376292338,1489.96075918458,1506.5280522531002,1409271
2023-08-09,1513.6141357421875,1526.738270753986,1502.0369978655,1521.9976224218522,1065831
2023-08-10,1516.40869140625,1526.7382903809576,1502.1367959329923,1509.5722017738096,900666
2023-08-11,1501.0389404296875,1518.8039447066592,1494.701466609694,1515.9594582930563,792201
2023-08-14,1479.1322021484375,1495.000800908818,1464.1617340122432,1493.0546887831056,1549409
2023-08-16,1466.9560546875,1479.0821574699999,1460.119565707564,1479.0821574699999,834135
2023-08-17,1473.9423828125,1477.086205521329,1462.5149740761017,1470.0999869817012,1048714
2023-08-18,1457.2752685546875,1475.3895590454135,1453.1334147441942,1467.1058514244266,1053734
2023-08-21,1475.3896484375,1481.5773934673764,1448.143346528234,1452.1354715358927,1498685
2023-08-22,1464.9102783203125,1491.0586476392893,1461.4669975018703,1482.0763666294142,1557523
2023-08-23,1467.2056884765625,1471.098034643856,1455.179485239778,1471.098034643856,961649
2023-08-24,1465.70849609375,1489.0624489486167,1462.1156083845333,1477.0860753645795,847606
2023-08-25,1500.939208984375,1506.5281595727383,1462.7645139836084,1465.708657415072,3624097
2023-08-28,1496.9471435546875,1511.0193602584677,1484.0725156567646,1510.5203446176954,1066459
2023-08-29,1500.4898681640625,1511.0191454192839,1494.302123830266,1506.8772918237714,1377001
2023-08-30,1498.5438232421875,1515.8596399239786,1496.0487452814114,1507.0270883088267,700372
2023-08-31,1485.96875,1504.8315649593767,1477.2858050415637,1498.09485403317,1542837
2023-09-01,1511.5181884765625,1515.7098706073002,1484.4216181765041,1491.0585497418185,904596
2023-09-04,1507.126953125,1522.9457239336484,1503.0849996957159,1518.005518021195,685689
2023-09-05,1507.47607421875,1516.8077627645837,1503.0348844144544,1509.0230712049502,1298151
2023-09-06,1515.2109375,1519.452570151486,1501.2385005303993,1507.975211212171,712220
2023-09-07,1516.558349609375,1521.7980133779947,1507.1268817278715,1521.7980133779947,647590
2023-09-08,1537.9661865234375,1555.7311918551197,1522.0476365045904,1526.987842557339,2168354
2023-09-11,1546.64892578125,1548.9444463086747,1536.9680717238139,1546.449368270162,841557
2023-09-12,1539.4132080078125,1555.830894690275,1524.6424190358816,1555.830894690275,1444688
2023-09-13,1549.742919921875,1561.9688023098684,1518.0054785418668,1538.964134064141,1193072
2023-09-14,1547.8465576171875,1560.5215046762153,1538.1655822221248,1553.8845730653168,920905
2023-09-15,1535.07177734375,1564.513697992887,1528.285238224311,1545.00226096577,3116428
2023-09-18,1556.8787841796875,1562.2681772419396,1529.8821122344011,1535.0718259506525,1403635
2023-09-20,1550.291748046875,1565.1124870763344,1542.0579906049552,1551.8387451467433,1076887
2023-09-21,1523.1951904296875,1549.1939522924376,1511.0192583480436,1527.4867733828803,1772341
2023-09-22,1540.6607666015625,1547.9464433389558,1521.8978525075659,1524.9917249657797,1321743
2023-09-25,1574.29443359375,1587.8676334990214,1543.6548027657682,1546.6488963550185,2962182
2023-09-26,1564.613525390625,1579.8834520865637,1547.9464524234115,1579.8834520865637,2472382
2023-09-27,1562.6673583984375,1566.908991017434,1551.14004925482,1564.613470515161,964400
2023-09-28,1536.6685791015625,1571.849178654159,1532.0278315181824,1561.9188170159853,831496
2023-09-29,1537.217529296875,1549.8924765863544,1529.033722329964,1544.9522709635205,1109857
2023-10-03,1557.9766845703125,1561.1203854490382,1523.9936728004316,1527.2372742651344,1083086
2023-10-04,1529.53271484375,1552.7867679539818,1518.1551351655796,1551.9384658274025,1614123
2023-10-05,1539.5130615234375,1552.9365323026739,1529.2832418215721,1536.9680332558598,1153064
2023-10-06,1631.4317626953125,1637.469778495186,1547.9963768362882,1556.279962887433,7384628
2023-10-09,1618.3575439453125,1624.7947964646698,1603.4369043810177,1613.9661822915741,1712235
2023-10-10,1629.884765625,1640.7133800266247,1613.8164873035587,1626.7908932002479,1453653
2023-10-11,1633.327880859375,1647.6994315470797,1630.2838372063707,1638.1683074333569,952433
2023-10-12,1631.5814208984375,1639.7152775469806,1619.6548752060116,1633.7770407612384,1052767
2023-10-13,1643.308349609375,1645.7534773598145,1616.8105720575497,1627.788915448064,1212989
2023-10-16,1639.116455078125,1646.152623504505,1627.1900314203342,1640.7632308619561,859548
2023-10-17,1654.3863525390625,1673.4487230502166,1642.3102000457118,1646.651611162209,1689224
2023-10-18,1624.994384765625,1661.7219824183358,1618.8565902224807,1661.7219824183358,1230439
2023-10-19,1631.5316162109375,1639.7154238807952,1594.255172697762,1621.8008113428803,1429935
2023-10-20,1631.8309326171875,1636.521630439895,1611.8203586890872,1624.595206548769,1191783
2023-10-23,1609.97412109375,1648.4481523436834,1602.3391577326393,1623.7968294182524,1093182
2023-10-25,1608.2774658203125,1626.7909948929619,1595.7022959926596,1609.7246842818622,1490405
2023-10-26,1556.9287109375,1605.2334465915576,1548.9444611378206,1586.869647686298,1780025
2023-10-27,1563.3160400390625,1590.1131524330403,1548.2956222851876,1572.4978780181243,2003579
2023-10-30,1558.0264892578125,1568.0068013045989,1524.991680748946,1565.8111813862981,850025
2023-10-31,1566.4599609375,1578.3364350738095,1549.3437010298992,1549.3437010298992,1592788
2023-11-01,1569.7532958984375,1576.8892431050665,1561.9187756072336,1571.7993085217986,770557
2023-11-02,1572.498046875,1589.46457848905,1563.0167497965604,1584.5742008931202,1020303
2023-11-03,1533.125732421875,1590.5125294229574,1524.891974591285,1581.1310112863484,2519096
2023-11-06,1561.320068359375,1562.9168939488818,1536.9680821719526,1543.9543007272796,917415
2023-11-07,1566.70947265625,1604.6346593737437,1546.9484055819833,1598.8460295111854,2532282
2023-11-08,1572.3980712890625,1576.8392611589366,1556.1301148693472,1572.8970868623055,831310
2023-11-09,1579.1348876953125,1585.8715983870131,1565.9109741153075,1571.8991613968192,1108425
2023-11-10,1592.8577880859375,1595.6523241654486,1569.5537840360146,1577.887320152799,672720
2023-11-13,1582.0789794921875,1594.8038770507658,1565.6114650046156,1591.4604969601937,853825
2023-11-15,1583.925537109375,1611.8204616927442,1576.8394178014119,1596.8499930082914,1684967
2023-11-16,1617.459228515625,1624.7947331969256,1536.0199099891945,1557.9765955729367,3213352
2023-11-17,1612.71875,1617.459398522038,1578.4862287825497,1589.9137598968246,1783393
2023-11-20,1590.6622314453125,1613.3674420468485,1583.0272681297881,1608.726572437021,1256179
2023-11-21,1607.2294921875,1613.2675079372007,1590.4625190520042,1590.6621983928924,1714833
2023-11-22,1620.7030029296875,1622.7988442296692,1599.3451093960914,1606.830343917446,807316
2023-11-23,1620.752685546875,1633.6273121310408,1617.0100686229882,1620.7028570858765,695592
2023-11-24,1614.06591796875,1625.7428339857058,1608.8262542993507,1621.2516936976494,625345
2023-11-28,1651.142822265625,1653.7376789891716,1614.315447051892,1614.315447051892,1564478
2023-11-29,1650.24462890625,1661.7219879824047,1645.7534883981896,1656.7318318623375,746796
2023-11-30,1670.205322265625,1676.5927467287245,1641.3123658708862,1649.7456813295955,1577522
2023-12-01,1682.630615234375,1685.3752009729246,1666.6621163919053,1676.6923784593228,1101136
2023-12-04,1692.910400390625,1711.3240270527128,1682.5808019745762,1696.653017340641,1419178
2023-12-05,1689.3673095703125,1710.0266278486952,1669.9556520820752,1692.96031923958,1778602
2023-12-06,1697.0023193359375,1706.6333447409688,1689.5670356595551,1697.651063979174,737176
2023-12-07,1700.6951904296875,1720.605865019702,1686.672802716529,1697.0024017281155,941890
2023-12-08,1706.7830810546875,1711.174442700706,1689.1678060086017,1701.6431960086652,1376050
2023-12-11,1699.447509765625,1713.6195035205255,1694.9064192508633,1696.802702822851,1003371
2023-12-12,1703.3897705078125,1716.3641762594466,1697.1520754349115,1701.44365837706,1390539
2023-12-13,1681.2335205078125,1706.1343504204472,1664.915612789733,1704.6373036081447,1168629
2023-12-14,1727.5421142578125,1730.4863794935425,1694.6570338581075,1696.6530963243713,2130836
2023-12-15,1729.7379150390625,1737.572436120247,1715.3662404260049,1735.5264232905797,1486079
2023-12-18,1721.20458984375,1735.1271982358508,1715.1665741582706,1729.2387897669685,696124
2023-12-19,1706.3837890625,1723.1507614127097,1693.4593341721134,1721.6037643707048,1214352
2023-12-20,1677.590576171875,1737.5722236266508,1668.7080746144516,1712.3219869235218,1540009
2023-12-21,1663.568359375,1678.488999612763,1656.981377512068,1659.7259634407885,988034
2023-12-22,1668.7581787109375,1686.672790684737,1660.324741659523,1665.7141347058143,1279614
2023-12-26,1642.0606689453125,1680.6844249919388,1633.8269121126618,1671.7021448108655,1296291
2023-12-27,1666.1630859375,1670.7541267777308,1650.5439956105456,1653.7376466185547,1181177
2023-12-28,1677.8900146484375,1695.455461336486,1663.9175777656596,1670.7541889901465,1360425
2023-12-29,1682.4810791015625,1689.367397054322,1671.3030563416087,1679.1375770511852,738203
2024-01-01,1673.0994873046875,1688.3692911948672,1667.7100945899274,1682.481004722236,692280
2024-01-02,1682.880126953125,1686.5229651260536,1660.1749176085416,1672.6004788973005,1099965
2024-01-03,1674.3470458984375,1704.6372680698657,1672.7002700732407,1676.6923948228189,804258
2024-01-04,1698.59912109375,1720.555807092849,1686.6726972035035,1691.0141084782388,2268009
2024-01-05,1706.1343994140625,1713.71941244821,1694.3077536232554,1699.5972460806283,835592
2024-01-08,1693.01025390625,1720.2565552375493,1686.8723374711788,1712.5716416628316,684254
2024-01-09,1679.137451171875,1711.6234136735875,1671.0035948041107,1707.082323231852,1235008
2024-01-10,1668.5584716796875,1681.682606595674,1655.3845083006643,1681.682606595674,607010
2024-01-11,1665.9635009765625,1699.2977658293732,1656.8814418566287,1675.6943047114862,861924
2024-01-12,1648.647705078125,1671.6522503229048,1638.7671721831327,1666.9615525815332,1314964
2024-01-15,1629.1861572265625,1660.8736478650842,1626.8408082697074,1651.7416380079865,1089891
2024-01-16,1620.3037109375,1643.058871840344,1616.8106016130275,1630.7830389109179,1063676
2024-01-17,1583.027099609375,1618.8064912175794,1574.9430718305714,1611.7703230262293,1488186
2024-01-18,1578.0369873046875,1602.189292557529,1555.9305728244767,1582.8774140472226,1133236
2024-01-19,1597.348876953125,1603.1873348927693,1577.8872692676605,1587.8176306110738,1139473
2024-01-23,1579.3843994140625,1612.0699217400092,1571.8991652936168,1594.3049173621582,3028946
2024-01-24,1617.6588134765625,1619.654875836241,1575.2424883333915,1591.5602737577688,1393463
2024-01-25,1626.9405517578125,1631.7809786127782,1610.52286575574,1618.5570654833475,1744604
2024-01-29,1633.7271728515625,1638.3680424360225,1615.3135453941693,1626.7909045366055,940220
2024-01-30,1587.4185791015625,1625.7928301355064,1581.879457191392,1625.7928301355064,4851835
2024-01-31,1624.09619140625,1628.7868892302527,1581.8794236703127,1590.8617043094503,1486444
2024-02-01,1619.0560302734375,1628.7868339690247,1609.8242421519833,1628.7868339690247,1352416
2024-02-02,1648.24853515625,1660.7239252194975,1623.4973125387746,1631.7810202727635,1514648
2024-02-05,1611.720703125,1656.6321097409855,1605.383229001853,1646.7515759194712,2578535
2024-02-06,1593.90576171875,1623.5971896398269,1575.4920131537415,1623.5971896398269,2376798
2024-02-07,1593.057373046875,1620.5531816899113,1586.2708338982181,1605.832221301966,1477982
2024-02-08,1567.4580078125,1604.7842786077913,1561.918885715827,1604.7842786077913,1486674
2024-02-09,1567.8570556640625,1584.1749631518378,1559.6232983126079,1583.1269816660244,1049368
2024-02-12,1554.1842041015625,1576.1908424629946,1548.445524266222,1575.6418765293574,803753
2024-02-13,1564.9129638671875,1583.3265912725342,1549.1440217492873,1556.9287140515385,1833289
2024-02-14,1576.58984375,1579.8833954541963,1551.9385217506476,1556.9286777691384,763689
2024-02-15,1566.3101806640625,1586.8695989001694,1561.4697537378158,1586.8196486084637,803588
2024-02-16,1572.79736328125,1581.879422666843,1563.96481169103,1579.9831390560103,850341
2024-02-19,1616.9603271484375,1621.800754264399,1568.9050988945448,1572.8972238281187,1162373
2024-02-20,1599.6943359375,1615.8125647012268,1594.3548932119888,1614.7645831755726,1232581
2024-02-21,1583.8255615234375,1615.4132733178872,1577.4880877797755,1600.8420421876613,674394
2024-02-22,1589.41455078125,1595.8518029429326,1562.7670460769016,1595.8518029429326,1149519
2024-02-23,1613.367431640625,1617.7088431198868,1592.8578411568933,1592.8578411568933,1199419
2024-02-26,1611.121826171875,1626.1920730313896,1606.8302432498363,1612.818430491761,742382
2024-02-27,1597.44873046875,1620.253719252806,1591.8597800583657,1611.1218311446696,931236
2024-02-28,1581.3804931640625,1606.5308315748482,1576.889352602852,1599.8440710268173,790763
2024-02-29,1590.6622314453125,1600.4428644525988,1565.2622634106583,1581.8295575495183,1352363
2024-03-01,1610.2236328125,1617.1100727594323,1592.0593910807374,1594.8039770006753,740120
2024-03-04,1616.1119384765625,1621.8006674704677,1600.143439596853,1612.8183868506312,589948
2024-03-05,1547.447509765625,1633.3779791699076,1538.1159416025625,1626.790997044804,2343463
2024-03-06,1551.5391845703125,1554.9325148094472,1527.7861165563163,1554.9325148094472,1239370
2024-03-07,1579.683837890625,1586.520327269724,1554.0843131506595,1554.0843131506595,1380840
2024-03-11,1595.65234375,1612.9681608391966,1579.8834019348924,1594.3548544478776,1285565
2024-03-12,1590.41259765625,1608.8262237557071,1562.0684884548566,1586.9693170694577,1587096
2024-03-13,1570.0528564453125,1595.8019891240415,1558.9247838463534,1589.1651788975178,1279653
2024-03-14,1560.621337890625,1576.8892951740968,1547.0481379437301,1562.517621535628,1289823
2024-03-15,1568.3560791015625,1586.4703697313143,1544.4532806149898,1544.4532806149898,1929597
2024-03-18,1573.9451904296875,1576.0410316339423,1557.9267405536289,1567.857102499732,645594
2024-03-19,1578.3863525390625,1586.8696177914064,1548.0461795058595,1570.9510687851769,1385006
2024-03-20,1581.5799560546875,1590.3626791364752,1563.0166005449764,1579.3843361992294,723724
2024-03-21,1599.44482421875,1606.281313775632,1588.865717550803,1592.8578424692723,1166497
2024-03-22,1584.4244384765625,1606.8301895932477,1580.2825847398765,1589.8636596410208,1570412
2024-03-26,1590.761962890625,1615.81252178391,1585.8715856174385,1585.8715856174385,1616192
2024-03-27,1579.5341796875,1606.73053120711,1575.0928675340122,1586.8696849974342,1205575
2024-03-28,1640.6136474609375,1665.7141577876048,1584.8736264629817,1584.8736264629817,5210310
2024-04-01,1642.7593994140625,1670.704273766185,1637.1204986162982,1655.783755656599,767676
2024-04-02,1653.2886962890625,1659.6261702853167,1622.4993351281528,1647.6497954275192,1605925
2024-04-03,1637.1204833984375,1651.59193605341,1631.781040750358,1650.74363388446,1055536
2024-04-04,1652.5401611328125,1659.2269216489678,1626.7909066392888,1646.75153126063,1328509
2024-04-05,1674.646484375,1678.1895440385063,1648.697671918859,1655.2348253273044,2364243
2024-04-08,1685.8245849609375,1698.6492627253863,1681.5330016638884,1686.6728871950077,1345380
2024-04-09,1707.0325927734375,1711.623511938004,1683.928146074284,1691.6129375999726,1284145
2024-04-10,1700.7449951171875,1718.609778504808,1692.660966518092,1713.6196223535164,1031729
2024-04-12,1695.3057861328125,1702.8408488787795,1686.2237262365554,1696.6531039375895,1312132
2024-04-15,1653.587890625,1688.6687100007625,1650.943083704926,1668.7080869511083,828843
2024-04-16,1615.3133544921875,1645.4538453373784,1608.1774076766296,1636.7710233964704,1528544
2024-04-18,1590.761962890625,1626.890643799508,1586.1710437110958,1621.8007090172043,1325537
2024-04-19,1615.8125,1625.5433041229155,1565.6114823056857,1583.8755018529957,1242066
2024-04-22,1626.241943359375,1644.7554714575936,1614.315518860836,1623.7968155713013,703167
2024-04-23,1617.9083251953125,1648.747513093135,1612.8183905317833,1625.3935590622607,1297705
2024-04-24,1627.14013671875,1645.603713852536,1614.8644261007614,1621.8006941838944,578310
2024-04-25,1652.2906494140625,1668.7082143942614,1612.4691790227482,1626.7909027886637,1569437
2024-04-26,1594.2052001953125,1645.8034891569664,1575.3423851170676,1645.8034891569664,5325417
2024-04-29,1592.508544921875,1599.844050042975,1584.2248370411876,1599.844050042975,1132800
2024-04-30,1611.8204345703125,1630.7330776247632,1588.1671431788905,1592.8578412224265,1748360
2024-05-02,1612.26953125,1631.78109088524,1607.8283409272917,1611.8204659202831,1304846
2024-05-03,1624.09619140625,1721.603789168006,1614.8144526804833,1646.9510080129614,5227529
2024-05-06,1608.177490234375,1634.6752663456684,1603.886029331193,1634.6752663456684,725360
2024-05-07,1611.97021484375,1621.8007983941725,1589.8637980565643,1617.8086733519715,1348125
2024-05-08,1599.8939208984375,1616.8105005518503,1595.602338121772,1597.8479082614272,802342
2024-05-09,1561.51953125,1609.9240425930755,1556.5293754414354,1603.5366187921177,1364729
2024-05-10,1569.6036376953125,1581.0311681657138,1552.93656519418,1556.9286900404375,768117
2024-05-13,1577.438232421875,1583.8754848096203,1553.235976274028,1570.9010794520116,466042
2024-05-14,1573.3463134765625,1586.7699068712368,1565.9609796992543,1572.2485034688534,652248
2024-05-15,1565.9609375,1586.5203563057448,1563.5156879082836,1576.8893306481314,581805
2024-05-16,1592.8577880859375,1597.8479440636504,1557.3777303524073,1571.9490832713127,1212568
2024-05-17,1581.6300048828125,1594.8539187901779,1576.9393067948354,1591.8598250753028,699522
2024-05-21,1579.434326171875,1592.1592239870204,1568.9050482673506,1584.3745318857627,903561
2024-05-22,1580.8314208984375,1586.8695582009411,1571.8990906707436,1579.434274726267,578669
2024-05-23,1605.283203125,1610.0738015221432,1578.136803754464,1583.975261792872,1547483
2024-05-24,1598.5465087890625,1616.8105283037446,1593.9057612181,1605.832185210324,566278
2024-05-27,1592.6583251953125,1609.6746849922315,1587.1691532937282,1601.840164007786,1365230
2024-05-28,1596.500732421875,1601.8401753069004,1586.3207404527727,1599.7941624880646,1306333
2024-05-29,1566.80908203125,1599.1951431923997,1562.018483915993,1591.011336727971,1665575
2024-05-30,1521.099365234375,1572.0987364517252,1514.013367904838,1563.665421334809,2285079
2024-05-31,1525.590576171875,1548.994482570021,1515.909721577155,1526.9878443169864,2794001
2024-06-03,1572.6976318359375,1579.8834078268462,1553.3856304291537,1576.889314192304,1826290
2024-06-04,1474.3916015625,1566.1105751775906,1416.2562817544874,1552.9366115239063,4388491
2024-06-05,1514.7120361328125,1524.9918071248785,1470.0003075559416,1487.0666182042337,1456768
2024-06-06,1523.44482421875,1538.4652439670976,1507.8257318883325,1518.5046180317477,2891789
2024-06-07,1564.613525390625,1576.8893583681431,1527.5367623081722,1535.9201272557616,2787254
2024-06-10,1562.7174072265625,1585.8716838982418,1556.2800324538407,1582.927540391408,1154334
2024-06-11,1565.1624755859375,1574.2944857014074,1554.9326554840686,1569.903123925828,1184425
2024-06-12,1575.9910888671875,1590.6122707335744,1558.9247792224899,1564.9129665946634,1799090
2024-06-13,1586.969482421875,1592.4088258877653,1577.8874223203738,1583.8256595863586,1095701
2024-06-14,1588.6162109375,1592.857843666562,1572.2484743934758,1586.9694350413968,681385
2024-06-18,1594.803955078125,1601.7403452238832,1581.8794993829833,1595.851936601508,1282756
2024-06-19,1591.760009765625,1596.8499445980347,1579.3843983289937,1596.8499445980347,1269273
2024-06-20,1582.87744140625,1591.859721969085,1570.0028149001912,1589.3646440349642,1649421
2024-06-21,1576.78564453125,1608.6928100086732,1568.3968689881494,1583.8761122032506,3345305
2024-06-24,1585.52392578125,1587.720930892528,1558.9095896987467,1567.9475191704994,822750
2024-06-25,1601.202880859375,1608.5929956756343,1568.896226109838,1585.5239539697102,3093861
2024-06-26,1598.1070556640625,1614.335294785788,1591.6157600153724,1604.84801653001,1310438
2024-06-27,1600.9532470703125,1612.5376890034836,1592.9141000564855,1598.107087917506,2620064
2024-06-28,1586.023193359375,1619.8278374727374,1580.9799074947673,1600.9531237398073,2058302
2024-07-01,1578.0838623046875,1588.8194666863956,1575.8868571474482,1586.0731492864236,2444681
2024-07-02,1577.634521484375,1582.8774910920934,1559.0094717346353,1578.0838701165842,2572175
2024-07-03,1592.0152587890625,1595.36074834005,1571.4927290382882,1580.8801656477615,892102
2024-07-04,1583.576416015625,1607.8439227427384,1578.6830755153571,1607.8439227427384,1450706
2024-07-05,1577.4847412109375,1588.5698528754494,1567.9974626131109,1584.8748562895616,1070592
2024-07-08,1567.997314453125,1577.4845921544993,1559.9081862680575,1577.4845921544993,1000005
2024-07-09,1579.4820556640625,1581.779024497682,1564.9016308998432,1575.5872537711998,1233946
2024-07-10,1580.4307861328125,1586.8720998900824,1568.646539271458,1581.7789539067944,1355610
2024-07-11,1585.7236328125,1593.8627432574958,1573.889525923442,1581.8788128570634,1848978
2024-07-12,1595.111083984375,1602.7008822596229,1583.0273117677093,1602.7008822596229,1003699
2024-07-15,1600.0543212890625,1602.8506203552215,1585.8733863701507,1594.8613337740117,1753186
2024-07-16,1607.3946533203125,1612.837306303304,1596.2595602297908,1602.8506975955438,980434
2024-07-18,1649.038818359375,1651.7851358464231,1590.9168024871315,1603.849412436128,2999670
2024-07-19,1638.053466796875,1657.7770186756973,1632.8104973100994,1649.7877318387061,1865129
2024-07-22,1628.9656982421875,1649.5880695353828,1620.87656959761,1622.8239095263036,784867
2024-07-23,1616.68212890625,1645.7431359117727,1597.3080836002864,1632.8105263769075,2718846
2024-07-24,1577.1351318359375,1609.7414326488038,1559.9082323430328,1598.4565163921645,3675430
2024-07-25,1569.8448486328125,1580.530592696559,1555.9135787666685,1563.5033767207476,1694503
2024-07-26,1584.325439453125,1590.6170515022932,1566.948838377976,1575.8868041253295,2768936
2024-07-29,1614.9844970703125,1622.8239607454673,1580.380872541355,1586.0233310016242,2217892
2024-07-30,1640.4503173828125,1667.6638263374218,1593.0637855269172,1611.8386588161381,3703774
2024-07-31,1649.438232421875,1654.0320479926672,1635.4569803935597,1648.689236777501,1324150
2024-08-01,1632.61083984375,1656.7783841469288,1627.8172189026486,1652.7837406649592,747329
2024-08-02,1621.2760009765625,1626.8186177740756,1600.8534341877491,1617.830669609578,1105569
2024-08-05,1565.6005859375,1602.8506848847874,1559.908267781955,1587.8707719419388,2058076
2024-08-06,1562.00537109375,1595.8599974229514,1555.014745322811,1573.0406219663253,1897942
2024-08-07,1569.295654296875,1582.6777338143431,1561.55603285622,1581.9785980885026,1443063
2024-08-08,1537.9876708984375,1574.338827842456,1530.497714620383,1560.357576123421,1683534
2024-08-09,1558.110595703125,1560.4575462054563,1543.43033009998,1557.8110705948645,1014828
2024-08-12,1556.912353515625,1568.7464608784246,1546.0269252514327,1554.9150317022631,1125254
2024-08-13,1541.283203125,1566.8988783862974,1534.9917128950879,1551.9189655910175,1817066
2024-08-14,1527.102294921875,1544.3790548421182,1524.7554662569305,1542.9310453422372,1173504
2024-08-16,1547.824462890625,1550.370974892787,1521.2101270786666,1536.939035335019,1841887
2024-08-19,1549.0228271484375,1561.8057348497223,1542.98100212237,1561.8057348497223,940893
2024-08-20,1599.95458984375,1622.7241069320196,1549.4223731167049,1552.8677044295396,3149863
2024-08-21,1618.779296875,1626.6188822707104,1597.8074184960294,1597.857400302527,1966030
2024-08-22,1623.52294921875,1627.8172397796802,1611.8886474537771,1622.6242519492566,1325535
2024-08-23,1637.7039794921875,1642.7471437243294,1621.0262698761312,1625.7200490931816,1114056
2024-08-26,1683.94189453125,1685.7395328432278,1636.5554854542888,1646.7917592763522,2446507
2024-08-27,1716.697998046875,1726.6846065288232,1649.787721217823,1683.9418734633487,4205533
2024-08-28,1711.205322265625,1732.6765299859114,1697.773382942879,1725.6859042165158,1444329
2024-08-29,1753.2989501953125,1769.627030753458,1709.2580309783584,1713.7020230095566,5508206
2024-08-30,1780.662353515625,1791.0983110817426,1747.706544056078,1767.5797982955999,3865499
2024-09-02,1838.0853271484375,1859.5065542116063,1785.4059658516264,1793.9944250181734,5442576
2024-09-03,1863.1016845703125,1868.4444958144218,1809.523504804479,1847.5225994643067,4429269
2024-09-04,1869.393310546875,1877.1827922038212,1830.595360053769,1837.7356877625916,2634954
2024-09-05,1862.4525146484375,1872.1894579945106,1847.5225836138627,1865.4984790219976,1441842
2024-09-06,1854.6629638671875,1895.4582339305312,1833.541263169892,1861.5037660940516,2970645
2024-09-09,1857.95849609375,1871.240733921815,1836.587251814858,1857.5091474820952,1576721
2024-09-10,1822.0567626953125,1872.2894533673814,1812.819149620535,1872.2894533673814,2155688
2024-09-11,1830.6951904296875,1851.3175616887793,1811.8204756856571,1826.550723455459,1492450
2024-09-12,1852.3660888671875,1857.5092167249725,1814.3671159379687,1848.2216218786098,2040386
2024-09-13,1891.9130859375,1904.346487238603,1844.0273447301283,1872.2894968537462,3078216
2024-09-16,1855.1124267578125,1918.4275509465804,1835.5886796931716,1899.4529942219656,3180768
2024-09-17,1846.2242431640625,1874.3365701460361,1836.0879331799028,1856.510498562189,1920113
2024-09-18,1885.67138671875,1894.4596510477604,1840.7316480275801,1846.2242827565008,2960854
2024-09-19,1887.8685302734375,1899.4529719671575,1873.4877893850617,1887.4690415446516,1821882
2024-09-20,1914.233154296875,1921.922794031954,1881.826536769119,1889.566158309128,4225587
2024-09-23,1917.37890625,1931.410140365445,1912.0360949276696,1927.2656733354115,1118846
2024-09-24,1902.0994873046875,1921.0240623953584,1895.8078749389683,1917.4289075750248,1461016
2024-09-25,1925.91748046875,1936.2037361533585,1893.5109841232631,1902.448950113025,901659
2024-09-26,1980.144775390625,1985.5874282418292,1927.565257436048,1937.402042393637,2541200
2024-09-27,2008.00732421875,2027.1816857008694,1963.6668799625668,1974.2026787958596,3718693
2024-09-30,1970.7574462890625,2016.246377182602,1965.6643000756571,2008.0074247498776,1859917
2024-10-01,1972.6048583984375,2004.4121823223418,1966.4132098458626,1970.3578714694936,1326900
2024-10-03,1910.8377685546875,1967.4119322730583,1893.960375156631,1958.3740024688393,1702709
2024-10-04,1882.0263671875,1932.408758670195,1862.7521638809208,1910.7378668318247,2423416
2024-10-07,1876.783447265625,1899.0535118252444,1866.2975079880853,1882.0264169043949,1423722
2024-10-08,1835.6884765625,1891.4136791748383,1830.6451904777193,1870.6914664159456,1423384
2024-10-09,1864.4498291015625,1878.680746244264,1833.0919758704874,1846.5239155687564,1411255
2024-10-10,1873.1881103515625,1885.3218640783693,1857.5091837461198,1872.2894131107075,1209065
2024-10-11,1873.8873291015625,1881.2774441112251,1852.6158032600874,1873.437858554382,516757
2024-10-14,1864.699462890625,1882.5755162236828,1860.055787531999,1882.5755162236828,809881
2024-10-15,1851.46728515625,1893.2113586002436,1839.5333364323612,1871.0909957813194,2072690
2024-10-16,1859.5565185546875,1868.4944845631096,1844.776288941317,1852.5159106705335,850008
2024-10-17,1813.368408203125,1866.9464649259046,1806.67730740826,1865.4984554657153,1115879
2024-10-18,1817.462890625,1830.8449702883422,1790.5988895954897,1812.5694281181338,990257
2024-10-21,1756.0452880859375,1821.457574694587,1751.6011740959002,1819.5600946711354,1663903
2024-10-22,1720.293212890625,1768.5784422083739,1713.851898957204,1756.1951447830945,3142294
2024-10-23,1737.3702392578125,1777.1169900169962,1725.2366074049744,1725.2366074049744,2585058
2024-10-24,1739.7669677734375,1761.637663831626,1716.348420608252,1737.71978626286,1502718
2024-10-25,1705.1136474609375,1749.5540575739988,1695.826052315019,1739.7671319773717,875973
2024-10-28,1728.1326904296875,1735.5228054060028,1699.6708550302342,1708.4591196356112,653158
2024-10-29,1764.3341064453125,1773.122370845018,1700.7194579268182,1722.8398205307817,1561586
2024-10-30,1750.1031494140625,1775.069670544149,1737.86955406032,1764.3340664582117,826677
2024-10-31,1748.405517578125,1752.6498262742307,1722.7399819902944,1742.8629009887081,869480
2024-11-01,1752.35009765625,1769.7768021646955,1743.9614442670807,1759.6403704281374,134827
2024-11-04,1710.2066650390625,1755.6457326357208,1691.7814215565597,1752.3501031461947,1294236
2024-11-05,1733.32568359375,1741.964124102901,1683.74214929973,1711.8044940733578,1646381
2024-11-06,1746.358154296875,1757.3434234875056,1729.780408808746,1729.780408808746,926170
2024-11-07,1727.3836669921875,1754.6471576466463,1702.7667739451024,1742.6632271447909,855044
2024-11-08,1737.4202880859375,1741.1652664335863,1714.7007527768671,1736.6712924164076,869560
2024-11-11,1715.150146484375,1749.6039481880784,1710.7561359664846,1725.2367192912295,696798
2024-11-12,1689.4844970703125,1730.6292754270062,1686.4885145130725,1722.689970413057,903492
2024-11-13,1662.2210693359375,1693.6788873659823,1655.2304431070386,1687.7369038341571,668302
2024-11-14,1637.6041259765625,1671.308929980689,1631.362495605428,1662.7703308702398,744472
2024-11-18,1613.8359375,1639.75113785739,1607.8439723855197,1631.8118328434405,1618700
2024-11-19,1594.2122802734375,1623.772618104479,1578.4335114257854,1620.7766354478158,2569730
2024-11-21,1567.1485595703125,1593.8627376608054,1563.1539161175285,1593.8627376608054,984265
2024-11-22,1598.706298828125,1603.8494269134828,1559.958328532482,1567.8476522228282,2082813
2024-11-25,1602.7508544921875,1636.605482363342,1597.8573918482832,1615.8332875065764,2191916
2024-11-26,1592.2650146484375,1612.737563758118,1579.8815947080407,1612.737563758118,2483861
2024-11-27,1597.9073486328125,1606.4458257926906,1586.872097430424,1593.8127416048433,1335825
2024-11-28,1572.94091796875,1607.8940498834259,1565.5508028397057,1602.8507635158544,3458405
2024-11-29,1577.8341064453125,1585.8233929680914,1572.8408023685759,1579.7815681793427,1998058
2024-12-02,1594.511962890625,1601.65241276308,1564.9016425916782,1585.873521656404,1423549
2024-12-03,1604.9478759765625,1607.7441752034922,1592.9140855158455,1594.9612671758784,1045367
2024-12-04,1625.919677734375,1630.0641445724596,1603.9491394096121,1616.8318885359547,2271608
2024-12-05,1641.8983154296875,1651.8849241506355,1603.3000483418548,1634.5581824011597,1706032
2024-12-06,1633.01025390625,1647.7405021721304,1622.873943303004,1637.8038749860216,1049225
2024-12-09,1634.8577880859375,1645.3437269777817,1617.031594444329,1639.8011105150701,859106
2024-12-10,1661.1724853515625,1670.7596051479707,1634.9076561851246,1642.5474360831588,1673974
2024-12-11,1684.2415771484375,1688.0863971619817,1646.7917940810992,1664.8675316602319,2131913
2024-12-12,1677.05126953125,1688.2362226577554,1672.3574902371918,1682.7435878014303,1137744
2024-12-13,1677.4505615234375,1681.3453631746252,1632.81047080901,1664.867459340773,1389802
2024-12-16,1671.40869140625,1681.694824619723,1658.1764356549998,1672.7568591202928,797240
2024-12-17,1640.9495849609375,1671.408740605691,1630.8631348501085,1670.7595866777954,1045630
2024-12-18,1628.5662841796875,1645.1940127656208,1620.4271733558435,1639.801219453041,952592
2024-12-19,1587.42138671875,1621.975027395592,1580.9300912598376,1614.63489460419,1681562
2024-12-20,1567.5479736328125,1601.4524595606686,1562.9041764587719,1587.4213482451894,1806341
2024-12-23,1561.306396484375,1592.6143897347254,1558.4602374446781,1580.8801247531403,1017438
2024-12-24,1562.4549560546875,1570.7437683604035,1549.5722060946748,1561.0068246091034,810638
2024-12-26,1557.2120361328125,1572.7911222516493,1552.368433099254,1552.368433099254,760870
2024-12-27,1577.1851806640625,1583.8761598147914,1559.0094794565064,1565.8502821209956,1174865
2024-12-30,1574.5885009765625,1585.7235937473472,1558.360262292435,1577.8841305182293,1307371
2024-12-31,1566.0,1573.839463018284,1557.9108717779054,1567.8474981268307,1041557
2025-01-01,1574.2889404296875,1581.928720081145,1562.9041827046565,1562.9041827046565,464064
2025-01-02,1698.3726806640625,1715.5995811555667,1574.28906408033,1579.182526862185,8022190
2025-01-03,1698.822021484375,1717.6967367521488,1689.7342317352534,1697.7235188829377,1563600
2025-01-06,1682.3441162109375,1730.6293460131355,1672.7569960181136,1712.7034317439193,1837772
2025-01-07,1680.49658203125,1701.3686186333605,1671.9579828145722,1689.7341950954537,1242573
2025-01-08,1694.7274169921875,1706.7113468707416,1666.315565334518,1678.7488438207822,1437122
2025-01-09,1688.0364990234375,1698.2227910242682,1672.7569391153481,1694.7274780171615,1036731
2025-01-10,1698.9718017578125,1715.8990547084002,1677.750258311903,1679.7475800479885,1467079
2025-01-13,1671.9080810546875,1697.723439563147,1664.368142898597,1687.3373423750395,1177882
2025-01-14,1711.205322265625,1727.6832258649147,1681.7448279517434,1686.7381320727404,2084348
2025-01-15,1669.411376953125,1728.1325597724233,1647.7903459117636,1718.7951055269575,2098490
2025-01-16,1695.0770263671875,1703.6654855846268,1676.951306948798,1677.7502844184023,1105433
2025-01-17,1678.3992919921875,1696.1255211297782,1668.7122091221916,1683.841944570291,905680
2025-01-20,1732.8763427734375,1735.6726420527173,1672.157833272664,1684.0419223493313,1674215
2025-01-21,1714.70068359375,1748.6551525758045,1708.7087184792697,1742.6631874613242,2008953
2025-01-22,1740.965576171875,1744.5107491829338,1708.2094502571717,1717.6967287005762,1369310
2025-01-23,1743.8116455078125,1763.6350387477025,1728.1325972174234,1740.216490874746,1888122
2025-01-24,1726.385009765625,1752.5499978940807,1722.690013282482,1748.6551960913773,747930
2025-01-27,1709.307861328125,1730.3297206740492,1699.720741690557,1712.553509042869,1017680
2025-01-28,1766.5810546875,1785.6555743706938,1712.7033508110212,1730.629264233158,2439528
2025-01-29,1788.00244140625,1802.532883883073,1764.8834179441585,1774.5703795953739,1880079
2025-01-30,1742.8629150390625,1853.514589053485,1738.668588115365,1822.5561018440787,5190089
2025-01-31,1733.7750244140625,1751.351430456518,1695.9257549723027,1711.3051559745156,1917476
2025-02-01,1751.651123046875,1777.616305030466,1614.8345872102605,1744.6604971282159,2887325
2025-02-03,1792.4464111328125,1802.582843191964,1731.0287685531416,1732.6765833451843,2918355
2025-02-04,1810.82177734375,1816.464235499828,1770.425994922946,1797.5895211464222,2285643
2025-02-05,1794.3438720703125,1824.1040139944212,1777.616302927595,1808.5747891021767,1286850
2025-02-06,1785.6055908203125,1810.5221301397721,1777.0669918330157,1805.5788077198686,1119866
2025-02-07,1795.9417724609375,1819.5601266976298,1781.9605201152915,1798.588248179161,1748940
2025-02-10,1789.999755859375,1804.5301982770882,1772.4233490456909,1802.4830166513161,908769
2025-02-11,1742.5133056640625,1792.8958171270995,1739.6671467112585,1789.9996763706097,1944713
2025-02-12,1786.3045654296875,1798.4383188111324,1724.9369066159013,1746.657779517274,1888823
2025-02-13,1846.7735595703125,1851.017868143071,1794.244023733539,1801.5341747261728,4070038
2025-02-14,1838.8343505859375,1865.0990589211917,1822.5561292713505,1851.017964714766,1823774
2025-02-17,1892.3125,1896.207301722629,1827.9987164449976,1838.8342842660297,3022597
2025-02-18,1891.1640625,1911.2372437432678,1878.2814346543569,1889.4663877642186,2116513
2025-02-19,1872.838623046875,1896.6566602226362,1865.5484718988616,1888.5176717233476,768994
2025-02-20,1878.730712890625,1884.9723431660093,1858.5578126033201,1865.348633198833,1012144
2025-02-21,1876.833251953125,1890.764644013274,1863.9006426540152,1869.6928024642505,852037
2025-02-24,1855.312255859375,1887.3692461447092,1850.5186348100262,1865.4985482056823,1076484
2025-02-25,1872.5889892578125,1893.461026003887,1855.312229200513,1855.312229200513,1761019
2025-02-27,1922.971435546875,1936.2036917203786,1878.481046215868,1879.6295305670121,2878330
2025-02-28,1869.7928466796875,1917.4289227156657,1860.055902931522,1908.4909564480374,1797567
2025-03-03,1836.0880126953125,1882.176114857355,1816.2644966693535,1882.176114857355,1046987
2025-03-04,1787.902587890625,1831.044688315356,1782.8593017807414,1827.2997100872772,1443339
2025-03-05,1799.38720703125,1806.3778331317492,1730.6792903093192,1784.6069773703136,2143253
2025-03-06,1842.9786376953125,1850.51857596075,1781.7108182368581,1816.364423267547,2176883
2025-03-07,1842.8289794921875,1863.0518624094755,1834.0407149431708,1842.6791559780977,1332323
2025-03-10,1837.885498046875,1886.2207082817645,1832.542686801873,1842.2796302331092,1703046
2025-03-11,1802.982421875,1834.390258567658,1785.855362976617,1827.5494557512702,2298735
2025-03-12,1817.013427734375,1821.9068902617962,1797.5895230398203,1811.5707748856855,1196955
2025-03-13,1805.029541015625,1837.536001102209,1800.7353724180255,1825.552070660238,1333932
2025-03-17,1869.0936279296875,1878.3812226245107,1794.743376193088,1817.5627523007704,6994837
2025-03-18,1869.0936279296875,1869.0936279296875,1869.0936279296875,1869.0936279296875,0
2025-03-19,1839.782958984375,1861.9033212902943,1837.5359720620165,1852.5158848777396,2411880
2025-03-20,1849.3699951171875,1852.5158010475036,1811.670549570264,1839.7828757303307,2306910
2025-03-21,1844.7762451171875,1877.4823877765937,1822.5560413256826,1875.4850660874695,3537391
2025-03-24,1891.613525390625,1896.157359238885,1843.0286493216386,1852.8654345830862,1864839
2025-03-25,1942.4454345703125,1951.7828896148192,1892.362565995606,1902.4490167159852,3512725
2025-03-26,1940.7974853515625,1975.3511257584876,1932.408709981129,1948.3872832936345,2779682
2025-03-27,2003.0640869140625,2008.8063870510466,1930.0120181813215,1937.402133173766,4506778
2025-03-28,2004.661865234375,2019.2922713044732,1991.5294504634642,1993.0774235686954,1907116
2025-04-01,1934.505859375,1999.3189712871035,1929.9120439622018,1995.3243279878286,2125921
2025-04-02,1928.3641357421875,1960.8705954454645,1918.3775271583042,1943.6936774439228,1057344
2025-04-03,1917.878173828125,1947.3886506038587,1902.3989307079405,1912.4355209776356,1598430
2025-04-04,1909.7391357421875,1927.365401697963,1894.4595764263038,1909.439488733312,2120708
2025-04-07,1850.1690673828125,1891.4636695785684,1821.0580789210767,1832.5426788155612,2594074
2025-04-08,1900.6513671875,1931.4101715257261,1871.190870775913,1887.469092132173,3182018
2025-04-09,1893.161376953125,1915.731210312952,1875.4851281818806,1896.4570066120295,1394829
2025-04-11,1943.6937255859375,1963.3672962207313,1903.9969554817799,1906.892974517361,1880510
2025-04-15,1965.364501953125,1981.3430751397357,1958.1741927818857,1981.3430751397357,1250872
2025-04-16,1966.5628662109375,1973.0541616341188,1946.9891382393275,1958.3738961321214,1033717
2025-04-17,2032.5745849609375,2036.9685954093554,1952.3820656745822,1958.8733615451115,2104540
2025-04-21,2100.68310546875,2115.8627016801634,2032.9738508344747,2034.3720004108307,2642028
2025-04-22,2074.218505859375,2107.174312644815,2067.2278801776147,2101.1823477747353,1447675
2025-04-23,2097.98681640625,2114.9640512929313,2054.644788113215,2091.1958736888396,1483177
2025-04-24,2102.18115234375,2132.1409787429484,2082.607301570797,2118.9587038900395,1465968
2025-04-25,2042.7607421875,2122.154278733042,2020.390715056193,2102.181061992025,1960343
2025-04-28,2046.9552001953125,2091.9949043598153,2037.2682382175078,2037.2682382175078,6311008
2025-04-29,2064.132080078125,2079.211956926169,2026.0832467511207,2058.240078398095,2119823
2025-04-30,1948.986572265625,2017.2950016534785,1923.920208260112,2015.4973632853057,4684518
2025-05-02,1964.0662841796875,1983.9396598731803,1914.6325711168665,1952.3820007639404,1949238
2025-05-05,2023.486572265625,2033.8726695216826,1956.4764533881823,1962.2687351002653,2072898
2025-05-06,2033.0738525390625,2042.2614838012496,2005.4108732329535,2026.183068139,1698230
2025-05-07,2027.581298828125,2042.7608959310178,2007.0087865110643,2008.6067414960842,1078158
2025-05-08,2003.313720703125,2047.254799322735,1990.231287586383,2029.2789035238036,1697652
2025-05-09,1967.36181640625,1996.3229802010628,1960.3711906626743,1967.36181640625,1207361
2025-05-12,2047.654052734375,2054.8446057066353,2009.1058912777364,2022.1883236698784,1057561
2025-05-13,2015.497314453125,2058.639415175535,2007.9075162398844,2044.1589545005588,2217985
2025-05-14,2017.6944580078125,2039.2655085454353,2007.3083605172992,2026.1830754527862,1670853
2025-05-15,2039.1656494140625,2047.6541448796547,1994.0261050659412,2012.4014894064665,2640223
2025-05-16,2030.8765869140625,2068.226525370198,2019.2921459674267,2051.249291699849,1568556
2025-05-19,2035.570556640625,2050.250823074768,2032.2749269153205,2036.1697287979036,1379603
2025-05-20,2002.414794921875,2044.2587078518468,1992.3283449752976,2044.2587078518468,2170575
2025-05-21,2034.5718994140625,2044.2588613769492,1995.5241607162154,2008.8063994429572,1291354
2025-05-22,1998.3203125,2039.0657229568885,1989.3323650674663,2034.5717492406218,1178160
2025-05-23,2033.7728271484375,2045.956440792384,2000.5173719805725,2003.2138294277966,1085026
2025-05-26,2049.851318359375,2067.2279192858714,2037.4677777720638,2041.2627376909766,714431
2025-05-27,2027.181640625,2055.243985531009,2011.8022394811553,2047.2546989011507,1175928
2025-05-28,2019.6917724609375,2042.1616420870205,2015.2976402415788,2042.1616420870205,415312
2025-05-29,2008.2071533203125,2030.177692301195,1997.4215672396872,2028.679701007044,874950
2025-05-30,2014.698486328125,2028.9792637866935,2008.2071905996359,2008.2071905996359,2144136
2025-06-02,2026.282958984375,2032.9739382281393,1992.4283302118915,2014.6985169664254,1339043
2025-06-03,1989.232666015625,2042.0618518721951,1977.348576954579,2036.3694116126112,1522876
2025-06-04,1953.4805908203125,2005.1114332532763,1941.4966598441763,1997.3218293560478,1169875
2025-06-05,1941.396728515625,1963.267425918852,1926.516657192444,1958.3739632814509,1808602
2025-06-06,1987.3350830078125,2015.9966005176007,1918.427484652265,1965.3645444016959,6970191
2025-06-09,2014.698486328125,2054.94444670065,1988.333814680277,1998.3204234933373,4221378
2025-06-10,1995.4241943359375,2025.5838247620911,1985.437585964398,2019.3920544276323,3306765
2025-06-11,2010.2044677734375,2026.282883224456,1980.2446419988028,2001.316361745594,2245988
2025-06-12,2026.083251953125,2056.941775769615,2009.505383739083,2013.300343864264,3783347
2025-06-13,2008.3070068359375,2014.1991303422851,1977.3485199080837,1997.3217372808926,1418715
2025-06-16,2025.48388671875,2037.2681335086445,1995.3243778187607,2002.3150037670746,1645983
2025-06-17,2000.6173095703125,2031.1763068934877,1993.5267200807139,2027.2815052360504,1220096
2025-06-18,1978.7467041015625,2015.2976681514838,1973.154227520767,1999.3190939738704,1401356
2025-06-19,1964.965087890625,1993.526764165375,1954.7787958599215,1979.3458286862633,745887
2025-06-20,1983.5401611328125,1996.223227261348,1962.3685995593373,1972.1555247982487,1931248
2025-06-23,1994.9249267578125,2005.710512901559,1948.0877076385445,1973.6535234004853,1125629
2025-06-24,2006.5093994140625,2029.6784050674783,1996.5227905738436,2016.2963248402157,1717823
2025-06-25,2009.10595703125,2025.2842141209583,2001.316353598817,2025.2842141209583,998245
2025-06-26,2050.85009765625,2055.244108039117,2009.1060237642425,2015.297672508716,1828277
2025-06-27,2042.25732421875,2063.239420015518,2003.290574881895,2058.243682921049,6315182
2025-06-30,2054.2470703125,2062.2402495744163,2026.2709428957928,2038.2607117886673,1363779
2025-07-01,2052.049072265625,2066.7364909273433,2040.8585476967646,2053.348012731215,1002015
2025-07-02,2006.1881103515625,2055.7457975293755,1994.89769582408,2052.2487815919017,1204931
2025-07-03,1979.01123046875,2012.6825714381127,1975.913897884317,2006.288003607074,1133593
2025-07-04,1992.6995849609375,2031.1667595908293,1983.307575073639,1991.3007542175128,1509178
2025-07-07,2004.689453125,2015.180501271772,1991.3008530015857,1995.0976620697709,861699
2025-07-08,2016.5792236328125,2018.8771894473477,1996.9958372390417,1998.2947776309954,986803
2025-07-09,2024.67236328125,2035.8627656374442,2010.284615990259,2011.2837634137134,1161769
2025-07-10,2037.6612548828125,2047.2530456375007,2020.076284838178,2032.2658344688514,1230564
2025-07-11,2015.4801025390625,2038.9600666259903,1998.4945966038383,2035.2632700030535,1145529
2025-07-14,2001.8917236328125,2013.2820284849822,1987.3041958593697,2008.2862914415953,605261
2025-07-15,2034.763671875,2044.2555721366314,2002.3912718526099,2008.286265882028,888117
2025-07-16,2034.26416015625,2041.9575465530565,2016.3793968303908,2038.360640211254,633132
2025-07-17,2024.772216796875,2045.7543123077235,2018.5775516706428,2035.8627286022192,458912
2025-07-18,2027.86962890625,2037.161748926332,2005.5887140742786,2028.1694219260878,995783
2025-07-21,2052.148681640625,2054.2469886864906,2015.879705360578,2025.1718246698258,999643
2025-07-22,2037.861083984375,2047.2530942664,2013.4818621777058,2046.154056481174,1214275
2025-07-23,2058.7431640625,2061.4408131857226,2031.965965653646,2045.9540288892078,878101
2025-07-24,2030.5673828125,2058.8433040356126,2023.2735577437672,2058.7432917190285,658995
2025-07-25,1984.10693359375,1998.2947777291333,1931.2520123295676,1997.2956303402689,4102292
2025-07-28,1976.11376953125,2021.2751830653463,1969.4194087951385,1988.3033189817295,1469727
2025-07-29,1970.918212890625,1982.808091802619,1942.142839840127,1976.1138527508294,847965
2025-07-30,1958.129150390625,1987.4040964358041,1943.441610227731,1971.0180544559114,932988
2025-07-31,1946.339111328125,1966.621852085851,1939.4449699594347,1951.43473861238,985553
2025-08-01,1914.666259765625,1976.213716766895,1909.5705103239322,1943.3417420833935,836974
2025-08-04,1931.951416015625,1942.742256877221,1921.3604778166434,1921.3604778166434,982532
2025-08-05,1937.74658203125,1941.0436954247784,1914.366507391158,1928.4544619928029,1101680
2025-08-06,1922.359619140625,1945.0402165882738,1910.5696309020204,1937.7465136662868,875588
2025-08-07,1912.3681640625,1931.252074715299,1888.9880900145697,1918.0632555765044,905353
2025-08-08,1917.563720703125,1928.0547688375773,1904.774706633251,1913.3673502358401,507893
2025-08-11,1921.16064453125,1938.146150110437,1901.477367827393,1916.3646882871035,1489228
2025-08-12,1906.373291015625,1932.6509171363505,1902.376701306997,1923.3587972772946,899579
2025-08-13,1912.767822265625,1918.3630233571694,1891.2861529936567,1912.3681389091782,710014
2025-08-14,1923.4586181640625,1937.446681639104,1910.8693854297721,1912.7677898660604,765742
2025-08-18,1991.8004150390625,2015.2803798012485,1948.3375015431009,1948.3375015431009,1473915
2025-08-19,1970.5184326171875,1995.8968007015678,1963.1248395085058,1992.2998944929216,1389770
2025-08-20,1956.8302001953125,1974.8148535542687,1947.5380805066907,1971.118056928089,1461680
2025-08-21,1978.3118896484375,1996.296543190696,1972.8165788438585,1982.3084793244948,2346236
2025-08-22,1964.223876953125,1975.6141815840151,1961.8258988256375,1973.3160938022074,709444
2025-08-25,1962.125732421875,1966.1223220616253,1951.3348916080547,1957.4296664154265,869509
2025-08-26,1922.5594482421875,1961.7261009269332,1915.9650995555119,1958.3289752500882,1179819
2025-08-28,1915.965087890625,1938.0462217063225,1908.9710558787417,1918.3630661165184,985012
2025-08-29,1911.8685302734375,1929.4534999396692,1908.3715144093364,1921.4603208217245,735268
2025-09-01,1941.843017578125,1944.3408861368825,1911.3690211612827,1917.2640153531981,590079
2025-09-02,1954.232421875,1957.0299614121407,1936.9471230877728,1943.3416908338922,907972
2025-09-03,1964.4237060546875,1970.3187001898823,1948.3374570843157,1948.3374570843157,934230
2025-09-04,2000.492919921875,2032.0660760360624,1969.3195691360493,1983.307633046706,2459026
2025-09-05,2012.6826171875,2022.074627468489,2000.3930549521513,2012.1830434700669,1077230
2025-09-08,2006.687744140625,2024.6723980718402,2004.3896562406958,2012.6826287843635,338055
2025-09-09,2023.5733642578125,2037.2616354347572,2010.28465448491,2010.28465448491,1240640
2025-09-10,2036.462158203125,2045.2547040073346,2024.8720728912008,2033.3648256924037,927634
2025-09-11,2036.0626220703125,2047.0532434787538,2026.6706121098516,2036.2624027639717,720797
2025-09-12,2079.725341796875,2087.218947400275,2032.5656326526407,2034.3640248177144,1546838
2025-09-15,2078.2265625,2095.212068058894,2066.2367938701923,2076.228267728365,1014957
2025-09-16,2078.5263671875,2103.1052466573055,2075.828718017121,2083.222311140748,928203
2025-09-17,2055.246337890625,2088.218204273897,2053.1480306386948,2086.2199093415775,1199866
2025-09-18,2067.435791015625,2073.2308948334617,2043.2564722575562,2064.23856806069,904666
2025-09-19,2065.53759765625,2075.4290599602987,2051.949094595601,2067.2360995557096,1973991
2025-09-22,2067.735595703125,2080.224938513605,2060.541783030784,2065.537520154976,633360
2025-09-23,2082.622802734375,2090.216420765213,2066.2368824772757,2066.2368824772757,1177350
2025-09-24,2067.435791015625,2087.019178004873,2061.1411134881896,2082.323233921143,602541
2025-09-25,2033.864501953125,2072.23178799488,2030.667278935579,2067.4358315023205,952122
2025-09-26,2001.4920654296875,2045.7543449768539,1994.3981431321727,2038.260739317598,754739
2025-09-29,2022.9737548828125,2029.2684324849927,1993.1992346169366,2006.1881512207303,2005041
2025-09-30,2004.689453125,2034.6638764014915,1999.2940325419834,2023.2735711631767,924425
2025-10-01,2005.288818359375,2012.2828501124968,1977.812265043539,2007.1872227998979,683568
2025-10-03,1999.194091796875,2015.2803408231878,1966.3221173723518,2014.7807671145058,789048
2025-10-06,2031.4664306640625,2040.4587572010757,1993.398939383954,1994.3980867769556,821515
2025-10-07,2030.8670654296875,2054.6467013603365,2027.270159033128,2036.9618404302796,641471
2025-10-08,2011.8831787109375,2036.4621803389275,2003.290535470744,2029.767941550532,369526
2025-10-09,2012.88232421875,2024.172738606016,2003.2905335883322,2011.8831768204516,437357
2025-10-10,2002.5911865234375,2024.272636359351,1999.493732004391,2012.8823315838251,772401
2025-10-13,2018.677490234375,2023.2735440151864,1994.8977326342688,2002.3913383528436,1013809
2025-10-14,2017.6783447265625,2035.0635344034588,2004.8892088348543,2023.1736555920836,668246
2025-10-15,2082.3232421875,2087.019186289872,2018.3776851388145,2022.7739581939802,1497249
2025-10-16,2088.41796875,2098.2096626287644,2076.228418544082,2076.7279922732796,1424932
2025-10-17,2081.92333984375,2102.206080375309,2075.2291012069945,2088.2180171028494,609393
2025-10-20,2137.9755859375,2147.6672666165487,2086.219703510283,2086.219703510283,1844869
2025-10-21,2167.250732421875,2182.137931174205,2132.180560955015,2148.166919425156,367784
2025-10-23,2174.744384765625,2193.128599829014,2157.2593048125464,2168.149914181759,1291839
2025-10-24,2157.658935546875,2182.1380482678283,2142.7717359956973,2174.7444546516363,517200
2025-10-27,2168.349609375,2176.642581469364,2148.066868642751,2157.658781126046,433573
2025-10-28,2138.375244140625,2186.833893662616,2121.2899697408093,2170.1481806549405,1200996
2025-10-29,2135.177978515625,2148.1668946226455,2122.38884310068,2148.1668946226455,343434
2025-10-30,2112.797119140625,2144.1702488811857,2099.5084103773756,2138.1753646811453,488305
2025-10-31,2086.51953125,2127.0847686897914,2083.621857476286,2113.1967176221406,586237
2025-11-03,2079.825439453125,2098.2096550481724,2068.235231404627,2084.221590681185,546962
2025-11-04,2071.432373046875,2097.0106444568964,2059.742397071914,2085.2206561673947,610128
2025-11-06,2061.44091796875,2078.6262048880467,2055.4460334202176,2077.22749606638,1175380
2025-11-07,2100.307861328125,2110.199323082083,2041.058371320623,2058.2436579304413,839091
2025-11-10,2116.493896484375,2124.9866490243517,2094.512654616201,2112.8968684238716,985115
2025-11-11,1987.703857421875,2097.210387818986,1950.735403706152,2083.2223242508744,4943745
2025-11-12,2033.7645263671875,2037.2615422562983,1993.2990567931904,2007.7866940480783,2396251
2025-11-13,2054.44677734375,2070.6329159822694,2030.5672527279833,2043.2563755648023,1839900
2025-11-14,2064.038818359375,2070.2334836649266,2042.457136207637,2048.2522401124997,1433249
2025-11-17,2077.8271484375,2079.325869622486,2053.248023430737,2064.0388647491327,817576
2025-11-18,2048.451904296875,2073.7303817308216,2045.2546814757848,2071.232513287397,734236
2025-11-19,2048.451904296875,2057.644011382183,2033.2649129473484,2057.644011382183,704802
2025-11-20,2093.8134765625,2103.2053649422187,2041.158333201067,2062.939674252078,1576354
2025-11-21,2050.650146484375,2098.209663087349,2043.3564432162455,2098.209663087349,1019782
2025-11-24,2029.068603515625,2062.2402486512337,2024.0728664791636,2062.2402486512337,1422874
2025-11-25,2028.468994140625,2049.7508824573856,2024.6723072163747,2037.261540010046,688300
2025-11-26,2083.322265625,2086.7192690885972,2029.1684053326917,2033.2648851306178,928388
2025-11-27,2101.40673828125,2116.19416841455,2073.830416723714,2083.322316912542,1125896
2025-11-28,2092.214599609375,2111.1983997013417,2084.720994309914,2108.2009575815573,590610
2025-12-01,2080.025146484375,2104.104452932325,2073.2308952459894,2100.70744927937,533604
2025-12-02,2064.138427734375,2079.7252240801918,2057.743982221069,2068.3350417807214,682583
2025-12-03,2044.255615234375,2070.633009470861,2033.2649936470934,2064.1385512601946,785536
2025-12-04,2047.452880859375,2060.1420045335967,2032.265888590524,2044.2556578447452,758590
2025-12-05,2094.712646484375,2108.201137172445,2044.0559191312307,2048.252289669911,1742156
2025-12-08,2057.4443359375,2103.1053246324955,2036.76203295448,2098.2095998059394,904146
2025-12-09,2067.735595703125,2080.025157815133,2037.2615992455528,2048.2522209187755,1176704
2025-12-10,2064.038818359375,2096.411097654503,2058.243714454512,2068.235188796524,937777
2025-12-11,2064.038818359375,2080.924312424384,2048.2522401124997,2078.2266631385364,624077
2025-12-12,2081.323974609375,2091.2154359546657,2067.435679869692,2074.0301500548608,554885
2025-12-15,2068.734619140625,2079.0258857861604,2059.2427191735464,2078.126506798223,483403
2025-12-16,2033.4647216796875,2066.037024204128,2027.2700566410583,2064.338522425669,506106
2025-12-17,2019.4766845703125,2042.2572941724288,2009.8848938832978,2033.4647482290277,398342
2025-12-18,2024.572509765625,2036.2624860462242,2010.884116635521,2018.2778320968464,438810
2025-12-19,2042.0574951171875,2053.2478971570486,2016.1795531879955,2017.2785909294796,1104767
2025-12-22,2048.052490234375,2052.1488484167608,2035.463134800984,2042.357276593974,1038998
2025-12-23,2045.854248046875,2055.7458319718467,2040.2590468464207,2047.2530788385484,677615
2025-12-24,2033.96435546875,2062.739849970503,2022.5741724461172,2046.7534912398044,1344198
2025-12-26,2015.8797607421875,2033.9643042072628,2003.6902113037347,2033.9643042072628,1755050
2025-12-29,2010.384521484375,2024.6723785339045,1995.4972003695048,2018.2778105823759,1415166
2025-12-30,2024.67236328125,2046.054142536422,1978.7115818023476,2010.284615990259,5450560
2025-12-31,2038.160888671875,2044.5554566855865,2008.6860391713017,2028.469085317366,1377422
2026-01-01,2035.2633056640625,2047.0532940709977,2026.0711981363165,2043.2564850677504,270917
2026-01-02,2036.662109375,2048.252194963007,2024.8721211248157,2028.3691370674355,893818
2026-01-05,2037.4613037109375,2044.1556643866238,2028.2691965328488,2038.2606704073949,656058
2026-01-06,2042.8568115234375,2080.224949808539,2039.0601244681798,2043.156604539012,1236924
2026-01-07,2030.1676025390625,2040.2589667669452,2019.2768716141018,2038.2606719904838,653557
2026-01-08,2007.187255859375,2027.369984750025,1987.5039787073683,2019.2769151242192,756940
2026-01-09,1990.7012939453125,2012.4826339738806,1979.510769942954,2007.1872259607758,1143760
2026-01-12,1997.19580078125,2004.6894064258095,1970.918174867833,1990.3016591950077,996702
2026-01-13,2009.4852294921875,2014.281185864073,1989.3025005234965,1997.195789484366,1216677
2026-01-14,1999.194091796875,2014.081412708846,1991.9002668636228,2001.7918506887738,1062849
2026-01-15,1999.194091796875,1999.194091796875,1999.194091796875,1999.194091796875,0
2026-01-16,2000.792724609375,2031.2667211639748,1998.8943201028899,2011.0839919044731,1177279
2026-01-19,2016.0797119140625,2024.1727816190078,1990.3016597036942,1993.299101962284,587791
2026-01-20,1957.030029296875,2016.5793139091113,1948.5372761117478,2015.280373459008,1572563
2026-01-21,1958.22900390625,1971.9172744316231,1934.948820815632,1963.224740881384,894555
2026-01-22,1991.400634765625,1995.197443626778,1963.3246175541533,1968.1205738033746,1067186
2026-01-23,1947.3382568359375,1993.1991462824267,1941.4432628606835,1991.4006321997276,1046873
2026-01-27,1916.06494140625,1969.8191209078564,1901.7772066078119,1948.5372322657506,4700126
2026-01-28,1938.645751953125,1942.4424388991545,1918.462901262707,1922.359600521877,1605973
2026-01-29,1946.4390869140625,1955.1317427478657,1919.4621062635326,1925.357100502637,884350
2026-01-30,1950.9351806640625,1954.9317702472997,1925.3570317245903,1926.8557528183044,1342205
2026-02-02,1928.454345703125,1935.4483774064952,1874.9999605416535,1906.3732128614463,1183196
2026-02-03,2010.9840087890625,2043.756093690468,1984.6066138793228,2017.9780408867566,1358926
2026-02-04,2017.8780517578125,2030.9668582209624,1983.407466677989,1991.3007554808187,1078917
2026-02-05,1998.394775390625,2020.0763480730493,1990.7013888697188,2006.3879549307835,857399
2026-02-06,2022.47412109375,2025.6714659579181,1981.309296943249,1998.3946931136577,1257237
2026-02-09,2022.873779296875,2030.2674943684322,2017.0787976206425,2025.1718670779785,431032
2026-02-10,2026.1710205078125,2032.1659048594508,2018.1778413722948,2025.27176346182,717899
2026-02-11,2025.2718505859375,2048.2522415891326,2020.2761134113298,2030.2675877605452,538669
2026-02-12,2035.3631591796875,2040.1591155216038,2010.384473995198,2023.2734999436418,637754
2026-02-13,2021.4749755859375,2033.2649637197997,2010.9839278615848,2033.2649637197997,756233
2026-02-16,2049.1513671875,2053.2479692246375,2020.4758847249702,2021.47503215525,812257
2026-02-17,2042.656982421875,2050.8500643356388,2033.2649724067,2043.2564464725806,252282
2026-02-18,2058.84326171875,2064.1385478743196,2038.260727388795,2038.260727388795,611189
2026-02-19,2031.4664306640625,2066.236808727007,2023.2734708279445,2066.236808727007,659450
2026-02-20,2056.744873046875,2062.140171303111,2019.3767367993885,2031.4663956531022,459679
2026-02-23,2049.850830078125,2067.2358966431734,2038.060842393426,2048.2520967223327,1070139
2026-02-24,2041.5579833984375,2048.25222236308,2030.3674590526132,2038.2607481076504,1054129
2026-02-25,2047.5528564453125,2073.130884035989,2041.25817891327,2048.2522108527673,508162
2026-02-26,2039.5596923828125,2062.040509499805,2026.2709828116058,2055.2462582068406,493126
2026-02-27,1991.700439453125,2037.8610002661928,1984.9061883879076,2020.9753849155304,1323479
2026-03-02,1940.244384765625,1988.3033509145844,1925.3570639258312,1948.337454413789,1595247
2026-03-04,1887.689208984375,1907.7720470904546,1858.613922419826,1907.7720470904546,2209959
2026-03-05,1910.1700439453125,1916.2648186787883,1877.2980701636748,1896.1819803757844,1515601
2026-03-06,1867.306640625,1907.2725374890751,1863.409941287505,1907.2725374890751,2267317
2026-03-09,1839.929931640625,1843.0272641781876,1800.463609457728,1837.531953494493,1009617
2026-03-10,1866.2076416015625,1872.2025262556424,1838.8309772880161,1843.5269214805492,885047
2026-03-11,1793.7694091796875,1873.2016289486726,1789.473026493738,1859.413345787184,1298364
2026-03-12,1769.290283203125,1792.870137696388,1761.5967749629538,1785.3765321180479,1095963
2026-03-13,1736.5181884765625,1777.6830127425621,1724.628309973493,1758.5993217158425,1390698
2026-03-16,1772.3875732421875,1782.4789374522297,1727.525831196696,1736.5181576748741,2085547
2026-03-17,1773.1868896484375,1781.0801787138191,1755.5020289796457,1774.0861467258524,1259526
2026-03-18,1790.2723388671875,1801.4627408279334,1768.4908770191028,1772.2876858805525,1467841
2026-03-19,1713.4378662109375,1776.484041490381,1700.6487309615216,1774.4857467305494,1354973
2026-03-20,1708.8419189453125,1732.5216645356882,1701.3483131298467,1722.5301901150672,2626283
2026-03-23,1674.071533203125,1698.550645446322,1661.2823972038568,1698.3508647451185,2207925
2026-03-24,1702.9468994140625,1712.5386903225044,1669.9750343145045,1708.542100613467,1775627
2026-03-25,1744.711181640625,1763.49520198366,1716.1355897297747,1719.3329346638222,1865278
2026-03-27,1693.255126953125,1737.1177241999574,1678.6675986433588,1737.1177241999574,2522237
2026-03-30,1630.4088134765625,1684.662445360351,1625.6128570601418,1673.571933359396,3272392
2026-04-01,1645.5958251953125,1681.6650232000918,1640.6000880210706,1677.5685431104614,1796540
2026-04-02,1639.3011474609375,1645.0962513691711,1595.6384533474438,1633.6060558691738,2284337
2026-04-06,1670.874267578125,1677.468616110803,1622.2157153843589,1633.6060202860226,1215027
2026-04-07,1682.9639892578125,1690.7572661884592,1623.614606331582,1658.684657435096,2860538
2026-04-08,1783.0784912109375,1807.457713060614,1750.006735448129,1750.006735448129,2059323
2026-04-09,1766.19287109375,1790.9717762546477,1755.5020423316128,1783.0784871292315,1510841
2026-04-10,1807.657470703125,1813.3526841996327,1774.585715362177,1776.2843391627096,983497
2026-04-13,1786.775390625,1790.5720776638927,1746.8094935867289,1772.987107360301,1243242
2026-04-15,1824.243408203125,1837.6318860579927,1812.6532005582578,1813.4525672807445,1066065
2026-04-16,1828.33984375,1853.3185286420262,1821.4457023265538,1834.2348377777653,1035217
2026-04-17,1837.3321533203125,1843.926501677579,1810.1552712293665,1827.2407891105013,487836
2026-04-20,1829.0391845703125,1849.0221323356743,1818.8479299964715,1838.3313040676992,903716
2026-04-21,1849.821533203125,1853.4184394740862,1823.4440172723491,1825.74210509431,952364
2026-04-22,1841.3287353515625,1858.4141311967376,1833.4354466376417,1845.4252152260076,739941
2026-04-23,1791.0716552734375,1828.4397934787648,1784.4773066410241,1819.9470403396558,910293
2026-04-24,1769.1903076171875,1798.3654857876056,1755.8018296122664,1791.1715511033121,920624
2026-04-27,1770.68896484375,1796.4670164243194,1763.4951523853856,1779.481510707293,1267827
2026-04-28,1777.4832763671875,1789.2732648170518,1756.2013873408825,1770.5891347131565,1414112
2026-04-29,1762.69580078125,1792.3705518502115,1759.2987971817354,1776.4840837384932,699788
2026-04-30,1745.7103271484375,1792.9700490013947,1717.2346256179055,1775.6847498121554,2574629
2026-05-01,1745.7103271484375,1745.7103271484375,1745.7103271484375,1745.7103271484375,0
2026-05-04,1768.890625,1785.476447856002,1745.6104412190755,1747.7086264176003,1720030
2026-05-05,1793.0699462890625,1797.4662193566678,1740.6147064245683,1758.4994697430436,1270233
2026-05-06,1834.5345458984375,1837.2323171010478,1796.566944095113,1808.4568227372963,1059177
2026-05-07,1822.9444580078125,1848.0230337219898,1815.0511690389217,1848.0230337219898,945912
2026-05-08,1816.749755859375,1825.6420700957415,1800.9631782427919,1822.9444209175997,719570
2026-05-11,1792.6702880859375,1812.4534561847033,1784.477327864322,1802.6617624860737,541986
2026-05-12,1743.3125,1789.4730628859386,1740.0152646654728,1782.2792501130941,1041932
2026-05-13,1727.426025390625,1756.5011913664114,1724.5284734348272,1747.408974097865,666278
2026-05-14,1738.71630859375,1741.5139701837536,1711.8393403044674,1733.6206810948938,2086133
2026-05-15,1726.6265869140625,1754.3030429033702,1720.4319218587038,1733.6206186709928,2347840
2026-05-18,1751.6053466796875,1757.5003409487726,1692.3559768700839,1713.5378537391387,1199186
2026-05-19,1748.3082275390625,1763.495219738416,1741.5139762062659,1743.712051772985,640335
2026-05-20,1770.4892578125,1778.48243730601,1724.5284757248164,1731.0229340632934,779574
2026-05-21,1750.7060546875,1782.8786746837375,1744.5113894906947,1779.4815490738413,479195
2026-05-22,1764.494384765625,1777.4833015277727,1755.5020577764456,1758.499500106172,392442
2026-05-25,1805.8590087890625,1810.2552816781272,1781.4797881917336,1783.4780829625602,456676
2026-05-26,1799.1646728515625,1811.2544539541893,1794.6685095554158,1805.8590336055663,811184
2026-05-27,1807.5576171875,1813.9521852246135,1792.9700888931804,1804.460284503251,339636
2026-05-28,1807.5576171875,1807.5576171875,1807.5576171875,1807.5576171875,0
2026-05-29,1782.079345703125,1816.050358589017,1775.3851066562247,1799.464535514447,1445842
2026-06-01,1757.400390625,1804.16041588158,1754.502838764545,1793.3696971144782,399937
2026-06-02,1739.915283203125,1753.5036632659562,1712.6385107658277,1746.609521906023,1004282
2026-06-03,1732.9212646484375,1740.4148701038769,1706.643639398203,1737.51731826786,561611
2026-06-04,1708.34228515625,1732.721384312365,1704.0459025199546,1731.522456210543,767631
2026-06-05,1701.747802734375,1739.0160495373843,1696.5522850413552,1718.5335278392995,1414054
2026-06-08,1673.1722412109375,1694.5540203419907,1660.5830081417387,1682.564251330137,757180
2026-06-09,1691.656494140625,1695.35341282186,1671.673545483914,1681.2653364458874,567616
2026-06-10,1662.7811279296875,1698.450764869057,1658.9844408212925,1687.7598140358675,525263
2026-06-11,1643.6973876953125,1657.1858777951215,1639.101333980477,1654.6880092581198,589370
2026-06-12,1687.659912109375,1690.5574640710663,1647.7939049640966,1667.5770730109987,1486234
2026-06-15,1748.707763671875,1759.5984949305073,1708.5420862208964,1712.538675896267,2002931
2026-06-16,1785.7762451171875,1800.2638828091224,1749.607035078959,1753.5037344376235,2043227
2026-06-17,1763.095458984375,1792.470416626688,1750.106542921863,1790.4721218478398,903580
2026-06-18,1770.189453125,1773.486688430832,1748.508002678285,1768.2911705807978,1011360
2026-06-19,1767.8914794921875,1772.4875332573297,1750.506289891117,1769.2903102814669,837089
2026-06-22,1780.680419921875,1785.1765831522573,1759.8982275034027,1766.5924661932565,1828102
2026-06-23,1763.4952392578125,1797.3663620141426,1758.3996116849332,1792.4705151436349,885946
2026-06-24,1778.98193359375,1790.6719093077038,1751.6052706268056,1755.6018601996082,891924
2026-06-25,1763.095458984375,1791.4712692372639,1759.2987720843041,1788.4738270689918,1108117
2026-06-26,1763.095458984375,1763.095458984375,1763.095458984375,1763.095458984375,0
2026-06-29,1757.800048828125,1785.4763826944782,1753.6035566179892,1763.0954568057887,1565424
2026-06-30,1780.199951171875,1799.0,1754.199951171875,1760.0,1234164
2026-07-01,1797.5999755859375,1809.4000244140625,1741.5,1760.0,1768906
2026-07-02,1855.699951171875,1862.0,1801.5,1804.0,1786876
2026-07-03,1895.5999755859375,1916.0,1870.5999755859375,1885.0,2036834
2026-07-06,1870.699951171875,1904.5999755859375,1863.0999755859375,1885.0999755859375,1228228
2026-07-07,1885.300048828125,1899.0,1871.800048828125,1871.800048828125,877577
2026-07-08,1854.9000244140625,1890.800048828125,1841.5,1867.0,1439841
2026-07-09,1895.0,1911.9000244140625,1850.0,1856.0,2049967
2026-07-10,1916.0,1920.5,1893.4000244140625,1905.300048828125,822344
2026-07-13,1908.0999755859375,1912.0,1884.4000244140625,1900.0,1002460
2026-07-14,1869.199951171875,1899.0,1861.0,1884.4000244140625,1811978
2026-07-15,1849.5999755859375,1892.5999755859375,1843.4000244140625,1875.0,595343
2026-07-16,1838.5999755859375,1856.5999755859375,1827.699951171875,1843.5999755859375,1669077
2026-07-17,1854.0,1871.699951171875,1822.0,1836.0,705632
2026-07-20,1861.5,1871.5999755859375,1838.800048828125,1852.0999755859375,1397352
2026-07-21,1900.5999755859375,1904.800048828125,1850.4000244140625,1855.0,1668696
2026-07-22,1876.4000244140625,1901.0,1868.0,1895.0999755859375,1023902
2026-07-23,1889.4000244140625,1899.800048828125,1862.300048828125,1870.0,1242914
2026-07-24,1876.699951171875,1892.9000244140625,1866.5,1878.9000244140625,1412443
2026-07-27,1913.0,1920.0,1885.0,1885.0,651274
2026-07-28,1927.9000244140625,1940.0,1910.699951171875,1918.0,1415016
2026-07-29,1924.4000244140625,1945.0,1908.9000244140625,1940.0,1066741
2026-07-30,1909.4000244140625,1933.4000244140625,1892.300048828125,1918.300048828125,752615
2026-07-31,2029.0999755859375,2036.5999755859375,1930.0,1932.0,3731886
2026-08-03,2096.0,2096.0,2040.4000244140625,2050.5,2850085
2026-08-04,2105.0,2105.0,2068.0,2075.0,1959197
2026-08-05,2086.0,2118.5,2076.10009765625,2105.0,2447845
2026-08-06,2086.0,2103.0,2068.60009765625,2070.0,1819169
2026-08-07,2008.9000244140625,2050.0,1988.0,2050.0,2416624
2026-08-10,2021.300048828125,2037.0999755859375,1992.5999755859375,2009.0,944721
2026-08-11,2032.0,2043.9000244140625,2012.0,2014.0,1058625
2026-08-12,2020.5,2028.4000244140625,2006.0999755859375,2023.0,571047
2026-08-13,2025.0,2038.0,2006.699951171875,2010.0999755859375,889438
2026-08-14,2008.300048828125,2033.5999755859375,2006.5999755859375,2033.5,956605
2026-08-17,2005.0,2028.199951171875,1997.199951171875,2001.4000244140625,1026623
2026-08-18,2011.199951171875,2018.800048828125,1998.0,1998.4000244140625,413236
2026-08-19,2012.0,2013.0,1985.0,2002.0999755859375,920207
2026-08-20,2016.0,2030.0999755859375,2013.0,2020.0,417675
2026-08-21,2032.5,2032.5,2005.0,2009.0,830062
2026-08-24,2001.699951171875,2028.5999755859375,1995.300048828125,2020.0,464012
2026-08-25,1990.4000244140625,2011.699951171875,1986.0,2004.9000244140625,116226
