Date,Close,High,Low,Open,Volume
2021-08-04,54.75199508666992,57.66981132734844,54.54915165437301,56.95205956685096,38353227
2021-08-05,55.11087417602539,55.89104184346146,54.33071007990258,54.9236337929882,33065568
2021-08-06,54.73639678955078,56.10948816526324,54.61156867752544,55.204495959847605,23813595
2021-08-09,53.41011428833008,53.95622879321537,50.66393155378405,51.49090841617177,110821485
2021-08-10,52.81718063354492,54.36190912807524,52.33348202833755,53.4101078406444,32690748
2021-08-11,53.75338363647461,53.893814810763615,51.58452518202894,52.81718533138289,27235548
2021-08-12,54.252685546875,54.37751006686887,53.051228114058,53.64415529796688,17966661
2021-08-13,54.455528259277344,54.7988028499613,53.84700154963927,54.36190986435236,27821241
2021-08-16,54.40871810913086,54.7831988248994,53.815794475695576,54.34630584694036,12560913
2021-08-17,54.93923568725586,55.07966328392113,53.768987858480536,54.33070538776751,18039039
2021-08-18,54.33070373535156,56.74921465082625,54.06544804507171,54.95483708215364,34210602
2021-08-20,53.378902435302734,54.58035636013647,53.14485287666466,53.64415812558417,15542163
2021-08-23,54.65837478637695,55.20449283501929,52.7859782111759,53.8001954036185,26688300
2021-08-24,55.438533782958984,55.68818638272922,54.42431674828693,54.61155709094273,14925912
2021-08-25,56.15629196166992,56.34353232602503,55.32931517381526,55.32931517381526,16571559
2021-08-26,56.57758331298828,56.85844208093514,55.984656072822254,56.28111790724877,21301485
2021-08-27,57.825843811035156,58.04429030295099,56.577580693882425,56.639992956911854,28167945
2021-08-30,57.43575668334961,58.278336470484064,57.326535229401685,57.70101235710718,13619223
2021-08-31,58.247135162353516,58.48118472578579,57.31093690862442,57.38895223933088,21603702
2021-09-01,59.245750427246094,60.025918082067065,58.21593369416332,58.41877714156424,26940252
2021-09-02,59.33936309814453,60.057118414049555,59.21453857107434,59.526603460062674,25664589
2021-09-03,61.97631072998047,62.27277250626938,59.46418180626611,59.91667778806555,52170660
2021-09-06,60.993316650390625,63.31820560881481,60.77486658539901,62.80330086335376,36365391
2021-09-07,60.63443374633789,61.789082017684805,60.33797193143139,60.99331496567912,15882570
2021-09-08,61.508216857910156,62.22597212083798,60.61883145424163,61.16494943380356,19285563
2021-09-09,61.49263000488281,62.17917213684644,61.00892418481905,61.39901159724595,11581218
2021-09-13,61.320980072021484,61.99192256934075,61.05572440030226,61.63304850924271,10518984
2021-09-14,63.55027389526367,64.05264711905734,61.13260140828536,61.36808908151719,29010315
2021-09-15,65.24578094482422,65.55976690518739,63.644467638650404,64.00554682183427,35238519
2021-09-16,64.53931427001953,65.62255894475707,64.28813126516043,65.27718231307581,12378501
2021-09-17,64.46080780029297,65.10447487649881,63.01648430728647,64.63349966820296,16039149
2021-09-20,63.2990837097168,64.66491652679254,63.1263917910915,63.581671792287906,12243591
2021-09-21,64.19393920898438,65.07309412052783,63.29908176599649,63.29908176599649,20777913
2021-09-22,64.6649169921875,64.94749789027888,63.98985184475446,64.17823911014872,9672642
2021-09-23,65.1358871459961,66.15632886524658,64.85329908393454,64.99459311496531,19379646
2021-09-24,64.52361297607422,66.09352817122883,63.92704620802721,65.30857416690773,17282355
2021-09-27,64.05265045166016,65.84235829864167,63.66017337135803,64.71201309640995,10315860
2021-09-28,66.04643249511719,66.70579498402694,64.09973571341851,64.3666212147879,29934006
2021-09-29,64.4137191772461,66.69010455772057,63.958446413058795,66.2191292633483,27378225
2021-09-30,63.72296142578125,65.16728524304403,63.330477206412915,64.68060739817197,34237251
2021-10-01,63.34618377685547,64.13114507913635,62.52982459740443,62.79671014660751,22069932
2021-10-04,64.61780548095703,64.71199909747128,63.346173691733966,63.42467196541865,16627587
2021-10-05,64.63351440429688,65.1986833458051,64.22533483917621,64.93179781268974,18733530
2021-10-06,62.57692337036133,65.46557111357384,62.16874379130754,64.64921195546628,15618651
2021-10-07,63.770050048828125,63.98984234567418,62.9536981667909,63.110687531314895,7587423
2021-10-08,62.843807220458984,63.94274723612003,62.60831956092354,63.73865745208844,9881742
2021-10-11,65.49696350097656,66.25052684323352,62.843803645987194,62.843803645987194,21749220
2021-10-12,66.01504516601562,66.47031796934743,64.22533745621872,65.52836729961362,18331041
2021-10-13,65.51266479492188,67.1767736301127,65.02598698170733,66.28192346626622,16863453
2021-10-14,66.10923767089844,66.76860025388834,65.63826234404475,65.71675344084491,15404877
2021-10-18,68.1815185546875,69.54735116062781,64.36662314877887,64.44511423673805,40084623
2021-10-19,64.9474868774414,68.82518518464852,64.60211028278248,68.82518518464852,15424062
2021-10-20,64.30382537841797,65.99933937480348,63.69156322254097,64.94749259581408,16082943
2021-10-21,64.17822265625,64.99458163668882,63.75434782452844,64.63350254399921,15707487
2021-10-22,63.251991271972656,64.96320076102303,62.79671126512586,64.39803177538006,10288875
2021-10-25,63.20487594604492,63.58165757639258,60.834304397607966,63.58165757639258,13207770
2021-10-26,64.74340057373047,65.07308902965161,63.14208744431068,63.20488319214918,9505146
2021-10-27,65.01028442382812,65.85804137087665,64.6963056927083,64.82189718515623,9492999
2021-10-28,62.89089584350586,65.26147479659343,62.765304350670434,65.01028462441005,11429706
2021-10-29,64.9474868774414,68.71528903854635,57.60027697519416,62.105939913747996,95295024
2021-11-01,62.96940231323242,65.55976671583484,61.63497456194172,65.21438287908425,23954010
2021-11-02,62.985103607177734,63.92705428051932,61.93325677220941,63.42468106717136,19613109
2021-11-03,62.90660095214844,64.75910429346227,62.62401289517184,63.40897413059687,25307715
2021-11-04,63.37758255004883,63.518876592568866,63.204890629914736,63.487478714954804,1434759
2021-11-08,66.70581817626953,66.97270377042956,63.283398682620536,63.283398682620536,35893830
2021-11-09,69.32754516601562,70.39508699259858,66.70578380572458,66.70578380572458,51756600
2021-11-10,68.982177734375,69.51595596018134,68.74669008842115,69.35895940520369,15949584
2021-11-11,70.11253356933594,70.64630469102183,68.91939262529226,68.99789091489798,23431827
2021-11-12,70.20671844482422,71.58824648772325,69.73574313898393,70.80328524915183,23132022
2021-11-15,69.90843963623047,70.960286471459,69.31187279270343,70.56780223312737,8602539
2021-11-16,68.38562774658203,70.33232513980383,68.04024386460301,69.84565438475558,8030718
2021-11-17,67.64773559570312,68.38559624865937,66.89417241601922,68.35419838171512,18084606
2021-11-18,65.57546997070312,68.29142591242588,65.43417592806436,67.67915651866694,28766142
2021-11-22,63.738651275634766,66.06212977033375,63.032188365486675,65.90514040802718,17243226
2021-11-23,66.25054168701172,66.45463150516234,63.644474465440105,63.89566469797711,17089326
2021-11-24,65.4184799194336,66.86280399446069,64.99460493576258,66.59591841464668,11478315
2021-11-25,66.45462036132812,66.75290377171787,64.57071908601351,65.41846891069466,9875469
2021-11-26,62.231536865234375,66.04643976282011,61.72916367875755,65.46556829559246,22881369
2021-11-29,61.93325424194336,63.20488616169966,59.28009424529378,61.6192683014862,14850591
2021-11-30,63.974143981933594,64.46082182341891,61.917550833438774,61.93325336416994,32274063
2021-12-01,64.63351440429688,64.77480124978918,63.267681676929584,64.0526429318934,14136084
2021-12-02,64.64920806884766,64.93179612551556,63.50316768471443,64.08403914202466,13228377
2021-12-03,64.88468170166016,65.87373249979187,64.55500049778668,64.63349876023703,12481431
2021-12-06,65.261474609375,66.31332132513553,64.88469294543708,64.88469294543708,14751723
2021-12-07,66.0621337890625,67.41226394656793,65.37137336638051,65.74815504534924,23275224
2021-12-08,65.60685729980469,66.86278657651603,65.40276753469944,66.26621981075252,9462426
2021-12-09,65.23007202148438,65.73244514158634,64.11542964005163,64.71199637270173,12294123
2021-12-10,64.53931427001953,66.20343042326336,64.39802742304282,65.18298149974058,18276354
2021-12-13,65.60685729980469,66.37611595808129,64.74339783723921,64.93179225930459,27024840
2021-12-14,65.87374877929688,66.84709729087949,65.51266961851132,65.74815727754765,19438713
2021-12-15,65.30857849121094,66.046439328576,64.80620530803714,65.77955379959344,14031681
2021-12-16,65.05738067626953,66.18771840921345,64.53930502320489,65.62254954274148,23209956
2021-12-17,63.20487594604492,65.35566240224432,62.89089005633656,65.23007092096573,12549333
2021-12-20,61.3052864074707,63.079291429185695,60.17494139162928,63.079291429185695,16835343
2021-12-21,62.63971710205078,63.25198645087718,61.35238265372546,61.35238265372546,10884186
2021-12-22,63.8642578125,64.11544082310648,62.953705026025006,62.953705026025006,8943987
2021-12-23,65.59115600585938,65.85804152117656,64.17823015305812,64.17823015305812,8703837
2021-12-24,64.0683364868164,65.528362799237,63.55026796595085,65.37137342723423,9183225
2021-12-27,64.97888946533203,65.13588602444649,63.26768015117928,64.05264138721311,8676960
2021-12-28,65.01028442382812,65.65395160239251,64.52361379733614,65.55975798305656,10372101
2021-12-29,65.84234619140625,66.8470925065147,64.96319136905822,64.96319136905822,24965061
2021-12-30,65.92084503173828,66.69011098162328,64.36663215981083,65.87375180967241,42195855
2021-12-31,65.92084503173828,66.87849824291347,65.49697010057868,65.93654756343581,12683187
2022-01-03,66.32901763916016,66.62730103141023,65.77955125828377,65.8580423489732,8974341
2022-01-04,67.86753845214844,68.77808392227521,66.31331864284118,66.72149816338751,31336737
2022-01-05,66.97268676757812,68.1030318086821,66.7529016461626,67.74194547230167,11957511
2022-01-06,66.5331039428711,66.92558812191177,66.12492442111564,66.25052309539501,8820915
2022-01-07,65.32427978515625,67.17678331262297,65.15158786481865,66.53311604100593,12974964
2022-01-10,66.20342254638672,66.4075123068087,65.30857241827574,65.60685579431274,9408897
2022-01-11,66.07784271240234,66.61161381486897,65.48126866860422,66.25053463140863,10022118
2022-01-12,66.12493133544922,66.54881343075479,65.5597623948881,66.25053002286178,7794744
2022-01-13,65.79524230957031,66.65869455641368,65.07308407786805,66.53310307029366,12144687
2022-01-14,69.1077651977539,69.73572975619238,65.43415707988912,65.65394216006358,27463650
2022-01-17,67.9774169921875,69.95551136154788,67.75763192293017,69.70432842525379,28842888
2022-01-18,65.4184799194336,68.60541871658748,65.18299222039097,68.54261576853042,17939775
2022-01-19,65.35567474365234,66.06213773901688,64.36663086204994,65.6696606926521,30378717
2022-01-20,66.67440795898438,66.8157019971683,65.13589044356961,65.62256112490913,20278191
2022-01-21,64.97888946533203,66.45461831383874,64.36662731892922,66.37612003428151,17723898
2022-01-24,61.948944091796875,65.54406159094749,61.24248117831306,64.97888551095053,20025537
2022-01-25,64.11543273925781,64.52361226654222,60.97559519696333,61.63496488969671,29718342
2022-01-27,64.3352279663086,64.77479819949407,62.21583914557166,63.3932773793144,23800311
2022-01-28,65.02599334716797,66.25053207847266,64.47651973391383,64.9160971872145,24666333
2022-01-31,65.84234619140625,68.99787915934334,65.19867901124029,67.41226141044913,53776260
2022-02-01,65.12017059326172,66.70578809521352,63.84853896082368,66.45460514881162,29395494
2022-02-02,66.17202758789062,66.6273003433304,65.46556465990602,65.79524592232967,30206025
2022-02-03,65.2928695678711,66.39180945099773,65.16727808100225,66.25052262152639,11555226
2022-02-04,64.30382537841797,65.8109521247664,64.16253853414662,65.76385171900066,17933076
2022-02-07,63.45607376098633,64.6178094761817,62.67111253514336,64.3352286091674,18325029
2022-02-08,62.63971710205078,64.02124517638485,61.666368593600986,63.48747410915557,26278878
2022-02-09,64.094970703125,64.30060658205872,62.67134103710156,63.08261279496899,15305202
2022-02-10,64.15824890136719,64.77515660291945,63.430619746425286,64.20570612493108,12104241
2022-02-11,63.3831672668457,64.42716109478923,63.224988578053114,63.54134595563829,11505933
2022-02-14,61.97535705566406,63.082622327348886,61.010448979329155,62.323350161021224,31961610
2022-02-15,62.94025421142578,63.0826186394088,60.93135245455189,62.070260637460464,10746255
2022-02-16,62.956077575683594,63.69952823180132,62.18098394266605,63.1933492157415,13420629
2022-02-17,63.58880615234375,64.7435287368456,62.78208394039339,63.03516985428061,19166469
2022-02-18,63.27244186401367,63.778620935504556,62.95608446992975,63.27244186401367,10616886
2022-02-21,62.68717575073242,63.85771256622498,62.275903906085816,62.6397185221361,10470885
2022-02-22,62.434078216552734,63.304071832406855,61.16862703271006,61.6906275467961,20409699
2022-02-23,62.956077575683594,63.4464351032935,62.449898559623776,62.449898559623776,10145349
2022-02-24,59.42863845825195,62.24426618304949,59.159731067010384,61.91208007537794,24915339
2022-02-25,63.319889068603516,63.636253653556224,60.70990115537117,61.010444252646295,22461840
2022-02-28,66.57842254638672,66.91060138877818,62.070261459908764,62.339168831459524,35587689
2022-03-02,68.33423614501953,69.47313718438737,65.66097648351085,65.66097648351085,51608091
2022-03-03,68.03369140625,69.58386424008015,67.2744192373361,68.96695650795712,28625697
2022-03-04,67.9862289428711,71.1023958594281,67.24277832018772,67.70150733217955,46128378
2022-03-07,67.78060150146484,69.09350999118557,65.34461343473713,67.32187967321764,38244033
2022-03-08,67.38514709472656,68.88786992481025,65.8666100168394,68.47659810853656,20461842
2022-03-09,70.37477111816406,71.29222195847109,67.4484184260349,67.82805450494746,30245265
2022-03-10,68.5715103149414,71.65604192080382,68.2235099464352,71.29222730334178,37328694
2022-03-11,67.95459747314453,69.22004865628135,67.73314731759746,69.04604848501639,29348391
2022-03-14,66.37279510498047,68.3658756543057,66.18297342730969,68.33423991485334,28491564
2022-03-15,65.02825164794922,66.48352464477945,64.30062239049082,65.80334537661454,23328489
2022-03-16,66.11968994140625,66.40441878572881,65.36042509147158,66.08805420769878,23656146
2022-03-17,66.24624633789062,67.00551125912229,65.48697417570298,66.49933223131585,36269526
2022-03-21,66.08805847167969,67.82805290167583,65.4553365157519,66.43605880587008,38413833
2022-03-22,66.37279510498047,66.64170251080385,64.85425788839727,66.21460916676205,19632078
2022-03-23,65.6135025024414,67.66986113310428,65.43950236900422,67.66986113310428,33279774
2022-03-24,66.1233901977539,66.61732737774892,65.0877274648319,65.6135235601149,15609300
2022-03-25,65.64537811279297,66.34644917362829,65.31077933089722,66.3145829702909,22413369
2022-03-28,65.34265899658203,65.90032861044087,64.86465855433387,65.64539163751148,13461477
2022-03-29,66.09150695800781,66.47390866112504,65.4860418494006,65.64537285332202,12104067
2022-03-30,66.42610931396484,67.52551153488429,66.1711796938712,67.52551153488429,22181898
2022-03-31,67.17498779296875,67.66892495907352,65.88438813066693,66.98379054437126,21738033
2022-04-01,68.54524230957031,69.15071472444983,66.99971330519085,67.22277671531047,45845880
2022-04-04,69.93145751953125,70.21825337322142,68.76832276752025,69.31005556264202,29426580
2022-04-05,69.66059875488281,71.28579731832585,69.31006315714528,70.55286720710136,29299197
2022-04-06,70.10673522949219,70.42539733428495,69.21446674865633,69.46939643249056,27765654
2022-04-07,74.67959594726562,75.81086450545686,70.6006558965156,70.74405747175382,162897504
2022-04-08,76.35259246826172,77.18112107346886,74.87078844087414,76.06578933595875,86792331
2022-04-11,77.73880004882812,79.09313213015888,76.81466542459434,77.06960238363116,53098242
2022-04-12,77.24485778808594,78.5195204977372,75.66745520884349,77.73878758230656,34166946
2022-04-13,78.74259948730469,79.74639592960852,77.77066195769827,77.77066195769827,35185764
2022-04-18,81.24413299560547,81.67433774107528,77.83439770815512,78.39206728470899,58066713
2022-04-19,79.76233673095703,82.6940716313267,79.04533610987617,81.26007038916497,39192846
2022-04-20,80.71833038330078,81.45126039638284,79.85792825575098,80.52712585845258,31402827
2022-04-21,80.59086608886719,82.4391278830916,80.2721967411769,81.0847959193949,32102493
2022-04-22,80.19252014160156,81.7858594385367,79.93759052206391,80.44745705484543,14025423
2022-04-25,78.32833099365234,79.66673353493593,77.35639347045723,79.66673353493593,15988692
2022-04-26,79.82606506347656,80.75019963628691,78.7107332523084,78.72666270865133,16455561
2022-04-27,78.5513916015625,79.33212456570256,77.38825688318673,78.88599040137869,13818495
2022-04-28,78.59918975830078,79.66672579638211,77.5953861264174,79.66672579638211,9256521
2022-04-29,76.01799774169922,79.61893771402285,75.44439868508961,78.94974003026293,21932493
2022-05-02,75.8905258178711,76.28886433435704,74.4724614133091,74.88672938597855,13942155
2022-05-04,73.67578887939453,76.43225571562941,72.91098537521403,76.16138932742105,16041333
2022-05-05,74.8548583984375,75.97019012719917,73.930723893907,74.83892164956495,18857412
2022-05-06,72.703857421875,74.64772505956738,72.41705428938488,74.01038638596857,16795458
2022-05-09,71.85939025878906,72.3851936105892,70.58472740170355,71.70005922508017,23472795
2022-05-10,71.03085327148438,73.10218564195827,70.77591635369822,71.70005082840025,13234959
2022-05-11,69.78805541992188,71.76378934972678,68.7523854995778,71.66819073255046,17541396
2022-05-12,69.56498718261719,71.11052374373992,68.87986008807967,70.10672728680497,23454804
2022-05-13,69.70838928222656,71.92312349788568,69.18259321809795,70.23419264006245,12118287
2022-05-16,72.28959655761719,72.5126600096457,68.92765697066808,69.72432674389889,15258537
2022-05-17,74.16972351074219,74.53618850127015,72.06651759155481,72.91098293275628,17055900
2022-05-18,74.28123474121094,75.60370742705172,73.93070657888296,74.7273687869696,18878982
2022-05-19,72.4967269897461,73.54832637075451,71.44512031503068,73.13405840078305,11176905
2022-05-20,74.87079620361328,75.95426184917056,73.14999181879267,73.61206276944395,17729133
2022-05-23,73.7395248413086,76.5437947667822,73.38898927719761,75.28506137970054,15413691
2022-05-24,73.8191909790039,74.36092375931642,69.81992024314209,70.10672338269899,36815832
2022-05-25,72.13025665283203,75.03012522817033,71.8593902487113,73.93073015517238,12376107
2022-05-26,72.01873779296875,73.14999921748137,70.93526474411719,72.4011323227548,11313504
2022-05-27,73.5802001953125,74.13786979627932,72.40112857504685,73.29339701911066,11187723
2022-05-30,73.5005111694336,74.98231502332197,72.97471521338393,74.53618092181289,8326164
2022-05-31,74.80706024169922,75.18946200838542,73.18186185041668,73.73952410369813,13674072
2022-06-01,78.4239273071289,78.93379388495899,74.80705830757832,74.99825553912453,34360020
2022-06-02,78.31238555908203,79.52332314129872,77.80251902280823,79.09311846482296,26049855
2022-06-03,77.19705963134766,79.01346249317955,77.03772860617181,78.71072989849203,11056728
2022-06-06,77.56352233886719,78.18492425920883,75.93832404908744,76.7668599428763,13057254
2022-06-07,78.32833099365234,79.20466260455736,77.16519623329118,78.39206340604103,28241430
2022-06-08,78.16899108886719,79.81012620267667,77.77065987263623,78.69479442100585,24623397
2022-06-09,78.24866485595703,78.8541300907604,77.46793183345639,78.13712948311198,6650814
2022-06-10,78.6151351928711,78.85413541154742,76.95807041377886,77.43607085113152,9887892
2022-06-13,75.04605865478516,77.43606052277195,74.8389246733125,77.43606052277195,13056528
2022-06-14,76.91026306152344,77.24486918353291,74.58399342672645,74.58399342672645,11702244
2022-06-15,76.52787017822266,77.64320206059324,76.11360217496019,77.46793426738931,9599067
2022-06-16,74.05818176269531,77.72285323299754,73.64391385535015,76.86245121725804,12906030
2022-06-17,74.7911148071289,76.04985532916281,72.91097969180613,73.29338141408819,20333781
2022-06-20,72.38518524169922,75.28505348217286,71.28578300194845,74.88672229710052,12914700
2022-06-21,73.37306213378906,74.05819653355476,72.73573069198433,73.24559730416958,12811437
2022-06-22,71.97093200683594,73.2774684801472,71.71599503660366,73.02253150991493,11056173
2022-06-23,72.30552673339844,72.75166093559864,71.71599094947186,72.27366052564896,9004842
2022-06-24,74.40873718261719,74.53620202092844,72.75166510973953,72.95879911884923,9668958
2022-06-27,76.49598693847656,76.89432543367238,74.7911194766619,74.88672538348116,14977953
2022-06-28,75.34879302978516,76.6393926102031,74.82298968894112,76.30479379953283,9497565
2022-06-29,75.23725891113281,75.74712551055185,74.6317936918928,74.85486443184891,20182623
2022-06-30,74.59992218017578,76.22512048267927,73.86698489292286,75.04605633465438,19573899
2022-07-01,73.22965240478516,75.04605519956694,72.41705326582414,74.24938551568209,15324042
2022-07-04,73.19778442382812,74.13785564910808,72.32145289842498,72.87911509926954,13538427
2022-07-05,73.03846740722656,74.85487050604824,72.6879318123978,73.8669961399476,14922519
2022-07-06,73.62799835205078,73.83513236548828,71.42920067040933,73.22966707715159,21103464
2022-07-07,75.41252899169922,75.79493077633981,73.64392894315729,73.77139377346836,19351467
2022-07-08,75.20539093017578,77.26079402951508,74.39279174030871,75.87459584054812,21179418
2022-07-11,74.80706024169922,75.97019499794509,74.50432763707053,75.1416590524095,10090566
2022-07-12,74.01039123535156,75.46032915440112,73.35712306364736,74.4087297558778,12953874
2022-07-13,74.39278411865234,74.98231980713444,73.61205121462773,73.89885433164774,12866319
2022-07-14,75.65151977539062,75.826787542098,74.45651890575532,74.568054265243,16879224
2022-07-15,78.23273468017578,78.61512916577504,75.6515281401371,75.68339434727037,24300105
2022-07-18,81.08480834960938,83.10834552429108,79.39587732346534,79.58707458516572,114055476
2022-07-19,81.30786895751953,82.42320076551616,80.31999468102524,80.81393181927238,30352653
2022-07-20,81.22820281982422,82.37540087684452,80.62273758382503,82.24793604688834,16157313
2022-07-21,85.62579345703125,86.0081951886249,81.06886076218397,81.2600579811276,56209248
2022-07-22,85.02033233642578,86.07193167791297,84.57419817735443,85.99226251938735,28925541
2022-07-25,86.05599212646484,87.44219751239628,85.41866076013365,85.94446406060875,27481563
2022-07-26,85.05220031738281,86.35873661721453,83.80939642821991,86.27906745702505,16387791
2022-07-27,87.04388427734375,87.2669477487805,85.33900920967702,85.48241080245462,26434413
2022-07-28,86.78893280029297,88.2388706503373,86.40653104801811,87.31473612138423,26787639
2022-07-29,87.6971206665039,88.04765617427289,86.67738763818137,87.31472625116241,14660187
2022-08-01,90.56513214111328,91.71233738982653,86.96419995911016,88.01579930015059,24181113
2022-08-02,89.86407470703125,91.4733436840309,88.93994011918697,91.10687865769648,32577612
2022-08-03,88.22293090820312,90.5332635053576,87.31473315935312,90.18273526356137,15700254
2022-08-04,90.5492172241211,91.61675348574501,87.93614426058886,88.66908167275528,39839988
2022-08-05,87.99987030029297,90.8200695422811,85.16373430904129,90.78820333746076,80363784
2022-08-08,90.30680847167969,90.86752377749913,88.04793812570078,88.25620339165988,21774303
2022-08-10,92.08506774902344,92.37342994017905,89.95435855788062,90.29078478099967,28967340
2022-08-11,92.10108184814453,93.6390354955937,91.52435014704378,92.43750806265818,23053884
2022-08-12,93.27057647705078,93.60700271839545,92.02098491372253,92.27731420884449,13774848
2022-08-16,94.11963653564453,94.63228769735714,92.96617325517632,93.71912987811486,18326535
2022-08-17,93.3506851196289,94.74445418471367,93.11037960264585,94.60026940781536,12973041
2022-08-18,92.51760864257812,94.3599481883495,91.87679648177529,93.25454152747021,16134525
2022-08-19,91.34812927246094,93.62302327053327,90.78741400057982,92.75792201302981,17598678
2022-08-22,92.62975311279297,92.99821955507463,90.61118124011345,91.31608121686914,18811092
2022-08-23,95.62556457519531,95.99403838400934,91.92486136650982,92.05302234337984,30535758
2022-08-24,94.21576690673828,96.41056385545119,93.39872972156492,96.12219433901757,20796507
2022-08-25,95.06485748291016,95.89791117354069,94.53618244829106,94.69638367080812,22580238
2022-08-26,97.83638763427734,98.6534249418086,95.32118788345734,95.32118788345734,31345068
2022-08-29,98.95779418945312,99.742791116621,96.33045768492269,96.69892413368694,27834195
2022-08-30,98.204833984375,99.91901253264862,97.13147491846568,99.7427875416755,25458348
2022-09-01,102.46627044677734,102.78668024561756,98.04465042378567,98.31699618606004,33768936
2022-09-02,103.98819732666016,105.63829552376383,102.69054913934642,102.85075035582292,37018653
2022-09-05,105.06155395507812,105.38195635797419,103.92410709094483,105.04553016816287,24073551
2022-09-06,104.34064483642578,106.9519576033625,104.06829177462893,105.55818871955785,28364094
2022-09-07,105.4941177368164,105.65431896388448,104.37269448025569,104.58095974221524,14016204
2022-09-08,105.14165496826172,106.18298115192702,104.80522876539791,106.05482018579627,13824843
2022-09-09,105.14165496826172,106.63155186692583,104.99747021459403,105.41400068806016,16733637
2022-09-12,108.47391510009766,108.87442187344931,104.46882536595271,105.68636947704228,39074646
2022-09-13,107.59278106689453,109.45114453581598,107.35247557235368,109.09869452154494,18851928
2022-09-14,107.62481689453125,108.76226383315839,106.71165165262003,107.33644737949794,48838458
2022-09-15,106.79175567626953,110.20409648419168,104.3887008350684,110.20409648419168,25552945
2022-09-16,106.69564819335938,109.09870333284945,105.2057510734586,107.03207444617952,27675466
2022-09-19,106.21502685546875,109.33899823357078,105.7344158742223,107.99328601937236,18503444
2022-09-20,105.92665100097656,107.75297408724329,105.73440955338685,107.17624241093304,13735873
2022-09-21,104.24452209472656,106.26309414467758,103.47554890128305,106.11890937917511,16931740
2022-09-22,105.73442077636719,107.65686479048296,103.42748649271988,104.38870849977776,20701188
2022-09-23,102.51432037353516,106.69563430527693,101.98564537824562,106.26308736988828,15215768
2022-09-26,96.7950439453125,100.9283011148614,95.64158058027343,100.9283011148614,41567351
2022-09-27,95.88188171386719,97.90044617797726,94.63229034708715,97.32371452159451,28782718
2022-09-28,95.3051528930664,97.03534791369256,94.77647791442054,95.16096814129561,24892912
2022-09-29,95.16098022460938,96.79505472939293,94.53618444329494,96.0260815115415,74476855
2022-09-30,97.03535461425781,97.41984486768303,92.51761430375103,95.49740093409858,28502920
2022-10-03,94.63230895996094,99.00587227036993,94.29588270536232,97.51597514259306,21407465
2022-10-04,98.09269714355469,98.47718003403743,95.97800457819434,96.36249480221814,14768228
2022-10-06,100.59188842773438,100.92831467661465,98.4291388275212,98.95780655189243,20520361
2022-10-07,102.12982940673828,102.37013488769531,99.967080078125,101.12054345330223,20045623
2022-10-10,100.3996353149414,101.50504208548523,99.91902431327382,101.02443108381765,11511957
2022-10-11,99.05392456054688,101.31279466903273,98.57331358710131,100.92830442356798,11739022
2022-10-12,99.24615478515625,99.43839621936257,97.08340564940224,98.66942314899664,6659580
2022-10-13,97.46791076660156,100.3515767222197,97.1314845384878,99.2461699725244,7795689
2022-10-14,96.89117431640625,99.58259134358667,96.55474077115997,99.00585964730097,7476515
2022-10-17,97.85240936279297,98.76556739310791,96.07414267184957,96.60281774216395,9943468
2022-10-18,101.84146118164062,102.7546264209283,98.09270149822623,98.38106367888967,21766333
2022-10-19,101.79340362548828,104.96543158725181,101.21667193548957,102.51432007137198,22878764
2022-10-20,103.81197357177734,104.9173803126296,102.41820463779516,102.65851013217427,25579790
2022-10-21,99.5345230102539,104.72511500353663,98.71747859136632,104.34063213999016,19880033
2022-10-24,100.7360610961914,101.26472875703537,100.30350682800126,100.54381231025978,3728536
2022-10-25,100.97637176513672,101.40891872200346,99.5345387975253,100.92830773279967,13217298
2022-10-27,103.66779327392578,104.67707932720968,101.12055345707662,101.5531077657163,29990758
2022-10-28,101.26473999023438,104.34065490447658,99.870970971942,103.81197985144587,20059496
2022-10-31,102.7065658569336,103.0429920791656,101.07249144406862,101.79340792036933,12793983
2022-11-01,104.2925796508789,106.1189027888929,102.61044126941312,103.13911626557605,26521676
2022-11-02,102.94686889648438,105.97471949152187,102.65850671295885,104.29258108689453,19881462
2022-11-03,105.68636322021484,107.84911286865206,102.37015002602806,102.65851957923664,34173239
2022-11-04,104.7251205444336,107.08011854272917,104.3886943542602,106.3111381078692,22356935
2022-11-07,105.39800262451172,106.02279844372886,104.58096532255507,105.15769710431609,15333789
2022-11-09,103.86003112792969,106.88787430147353,103.47554089418946,105.92665238389358,17033165
2022-11-10,102.5623779296875,104.29258035282841,100.639934052216,103.86003341381388,12937603
2022-11-11,103.13911437988281,104.2445137149458,102.56237536423455,103.81196678675082,11075218
2022-11-14,102.46627044677734,103.47555654632149,101.36086360764384,103.13913029098755,10547759
2022-11-15,102.8988037109375,103.235229897402,101.3608428581727,102.56237019093217,11675691
2022-11-16,104.10033416748047,105.54216701005754,103.18716896705702,104.72512253243102,27372424
2022-11-17,106.31114196777344,107.03205840155157,103.908087188513,104.00420791297518,26985734
2022-11-18,103.18717193603516,107.08012365642057,102.27401404287872,106.55144866551446,23962357
2022-11-21,101.69727325439453,103.04297795891713,100.4476819332914,102.94685724195703,16407321
2022-11-22,103.2833023071289,103.61973587832908,100.97637534402008,101.12055277905792,11999335
2022-11-23,102.75463104248047,104.86931646328921,102.22595602050743,103.81197375288484,21024176
2022-11-24,102.85075378417969,103.23524405008125,101.93759581951258,102.85075378417969,12820212
2022-11-25,102.99493408203125,103.81197127816031,102.51432310389163,103.13911884218145,8834584
2022-11-28,103.23524475097656,104.53289299035535,102.80269044882236,102.9468752162071,11289089
2022-11-29,102.0337142944336,103.7158527536754,101.1686130486866,103.7158527536754,8717535
2022-11-30,101.02442932128906,102.4182056019336,100.11127136746887,102.37014156918863,27869373
2022-12-01,100.11126708984375,102.2259524365126,99.82289757277915,101.55310000808382,19098551
2022-12-02,102.0337142944336,102.32207648732145,100.25545510422914,100.49576059840655,13020973
2022-12-05,103.2833023071289,103.4274870757087,100.9283113099795,102.22595956011371,17476086
2022-12-06,101.60115814208984,104.19646183174994,101.40891668368904,103.09105511209147,13880227
2022-12-07,101.60115814208984,102.99493438289107,101.36085265231807,102.12983315300437,11943855
2022-12-08,101.21668243408203,101.40892390617454,100.20739637174118,100.9283128924012,15789329
2022-12-09,101.69727325439453,102.75461580803685,100.4476819332914,101.88951468831472,12630851
2022-12-12,100.4957504272461,102.41819418609505,99.96707546014625,101.8895192189952,19335542
2022-12-13,101.07249450683594,101.31280000621808,100.35157800868951,101.02443047354276,7421330
2022-12-14,101.36085510253906,101.55310389912869,100.78412337985364,101.07249290796722,6168426
2022-12-15,99.24615478515625,101.55308866333532,98.7655438660998,101.16859846138203,10186774
2022-12-16,95.59352111816406,98.42913030413278,94.05556744678762,98.28494554322903,38364152
2022-12-19,96.55474090576172,96.93923114833531,93.95944460208737,95.59351896609842,22872344
2022-12-20,97.37178039550781,97.66014256239826,95.1609671149758,96.84310542256375,10478941
2022-12-21,95.35321807861328,98.23688403663839,94.63230158910702,97.90045780824381,11606766
2022-12-22,94.4400634765625,96.02608127646508,93.04629448080867,95.6415910017096,14577136
2022-12-23,92.80597686767578,95.3051523272138,92.2773018921688,95.11290354814714,23099245
2022-12-26,95.40128326416016,95.97801499602605,90.97966354179914,92.85404350374877,12096095
2022-12-27,96.36250305175781,97.03535550124619,94.58424386364568,95.9299560961641,10240049
2022-12-28,95.88188171386719,96.98728833316632,95.40127077795808,95.73769696638627,9470020
2022-12-29,95.06485748291016,95.92995875158599,94.48812574830689,94.68036721532735,11367064
2022-12-30,96.02606964111328,97.41983846798598,95.40127393703405,95.54545868928943,9236774
2023-01-02,96.36250305175781,97.27566099514084,96.02607682701363,96.50668781480294,6973552
2023-01-03,96.45862579345703,96.98730082446312,95.92995809599279,96.41056909380129,8833881
2023-01-04,94.92066955566406,96.98729825826786,94.63230003119222,96.79504946410609,8927128
2023-01-05,96.07413482666016,96.26638362450424,94.48812441231172,95.16097687091155,10448282
2023-01-06,95.11290740966797,96.60280434037385,94.8726019262342,95.92995192017585,7215940
2023-01-09,96.12220001220703,97.7562744789978,95.64158901214599,96.0260792789032,11920266
2023-01-10,95.3051528930664,96.21831076504623,94.48811574442007,96.12219004171274,10397112
2023-01-11,96.3144302368164,96.84310520859238,95.68964187649702,96.45861498671358,11130194
2023-01-12,95.54546356201172,96.60280624323937,95.06485258567719,96.55474221218931,9299447
2023-01-13,96.07413482666016,96.21831959165777,93.62302315586781,95.64158786520909,11684608
2023-01-16,98.14076232910156,99.00586357461724,96.3144391071333,96.55474460124644,16485682
2023-01-17,98.90973663330078,99.00585735820245,97.56402448405386,98.3810616460298,11762030
2023-01-18,98.71749114990234,99.96708261601918,98.14075944767207,99.10198139590302,13005273
2023-01-19,98.86167907714844,99.0058638407122,97.9004570981124,98.04464186167615,4842895
2023-01-20,97.85240936279297,99.39036320342242,97.66016054925029,98.90975216987933,7912700
2023-01-23,97.61209869384766,98.52525667596419,97.17954438636457,98.38107190680316,9725869
2023-01-24,96.74698638916016,97.90044974393984,96.26637543574509,97.6120875720155,10169994
2023-01-25,95.3051528930664,96.98729121879637,94.96872669462863,96.31443148837973,9232812
2023-01-27,90.64324188232422,96.07414057605594,88.86497523017253,95.73771432662316,24624255
2023-01-30,85.50070190429688,89.3455902612486,83.62632176369993,89.3455902612486,62828817
2023-01-31,91.26803588867188,92.5176275579364,85.59683133896758,86.79835896959013,59004021
2023-02-01,87.42313385009766,93.47883509837013,85.59681800292672,93.23852960968537,44092961
2023-02-02,89.48976135253906,89.87425159612918,84.87590043008188,86.07742785783762,24502896
2023-02-03,90.21067810058594,90.73935310392274,88.14404945146228,89.77813115861326,15906920
2023-02-06,90.83548736572266,91.31609840998574,89.58589571722162,89.87426527719649,7015869
2023-02-07,90.78740692138672,91.41220263272834,90.1145545144288,90.83547095054423,10315670
2023-02-08,92.3734359741211,92.56568478099106,90.69129741510494,91.26802916863062,11577350
2023-02-09,92.08506774902344,92.95016165603194,91.8447622562896,92.61373543291289,6577385
2023-02-10,93.10070037841797,93.48761385594277,92.23014689892736,92.42360732757015,10685751
2023-02-13,91.55306243896484,94.01962225258374,91.35960199216869,93.10070911452677,13582939
2023-02-14,91.50470733642578,92.03671440933294,90.05378700641978,91.69816780828404,9624926
2023-02-15,91.55306243896484,91.6981559291216,90.34396232059437,90.97269585809931,11575131
2023-02-16,94.55162811279297,95.1803616426922,91.16614782230934,92.7621614352039,32927840
2023-02-17,93.2941665649414,95.42218730111432,93.0523465299055,94.35818062290876,20383244
2023-02-20,91.7948989868164,93.58436600817784,91.11779837078586,93.5359990428318,17505922
2023-02-21,92.42362213134766,93.0523483307996,91.5047015525698,92.81052829108364,11933886
2023-02-22,91.89160919189453,93.00398277911712,91.69815612444776,92.56870230771969,14589841
2023-02-23,92.27852630615234,92.56870591864183,90.58578607079752,91.9883393139011,16196352
2023-02-24,92.23015594482422,92.76216295106995,91.8916093861958,92.52034292636944,8061923
2023-02-27,92.27852630615234,92.56870591864183,90.10214600355329,92.23015934752321,13928820
2023-02-28,91.50470733642578,93.00399462933694,91.31125424432996,92.03671440933294,10965145
2023-03-01,93.87454223632812,93.92290181634547,91.6981618819752,92.08506804116172,14285091
2023-03-02,93.53598022460938,94.3581741915005,93.05234018750227,94.01962026171647,10048980
2023-03-03,92.71379852294922,94.50326527858758,92.47197849165319,94.06799217415939,7938348
2023-03-06,93.2941665649414,94.06799362896098,92.76216691571953,93.1974400268794,8289319
2023-03-08,92.95561218261719,93.2457991521863,91.40796556435808,93.10070566740174,14292676
2023-03-09,92.32687377929688,93.72943421826118,92.13342072966908,93.00397421251576,7884249
2023-03-10,91.7948989868164,92.37526567215487,90.48907209986416,91.21453230147793,9620249
2023-03-13,89.32830810546875,91.79487510103984,88.8930350496672,90.97268856243643,11482697
2023-03-14,89.71522521972656,89.90867827907756,88.21593818059216,89.81195174940207,14285446
2023-03-15,89.57015228271484,91.16616621765016,89.18323869549373,90.44070600902164,8318506
2023-03-16,88.8930435180664,89.6668631776272,86.71666327220397,89.6668631776272,12278142
2023-03-17,90.34396362304688,91.60142333642358,89.86032356872623,90.05377663854986,13158718
2023-03-20,89.61849975585938,90.29559285140155,88.74794621890425,89.95704630363046,6579446
2023-03-21,90.05377960205078,90.39232617526385,89.3283194966963,89.95705306395588,5886671
2023-03-22,89.61849975585938,90.87595941611788,89.47340626973998,90.44068633752096,6096408
2023-03-23,89.08649444580078,89.7152279776612,87.87739433828513,89.27995489086013,9969670
2023-03-24,89.13519287109375,92.00737788677363,88.79441886232297,91.4718822399804,16650432
2023-03-27,89.32989501953125,91.27714068753193,88.94044440030056,90.64428435980116,15959308
2023-03-28,87.91815185546875,90.0601192889168,87.62606201083796,89.32990210549315,14999850
2023-03-29,89.13519287109375,89.6220043943042,87.52871335886843,87.82079581590209,36103221
2023-03-31,94.97692108154297,95.85317578791047,91.7639623976836,91.7639623976836,64455094
2023-04-03,94.05197143554688,96.38866790058567,93.27307756596947,96.33998378392002,24154016
2023-04-05,95.65843963623047,95.85316122402544,92.5428496625964,92.5428496625964,24875169
2023-04-06,96.145263671875,96.38866940268987,94.97691913522496,95.0255958244959,11440418
2023-04-10,97.26493072509766,97.89778710567981,96.14526288686051,96.29130780978767,10870304
2023-04-11,97.36229705810547,98.28723590889597,96.19395246466972,97.75174773196865,8458648
2023-04-12,98.14120483398438,98.43328728739755,96.87549191806454,97.50834837602446,8938731
2023-04-13,98.23855590820312,99.11481803784092,97.84910524745816,98.14119510005527,9153834
2023-04-17,98.72537231445312,98.8227331274701,97.3622986477538,98.33592163423134,8323162
2023-04-18,100.23448181152344,101.11074397034027,98.53064161366161,98.72537066459523,19758227
2023-04-19,98.72537231445312,100.38052842020339,98.57932738085071,100.28316760718641,11271768
2023-04-20,100.1371078491211,100.57524258506614,98.67667358560989,98.82271849759157,13241812
2023-04-21,100.08844757080078,100.7699807008979,99.50426782711295,99.99107932808347,5625649
2023-04-24,99.11481475830078,100.47788088357635,98.82272491536843,100.0884376638709,5994078
2023-04-25,98.48196411132812,99.30954214356038,98.09251344082067,99.11482052238351,5696053
2023-04-26,98.9687728881836,99.21217862208067,97.75174421869819,98.14119487856422,4576455
2023-04-27,98.77404022216797,99.40689659272448,98.48195780909413,98.53063449719649,5362153
2023-04-28,100.57525634765625,100.72129385146873,98.57932627647595,99.26085938811353,11812226
2023-05-02,101.54888153076172,102.32777547125764,100.76998016211184,101.25679166047952,13598952
2023-05-03,103.5447998046875,103.73952885262871,100.91602079678714,101.4028322744097,16034319
2023-05-04,104.42105102539062,105.39467387877421,103.69083388535293,104.1289611981144,15414305
2023-05-05,103.49610900878906,105.10258072348164,103.00929759751187,104.22632612570483,9315810
2023-05-08,104.4697494506836,104.66447107677418,103.20403659663314,103.4961264639229,6721354
2023-05-09,104.7131576538086,105.29732997393815,103.78821133779556,104.37238365792513,10063354
2023-05-10,105.19996643066406,105.7354546151662,104.42106507191967,105.05392149738026,10360986
2023-05-11,105.7354507446289,106.12490140974494,104.66446698667505,105.39468419820999,9435021
2023-05-12,104.4697494506836,105.78413899717975,103.78820890305877,105.78413899717975,6855025
2023-05-15,104.81050872802734,105.73544752992231,104.08029153869342,104.27501315125444,7833289
2023-05-16,105.58939361572266,106.22224994488975,104.56709409459371,104.85917648856508,9051577
2023-05-17,105.3946762084961,106.855110520854,105.10258637476329,105.9301717609552,9456088
2023-05-18,104.95655059814453,106.36830081852501,104.4210550369502,105.63808365043445,7220608
2023-05-19,104.17766571044922,105.00524381223781,102.91195278195774,104.95656711692926,9255095
2023-05-22,107.53665924072266,108.36424474757538,104.76183512830771,105.68678145121544,27946526
2023-05-23,105.05391693115234,108.1208306841917,104.90787200421646,108.02346244746542,15214733
2023-05-24,105.93017578125,106.41698723717825,104.46974141346523,105.05391367494848,10722681
2023-05-25,106.70906829833984,107.82873611838258,105.15127314478843,105.15127314478843,11158044
2023-05-26,107.7800521850586,108.07214202666222,106.22225702886348,106.66039179126892,7958341
2023-05-29,108.5102767944336,108.85105077570037,107.29324808463441,108.07214943016739,10330215
2023-05-30,108.3155517578125,109.62994123733277,108.07214602352528,108.51027337398087,7803617
2023-05-31,109.19182586669922,109.48390832299718,107.29325647406803,107.63403048198047,15741522
2023-06-01,109.92203521728516,110.45752339593238,109.04577305531703,109.24049467879715,9185292
2023-06-02,110.31147766113281,110.50619927008313,109.04576491849612,110.40883846560797,9939324
2023-06-05,112.59950256347656,115.52037159273327,110.3601666697848,110.3601666697848,35214281
2023-06-06,114.93618774414062,115.37431508332229,112.84289699750452,113.18366353110731,18999553
2023-06-07,114.93618774414062,115.86112653937006,114.40069217122674,115.61772081134617,11262532
2023-06-08,114.44938659667969,115.56904710391602,113.32971866128938,115.37432547521944,11188999
2023-06-09,117.17552185058594,118.24650562187118,113.62179655791581,114.88750937825981,19873573
2023-06-12,115.95849609375,120.6318893956667,115.61772953443717,117.75969713139257,24331332
2023-06-13,118.87936401367188,119.2201305700129,115.76377345833414,116.73739643539642,16552079
2023-06-14,118.19782257080078,119.90166266057876,117.9057327270061,119.1227613625618,8660080
2023-06-15,118.73331451416016,119.51221583710945,116.88343687142425,118.19782635426685,13948239
2023-06-16,121.89759063720703,123.89352066036433,118.44123361398688,119.07409001851141,32649860
2023-06-19,121.55682373046875,123.01725815437062,121.16737306513086,123.01725815437062,10053869
2023-06-20,121.84891510009766,123.40671035264627,120.63188639839503,121.7028701702626,15471361
2023-06-21,119.56089782714844,122.96857805512568,118.53859078749392,122.82253313115312,14141162
2023-06-22,120.19375610351562,123.99088728045166,119.56090709748793,120.29112434581586,25032998
2023-06-23,116.88343811035156,120.63188498195113,116.34794251662865,120.48584005383091,12413343
2023-06-26,118.19782257080078,119.31749040114269,116.83474901334773,117.8083719217923,17369553
2023-06-27,115.27694702148438,119.36616002362345,114.79013559607958,118.87934859821866,19093714
2023-06-28,117.56497192382812,119.17145128667887,114.98486960508647,116.0071766800334,61890385
2023-06-30,122.43309020996094,123.35802907328757,117.56497529107581,118.19783171616166,27973500
2023-07-03,120.48583984375,122.67649147727272,119.46353277684462,122.67649147727272,15492508
2023-07-04,118.83068084716797,120.9239641912753,118.34386938516099,120.72924257773387,7595425
2023-07-05,118.5385971069336,120.48584305530211,117.85706399626612,119.31749845754251,15615891
2023-07-06,121.50814819335938,121.8002306240203,118.68464012804849,119.07409079708339,16906327
2023-07-07,120.7779312133789,122.57913220455524,120.38848054357366,121.07001364461756,22837962
2023-07-10,119.755615234375,121.36209448534481,119.26880379033283,120.92395972881496,9068813
2023-07-11,124.0395736694336,125.25659501074381,120.1450816071478,120.19375830103391,46215137
2023-07-12,124.282958984375,125.1105369258806,123.21197532900582,124.91581532605089,18031857
2023-07-13,122.18966674804688,125.40262509993393,121.70285532673991,124.38031814392819,12374030
2023-07-14,123.79615020751953,124.13691672859487,120.82659746353507,122.6764824141408,9577719
2023-07-17,123.79615020751953,124.8671338858219,123.0659330502925,124.42900656274689,9411535
2023-07-18,123.74747467041016,124.91582665985342,121.94627371002453,124.331646951055,8994063
2023-07-19,123.55274963378906,124.38032762748018,123.35802059352721,124.38032762748018,8975718
2023-07-20,122.67648315429688,123.89351175701808,122.23835582857849,123.65010603647384,10187180
2023-07-21,121.65419006347656,123.30935360927693,121.45946843604308,123.01726373997276,9926528
2023-07-24,122.67648315429688,124.38032319810655,121.70286027211992,122.04362679525124,13121674
2023-07-25,123.69879913330078,123.84483663370827,122.04363565653087,123.21198765686616,7151050
2023-07-26,122.67648315429688,123.99087255960515,122.33571663116557,123.69879015184392,12681896
2023-07-27,123.89352416992188,125.40264275975613,122.67649544526645,122.8712170699498,11597763
2023-07-28,126.71702575683594,128.22614435724853,124.62374227827858,125.8407710114649,37245053
2023-07-31,127.25253295898438,127.54462285280988,125.45133918362711,126.86308967142311,16197160
2023-08-01,127.00910949707031,129.73525669915833,126.61966626376078,127.54460508510124,17079508
2023-08-02,122.04363250732422,127.25251368513437,120.43715319091271,127.00910795319788,20816954
2023-08-03,121.36210632324219,123.16330735626028,120.24243840709995,122.23836849362105,12415922
2023-08-04,124.2342758178711,124.6724105630589,122.18966929145346,122.96857055301872,10589274
2023-08-07,125.15923309326172,125.79208206773066,123.26066388539405,125.061864855817,8339894
2023-08-08,125.74339294433594,126.57097836075584,124.23428189000353,125.30526560588696,12505272
2023-08-09,128.2261505126953,128.90768366473483,125.5973712940809,126.37627269197256,13111006
2023-08-10,125.98680114746094,129.63788713345352,125.69472615362706,128.1287834776221,11116731
2023-08-11,128.56690979003906,129.73525432489308,126.13285248563207,126.76570144225516,10967883
2023-08-14,127.05778503417969,128.46953522996492,126.03547804540209,128.46953522996492,8529502
2023-08-16,127.83670043945312,128.4208653145559,126.03549198119391,127.30120482837815,7062446
2023-08-17,125.88050842285156,128.71698577757562,125.4403697594743,128.57026294011123,7162118
2023-08-18,124.36446380615234,126.76079492659197,123.97322531074856,125.44036407182251,8997702
2023-08-21,126.41846466064453,126.85860333220161,124.36447175628797,124.41337190743093,5063202
2023-08-22,130.37973022460938,130.77096124577352,126.51626792371293,126.85859133610487,20596242
2023-08-23,130.4775390625,132.43372414544308,129.89069249232173,131.0154929452109,19426832
2023-08-24,131.4556427001953,132.53155055643492,130.67318054057637,132.09141186052202,17543374
2023-08-25,130.4775390625,134.92786311109705,130.13521562768963,134.24320131696854,33919926
2023-08-28,131.94467163085938,133.41181037363916,131.65125582190907,133.11839456468886,13346571
2023-08-29,131.6023712158203,132.87389466672147,131.16223250095328,132.33594071543524,11118400
2023-08-30,131.6023712158203,132.53155626376395,131.30894043107241,132.53155626376395,12555619
2023-08-31,130.28192138671875,132.09139852834983,129.3038288614063,131.60235226569358,14954352
2023-09-01,134.83004760742188,135.36798650496382,130.96657056467157,131.11329338405164,23415545
2023-09-04,137.47091674804688,139.23148639800488,136.15048577945123,136.44391654186234,28262276
2023-09-05,136.63951110839844,138.79131149504522,136.15046488759208,138.2044649847813,11695197
2023-09-06,135.27020263671875,137.66652639908364,134.7322487493696,137.42200326160747,10151022
2023-09-07,136.7862548828125,137.91105539316612,134.5855465520705,135.41691630009012,18438943
2023-09-08,140.16067504882812,141.13876766616187,137.12858196528992,137.47092035116032,16579557
2023-09-11,141.52999877929688,143.9263227074724,139.9161519300892,141.18767531784832,19902175
2023-09-12,131.21112060546875,141.77452401536456,130.67318159750693,141.43220054888968,48752780
2023-09-13,132.87388610839844,133.94977901716362,130.37974698545167,132.0425014259133,19282289
2023-09-14,133.80307006835938,135.66144003027063,132.53154670912656,134.97677819822482,13197189
2023-09-15,132.72715759277344,135.17238899619414,132.1403110106573,134.48772718813797,9651337
2023-09-18,136.8351593017578,141.82343791548573,135.95488186381044,141.82343791548573,51859825
2023-09-20,133.90087890625,137.03078735136071,133.2651246483735,136.93297211575992,19080613
2023-09-21,132.28701782226562,134.9767723436056,131.65126363247936,133.99867979039107,9531884
2023-09-22,133.06948852539062,133.90085820140598,131.1133035119325,131.21110380790105,12604969
2023-09-25,133.60745239257812,133.85197553756856,130.6731746526929,133.31402163368793,14984591
2023-09-26,134.6344451904297,135.27021435766082,132.92278307978378,133.6074598636495,12315581
2023-09-27,133.60745239257812,134.53663735864012,132.72716011590754,134.38991451694085,8713378
2023-09-28,132.09141540527344,134.9767857386988,131.65127669754912,133.90087785358656,22012674
2023-09-29,135.27020263671875,135.61252607448063,132.77606364956023,133.0205867870364,8504659
2023-10-03,136.15048217773438,137.51982072459222,134.1942970460873,134.87895885726215,19010910
2023-10-04,135.8081512451172,136.101567059077,133.55853548287888,134.9767666402115,14912053
2023-10-05,135.90594482421875,138.2533756914228,135.07457518491225,136.443898664068,15996620
2023-10-06,135.95484924316406,137.42198790406152,135.61251091915216,135.95484924316406,4987359
2023-10-09,132.77606201171875,134.585539176525,132.0914002201326,133.216200668845,10489249
2023-10-10,136.88404846191406,137.9110486173705,133.50963217213527,134.3899094913792,15593722
2023-10-11,134.7322540283203,137.42200864594557,134.48773088126347,136.88405473751882,10778916
2023-10-12,135.17239379882812,135.66144009688793,134.19430120270852,134.92787064979822,7567439
2023-10-13,134.4388427734375,135.17241232104575,133.31404210357576,133.31404210357576,8303230
2023-10-16,134.389892578125,134.8789387882703,133.55852297558155,133.99866157981114,7785480
2023-10-17,135.51473999023438,135.8570634639074,134.48773972019643,134.48773972019643,6076896
2023-10-18,134.047607421875,135.90597758071192,133.4118382126338,135.710362025757,6806231
2023-10-19,133.99868774414062,134.1943032814931,132.09141013706375,133.02059513286952,7775836
2023-10-20,131.26002502441406,133.90087208142847,130.57536318363384,133.70525654470683,8982112
2023-10-23,129.79287719726562,132.9227703433583,128.52135390914768,131.35783123256584,19333777
2023-10-25,128.32574462890625,131.70016107439812,126.4184670661942,129.5972679788838,10225867
2023-10-26,126.02723693847656,127.34765298809975,124.21775966644537,127.15203745384173,18167694
2023-10-27,129.30381774902344,129.939586790543,126.41844803222213,126.41844803222213,8761931
2023-10-30,129.05929565429688,131.0154805522006,127.93449530780478,130.57534193507354,9052085
2023-10-31,130.33082580566406,130.7220568364035,127.88559455227448,129.5972564296472,8098744
2023-11-01,129.4994659423828,131.6023741766296,129.15714245623334,130.81989704120082,10431945
2023-11-02,131.7979736328125,132.0424967749884,130.3797423930939,130.77097345077206,4885035
2023-11-03,132.9716796875,133.99867985376255,131.79797160798907,132.18920265965673,9154983
2023-11-06,134.6344451904297,134.97678358236254,133.02059831305294,133.94978333107315,7070089
2023-11-07,135.02566528320312,135.90594251563508,133.70523451004885,134.5366190597395,8587321
2023-11-08,137.32418823242188,138.0577576458953,134.68334132881913,134.7322489412856,9755483
2023-11-09,134.9278564453125,136.884041431615,134.5855330274138,136.884041431615,5481774
2023-11-10,135.75924682617188,136.05267757153726,134.0475848901328,134.48772354592703,5781314
2023-11-13,140.25848388671875,141.04096101307968,136.00378969724142,136.1015900102179,20245049
2023-11-15,139.9161376953125,142.21464615808074,139.37818382547061,141.33436886161758,11440473
2023-11-16,139.47601318359375,141.1876752637069,139.08476718200538,140.11176741497505,11453235
2023-11-17,142.89932250976562,143.29055354623225,138.6935217074662,139.72052183382533,13496261
2023-11-20,140.69862365722656,143.5350861705204,140.01394691135505,143.19274779758462,7741502
2023-11-21,139.72052001953125,141.38327428968432,139.1336585479444,140.99202833379073,9972235
2023-11-22,138.742431640625,140.30737073719513,137.07966239653953,140.1117552156873,7445272
2023-11-23,136.2971954345703,139.4270884402484,136.0526723103063,138.74242667721057,13138745
2023-11-24,137.27529907226562,139.03585377023956,134.3410213429647,136.8840530869872,19614754
2023-11-28,138.2044677734375,138.6935140041117,137.32417560351996,138.54679118020553,8595693
2023-11-29,137.91104125976562,139.52488790044944,137.42199501416363,138.93804136043124,14680789
2023-11-30,142.70367431640625,143.14382783331564,137.6665044570517,137.91102755555445,27591484
2023-12-01,144.2197265625,147.00729597218103,143.53506484286964,144.70877278002254,34466616
2023-12-04,150.18612670898438,154.0495896225529,148.27884906046413,148.6700801436701,51416976
2023-12-05,148.67005920410156,151.70215190767226,146.6649666049343,150.33281346029867,29109123
2023-12-06,152.72914123535156,153.7072337566782,148.523355333253,149.25692472424797,26688698
2023-12-07,156.83714294433594,158.2553741260267,154.7831426642958,158.2553741260267,51346222
2023-12-08,155.27218627929688,158.79332529228387,153.85395512180477,157.81523278028828,22869782
2023-12-11,157.7174072265625,159.67359212239583,155.66340711613498,156.2991761619846,22941648
2023-12-12,157.27728271484375,159.2334677861117,156.49480570143504,158.89112942883673,16306341
2023-12-13,159.28237915039062,160.30936439739529,155.90794788334773,156.69042491519113,16804086
2023-12-14,160.4071807861328,160.74951915395525,159.03785716385934,159.5269034467439,13887946
2023-12-15,165.3465576171875,166.4713581414812,161.62980273874723,162.3633721914193,39766631
2023-12-18,168.9165802001953,170.53044186049013,165.73777941645724,167.98739526369653,35901409
2023-12-19,169.2589111328125,170.5793270610881,167.35163373118735,169.11218830222148,14732129
2023-12-20,163.58599853515625,172.43774015529385,162.51009063178782,169.94360086985589,24511237
2023-12-21,166.91148376464844,168.08520673666786,160.45608204107944,161.3852669568385,22646625
2023-12-22,170.9705810546875,171.4107197181349,165.68887231979485,168.18301131200738,19640046
2023-12-26,177.9639434814453,180.45808256686465,174.10048074201578,174.10048074201578,52736391
2023-12-27,176.2522735595703,180.84930553448572,175.1763807151689,179.96902821411112,26206240
2023-12-28,178.69749450683594,180.21354084757857,176.83912475012366,177.52378650656993,20453485
2023-12-29,180.1646270751953,181.14271952937608,177.13254942193882,178.94201150746935,19305150
2024-01-01,180.89820861816406,182.9033012693877,180.40916235808547,180.75150070994346,18008785
2024-01-02,178.15956115722656,182.12083917295163,175.81214488654211,181.9252236378127,22790965
2024-01-03,178.35519409179688,180.65370277946437,176.64353201768947,178.35519409179688,18738690
2024-01-04,182.80548095703125,183.5390503267216,178.50187995798404,178.50187995798404,25403124
2024-01-05,181.87631225585938,184.51715923680902,180.01794232376733,183.587974270763,22023938
2024-01-08,179.5778045654297,183.39235967690595,179.18655857674725,182.65879023819835,11472441
2024-01-09,180.60476684570312,182.6098593744538,180.164628223418,180.84928996080671,11550790
2024-01-10,181.53396606445312,181.92519707761315,178.0617348557587,180.3602431759601,8701594
2024-01-11,180.31137084960938,183.53906438384803,179.7734169524002,182.90331018456058,10942508
2024-01-12,179.47998046875,181.43616554197888,179.0887494239073,181.2894576312898,8853157
2024-01-15,184.51715087890625,185.73976654845774,180.066841781345,180.84930387025182,24570393
2024-01-16,182.7076873779297,186.08210361763173,181.0449330637512,184.7616727338534,16471601
2024-01-17,181.5828857421875,184.3704556300043,179.7734233816911,182.21865488872032,16350370
2024-01-18,184.0770263671875,184.85950344072725,176.05666994354976,181.5828872247521,24831623
2024-01-19,187.64707946777344,189.45654190202401,185.83760210901352,185.83760210901352,22303305
2024-01-23,183.00112915039062,191.21710091825122,180.36026722367757,190.97257777129693,26628471
2024-01-24,185.10403442382812,186.033219458491,179.96904799991742,182.70771041090504,14742783
2024-01-25,185.5441436767578,187.79375940452596,184.17482015090266,186.57114378340273,12592882
2024-01-29,186.7178497314453,189.4565116789632,183.44124885587613,185.8375724632642,28919512
2024-01-30,183.7835693359375,188.13609277160748,182.903292081817,187.7937544369458,20894159
2024-01-31,181.82740783691406,184.95731608734127,180.80042254953304,184.07702379521788,23757415
2024-02-01,179.3821563720703,184.2726188132337,177.57269422354403,183.5879570563722,27835431
2024-02-02,180.55589294433594,183.63687854533325,179.82232352271677,180.94712399939627,27710061
2024-02-05,177.57269287109375,182.9032939064609,174.8829385489399,182.9032939064609,23880364
2024-02-06,179.08876037597656,179.52889905946796,176.7413291898415,178.4040836188693,12134363
2024-02-07,177.71942138671875,180.11574525768094,175.7143285836452,180.11574525768094,14192151
2024-02-08,180.75149536132812,183.0011110760227,177.7683102782227,178.2084489143678,29094709
2024-02-09,177.36424255371094,182.32239365490722,173.28973079660426,182.12603434997217,21081134
2024-02-12,171.47335815429688,179.7696766210656,170.49154673633637,177.9533195053374,19640568
2024-02-13,173.38792419433594,173.6824556717358,168.62613222630216,171.57156685034238,13961795
2024-02-14,178.29698181152344,178.8369661739888,172.11156610789445,174.02609561630803,23449380
2024-02-15,182.56785583496094,182.91149587204995,179.27879611124007,179.67151474112288,17335763
2024-02-16,184.87510681152344,186.9369019545396,183.45148314536252,185.56237185919548,29843059
2024-02-19,185.31692504882812,188.99871826171875,184.87511285953224,186.49509588070214,25343215
2024-02-20,187.182373046875,187.96782531263312,182.86240805708908,185.66057707220997,17809897
2024-02-21,185.26785278320312,189.04783357565756,183.59877599765758,187.82056903021868,17870782
2024-02-22,191.20779418945312,192.43505859375,185.26783147640526,186.29873657226562,31992371
2024-02-23,201.56590270996094,203.23497925347286,192.3859592487636,192.72959926415777,76179371
2024-02-26,200.53501892089844,203.13681366347743,199.11139509984096,201.9095491657975,27013630
2024-02-27,201.61500549316406,205.19861161742563,199.4059295307755,199.8477417270022,28877205
2024-02-28,201.9095458984375,205.19862069149733,197.7859402492136,202.44954526492944,38996363
2024-02-29,201.3695526123047,202.15498985838707,196.11685488691163,201.71317766215194,24059731
2024-03-01,201.86045837402344,204.26589364788293,201.0750061467159,202.20408342385755,12949604
2024-03-04,205.78768920898438,209.07674863041905,202.59680194537,204.16769130178156,34272251
2024-03-05,206.91676330566406,209.8621976587696,206.03313899223394,207.16221616842284,24964592
2024-03-06,206.62222290039062,209.5676573394019,201.8604462127416,207.94767439044742,26236957
2024-03-07,211.2858428955078,212.85674737047657,207.30950311551314,207.6040495772267,41484038
2024-03-11,208.68405151367188,212.51311063158104,208.04586500651664,212.51311063158104,22800967
2024-03-12,200.53501892089844,207.5058872602228,197.83503702600262,207.16224720837,34719550
2024-03-13,186.83872985839844,201.860448676987,184.77691973341894,200.38773143950291,41620003
2024-03-14,191.69871520996094,193.56415126047474,182.86241079567336,185.56239270003903,34622781
2024-03-15,185.41510009765625,193.1714046343086,175.84243836863715,193.1714046343086,88781999
2024-03-18,186.4459991455078,188.50780930225307,183.6478453399303,186.54418628868794,22999225
2024-03-19,182.02786254882812,188.94963724527554,181.1933316872034,186.54420184925993,27819341
2024-03-20,184.04055786132812,184.53146359847824,179.1805940597928,183.50055855421215,16235947
2024-03-21,193.2696075439453,193.9077790521211,186.54419250583803,186.54419250583803,43152810
2024-03-22,194.5997772216797,196.02848143990778,189.91952941508234,193.61446189397498,31321524
2024-03-26,196.47186279296875,197.55571562575042,193.07252804974362,194.10711211108645,25723863
2024-03-27,196.52114868164062,200.9550678724084,195.09244439378156,197.0630751452339,37817130
2024-03-28,198.54104614257812,199.47709273283252,196.0777577288985,197.55573077710628,17425093
2024-04-01,208.00009155273438,209.62585598479183,200.7580171887254,201.98966146595686,45840349
2024-04-02,217.75469970703125,219.38046407557147,209.47805650128532,210.61116317818068,93873385
2024-04-03,218.2473602294922,222.1393530370245,215.63628044379476,218.44442030176222,47658754
2024-04-04,217.06497192382812,220.61209811906934,215.04507247439858,220.21797799783772,18279026
2024-04-05,221.2032928466797,222.68126585010964,215.53772966686495,217.11424021774442,25365958
2024-04-08,220.2672576904297,222.38567975781893,218.83855338674488,222.2378884637107,16422350
2024-04-09,224.7996826171875,225.5386691018393,217.95174419969126,221.49888533990728,29048035
2024-04-10,225.39088439941406,229.43068331401247,223.1739248807313,225.63721323482326,37218693
2024-04-12,230.0711212158203,231.94321426107675,227.16444410461978,227.9034305753344,57174716
2024-04-15,231.00718688964844,234.50505948129228,222.6812749696305,226.62253647351775,51676313
2024-04-16,230.02186584472656,233.47046957563617,226.6225308883452,229.08581926756634,32508661
2024-04-18,227.75563049316406,233.91385125097963,225.83426862366932,232.14029570050366,18623078
2024-04-19,229.8740692138672,231.05644460147255,222.38566670116865,225.1938214021103,27227241
2024-04-22,229.8740692138672,232.6822088800901,228.88875388507628,232.53441759465895,17549094
2024-04-23,230.9086456298828,232.63294739787085,228.34681984641333,230.8101080863962,19202860
2024-04-24,233.02708435058594,235.63816405986543,230.66233348311465,231.79544014154476,33392337
2024-04-25,234.11093139648438,236.52495097871298,231.99249438923638,232.92854095768598,16197834
2024-04-26,235.44110107421875,238.1014495258191,234.4065169445077,234.9977121714052,20473627
2024-04-29,231.94320678710938,236.67272305422617,231.40129542048874,236.62345428415583,19876408
2024-04-30,230.31747436523438,233.81534703633486,229.77554788919574,232.8300316379809,14514418
2024-05-02,231.3027801513672,233.9138598346089,227.36151872173795,231.253511376553,19171145
2024-05-03,230.6623077392578,234.50503122869816,227.75561570255653,233.61825351104812,15782582
2024-05-06,228.44534301757812,232.3866039535918,226.62250382078489,231.64761752808923,32422021
2024-05-07,224.06069946289062,232.33735723484295,222.13933758118125,229.08581364710165,26418769
2024-05-08,228.19903564453125,229.23360470964133,221.30182835863096,223.86363918684842,18952985
2024-05-09,222.87832641601562,234.70211047028403,221.99154862583305,231.0564467271617,35229412
2024-05-10,223.76512145996094,225.14455693275102,219.87311380905936,224.55336171028725,18478580
2024-05-13,221.44961547851562,225.34160793826888,217.7546830734236,225.04601033891782,32874369
2024-05-14,227.55856323242188,228.49460975103526,222.4349267310533,222.4349267310533,23191411
2024-05-15,229.43067932128906,231.05644359280942,226.17913574352966,228.39609522363125,33045920
2024-05-16,234.40650939941406,236.47567759223358,224.15923605097143,231.30277214490349,55556781
2024-05-17,244.55526733398438,245.98397158729173,234.35726246267802,237.4609998072671,82231249
2024-05-21,270.12420654296875,278.84425370633016,267.06972283830487,278.84425370633016,127035921
2024-05-22,279.4354248046875,280.3222025598824,260.4188214927066,272.9323378175305,85801218
2024-05-23,284.2634582519531,288.9929595677121,279.04129929624276,282.09575260839256,70631009
2024-05-24,292.835693359375,295.496026393069,281.80015094494615,283.7707813711346,63609206
2024-05-27,290.1261291503906,298.74763882885173,285.39659722797114,297.318919482931,49890427
2024-05-28,284.85467529296875,291.4070163932488,280.86413006147427,291.35776265324847,33893805
2024-05-29,287.8598937988281,289.633479595628,280.81489456314944,281.2090147170693,31645904
2024-05-30,286.38189697265625,291.9489226184073,285.39658163466714,288.6973940308183,42769599
2024-05-31,291.6040954589844,292.8357396701316,282.0957780933771,289.8797935633783,51397345
2024-06-03,313.9707336425781,318.2568614750932,304.758029007043,318.2568614750932,67256146
2024-06-04,251.79733276367188,307.41837951124705,226.6717921305411,307.41837951124705,268052657
2024-06-05,256.5268249511719,260.615877122765,226.62250184588265,260.615877122765,193487058
2024-06-06,269.63153076171875,277.36626202204695,263.07918991078697,263.07918991078697,95502477
2024-06-07,279.04132080078125,280.37147247561035,264.7542481411464,269.97640749930656,60109827
2024-06-10,279.23834228515625,287.7120596447448,276.9721291855918,284.6575762853141,42363741
2024-06-11,281.99725341796875,286.2340972182088,281.1597293915668,282.78549363726654,32269277
2024-06-12,286.2341003417969,288.69738864077965,281.84943514183266,283.67227449696736,33990756
2024-06-13,296.48138427734375,298.55055253653416,282.8347605980073,289.5841767930014,49511492
2024-06-14,305.0536193847656,305.9403971306774,297.0725595326868,300.5211630430165,67366844
2024-06-18,313.57659912109375,316.2862162384009,307.66470722878717,308.4036937153255,64859245
2024-06-19,304.7580261230469,315.2023748604997,299.63440433805516,315.2023748604997,58698689
2024-06-20,307.31982421875,308.74854337649316,297.81153795387803,305.250656154563,39505506
2024-06-21,300.471923828125,309.38901559373625,299.63439977839454,308.10811768433985,37620968
2024-06-24,305.201416015625,307.3198379095136,293.08204978030955,300.3240932234359,39139609
2024-06-25,305.15216064453125,310.32506597303615,304.65950299419745,306.33452096367034,29124110
2024-06-26,302.343994140625,306.9257040947657,301.3586788786835,305.4477312018535,24238007
2024-06-27,300.0285339355469,303.6249290673561,296.7770052014595,301.6050445612471,39996580
2024-06-28,301.407958984375,305.25068282826186,298.3042216515986,301.5064965330773,24256902
2024-07-01,303.13226318359375,307.9110486728846,301.35870757101327,306.38382189924243,39495237
2024-07-02,301.60504150390625,304.46245006996315,298.55055783559493,304.46245006996315,23974162
2024-07-03,309.88165283203125,310.81771436756526,301.26014420792865,302.49178829708615,44919849
2024-07-04,312.6898498535156,313.8229565556055,308.45297556949976,312.73910359599955,35591681
2024-07-05,319.2914123535156,322.00102944053475,309.8816632245512,312.9854004194312,63125211
2024-07-08,329.6864929199219,330.8688531935243,320.81865555544397,323.6268100680824,70983243
2024-07-09,329.8835754394531,334.3667784362416,323.87317570901234,333.03659666643756,52225572
2024-07-10,328.9475402832031,335.4998814398739,319.38996922468823,335.007223757877,46779965
2024-07-11,330.57330322265625,333.23366672197017,328.11001482308353,330.57330322265625,31919433
2024-07-12,328.2085266113281,332.5439078403972,323.2819501988778,331.9527126570159,24517961
2024-07-15,326.53350830078125,331.1152187671687,326.1393881658281,331.06596502633914,22021426
2024-07-16,321.3605651855469,329.489416059057,319.7348010247319,328.35630952693964,26585927
2024-07-18,308.94561767578125,321.9025386555921,307.71397348145996,321.7054635567253,48043715
2024-07-19,301.80206298828125,312.24641113462104,300.52116513188713,305.3492040660203,43313606
2024-07-22,307.71392822265625,310.0787087834901,292.93420006461446,301.50645442405227,39386992
2024-07-23,297.0232849121094,312.34492454581,276.9721141836887,312.34492454581,76513131
2024-07-24,295.693115234375,301.9991268779725,294.9048449855282,298.05786584204463,24099148
2024-07-25,297.0232849121094,298.94463154825434,289.09147935438017,293.5746816442534,27820556
2024-07-26,305.34918212890625,305.9403772776291,297.56519786745247,299.3387532441867,24512844
2024-07-29,316.631103515625,320.81869388245985,306.2852920210918,308.2066389712702,51391698
2024-07-30,313.4288024902344,321.7546987215216,312.93614484094746,320.42454712399615,41111245
2024-07-31,311.40887451171875,315.89207696646235,310.8177094138935,315.20234425975246,25709971
2024-08-01,306.5808410644531,313.0346741418309,303.52635770541775,313.0346741418309,28141436
2024-08-02,298.5013122558594,304.166875802027,297.26966800669254,300.8167793887414,26155604
2024-08-05,285.9877624511719,293.0820445552545,280.81485718719716,285.59364234970866,50390560
2024-08-06,283.0318298339844,298.15642623238597,282.14505204682547,287.7120776728405,39171936
2024-08-07,295.7916564941406,296.5798966834652,285.5443536163062,291.1606626909102,22199473
2024-08-08,293.87030029296875,298.25496558580244,292.7864474045723,296.57991747924086,21963656
2024-08-09,297.7622985839844,300.5211694230441,296.2350418124674,298.0578811490847,15551076
2024-08-12,296.9740295410156,299.19098899688333,293.8702923166882,294.60927880197744,15361379
2024-08-13,291.8011169433594,298.2056663244909,291.06213047630575,297.565217400265,14746085
2024-08-14,290.17095947265625,293.48068228361836,287.15758969806905,292.59150257095865,16641055
2024-08-16,299.65557861328125,300.24837512945913,292.44330642728596,292.9372984989537,21353408
2024-08-19,298.5194091796875,301.8785493077551,297.4820378676421,301.13756118461293,12232725
2024-08-20,299.5074157714844,300.841200523193,294.2216940670901,298.51943153331297,14183642
2024-08-21,301.7303466796875,303.06413128274653,298.91458588453673,299.3591908025174,11862616
2024-08-22,300.8411865234375,303.212342554529,299.8532023312423,302.7183504584314,13074829
2024-08-23,302.3231506347656,305.4847119828029,300.44598677538005,301.82915855856504,21891698
2024-08-26,303.0148010253906,305.18834842466214,302.125591022487,304.9907696524857,15280637
2024-08-27,297.2844543457031,303.7557692639586,296.00008688299806,302.91597662255,16873099
2024-08-28,296.3458557128906,300.84117150257583,295.9012507882478,297.4326141493362,14005947
2024-08-29,292.64093017578125,297.4326293935603,288.5901889522442,295.753074355137,19185385
2024-08-30,295.7036437988281,298.5194046542593,290.8131403507583,293.2336834257979,28684991
2024-09-02,293.33251953125,298.3218581138171,291.5047426277529,298.3218581138171,11713172
2024-09-03,293.5794982910156,297.72904398135114,293.1843106421467,296.39525928439434,13971488
2024-09-04,295.35791015625,298.2724456679351,291.7517434429662,293.5795203762291,17937646
2024-09-05,287.1082458496094,295.9013001580172,286.515449234808,295.40730800416407,26342723
2024-09-06,280.19232177734375,286.86121504706654,278.660928195247,286.86121504706654,30062372
2024-09-09,278.16693115234375,281.08149651576065,272.43663502362386,278.61153608943584,29170063
2024-09-10,282.3164978027344,284.88526286803716,278.9079400996172,279.1055490088275,19982334
2024-09-11,284.5888366699219,286.9600228699656,280.9333132214769,283.0080860710727,21650737
2024-09-12,288.19500732421875,288.98538263517446,285.52743788569376,287.4046018623776,16102095
2024-09-13,286.4660339355469,290.46735792828645,286.12023343164566,289.47937371764607,12330463
2024-09-16,286.9106140136719,288.6890037160455,284.9346455560696,287.40460612807243,9184637
2024-09-17,280.8839111328125,287.3552260819982,280.488723461698,287.0094255631905,15946216
2024-09-18,279.4513244628906,282.5634685230906,277.0307512211331,281.47667992167123,10450571
2024-09-19,269.42327880859375,281.42727971274485,263.8905617634186,280.5874871892204,44560220
2024-09-20,274.0174255371094,276.0427810988545,269.5714966105502,270.7076724171605,38501362
2024-09-23,282.8598937988281,283.2551116406133,275.301819913453,276.6356047522576,19445968
2024-09-24,288.2937927246094,289.8745735582683,281.1309068963332,282.85987933764125,25346532
2024-09-25,286.3672180175781,291.4553304684609,284.19364078084953,290.46734629738137,19263084
2024-09-26,287.0093994140625,288.3925712123872,285.57681031704664,287.1082038605608,18343882
2024-09-27,289.9239807128906,291.3071525873431,285.72504778812225,288.8371920433617,208588855
2024-09-30,281.6742858886719,291.060135270137,280.1923096705458,289.9239595330837,32695169
2024-10-01,280.5381164550781,283.15626846908526,279.15491449970773,281.67429221766037,13883476
2024-10-03,275.3511962890625,282.85985175263323,271.74502999959066,271.74502999959066,27321529
2024-10-04,273.8692321777344,278.51273982512436,270.263065728641,275.3512084770708,17451235
2024-10-07,264.1375732421875,275.5487783177932,261.8158044181142,274.0668020663699,21704629
2024-10-08,276.882568359375,278.1175485929137,262.3591887526061,263.7917778838648,29190708
2024-10-09,279.0067443847656,283.15629026857187,275.1536118645949,278.61155671747133,18984175
2024-10-10,283.4526672363281,286.12023669584437,279.9947224596367,280.53813187221965,19155691
2024-10-11,282.4646911621094,285.18164785073753,280.73571872389147,283.7490887781746,9677338
2024-10-14,282.2671203613281,285.72506533526376,281.229718778615,282.6623080424576,11386559
2024-10-15,285.3792419433594,285.9720384930029,282.3164848959386,283.69965674451686,14701531
2024-10-16,282.2671203613281,287.55281212934835,281.3285232366192,284.68766375255063,11835439
2024-10-17,281.1308898925781,284.44064296735996,278.31515906489074,282.6128661812072,11695551
2024-10-18,283.69964599609375,284.34182967100867,274.4619880542136,279.5007133089558,10095514
2024-10-21,278.9079284667969,283.99607123332436,277.7223655136418,282.8598652790838,8393942
2024-10-22,268.3858947753906,278.75972860001224,267.3979106016171,278.6115370041231,15240897
2024-10-23,265.42193603515625,271.3992582369659,263.10016725101144,267.74370481930106,13503954
2024-10-24,268.0895080566406,269.86786748568323,265.12555557431375,265.76773924864113,10700271
2024-10-25,269.0775146484375,272.6836511057089,254.356555455879,267.74372989002575,40406841
2024-10-28,266.80511474609375,274.61021385947265,264.1869627091087,273.3752336391133,24479817
2024-10-29,280.2417297363281,281.08152238875664,267.59554324984254,267.94134377153506,34271117
2024-10-30,285.0828552246094,291.20836989167657,278.6609573304757,280.0441594591532,40787587
2024-10-31,281.4766845703125,284.9840464714142,280.34050880269865,284.49005438541826,18720310
2024-11-01,285.181640625,286.762421415781,282.5634884579271,283.20567217424525,5265231
2024-11-04,280.7357177734375,285.52744740188166,276.9319723920587,285.52744740188166,15157659
2024-11-05,282.9093017578125,283.7490944175289,273.8198344130356,279.10555628795845,18761867
2024-11-06,298.2230529785156,300.643596309297,283.74908969349286,284.0454729092174,52804364
2024-11-07,296.7410583496094,298.3712262376181,292.54212553004027,297.3832420447783,24357284
2024-11-08,294.17230224609375,300.84119574789435,292.1963338011158,296.74106725474223,22935845
2024-11-11,296.14825439453125,300.14957821507124,290.86253306490244,293.92529001625707,20155408
2024-11-12,286.6636047363281,297.23504755732847,283.84784378392294,296.3952549713993,14292965
2024-11-13,278.16693115234375,285.3792336877426,276.09218851493824,284.53944111261535,20001842
2024-11-14,277.57415771484375,281.03210222379806,272.18963206197583,278.6115290071767,20541591
2024-11-18,274.708984375,283.2550715029569,273.9186091052033,279.5995180406584,12999925
2024-11-19,275.6475830078125,281.7730969127842,273.67161467083895,276.6355671762993,13160982
2024-11-21,272.1402587890625,275.1042113764146,267.0027289106316,275.1042113764146,14858108
2024-11-22,277.4753723144531,280.0935244493226,272.1896507435216,272.68364285013416,13268900
2024-11-25,288.8371887207031,295.4072776619371,284.49006424348045,286.5154198058921,49366681
2024-11-26,294.3204650878906,297.3832219084868,289.627540489667,290.4673330268941,27347402
2024-11-27,303.656982421875,304.2497790355406,293.87594382450163,295.2591158224625,39464505
2024-11-28,302.076171875,305.78111265842193,300.69300001269954,304.29913634505317,27772319
2024-11-29,304.29913330078125,306.86789824843237,301.3351807036957,302.02678170336964,23241947
2024-12-02,303.21234130859375,305.6823017789324,299.6555922011292,304.10152104773874,15549685
2024-12-03,308.3498840332031,308.9920677521511,304.1015337561512,305.28712689181356,21405136
2024-12-04,309.09088134765625,316.99475541682625,307.4607133510673,312.20302573221454,41441172
2024-12-05,310.7210388183594,311.61021859084207,306.86790637034386,310.2270467057706,17911694
2024-12-06,309.98004150390625,312.05481434574284,309.3378578066648,310.72102965092756,8359798
2024-12-09,310.81982421875,313.289784630293,309.48603956633997,309.8318400541328,11830104
2024-12-10,311.06683349609375,314.47536091852885,310.22704089025837,313.7343727635362,15811501
2024-12-11,310.3258361816406,312.6969921774539,309.2390475562182,311.1162114632836,9281006
2024-12-12,309.1896667480469,312.2030064908482,308.3498741497774,309.78243314599246,10978047
2024-12-13,311.857177734375,312.54877867049277,304.44729692260836,309.2390258777272,15557064
2024-12-16,312.4006042480469,313.536780004764,310.2270270301572,312.0053864623332,10543307
2024-12-17,306.867919921875,314.82118122542283,306.2751233304129,311.7584239619413,18053073
2024-12-18,300.1495666503906,306.8678768252951,298.0254068009487,306.47268920344965,16598070
2024-12-19,294.91326904296875,296.8398501975727,291.4553245148267,291.4553245148267,13349532
2024-12-20,287.355224609375,298.47004740124703,285.87324823712544,294.41930595358747,14964305
2024-12-23,290.81317138671875,291.75173833810527,284.53946533950716,290.46737086741354,10201072
2024-12-24,288.9360046386719,293.77712141114034,287.9974075451513,292.6903327109814,10685518
2024-12-26,291.6529235839844,292.44329881773336,288.9853544060372,289.4793464648509,9172485
2024-12-27,288.540771484375,292.5915127055583,287.849200639856,292.29512950803365,9495184
2024-12-30,281.4766845703125,288.9853703076277,279.4513290780828,288.5407653698777,25876258
2024-12-31,289.6275329589844,290.4673254743758,280.83448049690924,281.0814765219725,15725947
2025-01-01,290.3685607910156,291.0601618162385,286.7624243615217,289.6275726143709,6954271
2025-01-02,293.23370361328125,294.22168783051046,287.8492077199133,290.91196482350097,13361957
2025-01-03,288.4419860839844,293.6782900446114,287.997381153925,292.9373019284349,8167968
2025-01-06,278.7597351074219,289.03476472435113,277.1789543623055,289.03476472435113,12638091
2025-01-07,283.55145263671875,284.7370456837066,277.6729348509699,278.7597234522281,13247733
2025-01-08,278.7103576660156,283.55147436896715,276.7343892035141,283.55147436896715,10996122
2025-01-09,277.87054443359375,280.6863053140309,276.2403766030934,277.87054443359375,12715512
2025-01-10,267.74371337890625,277.6235552010061,266.7557291966963,276.63557101879616,15317565
2025-01-13,256.480712890625,265.66895419622654,255.19631529732536,261.81582171809964,19429753
2025-01-14,266.65692138671875,267.7437100036262,258.06147720038,259.83983664558554,18938129
2025-01-15,264.6315612792969,268.92929837288096,263.1001677523802,268.73168948202607,11376064
2025-01-16,272.83184814453125,274.709012213691,268.13892289618843,270.1148914218065,17234302
2025-01-17,278.7597351074219,280.48870745188685,270.7570570828641,272.140259079144,12741720
2025-01-20,282.3658752441406,284.3418436647459,277.3271798923054,279.797140418062,10483849
2025-01-21,275.6475830078125,283.4526519086813,274.9065948814474,282.365863293169,13020489
2025-01-22,267.1015625,275.9440039264078,263.1002079800135,275.6476206956924,21272549
2025-01-23,270.6582946777344,273.62224739849415,263.8905966018223,265.57015171972114,11978782
2025-01-24,266.9039611816406,273.3752766448833,265.5701763036525,270.6583197326771,10164897
2025-01-27,259.7904357910156,263.7917594070619,258.6542299350358,263.7917594070619,13710372
2025-01-28,255.14691162109375,262.5074057398294,249.663596468553,260.333828507873,29049716
2025-01-29,263.9893798828125,264.7797551512687,255.88789770215897,255.88789770215897,14361301
2025-01-30,275.4006042480469,277.1295766513978,264.6809693170937,265.61956639641005,46735932
2025-01-31,289.1335754394531,290.66496906826546,278.2163618881914,280.48871352980245,50252116
2025-02-01,278.4139404296875,296.00007759162673,266.06413771100216,292.3939412279477,61832253
2025-02-03,270.8558654785156,274.5114191204206,260.13623075649355,274.5114191204206,41786023
2025-02-04,281.0815124511719,282.5634887909847,272.5848420727343,272.6836465255657,29035155
2025-02-05,285.4780578613281,288.29378882119636,281.57550805771757,282.2176917827597,18818511
2025-02-06,276.3885803222656,286.46603123619286,275.6475921712676,285.47804703486213,16834939
2025-02-07,273.7209777832031,278.90789421229056,269.81845875089476,277.37653094596016,26682639
2025-02-10,270.164306640625,278.8091688734916,268.73171741025243,275.5488027408499,21789085
2025-02-11,261.8652038574219,270.70767463297733,259.5928522256014,270.5100657298253,23839025
2025-02-12,256.0361022949219,262.556804118831,250.94798963756563,261.7664288102479,27997028
2025-02-13,258.4072570800781,262.30980675505543,255.49272176221976,256.0361010152942,18016813
2025-02-14,247.3418426513672,261.3218126075688,245.21766764350735,259.04946108003054,25683310
2025-02-17,245.51406860351562,246.99604487275215,239.68496797469555,245.95865846919816,24947159
2025-02-18,241.6609344482422,246.7490469027466,237.65959553743355,246.00805877390954,21180375
2025-02-19,250.35519409179688,250.94799065107097,237.36320769259765,237.80779757433186,21516255
2025-02-20,257.12286376953125,257.8144647045764,247.24302270249834,248.9719948892291,18922988
2025-02-21,253.02276611328125,259.3458591246186,251.34318087002464,256.3819064489087,16594628
2025-02-24,253.26976013183594,255.34453301831687,247.49004643052677,247.98403853917054,15409569
2025-02-25,253.56613159179688,255.44329548751816,252.2817642291676,253.26974840069292,14770656
2025-02-27,249.41661071777344,255.29511375026078,248.87321638736276,254.0107463380353,11087361
2025-02-28,243.29110717773438,247.93462986309402,240.57415065087642,246.996047896177,17754591
2025-03-03,254.29727172851562,255.78910739148594,241.4238235296982,244.52609336369875,24644079
2025-03-04,261.5292663574219,263.29776636361214,249.4659887685256,250.83928608387725,24998454
2025-03-05,271.61663818359375,272.48603898054785,260.16587440801476,261.8158213409684,28499877
2025-03-06,269.6702880859375,277.62354850041805,268.56372050182694,272.8910959396048,22586087
2025-03-07,273.6617431640625,276.36884046620946,270.7076799544489,272.48603951423325,25542382
2025-03-10,269.0577087402344,280.06386657972695,268.28708231374605,275.25238862131675,20986855
2025-03-11,275.36614990234375,276.67751920863486,267.2893470939752,270.1703939899439,20980143
2025-03-12,275.0184631347656,278.5651090015789,272.3262053547748,276.9557148281683,15308721
2025-03-13,278.2372741699219,283.92975856660445,277.5915337291201,281.14809344413095,38015489
2025-03-17,278.0981750488281,281.5256109212779,274.9091892704679,279.1611804142402,13883681
2025-03-18,278.0981750488281,278.0981750488281,278.0981750488281,278.0981750488281,0
2025-03-19,288.102294921875,291.07271922641786,282.89659419121415,284.1284701643319,21095205
2025-03-20,295.10614013671875,295.8313740477965,289.1950941767289,292.88080804052265,27889890
2025-03-21,293.8047180175781,299.03030717356074,290.83429377096314,299.03030717356074,41751586
2025-03-24,300.12310791015625,302.9047729931034,294.41073506799194,294.9571238213965,29935092
2025-03-25,298.066650390625,302.50740063732644,296.69567603933956,302.01067255746216,19364944
2025-03-26,297.5798645019531,303.5008546837003,296.5367173507763,299.0998512030386,23869923
2025-03-27,298.6825866699219,300.023758541547,294.68890384483063,295.0564777709916,14453677
2025-03-28,299.34820556640625,304.5737641451472,297.11292929482534,302.01066069359933,20850848
2025-04-01,290.0892028808594,303.7988859583522,288.1022905323603,300.02376462335457,33171384
2025-04-02,280.552001953125,288.84736661067814,272.65404399748735,288.0029228459198,52653587
2025-04-03,285.61865234375,286.3637444802989,280.75072311520574,281.1480995244565,20968721
2025-04-04,278.167724609375,286.11537388392856,276.478837011382,285.22126940411647,19699594
2025-04-07,270.3194274902344,272.7037162132229,254.52348059282508,255.31823339452924,24954083
2025-04-08,279.6082458496094,286.1153715120562,274.7899774532791,280.6017020006929,26787606
2025-04-09,278.3167419433594,280.9493947490269,274.7899846419017,279.1611857574465,11389916
2025-04-11,283.135009765625,285.12192211485745,280.80038169170155,281.14809741639255,13883110
2025-04-15,291.7781066894531,292.2251438019372,285.66832662460195,288.00295482716774,19512440
2025-04-16,291.6787414550781,293.4172897757019,289.3937740429609,291.57938977318145,12479078
2025-04-17,293.21856689453125,294.6590903914567,289.2447424261849,291.08264230637,13609937
2025-04-21,297.9871826171875,299.6263791917473,293.2185749337062,295.5532029364431,14064356
2025-04-22,301.36492919921875,302.7557617457966,297.78848099525027,299.0303011828869,11962358
2025-04-23,303.84857177734375,308.2694334866551,299.82505614950605,303.60020773801585,21918666
2025-04-24,303.6995544433594,306.580571188803,301.4642781260173,303.0041230174806,17241517
2025-04-25,295.6525573730469,305.7857919489767,291.77808443760676,304.79233579538305,20307004
2025-04-28,303.0538024902344,305.83549804837156,293.9140236166108,294.06303598343237,29913417
2025-04-29,315.02496337890625,317.3595914850266,303.79889026019765,304.54398240143547,57882724
2025-04-30,312.0445861816406,318.3530388665139,310.5544019403891,316.9125153061537,24863436
2025-05-02,309.1138916015625,315.6707086070949,308.5675028168837,308.76617586682266,15451259
2025-05-05,313.2366943359375,314.82623015003855,311.1504607926709,311.8955528632301,10955241
2025-05-06,308.4681396484375,317.2105417850753,307.17665875934654,313.58443284151105,17029890
2025-05-07,307.9217224121094,313.1373668031274,303.00410271628584,303.00410271628584,19274367
2025-05-08,305.1400451660156,311.64720102743524,302.805417190054,308.4681292749077,17110997
2025-05-09,313.78314208984375,319.69418819975505,303.00413641922387,303.00413641922387,44244945
2025-05-12,320.6876220703125,322.87323765233975,314.13083595998006,322.87323765233975,39927141
2025-05-13,333.55291748046875,335.53982987052365,320.68764762771235,321.58178245753874,57985762
2025-05-14,342.0966491699219,343.73584583939555,332.311099518144,336.7816524264598,43684324
2025-05-15,348.1070556640625,348.7031354634731,338.5698698271269,344.2325824447106,35959338
2025-05-16,361.5186767578125,368.72123364282226,347.31226633935694,349.29917858349756,68855818
2025-05-19,361.3696594238281,371.0558564805493,360.17749996662036,370.4597767519454,52003735
2025-05-20,361.4193420410156,368.57223858270925,356.1540364741274,366.98270264923553,67088831
2025-05-21,380.49371337890625,381.3878178689629,361.61804613556626,364.4990629670271,88688170
2025-05-22,380.89111328125,384.2191977219909,376.5199119240712,380.49373685202977,43486783
2025-05-23,381.2884521484375,387.34854063014984,378.6061387770363,386.60344852955916,37666187
2025-05-26,382.0335693359375,383.2753895851349,376.02317145697293,382.3812850692882,26722908
2025-05-27,382.87799072265625,386.2557355388767,380.94076943820465,381.98388625922667,16859142
2025-05-28,387.89495849609375,390.9249875686499,381.5865060003436,382.92767784083776,27549144
2025-05-29,384.2688293457031,389.5341651677785,383.02700914963003,388.98774609078083,18562683
2025-05-30,382.083251953125,387.4479092483733,381.13945645729245,384.26883735303096,23144580
2025-06-02,384.9642639160156,386.7028122046686,381.23880329747357,382.4806235036542,11943152
2025-06-03,383.47406005859375,389.2360933934642,382.977332001523,384.9642442298059,18630318
2025-06-04,388.0439758300781,388.73937694000966,381.5865108954077,384.4675276488394,20648850
2025-06-05,390.9250183105469,392.1171778887084,386.95119347384497,391.12372167953293,20746844
2025-06-06,388.1433410644531,394.2530904986112,386.6531567967133,392.2661781416247,17366507
2025-06-09,389.8818664550781,392.7131921430247,389.2360957227221,391.42171131406224,13744521
2025-06-10,394.7994689941406,399.220361000523,392.1171555727477,393.90536452034297,26456073
2025-06-11,390.32891845703125,395.64391496648386,388.0439814205334,395.64391496648386,18042738
2025-06-12,384.8648986816406,393.16026343035384,383.0766897748686,390.22955571983164,15555771
2025-06-13,391.62042236328125,395.14717953176347,377.0166049837944,377.1656173411616,35564550
2025-06-16,401.207275390625,401.85301582961904,391.6204295314417,393.5576508484238,32061745
2025-06-17,399.12103271484375,404.833405927315,397.879212451263,403.14451824169424,24371681
2025-06-18,397.8791809082031,402.34973350267734,395.8922686439924,399.02164939654926,18879759
2025-06-19,395.9419250488281,401.15756968607286,390.8753230840902,398.37590467335895,18220823
2025-06-20,405.5784912109375,407.3170395504822,395.14720117366903,396.389021416201,122552435
2025-06-23,418.1457214355469,419.63590578158795,406.37325903824683,408.31051081525146,43017721
2025-06-24,415.76141357421875,423.709063057119,412.2843169254499,423.6097113750074,33807025
2025-06-25,403.3928527832031,417.6489544297447,402.34973596525816,417.5496027523511,29028317
2025-06-26,407.4163818359375,411.19150315900634,404.1876492798288,406.2739133027358,25730795
2025-06-27,411.78759765625,414.07253480439306,406.8203166230021,407.81377282965167,41398277
2025-06-30,418.74176025390625,420.2319444540981,411.53920328631233,413.92349194304427,20350621
2025-07-01,429.4214172363281,433.14687776758603,421.3247557453027,422.02015685374556,35405785
2025-07-02,424.1561279296875,429.91816164316157,419.8345874856437,428.22927401100026,22843521
2025-07-03,423.4606628417969,427.8815546162099,421.27504729352825,424.901186314684,13499244
2025-07-04,424.7521667480469,429.5704351611594,422.9639577970184,427.1861464538295,16618426
2025-07-07,414.37054443359375,424.6528211088437,413.42674901358504,424.6528211088437,22221724
2025-07-08,419.2384948730469,420.57966673775616,413.52612201636435,415.26467027709384,15970711
2025-07-09,414.9169616699219,421.2254143876518,413.77449314258723,421.17575370650184,14956297
2025-07-10,410.7940979003906,416.754834508377,407.8137295963975,415.711717729129,17914452
2025-07-11,406.6216125488281,410.4961160023392,402.4491146788677,408.3105002243523,15186245
2025-07-14,404.63470458984375,407.66476423892254,402.498779789335,402.8464955284591,17844425
2025-07-15,406.2738952636719,410.1980287745957,405.1313964633223,405.82682787937205,11971127
2025-07-16,403.4921875,407.6150242365947,402.84644710089765,406.72091981338576,9173824
2025-07-17,401.55499267578125,406.02554540331425,400.4124938355553,403.4922140003199,7922270
2025-07-18,392.16680908203125,404.28698604971527,391.5707293377742,401.6046423594962,21172393
2025-07-21,397.33282470703125,398.3262809205076,388.5407311541897,392.01782790135707,12980473
2025-07-22,400.4621887207031,402.0517246583826,397.1341044832222,400.36283703999635,12447434
2025-07-23,397.5811767578125,402.25040262946555,394.00472843369147,400.859570036162,10413255
2025-07-24,395.6439208984375,399.2700298663231,393.4086445091808,398.0779006494454,6767566
2025-07-25,392.6138610839844,398.0778696094464,390.9249735944192,396.38898211988123,9202508
2025-07-28,386.70281982421875,393.7563647978826,380.791743399177,392.6138962492605,19856033
2025-07-29,385.7093505859375,388.19299096318116,375.5264250392386,387.4478988500081,25307639
2025-07-30,383.9707946777344,389.83217978776514,382.48061048105495,388.3916865883668,11335944
2025-07-31,380.5930480957031,385.70934108319955,376.32116856136514,376.5198719137994,9702316
2025-08-01,374.731689453125,380.9904513640273,373.7382332566086,380.59307494899616,8702605
2025-08-04,387.0008239746094,387.6962553939459,373.9865729037059,376.51987391237793,13454379
2025-08-05,384.11981201171875,387.6962601936724,380.84141886368866,387.4478961576739,13482710
2025-08-06,387.1498718261719,390.92499304994874,384.5668797856467,389.43480883247753,16852693
2025-08-07,385.2126159667969,387.74591698140136,380.9904273972059,383.4740677322594,11520396
2025-08-08,382.083251953125,384.8649171231422,381.0897957755651,382.77865308669107,7139111
2025-08-11,381.3878173828125,385.8583701452734,379.0531893210632,381.4871690633313,8910936
2025-08-12,377.8610534667969,382.82833422666573,377.0662703544924,381.48716235792597,9329093
2025-08-13,386.3054504394531,387.34856732501834,379.5996210719922,379.69897275582633,10930440
2025-08-14,383.2683410644531,386.35520574469433,380.9282970138731,386.20584769640396,8046552
2025-08-18,380.8785400390625,388.09780648424737,379.4844808721172,386.3552249285131,11778056
2025-08-19,378.43890380859375,382.0734552689266,375.899725763357,380.8785300781035,11111204
2025-08-20,370.273681640625,382.6708861070648,369.5268609960849,382.27258784095204,20289349
2025-08-21,372.6137390136719,375.8001556443125,369.9251724422527,371.4188137845498,12680853
2025-08-22,373.2609558105469,378.3393421566636,372.016254764352,372.2153886988177,15246732
2025-08-25,370.4728088378906,378.4388955680221,369.9251525304778,376.24823995016146,8577673
2025-08-26,364.2991027832031,370.4728016462858,362.7058793904626,370.42302576047246,15718869
2025-08-28,362.3075866699219,366.19104785711414,359.6688265291508,362.5067206044238,12218065
2025-08-29,367.83404541015625,369.4272688196348,360.06712307273597,360.7641374224891,12739664
2025-09-01,372.3149719238281,373.65925513520085,365.991884513452,368.381734839541,8821349
2025-09-02,375.0035400390625,377.3435841007971,372.16561555518047,375.7005543971432,12169182
2025-09-03,377.0946350097656,379.5840370618813,375.50141161876985,376.14865007467824,9919255
2025-09-04,370.9209289550781,379.88277690298605,370.42304851352765,379.88277690298605,9288078
2025-09-05,369.2281188964844,373.90820714654546,366.9378810479414,372.4145658397017,7325669
2025-09-08,370.3234558105469,372.9124401105854,369.2779190683244,370.0745155968549,6897641
2025-09-09,370.3732604980469,372.41455808628416,368.3319325216001,370.32345422259624,10598912
2025-09-10,386.4049987792969,387.3509837741323,371.46858552322493,372.11585440822313,23174318
2025-09-11,383.5173034667969,390.83615213862737,382.42196040226935,387.948451614481,19042696
2025-09-12,397.6072998046875,398.1549865113875,383.66664774498406,384.36369250325316,26356961
2025-09-15,396.76092529296875,401.39120719647934,394.02258293852367,398.3043424647357,18486916
2025-09-16,401.1920471191406,401.5903453881819,394.5204675451209,396.7609294952146,12467341
2025-09-17,410.45263671875,414.88375429200426,403.2831464051523,403.781026832813,31367478
2025-09-18,408.1623840332031,413.240770666018,406.46960874773873,413.240770666018,12000897
2025-09-19,407.1665954589844,411.69732544781976,406.51935700006754,407.2661776191736,16150731
2025-09-22,404.6772155761719,409.6560199764403,403.63167880739974,408.0627964907123,10884230
2025-09-23,402.7355041503906,405.9717270431687,400.59459392613803,404.67721965313103,11906108
2025-09-24,393.7736511230469,403.23337945834527,393.3255465729328,402.7354990196453,10835672
2025-09-25,401.44097900390625,404.7270080287682,390.78635618419,393.77363872231393,23804019
2025-09-26,394.2217102050781,404.4282588080028,392.7280689461135,401.9388567097285,11687034
2025-09-29,398.25457763671875,406.4197986510677,397.3583685307176,399.3001144094393,23390892
2025-09-30,402.23760986328125,404.6772057271114,400.14650598841985,403.2831466066071,14681751
2025-10-01,404.77679443359375,407.26619661338214,397.65711027704094,400.29587050997463,13156495
2025-10-03,410.9007263183594,412.0458452673873,403.38274373333155,405.0755190180912,16002501
2025-10-06,411.4981689453125,413.1411682609187,405.77254409005405,410.9505126361802,14684188
2025-10-07,408.5606689453125,413.78841346341665,407.3657741455289,411.4981756393407,11933246
2025-10-08,401.9388732910156,410.2534827198984,401.39121696208633,408.6602592336353,8668516
2025-10-09,407.6147155761719,408.2619540598443,401.2916280149201,401.9886727746965,9035150
2025-10-10,411.7471008300781,413.7386224785912,406.6189386627987,407.2661771209237,13813014
2025-10-13,407.66448974609375,411.2492349174471,404.6274312803166,411.1994590297628,7858503
2025-10-14,400.69415283203125,412.3943426113271,399.89755632149047,408.2619412350048,10789648
2025-10-15,406.3700256347656,408.5109054724575,401.291639013773,401.291639013773,10892830
2025-10-16,410.0543212890625,410.95053039831953,407.3159788486255,407.3657851259235,11479498
2025-10-17,411.0500793457031,418.2195698411208,407.91343864953683,408.61048342122285,19566580
2025-10-20,414.7344055175781,415.77994228376684,410.7513620072052,414.7344055175781,10580573
2025-10-21,415.9293212890625,417.37315629588767,414.83397827091983,416.37739544088697,2915071
2025-10-23,416.8752746582031,420.7089600164685,416.22803618197355,419.7131991643585,21980966
2025-10-24,420.2608642578125,421.90389400868776,418.11998445869074,420.2110883694509,18720794
2025-10-27,413.3901062011719,423.1983565422036,412.842449895048,423.1983565422036,12158324
2025-10-28,411.7969055175781,415.0331284227572,409.1083693369713,415.0331284227572,12247991
2025-10-29,405.4738464355469,413.14118705320493,405.1253240465145,411.7969037744863,14498733
2025-10-30,408.1623840332031,408.90920470308146,402.5861169538026,406.07128007990156,11172780
2025-10-31,424.293701171875,425.43882006339146,406.41978188929374,412.0458245731689,51342361
2025-11-03,420.5097961425781,429.1729277205269,414.6348131864588,426.1856451609873,27222212
2025-11-04,413.3901062011719,420.6093722833624,412.7428677335139,418.21955234758946,12831686
2025-11-06,407.0670166015625,413.24074592488046,405.72276378683193,409.25770259066473,12786294
2025-11-07,412.4939270019531,414.23650846786364,403.58185534958443,406.27042176655857,10141248
2025-11-10,415.0829162597656,418.6178551207863,412.24499176058345,414.18673757271057,9288444
2025-11-11,425.4886169433594,426.0860795561272,415.38164996845944,415.38164996845944,24889361
2025-11-12,422.9494323730469,427.57971437200206,420.01192563153444,426.3350132761426,15221773
2025-11-13,418.0203857421875,423.39751855357974,417.2237892306822,421.3561906120078,9091428
2025-11-14,425.04052734375,426.8826910044827,416.92508244723524,417.02463422223997,14719899
2025-11-17,422.7502746582031,427.679303230227,420.60939481746345,426.1358860024919,12996079
2025-11-18,419.1157531738281,427.629527029468,418.5182905612587,422.7502743503268,13340937
2025-11-19,421.406005859375,422.4515426015139,413.29053058309756,418.21955896908855,9661756
2025-11-20,421.20684814453125,425.38905595515104,420.4102516035609,423.1983698851673,10463382
2025-11-21,414.5850524902344,421.555378717899,413.7386496563758,419.713214994374,8395038
2025-11-24,402.0882263183594,413.58928257597734,399.3001080434151,412.2449993266181,23696864
2025-11-25,408.5108947753906,410.65177455702246,404.27891110008187,404.7767915324711,14107503
2025-11-26,413.5394592285156,414.7343843759989,406.7682977613338,408.51087920829184,8339381
2025-11-27,411.29901123046875,415.5309948871433,410.25347448233896,413.53947316635526,5251173
2025-11-28,410.0045471191406,413.4897102397648,406.9176822775171,412.24500912525616,6690232
2025-12-01,415.4812316894531,417.4229775818122,411.7471283489248,414.1369484092208,9650320
2025-12-02,411.29901123046875,416.87527812631726,409.2577136219449,416.27781553243886,11215451
2025-12-03,402.23760986328125,410.9505173516956,401.6899231596551,410.25347259733854,12294040
2025-12-04,405.4240417480469,407.76408592562854,400.04693900029616,404.07975846405645,10865110
2025-12-05,405.1750793457031,408.95898876714847,403.63166220040637,407.2661831854217,11774958
2025-12-08,384.7619934082031,404.7270170492327,383.3679342703167,404.7270170492327,25593778
2025-12-09,387.799072265625,389.34248941621115,378.93677645683687,383.41770024807204,19270896
2025-12-10,385.7079772949219,389.79060292075246,384.1147538326209,388.34673751062127,8372979
2025-12-11,385.8573303222656,388.346732453377,383.517286241379,384.3636890435988,7666925
2025-12-12,387.799072265625,392.4293541055928,386.35520688872106,386.35520688872106,12661065
2025-12-15,389.09356689453125,390.73656628170284,386.35522445317497,387.4007612300449,9087687
2025-12-16,386.355224609375,389.54167160679845,383.1190017228274,389.09356705183836,8700626
2025-12-17,383.96539306640625,386.75351131456773,383.3679304737403,386.3552130488603,6612962
2025-12-18,381.82452392578125,385.16029858360804,378.83724126751684,382.4219561468656,7510229
2025-12-19,391.1846618652344,391.8319003497966,381.87429170050063,381.87429170050063,11595429
2025-12-22,397.2588195800781,397.6073115813247,391.23444795720303,391.33403012393524,9321669
2025-12-23,397.7068786621094,400.79374338445143,394.0723576258302,397.30858039849966,7734965
2025-12-24,398.3043518066406,401.9388729392341,395.91453177344283,397.308590927124,8097208
2025-12-26,396.76092529296875,405.8223247734737,395.46641794703254,401.29162503322124,13284184
2025-12-29,391.58294677734375,401.7397194084796,390.7863502678546,399.30009321732956,15690096
2025-12-30,391.6327209472656,395.3170481609764,387.8986178475083,394.12212301377053,37726382
2025-12-31,397.9060363769531,399.5988115662219,394.022575191914,394.2217091263055,9409818
2026-01-01,396.01409912109375,399.0511575346954,392.9272344324536,398.20475474113465,6084786
2026-01-02,401.44097900390625,403.8806052319912,397.25880168345844,397.9558160427617,10950368
2026-01-05,412.04583740234375,416.8255078292685,401.09246779109696,401.1422740677106,26097635
2026-01-06,411.34881591796875,413.9378002226377,408.461115511619,412.9420393660888,9927677
2026-01-07,413.88800048828125,414.48546308929525,407.81385308969095,411.3488224192345,8279218
2026-01-08,413.88800048828125,421.1570730888995,412.29477701498064,413.9378067648217,22238704
2026-01-09,416.8752746582031,422.7502576080101,414.087156427579,415.23227532986357,22963210
2026-01-12,415.9293212890625,418.02039477399614,408.8594131409158,417.72167867277983,14594852
2026-01-13,411.9462890625,420.55961461465586,407.6644990367261,417.97063024366406,13393010
2026-01-14,415.8297424316406,419.016158960048,409.2577146587487,409.2577146587487,17676239
2026-01-15,415.8297424316406,415.8297424316406,415.8297424316406,415.8297424316406,0
2026-01-16,408.5108947753906,415.4812208288403,404.62743348039635,414.7841760682113,18888193
2026-01-19,411.0500793457031,413.14118327255085,405.9717231653436,408.26196103537984,8012134
2026-01-20,407.6147155761719,413.6390566454295,404.2789106056019,412.1454153500886,32732305
2026-01-21,400.943115234375,407.76408339071406,395.3170722982014,404.77680072851103,19150437
2026-01-22,415.531005859375,416.52676674606244,404.2789199950914,404.2789199950914,19763144
2026-01-23,408.958984375,417.22378709535235,406.7682983972588,417.22378709535235,12715222
2026-01-27,414.1867370605469,417.4727357050885,409.8551712922261,414.68461748476284,15482165
2026-01-28,451.0796813964844,455.5606053838667,415.53100560796724,416.228050383511,71986647
2026-01-29,442.6156921386719,454.0171658799798,436.39218690612586,452.3243603014436,42412510
2026-01-30,447.09661865234375,450.0341252954324,437.43772631682003,444.9557389168396,36684903
2026-02-02,437.23858642578125,439.4790482927439,418.46848870714103,430.16867845683504,43652893
2026-02-03,437.0892333984375,458.04998695033777,433.40490613072717,458.04998695033777,26696516
2026-02-04,437.33819580078125,441.5203733130986,431.96106267489915,434.9483453500733,12400181
2026-02-05,431.06488037109375,437.1390278378264,426.3350161746708,437.1390278378264,14345511
2026-02-06,427.8286437988281,431.5627469922106,423.7460182297548,431.164448729225,11078888
2026-02-09,435.4461975097656,437.7364656448853,427.679275214129,430.1686772817316,12162696
2026-02-10,435.4461975097656,439.4292408179298,431.7120944083617,436.1432422439779,10878065
2026-02-11,435.6951599121094,436.8403092321109,432.508743336178,436.8403092321109,8274702
2026-02-12,442.01824951171875,443.0638166709096,432.75768546294563,435.1475055024796,16140306
2026-02-13,433.7036437988281,444.3085215955896,430.9653013493417,442.01825331400175,14086068
2026-02-16,436.14324951171875,436.740712095541,427.28098408101744,431.2142211804464,8156650
2026-02-17,444.95574951171875,447.44515167930336,438.43349759972097,440.12630322896257,17963084
2026-02-18,445.8021545410156,451.57755544321924,444.2587069565195,448.092392391287,14341134
2026-02-19,433.5044860839844,447.3455556284585,431.1146661549299,445.80213848775077,9791516
2026-02-20,439.2799072265625,443.5118909770847,431.861506885044,433.1559838769783,9533724
2026-02-23,437.8858337402344,443.412294301854,433.85301445345345,440.9228921771227,12915631
2026-02-24,433.20574951171875,435.6453757713221,428.525691707787,435.14749534186916,12223376
2026-02-25,437.437744140625,439.130549798534,431.7121190582178,433.15598449515255,9469190
2026-02-26,447.1463928222656,447.9927956134826,438.1347693800728,438.73223196141475,13738213
2026-02-27,442.81488037109375,447.0966400469945,439.827597698174,446.6983417682473,22732811
2026-03-02,452.0256652832031,454.76400771321033,439.8275944586255,440.22589273443896,35034174
2026-03-04,444.95574951171875,458.8964016501927,442.6157053965472,458.0499988355719,35193505
2026-03-05,458.04998779296875,465.9164923752496,443.9599779417617,446.8974541957692,38023711
2026-03-06,468.45001220703125,473.45001220703125,460.3500061035156,462.0,28154230
2026-03-09,457.3500061035156,470.0,450.0,470.0,21898419
2026-03-10,463.3500061035156,465.79998779296875,453.54998779296875,465.0,19398151
2026-03-11,454.1000061035156,469.79998779296875,453.25,463.5,16015126
2026-03-12,453.54998779296875,455.0,448.5,452.0,14089623
2026-03-13,439.3999938964844,452.3999938964844,433.6499938964844,451.8999938964844,19502809
2026-03-16,429.5,437.79998779296875,422.25,431.8999938964844,22324389
2026-03-17,439.3500061035156,441.04998779296875,430.29998779296875,432.45001220703125,14421128
2026-03-18,442.6000061035156,447.75,440.5,445.45001220703125,13700203
2026-03-19,430.79998779296875,439.0,428.3999938964844,436.1000061035156,12237975
2026-03-20,426.1000061035156,438.95001220703125,424.70001220703125,432.20001220703125,17599734
2026-03-23,405.5,421.75,404.0,420.6000061035156,18894757
2026-03-24,414.45001220703125,417.45001220703125,408.75,412.5,14642804
2026-03-25,413.45001220703125,422.0,412.54998779296875,416.29998779296875,15134997
2026-03-27,404.75,413.45001220703125,403.25,411.8999938964844,21818224
2026-03-30,400.6499938964844,413.25,399.3500061035156,400.0,22694742
2026-04-01,418.70001220703125,430.20001220703125,412.6499938964844,415.0,25301241
2026-04-02,421.6000061035156,423.6000061035156,407.5,417.0,19686517
2026-04-06,427.1499938964844,428.04998779296875,420.0,422.0,12327836
2026-04-07,427.79998779296875,429.0,420.6499938964844,424.0,11417162
2026-04-08,433.1000061035156,440.0,428.79998779296875,440.0,20054221
2026-04-09,439.75,443.29998779296875,424.5,425.0,19917307
2026-04-10,442.45001220703125,447.45001220703125,440.45001220703125,444.1000061035156,10833065
2026-04-13,441.54998779296875,445.5,434.0,435.0,15149734
2026-04-15,447.6499938964844,449.20001220703125,444.79998779296875,447.5,9915383
2026-04-16,455.6499938964844,457.0,448.8999938964844,449.8500061035156,12197884
2026-04-17,462.75,463.75,454.45001220703125,458.0,14128030
2026-04-20,457.54998779296875,464.3999938964844,456.0,462.0,9914017
2026-04-21,451.5,461.79998779296875,449.45001220703125,457.5,13492130
2026-04-22,448.70001220703125,451.8500061035156,444.70001220703125,450.79998779296875,11538028
2026-04-23,449.95001220703125,455.70001220703125,444.5,451.70001220703125,15021500
2026-04-24,444.45001220703125,451.20001220703125,438.75,450.0,11651499
2026-04-27,435.6000061035156,448.29998779296875,432.95001220703125,445.0,18502535
2026-04-28,435.75,441.0,433.54998779296875,435.6000061035156,10883746
2026-04-29,437.54998779296875,442.79998779296875,435.25,437.04998779296875,9507163
2026-04-30,431.29998779296875,436.45001220703125,424.5,436.45001220703125,15795581
2026-05-01,431.29998779296875,431.29998779296875,431.29998779296875,431.29998779296875,0
2026-05-04,433.54998779296875,438.6000061035156,428.6000061035156,433.0,10764998
2026-05-05,433.3500061035156,436.5,429.29998779296875,433.5,11671943
2026-05-06,438.20001220703125,439.6499938964844,435.1499938964844,437.0,9748728
2026-05-07,439.45001220703125,441.0,433.5,439.8999938964844,15696400
2026-05-08,439.70001220703125,443.79998779296875,437.79998779296875,439.0,11164661
2026-05-11,431.95001220703125,439.1499938964844,431.0,438.0,7631226
2026-05-12,416.5,432.5,415.5,430.20001220703125,15199825
2026-05-13,428.25,432.0,415.75,416.6000061035156,13230827
2026-05-14,428.8500061035156,435.1499938964844,424.45001220703125,431.0,9807792
2026-05-15,423.6499938964844,429.5,422.20001220703125,428.8500061035156,7593616
2026-05-18,426.6000061035156,427.79998779296875,414.6000061035156,423.8500061035156,10452161
2026-05-19,422.95001220703125,430.8999938964844,419.29998779296875,428.3999938964844,13350029
2026-05-20,413.29998779296875,420.0,407.0,416.29998779296875,28012723
2026-05-21,420.3999938964844,426.1000061035156,418.04998779296875,420.0,19789651
2026-05-22,416.54998779296875,421.45001220703125,415.45001220703125,421.45001220703125,9175611
2026-05-25,421.8500061035156,422.54998779296875,417.29998779296875,419.29998779296875,8862027
2026-05-26,420.1000061035156,425.54998779296875,418.8500061035156,423.5,12315435
2026-05-27,419.1000061035156,422.0,416.1000061035156,422.0,10871894
2026-05-28,419.1000061035156,419.1000061035156,419.1000061035156,419.1000061035156,0
2026-05-29,410.75,419.1000061035156,409.8999938964844,413.29998779296875,26559872
2026-06-01,407.20001220703125,413.70001220703125,404.75,412.3500061035156,16453240
2026-06-02,407.8500061035156,409.6000061035156,400.29998779296875,405.79998779296875,15004796
2026-06-03,406.6000061035156,408.95001220703125,403.1000061035156,408.0,6626958
2026-06-04,409.8999938964844,411.54998779296875,404.0,405.0,9119774
2026-06-05,408.20001220703125,412.0,405.1000061035156,410.1000061035156,11084641
2026-06-08,412.95001220703125,415.5,399.0,399.0,12017495
2026-06-09,412.04998779296875,417.0,410.0,417.0,10996007
2026-06-10,408.3500061035156,415.25,407.1000061035156,413.0,5371511
2026-06-11,402.29998779296875,407.3500061035156,401.75,407.3500061035156,6994969
2026-06-12,406.5,409.0,403.29998779296875,407.3500061035156,8086130
2026-06-15,409.54998779296875,412.5,406.0,412.0,11500111
2026-06-16,407.54998779296875,410.79998779296875,406.1499938964844,409.6000061035156,9701695
2026-06-17,419.8500061035156,422.3999938964844,406.1499938964844,407.0,24506595
2026-06-18,428.6000061035156,430.0,421.75,422.5,23598062
2026-06-19,426.8999938964844,431.6000061035156,424.54998779296875,427.8999938964844,10829044
2026-06-22,431.5,432.70001220703125,426.1499938964844,428.1000061035156,9754708
2026-06-23,420.0,435.0,418.5,435.0,15566093
2026-06-24,413.54998779296875,422.54998779296875,412.79998779296875,420.20001220703125,9620759
2026-06-25,407.20001220703125,415.04998779296875,406.0,413.6000061035156,21994027
2026-06-26,407.20001220703125,407.20001220703125,407.20001220703125,407.20001220703125,0
2026-06-29,411.6000061035156,418.29998779296875,403.54998779296875,406.79998779296875,26669735
2026-06-30,411.79998779296875,414.45001220703125,408.5,413.5,14611849
2026-07-01,416.25,417.6499938964844,411.3999938964844,413.0,8844076
2026-07-02,415.04998779296875,418.29998779296875,412.29998779296875,416.25,10736747
2026-07-03,418.04998779296875,424.5,417.1000061035156,418.6000061035156,12085695
2026-07-06,425.54998779296875,429.8999938964844,420.1000061035156,422.0,16516762
2026-07-07,419.1499938964844,425.8999938964844,416.0,425.54998779296875,7821978
2026-07-08,407.6000061035156,417.79998779296875,406.0,416.5,12837834
2026-07-09,406.20001220703125,411.0,404.04998779296875,409.1499938964844,10893635
2026-07-10,414.8500061035156,415.45001220703125,408.20001220703125,408.3999938964844,9273712
2026-07-13,410.79998779296875,412.8999938964844,408.6000061035156,411.95001220703125,6650781
2026-07-14,410.1000061035156,411.25,405.70001220703125,409.3500061035156,10652838
2026-07-15,410.95001220703125,414.29998779296875,408.3999938964844,409.0,9115088
2026-07-16,407.1000061035156,412.5,406.5,412.25,5679241
2026-07-17,409.45001220703125,411.20001220703125,405.1000061035156,407.1000061035156,6678047
2026-07-20,408.1499938964844,409.5,406.1000061035156,408.54998779296875,5382967
2026-07-21,410.04998779296875,410.95001220703125,406.5,408.1499938964844,5242231
2026-07-22,406.75,410.54998779296875,406.0,410.04998779296875,6665967
2026-07-23,405.3500061035156,406.95001220703125,400.6000061035156,405.54998779296875,9947413
2026-07-24,405.0,406.1000061035156,401.0,404.20001220703125,6176660
2026-07-27,407.1499938964844,408.45001220703125,404.6000061035156,408.0,9683515
2026-07-28,389.0,406.1499938964844,388.0,406.1499938964844,35317783
2026-07-29,387.54998779296875,390.95001220703125,382.20001220703125,390.8999938964844,32630643
2026-07-30,384.8999938964844,387.5,382.70001220703125,386.0,16521484
2026-07-31,387.8500061035156,390.6000061035156,385.0,385.0,17114563
2026-08-03,392.1499938964844,392.25,388.0,390.0,9389415
2026-08-04,391.5,394.1000061035156,389.25,390.20001220703125,10629651
