Date,Close,High,Low,Open,Volume
2021-08-25,163.92298889160156,165.2394899580413,162.6954301815859,162.96228982649828,9704266
2021-08-26,166.07562255859375,167.73014988853976,163.1757504424558,163.88737603456548,14847298
2021-08-27,167.69456481933594,168.5485242084645,165.8621311090415,166.8939860359364,12536762
2021-08-30,168.1393585205078,168.97552089268316,167.8013428269367,168.97552089268316,9029840
2021-08-31,167.8191375732422,169.31355596718322,166.64495944839356,168.29948711833373,18002472
2021-09-01,169.7227325439453,170.57668122780302,168.01483517622995,168.38843433212185,10439002
2021-09-02,170.71900939941406,171.3416819172339,169.7227377143211,170.07855058164674,8362628
2021-09-03,174.81085205078125,175.77155110672655,170.86133803056458,171.8576096853217,16372070
2021-09-06,174.63294982910156,176.66108750337477,174.34830388047058,176.46539477100933,13979558
2021-09-07,171.4840087890625,175.59364289641096,171.14598223540764,174.59737125176483,13420280
2021-09-08,174.18817138671875,175.41573002748981,171.46620533386348,172.21341446917864,13609662
2021-09-09,174.75747680664062,175.0599198968709,173.5477153042658,174.31271074999205,9084984
2021-09-13,177.2303466796875,177.63952920218497,174.88198017601187,175.77151211993868,21460684
2021-09-14,175.45132446289062,178.97386962576388,174.5262088497757,178.26224390160579,24182782
2021-09-15,174.3305206298828,176.10958498631166,173.6722646462947,175.77155841517134,22748506
2021-09-16,177.19598388671875,178.40675251543996,175.783420486544,176.57042502184296,34750954
2021-09-17,176.06593322753906,178.38657303512267,174.39103913407632,177.98298350336898,24016408
2021-09-20,169.66903686523438,175.0165981666218,169.08383943351814,173.9672629196383,14744276
2021-09-21,167.00535583496094,171.08161287462238,166.60176627294646,169.46725462656445,22963476
2021-09-22,169.5681610107422,170.11300941167497,167.28788232773258,167.28788232773258,9640070
2021-09-23,169.48744201660156,171.2430467635107,168.35738384953507,170.77892122907983,11769116
2021-09-24,167.408935546875,170.81927207186845,166.2990643166384,169.9111956107658,12674828
2021-09-27,169.749755859375,170.5165734898606,168.11521090106578,168.88204084812617,9778866
2021-09-28,173.38206481933594,173.64439555092648,170.7183714539033,171.24303291708432,18266942
2021-09-29,176.32826232910156,176.77221327323974,171.92913893698662,173.34170228506045,15251714
2021-09-30,174.43138122558594,177.7408076293748,173.94706891450772,177.4986514738357,8934732
2021-10-01,174.77442932128906,176.61076894960794,173.13989676101406,174.31030385622356,5489980
2021-10-04,175.90447998046875,176.77219491227132,174.95604222481649,175.157836967867,5362228
2021-10-05,179.13323974609375,179.79916009795602,175.84398709201662,175.9045230664447,18020292
2021-10-06,180.48526000976562,182.40231046067103,179.657894004166,180.4045371694128,16248822
2021-10-07,181.2924041748047,182.4224498222956,180.80809185926643,182.22065507691693,7445114
2021-10-08,181.393310546875,182.4224588727352,179.43589895627522,182.22066411734502,6019304
2021-10-11,183.39108276367188,183.69377491578507,181.4134964998473,181.61529126792277,11833332
2021-10-12,183.73411560058594,184.5211200339066,182.0592216778657,183.37088752235096,10923204
2021-10-13,185.10633850097656,185.81262019003688,182.94713201682,184.4404182288919,14072722
2021-10-14,185.36866760253906,186.53908710163975,184.84400613620608,185.65118520230305,7894780
2021-10-18,186.66017150878906,189.68709320893157,186.07496172013114,189.68709320893157,8784646
2021-10-19,182.84622192382812,187.66912147767997,181.59510430056974,187.22517055495555,10805314
2021-10-20,178.0233612060547,182.78571318979448,176.1063107548463,182.4224850413018,13086926
2021-10-21,182.0390625,183.22965660501083,178.81034608405267,179.69824802506847,19775152
2021-10-22,180.5054168701172,182.8260566621869,178.5883666071031,182.0188776040757,7829992
2021-10-25,174.22962951660156,180.96956822499354,173.4829863178416,180.40454526689132,14550354
2021-10-26,173.9672393798828,176.34842715080404,172.75647094717309,173.94706483263369,9945226
2021-10-27,172.61524963378906,175.35965355450216,172.3327320316972,174.93588946793955,6737796
2021-10-28,169.8304901123047,173.9471087494798,169.12420834824067,173.1399295905495,7242482
2021-10-29,168.579345703125,171.52554424230416,166.92462622476668,169.1040071471187,12075018
2021-11-01,170.17352294921875,172.73631892935953,169.46724127135337,172.73631892935953,11652400
2021-11-02,167.95376586914062,171.08158445517097,167.7317965735358,170.71835637301126,8099346
2021-11-03,167.44927978515625,170.1331474759806,167.16677452729652,168.70040968874645,10516486
2021-11-04,169.4066925048828,169.6084872547397,168.74077229366978,169.44705391816902,1975024
2021-11-08,174.24978637695312,174.6533759227017,170.09281898237285,171.12196739740156,11870418
2021-11-09,173.7453155517578,174.65339211387501,172.33275201068662,174.6332175613475,5867180
2021-11-10,174.0479736328125,175.15784476902175,173.60402271501397,174.35066576086956,6565108
2021-11-11,173.6600799560547,174.4563162257655,172.33302781390432,173.92550035332596,6633538
2021-11-12,174.64002990722656,175.57916931682723,174.08879048809186,174.7625220176792,4288924
2021-11-15,174.08883666992188,175.59962709749493,173.39468129708277,174.72173351023528,3839888
2021-11-16,171.45510864257812,174.17045858915444,170.74054221131857,173.94588555232127,5533442
2021-11-17,168.96435546875,171.80221039311627,168.31104746580507,171.7001294600247,7538798
2021-11-18,165.49359130859375,169.71974411324572,165.37109918250837,168.84185064683263,9990796
2021-11-22,161.5328826904297,166.55525997708585,160.51207328573923,165.77944732173157,10565788
2021-11-23,162.34951782226562,163.86030814925957,160.89996110161647,161.28787363021092,6765412
2021-11-24,164.6973876953125,167.12690654063113,162.839507148955,163.77865925423905,8482816
2021-11-25,163.37033081054688,165.126117907528,162.51284846462872,164.96279090379397,6323818
2021-11-26,153.87680053710938,162.18619095611731,153.12139914246296,162.16576729293416,20046662
2021-11-29,150.03855895996094,155.16301676610522,149.8548082977911,154.75469303777336,15037552
2021-11-30,151.0797576904297,154.95883255004884,150.26311035156252,151.0797576904297,18393470
2021-12-01,150.5693817138672,153.50931767683664,149.3648216757355,152.2026767019498,13057566
2021-12-02,154.69345092773438,155.14260953259898,150.6918708110925,151.07978334735094,12449776
2021-12-03,157.57211303710938,158.59292228516145,155.69382152848345,156.18381495196863,17313246
2021-12-06,156.57171630859375,159.00123466943657,155.5713183322735,158.1641761300213,8919812
2021-12-07,158.3479461669922,158.73585871612121,157.3067255829857,157.57213352978619,7275406
2021-12-08,159.71583557128906,160.16499419764205,158.8991880546663,159.04210386228573,7187328
2021-12-09,160.7774658203125,163.94197467137897,160.18539143795059,160.98162768167163,12970082
2021-12-10,162.08409118652344,162.4719912093065,159.65456028472718,160.6753694937088,4565918
2021-12-13,160.205810546875,163.53364630022497,159.67498224579938,162.9007495324222,5199416
2021-12-14,159.9199676513672,160.45079591489014,158.87874724611237,160.45079591489014,6582798
2021-12-15,156.91880798339844,160.22623276298668,156.42882697301044,159.65458202034156,11115184
2021-12-16,159.6749725341797,160.0628850205628,156.98004617359183,157.81710474603958,7909366
2021-12-17,157.08212280273438,161.1041010338177,156.0204787552148,160.47120432180296,16049722
2021-12-20,146.9965362548828,155.51008813852158,146.5882125430637,155.51008813852158,22510560
2021-12-21,148.7115020751953,149.4056449144745,145.93489333492593,148.79315934161298,12855558
2021-12-22,152.08018493652344,152.63141202751638,149.11983776333847,149.4464917773381,10045244
2021-12-23,154.08094787597656,154.44843670706157,151.8964136286237,153.0397149833438,10693866
2021-12-24,151.95767211914062,154.836361863701,151.20227073392755,154.836361863701,6287570
2021-12-27,152.8763885498047,153.18263132032155,150.05895755325966,151.4676792820573,4632660
2021-12-28,155.3263397216797,155.73466343938182,153.12139413829837,153.4480481280397,6449486
2021-12-29,155.61215209960938,156.3267185173815,153.99926862936115,155.57131724066966,8260658
2021-12-30,154.32594299316406,157.32711213363547,153.52970681647773,156.7962963232113,12171414
2021-12-31,157.3883819580078,158.18460573082203,153.73387970049467,153.73387970049467,7780656
2022-01-03,157.65379333496094,158.0212821966965,156.79631101687715,156.79631101687715,6468384
2022-01-04,157.59254455566406,160.77746458395438,157.10255110774972,158.42960319637916,11799296
2022-01-05,161.16539001464844,161.90036778435586,156.57174780134704,157.18423342978724,13483996
2022-01-06,161.61451721191406,161.96159485285304,159.4912414257325,161.69618693721165,8237148
2022-01-07,161.77786254882812,164.51362399113123,161.28786910131512,162.51284025904664,11914426
2022-01-10,162.3291015625,163.20700759240526,161.53287772793385,162.92117598345212,4179728
2022-01-11,159.71583557128906,162.83950983016075,159.30751181297768,162.83950983016075,6854016
2022-01-12,158.71542358398438,161.67577034201585,157.83751768000388,161.0836960059895,9246820
2022-01-13,161.08370971679688,162.32909209520588,158.12336270679236,159.32792268149052,8491424
2022-01-14,162.69659423828125,163.3090798296498,160.2670630747656,161.28787239371312,6915504
2022-01-17,163.55406188964844,165.12611071181786,162.7578381082478,163.73781254899916,9671610
2022-01-18,162.55368041992188,166.14692428193152,161.83911388796133,164.0644707537219,13220496
2022-01-19,161.02244567871094,163.94195749811115,160.47120621857457,161.696177258411,10347976
2022-01-20,160.4916229248047,162.32907954760464,159.3279103658716,161.2878591124381,6495234
2022-01-21,155.857177734375,161.7166134793451,155.16302238664562,160.79788505731892,10310538
2022-01-24,152.34559631347656,156.73507670366314,151.1206250417966,155.73467851403697,10668074
2022-01-25,156.2042236328125,156.71462824860532,150.2631188894042,151.9372485214147,9905300
2022-01-27,156.0613250732422,157.30670738937377,153.12138941210947,157.20462646309903,11474790
2022-01-28,156.18380737304688,160.67536784652012,155.71423763393918,157.1842053720131,8089918
2022-01-31,162.1249237060547,163.2478139060265,158.40918792226125,159.24624654145632,13928184
2022-02-01,154.69345092773438,161.28787681676653,153.52972578001066,161.28787681676653,25515398
2022-02-02,156.02049255371094,157.44962554302066,154.8976023478247,157.2046288240717,11701576
2022-02-03,153.95843505859375,157.1637783659148,153.7338620241204,156.79628955448138,10658294
2022-02-04,153.3867950439453,155.1630056268842,152.73347463330626,153.9992805924725,8957710
2022-02-07,152.08018493652344,154.5097037606441,151.1206216364531,154.34637675364428,8189026
2022-02-08,154.10137939453125,154.55053800776815,151.34519410641386,152.87640815536795,6909612
2022-02-09,153.3664093017578,155.97967891705824,152.99892040384958,155.1630313834611,9292356
2022-02-10,152.97323608398438,154.56649430749945,152.49733106375783,154.23543324016887,12283058
2022-02-11,152.93185424804688,154.98033096399215,151.04892069921797,152.97324003982595,11262552
2022-02-14,149.68328857421875,151.40069170671617,149.2073708788138,151.04893139544046,10196386
2022-02-15,152.662841796875,153.01460202852138,147.5727059291352,149.82808599478605,11049572
2022-02-16,154.8148193359375,156.59429493725835,153.24224746044337,153.5319354091105,10889816
2022-02-17,154.3595733642578,156.11836206881034,153.5319080915272,155.58038469320337,5224320
2022-02-18,154.42166137695312,155.5804004536593,153.7181534013679,153.7181534013679,4420434
2022-02-21,152.60079956054688,154.35958843683792,151.0696136048133,154.35958843683792,6207542
2022-02-22,147.0347442626953,150.82132333936852,144.55174821460585,148.9797628853671,14106162
2022-02-23,147.77963256835938,149.31080569978334,147.4071857325627,148.358995716173,5636142
2022-02-24,137.82696533203125,145.66909945972753,137.01999920514035,144.42760145296847,14094970
2022-02-25,139.192626953125,141.32386276771155,137.45452461412296,140.70311373652103,11679020
2022-02-28,144.7586669921875,145.379416014674,137.3924503103493,138.77879231973677,19146282
2022-03-02,141.5721435546875,147.61410240621933,140.6203209395759,143.39300457906396,15469204
2022-03-03,143.3516387939453,146.4967697090126,142.08945416309265,143.76547147673915,12825706
2022-03-04,144.15863037109375,145.46220091175152,141.94462279582012,143.99309980911968,15557860
2022-03-07,139.8754425048828,143.59993653607793,137.3096748983912,143.59993653607793,19936000
2022-03-08,141.365234375,141.94459755346585,137.68212635207064,139.79266274296975,12880560
2022-03-09,141.7997589111328,143.8689222182533,139.75129481458586,142.5653518606015,13563906
2022-03-10,144.42759704589844,146.4967603273583,142.97918274887653,145.66909501477434,18109208
2022-03-11,149.80740356445312,150.51092404722445,144.94487043770636,145.2552448926051,16557604
2022-03-14,148.83489990234375,149.3935764675994,145.813926814916,148.89697226977896,16449824
2022-03-15,144.96556091308594,149.60049128249625,144.0551367317452,149.41426155288354,12130866
2022-03-16,147.4485626220703,148.02793841371155,144.9034944457053,146.2898362971273,9444984
2022-03-17,150.71786499023438,151.5455303386065,148.09002498331864,148.81423216314425,22827672
2022-03-21,147.82102966308594,152.00072938218892,147.44857016963127,148.97975604734154,12369650
2022-03-22,152.45594787597656,152.99393790603676,147.61411338045713,148.50385106462275,14934378
2022-03-23,151.71104431152344,153.78020745644557,151.04890957931445,153.49051956448864,12475458
2022-03-24,150.05572509765625,152.20764735295447,149.31081873187682,151.46275361634557,9696758
2022-03-25,149.1039276123047,150.86271671533518,148.1935031835337,149.80744830518594,7259104
2022-03-28,148.8556365966797,150.15920715776977,147.44859522491507,148.97978136281301,11624382
2022-03-29,148.3383026123047,149.97293382784147,148.13138630938846,149.80740331134228,11417328
2022-03-30,149.0004425048828,149.97295177077493,148.64869485117686,149.1866722514557,8247132
2022-03-31,148.7107696533203,150.84200533732772,148.48315411166013,149.3935910199597,11007364
2022-04-01,154.93894958496094,155.18725171353677,149.62119723374292,149.62119723374292,12772330
2022-04-04,157.3391876220703,157.77370687786885,154.02852623184617,154.93895053665523,14714720
2022-04-05,157.25640869140625,158.0840740003084,155.82868098188192,157.67024134585733,6622344
2022-04-06,159.65664672851562,159.92564808031602,156.20115387082495,156.8425894885687,11686350
2022-04-07,157.58746337890625,160.2773755238609,157.04948600158326,159.26349313903376,6693770
2022-04-08,159.1393585205078,160.07048208841158,157.71164329389168,158.4151513010271,8380548
2022-04-11,160.7119140625,161.45680778968082,159.24280056004562,159.38764451510033,4778320
2022-04-12,157.5047149658203,160.40154362341332,156.1183730109952,160.13255491675667,4891948
2022-04-13,156.84259033203125,158.89106720993615,156.30461288388022,157.25642302420022,6523924
2022-04-18,153.84230041503906,156.84258737673116,153.55261248431063,156.84258737673116,5585346
2022-04-19,155.53903198242188,158.84969377742706,154.3596061921168,154.73205311822036,11592654
2022-04-20,161.37403869628906,162.34653527089893,155.74591241723846,157.17362740948653,17136378
2022-04-21,164.5812530517578,165.03645887198218,161.39473653516458,163.46389982407695,15955692
2022-04-22,162.80177307128906,164.39503140812715,162.01549350857593,163.4639078822158,8821478
2022-04-25,152.9939422607422,159.71872310912588,152.62148275657202,159.32557702324436,20815928
2022-04-26,154.2975311279297,155.35279950508027,152.7663450226796,154.52513407071203,6278956
2022-04-27,151.669677734375,153.78022693536698,150.75924078361888,152.2904267564802,6163612
2022-04-28,152.84909057617188,153.82159982169804,151.1109884084583,153.82159982169804,6573278
2022-04-29,150.05572509765625,154.23543749104525,149.45566268876482,153.11808425696137,6718850
2022-05-02,151.64898681640625,152.26973582076457,148.00725174666826,149.02114683878852,6400476
2022-05-04,150.40750122070312,153.69746363781775,148.77285698931863,151.64899933187962,5737094
2022-05-05,149.39358520507812,152.60078821155835,149.02113834951444,151.48343501569718,3695092
2022-05-06,147.86241149902344,148.89699319893032,146.08293602685205,147.73826674670306,4697742
2022-05-09,146.24847412109375,148.27625183173348,144.7586738705029,147.2002969116357,5048780
2022-05-10,146.26914978027344,148.15208321641188,145.420785301672,146.28983636033968,5909904
2022-05-11,143.64132690429688,148.75216306906518,142.66881757267356,146.91060257664716,7774130
2022-05-12,140.6824188232422,143.3723311324501,139.1305463371607,142.77226871949702,7716626
2022-05-13,139.44091796875,142.89641053007503,139.04777189535392,141.2824657035523,4515592
2022-05-16,139.0891876220703,140.55828880988824,138.09599156346292,140.3513724381295,3884304
2022-05-17,141.71701049804688,141.92392684415051,138.28219157522366,139.0477845816414,9596420
2022-05-18,137.35104370117188,143.68269034849322,136.9785968699575,139.2339896948617,15314616
2022-05-19,135.17845153808594,136.5441070519459,134.08179738775505,136.48202204241025,10187938
2022-05-20,137.72352600097656,138.57189066579355,135.7371339701555,137.39246487223056,6393394
2022-05-23,137.43380737304688,139.10982433171134,135.32325861198046,137.7234826121463,8792862
2022-05-24,136.6061553955078,138.44770304451322,135.9440206534016,137.43382066584817,5891438
2022-05-25,134.97152709960938,138.0131998469583,134.5576944164101,137.55798136960485,8163646
2022-05-26,134.2266387939453,134.7025438731929,129.19857401391394,134.49562752315728,16061314
2022-05-27,133.3989715576172,136.15095644937665,131.68156840179523,134.33009511996096,9751704
2022-05-30,136.2130126953125,136.895834034327,133.2541118068029,134.28869342020977,7101016
2022-05-31,134.99221801757812,136.85446497756155,134.49561377658102,136.5647770654515,20841502
2022-06-01,134.90943908691406,137.33036252887823,134.12315960579974,135.73710435738593,13381064
2022-06-02,136.2957763671875,138.32355368596464,133.48170696451143,135.32326718118304,16113808
2022-06-03,135.7991943359375,137.39245271402783,135.3646750642635,136.81308947540535,9938986
2022-06-06,132.15745544433594,135.69571944685055,131.72292359702215,135.53018891751807,9345428
2022-06-07,132.5299072265625,133.5024164877047,131.18495110326407,131.41255401092334,7910152
2022-06-08,134.0404052734375,134.45423796191935,132.09539921507564,132.8402930026744,5381610
2022-06-09,137.7442169189453,138.44772493245407,132.2195478401651,133.66796229224826,13918892
2022-06-10,136.97860717773438,137.47521140950303,135.15774604319975,136.87514901521342,5453434
2022-06-13,131.5780792236328,135.69570598489892,131.30907793233825,135.69570598489892,7503680
2022-06-14,130.06759643554688,132.73682207134647,128.9709424423191,131.30909438165455,10098392
2022-06-15,129.94345092773438,131.12287649542841,127.46045505013436,131.12287649542841,9987308
2022-06-16,128.970947265625,132.34368095285166,128.4122706431489,131.5987872089973,8720718
2022-06-17,124.56363677978516,128.90887992326603,124.04634592937077,127.87429822243726,13905510
2022-06-20,122.51516723632812,126.01205864446901,121.6668152429356,125.80514229201503,7456818
2022-06-21,124.64642333984375,125.16371425239427,121.39783388319192,122.76347684065624,5603658
2022-06-22,126.59140014648438,127.21214909714955,122.80483407326075,125.45336040359821,13204868
2022-06-23,127.41905975341797,128.49502707927147,125.61888535062816,127.64667526938517,8697024
2022-06-24,127.27424621582031,128.47437119048215,126.38450840601793,127.54324758342035,6549900
2022-06-27,130.35726928710938,130.62625795186807,127.60528501688192,128.2881062825521,5569614
2022-06-28,131.84707641601562,132.21952325145344,129.11577857418928,129.11577857418928,6481036
2022-06-29,130.93666076660156,132.36438860069399,129.77793428470878,129.77793428470878,4503176
2022-06-30,127.6259994506836,131.49533763955435,127.10870858664128,130.77113042989512,9158568
2022-07-01,131.74362182617188,132.11606867169115,126.50864152131861,127.66736784719413,8833390
2022-07-04,130.9159698486328,131.78502099586066,129.38478389260416,130.8125116794193,4431040
2022-07-05,129.57101440429688,132.9851340082487,129.17786830732487,131.51602041934856,6138608
2022-07-06,132.96444702148438,133.25413497527344,130.5642223127291,131.01944082760954,8353864
2022-07-07,136.31646728515625,136.56476939170238,133.7093267393462,134.45422042981485,9279814
2022-07-08,134.61976623535156,137.4959084233397,134.28870514183217,136.5647848899988,5034654
2022-07-11,130.729736328125,135.05429272839686,130.56420578798387,135.05429272839686,11830842
2022-07-12,127.72945404052734,130.56421042179514,127.4811519069179,130.35729408198247,10690702
2022-07-13,128.4950408935547,130.52281840114543,128.08120823367207,129.11578988337862,9645842
2022-07-14,126.69486236572266,129.40547378134232,125.86719707164096,128.7019532297048,11835382
2022-07-15,129.15719604492188,129.5917153546596,126.67419969402626,127.46047934597536,10024354
2022-07-18,130.6883544921875,130.87458424871576,128.143286051604,129.73654438568343,7029760
2022-07-19,130.99871826171875,131.5160090661469,129.32270110703953,130.3158969257076,5009030
2022-07-20,131.22634887695312,132.77822146861726,130.87458856367496,132.1781590148385,6723570
2022-07-21,133.5438232421875,134.08180072428888,130.77113897801013,131.5781178303345,7298344
2022-07-22,132.55059814453125,134.6611472713664,131.8263909775211,134.57838831549626,6293178
2022-07-25,131.24700927734375,132.79888155942453,130.58487457782215,132.5505794684578,6529228
2022-07-26,131.78500366210938,132.07467892030348,130.00551580819103,131.1228689403995,4397264
2022-07-27,134.33009338378906,134.51631051634809,131.41256534865042,131.59879511038085,6514864
2022-07-28,134.93014526367188,136.10957097122287,133.19205552075027,133.19205552075027,6933530
2022-07-29,136.6889190673828,137.04067934526407,134.57838265843574,135.3439629566141,9605766
2022-08-01,138.2821807861328,138.7167126565502,135.65434086981242,136.97861043322175,6221584
2022-08-02,138.69602966308594,141.32386988666656,137.51660391857806,138.8408736368276,7663472
2022-08-03,138.17872619628906,139.60645396161814,136.6889260562002,138.69601703457195,4079330
2022-08-04,138.1994171142578,139.77197611660338,136.44062836963735,139.42021584184525,5023836
2022-08-05,139.2133026123047,139.56506289487902,137.47521303885512,138.63393942115485,5115246
2022-08-08,134.76463317871094,136.56480817595593,132.50925225755142,136.35789179993176,18945812
2022-08-10,135.8612518310547,136.6682305376764,134.90944180252086,135.44741918748866,5743378
2022-08-11,135.88194274902344,137.22689875854184,135.40603776379695,136.54407746415865,3377190
2022-08-12,138.17872619628906,138.40634174263604,135.65434437963444,135.88195992598142,5285940
2022-08-16,143.14471435546875,143.70339097147271,137.8269621565362,138.40633798301175,10721280
2022-08-17,146.14498901367188,147.0140400521292,143.59992089539432,143.84822299626347,14146800
2022-08-18,143.62062072753906,146.31053303863212,142.95849856968343,146.31053303863212,7118970
2022-08-19,142.44151306152344,144.547078664798,141.9151216607048,144.2101933088151,7463376
2022-08-22,140.50437927246094,142.104616718031,139.7253174892158,141.97827508079172,4227956
2022-08-23,140.5254669189453,141.05185837001815,139.22001355001393,139.36740572658508,3118316
2022-08-24,138.77783203125,140.73601843992736,138.14616231267107,140.2306775245229,5188148
2022-08-25,138.8831024169922,141.07289579070235,138.25143273434725,138.9673301818859,6420988
2022-08-26,138.5883331298828,140.60967100570795,138.2514349163434,140.60967100570795,4127464
2022-08-29,137.36709594726562,137.99876558616842,136.0405794244884,136.86175509560272,3250026
2022-08-30,138.39881896972656,138.92521034938576,137.36709957640576,137.3881500910513,6339262
2022-09-01,139.53582763671875,140.23066167836822,136.52487155533646,137.07231344236894,6741662
2022-09-02,135.57737731933594,140.69389927763302,134.96675814040609,140.02011569948525,9679250
2022-09-05,136.7564697265625,136.90386187159575,135.2825739789321,135.59840878199577,4784578
2022-09-06,136.54592895507812,137.47238295822876,135.19836183255947,137.28287691397213,5099528
2022-09-07,137.64083862304688,138.12511618574445,135.53527282753248,136.1669425661868,5529460
2022-09-08,143.1153106689453,143.53642383092463,138.81995127621465,138.96734345317816,17335416
2022-09-09,142.54678344726562,143.83117325359095,141.5150512182587,143.810122739265,6934262
2022-09-12,144.2733612060547,145.28403014987018,142.42046600050082,142.54679479922044,5406378
2022-09-13,143.62063598632812,145.53670854724217,143.19952283245956,144.46286229406522,10351084
2022-09-14,141.5571746826172,143.51534814752716,141.22028932248207,141.36768148679846,6863114
2022-09-15,139.55686950683594,142.7573314246801,139.1147059217247,141.8098270125694,4993238
2022-09-16,135.3036346435547,139.64110730854014,134.819357146126,139.55687954752992,11937446
2022-09-19,135.13519287109375,136.73543038145996,134.35613105630316,135.9984824474544,5473706
2022-09-20,135.9774169921875,137.66186938689123,135.53525337911853,135.83002483738056,5591400
2022-09-21,134.77723693847656,136.44063875519933,134.04028904396546,136.23008221391046,4507332
2022-09-22,133.00856018066406,134.73512626590207,131.89261316199148,134.33506372555223,5353540
2022-09-23,131.36622619628906,133.40861428712813,130.96616364269224,132.86117244138072,5516760
2022-09-26,128.39736938476562,133.05067640716393,127.5551432650212,131.38727468012843,10934478
2022-09-27,130.8187713623047,131.38727657158654,128.56581388928456,129.28171124191368,6266672
2022-09-28,128.86062622070312,130.5450788510391,128.5237408351774,130.5450788510391,4451088
2022-09-29,127.7025375366211,130.0186594045565,127.38670273644807,129.51331858373933,6532502
2022-09-30,128.35528564453125,130.08185216565107,126.69189637830596,127.84995756485107,11182546
2022-10-03,130.03970336914062,131.07143547162605,128.35525118637273,129.00798411800545,7084402
2022-10-04,131.15567016601562,132.31373110298804,130.65032934388728,130.96616414487977,4266520
2022-10-06,131.45045471191406,132.56640188310698,130.29239365945207,131.82945394063117,6973606
2022-10-07,129.45018005371094,130.9240760822859,128.94485198329735,130.629304587383,6436838
2022-10-10,128.29209899902344,129.1132746567481,127.21826577093873,128.86060423503656,4731232
2022-10-11,126.2286376953125,128.94482202896285,125.97596729312517,128.94482202896285,5305338
2022-10-12,127.3866958618164,130.22920890997264,126.06019234294688,126.77607680722794,14791710
2022-10-13,126.46026611328125,128.54478121954466,126.12338075431163,128.03944032973757,6058154
2022-10-14,125.42855072021484,128.43950708656368,125.11271586672329,127.5972808105862,5155460
2022-10-17,124.88109588623047,126.06022038299733,122.77553019702508,125.44960119258654,5344642
2022-10-18,124.54419708251953,125.61803032764385,123.82829968486884,125.51275205453943,6574926
2022-10-19,123.0281753540039,125.89175181335109,122.85973270377183,125.13374061028107,6029504
2022-10-20,125.11270904541016,125.91282139369494,121.30162764358556,123.00714347026477,10261122
2022-10-21,125.63909149169922,126.60764644674866,125.21797840666007,125.744369762959,4378164
2022-10-24,126.6497573852539,127.0708704605166,126.14441655439822,126.33392257880689,785990
2022-10-25,127.4288330078125,128.43950192812395,125.21798912216447,127.04983376911478,5684662
2022-10-27,128.69219970703125,129.1133129175573,127.40779670411362,127.4288600754531,6769606
2022-10-28,127.7236099243164,129.91340338776322,127.2182818683039,129.0711771097226,4980844
2022-10-31,127.87098693847656,128.86060526815922,126.92348248797539,128.37632778595116,8168120
2022-11-01,128.165771484375,128.7763777539335,127.26038091133884,127.87098718089736,6729148
2022-11-02,128.5237274169922,128.81849888571392,127.80782998329933,128.2289430969181,4907332
2022-11-03,128.4816131591797,129.57650982165325,127.80782960909194,128.52372704068873,4588148
2022-11-04,126.90243530273438,128.67110261258475,125.82858918652158,128.67110261258475,7678230
2022-11-07,130.43980407714844,130.60824677445103,127.17617701791389,127.38673360238064,7732442
2022-11-09,129.21856689453125,131.32413255078447,128.83956764667624,131.00829770234648,5580594
2022-11-10,128.65003967285156,129.68177180913156,128.10259783606057,128.86059620259437,2795742
2022-11-11,130.08181762695312,130.7766515841205,128.6289853258487,129.3027559198593,4580064
2022-11-14,129.55545043945312,130.54506885426406,129.30277999398078,130.3345122915959,2600014
2022-11-15,130.08181762695312,130.3766019003455,128.73426358758164,129.61859070505812,4035358
2022-11-16,129.0501251220703,130.4187428082833,128.77639130374533,130.081844590096,2926810
2022-11-17,128.5237274169922,129.61861123131914,128.24999361205812,129.28172588096504,3816246
2022-11-18,128.06048583984375,129.17643289359322,127.34458848766816,129.17643289359322,4065720
2022-11-21,130.67140197753906,130.94513579915252,128.1447231418688,128.71322845016525,7671706
2022-11-22,129.21856689453125,131.11357598515914,128.75533987988496,130.65034897051285,7471030
2022-11-23,130.6082305908203,130.86090103114287,128.9027276085097,128.9027276085097,5713460
2022-11-24,135.17730712890625,135.59842023522683,130.77667002731533,131.15568210408557,16914922
2022-11-25,136.63015747070312,137.3881559491921,133.2401891303406,135.17731206035452,8593556
2022-11-28,143.49427795410156,143.9785554121431,137.70397326776586,137.70397326776586,26418498
2022-11-29,142.7783966064453,144.16807759779076,141.57823450888424,143.81012887950394,10055668
2022-11-30,143.66273498535156,144.75763164222502,141.4097772753403,142.77839488359407,10029732
2022-12-01,142.58889770507812,144.75762759181973,141.93616469167114,144.0206796695341,4289334
2022-12-02,143.6416778564453,144.5891823108396,142.46255349127696,142.9678943408279,5595618
2022-12-05,142.50466918945312,143.93645114631946,142.12566997312848,143.5574519299948,4976546
2022-12-06,138.356689453125,143.64166601844911,138.1671962886739,143.136325210545,10051146
2022-12-07,140.79916381835938,141.91511093347097,139.17787585611916,139.28315412832498,14328596
2022-12-08,141.38873291015625,142.0414531188653,140.04116575825995,141.80984603870473,5220452
2022-12-09,142.52574157714844,143.17846177706164,141.00973176453257,143.17846177706164,10392346
2022-12-12,146.96847534179688,147.32642405544993,140.9044491300562,142.31518061836397,13477930
2022-12-13,145.768310546875,146.9684855637262,145.32614689130762,146.9684855637262,7750970
2022-12-14,146.86322021484375,147.72649708560078,145.57883016784345,145.99994334408674,9635850
2022-12-15,147.03163146972656,148.00019927875312,145.70512781852761,146.86318880552457,5908812
2022-12-16,143.9154052734375,147.81070153906822,143.5153426785886,147.03163971567164,9481326
2022-12-19,143.72589111328125,144.84185107227813,141.36766811272926,144.21018144326925,5444230
2022-12-20,143.2837371826172,144.06279901457125,140.7570584960758,143.8732929725397,5614312
2022-12-21,140.69390869140625,144.42076271086003,139.8516823752067,143.59958691202397,5170900
2022-12-22,138.08297729492188,141.4518819576896,136.73542314062564,140.65176967055254,6135896
2022-12-23,136.9038848876953,138.50410968503843,135.66159597958588,136.8617710032698,5802076
2022-12-26,136.9038848876953,138.29355311426417,135.66159597958588,136.01954472017277,3377562
2022-12-27,137.28286743164062,138.2514223987465,135.89319937425364,137.03019700720165,2819074
2022-12-28,136.48277282714844,137.53555568935823,135.66159705408347,137.28288523215724,9481554
2022-12-29,137.7882080078125,138.12509333882997,134.81935301639558,136.48275486025446,6195112
2022-12-30,139.17787170410156,140.23065439475286,137.93558298859256,138.12508901345026,4199128
2023-01-02,140.588623046875,140.94657178280417,137.93560257882908,138.98838541900133,4405586
2023-01-03,141.85195922851562,142.33623675370887,139.64111531444175,140.58861984904482,5264652
2023-01-04,141.62034606933594,143.51535522914696,140.71495537436357,142.56785064924145,5848474
2023-01-05,144.1680908203125,144.4207612829449,141.32557703124348,141.91513287648337,7428290
2023-01-06,145.1576690673828,145.9367179051443,143.28371091125112,144.02065872637144,7364410
2023-01-09,146.02096557617188,147.11586219257936,145.32613154023983,146.48419255057715,4519436
2023-01-10,146.27365112304688,146.96848523080155,144.52603416979937,146.5473720926044,4762962
2023-01-11,148.44236755371094,150.7584896006483,145.64196801268437,146.90530731101381,14348024
2023-01-12,145.30506896972656,149.05298581386086,144.61023492999277,149.05298581386086,5863672
2023-01-13,147.43170166015625,147.87386528295266,144.04173343042584,145.45246491229614,5433700
2023-01-16,146.94741821289062,148.40025066571226,144.90501715171644,148.23180799961938,5698298
2023-01-17,146.71580505371094,147.9580938695984,145.4735290891757,147.6843729181823,3477566
2023-01-18,145.72618103027344,147.09479858569938,144.39967735451555,146.88424203871077,4099580
2023-01-19,147.24220275878906,147.34748104087762,144.86291615385818,145.68409189469006,3279112
2023-01-20,145.85252380371094,147.81069713566518,145.51562561509775,147.05269870115123,3993550
2023-01-23,147.22113037109375,147.3895730271403,145.68407025122374,146.12623382976483,3362750
2023-01-24,146.94741821289062,148.42131403106865,146.48419124262148,147.38958181780336,4752342
2023-01-25,146.02096557617188,147.60013968117732,145.57880196731105,146.8421412513154,3866394
2023-01-27,141.72560119628906,147.2000712078142,139.59898529389096,146.08412412188895,5251902
2023-01-30,141.11500549316406,142.86262232644484,139.93588107634227,141.87300394934417,6395210
2023-01-31,144.5470733642578,148.02125648226254,143.70484715383242,144.42074457323483,17988324
2023-02-01,140.9465789794922,145.1577105552003,138.96734199836789,144.54709133618115,8358226
2023-02-02,139.8937530517578,141.49397741772793,138.75674273553975,140.8623078756845,9029328
2023-02-03,137.57766723632812,140.12539657904222,135.68265811655147,139.78851120940092,5653818
2023-02-06,140.54649353027344,140.92549274030947,136.46169142420874,136.46169142420874,6611800
2023-02-07,139.87274169921875,141.57825780771753,139.62007121817953,140.65180366102527,3480708
2023-02-08,140.73602294921875,141.4097937228751,138.56727989819356,139.72534108602676,2499180
2023-02-09,140.5254669189453,142.20991956237836,139.53584842065763,139.85168329130133,4275406
2023-02-10,140.6517791748047,141.40977763460705,139.62004691157435,140.69389305620533,2551682
2023-02-13,141.03079223632812,142.20991677442743,139.8306171811401,140.65179296925652,3587566
2023-02-14,139.45159912109375,140.96760883643103,139.17787817906037,140.23066091869018,2385346
2023-02-15,139.45159912109375,140.08326876487163,138.3356519873565,139.45159912109375,3529300
2023-02-16,137.15655517578125,140.2938403656833,136.35642992673138,139.45161408361244,7507670
2023-02-17,139.68321228027344,140.2306541378688,137.09335658493455,137.15653382733888,6702378
2023-02-20,137.34603881835938,140.42017224475254,137.26182390682604,140.16750180744796,3546252
2023-02-21,136.12481689453125,138.35671130400107,135.6615898893528,137.68294058885348,2962498
2023-02-22,134.94569396972656,136.01952720183198,133.15596334864983,135.8089706581759,8178548
2023-02-23,134.98780822753906,136.29326149642466,133.91397489018718,135.59842740452916,5490782
2023-02-24,133.72445678710938,135.66157957425008,133.32440706182757,135.09307433163735,3794754
2023-02-27,134.94569396972656,135.24046542003416,132.50323035250503,133.99818952327416,3962002
2023-02-28,133.64024353027344,135.4510247017794,132.2505626032405,133.55601577056777,7852658
2023-03-01,133.02964782714844,135.17732756432915,132.88225564738383,133.40864710986173,6991434
2023-03-02,135.19834899902344,135.53524717334972,132.4400634695308,133.36651738473896,6768720
2023-03-03,135.34576416015625,136.39854703764868,134.86148660678043,135.8932189672644,4226202
2023-03-06,136.67225646972656,137.49343218534077,135.24047444756164,135.76686584183938,3629924
2023-03-08,137.3249969482422,137.89350225512814,135.9353158812595,136.4196062713106,4785062
2023-03-09,136.79861450195312,137.66189135143756,136.25115967551451,137.32500595928605,3895532
2023-03-10,137.30392456054688,138.08298638537036,134.98780245241628,136.86176093499012,3517038
2023-03-13,135.85108947753906,137.53554188804455,135.28258421872306,137.28287145619834,3910894
2023-03-14,137.36709594726562,138.50409358647963,135.53525142417723,136.5248697620619,5894652
2023-03-15,139.0936737060547,140.39912709202167,137.85139757612393,138.5462317303366,5511946
2023-03-16,147.76856994628906,148.54763167630736,140.71492620262316,141.07287487331814,36574630
2023-03-17,147.97915649414062,149.47411586880764,145.4735409937026,147.81071380651213,23389012
2023-03-20,151.45330810546875,152.0218133016592,147.60012621116775,149.43197057607003,18492346
2023-03-21,150.9901123046875,152.27451510184153,149.8110006446525,151.684959271824,10250562
2023-03-22,148.14761352539062,151.17963360167636,147.70544982113645,150.88484923127055,11934054
2023-03-23,146.69476318359375,148.08443138889427,146.33681444848511,147.389597286244,5146176
2023-03-24,145.45248413085938,147.28432896271067,144.8629282721157,146.5052670398137,5875488
2023-03-27,145.22085571289062,146.0841324309619,144.31546511437276,144.90502088656913,4245926
2023-03-28,143.1153106689453,144.39970067244073,141.22030144003836,144.02070139693012,6854316
2023-03-29,143.1153106689453,144.18914409145108,141.62035123310642,143.17847507297145,5971840
2023-03-31,144.98922729492188,145.87356732704072,143.5785087678158,145.24189771143458,10137510
2023-04-03,138.94625854492188,142.33621351926348,138.60936038791206,142.33621351926348,18864744
2023-04-05,138.14614868164062,140.1885498071239,137.7039850628055,139.7674367029563,8249158
2023-04-06,139.80953979492188,140.44120940242905,138.56725109295067,138.67252936086854,4767830
2023-04-10,141.40977478027344,141.83088788307515,139.64110745931745,139.80955013016774,4930618
2023-04-11,142.79945373535156,142.9678964038486,141.13605186198257,141.5571649589011,2729894
2023-04-12,142.0414581298828,142.8626339000634,141.11501692520432,142.79946949882333,4260174
2023-04-13,139.91482543945312,142.7152249434412,139.24104191898527,142.7152249434412,8347294
2023-04-17,141.36767578125,141.49400457336392,139.09365471238203,139.91483041517904,2905562
2023-04-18,140.9886474609375,142.35726490703905,140.14642134025962,141.3676594963231,5806422
2023-04-19,144.02069091796875,144.5681328481684,140.52545706839544,141.0518484825693,9852864
2023-04-20,144.736572265625,145.28401413486796,143.7469539468998,144.8418505367372,4865018
2023-04-21,145.78936767578125,146.92636539202098,144.27335786944238,144.77868590398697,6552688
2023-04-24,146.21047973632812,146.4631373260914,144.3365212203515,145.7893666182527,4245824
2023-04-25,146.33680725097656,146.77897088054647,145.38930274359615,145.38930274359615,3084392
2023-04-26,146.96847534179688,147.17903189672782,145.326136783606,146.04202135955984,2639794
2023-04-27,149.7688751220703,150.12682383612957,146.90531111230075,147.38958861892104,7271052
2023-04-28,150.5900421142578,150.8848135636281,148.42131229176653,149.91625860643052,6742936
2023-05-02,152.06394958496094,153.66417429392374,150.75849634798996,150.8848251429361,6425960
2023-05-03,151.93760681152344,154.88539861768876,151.5375570629267,152.96933908422227,8712958
2023-05-04,155.1170196533203,155.45390500732645,152.08500006185503,153.20094725477196,8282286
2023-05-05,153.8957977294922,155.66446515583635,153.30622906935804,154.59063182024713,3300230
2023-05-08,154.84327697753906,155.2643900366552,152.6324334171794,153.89577259452778,2400728
2023-05-09,154.56956481933594,155.81185365796068,153.57995927313087,154.06423678855404,4179678
2023-05-10,156.7172393798828,157.07518808923055,153.87472592250396,154.96962256524623,5561956
2023-05-11,156.8856658935547,157.8752841581749,156.44350231959814,157.13833630068018,3387368
2023-05-12,152.40084838867188,156.61197994321574,151.17962280812486,156.61197994321574,7791814
2023-05-15,150.33738708496094,153.22201458949476,150.0636661213233,152.44295273040856,4809530
2023-05-16,152.56927490234375,154.25372734554423,150.337380555644,150.86377194414416,7572742
2023-05-17,153.6009979248047,155.60128508078228,153.2641125969701,154.4432240957426,7759756
2023-05-18,151.89552307128906,154.127417695186,151.64285260315734,154.127417695186,3426890
2023-05-19,151.72706604003906,152.65352013033709,150.59006822160464,151.64285111905525,2315526
2023-05-22,152.27450561523438,152.75878312931596,150.99010289809786,152.42189777639464,3206888
2023-05-23,154.38006591796875,156.23296099835267,153.70628238382403,154.54850858866692,11943178
2023-05-24,152.9904022216797,155.43286620196847,152.3797958651226,154.35901995888645,3750960
2023-05-25,152.9904022216797,153.36941433768126,151.74812614025794,152.86407341724814,3352570
2023-05-26,153.4114990234375,154.54850954757083,152.90617100820765,153.70628333750233,2185592
2023-05-29,152.31661987304688,154.6748430520203,152.02183554999897,153.41150369841918,2341038
2023-05-30,151.76914978027344,153.28515942174778,151.60070712040988,152.8640463464133,2722688
2023-05-31,153.07461547851562,154.31690429350388,151.6849473561154,151.7691622673005,23214480
2023-06-01,153.5167694091797,155.34861389219523,153.32727623246515,153.83260422172197,3537282
2023-06-02,151.6217498779297,154.46426299103805,151.22170018763586,153.53782198350194,6932474
2023-06-05,150.25315856933594,152.4429519702228,149.49516008129584,151.64283959921318,5858136
2023-06-06,149.97943115234375,151.1796060828822,149.3267109741424,150.35843038005268,4213074
2023-06-07,155.01171875,155.60127445914205,150.23208298592402,150.33736125010478,12830856
2023-06-08,152.06394958496094,154.801184853849,151.72705137951706,154.801184853849,7164382
2023-06-09,151.36911010742188,153.285169586715,151.09537630922114,152.0639441575308,3085970
2023-06-12,156.50669860839844,156.86464735383893,151.68496078309917,151.8112895867354,9434298
2023-06-13,157.32786560058594,158.71753376839615,156.82252471155348,157.70686484168394,7974634
2023-06-14,157.30677795410156,159.3912927354355,156.19083091869427,157.28572744170452,6714368
2023-06-15,159.5597381591797,160.21247112238044,157.07517363970652,157.9595136486989,12210880
2023-06-16,158.67543029785156,159.47555556654834,157.6647613048204,158.7596580686681,4278588
2023-06-19,157.8121337890625,159.47553567000833,157.55946335949008,158.75963826144513,3034770
2023-06-20,156.84359741210938,157.9384813179137,156.44353478020545,157.91743080101492,2415876
2023-06-21,156.99095153808594,157.8121271870045,156.38034528112848,156.8435722407402,2680298
2023-06-22,157.24363708496094,159.47554434095923,156.29613256106092,156.40141084149423,4024128
2023-06-23,151.43228149414062,156.23296852268024,150.88482672381562,155.89608316505917,10934896
2023-06-26,150.8848419189453,152.80091453101545,149.76889460167035,152.37980136590386,5281280
2023-06-27,151.74810791015625,153.15883936314793,150.75848955648436,152.02182885444373,6784532
2023-06-28,153.87474060058594,154.46429643326874,151.26384681260396,151.83233927722645,7166772
2023-06-30,153.5799560546875,155.306509521201,152.12711068751156,154.06423355996208,8391660
2023-07-03,158.0437469482422,160.00193321443692,153.03250344908415,153.79051476703603,12429962
2023-07-04,158.61224365234375,159.32814104982972,157.1383478292211,158.04373840744037,5390328
2023-07-05,162.78126525878906,163.0128851768688,157.9174140466918,158.61224809822681,12565366
2023-07-06,165.623779296875,167.24506732375374,162.1285456608317,162.7812658339903,13080534
2023-07-07,164.92893981933594,167.56089664286472,163.9393214834188,165.4974450634885,6527978
2023-07-10,162.63389587402344,165.56062441540672,161.74955573114718,165.07634688639322,7264538
2023-07-11,164.61312866210938,164.9710774118314,162.29700632448316,163.39190309072262,6249314
2023-07-12,162.63389587402344,165.39218173375238,162.1496054936571,164.44467719167488,3379704
2023-07-13,159.83348083496094,163.24449970453742,159.4544815941975,162.84444994814643,4556112
2023-07-14,159.83348083496094,160.75993484691844,158.17009170845668,160.022986881019,6358916
2023-07-17,160.7599334716797,161.62321022666438,159.60187239231593,160.02298551208455,3944706
2023-07-18,159.58082580566406,163.26556569435604,159.3492058732774,161.68639145634518,4545860
2023-07-19,161.9390411376953,162.33910373231063,159.41236248038308,160.02298162977442,4894862
2023-07-20,163.37083435058594,163.85511185143693,161.39159761502717,162.52860813994,5790108
2023-07-21,164.50784301757812,165.49746145148993,162.54966951723947,163.37084526803613,4677570
2023-07-24,164.04461669921875,165.0342351373457,163.24450431249912,164.40256543445867,2997768
2023-07-25,162.71810913085938,164.61311819570173,161.83376899699573,163.30766493631756,4256186
2023-07-26,163.0550079345703,166.33968518502462,161.6021625057043,163.34977941269415,12787834
2023-07-27,159.70713806152344,164.92893776406234,152.9272147983315,164.23410374157982,16459384
2023-07-28,157.26470947265625,159.9387676679665,156.6962041554359,159.9387676679665,7259444
2023-07-31,158.97019958496094,159.37026218141102,156.50668531251296,157.36997490186516,10035348
2023-08-01,158.97019958496094,159.93875460083171,157.60158197264008,158.97019958496094,9122844
2023-08-02,155.43283081054688,159.47551869944786,154.75904735383827,159.0965066697458,9528240
2023-08-03,154.96963500976562,156.54880927956623,153.41151125635446,155.58025420129644,6404888
2023-08-04,151.76914978027344,156.16978655805914,151.62175763363615,155.0327761141156,6557502
2023-08-07,151.8744354248047,153.05355980381543,150.80060217109215,152.86405377017118,4002256
2023-08-08,150.6953125,153.2219908836199,150.08469341675155,152.65348567703526,6307980
2023-08-09,151.74810791015625,152.31661316450834,150.7795400709096,151.60071575512396,6443716
2023-08-10,152.7166748046875,153.70629323551552,151.4112215247454,152.379789439507,8137376
2023-08-11,152.24827575683594,153.93022952070288,151.9715020094697,152.99344284303572,5578802
2023-08-14,151.8224639892578,152.8231195193113,149.5869627601667,152.4398933361179,5111068
2023-08-16,152.39730834960938,153.93022606286485,150.80052177219375,151.90762973147173,3864088
2023-08-17,151.9927978515625,153.41925014075795,150.88568988520873,152.86570265492233,4778606
2023-08-18,150.2682647705078,152.58893320772205,149.90632386818774,151.9928021304976,4777304
2023-08-21,149.9063262939453,151.11988675327586,149.3101952070744,150.26826720212225,5180764
2023-08-22,147.71339416503906,151.0347178879335,147.54307287033004,149.92760998030204,8015338
2023-08-23,146.81919860839844,148.79922436870118,146.5850084405712,148.67147364514608,6414210
2023-08-24,149.565673828125,150.24697202314687,147.3940415166663,147.94760198529505,8741756
2023-08-25,149.13986206054688,150.80051745457587,148.60759988331438,149.58695709154935,5113762
2023-08-28,151.29019165039062,152.39729954571166,150.01276246225444,151.26890636179436,10985570
2023-08-29,151.9289093017578,152.69537462687228,151.077289825863,151.58826670927266,6253738
2023-08-30,149.86373901367188,151.07728634310067,149.11857198944216,150.39600117383597,9709432
2023-08-31,145.00949096679688,149.88501732480867,144.3920746865573,149.45920761649955,13575650
2023-09-01,146.56373596191406,146.86179502023123,145.00951982157463,145.22242471809417,9980752
2023-09-04,146.776611328125,148.5011354450989,145.9675624883782,146.75531304594793,6898572
2023-09-05,149.1185760498047,150.1405168262099,147.0108126402898,147.28758637217507,8363178
2023-09-06,150.37469482421875,150.67276681579412,148.20306272830368,149.0121115640994,6751054
2023-09-07,150.9921417236328,151.69472522045422,150.3747123810029,150.73665327169346,7249346
2023-09-08,154.12184143066406,155.2076510757077,150.75793407058893,151.0560060880859,10344130
2023-09-11,154.88829040527344,157.017339070638,153.58957591727375,155.50571971610188,10452850
2023-09-12,148.35211181640625,155.63346101839193,147.7772660645975,155.42055614695775,18168222
2023-09-13,151.41793823242188,151.6521283793143,147.8411392022207,149.28888964364958,9713718
2023-09-14,152.75924682617188,154.24958094154917,151.6308535948941,152.43988951573388,10116738
2023-09-15,149.99148559570312,152.67408184354466,149.56567584241512,152.4186063873178,12383408
2023-09-18,153.44053649902344,153.75989379172515,149.31017698220856,149.99147513890853,10007488
2023-09-20,150.1192169189453,151.92890829320848,149.5443841722778,150.73664623274314,18292152
2023-09-21,151.2689208984375,152.65280265190668,149.7998719930355,150.31084891526655,9879542
2023-09-22,149.86373901367188,152.22697780692775,149.60825057785678,151.3753583506652,3982102
2023-09-25,149.8424530029297,150.52375122267608,148.20308281641945,150.48116764743892,4959752
2023-09-26,149.73599243164062,151.0985887971456,149.41663512672685,149.84244486661188,3788360
2023-09-27,148.60760498046875,150.39601115518406,147.58566416406677,149.73599823596845,5969046
2023-09-28,146.457275390625,149.0334192977559,145.62694114237863,147.77727528008737,9701978
2023-09-29,147.58566284179688,148.24566276041682,146.9043646387387,147.22372195317075,2669870
2023-10-03,145.3501434326172,148.69275217054383,145.13723858299997,148.39468018320738,10514554
2023-10-04,145.3501434326172,146.88306094879738,144.58367817718673,145.3501434326172,6049760
2023-10-05,146.670166015625,148.07533292023047,145.96756956864064,147.1172610321772,7115506
2023-10-06,147.84115600585938,148.6076083870599,146.47855955629976,146.90436932245177,3717076
2023-10-09,144.77532958984375,145.47791314921068,143.1359592881985,145.20113938275506,8740080
2023-10-10,144.94564819335938,145.88243491809246,144.43468424824593,144.796612169695,3572978
2023-10-11,145.86111450195312,147.03209123286692,145.4140194934768,145.71209149558194,4799512
2023-10-12,148.47984313964844,149.18242652466398,146.49981769822227,146.86175853131525,7703802
2023-10-13,148.05406188964844,149.28890762089924,147.77727514403253,147.79857342929378,3981804
2023-10-16,147.86244201660156,148.37341893634635,145.62694073341322,146.90437003809228,3262470
2023-10-17,151.03472900390625,152.312158300264,147.62825088028555,148.56502456747157,10443728
2023-10-18,149.1185760498047,151.80117221220365,148.54373030223863,151.16245760261512,9162228
2023-10-19,150.60891723632812,150.97084513640527,148.67147503246463,148.82051104732838,5743188
2023-10-20,147.50050354003906,150.2256835025616,146.71275285693068,149.28890979386986,4400690
2023-10-23,145.96759033203125,147.8837343807027,145.47791167408525,147.13856725066378,7813800
2023-10-25,144.75401306152344,147.54306140536877,144.136583797164,145.86110788844533,5429774
2023-10-26,142.64627075195312,144.32822451540895,141.13465128961894,143.7533787358302,7743878
2023-10-27,142.62496948242188,144.0301363464661,142.22044505460363,142.646254770336,2996088
2023-10-30,147.71339416503906,148.5650136332661,143.54046396859943,143.92369013036523,21873188
2023-10-31,148.7140655517578,150.71537671410715,146.75533796631268,148.33083934898627,10673186
2023-11-01,151.9714813232422,152.75923187750487,149.26758709386095,149.26758709386095,13929780
2023-11-02,153.52569580078125,154.14312511860425,152.12052886359493,153.6960300916855,10130432
2023-11-03,153.9302215576172,154.8670081868227,153.37667409152073,153.7811855491506,5627900
2023-11-06,155.95281982421875,157.18766549146724,153.8663546630496,154.48377099933276,9072020
2023-11-07,158.7418670654297,159.10380794608233,155.9315331560847,156.18700860625637,10702176
2023-11-08,163.59609985351562,165.17158802293758,159.2741207936508,159.87026479824004,24020912
2023-11-09,163.31932067871094,166.34257243349074,162.9999633735162,163.97933357292257,12843896
2023-11-10,163.5322265625,164.40514433225226,162.0206071730813,162.57415464097718,4932486
2023-11-13,164.83094787597656,165.5122460379283,163.2980302602556,163.2980302602556,4838906
2023-11-15,167.151611328125,167.51355221275014,164.85224128856854,165.21418217319368,11266250
2023-11-16,169.74905395507812,170.8774471917572,167.34323147053237,167.76904121982125,15416172
2023-11-17,166.1722412109375,173.34713750469578,165.74643149611128,170.32388593049328,16380696
2023-11-20,166.91741943359375,167.5135504754916,164.97999029875524,166.3425736809957,4506882
2023-11-21,165.21420288085938,167.42841904517744,164.6180717580611,166.91744208581667,4477214
2023-11-22,171.2180938720703,171.5161528842422,166.53418687380005,166.91741302926766,25730664
2023-11-23,175.13552856445312,176.07231512453592,170.60065775087108,171.83550331121214,16239092
2023-11-24,174.83749389648438,175.85943474400204,173.30457612786643,175.85943474400204,10975546
2023-11-28,180.75624084472656,181.35237190228622,175.9020122407658,176.30652371086444,23186856
2023-11-29,182.52334594726562,184.99305028336804,178.28654674994291,181.39495271359402,25208812
2023-11-30,185.5253143310547,186.82402887808925,182.69366908165796,185.01433743026732,32721308
2023-12-01,186.50465393066406,188.37821406527786,184.54592665574367,187.356273355005,19278842
2023-12-04,196.51119995117188,197.91636693063126,189.0595293138035,189.48533906451027,41482794
2023-12-05,201.06736755371094,202.8770589768628,198.00153218014546,200.15186620272362,38376064
2023-12-06,201.34413146972656,205.45319272529616,199.40668942027494,204.81447813651286,27408826
2023-12-07,202.1318817138672,203.96285833402445,200.76928539560026,203.111238883778,23850564
2023-12-08,200.32220458984375,203.3028728771087,198.3421788318432,203.06866971487128,18940478
2023-12-11,198.2144317626953,202.19575538629593,194.40342943426162,202.19575538629593,27693108
2023-12-12,199.5745086669922,201.31363385402236,198.66036428599776,198.66036428599776,19940320
2023-12-13,199.55221557617188,202.60681645810894,198.86103457460106,200.44406905360728,26664018
2023-12-14,198.7495574951172,200.64474617858056,197.12191397420042,200.64474617858056,12555568
2023-12-15,200.22109985351562,202.20547922646298,197.1888035619818,198.437392950589,22079148
2023-12-18,199.44073486328125,200.7785150859528,198.03606835119697,200.22110665983965,16831064
2023-12-19,200.55555725097656,201.33592906907376,198.4596960675023,199.4407403679806,12644672
2023-12-20,195.96249389648438,203.05272570975842,195.47197180441825,202.1831632007047,17347978
2023-12-21,200.4663543701172,200.86769931068096,192.841018237065,193.93353055136714,18554414
2023-12-22,199.17318725585938,202.16090203065653,198.45970170874014,200.53327205693773,11559264
2023-12-26,201.38052368164062,203.56556204208005,198.21444102454456,199.77518465465909,22976450
2023-12-27,202.7628936767578,203.5209609679328,199.90895166013357,202.42844862249132,12398088
2023-12-28,207.71267700195312,209.96461527950154,202.78519180344216,203.34260024710198,45183336
2023-12-29,200.95689392089844,204.2344583652939,200.065040390919,202.67371468782986,17088440
2024-01-01,201.5811767578125,204.85874100852175,200.97918654753462,204.85874100852175,7006288
2024-01-02,203.45407104492188,204.8587375260318,199.81977090852513,201.58117333103942,9458818
2024-01-03,205.59451293945312,207.4897015374952,202.91895256574665,205.10400442448997,15058884
2024-01-04,201.84872436523438,204.01147164979992,201.11294800887381,203.69931750656653,17904916
2024-01-05,202.04940795898438,204.97022265304898,201.224440770945,203.29799738348433,8080468
2024-01-08,202.8966827392578,207.0437963056511,201.31364813055842,203.76624539443958,18232610
2024-01-09,205.10401916503906,206.79853541339423,203.18652592757948,205.1263100596471,12301290
2024-01-10,201.2244415283203,203.4094798337214,198.481994797633,202.98585759566637,15261992
2024-01-11,204.54660034179688,205.66141718776566,202.09400328066553,202.40614383237434,15751252
2024-01-12,204.34593200683594,205.6168259587139,202.94126547417267,204.68037706740358,11990812
2024-01-15,205.10401916503906,206.68705372314443,203.18652592757948,205.1263100596471,10408382
2024-01-16,210.85646057128906,213.95564323208518,205.34926264085055,205.57222600962456,42369500
2024-01-17,210.3213348388672,212.77393179971364,207.8687378780207,210.47741191264174,22429284
2024-01-18,211.0125274658203,214.4461550140402,205.57221608689073,208.2477763830325,19802302
2024-01-19,214.46847534179688,216.2744732315256,211.3915698872896,212.26113249114678,12973856
2024-01-23,206.4863739013672,217.83521500904686,205.1708981683175,217.83521500904686,18419550
2024-01-24,212.77395629882812,213.37596016207223,206.59786779185174,207.35594874684136,15161312
2024-01-25,211.54763793945312,217.76832126490007,210.03148977953813,212.79624094831541,21346674
2024-01-29,219.68582153320312,223.58768078872038,209.31802408282863,211.3692899560216,27869484
2024-01-30,224.8362579345703,230.92314133947795,219.9087595075538,221.55869381695553,44271876
2024-01-31,224.0113067626953,228.55975147146103,222.31677693861812,225.61664579286153,20707736
2024-02-01,226.73146057128906,229.78604790965045,222.562042753796,224.99233536638295,14008198
2024-02-02,248.98318481445312,255.2484772958472,230.09819823030287,230.7001884434407,77556082
2024-02-05,256.2964172363281,262.56168306242995,248.4035077736028,252.39455790476157,45025890
2024-02-06,271.7031555175781,274.11117078520897,254.49039434948784,258.61521666836103,45260656
2024-02-07,268.47015380859375,276.4745432044872,267.2438554314771,275.04757237676506,28791718
2024-02-08,276.6975402832031,283.31954144016447,270.40998417896117,271.12345607121273,37522588
2024-02-09,273.9328308105469,278.12455366355175,264.1224411026065,277.8123994566748,29524266
2024-02-12,263.2974548339844,275.8502765091528,260.3097401672102,274.1557603035404,17042236
2024-02-13,260.5549621582031,266.0175641659391,258.79354627145125,263.96631225807965,12659942
2024-02-14,278.10223388671875,280.64399463696157,259.52937350421547,259.52937350421547,47987362
2024-02-15,291.07867431640625,292.9515720342697,277.8569358255684,280.9338411632875,51245018
2024-02-16,291.90362548828125,306.7752982089384,290.69964509551363,296.98720107830644,55744810
2024-02-19,290.989501953125,297.29937649744716,290.23142101727,294.2670799712367,24997270
2024-02-20,293.2414245605469,296.09536669266106,284.1668259411118,290.9894998807991,20913510
2024-02-21,282.3608093261719,297.8121541053493,280.93383835458013,295.9169655132747,17722264
2024-02-22,279.1055603027344,281.3128759145059,272.3943410234418,280.4879223239659,27653580
2024-02-23,275.5604553222656,280.7109041163839,274.3564475895237,277.38874420802193,12564690
2024-02-26,279.6629638671875,282.5391695457418,269.3843308103213,275.136796601846,23264196
2024-02-27,278.72650146484375,282.1378518891214,274.8246425168436,279.6406458320765,14881202
2024-02-28,271.7031555175781,278.9494649966797,270.276184515175,278.63731083721524,12645922
2024-02-29,269.27288818359375,272.81801169875973,265.08119258005905,271.56942209807306,20515464
2024-03-01,277.94610595703125,279.70752186097593,271.56935960675065,272.46121300447396,15763236
2024-03-04,285.5937805175781,286.8423699218336,276.85360025337405,278.79339786494234,14804172
2024-03-05,287.6673583984375,289.62944714124416,281.87031018775826,285.86136036086043,12317936
2024-03-06,284.6573791503906,291.19021805332693,278.81574860312816,286.730949782985,18258188
2024-03-07,278.5704650878906,285.9059660670318,277.3664573376772,284.05535904196205,11968574
2024-03-11,279.3285217285156,284.813415204857,272.92945665844377,275.136799472042,15353008
2024-03-12,278.9048767089844,283.3195349737976,274.9807269567479,279.5960576920544,14074364
2024-03-13,266.552734375,280.0420195524885,264.9696997397617,280.0420195524885,14910184
2024-03-14,271.4578857421875,273.7990009785678,264.16699489291443,266.55269191358127,19372474
2024-03-15,261.51373291015625,267.55603458100245,249.27303888463393,262.3163955704578,57039318
2024-03-18,259.6631164550781,264.34534688601485,258.7712630396616,261.5137231789499,10980494
2024-03-19,248.69334411621094,259.0165316414979,248.11364480750152,258.63750480582075,21665634
2024-03-20,252.6843719482422,255.24845043779098,249.8527211120694,250.16487524119466,17528566
2024-03-21,262.11572265625,262.9629943178682,255.3153401221903,255.96193931477185,16625332
2024-03-22,264.34539794921875,269.54045598442406,260.66650189997875,262.6508815760414,21445540
2024-03-26,267.4891662597656,269.25058247211535,261.02322799415515,261.49147288370915,13567050
2024-03-27,265.41558837890625,272.7956701289829,264.56831672660445,269.7856647781523,10893576
2024-03-28,268.6262512207031,272.57269157378494,266.4857813167888,267.9573611800313,12168632
2024-04-01,267.8681945800781,271.5470901358918,266.73108685172275,268.893820624924,6260114
2024-04-02,274.6016845703125,276.6083549260479,267.5560474313942,269.7856811599891,18944588
2024-04-03,272.43896484375,276.1847333713708,271.48021140393917,273.35310927635453,12456516
2024-04-04,266.88714599609375,274.73544550107584,265.5270749227632,273.79901026165675,15187270
2024-04-05,263.2974548339844,265.0142619336426,258.7489965430813,264.6798168713293,17546990
2024-04-08,263.96636962890625,269.1614004187089,263.3643521301524,265.75007679461595,11628512
2024-04-09,261.2015686035156,266.307434841682,260.1982335128491,266.307434841682,9089852
2024-04-10,269.6741943359375,271.4356103914121,260.86714127577255,262.78462080239217,22286674
2024-04-12,268.0911560058594,273.2861860894605,267.11011175463784,269.6741904567901,13419366
2024-04-15,262.8961181640625,267.4668674931727,256.14034402258153,263.18598144742657,16619074
2024-04-16,264.1224060058594,267.55604739081656,257.99091325315317,260.8671462060462,11546770
2024-04-18,262.91839599609375,275.4043447625852,261.1123981358108,269.56271533371716,25834400
2024-04-19,261.223876953125,263.05219290418376,251.59187032589787,257.74565384980457,20996084
2024-04-22,269.0945129394531,271.48021025557466,264.4345727817294,265.25952641364177,17525618
2024-04-23,264.4345397949219,271.79233053120555,263.87713140580945,271.2572130342163,11440602
2024-04-24,264.590576171875,267.0431728329067,263.9885860601396,266.6641460539924,9778936
2024-04-25,269.07220458984375,270.14241243069404,262.2272128313776,264.5906190992812,14346756
2024-04-26,271.7700500488281,274.11116537277314,267.15469207986916,268.5816630540962,9905056
2024-04-29,275.939453125,278.4812409114281,270.7667139805418,274.2226461135499,15908852
2024-04-30,270.8336486816406,278.503595583186,269.0722594810217,278.258341270701,12520696
2024-05-02,283.0074157714844,284.07762361467724,274.0219810944416,275.5827246808217,31766132
2024-05-03,280.8669128417969,286.1511604115973,278.7487610791372,285.39307960046756,8997336
2024-05-06,272.12677001953125,283.2526466829434,270.2984814273803,283.1634558990616,9472036
2024-05-07,269.4735107421875,280.2426518886813,268.4478847323326,277.5893824682343,19902238
2024-05-08,276.6083679199219,278.39207498658874,269.09451278847166,271.12347413336323,13939168
2024-05-09,264.0555114746094,278.7041929702428,263.1190490559056,278.7041929702428,19938848
2024-05-10,275.87261962890625,277.34417259304286,268.2472551865798,274.2449759578814,44164342
2024-05-13,270.6329650878906,278.6819377682387,263.8994545930645,278.6819377682387,22898652
2024-05-14,270.20928955078125,275.4489282804805,268.5147735327027,273.085522211802,12813314
2024-05-15,278.72650146484375,280.04199078218255,270.6998202003863,271.5693827808108,18835012
2024-05-16,275.91717529296875,282.42769492612945,272.48353389032565,281.82570470328284,26886936
2024-05-17,280.17578125,280.7108988119079,275.7388044909449,276.34082195454494,10203386
2024-05-21,287.1767883300781,289.4064217798458,278.7041812209609,280.9338146707286,21247760
2024-05-22,285.6160888671875,290.1645472480928,281.40207555521334,289.8078112846748,14673810
2024-05-23,288.7153015136719,291.68069829457716,285.66068671538477,287.6227754503022,14982550
2024-05-24,291.6806945800781,295.80551727625516,286.1066098555146,288.5146253434103,16208524
2024-05-27,292.55023193359375,295.09201979156035,288.2916370158576,292.8846769881365,12493582
2024-05-28,288.2916564941406,293.8657411131302,286.55253120613185,293.3975234485771,8950082
2024-05-29,282.5168762207031,286.70859839737074,282.0040768081287,285.39310909170956,10753416
2024-05-30,279.0386657714844,283.9661509501359,278.03533057694045,282.7398523790267,9645688
2024-05-31,279.95281982421875,282.8959528266801,275.4043613420222,280.93386415837256,18484104
2024-06-03,297.0541076660156,306.3516692745837,290.61046085282476,296.54128102998277,33828234
2024-06-04,258.7267150878906,298.77093323298965,252.7067037466289,298.77093323298965,45748526
2024-06-05,259.12799072265625,268.470160395524,238.2140451264826,268.470160395524,47388174
2024-06-06,260.48809814453125,270.8781850285799,258.7489730912448,263.5649761086143,37934232
2024-06-07,267.4668273925781,268.4478715693291,259.17260171602265,260.8671177210258,21620630
2024-06-10,268.7154541015625,271.94842310449354,267.6675371047376,269.9194617943718,14828594
2024-06-11,270.7667541503906,273.2193515118666,264.7021334353231,270.3654091498099,27027544
2024-06-12,273.5091552734375,278.19138604654154,273.10783753749644,277.1434690937302,23479388
2024-06-13,276.1847229003906,277.1434763038523,273.57606228867803,276.02865942411034,12050324
2024-06-14,279.44000244140625,280.6216919718002,275.6942069394141,277.5002047925428,14628644
2024-06-18,281.335205078125,283.16349391573647,279.3285346488009,283.16349391573647,15884950
2024-06-19,274.6016845703125,282.80674757842536,274.24494861717903,282.80674757842536,19648006
2024-06-20,279.2616271972656,280.3987349663636,273.2639069661141,276.47458500966815,18076646
2024-06-21,274.3341369628906,284.5012612311581,272.1045032541825,283.6094077476748,30004484
2024-06-24,272.23828125,276.2070402173504,270.4991560357209,276.2070402173504,7557297
2024-06-25,264.2561340332031,273.30846721749236,262.9183540217953,272.23823232148453,15630568
2024-06-26,266.12908935546875,268.3141414027325,264.21160969898557,265.77235338497115,7973173
2024-06-27,271.8815612792969,273.7990409762421,264.0332336766874,266.4858309492759,12487595
2024-06-28,271.0788879394531,273.44229432094727,268.9384177204605,272.77340418181444,9077880
2024-07-01,271.61395263671875,273.665231866745,270.49913584340237,272.6396058603353,4793023
2024-07-02,271.480224609375,274.91386633962196,269.5181630615277,271.123488620422,5553786
2024-07-03,273.4422912597656,274.200372185738,270.2316131844296,272.46124695657835,4355165
2024-07-04,270.2315979003906,275.13679192168485,269.2951626559357,273.4422757941338,6607472
2024-07-05,273.48687744140625,273.97741320948404,269.33976400203534,270.2316175252209,7684768
2024-07-08,267.1101379394531,274.64631131578096,266.4858295682364,271.6585964830328,11488688
2024-07-09,267.73443603515625,269.47353405872514,264.3453763485234,268.6708713388311,18094862
2024-07-10,267.8681945800781,269.1613657784637,261.6698020900665,268.2695123103876,12134270
2024-07-11,273.4422912597656,274.6908807287271,267.1993166977491,269.33975967557006,19246022
2024-07-12,271.61395263671875,277.32183639226406,270.90048077587903,276.2070195989477,10426157
2024-07-15,274.46795654296875,275.5827735882286,271.25727800917787,272.90721267960504,8687357
2024-07-16,281.7811279296875,284.7242336316351,274.69088162425567,274.69088162425567,28132502
2024-07-18,283.7431640625,284.501244923449,278.88257918645166,284.05531820726804,19588548
2024-07-19,270.9450988769531,283.74320282306496,269.1613917685671,283.74320282306496,19823046
2024-07-22,274.913818359375,282.8513084014112,267.64521838633976,271.61394979875456,27102699
2024-07-23,272.9071960449219,278.52586272366807,264.07785102808725,277.76780895286794,24287234
2024-07-24,280.8892517089844,281.6919143612403,271.881526524939,273.263888469535,16934157
2024-07-25,290.87799072265625,291.7698441525692,277.1880351300517,279.1055417781298,30554549
2024-07-26,293.2414245605469,293.77654211246943,288.4254210276623,292.48337084729997,21839106
2024-07-29,301.3572998046875,302.2937623336239,295.24809773221426,297.34395895349905,20234464
2024-07-30,310.54339599609375,320.21998458543703,300.82217118473244,301.9369880468419,45785745
2024-07-31,312.1933288574219,315.80535211808524,308.715105404984,313.93245419224615,17224023
2024-08-01,311.3460693359375,313.8432483055389,307.3327284951577,313.0405855808249,16959971
2024-08-02,309.5623474121094,312.99598874313205,303.2747640668634,309.38396582976736,15120989
2024-08-05,304.746337890625,309.4285685513497,298.23579130824504,305.01388304149765,23868328
2024-08-06,298.5033874511719,311.8365813976195,297.3439615315613,305.9057608651054,13702018
2024-08-07,306.4854736328125,310.1420787102213,300.91138882493647,304.30044871845166,14250381
2024-08-08,301.7140197753906,306.7530136840724,296.80882566175626,306.7530136840724,15378854
2024-08-09,306.868408203125,309.90581487540317,303.55488641928724,306.63830291381714,11351617
2024-08-12,306.868408203125,309.99783451990663,303.92307735339944,305.39572873374993,12253716
2024-08-13,296.0994873046875,306.27012950570634,295.45518128123734,305.5338038409264,9757429
2024-08-14,299.1828918457031,301.39192513801277,295.1330442915107,296.09950337915245,8457477
2024-08-16,306.0400085449219,307.23654471114276,300.10328135408065,300.10328135408065,8214443
2024-08-19,316.4407958984375,318.05153299117916,309.5836748427527,310.9182687233232,17875728
2024-08-20,321.59515380859375,325.9211445785601,319.75431145354855,321.1809811321237,22888866
2024-08-21,323.25189208984375,327.30173919344776,320.4445909636361,321.54910748690173,14795459
2024-08-22,322.23944091796875,326.84154653493766,320.81277132329427,326.3813359732408,10244576
2024-08-23,324.1723327636719,329.5107640745211,321.7331943013985,321.9632995835734,15872017
2024-08-26,323.20587158203125,327.57787191436563,321.226971786253,327.1636992626112,6672007
2024-08-27,321.2729797363281,322.8377068712421,316.16465377126633,320.3065487988375,9683173
2024-08-28,320.4446105957031,327.4398167972294,319.06397890154756,320.76676360881083,7295981
2024-08-29,328.0841064453125,329.0965471659327,319.5241735154501,321.96328376889187,13054801
2024-08-30,329.1885986328125,336.41390983811135,326.51938307816687,331.3055840023072,20312502
2024-09-02,329.9249572753906,337.97864196739255,329.0505459875069,332.27201986430765,14344785
2024-09-03,327.11767578125,331.07550363639797,325.36888118898685,330.89140816814927,9289259
2024-09-04,328.8204345703125,334.9872671120687,326.4273341172867,327.117649935139,19416507
2024-09-05,331.9959411621094,335.3554729555371,327.4398449441419,330.89142447623055,15927510
2024-09-06,324.12628173828125,336.18380365415396,323.11381291987556,333.5145881067373,19044553
2024-09-09,320.1224670410156,325.4148886916499,319.4781890847879,324.08029486794817,9200270
2024-09-10,318.41973876953125,323.5280654087961,317.22317430578374,321.2270123120053,8137710
2024-09-11,313.17327880859375,324.7245523607814,311.60855170531494,322.1013747009063,12194591
2024-09-12,316.9009704589844,318.6497930034517,313.31133382117196,316.1186350026962,15970391
2024-09-13,315.06011962890625,321.9172678056211,314.46185155386246,318.46568880842005,11006109
2024-09-16,313.5414733886719,317.453263454069,312.94320523176924,317.453263454069,4850244
2024-09-17,311.4704895019531,313.72553239549177,308.3870732498366,312.8971590369139,7237522
2024-09-18,309.3535461425781,312.8511351866299,307.83485690210887,312.02276179083066,4111826
2024-09-19,298.6306457519531,311.05633096067754,297.25001406209486,311.05633096067754,12549677
2024-09-20,304.8434753417969,306.59226978981894,298.6306330026762,300.47147517723045,14642546
2024-09-23,311.1943664550781,312.4829503231424,304.93548638458896,306.50021342446666,6110287
2024-09-24,312.1607971191406,315.88851926839504,309.9057823738347,311.6085388649153,7068491
2024-09-25,312.75909423828125,314.5999365306526,308.47914152632273,313.8636108493138,6087353
2024-09-26,317.6373291015625,319.34011376441185,308.4791278669287,312.9431758460669,9517367
2024-09-27,338.0706787109375,341.0160376400647,318.78787238335525,319.3861405157961,40756678
2024-09-30,340.5097961425781,346.0783325449935,331.489652536662,337.9326002170209,23860696
2024-10-01,338.945068359375,343.63922156341937,335.1713362506718,340.55580527622203,9440793
2024-10-03,321.08892822265625,332.82429804697,319.3861434538724,325.59898630203855,20754875
2024-10-04,313.17327880859375,320.2605325036479,307.74279994448585,315.2442262805095,18185208
2024-10-07,308.3410949707031,315.9805795209343,306.3161571412556,314.78404322382227,7847806
2024-10-08,311.10235595703125,312.4369778912735,302.1282495351938,305.11961834247296,9565667
2024-10-09,311.88470458984375,322.1473945409876,310.87223573205307,317.54528890468777,13523561
2024-10-10,308.7552795410156,315.98056294607454,307.92687805213416,314.7840267117272,5706365
2024-10-11,310.7801818847656,312.39091882576815,307.4206504541936,308.75527229806204,4046559
2024-10-14,313.63348388671875,317.1771106724289,310.41201009771356,312.94316807478907,7967181
2024-10-15,320.99688720703125,323.5280454574093,316.5328388567413,316.8089820647432,17183945
2024-10-16,322.83770751953125,327.5778706650212,320.3525592623888,323.98823391838914,17073700
2024-10-17,315.4283142089844,322.69963509683987,314.64595067601397,321.3650133000656,11023063
2024-10-18,315.2442321777344,316.53281612211606,307.6967677921764,315.4283276365132,7328694
2024-10-21,305.2576599121094,318.0054980870958,303.9230661367933,315.29024453786286,8609636
2024-10-22,297.2039794921875,306.0860378456166,296.3756060867684,305.5798174559227,6372285
2024-10-23,297.342041015625,299.91923708681844,291.35930354578124,296.3756100445677,6639274
2024-10-24,295.8693542480469,299.50500049900245,294.53473250577173,297.2959956230133,5706821
2024-10-25,281.9249572753906,297.84825834441,278.9796267594427,297.7102008042755,11583887
2024-10-28,285.6986999511719,290.39285311537384,281.0045467869699,282.84538896202776,13299872
2024-10-29,286.6651611328125,288.04579277463563,278.1972758273551,287.17138149920527,8437903
2024-10-30,286.527099609375,289.840621446396,282.8914528333724,284.41014214937474,6248318
2024-10-31,286.0208740234375,291.0371805556772,283.30562037956014,285.7907687346013,11375689
2024-11-01,288.091796875,288.87416040764066,286.9872803478576,287.12536598051696,710149
2024-11-04,279.30181884765625,288.55204048896513,274.3775599073122,288.0918298980736,14063318
2024-11-05,283.4437255859375,284.45616645547085,276.31046113971234,277.04678687919596,9542018
2024-11-06,291.77349853515625,293.6143407972077,282.7993925076554,286.98729741821296,10787602
2024-11-07,289.9326477050781,292.41779592101653,286.3430110179627,291.1752218130473,7387875
2024-11-08,285.7447509765625,290.024703612246,282.38519138163764,289.932655881463,9304376
2024-11-11,287.6776123046875,289.01223417582224,279.85403271712545,283.4897074081314,5277147
2024-11-12,285.1464538574219,293.20013871721534,284.4561380122967,289.1042815562203,7192998
2024-11-13,281.51080322265625,284.4101241127976,277.96717631736203,283.44369317909155,7306795
2024-11-14,274.4696044921875,281.6488783920614,272.8128295305839,281.46478292220826,11061057
2024-11-18,266.185791015625,275.8041745726581,265.35738956168905,274.4235429347949,7940666
2024-11-19,264.62109375,274.19346856697746,263.7006725543478,269.3612572898036,9912544
2024-11-21,259.9269104003906,264.5750537619199,257.11963730931586,264.5750537619199,8273120
2024-11-22,263.1023864746094,264.1608651597094,258.6843481829839,260.11101779248725,6539977
2024-11-25,272.9508972167969,280.17620929675485,268.7629919679748,268.8090017926329,16903527
2024-11-26,270.46575927734375,277.0467648511867,270.0055487045013,274.2394915924571,5160007
2024-11-27,270.09759521484375,273.3650790316324,267.8885620039749,273.319069210166,5995425
2024-11-28,267.7965393066406,274.9758128930075,266.4619174310483,271.0180132652198,13130411
2024-11-29,268.85504150390625,270.8339414908772,266.3698929971815,269.1311566317529,8125467
2024-12-02,270.7418518066406,272.3525886772603,267.3823205228668,269.36122020325234,5193026
2024-12-03,270.83392333984375,274.10140718615907,268.80898557459034,273.8252920768174,9198285
2024-12-04,270.28167724609375,275.71215665773525,269.5453515285587,270.7879257547965,9840659
2024-12-05,273.3651123046875,274.51563887162644,268.11869992383504,271.61631754074585,9287638
2024-12-06,276.448486328125,279.7159700368195,272.8128117037834,274.1934433703906,9586531
2024-12-09,279.30181884765625,279.9921347339935,275.29798108909523,277.00076589319883,11637358
2024-12-10,279.3478088378906,282.2931676460906,276.9086984971437,278.2432922625598,8649367
2024-12-11,282.9834899902344,284.36412169663197,278.0592312862782,279.3018054398408,10867782
2024-12-12,278.105224609375,282.9834732026661,277.32286107102414,282.61528229824995,7454904
2024-12-13,277.6910705566406,280.8665066520414,272.4446587969014,277.9671856644062,7726611
2024-12-16,274.2394714355469,277.69105047817067,272.2605436465582,277.0007346696459,8696443
2024-12-17,269.6833801269531,275.9882702289543,268.85500676143255,275.9882702289543,8415828
2024-12-18,265.357421875,269.6834127693682,264.759153710211,268.5328862643794,6535229
2024-12-19,271.1100158691406,272.306580117686,259.6047524544084,259.6047524544084,11822064
2024-12-20,266.0477294921875,275.39002689296007,264.1608773183805,270.1896247811516,9979749
2024-12-23,266.0937805175781,271.4322123619353,265.0813115570203,268.7629964397567,6819725
2024-12-24,268.7629699707031,271.93843410493906,264.48301733383744,266.8761178897375,7937629
2024-12-26,272.0765075683594,275.48204909524543,269.2692061041553,271.38619168046046,11310555
2024-12-27,270.1896057128906,273.7332326056117,269.22317478261357,271.57023737844247,3708404
2024-12-30,269.9595031738281,271.754335592862,266.69201943448525,270.1896084537544,8236910
2024-12-31,269.17718505859375,270.9719895043915,267.6584676418857,268.25676387951023,4161509
2025-01-01,271.8003234863281,272.35258173140346,267.19821825906877,269.0390603499725,3545200
2025-01-02,273.27301025390625,274.00936396382787,268.57885717586026,271.80033092308486,6846413
2025-01-03,272.8128356933594,275.34399397138134,270.9259834853533,272.4446728343613,4806469
2025-01-06,262.1819763183594,273.5951932271013,261.4916604397376,272.8128296135249,7361716
2025-01-07,260.2950744628906,267.38232813088456,258.36221263436744,264.2529020252984,8306436
2025-01-08,263.9767761230469,264.9892450117532,258.1781340798577,260.29509150158725,6037032
2025-01-09,257.7179260253906,264.9432377835503,256.84351468362314,264.1608741760254,6215902
2025-01-10,255.55491638183594,260.9393855101679,253.6680643359784,258.1781221714359,9073218
2025-01-13,244.18772888183594,252.83971048273585,243.22129787423722,249.66424616229648,10488655
2025-01-14,248.69781494140625,249.8943512439809,244.83203473627594,245.84450365562202,6710730
2025-01-15,245.75244140625,253.94418383532027,244.14170443074087,252.10334157759556,13448052
2025-01-16,245.66038513183594,247.54726523379495,242.5309590203457,246.07458586102817,13754046
2025-01-17,251.82720947265625,253.29988879721415,245.98253008117388,247.4091714989826,9300647
2025-01-20,255.2327880859375,256.24525702597026,247.4092078687245,253.11583055689024,9623368
2025-01-21,257.90203857421875,264.16089167087983,256.0151582088679,256.3833210811962,15304149
2025-01-22,255.5089111328125,260.9853999991904,252.24139927011052,259.5587584842658,6301894
2025-01-23,249.6642303466797,262.3200208250828,248.7898190416533,260.4791785736787,18806324
2025-01-24,242.8070831298828,257.16565839174245,242.070757460669,252.19538990198976,18480516
2025-01-27,240.50601196289062,242.7150449801332,237.79078668681424,242.7150449801332,10083126
2025-01-28,237.51467895507812,242.899148582244,234.06311350641113,241.38045922305,13321189
2025-01-29,241.22218322753906,242.11387201614954,236.05984078492637,241.17526429931087,9435973
2025-01-30,241.3629608154297,244.88273963923248,240.75287154811053,243.94413195288507,9410974
2025-01-31,245.07046508789062,245.91520625078527,238.64099690558075,242.06690912645124,8790578
2025-02-01,239.95504760742188,245.96213102921902,232.77470458589738,245.68056018289775,11464565
2025-02-03,234.22955322265625,236.34142053704645,227.33078093350827,235.54359826724786,21517136
2025-02-04,240.2366485595703,240.8936711141814,234.8396540462363,235.262024665485,7000612
2025-02-05,245.2112579345703,249.34112602360904,244.27265024869638,244.27265024869638,10088345
2025-02-06,246.4314422607422,250.79599101786755,245.58670105240742,246.8538271869266,14058587
2025-02-07,248.07400512695312,248.6371754791074,244.0849223782418,246.0090853610994,6557480
2025-02-10,243.9441375732422,249.48191732147305,241.69148480291506,248.30865768650744,8052376
2025-02-11,239.48574829101562,243.803349428371,238.17170324330758,243.56869750399335,6819100
2025-02-12,239.9081268310547,241.0344388516877,233.76024371148813,239.48574192079667,6568833
2025-02-13,240.04891967773438,244.13186890839117,239.34496390155334,240.47130460105654,5514711
2025-02-14,235.5905303955078,242.7239545745371,232.2584702286979,240.6590061971224,5205573
2025-02-17,236.81072998046875,237.98398962729826,231.2260169259638,235.59053708336265,5899597
2025-02-18,237.2330780029297,237.98396696981493,231.6952987259307,236.7637741888784,5534272
2025-02-19,239.9081268310547,240.70594908152367,234.22954754776015,235.59052580854564,6887175
2025-02-20,242.7239532470703,243.70947985942672,237.65546315115876,238.40635216411047,8155780
2025-02-21,235.87210083007812,243.47481405748925,235.2619972759546,242.16076910125005,9845416
2025-02-24,235.5905303955078,237.93704962255472,233.47866309116563,235.8251823182125,6773845
2025-02-25,233.1970977783203,237.3738994937522,232.49314195025815,236.43529172300265,4172676
2025-02-27,229.72422790527344,234.08874785474885,227.23692330129566,233.19707343004077,7376510
2025-02-28,222.7316131591797,229.06721522192615,221.65220569602002,229.06721522192615,14066882
2025-03-03,227.52789306640625,228.68237651238536,219.64357989465313,224.32723741330892,6864635
2025-03-04,234.57684326171875,235.534227160968,221.60529181980885,226.20446398954448,7201075
2025-03-05,240.1333770751953,241.1564559735845,234.55804535807812,234.55804535807812,7802519
2025-03-06,248.7686004638672,249.62273693436754,243.0994017615311,244.03800949034013,12828381
2025-03-07,245.2206573486328,249.4725490922036,244.03800247822443,248.693488659018,7057204
2025-03-10,241.15646362304688,249.63208980221245,240.33987952694642,245.22065090589075,8487911
2025-03-11,248.33682250976562,248.70289327641743,238.73488369020777,240.2741998063646,12306539
2025-03-12,249.97003173828125,255.3013170731819,247.22928440750198,250.13897426471684,10648004
2025-03-13,248.17724609375,250.29850849687205,245.92459351774363,249.96999009861386,4545159
2025-03-17,245.37081909179688,247.50144809877617,242.4517344693394,245.0798243741611,6482574
2025-03-18,245.37081909179688,245.37081909179688,245.37081909179688,245.37081909179688,0
2025-03-19,248.97509765625,250.1295668413823,246.863230246528,247.33253411535512,4955027
2025-03-20,255.42330932617188,256.1741840031066,248.49638015192286,250.23281006687128,10789615
2025-03-21,262.49102783203125,268.30101167616596,254.41899603659073,255.48902254339677,26173451
2025-03-24,263.22314453125,267.78476418421434,262.8101548535289,264.6873702453398,11376607
2025-03-25,261.9747619628906,266.527014698982,260.1632561108479,263.3451497269308,12143699
2025-03-26,256.2492980957031,265.9357078186867,255.4233187342318,260.9329413663683,9475308
2025-03-27,259.1120300292969,262.66936110438195,255.47022770154115,256.60596360130137,107524873
2025-03-28,261.37408447265625,266.87431178466,259.3372931828185,259.984934780175,12687883
2025-04-01,267.12774658203125,269.3803992441163,258.11710728965846,258.11710728965846,20780255
2025-04-02,269.1926574707031,270.36591701101133,260.6513509324847,265.6728788497785,12058406
2025-04-03,269.1926574707031,273.5102583078437,265.62595992577883,265.62595992577883,6663148
2025-04-04,262.2939147949219,277.5462888483528,260.04123355795895,274.21421456103036,18852567
2025-04-07,256.89691162109375,261.96538693314545,245.91519124162272,245.91519124162272,15010047
2025-04-08,268.3479309082031,269.84970893018647,258.21097938687376,262.340847464303,18994276
2025-04-09,270.2721252441406,272.80634909686995,262.4347444498098,270.9760810883493,14519066
2025-04-11,275.1997985839844,278.2502737141368,268.9111153195946,278.2502737141368,14955235
2025-04-15,276.32611083984375,278.57876367002035,273.2287167788553,278.57876367002035,8516322
2025-04-16,280.4090576171875,282.0985400632086,274.58967826927557,275.9506709270397,9064723
2025-04-17,280.0335998535156,283.22486015462033,277.31164338033904,279.70508144515946,7510897
2025-04-21,285.3836364746094,286.7915479098941,279.7050718099067,281.4415016422309,6455955
2025-04-22,287.3078308105469,289.5604836253407,284.069622696507,286.27535658258967,7096150
2025-04-23,282.00469970703125,287.8240503593405,279.9866702025668,287.30782757319594,7400827
2025-04-24,283.4595031738281,286.74462986624,281.8638587513297,284.35119187652396,5773985
2025-04-25,277.5462951660156,286.2284159786728,275.29361387777595,283.7880303457681,7773037
2025-04-28,290.9683837890625,291.86007255183597,275.1059195629171,275.1059195629171,14414879
2025-04-29,292.56402587890625,296.2245901091726,290.78064836823387,292.4232118114076,9522966
2025-04-30,291.01531982421875,302.6540787752306,290.0297931497705,299.41587059798314,21424437
2025-05-02,292.2824401855469,298.0079530436973,290.87452859636403,291.48461788953637,6850147
2025-05-05,301.3399963378906,305.84533056968866,296.6000388206802,297.53864653846716,16037327
2025-05-06,292.3293762207031,302.41940887828287,291.4846063853069,301.38693469149126,5444873
2025-05-07,297.44476318359375,298.0079335111615,288.15255303283965,288.15255303283965,7970668
2025-05-08,289.04425048828125,300.5421947263903,286.9323831792408,296.1307271121146,5918739
2025-05-09,288.01177978515625,288.481083637293,282.84943741165154,283.97574947035946,4955934
2025-05-12,290.0766906738281,296.5531065504102,288.293341819073,295.66141780101606,6844271
2025-05-13,288.0587158203125,291.5315759899885,285.80606292507963,290.07671677554123,7241358
2025-05-14,293.31488037109375,294.3004069115281,289.46658341181876,289.7481828833938,7733320
2025-05-15,297.53863525390625,300.5421912945243,294.25350836624483,294.7228122073393,7055032
2025-05-16,300.4483337402344,301.2930749505412,296.41230340027084,296.60003639990975,6861786
2025-05-19,297.72637939453125,299.9320846150281,296.7408241049147,298.9934768976986,2956007
2025-05-20,293.6903381347656,300.02593999184177,292.610945028663,297.53863536194444,5016433
2025-05-21,296.4592590332031,297.3040002664793,290.3583087514917,293.12718438523206,5232094
2025-05-22,293.83111572265625,299.3219762478358,289.74819532775876,295.56754561783714,4876801
2025-05-23,299.322021484375,300.354495792469,292.84563339765725,292.84563339765725,4257721
2025-05-26,303.1233825683594,304.06199031293517,299.41587051967105,299.41587051967105,5050848
2025-05-27,297.53863525390625,303.0764148500146,296.1307237306228,303.0764148500146,4716473
2025-05-28,301.9500732421875,302.7948143446096,294.4881314420594,297.5386061103835,7112876
2025-05-29,299.5566711425781,302.7479319071523,298.1018405223277,301.4808343029507,4000772
2025-05-30,298.8526916503906,302.6071225219886,297.5386465741382,298.0548693613692,9148638
2025-06-02,297.1632080078125,299.88516464984934,296.27151922181895,298.8526904355501,3086437
2025-06-03,290.7337341308594,301.2461517943344,290.0297783581454,295.7083434670911,7853488
2025-06-04,292.4232177734375,293.4556919732895,289.65434224205455,290.7337353693406,5925942
2025-06-05,290.7806701660156,296.03687930699937,289.32583960775946,292.0008774302636,5900170
2025-06-06,297.2570495605469,298.3364426123479,290.0297593110409,290.0297593110409,5825337
2025-06-09,300.7298889160156,301.71544414668324,295.6614132744038,298.2895032681188,3787426
2025-06-10,300.4483337402344,304.76593493562217,299.7912968855323,301.4808079501801,6489933
2025-06-11,313.35418701171875,313.964276289154,300.6360354644074,300.6360354644074,21739121
2025-06-12,299.0873718261719,310.67918396578733,298.24263052909043,310.20988006251577,13568848
2025-06-13,293.1271667480469,295.09824860311636,280.92526691880073,286.27534214769884,13958229
2025-06-16,296.9754638671875,297.39784878029445,289.56046893288305,290.9214615248648,6893567
2025-06-17,293.5964660644531,300.77683761472986,292.5640205484956,294.7228067197212,7219608
2025-06-18,296.4592590332031,297.3978667688511,290.6868271877754,292.84561352215167,10011198
2025-06-19,294.20660400390625,297.53864998301066,291.06226238411165,297.53864998301066,5399948
2025-06-20,294.2535095214844,296.5061622387752,290.9683826209255,291.81312380940545,8522458
2025-06-23,294.20660400390625,296.1307383900311,289.27891342847784,290.96839588243944,6848410
2025-06-24,299.6505126953125,307.6755971924206,297.53864533880676,305.5168109078284,11172373
2025-06-25,299.97900390625,303.1702641155016,297.1631810197283,302.7009603010813,6658747
2025-06-26,309.5058898925781,310.67914952067736,299.2750716643596,299.2750716643596,15528180
2025-06-27,312.5563659667969,313.6827066711377,307.30015708659647,309.74054284997885,9911738
2025-06-30,311.5708312988281,316.96782546688655,310.06905327977915,313.49496558808784,5840638
2025-07-01,311.6646728515625,314.9028808484521,310.5852797339438,311.19536900529056,3921773
2025-07-02,311.4300231933594,314.38666036160197,308.6142000952493,313.21340073738946,3799017
2025-07-03,311.1484680175781,314.94981793393447,310.25677920063765,312.55637963756715,5049883
2025-07-04,324.94598388671875,326.3538953790459,311.5238771401137,313.49495895817824,13743465
2025-07-07,328.98199462890625,329.96752124364764,322.3648218864232,324.57052703789526,8603937
2025-07-08,333.7688903808594,336.631632292731,327.2925032409956,328.5126817441465,12905482
2025-07-09,327.1047668457031,334.47284264549603,326.30694461239494,333.7688869062298,8039090
2025-07-10,329.4043884277344,331.18773735412975,326.6824031440404,330.20218206878167,6580919
2025-07-11,323.6788635253906,330.99999195704333,322.22400443789866,330.2021697018423,4803470
2025-07-14,323.2565002441406,326.8232268460588,321.80166970332823,324.6174929260891,5372218
2025-07-15,326.6824035644531,328.98200392252386,324.8990546357627,326.3069662074711,6270256
2025-07-16,326.49468994140625,330.10833526836876,326.07230502426813,328.55960966821806,8426412
2025-07-17,325.46221923828125,328.41882775778186,323.11569999359284,328.13725690603275,4026086
2025-07-18,322.4117431640625,329.87368579534206,321.09769812014815,326.16617394326556,5631392
2025-07-21,321.5670166015625,323.5380985791517,318.6104079571962,322.4117578365193,5051058
2025-07-22,319.45513916015625,323.2095699923155,319.07970180574716,321.5670065032458,4447293
2025-07-23,323.3034362792969,323.8196590607656,316.12306440228747,320.86305051119155,5089227
2025-07-24,320.4406433105469,323.72577005816765,318.84502750526457,323.3034138056071,3270996
2025-07-25,312.4624938964844,320.4406592518913,310.72606394326556,319.2204807139719,3514659
2025-07-28,312.9317932128906,317.5779126631895,310.67914052100116,311.94626661144935,5630809
2025-07-29,314.3866882324219,316.59239360625327,312.74412461290876,315.3722149465152,7809814
2025-07-30,316.35772705078125,322.45867735579407,309.7405539468044,313.49498490373537,11366010
2025-07-31,313.7376708984375,315.59552790037014,307.83069280257155,314.4046013799914,6867024
2025-08-01,302.82879638671875,313.7376656869692,301.5902153808861,313.4518549569677,4105518
2025-08-04,302.82879638671875,305.5917400530316,300.0181982151697,305.0200895176745,3536322
2025-08-05,300.2087707519531,302.97171453484134,294.9210394209904,302.01897329416573,6730701
2025-08-06,300.82806396484375,303.1146372582937,299.5418574012291,300.58987864103943,3601019
2025-08-07,295.6832275390625,299.2083524182546,292.6344441688962,298.49379654168627,5018154
2025-08-08,304.3531799316406,306.0681024162049,294.0159323695946,295.8261347867132,10028343
2025-08-11,305.78228759765625,314.40458348428103,302.20950823988034,307.0208394782108,7957794
2025-08-12,308.40234375,311.07000752898887,305.54412009735995,305.82993083248215,4392686
2025-08-13,307.259033203125,310.87943808824514,305.8775468500547,309.64088617369185,2707971
2025-08-14,303.0193176269531,315.7384180673412,302.1618563886315,311.54636273249446,10549386
2025-08-18,299.1607360839844,305.87754989776664,297.6839988576604,305.8299244680222,8091527
2025-08-19,306.2586669921875,306.97322288430615,297.9221815841368,300.3040345578656,4343312
2025-08-20,304.8295593261719,307.2590377620558,303.92444355378547,304.8771847561484,3670375
2025-08-21,304.8295593261719,308.49758969498606,303.6862582531947,305.8775513884879,3790333
2025-08-22,301.4949645996094,305.2106494673666,299.8276674983404,305.0677441023286,3007303
2025-08-25,300.87567138671875,303.8768295472661,299.6371194072284,303.8768295472661,2841339
2025-08-26,297.35052490234375,303.25750270974675,296.3501292288665,302.3047615399702,10819770
2025-08-28,296.0166931152344,300.685119032629,295.3497626661695,300.685119032629,8888325
2025-08-29,293.6348571777344,297.54107293998504,292.49155607758235,296.0167102402554,4334416
2025-09-01,299.8752746582031,300.6374559422054,292.30097094376447,293.9206425164596,3672180
2025-09-02,300.06585693359375,302.30477552586814,297.96981463297226,300.9709436415428,3405312
2025-09-03,299.9705810546875,305.353563170707,299.20837062808124,300.06586099243265,6616690
2025-09-04,298.1127014160156,304.7342640696659,297.7316107693015,304.7342640696659,5225640
2025-09-05,297.73162841796875,301.4949678313136,296.77888720703123,298.2079990234375,6159420
2025-09-08,301.4949645996094,303.1146071956297,298.7319918572233,299.0654570925479,2002604
2025-09-09,299.1131286621094,305.0201069983841,298.73200889979336,302.78115923387793,6476251
2025-09-10,302.924072265625,303.2098829917995,299.87528883478046,300.58984472557023,5214899
2025-09-11,304.877197265625,311.1652952742996,302.4953441619873,303.16227466114793,7529271
2025-09-12,302.9717102050781,307.925976215932,302.0665944092292,305.87755931746915,4705998
2025-09-15,302.7335205078125,305.5441187170197,300.7804126508071,303.2575165449541,4653626
2025-09-16,303.20989990234375,305.9252182538537,301.54260273084617,304.2579210823561,5381837
2025-09-17,308.2593994140625,309.4027004685682,304.16262394023215,304.73427446748497,7035565
2025-09-18,310.3078308105469,310.7365469196206,305.8299353911881,309.54562037993526,5615664
2025-09-19,313.975830078125,318.2155397680497,309.4503096772321,310.2125200320674,10022009
2025-09-22,310.02197265625,316.5958809513579,307.21140363406676,313.45184670271817,4768219
2025-09-23,314.78570556640625,319.35888104621745,311.4034857334606,313.16606287436633,7992615
2025-09-24,314.7380676269531,316.6911754964764,311.54637872706365,314.8333475639589,5489995
2025-09-25,314.07110595703125,316.78642397762405,311.54634779152804,313.5471099685623,5798602
2025-09-26,309.0216064453125,314.4045882780324,307.687774613143,314.21402841257105,5692665
2025-09-29,322.121826171875,322.97928749173764,310.1172804677304,311.2129271028524,12616059
2025-09-30,323.5985412597656,326.1232996129513,321.2166882708444,323.69382119439325,6762730
2025-10-01,323.6462097167969,331.26813960991797,322.59818854142173,324.884761694287,9814406
2025-10-03,325.40875244140625,328.6004413472097,321.645442063218,327.74298006327786,5833883
2025-10-06,327.36187744140625,329.17207988038103,322.5505170051784,325.83748572819195,5914399
2025-10-07,325.7422180175781,329.88664814874153,324.9323821637305,327.3618897252734,5934834
2025-10-08,328.7909851074219,333.4594110470093,323.45562871559906,325.1229257708341,7955678
2025-10-09,327.74298095703125,334.4121695230174,326.88551967076114,330.83938993409623,7028656
2025-10-10,322.6934509277344,330.88700185687964,321.26433915050853,329.17207935435005,5737637
2025-10-13,321.9789123535156,325.8375027293794,319.31121944736026,324.40839087530316,6785828
2025-10-14,316.73883056640625,324.2178258913223,315.02387892331325,322.16943808114746,4343927
2025-10-15,321.9312438964844,324.6465621166393,316.35770209203037,319.1206748171359,16271995
2025-10-16,320.0257568359375,322.9316348827738,317.7868092458449,322.9316348827738,6279302
2025-10-17,319.9781188964844,322.3123172531175,316.9769901091834,320.21630418238686,7824777
2025-10-20,321.74072265625,323.9796412701485,319.6446803353843,320.3592362526765,6134873
2025-10-21,323.0268859863281,324.17018703437174,321.7407086514708,323.36035121495365,404063
2025-10-23,315.64312744140625,324.0748923291697,314.4522010187095,323.9319869735165,8457356
2025-10-24,314.8333435058594,318.5966538285666,311.73693458288744,314.5475036985263,8260920
2025-10-27,326.7902526855469,327.2666233162838,315.59554286322856,316.9770293225081,11767585
2025-10-28,324.55126953125,329.17206996082126,323.55090294588064,327.74295822437773,6156249
2025-10-29,331.6492004394531,332.5066616601825,324.7418270955095,325.7421936738017,9756868
2025-10-30,340.70025634765625,342.7962695265259,328.98152223144064,333.4594174675753,14807100
2025-10-31,339.93804931640625,343.51082882467296,338.31840671787114,341.08135038919323,7532962
2025-11-03,349.94183349609375,352.03787578040834,339.4140547950486,344.8446913019111,20107281
2025-11-04,355.3248596191406,356.27760086592707,350.7516841893525,352.3713559390316,12649509
2025-11-06,350.5611267089844,362.0416462289995,349.8941962568423,362.0416462289995,11803637
2025-11-07,357.0773010253906,357.7581085256681,349.8803246067937,350.12346590255936,11711108
2025-11-10,355.1321716308594,359.65459380840673,353.67332385227417,356.25061565837456,6934285
2025-11-11,363.88525390625,364.56606140016515,350.17207901715193,354.986288500456,10689646
2025-11-12,365.14959716796875,368.6994540267611,363.3503457057408,364.9064558806496,9316462
2025-11-13,364.663330078125,368.35906593017523,361.89151334892017,366.7543393017938,9719258
2025-11-14,360.9675598144531,369.3316262798328,359.3142168203474,363.73937650732705,6848609
2025-11-17,363.9825134277344,371.08222726841984,361.79424180392033,362.37778683967076,9063998
2025-11-18,361.64837646484375,366.5598188650518,360.48128634977724,365.5386372746195,7729409
2025-11-19,355.6184387207031,362.66953600980906,354.84039847817627,361.64835448145095,7056032
2025-11-20,355.034912109375,358.682031585969,353.33292302029776,356.9314261093376,9025414
2025-11-21,354.5486145019531,357.7580973136764,353.4301705125494,355.03489707824457,7177944
2025-11-24,349.7830505371094,357.1745516190015,347.9837990721247,354.5486138397987,13807356
2025-11-25,346.0873107910156,349.10226865921743,343.9963016773754,349.10226865921743,4113590
2025-11-26,357.5635681152344,357.90397185061533,346.3304526099908,347.01123040042006,7651793
2025-11-27,354.69451904296875,358.82792089511037,351.58229871745846,358.82792089511037,5180488
2025-11-28,349.2481689453125,356.9314280824092,348.76188634574515,355.76433797131386,3459790
2025-12-01,344.2880859375,351.5823250463453,342.73197565821266,351.5823250463453,4470807
2025-12-02,348.9077453613281,351.24189577053596,344.5312022139386,345.9900499297351,9468149
2025-12-03,348.5673522949219,351.0960276824411,346.03867690740265,349.15089733517,6169622
2025-12-04,346.23321533203125,351.6795864530965,343.8018023030142,350.1234761784586,5798181
2025-12-05,350.41522216796875,351.6795747090365,343.6072659140672,346.2332037698485,3479044
2025-12-08,347.74066162109375,353.04115362338536,345.40651116956775,353.04115362338536,6762135
2025-12-09,345.30926513671875,348.9077682774986,343.266901944728,347.7406781560741,5612269
2025-12-10,345.4065246582031,350.07485542389355,343.0723741155251,345.3092622021885,8521964
2025-12-11,341.6621398925781,346.5736119177208,339.5225142795365,345.4065218158187,4491115
2025-12-12,355.034912109375,356.5910223554553,342.8292307998406,342.8292307998406,6101145
2025-12-15,356.9314270019531,359.31422360475386,351.1932982804954,355.0835590652579,6128925
2025-12-16,358.04986572265625,358.92516845015825,351.7768381086136,356.6882804042827,4332510
2025-12-17,358.244384765625,362.6209280118121,355.95885068988287,359.84911135316025,6872112
2025-12-18,353.3815612792969,359.0710734731258,351.5823097745361,357.9039833942719,3880069
2025-12-19,355.9102478027344,357.36909560679476,352.1658658362458,353.9651173973205,6515994
2025-12-22,359.7518615722656,360.52993154052757,354.54863181578895,355.9102468401638,3949754
2025-12-23,359.84912109375,363.25309926625846,358.43888969300565,359.7518586384686,3379297
2025-12-24,355.8616027832031,361.2593574823357,354.79177512100557,359.75186360549634,2339154
2025-12-26,355.9588623046875,358.0985176114396,351.77684382734,355.42396331816667,2997958
2025-12-29,361.40521240234375,361.7942325227533,354.7917516340508,355.9588416756121,4666863
2025-12-30,359.3628234863281,365.8303758078639,358.0985006614864,361.59971146268896,8567519
2025-12-31,373.46502685546875,375.4101572036743,358.876549243927,359.3628318309784,12051156
2026-01-01,371.0335998535156,377.5011520800333,368.74806584495695,375.7991630898796,6554899
2026-01-02,370.9849853515625,375.02112475548716,367.53236128867167,371.51988430762106,3614573
2026-01-05,367.5323791503906,374.8752641388048,364.1284009873777,369.5747719842653,5243413
2026-01-06,360.6271667480469,367.4351231944904,354.0137352150642,367.3865068062925,6881934
2026-01-07,358.0985107421875,363.15583186425414,356.44513806592823,361.356580347227,6613161
2026-01-08,344.8229675292969,356.4937495143967,342.53746313481486,356.1533754507647,7714421
2026-01-09,344.4339599609375,349.7830685658606,342.5374756273927,343.315515915975,5252007
2026-01-12,348.9077453613281,349.24814909774716,339.9601341656432,343.89904080649336,4474234
2026-01-13,345.35791015625,350.26935256829506,342.39156847344617,350.12347372364377,3681627
2026-01-14,347.1084899902344,348.66460013891526,341.5162404761513,344.77433960737926,7777436
2026-01-15,347.1084899902344,347.1084899902344,347.1084899902344,347.1084899902344,0
2026-01-16,353.2356872558594,357.6608469778776,348.1783364189808,348.1783364189808,6243090
2026-01-19,351.33917236328125,356.93142216560335,349.102284314486,354.01372661656575,4545354
2026-01-20,345.4551696777344,351.0960359454443,343.3155143732461,351.0960359454443,6408732
2026-01-21,342.2943115234375,348.90774257680204,336.0212545234428,344.28805818031475,6076732
2026-01-22,344.4339599609375,351.29056243544875,344.0935562045573,345.26064631776524,4615713
2026-01-23,339.5711364746094,351.9713428779779,338.6472173351082,346.23321408621155,5338663
2026-01-27,347.59478759765625,350.02620053507735,340.93271021305566,348.17833263870403,11887552
2026-01-28,352.40899658203125,355.86159107609944,347.59478710068703,350.60974507484536,12428097
2026-01-29,356.8828125,357.8067316330623,347.4489181749699,352.40900663781736,14186586
2026-01-30,354.5,357.9039780521262,349.6371742112483,356.639655219184,12639803
2026-02-02,366.70001220703125,367.6000061035156,351.0,353.0,12038292
2026-02-03,373.45001220703125,374.70001220703125,358.29998779296875,372.0,12411365
2026-02-04,382.45001220703125,383.20001220703125,370.3500061035156,373.0,8138573
2026-02-05,382.04998779296875,391.6499938964844,378.3500061035156,386.0,8446290
2026-02-06,386.3500061035156,386.8999938964844,381.3500061035156,382.5,7988984
2026-02-09,388.29998779296875,389.5,382.8999938964844,386.5,5171617
2026-02-10,386.3500061035156,388.0,381.8999938964844,386.0,3114005
2026-02-11,387.6000061035156,390.8999938964844,386.0,388.0,5156493
2026-02-12,377.70001220703125,389.5,373.54998779296875,387.04998779296875,6352805
2026-02-13,374.1000061035156,378.3999938964844,372.95001220703125,377.45001220703125,2696607
2026-02-16,374.3500061035156,375.29998779296875,369.04998779296875,372.6499938964844,1709180
2026-02-17,374.95001220703125,375.79998779296875,366.54998779296875,374.3500061035156,2646518
2026-02-18,380.8999938964844,381.3999938964844,375.75,377.0,2527223
2026-02-19,367.6499938964844,378.8500061035156,365.0,377.45001220703125,5506935
2026-02-20,366.29998779296875,367.8999938964844,362.29998779296875,364.8500061035156,6928709
2026-02-23,372.1000061035156,376.70001220703125,366.6499938964844,370.0,7760029
2026-02-24,374.45001220703125,376.0,369.0,370.0,7718539
2026-02-25,381.04998779296875,381.8999938964844,374.0,376.1000061035156,7003584
2026-02-26,386.0,387.0,378.54998779296875,380.0,4800186
2026-02-27,385.3999938964844,389.8999938964844,382.5,386.6499938964844,9020770
2026-03-02,374.79998779296875,376.95001220703125,367.1000061035156,368.0,14939455
2026-03-04,356.3999938964844,367.8500061035156,352.70001220703125,365.0,13534628
2026-03-05,360.3500061035156,362.5,351.1000061035156,356.6499938964844,12170764
2026-03-06,352.75,362.04998779296875,351.20001220703125,362.04998779296875,10536915
2026-03-09,331.1499938964844,341.45001220703125,322.79998779296875,341.3500061035156,34756111
2026-03-10,325.8999938964844,342.20001220703125,324.3500061035156,336.5,15916729
2026-03-11,325.04998779296875,328.8999938964844,322.75,326.0,13909498
2026-03-12,326.3500061035156,330.3500061035156,314.0,318.70001220703125,11176171
2026-03-13,319.29998779296875,325.3500061035156,318.1499938964844,323.6499938964844,7556076
2026-03-16,304.95001220703125,318.45001220703125,301.1000061035156,314.8999938964844,18589204
2026-03-17,300.04998779296875,305.8999938964844,298.1499938964844,305.29998779296875,16467622
2026-03-18,303.70001220703125,307.45001220703125,299.6000061035156,300.79998779296875,9223774
2026-03-19,286.0,298.0,284.3999938964844,298.0,15494502
2026-03-20,287.79998779296875,295.8500061035156,286.95001220703125,288.5,16601274
2026-03-23,271.29998779296875,281.0,270.0,280.04998779296875,14357554
2026-03-24,282.25,283.0,270.70001220703125,280.0,19542984
2026-03-25,284.54998779296875,289.75,281.79998779296875,288.20001220703125,18451485
2026-03-27,282.70001220703125,298.5,280.79998779296875,290.0,29524543
2026-03-30,281.0,285.25,273.1000061035156,274.95001220703125,14757987
2026-04-01,281.25,292.0,280.1000061035156,292.0,16919233
2026-04-02,278.1499938964844,281.1499938964844,266.6000061035156,275.29998779296875,13404373
2026-04-06,278.70001220703125,279.95001220703125,272.1499938964844,277.75,11923889
2026-04-07,277.45001220703125,278.25,271.0,273.20001220703125,14410706
2026-04-08,298.1000061035156,301.5,292.1499938964844,293.5,26646510
2026-04-09,297.3500061035156,299.70001220703125,293.0,296.0,17580272
2026-04-10,299.3500061035156,303.20001220703125,296.20001220703125,297.3999938964844,13853270
2026-04-13,292.95001220703125,294.0,284.25,284.25,13454302
2026-04-15,310.45001220703125,311.45001220703125,299.0,300.6000061035156,26146547
2026-04-16,307.95001220703125,314.8999938964844,307.25,314.8999938964844,14067180
2026-04-17,312.1000061035156,313.70001220703125,306.25,308.79998779296875,10758881
2026-04-20,316.04998779296875,319.0,307.0,312.1000061035156,14504057
2026-04-21,318.04998779296875,320.1000061035156,315.1000061035156,316.04998779296875,9935289
2026-04-22,314.3999938964844,317.0,313.0,317.0,7456858
2026-04-23,309.79998779296875,313.75,308.3999938964844,312.0,8518111
2026-04-24,308.1000061035156,310.75,300.1499938964844,309.0,10531252
2026-04-27,312.6499938964844,315.1000061035156,306.70001220703125,308.29998779296875,5296412
2026-04-28,307.75,313.1000061035156,305.1499938964844,308.70001220703125,14434171
2026-04-29,303.8999938964844,310.8999938964844,303.1499938964844,308.3999938964844,16918034
2026-04-30,300.45001220703125,302.3500061035156,295.54998779296875,300.04998779296875,13025294
2026-05-01,300.45001220703125,300.45001220703125,300.45001220703125,300.45001220703125,0
2026-05-04,301.70001220703125,305.8999938964844,300.1000061035156,302.5,9009471
2026-05-05,298.5,300.45001220703125,293.29998779296875,300.25,12433693
2026-05-06,314.04998779296875,316.6000061035156,301.8500061035156,304.70001220703125,16983058
2026-05-07,307.6000061035156,316.95001220703125,305.1000061035156,315.70001220703125,17998452
2026-05-08,302.75,306.3500061035156,301.3999938964844,306.0,11782486
2026-05-11,294.45001220703125,299.3999938964844,293.75,298.75,10388130
2026-05-12,287.8500061035156,293.70001220703125,286.0,286.0,10652991
2026-05-13,297.1000061035156,299.0,288.54998779296875,288.54998779296875,12403055
2026-05-14,295.0,301.1000061035156,291.1499938964844,301.1000061035156,11845204
2026-05-15,284.45001220703125,294.6499938964844,283.5,293.0,14828416
2026-05-18,280.79998779296875,282.5,276.6000061035156,282.0,8613476
2026-05-19,286.45001220703125,289.79998779296875,282.0,282.0,6955573
2026-05-20,293.75,294.75,280.04998779296875,281.8500061035156,10290169
2026-05-21,296.3999938964844,298.5,294.75,295.0,10786772
2026-05-22,295.6000061035156,297.70001220703125,291.6000061035156,297.0,5366953
2026-05-25,308.25,309.0,304.04998779296875,305.0,14530864
2026-05-26,304.6000061035156,308.29998779296875,302.1000061035156,308.25,8611871
2026-05-27,307.1499938964844,308.45001220703125,302.1499938964844,305.5,5948761
2026-05-28,307.1499938964844,307.1499938964844,307.1499938964844,307.1499938964844,0
2026-05-29,298.1000061035156,312.0,290.0,310.6000061035156,26387806
2026-06-01,296.8500061035156,300.3500061035156,295.6499938964844,298.75,7741307
2026-06-02,294.3999938964844,297.45001220703125,291.0,294.0,8495475
2026-06-03,292.1000061035156,294.25,290.1499938964844,294.0,6711789
2026-06-04,295.1499938964844,296.20001220703125,290.1000061035156,290.1000061035156,8514225
2026-06-05,295.0,295.8999938964844,291.75,295.0,5528678
2026-06-08,285.1499938964844,292.3999938964844,283.8999938964844,291.3999938964844,5454197
2026-06-09,289.1000061035156,290.1499938964844,285.25,288.75,5025923
2026-06-10,288.0,290.20001220703125,286.29998779296875,289.0,6874985
2026-06-11,286.3500061035156,287.3999938964844,280.25,285.0,12991146
2026-06-12,302.3500061035156,303.79998779296875,292.54998779296875,293.1000061035156,11278769
2026-06-15,310.6000061035156,316.75,308.75,315.0,15261091
2026-06-16,312.1000061035156,314.0,309.5,314.0,8875346
2026-06-17,317.95001220703125,319.5,315.29998779296875,316.0,14716072
2026-06-18,316.29998779296875,321.6000061035156,314.3999938964844,319.0,7174272
2026-06-19,306.6000061035156,315.0,305.1000061035156,315.0,11322845
2026-06-22,308.6000061035156,311.79998779296875,306.79998779296875,311.75,5440551
2026-06-23,308.54998779296875,313.3500061035156,307.5,309.04998779296875,6611723
2026-06-24,315.70001220703125,316.79998779296875,308.20001220703125,308.8500061035156,7690718
2026-06-25,309.75,320.8500061035156,309.0,319.95001220703125,9118712
2026-06-26,309.75,309.75,309.75,309.75,0
2026-06-29,300.79998779296875,309.0,299.75,308.70001220703125,11893768
2026-06-30,303.54998779296875,304.45001220703125,299.8999938964844,301.20001220703125,4259519
2026-07-01,304.20001220703125,306.5,301.1499938964844,305.20001220703125,4919350
2026-07-02,310.45001220703125,314.5,304.79998779296875,305.0,7323630
2026-07-03,308.1499938964844,313.6000061035156,306.70001220703125,313.6000061035156,3035350
2026-07-06,308.1499938964844,310.8999938964844,306.04998779296875,308.1499938964844,2818204
2026-07-07,313.95001220703125,315.8500061035156,307.75,309.5,6889552
2026-07-08,303.54998779296875,307.8500061035156,299.3999938964844,306.95001220703125,15951234
2026-07-09,308.20001220703125,309.1000061035156,299.75,303.54998779296875,5543009
2026-07-10,309.75,313.75,309.1000061035156,312.0,3799709
2026-07-13,307.54998779296875,309.1499938964844,302.1499938964844,304.79998779296875,5543349
2026-07-14,305.3500061035156,307.20001220703125,302.04998779296875,302.95001220703125,9995741
2026-07-15,309.6000061035156,311.1499938964844,306.0,306.0,9056446
2026-07-16,312.0,318.25,310.29998779296875,312.04998779296875,7899255
2026-07-17,315.54998779296875,316.0,310.3999938964844,311.6000061035156,5658733
2026-07-20,317.6000061035156,320.25,309.0,311.0,11702075
2026-07-21,319.3500061035156,321.8999938964844,317.0,317.6000061035156,6264859
2026-07-22,314.0,321.70001220703125,308.1000061035156,317.5,9784696
2026-07-23,309.8500061035156,317.0,305.1000061035156,305.3999938964844,11432842
2026-07-24,310.1499938964844,311.79998779296875,305.5,306.8999938964844,5796307
2026-07-27,316.25,318.54998779296875,313.20001220703125,315.20001220703125,5954256
2026-07-28,320.04998779296875,321.29998779296875,315.75,317.5,5455392
2026-07-29,317.3999938964844,320.04998779296875,315.79998779296875,320.0,5132678
2026-07-30,315.79998779296875,318.3500061035156,312.8500061035156,315.3999938964844,6601344
2026-07-31,319.75,320.3999938964844,314.3999938964844,316.04998779296875,5111067
2026-08-03,329.95001220703125,329.95001220703125,322.0,324.75,5844038
2026-08-04,324.0,328.54998779296875,320.6499938964844,328.54998779296875,5331584
2026-08-05,326.25,328.1499938964844,324.45001220703125,327.5,2974415
2026-08-06,323.70001220703125,327.0,322.70001220703125,326.5,3694266
2026-08-07,321.0,323.54998779296875,317.1000061035156,320.8999938964844,5431740
2026-08-10,318.5,320.95001220703125,316.25,320.20001220703125,3056257
2026-08-11,317.79998779296875,318.95001220703125,314.8999938964844,316.95001220703125,2733485
2026-08-12,317.0,318.5,311.5,317.0,6726295
2026-08-13,315.0,316.6499938964844,310.6499938964844,316.6499938964844,4751186
2026-08-14,319.45001220703125,319.45001220703125,314.04998779296875,314.8500061035156,8035947
2026-08-17,316.6499938964844,319.75,314.1499938964844,319.0,4738730
2026-08-18,310.29998779296875,317.1499938964844,310.29998779296875,315.29998779296875,5279469
2026-08-19,307.0,311.8500061035156,304.70001220703125,310.29998779296875,4757433
2026-08-20,308.70001220703125,311.0,304.79998779296875,307.5,5132147
2026-08-21,311.0,314.20001220703125,307.20001220703125,308.70001220703125,4998491
2026-08-25,311.70001220703125,313.1000061035156,311.1000061035156,312.04998779296875,471292
