Date,Close,High,Low,Open,Volume
2021-08-04,896.6583862304688,899.3779673971659,884.5871361031011,885.684543657453,2517694
2021-08-05,902.1453247070312,909.3975801181631,889.3583889508164,901.0002164203718,4022548
2021-08-06,869.6054077148438,896.0380651620793,867.4106509396487,896.0380651620793,9727673
2021-08-09,881.4555053710938,882.7508228268356,861.0658803873217,875.170656466112,3310964
2021-08-10,875.650390625,886.3969338273432,868.3581248255254,882.750800927606,2552532
2021-08-11,873.01171875,876.9937158306088,854.9729100496436,875.9382763596741,2174054
2021-08-12,868.6459350585938,879.1046360715005,867.1107397557574,875.0746751966215,2127392
2021-08-13,858.1873168945312,874.0672243531538,856.2202709919286,869.3176295649266,2919925
2021-08-16,852.2863159179688,864.6160185374729,850.17537834532,859.7225320151985,1954152
2021-08-17,868.0223388671875,869.6054981360231,853.8695403785304,854.9249798910874,3767678
2021-08-18,872.0521850585938,873.8273168418378,863.5605299397647,863.7524439925405,2323095
2021-08-20,854.781005859375,872.2441311524377,851.0869091045121,872.1002395305298,2354874
2021-08-23,861.9773559570312,871.2366677568997,852.6701388464706,861.6415502705902,2081206
2021-08-24,880.4959716796875,882.3190088474073,861.3057368787479,866.4391012624196,2588128
2021-08-25,875.650390625,886.2050197665257,869.269672691447,879.8722657071899,1697757
2021-08-26,874.4030151367188,879.6323657020594,869.6054565563967,875.650368654813,1522032
2021-08-27,886.4928588867188,887.9800902683824,870.7568440101583,876.8017558425638,1878603
2021-08-30,896.8555908203125,898.5827001542693,883.1825492002396,886.5888039963106,2016968
2021-08-31,909.42529296875,911.2483888557105,892.6338360876285,897.1435533627777,2463088
2021-09-01,885.4853515625,916.2377484904498,882.7507666349162,910.5766060179733,4434153
2021-09-02,916.5735473632812,921.1312279180843,886.0131232792858,889.4673419584001,3688123
2021-09-03,902.9964599609375,924.0097901404904,892.9696092970719,917.3891358198237,3110583
2021-09-06,911.7280883789062,919.2122684131123,904.4837862853091,907.554177073942,1699875
2021-09-07,912.0159301757812,918.5405984474155,905.8270675954122,911.7280883598468,1113880
2021-09-08,913.2632446289062,914.5586205910417,901.9410180302522,909.6171118007225,1600457
2021-09-09,910.864501953125,913.5511231680339,888.5078896604207,912.6396338472962,3769007
2021-09-13,911.9679565429688,915.2782838006733,904.3877902754105,907.698117533115,865538
2021-09-14,914.55859375,919.5480077032149,911.1522803881662,916.1417529053273,1373821
2021-09-15,914.36669921875,917.8688818351397,909.9049463247806,916.3336865189069,2509424
2021-09-16,915.3741455078125,925.7368599705835,911.7280128254971,915.8539013492737,3574908
2021-09-17,915.422119140625,923.5300046605641,909.6650489817021,921.1312254276796,2006356
2021-09-20,900.117919921875,914.4146679566397,892.153984369145,914.4146679566397,2308294
2021-09-21,917.38916015625,920.1717676550306,895.2244621711612,897.1434856699204,2438464
2021-09-22,924.4895629882812,934.804314209998,913.1193722764338,913.695055895787,2267730
2021-09-23,928.9033203125,930.7264160995123,920.6515425231775,926.3606492625573,1297533
2021-09-24,928.4714965820312,943.5838054769976,921.5630008029719,930.3424974988234,1803409
2021-09-27,923.721923828125,930.7743113862876,913.7429787384771,925.9287890218126,1217035
2021-09-28,931.6859130859375,937.4429836096405,912.3037639433473,921.6110396694572,1542732
2021-09-29,947.6137084960938,964.3092350964765,926.072718205045,931.206082249881,4052980
2021-09-30,943.727783203125,959.2718854833879,936.8192867936804,947.9976222631531,2312926
2021-10-01,946.2705078125,951.7397365479713,933.7008686395465,940.3215231978461,1948517
2021-10-04,918.7325439453125,956.5852959804452,916.2378367032612,946.0786301097422,4097873
2021-10-05,896.711669921875,922.9543507107794,890.858671831247,922.8583644000138,4986700
2021-10-06,876.4660034179688,900.5497244686059,874.259138146882,897.6711892722453,2615582
2021-10-07,878.960693359375,884.9096776953263,861.6415186450562,882.7507763401467,7008049
2021-10-08,879.9681396484375,891.8181440529307,874.7388478355949,885.629281994675,2075219
2021-10-11,876.7538452148438,885.7732789222503,873.155676219434,885.4374146776429,1449593
2021-10-12,878.8648071289062,887.2605350178642,871.092726744758,876.513991607208,1164581
2021-10-13,876.513916015625,887.0205805804896,875.1226123726525,884.3339596005105,1821818
2021-10-14,874.4509887695312,883.2305444950889,873.0597436168681,880.304045441219,913675
2021-10-18,867.15869140625,878.8167818864187,863.0807667163728,874.4509568378638,1913667
2021-10-19,869.509521484375,880.1600780173756,866.6789502330442,869.3176074299896,1360282
2021-10-20,869.2216796875,875.746347588996,863.5605371848208,868.3580957247364,1941581
2021-10-21,874.6429443359375,880.7358792284734,865.0957904886677,877.4255519012154,2723509
2021-10-22,860.0582885742188,877.9532051986552,853.3417066765242,874.6428781220021,1360319
2021-10-25,865.3356323242188,876.0342115646346,853.965441722371,859.6265843683572,1901039
2021-10-26,870.7568359375,877.1376119349613,863.5604984504132,872.1001756940007,1405411
2021-10-27,885.1495971679688,889.3714723307185,865.9113981238831,879.8243186213742,5111161
2021-10-28,855.6445922851562,890.954612527616,850.415241600733,885.0536504778117,2224983
2021-10-29,868.4061279296875,879.8723054551155,849.4078063294885,856.8440226514919,2783659
2021-11-01,872.43603515625,881.3594824777778,865.6714892139925,879.8722510181811,986133
2021-11-02,866.8228759765625,875.8902145101824,864.0402686762911,873.1556296451138,1038025
2021-11-03,875.6983642578125,877.6653515026808,867.1107229493969,872.7238428907923,1275433
2021-11-04,873.8273315429688,877.2335864222482,872.0521997298601,875.698391102106,96347
2021-11-08,876.7058715820312,880.7837963981025,862.3131957606034,880.7837963981025,860650
2021-11-09,877.1376342773438,887.5483126815982,872.819831675109,876.034172408972,843911
2021-11-10,875.5064697265625,887.0685740958226,873.1556543290411,873.1556543290411,1597922
2021-11-11,868.2622680664062,875.5065705839595,859.7225894553862,875.5065705839595,1180372
2021-11-12,878.8648071289062,879.8722827627912,868.3581416579347,873.9232981458252,936613
2021-11-15,900.1659545898438,901.7970776827017,873.2516036624097,877.9532345736843,2615304
2021-11-16,884.429931640625,905.6831397538525,881.7912743994948,904.963505960817,1925000
2021-11-17,868.6939086914062,884.4299242600443,864.5200561522104,884.4299242600443,1996857
2021-11-18,856.1723022460938,870.2771363450714,854.9249487138463,868.6459546964642,1009418
2021-11-22,859.1468505859375,872.1961870546851,847.248881374353,856.8439989437114,1443344
2021-11-23,873.7313842773438,881.359514473813,853.9654654684847,855.5966471714954,1820473
2021-11-24,857.2757568359375,878.337050775436,855.2607470881799,874.1151757873275,1392190
2021-11-25,863.5126342773438,865.9114137166586,848.208409741725,857.8035274989843,1325422
2021-11-26,927.5599975585938,936.531408774225,854.5891424837829,855.8844598887528,14458893
2021-11-29,925.9287719726562,957.5926574390787,917.2931668454502,934.5643770998623,8303735
2021-11-30,931.9737548828125,944.1595658705578,919.7879438950672,925.9288425458215,4771579
2021-12-01,890.5707397460938,946.7501337765217,884.5257696467376,941.0410278848752,3879683
2021-12-02,883.9501342773438,899.9739910294073,880.3519654810995,899.9739910294073,2749084
2021-12-03,875.1226196289062,892.3458660685014,871.524450814114,892.3458660685014,2388529
2021-12-06,858.715087890625,878.7208852799588,856.3642722931085,878.0492153143895,1573419
2021-12-07,853.2457885742188,861.9293578415774,848.2083520940224,861.9293578415774,2471419
2021-12-08,861.5935668945312,865.4795776757402,854.2532787580657,858.7629955873475,1663728
2021-12-09,858.2832641601562,865.4796023168932,854.0134251410357,863.56057880843,1645541
2021-12-10,857.70751953125,864.5200290761945,854.9249122163033,858.7629589602598,947538
2021-12-13,855.2128295898438,866.4391290208441,850.6551486786045,858.9549489214942,1785608
2021-12-14,859.3386840820312,871.0927028035233,854.9249535387238,857.3237328696406,2651452
2021-12-15,859.4347534179688,865.335716003708,855.5967061177336,859.9145093304982,1192775
2021-12-16,845.329833984375,866.9188479056559,842.6911767273295,866.9188479056559,2280037
2021-12-17,825.3719482421875,848.68807005377,815.5849175191686,846.2892908845961,2824703
2021-12-20,857.611572265625,862.0733252341665,826.2355269926494,829.0181344342698,8501360
2021-12-21,850.8471069335938,861.065931248764,846.3373896638952,857.6116535561645,2301316
2021-12-22,853.6776123046875,857.6595509130374,845.2818845254595,853.0059423695593,1271710
2021-12-23,872.915771484375,875.554428666658,855.1648049853796,855.884438762366,1970110
2021-12-24,871.5244750976562,875.9382641051516,865.2876489782377,873.3475707735267,1114033
2021-12-27,892.5858764648438,895.3684841868491,873.2997121807309,875.9383697032016,4596248
2021-12-28,895.5123291015625,898.3908644304419,885.6773333945582,894.2649755051717,1907169
2021-12-29,897.6712036132812,909.2333084572539,895.464338306938,900.0220191073215,2687014
2021-12-30,914.1747436523438,916.3336449099851,898.19885092022,899.0624348488544,1729705
2021-12-31,905.875,918.4926026629973,903.8600487945088,916.3337012725647,2039044
2022-01-03,892.82568359375,909.5212114734203,888.3159666548551,908.7055913473507,2013140
2022-01-04,886.8287353515625,899.494302170266,882.9906883497705,899.494302170266,1238138
2022-01-05,890.95458984375,894.0730029125764,881.7912646927573,888.9876025438952,1407995
2022-01-06,884.6697387695312,898.0549379615336,882.0790456091529,890.9545283462659,1384402
2022-01-07,877.7133178710938,889.1315304004338,876.369978080367,888.8916524780859,1546099
2022-01-10,879.1046752929688,880.6878345389118,871.860373307843,877.7133715454798,1637506
2022-01-11,878.8648071289062,884.429963616797,876.034235727839,880.3520386421602,1578147
2022-01-12,869.509521484375,881.2155760345219,864.7119629444744,881.2155760345219,2090537
2022-01-13,886.6367797851562,891.5303246217437,871.9082985308005,875.0746754462707,2739659
2022-01-14,884.1900024414062,895.2243866281411,879.2005300528764,888.5557688198908,2321761
2022-01-17,873.3475341796875,882.9426508844435,872.1961084623279,878.528862061889,1058857
2022-01-18,865.62353515625,877.5694094058468,862.0733300239585,873.3475929102141,1830577
2022-01-19,859.3866577148438,865.0957053470473,849.2637626621002,863.6084739591292,1413292
2022-01-20,846.6251831054688,863.46466144597,844.4183177569778,858.7630303680953,1614683
2022-01-21,832.3284912109375,844.3703521336904,825.1801168579246,844.3703521336904,1669132
2022-01-24,855.9803466796875,858.7629539784921,832.3284188956303,836.214429488554,4992078
2022-01-25,868.9818725585938,872.1962136166387,845.4258113572799,855.3088296058577,2322693
2022-01-27,890.0430908203125,893.7852101337312,851.0869365417279,864.5201012673019,7859401
2022-01-28,894.5048217773438,903.8600612649587,880.3040597038051,889.0355931333328,2428175
2022-01-31,906.738525390625,911.5360837260251,892.9695563936044,900.9814553881448,2008278
2022-02-01,908.0818481445312,920.1716714977565,900.7895244729192,909.617043357532,2033319
2022-02-02,913.2632446289062,919.6919848744647,906.4986987064689,907.2183324974504,1735750
2022-02-03,914.1747436523438,918.2526682501107,906.3067362450397,914.4146215698594,1116446
2022-02-04,907.7940063476562,918.9723412063375,901.94100833616,912.7355150848641,1428601
2022-02-07,895.5123291015625,908.6576521495682,889.5153804997307,907.890054441324,949273
2022-02-08,909.6650390625,912.4956102392279,893.4013043280969,895.5122417428064,1812035
2022-02-09,929.0471801757812,933.1251047982931,911.7759700098488,916.1417364223372,2513281
2022-02-10,935.5719604492188,937.778825856548,924.0098550761652,929.7669258243033,2044733
2022-02-11,919.6920166015625,936.5314361786602,914.4147019523099,917.7729930927434,1292417
2022-02-14,916.23779296875,923.9138869642944,900.8375825390294,908.6576267225701,2346622
2022-02-15,884.52587890625,900.7896147005331,875.3625534521809,879.4404783693694,8304774
2022-02-16,895.3203125,902.180844340397,882.8466608366922,900.0219430909784,2480569
2022-02-17,890.6188354492188,916.8134950227941,888.2200560273903,896.9515896972653,2843010
2022-02-18,872.2920532226562,892.2019207734768,866.4870192158087,889.9470917294441,3643338
2022-02-21,870.5170288085938,876.7058912635333,859.7225217001928,866.5350316496929,1860041
2022-02-22,876.4180297851562,880.8317602781824,854.6850658690533,857.035881299361,1884736
2022-02-23,877.8573608398438,883.9982011626719,873.3956075869853,878.1931665410473,1399309
2022-02-24,859.5305786132812,871.9562669779156,852.1903491658107,863.3686254555499,2003438
2022-02-25,886.2530517578125,889.179550883991,854.8770058042777,866.4391106847897,2825642
2022-02-28,887.5963134765625,892.2979443757139,874.1151853926813,882.7987548300604,1534018
2022-03-02,885.7252197265625,893.5932273161229,874.2110794190924,874.2110794190924,3276260
2022-03-03,897.0475463867188,906.7385915052696,882.3190060847454,887.5483567644173,2622469
2022-03-04,893.497314453125,902.9005174813743,882.9906495347872,891.3863769821431,2453781
2022-03-07,903.0444946289062,907.6981031273942,879.9202266307376,884.5738936931743,2604231
2022-03-08,930.2945556640625,937.4429295314159,897.5272662952679,900.0219732860471,5826939
2022-03-09,941.8087158203125,947.5657861327761,921.179213867318,930.2945751953854,3501351
2022-03-10,947.0861206054688,952.6992998338684,935.5240150046127,942.288561554163,4146797
2022-03-11,1001.6823120117188,1011.0855746460668,941.6168958426679,944.3995035306203,11106725
2022-03-14,1006.192138671875,1015.1635511663351,994.7739240753289,1002.6898969459548,5590771
2022-03-15,1024.806640625,1039.151295404771,1002.6898464432002,1002.6898464432002,7945333
2022-03-16,1013.0525512695312,1034.3536652424746,1006.6717747142089,1033.3941534936412,3379138
2022-03-17,1006.048095703125,1023.2233798946434,1003.3614158829906,1013.2444340128756,3712730
2022-03-21,1007.7752075195312,1027.6370532950848,1006.6237231774772,1024.566662638732,2039889
2022-03-22,990.7918090820312,1006.7677031363654,982.5400314621284,1002.6897782010977,2269544
2022-03-23,973.376708984375,1002.5938535592279,970.3062596637492,1002.5938535592279,2781735
2022-03-24,987.3375244140625,997.9880806979071,961.1908309832722,972.9448491310587,3344649
2022-03-25,972.465087890625,991.463466009896,965.2687502890664,991.463466009896,1680031
2022-03-28,975.9193115234375,1001.9700772003831,968.0513625565014,980.6209422061686,3847112
2022-03-29,996.7886962890625,998.8516698492961,978.89383839891,978.89383839891,3194089
2022-03-30,987.28955078125,1012.0930227806645,983.6913817826382,1000.7707374805408,3083750
2022-03-31,976.8308715820312,993.0946065617005,972.5610328168752,988.2970480758952,1976418
2022-04-01,973.7604370117188,984.3630882751859,965.268781790335,981.5804808861955,1285646
2022-04-04,986.1862182617188,987.9612915642083,962.8220721349788,976.7829563105171,1665075
2022-04-05,980.09326171875,994.0541455834108,975.8234228362247,993.0946338598746,1596381
2022-04-06,987.3375244140625,991.9911326633222,972.9448491310587,972.9448491310587,1487844
2022-04-07,994.7257080078125,1019.6251062855017,990.5039503342401,994.0540966855324,3496357
2022-04-08,970.6420288085938,996.4048949663357,964.3092749064291,996.4048949663357,3001682
2022-04-11,983.9791870117188,986.6658664553964,970.6419517875429,971.0257798691948,2094493
2022-04-12,985.6583862304688,989.9281664114127,971.98534461082,980.1411939979789,2746930
2022-04-13,975.4395751953125,991.943246786508,971.2177588346328,989.2565671632292,1890795
2022-04-18,986.2340698242188,993.0946018519629,969.2027372803808,975.4395632823496,2092141
2022-04-19,959.7994995117188,996.8366846383547,940.6572302272725,992.8066653991677,1813890
2022-04-20,971.0738525390625,973.9044239075442,949.9645940898349,961.3348434383568,1796999
2022-04-21,958.1204223632812,978.7019606004629,956.3453490956146,974.9118775696617,1526774
2022-04-22,927.8478393554688,958.1204226082066,920.1717455448754,957.5927028715179,2455188
2022-04-25,914.55859375,924.0097605019336,907.9859035135656,918.3486180867794,1309361
2022-04-26,938.7863159179688,940.8971949084724,918.3007049980042,919.3562030572053,1806747
2022-04-27,938.16259765625,940.5613769905794,924.9693113174379,926.1207371107058,1033333
2022-04-28,941.472900390625,950.4922753150081,938.3544873370141,947.9975682976983,1840948
2022-04-29,941.472900390625,954.6182225140202,936.9631836464599,941.5688281359265,1972427
2022-05-02,937.05908203125,949.6766840322503,932.4534376860903,939.3619334858025,1767117
2022-05-04,918.7804565429688,943.2000420817824,908.7055832552184,937.9227275024845,2086372
2022-05-05,910.0009155273438,928.0397236917299,905.7790406411498,921.0832638986702,2161283
2022-05-06,896.9035034179688,908.0338149906784,887.9320930302717,899.8300022004194,1828238
2022-05-09,900.309814453125,903.8600194482481,884.6697854896865,896.9035596382696,2047297
2022-05-10,888.6517333984375,901.5571181718956,881.3594097584318,892.3458298059278,1662201
2022-05-11,899.63818359375,904.4357422915921,867.6384905047236,875.0747064863787,5296875
2022-05-12,883.4703979492188,899.0624630772935,878.4329615232253,897.143439676915,2242769
2022-05-13,896.7596435546875,902.0369580939465,884.8617331863636,886.6847703433748,1734146
2022-05-16,895.6082153320312,906.7385272676221,888.5557694260274,888.5557694260274,1456551
2022-05-17,900.02197265625,902.9484716221403,879.1046293542138,897.1434375624666,2301253
2022-05-18,918.3486328125,922.2826659558585,903.2363234030864,907.5061622188531,2580102
2022-05-19,900.02197265625,915.3261959509872,896.5677539692886,901.9409960521054,1198917
2022-05-20,938.7863159179688,942.8162184008935,900.9815296916938,911.5361589000098,2594816
2022-05-23,930.7743530273438,947.7097586885435,927.3201341839017,939.1700807645492,1220231
2022-05-24,931.1101684570312,938.1145920891819,922.8103689035447,937.4429221926314,1622192
2022-05-25,932.5015258789062,945.9827136136701,930.1987326812892,933.0293042237328,1950710
2022-05-26,925.4970092773438,937.7787474672797,921.3711206321865,932.7413109837399,1630614
2022-05-27,927.2240600585938,938.2104801698858,921.1311845033417,930.82222874806,1249374
2022-05-30,946.8461303710938,951.8356029055653,928.8073221901082,929.1911502942776,2171285
2022-05-31,952.7471313476562,964.2133076000864,939.0740899510131,948.8611207687677,4874664
2022-06-01,943.727783203125,958.2164459692013,940.6573338473773,954.2344487254106,1285579
2022-06-02,947.1339721679688,966.0843281734116,937.9226833073574,937.9226833073574,2639988
2022-06-03,922.042724609375,958.3122529845108,918.3965920805205,949.9644899816444,1057504
2022-06-06,936.5313720703125,940.0336131597486,921.6109770233791,922.0427689960959,1412548
2022-06-07,933.3650512695312,939.9857057449797,923.0502999961851,932.2136254611121,1759986
2022-06-08,923.9617919921875,936.5313716837597,918.1567579905675,932.6453610588039,1874689
2022-06-09,932.597412109375,934.8522411874559,916.3336770191257,923.9138429038155,1405851
2022-06-10,927.6558837890625,932.2615281565475,921.1312160547968,921.1312160547968,776457
2022-06-13,916.09375,944.8790995679497,909.4251323039696,916.3336279130663,3016612
2022-06-14,925.6409301757812,931.4939280030529,912.3036943871517,916.33365515928,1570434
2022-06-15,929.5748901367188,935.4279464366069,924.9692458535563,925.9287575193796,1112618
2022-06-16,902.8525390625,938.1625576451243,890.234936876468,936.4834121827065,1898194
2022-06-17,877.7133178710938,906.3067545021785,873.9232349852073,894.4568085637688,2715476
2022-06-20,888.3639526367188,890.5708765683389,865.4796202497098,877.7133953696475,942685
2022-06-21,900.2139282226562,906.2108766112585,889.5633127461291,889.5633127461291,521963
2022-06-22,879.7763061523438,906.7385616498996,875.8422730216321,893.3053977736048,1698830
2022-06-23,895.5602416992188,899.3503247113525,877.3775414307381,879.8722484806767,615616
2022-06-24,895.8960571289062,905.2992597730606,892.3458522405367,895.2243872477643,722838
2022-06-27,894.6007080078125,908.0818942129023,892.8735986645819,898.1029491303202,846797
2022-06-28,906.83447265625,909.4251659259337,884.5258259163257,897.1434280356676,931109
2022-06-29,909.2813110351562,922.9543531376588,885.5333958044941,899.1104515959786,2455089
2022-06-30,880.0641479492188,905.7790499424218,874.4989917704128,905.7790499424218,2433648
2022-07-01,910.864501953125,917.3412063323992,874.3071273268023,874.3071273268023,1793834
2022-07-04,892.9696044921875,911.5361328246688,890.9066308712684,906.3547461177706,1004832
2022-07-05,899.4463500976562,911.2003691948751,892.5858175663525,897.1434984407842,1532205
2022-07-06,907.3142700195312,911.536145064356,895.3683958116887,901.9410277478892,1390651
2022-07-07,897.3833618164062,911.8719657775442,895.5123021960601,911.8719657775442,1390277
2022-07-08,897.5752563476562,904.0999243756513,890.2829320872338,904.0999243756513,1072803
2022-07-11,909.1853637695312,911.5361793131817,889.5153725317205,900.0220381008047,1037956
2022-07-12,897.863037109375,908.9933489554711,896.1838917020104,903.7640572522625,672406
2022-07-13,914.7504272460938,920.0757638661987,894.4088266915334,902.3727618404164,1511059
2022-07-14,912.6395874023438,929.4310423459314,906.8825171359708,914.7984887522335,1713101
2022-07-15,926.9362182617188,928.8072776930005,912.9753354595971,924.0097194404541,1046876
2022-07-18,928.18359375,935.9077095712944,921.1791702476324,932.3095407963851,846036
2022-07-19,921.7549438476562,934.5644016979165,916.7175073908656,919.4041284550312,1162631
2022-07-20,941.7607421875,943.1520458780499,920.0277785575943,926.6004689012447,1627220
2022-07-21,929.287109375,949.4368556804982,927.2241357324292,945.1190529007486,1681422
2022-07-22,932.7413940429688,936.9632693735612,928.3276632042196,934.0847339837807,977238
2022-07-25,920.9393920898438,940.1296276348038,916.3817111479157,936.4834945940516,1024751
2022-07-26,917.00537109375,923.0502832734999,906.2588280164456,921.0832959418917,988405
2022-07-27,934.6123657226562,936.7233031891112,913.2632302594473,918.1567750994948,904733
2022-07-28,928.2796630859375,939.3140483159661,925.1612498687556,937.4429886728669,1043837
2022-07-29,937.8267822265625,944.1115723043873,914.4146727412902,934.2765771358687,2941566
2022-08-01,963.87744140625,989.2565369227308,948.2853766875357,949.9165582478211,4647912
2022-08-02,963.5416870117188,965.364724152844,951.835632241125,963.0139672751811,1184696
2022-08-03,970.8819580078125,987.0977302956,963.829569945983,969.1068846644529,4052763
2022-08-04,1002.2099609375,1004.5128124207615,973.9043660618119,976.5909870829863,2865077
2022-08-05,992.3269653320312,1003.6012279438592,990.2160864175702,997.8921801107297,1561405
2022-08-08,992.6644897460938,1002.2579652787016,987.4096755870415,999.0761468815905,767289
2022-08-10,1001.1492309570312,1008.8144786091793,992.1824907052325,998.449616582082,1293683
2022-08-11,1001.1973876953125,1011.4175991906494,997.9191755598877,1003.222127700544,838963
2022-08-12,990.3505859375,1006.211188959929,985.7225072182555,1006.211188959929,1140717
2022-08-16,997.4854125976562,998.8834166329008,988.5185549255613,990.350507510894,776409
2022-08-17,989.0006103515625,1005.5843414819564,987.5060948876675,1002.4990344752982,1102323
2022-08-18,995.219482421875,997.0032969142053,971.2598030857588,991.6520888310507,1201720
2022-08-19,993.19482421875,999.461950236057,983.5530918844316,992.1825129418033,654004
2022-08-22,985.915283203125,992.9537357171369,979.1178739865004,979.5999605812746,993053
2022-08-23,1003.3668212890625,1009.296509755329,974.0077368326097,974.0077368326097,1868332
2022-08-24,1000.1849975585938,1016.0938545963501,989.289911538766,1003.7042531093598,1562062
2022-08-25,989.0006103515625,1006.5485146336517,983.9868981930547,1006.5485146336517,1112617
2022-08-26,984.2279052734375,998.5940493961253,982.0103188758098,993.9660890563905,1264070
2022-08-29,980.8533325195312,987.3133043862817,955.7848306503483,964.1731488147283,1305557
2022-08-30,1001.2455444335938,1004.8611936879357,979.6962984170992,982.0103374792612,1571042
2022-09-01,986.34912109375,1006.8378002953554,982.8781213330967,989.2416405104473,1528731
2022-09-02,979.2142333984375,994.2553110881106,975.7914304653633,987.3133114457748,1655229
2022-09-05,988.9042358398438,993.5321964399847,975.7432485234391,976.2253351086779,1275368
2022-09-06,1003.5595703125,1004.6683929419819,988.1810560981519,988.2774498709515,1369910
2022-09-07,1013.8280639648438,1023.8072324958703,995.9908607472026,996.8103843826838,2471263
2022-09-08,1018.215087890625,1021.7824814169472,1006.5967545169077,1020.5772649963092,1755391
2022-09-09,1020.384521484375,1027.7603521394649,1017.2027029178068,1022.0235688084125,1092235
2022-09-12,1026.6033935546875,1030.2190429802147,1019.2274451872278,1020.3845236215493,936787
2022-09-13,1020.9629516601562,1024.9160379567304,1014.9368695931481,1019.1792549077048,1144685
2022-09-14,1021.975341796875,1029.7369831776864,1002.7401334314549,1002.7401334314549,998799
2022-09-15,996.2802124023438,1024.8678535606318,991.6521339739631,1022.0235897057861,927244
2022-09-16,1006.11474609375,1022.0236040818161,996.9551005854696,1001.2938800367604,2850439
2022-09-19,999.1726684570312,1006.5484987938955,978.6357335703356,1006.5484987938955,2073673
2022-09-20,1053.1663818359375,1058.2282908879151,1002.2579922915668,1004.1863385970821,2491392
2022-09-21,1032.0509033203125,1062.3741000467708,1026.121215253041,1060.5904033623162,2283817
2022-09-22,1023.8555297851562,1033.4008678662426,1013.3460185180396,1023.1323998956334,1634304
2022-09-23,1029.8333740234375,1053.841310304433,1025.157157530822,1029.013850340719,3268298
2022-09-26,1027.47119140625,1042.4640140085057,1013.2013810051612,1027.5193294479686,1219450
2022-09-27,1059.3370361328125,1065.3149805253465,1030.7011394859203,1032.5812301265128,2343041
2022-09-28,1057.842529296875,1077.6562156794273,1048.682884941321,1061.5545721542176,3450534
2022-09-29,1075.87255859375,1081.4648098006444,1049.1167543600318,1061.1207803911461,2093772
2022-09-30,1075.0047607421875,1087.5872668927168,1065.459541121138,1079.6328387439003,1834565
2022-10-03,1090.2388916015625,1103.8819664928492,1075.0531630649941,1076.7887219765164,2601710
2022-10-04,1103.6407470703125,1106.3886168276267,1092.4081070725063,1098.0484960895005,1911413
2022-10-06,1093.8062744140625,1109.1849080608326,1083.7307112327073,1109.1849080608326,1561938
2022-10-07,1089.997802734375,1106.0994480975905,1088.5997986729722,1094.3365821349098,1182984
2022-10-10,1078.76513671875,1090.9619509604315,1070.2322276324164,1070.2322276324164,1583891
2022-10-11,1070.32861328125,1086.7678129208612,1064.2543929238414,1081.609509996872,1538943
2022-10-12,1068.7376708984375,1077.9938272081483,1059.819069345558,1071.774839831504,1231143
2022-10-13,1064.1097412109375,1087.4426848154944,1061.6510525519018,1068.6895637624166,1438932
2022-10-14,1069.171630859375,1079.8739292978541,1065.7970248303193,1075.1494573177924,1131139
2022-10-17,1068.4486083984375,1073.1730808534119,1059.4336120682822,1068.3039588718398,1076392
2022-10-18,1085.514404296875,1089.708534295783,1070.521581232166,1073.7996760470835,960283
2022-10-19,1081.80224609375,1103.9782279655471,1079.006120492271,1090.961890779927,1300144
2022-10-20,1096.072021484375,1101.0856744996545,1076.9813471244431,1081.8022125994855,1633570
2022-10-21,1094.0955810546875,1106.8708764492455,1091.926191270706,1096.0721832699753,1349759
2022-10-24,1105.8101806640625,1108.7990938123478,1100.6518779844055,1104.5567085227262,129688
2022-10-25,1114.48779296875,1123.1170957787203,1105.810234421415,1105.9066281992236,2210622
2022-10-27,1124.1295166015625,1137.8207284656569,1114.8734777570396,1128.0343473016214,2359658
2022-10-28,1113.812744140625,1129.8181121331997,1109.7632641045004,1127.1183803111737,1087865
2022-10-31,1125.5758056640625,1135.6513684218558,1117.524983066098,1119.4050737080272,1554670
2022-11-01,1131.36083984375,1142.7862685569705,1121.9118955434176,1125.67219450771,1491658
2022-11-02,1117.7176513671875,1136.181589526955,1114.776876372383,1131.5053735932888,1479828
2022-11-03,1121.4296875,1133.867543790141,1109.8596105225495,1110.9201773727673,1992697
2022-11-04,1105.038818359375,1133.1444890860446,1100.121558857415,1126.0095842709866,1712836
2022-11-07,1090.3834228515625,1110.7274524782301,1076.4993061562016,1105.0388074374393,2006468
2022-11-09,1088.937255859375,1113.5718109591012,1084.6948701611373,1100.2180354302805,2068940
2022-11-10,1082.091552734375,1110.7274476657412,1078.9097343211497,1089.5156387693469,2028565
2022-11-11,1081.223876953125,1102.8695187535575,1076.6440541390396,1089.515743140294,1513809
2022-11-14,1089.0335693359375,1092.986655698526,1078.138365698077,1084.2127036018253,1501491
2022-11-15,1078.6685791015625,1094.2881351347075,1071.0515886125484,1094.2881351347075,1262746
2022-11-16,1081.0308837890625,1095.7345242597496,1077.222446942635,1080.7898405026579,1649021
2022-11-17,1079.3917236328125,1091.87771748397,1076.450948767467,1084.6946753791103,1270387
2022-11-18,1062.9046630859375,1086.6715583278124,1060.0602812498316,1083.7307827016716,1486381
2022-11-21,1064.8809814453125,1068.4966307340674,1054.564375886832,1065.3630680171466,1488424
2022-11-22,1064.543701171875,1069.9430480322555,1057.8908819613464,1067.7736581394918,1302811
2022-11-23,1068.3038330078125,1084.2609454622823,1059.2888377397742,1069.1716123682309,2192276
2022-11-24,1056.10693359375,1077.6080398262707,1053.2626701566567,1073.6549538351403,2933085
2022-11-25,1065.748779296875,1067.339688550901,1039.8607534798073,1053.8895200422385,1454838
2022-11-28,1062.2777099609375,1070.2321380137423,1054.9017622271363,1060.5904070406457,673339
2022-11-29,1080.9827880859375,1085.5143549690551,1065.4113676349652,1066.3755408183451,1899345
2022-11-30,1098.8199462890625,1107.8349416394344,1079.873920484044,1080.98274313821,2680903
2022-12-01,1084.5985107421875,1104.1711570679508,1076.9815185398963,1103.9783694970288,1360439
2022-12-02,1074.42626953125,1084.598342806358,1059.6262359982275,1084.598342806358,2586376
2022-12-05,1075.390380859375,1082.3324973928547,1068.4483820228,1074.4262078155782,1236554
2022-12-06,1069.8465576171875,1077.752848463788,1063.868730864693,1075.0531164289637,1180968
2022-12-07,1065.70068359375,1082.4290650516828,1063.8687309768493,1071.1964237475286,1031921
2022-12-08,1067.82177734375,1073.124729736879,1063.6276476267496,1069.4608246410403,808315
2022-12-09,1068.2076416015625,1075.8727723940701,1061.6512159662182,1075.0532486138866,994866
2022-12-12,1057.5052490234375,1070.2322886201493,1053.9377374432136,1065.4114224551936,1544297
2022-12-13,1070.1357421875,1072.6425686963069,1049.2131153979287,1057.6496299831806,1282727
2022-12-14,1072.83544921875,1078.9097873253556,1066.5201855143102,1074.088921430247,1013627
2022-12-15,1062.3260498046875,1078.0420019170058,1059.9637549110962,1071.389183479447,710477
2022-12-16,1050.370361328125,1068.3039602257415,1047.188542526659,1057.0231802876892,1309491
2022-12-19,1057.3604736328125,1061.072516598568,1045.5974909724084,1051.2861359092756,779326
2022-12-20,1052.0576171875,1058.0836997245488,1049.4542789133402,1056.7338336968648,795748
2022-12-21,1087.5872802734375,1089.515626515057,1046.754572146526,1056.8301341802226,3224730
2022-12-22,1082.236083984375,1106.2440184894779,1077.0296432336788,1094.3365038591164,2070809
2022-12-23,1079.0543212890625,1105.858262177365,1073.3174208700768,1080.838017939858,2773210
2022-12-26,1057.2159423828125,1094.3366115864042,1054.8055093176442,1086.6232257778656,1279529
2022-12-27,1056.589111328125,1065.3149253189242,1051.0451157762811,1054.8536702952629,1209316
2022-12-28,1046.8992919921875,1063.6276732227864,1045.2601269585316,1054.805465035255,872940
2022-12-29,1048.586669921875,1058.6622333517787,1031.6653822280539,1047.0921542987537,1625961
2022-12-30,1037.4019775390625,1055.7695217775172,1035.0398005736665,1055.7212660447913,1185711
2023-01-02,1032.581298828125,1043.2354603588055,1025.73569226719,1041.5481571650644,895053
2023-01-03,1037.3538818359375,1042.2228854666948,1028.1942372092833,1031.7134926315384,952230
2023-01-04,1028.6763916015625,1043.1871273751385,1025.832010095994,1040.2946078286145,1369415
2023-01-05,1049.3577880859375,1054.034004162839,1029.158408368589,1036.4861005165794,1605744
2023-01-06,1037.787841796875,1053.9377435429449,1035.0399716063323,1049.357920659731,824772
2023-01-09,1048.489990234375,1057.6496346819126,1038.3180346502563,1042.994250644617,893437
2023-01-10,1040.0535888671875,1051.1898364606284,1036.3415455683487,1047.574186942878,594426
2023-01-11,1010.0678100585938,1045.1154819671726,1005.6326369250585,1040.0535727209055,2168577
2023-01-12,1023.1323852539062,1025.976649033224,1005.7772681537213,1015.0815628051489,1188988
2023-01-13,1029.4959716796875,1032.2438418600743,1015.5154597720729,1025.8803220484078,1089004
2023-01-16,1021.6378784179688,1036.196869902703,1013.3460126058683,1032.1473896237696,825308
2023-01-17,1030.7974853515625,1032.7258316407608,1015.6117583241261,1024.7232651587383,762941
2023-01-18,1025.3017578125,1033.593623416194,1021.3968094512368,1030.604710171445,1299797
2023-01-19,1026.6998291015625,1031.2796518935468,1020.6256084377179,1025.3982187948047,376954
2023-01-20,1015.7080688476562,1028.7726609649146,1012.8155496509414,1028.7726609649146,954230
2023-01-23,1024.482177734375,1026.121224930811,1013.0566323055932,1015.6599703020004,750581
2023-01-24,1024.0965576171875,1036.3897655534413,1017.2509516391283,1026.8444276164955,712627
2023-01-25,998.1603393554688,1029.9780560410331,983.4566975538064,1026.7480992502174,2226483
2023-01-27,1009.7303466796875,1034.509549932424,986.5901907280881,986.5901907280881,2947920
2023-01-30,997.3407592773438,1019.1310495698214,991.6521139853938,1019.1310495698214,2118395
2023-01-31,981.4800415039062,1005.6325664450966,971.40442060732,1005.6325664450966,2705095
2023-02-01,995.0750122070312,998.7870555401269,978.7322056178241,982.4925046903716,1598213
2023-02-02,988.5668334960938,995.7981325286988,980.853389012853,989.338101441417,1291262
2023-02-03,985.6741943359375,990.9772054817462,974.296962994951,985.3849541621374,1617105
2023-02-06,992.9055786132812,996.5693660450719,973.9595522630084,983.4566344583446,979035
2023-02-07,994.3518676757812,997.7746119156891,984.7100768327784,992.9056078766001,965322
2023-02-08,1001.8723754882812,1003.8971157232756,982.6371667104435,997.9192888014965,746863
2023-02-09,984.9029541015625,1007.1753321674106,983.4566942570668,988.5668594530559,1331902
2023-02-10,996.1837158203125,999.7029715844185,978.6840073270108,984.4208497096046,1106858
2023-02-13,985.3367919921875,1003.318586470429,982.4924693446086,998.8834133866678,1042379
2023-02-14,991.5074462890625,995.4605327086388,981.1425848113013,989.9165370344874,759416
2023-02-15,993.8696899414062,996.4246545281386,979.6962745909333,990.0611355346405,662924
2023-02-16,998.4013061523438,1000.8117390498627,991.5074445260558,994.7856568060653,667265
2023-02-17,989.0006103515625,998.6423418685166,984.5654373931472,998.4012985805928,1509783
2023-02-20,929.462890625,962.2447768088693,921.026375798269,962.2447768088693,5829572
2023-02-21,931.3431396484375,944.0219822643095,928.9809034744766,935.0551830300451,2042234
2023-02-22,928.0648193359375,937.9475937568327,924.6902134361196,931.9697086788925,1602953
2023-02-23,925.8954467773438,932.7893082096888,921.7495140799393,930.4270722668844,1216409
2023-02-24,927.3417358398438,931.3912748916733,920.7853701051222,926.6668028564621,1585383
2023-02-27,916.1573486328125,933.8980994722123,914.6628920041273,931.0055799914826,1377270
2023-02-28,873.9265747070312,912.0114144809965,870.7447562041096,912.0114144809965,5380673
2023-03-01,867.3701171875,877.6385844782627,863.8991174869798,875.2763485591928,3496231
2023-03-02,854.6913452148438,870.6483999108485,852.8111957044802,869.6360298201795,1887367
2023-03-03,847.1707763671875,860.0424646018332,845.5798671029235,859.0782914352393,1892639
2023-03-06,849.3402099609375,853.82358010862,837.9147220362446,853.2932966092335,4090356
2023-03-08,845.8209228515625,852.1362454160712,839.8912342502949,852.039851637376,2933956
2023-03-09,850.15966796875,864.7186588737422,845.5798455441948,845.8208888296977,6176157
2023-03-10,849.6294555664062,852.9076092143288,840.0841171228136,847.6529122296721,1718841
2023-03-13,843.4586791992188,857.2463437908156,840.903655602182,850.9792181720479,1697362
2023-03-14,840.8071899414062,852.0398307618339,823.2592267111995,841.7231662104107,2444217
2023-03-15,846.4957885742188,851.750543761627,841.3374271578449,843.6514661472312,1286900
2023-03-16,851.7987670898438,858.1140893485035,845.3387953216859,849.4365311416085,2023997
2023-03-17,842.7355346679688,856.5714547563823,838.8306451584746,855.5590258644927,2205087
2023-03-20,835.6488647460938,845.4834424559714,830.9243928628957,842.735513722433,997827
2023-03-21,831.4547119140625,841.1446993781814,829.767408861887,835.7452943021436,888443
2023-03-22,832.4671020507812,834.9739286435846,821.4755048548892,833.0455823880567,1622488
2023-03-23,837.962890625,839.6984494348651,830.3941546704361,836.9023236620477,1865868
2023-03-24,845.8209228515625,847.508225917952,835.118624084133,837.9628878887069,3166046
2023-03-27,857.439208984375,859.415752260838,844.6639141738596,849.4847801400917,3986238
2023-03-28,857.6320190429688,862.2118415167788,854.643105809971,859.8496055237534,3623017
2023-03-29,855.8965454101562,864.4776514206699,853.6307031234352,861.9226277975089,3049688
2023-03-31,868.2378540039062,870.359046538515,854.9322773391119,856.9570172571518,2320879
2023-04-03,859.51220703125,877.3976080408519,855.2698214310085,877.3976080408519,2623264
2023-04-05,863.6580810546875,865.2007345230494,854.5466332080026,857.1499124282636,1612376
2023-04-06,861.3441162109375,867.5148483129262,857.1499862741778,866.7917184032461,1512783
2023-04-10,869.53955078125,872.0946332239436,862.1636613317156,864.8151375521311,919722
2023-04-11,874.6497192382812,875.6138924132787,869.6842038476605,872.5767233726527,1778775
2023-04-12,885.062744140625,887.9070666685216,875.662056041473,876.433382782481,3449942
2023-04-13,882.9415893554688,889.9800417979468,879.6151801156414,888.8712779503115,1068355
2023-04-17,873.9747924804688,884.580697481096,868.81643064836,882.2184614158095,2604979
2023-04-18,891.1370239257812,892.3422403498085,864.8633058819862,872.5766909957608,1949777
2023-04-19,879.2294921875,892.7761127618222,876.4333665984631,892.7761127618222,1538261
2023-04-20,871.612548828125,880.9650403805967,866.7434860717307,879.3259342159845,4446158
2023-04-21,882.2666625976562,885.6412687506378,870.6483874692265,870.6483874692265,3481218
2023-04-24,870.6484375,884.3397093056841,868.8647405417391,883.1826896456257,1784945
2023-04-25,877.0601196289062,879.3259029666849,864.188372911273,872.1909981970896,2440358
2023-04-26,878.4581909179688,881.447163187663,867.8040886828827,879.1813208277954,1400796
2023-04-27,881.2060546875,884.4360111730356,870.6483470154614,878.5545785476411,2457652
2023-04-28,875.5173950195312,886.0751025156056,872.7213282640841,885.9304530073681,2695819
2023-05-02,884.8217163085938,888.0034759511045,873.6372723990482,877.7832640452312,1857324
2023-05-03,887.666015625,891.3780586359125,884.1467601613107,887.9552557942925,2566561
2023-05-04,900.0556640625,901.8876166449681,887.6660622315543,887.6660622315543,3393228
2023-05-05,891.6672973632812,901.6947214378966,887.8588017364582,901.5018750425276,2262141
2023-05-08,899.8628540039062,901.4055664642086,886.7019248666007,893.9814209042484,3877794
2023-05-09,905.551513671875,909.215360193524,895.8133286937036,901.5019743170149,2657968
2023-05-10,910.5651245117188,912.7827109337219,899.7663737216014,909.6973451581944,1618668
2023-05-11,909.7937622070312,913.0719744614825,901.5018966435968,912.5416909978545,1537103
2023-05-12,903.8641357421875,918.8570165297225,880.2900903374991,914.8556743978957,3850078
2023-05-15,889.739013671875,906.3228044159875,864.7187074611243,906.3228044159875,5487301
2023-05-16,889.0640258789062,908.8778309183558,885.496632351613,894.174190582569,2964696
2023-05-17,890.8478393554688,898.6094218409477,884.1468238499452,891.8120125548689,1866976
2023-05-18,881.736328125,896.3435745961422,878.8920056194213,895.7168385217332,1881606
2023-05-19,883.4236450195312,888.9676406090126,880.2900822950418,884.1467748790288,1168086
2023-05-22,891.8119506835938,897.6933832525136,882.6523059247613,883.4236326610767,1402783
2023-05-23,897.0667114257812,898.898605079501,886.5572006787864,893.2100188725293,1577827
2023-05-24,904.3944091796875,906.2263616928891,890.4138985900229,890.4138985900229,1034319
2023-05-25,911.5775146484375,913.0719712583133,901.5018934810167,907.7208220560054,2178211
2023-05-26,917.26611328125,918.6159792461858,906.8048580226059,912.011416631976,1130476
2023-05-29,921.9905395507812,924.834862004577,911.2399857985973,917.8928038194445,1744868
2023-05-30,925.4615478515625,927.0524570426567,916.9286392590395,923.2921583265017,1337311
2023-05-31,918.9051513671875,930.4270315587721,908.5402906529317,925.7990124979118,3561991
2023-06-01,930.1859741210938,931.8732770023706,912.8308587708168,915.9644212646168,1132919
2023-06-02,931.2466430664062,934.9105482319399,920.4479505210253,931.2948988042112,1098485
2023-06-05,939.8760375976562,941.9008366569097,924.7867621018519,935.2480179383754,1469770
2023-06-06,937.2244873046875,940.0206129451105,929.511102198371,938.0440697813086,2079735
2023-06-07,926.0401611328125,942.8649952320237,924.1600116242913,938.0923261253046,1614117
2023-06-08,930.8128051757812,935.103328718809,928.4987660201475,930.3307185890626,1481632
2023-06-09,934.5248413085938,936.2121443493882,924.7867158696781,931.3912785185469,717024
2023-06-12,925.55810546875,938.3815976796786,920.9300857266396,938.3815976796786,1239721
2023-06-13,946.3359375,948.6017208410293,922.7136955552725,928.4987343988793,2158120
2023-06-14,943.6362915039062,946.7216574118935,937.7547998687052,946.3359646052226,1831109
2023-06-15,962.4376831054688,964.1731830652941,945.4681997744431,946.7698688806577,1804458
2023-06-16,970.00634765625,971.0669733886315,958.1470301471389,964.1731120977499,1572197
2023-06-19,975.0201416015625,981.0944209488935,963.4018663934562,970.1992756356709,1015057
2023-06-20,974.9237060546875,982.2995953574324,966.6799785274153,977.5269264859745,1413571
2023-06-21,972.7543334960938,977.141309644236,966.3425583844904,974.007746845783,1140198
2023-06-22,962.5340576171875,970.9223759116373,954.6278259046202,967.1620770335688,2852669
2023-06-23,953.9530029296875,964.125018583249,950.3373533716588,964.125018583249,1776614
2023-06-26,985.28857421875,988.2774874707412,953.9046908305459,953.9046908305459,2313439
2023-06-27,973.0917358398438,989.3380296142099,968.9940000188685,987.313289571464,1651238
2023-06-28,973.7185668945312,982.0104331193346,968.0781181993478,970.9224409928031,1653212
2023-06-30,978.5875244140625,984.854649722884,968.993990056252,973.7184619053619,1963457
2023-07-03,965.9086303710938,993.0019306473835,963.2089573753689,983.9386796812452,1454455
2023-07-04,975.5986328125,979.5999751480111,960.7985976722373,971.8383926264225,1112255
2023-07-05,974.586181640625,982.2995666300221,969.3796820818563,980.5640667770992,748219
2023-07-06,984.661865234375,986.8794517903024,975.164782900997,975.7432632726437,1236819
2023-07-07,984.0833129882812,991.8930916774158,962.2929652885297,973.2845623347143,1914093
2023-07-10,980.2748413085938,989.2416397235306,976.7073889278134,987.3132934472665,1142988
2023-07-11,990.9772338867188,996.4729738918242,981.5282897163783,982.4442660000493,814514
2023-07-12,985.5778198242188,995.8944844467609,983.4084302056287,988.2774929132166,1163653
2023-07-13,984.1315307617188,998.883367958989,981.5764484143323,991.0253333685771,1419223
2023-07-14,993.966064453125,997.7263630527104,982.8298181576048,989.3862422644158,787233
2023-07-17,995.6534423828125,1001.7759184412166,988.6631869365192,999.0761865004321,1047614
2023-07-18,993.8696899414062,998.111957472463,982.9744867078605,995.6533866574523,780402
2023-07-19,998.6905517578125,1004.6683779451317,986.0598487413671,993.0983006559363,1069988
2023-07-20,1018.697265625,1019.9988759363907,990.2058998125764,1001.7277227462306,1280545
2023-07-21,1019.5719604492188,1032.256515944726,1015.7812828542243,1019.5234319924655,879139
2023-07-24,1019.5719604492188,1023.5085793689234,1008.9286850759188,1019.5719604492188,936947
2023-07-25,1025.2095947265625,1032.013545580401,1020.0094560185692,1028.3685719087018,599999
2023-07-26,1038.574462890625,1051.7450147706547,1012.9624724916114,1030.312522848912,1854416
2023-07-27,1138.6409912109375,1185.248120154435,1077.502735086455,1083.7720415884178,14590950
2023-07-28,1144.813232421875,1157.0603186682424,1123.332095398775,1138.6409828696023,4454009
2023-07-31,1142.0916748046875,1151.5686057232795,1132.7605665536003,1148.7012740854252,2221571
2023-08-01,1145.347900390625,1154.0473087231828,1135.3849723792196,1142.091747648902,1362536
2023-08-02,1135.5794677734375,1151.8117033901547,1121.2425710434757,1151.8117033901547,1861901
2023-08-03,1133.197998046875,1145.9310824224924,1117.7919329620006,1133.3924678348044,2574025
2023-08-04,1175.868408203125,1204.0075551359878,1138.2036834105058,1138.2036834105058,8359856
2023-08-07,1189.379150390625,1194.0932922830993,1141.3140297057214,1161.531529734069,2468250
2023-08-08,1230.9803466796875,1233.4589760069584,1189.7679431117467,1190.691288895606,5064238
2023-08-09,1230.5916748046875,1236.0348113864861,1217.1781251464351,1234.4309993499483,2105178
2023-08-10,1223.6904296875,1242.1097665696032,1213.144330317548,1230.5430271809712,2102129
2023-08-11,1215.1854248046875,1223.5446583128762,1210.1311093987115,1223.0586618833988,1286301
2023-08-14,1200.994384765625,1216.9350918071316,1197.1550603311366,1215.1854571538477,830936
2023-08-16,1208.721923828125,1211.1032591805256,1191.7120465924436,1197.058008009372,1665083
2023-08-17,1206.2431640625,1210.9573058001367,1191.7119179673007,1200.4112067825845,1855386
2023-08-18,1201.7720947265625,1221.7951255599373,1196.5233091203522,1204.2992526402247,1292509
2023-08-21,1199.244873046875,1210.4227912623412,1195.84289793782,1202.7925521679947,1101408
2023-08-22,1186.8033447265625,1205.5142082695488,1183.9360130987482,1199.2449014521007,1379445
2023-08-23,1196.18310546875,1224.6138982537416,1190.739968870979,1216.9837775955866,2562635
2023-08-24,1186.3172607421875,1204.9309473509845,1182.9152858035577,1200.6055080238448,848018
2023-08-25,1175.5283203125,1185.7342464859028,1171.2515275190628,1183.8387890056651,887533
2023-08-28,1194.482177734375,1202.3552970160667,1177.0834799405472,1178.0554729049902,1666004
2023-08-29,1195.3082275390625,1210.7629378461988,1192.926892476805,1197.4952114886155,1209087
2023-08-30,1201.529052734375,1221.6007299443731,1196.6690882114447,1200.1195918318388,1282450
2023-08-31,1222.3782958984375,1230.6402358768441,1188.94171507906,1205.4170665798306,3103295
2023-09-01,1210.5198974609375,1233.3617290272375,1204.9309386734385,1229.4737576968034,1167597
2023-09-04,1204.1534423828125,1220.2399731659807,1198.029957988674,1215.2828328512542,1126182
2023-09-05,1204.2506103515625,1230.5430669439354,1200.5084612479457,1219.8511445613262,2179947
2023-09-06,1221.552001953125,1231.514928565434,1207.7982795336432,1211.248901577031,2721714
2023-09-07,1214.310791015625,1225.6830606122608,1210.131174038275,1223.7390747905126,849621
2023-09-08,1209.7423095703125,1226.6550093406447,1204.2991731957677,1214.505098392342,787710
2023-09-11,1212.4154052734375,1217.6641910325318,1201.8693052977255,1209.742424610624,1162138
2023-09-12,1205.076904296875,1224.6139388198526,1200.362643578257,1212.9985519012698,1132283
2023-09-13,1194.09326171875,1214.991108789937,1189.038946166774,1207.2151656936812,1627384
2023-09-14,1199.1962890625,1209.4022149268617,1190.6913508421985,1195.5513155395136,1713142
2023-09-15,1200.897216796875,1207.166523483059,1193.8989154424614,1200.2168692337843,1938487
2023-09-18,1205.805908203125,1222.3783169007197,1202.4039328594477,1206.1946104640724,1864030
2023-09-20,1204.9796142578125,1217.5183470597938,1201.3832877986204,1208.4302366954973,1701959
2023-09-21,1172.6123046875,1205.5142419240483,1170.2794979049015,1197.4953001817596,1895731
2023-09-22,1152.6864013671875,1175.2365891382149,1135.822348318665,1173.584248672351,2796199
2023-09-25,1146.31982421875,1163.6213456213377,1144.0356645915351,1152.783600854342,1267600
2023-09-26,1131.0595703125,1151.8115951531063,1128.9697618315047,1147.9236235238975,1056359
2023-09-27,1147.4375,1155.69943879712,1137.328751153231,1153.7554531977976,2165043
2023-09-28,1131.4483642578125,1151.8115677202084,1126.4425771741344,1147.437599741524,1303811
2023-09-29,1152.9293212890625,1165.6137565544827,1132.3716491640732,1137.1344377706796,1878381
2023-10-03,1149.67333984375,1152.492024553869,1138.1551281532504,1150.839683954731,1581125
2023-10-04,1134.3643798828125,1151.8116052614128,1128.775420616776,1145.1048304118733,999123
2023-10-05,1128.5809326171875,1140.0990247534994,1122.8947978816896,1137.3288687184083,1446743
2023-10-06,1130.4278564453125,1148.6040780436397,1127.9492268403183,1132.3718424409192,928951
2023-10-09,1127.0257568359375,1134.1698808527265,1119.3956363737686,1126.5397603905576,822110
2023-10-10,1122.7005615234375,1131.0110304781977,1118.2779459151548,1127.609054979977,822199
2023-10-11,1139.1270751953125,1142.0917011141164,1114.389902406242,1118.7638706232747,1465239
2023-10-12,1125.4705810546875,1153.1237310687318,1120.1731486604017,1146.0282542257034,2533930
2023-10-13,1135.044677734375,1136.454019939994,1117.7918042342378,1123.6237614737208,940547
2023-10-16,1131.7884521484375,1137.3287637070741,1126.3453161405466,1133.6352622184718,802207
2023-10-17,1140.6336669921875,1145.056282143289,1128.1435819701612,1135.287706047614,877856
2023-10-18,1176.694580078125,1185.2966935060194,1143.2094721602257,1151.8115855881201,7367540
2023-10-19,1189.0390625,1190.6914031090257,1156.3314749210342,1176.5975048681435,2157683
2023-10-20,1166.5859375,1187.629609434261,1164.6905986327556,1187.629609434261,692067
2023-10-23,1150.645263671875,1176.3057817832798,1145.4450066399208,1166.3915014812806,957929
2023-10-25,1125.0330810546875,1155.4565048360919,1121.728400273284,1151.325535207866,1433911
2023-10-26,1118.6180419921875,1122.6518363900323,1100.2959989554256,1122.4574852642368,2016469
2023-10-27,1141.3626708984375,1164.3503268763363,1117.0628482265524,1119.73582872046,1775011
2023-10-30,1160.02490234375,1178.4442393595923,1144.521662737955,1152.7836025538977,2853500
2023-10-31,1166.3914794921875,1172.3206124493106,1157.7407189556584,1166.3428323866178,1720955
2023-11-01,1167.6064453125,1174.8477447968244,1153.3181974589638,1166.39145421436,1051902
2023-11-02,1174.6534423828125,1177.9095949305326,1161.1913641875792,1171.73746362638,1556467
2023-11-03,1172.5635986328125,1185.5883270836828,1170.2794390725592,1180.9713608581058,772013
2023-11-06,1170.376708984375,1182.9154420012921,1163.71858088418,1178.006830052525,1262938
2023-11-07,1182.3807373046875,1183.4013773288893,1167.1204959570134,1171.25146585734,1210644
2023-11-08,1206.2431640625,1207.6039778247753,1185.8313135827962,1187.775299342768,1107006
2023-11-09,1203.47314453125,1210.1312727837383,1197.4953639112978,1207.215293813175,751433
2023-11-10,1205.368408203125,1207.215218499564,1195.5513033449786,1203.1814241116404,576673
2023-11-13,1205.805908203125,1208.1872434831055,1196.1831542149982,1208.1872434831055,689808
2023-11-15,1206.97216796875,1224.711038164385,1203.03554931406,1224.711038164385,1323010
2023-11-16,1200.2169189453125,1211.3948376544754,1198.1271104128684,1206.2918747655096,1251094
2023-11-17,1214.4080810546875,1220.9203867108463,1200.8973545896297,1201.38335109088,992848
2023-11-20,1212.17236328125,1220.8231241171534,1206.243230118939,1206.7292265855463,848916
2023-11-21,1218.150146484375,1219.8511341215963,1207.3610486300101,1212.0265435297856,594738
2023-11-22,1235.8890380859375,1247.60160061451,1218.8791614311958,1221.7464931781162,1735497
2023-11-23,1137.863525390625,1234.4309974019718,1131.934392361746,1234.4309974019718,7643376
2023-11-24,1165.079345703125,1171.2514770594075,1145.0076680298607,1156.720230261047,5331201
2023-11-28,1158.9072265625,1169.0645052963341,1154.727609471665,1166.3915247188534,1691543
2023-11-29,1167.898193359375,1173.001156420395,1158.3726148515436,1165.1765655995705,2173427
2023-11-30,1178.3470458984375,1183.547184208596,1164.5446754599907,1166.391485709326,3219799
2023-12-01,1171.931884765625,1183.7416231650345,1169.79354767708,1179.464830336458,1078680
2023-12-04,1182.4293212890625,1184.9564790099405,1172.4663944142471,1178.3469987131418,2097408
2023-12-05,1190.1566162109375,1194.579231207731,1181.9433239614327,1188.3584531407973,2132150
2023-12-06,1171.44580078125,1195.4054496021208,1167.3634780438524,1190.6913077466438,1416770
2023-12-07,1188.5531005859375,1190.691437748236,1163.4756334568478,1172.2235705505084,1269290
2023-12-08,1184.95654296875,1196.7176335498793,1170.2794736327219,1190.6913249170136,1453955
2023-12-11,1168.627197265625,1184.8107853222737,1161.5802482212214,1183.4986185408543,1565455
2023-12-12,1165.079345703125,1180.2424116343448,1161.7258989140169,1176.694613720425,899911
2023-12-13,1182.4293212890625,1183.838663483935,1161.725825786174,1165.0792723641907,1809563
2023-12-14,1170.9112548828125,1188.3099512878514,1167.4606326738792,1184.9079761838511,1809248
2023-12-15,1173.2926025390625,1183.4985279601779,1169.161632725754,1180.9713701576256,1976112
2023-12-18,1182.7210693359375,1184.8107592578083,1158.7127722736464,1171.834677102145,1995091
2023-12-19,1202.452392578125,1205.4170183830215,1178.2497456434971,1185.296694166847,1738507
2023-12-20,1201.57763671875,1213.0472009835144,1196.523320841912,1204.2992644379601,2484819
2023-12-21,1187.6295166015625,1201.577591167917,1172.0776299990255,1201.577591167917,1580136
2023-12-22,1200.994384765625,1207.701159401247,1187.4351314828368,1195.5998954457039,1969524
2023-12-26,1210.08251953125,1214.9911311617345,1197.3494362069705,1205.2712021124407,820163
2023-12-27,1205.0281982421875,1215.3312992558865,1202.0635724354472,1212.0751467699195,2528609
2023-12-28,1225.48876953125,1228.4047484067353,1205.0282702943339,1205.0282702943339,2592699
2023-12-29,1211.394775390625,1232.0981525708464,1207.2638056452165,1228.59900192856,1794218
2024-01-01,1215.963134765625,1221.6007411244104,1211.7835177770621,1217.3724770295821,343584
2024-01-02,1245.6575927734375,1249.010920937151,1217.0323296591253,1219.9483084628696,2589484
2024-01-03,1263.736572265625,1270.3946997928517,1238.3675817154353,1254.8428136438956,2357093
2024-01-04,1260.334716796875,1271.3668133506217,1250.6147870311975,1267.4788414443508,1248143
2024-01-05,1250.857666015625,1265.0973854949914,1240.4087425137466,1263.590749064363,1013196
2024-01-08,1236.132080078125,1260.6749029772582,1230.7374715446513,1260.3347291624193,740848
2024-01-09,1253.239013671875,1258.7307972511812,1237.735774479063,1248.0388754212483,1133466
2024-01-10,1291.972900390625,1294.208531495556,1258.0504434911559,1259.7027839416003,3625567
2024-01-11,1288.5225830078125,1302.470659247817,1285.9954248619586,1302.324836563125,1097204
2024-01-12,1271.36669921875,1288.5223974453838,1263.9795769902817,1287.1129365649974,2051301
2024-01-15,1276.3724365234375,1290.5635084233302,1270.0058358862927,1279.142592419584,762036
2024-01-16,1265.8748779296875,1277.587439357338,1261.8897309326,1276.3724482819168,1030845
2024-01-17,1257.7587890625,1276.1294782590091,1246.1920500386627,1262.95892724989,2073596
2024-01-18,1285.89794921875,1290.028919010418,1232.3898116963828,1249.0595135271737,1723297
2024-01-19,1290.758056640625,1293.674035640063,1279.7259598230492,1293.674035640063,1135846
2024-01-23,1369.5379638671875,1385.0898499011655,1330.3666034585158,1346.2101348162205,7556815
2024-01-24,1377.6541748046875,1383.1946057737894,1355.7843335749014,1369.5380574563744,1808713
2024-01-25,1331.2901611328125,1373.8633809419816,1315.592451337426,1373.7662053777574,1801468
2024-01-29,1299.40869140625,1326.7703154141338,1288.1822445436324,1326.7703154141338,2480508
2024-01-30,1280.2117919921875,1314.1343670615718,1277.3444604713927,1307.330416936253,1908926
2024-01-31,1313.1624755859375,1315.0092859214253,1275.2547505320133,1280.2118908472298,1723379
2024-02-01,1348.785888671875,1355.7841896619623,1314.1829672849417,1321.6186175926082,2784507
2024-02-02,1353.64599609375,1365.358439868559,1346.2102263478857,1348.1542122343087,1161705
2024-02-05,1393.74072265625,1406.4738066433185,1355.2498253477938,1361.421956885075,2369316
2024-02-06,1385.527099609375,1405.4044237081646,1372.9884873172448,1404.383783799984,979752
2024-02-07,1398.454833984375,1404.0437933556418,1381.0561367330915,1395.7818534155083,890299
2024-02-08,1380.42431640625,1416.8740514048463,1377.945805617234,1407.4457674124687,1447767
2024-02-09,1399.4267578125,1407.0083497849412,1377.3625667578315,1388.1030169587352,1215784
2024-02-12,1394.56689453125,1412.0627677506698,1385.0899632040644,1399.6698575535809,453460
2024-02-13,1416.9227294921875,1422.5603360891587,1389.9499250034835,1398.6978615944145,981536
2024-02-14,1385.4300537109375,1414.0553157536456,1370.947335797547,1414.0553157536456,1113254
2024-02-15,1382.51416015625,1397.6772265715786,1372.4540567706993,1385.4301390304088,1402161
2024-02-16,1400.35009765625,1408.417686037552,1385.9646741933352,1389.9498212792955,857301
2024-02-19,1429.1697998046875,1432.3287768689843,1398.6491976685704,1404.4811553257334,888909
2024-02-20,1410.9935302734375,1437.5775126079336,1395.7818175152079,1433.689540971401,1550412
2024-02-21,1406.765380859375,1421.5396255757075,1393.3031841848774,1411.3337000587537,1074054
2024-02-22,1412.597412109375,1415.2217456331286,1380.7646427622012,1414.7843962629977,1582836
2024-02-23,1425.3304443359375,1440.8336839789054,1409.1467384567845,1415.3675168869413,1308103
2024-02-26,1428.683837890625,1439.7159343286428,1420.616367460634,1432.2316359481774,898290
2024-02-27,1445.790771484375,1449.2413936918504,1428.5378977499481,1432.1828710741229,1231196
2024-02-28,1435.633544921875,1452.1087774791747,1428.8295944720082,1449.6787951756507,1083605
2024-02-29,1438.8896484375,1448.2694035397135,1410.7505017823355,1434.6128559987656,4923680
2024-03-01,1429.704345703125,1452.1573574188649,1419.1095996195065,1452.1573574188649,1982189
2024-03-04,1430.2874755859375,1453.420952824946,1428.58648810223,1441.4653933360146,1147249
2024-03-05,1432.182861328125,1438.257816827076,1412.1113032807702,1424.1153916164026,1306046
2024-03-06,1443.6524658203125,1448.172256570345,1407.5915526834588,1434.661531426212,1158132
2024-03-07,1441.611328125,1448.706805275198,1434.1755585304156,1443.6524895339205,1569074
2024-03-11,1461.974609375,1476.4573284269306,1446.860189810764,1451.1855110871675,2183994
2024-03-12,1424.6986083984375,1471.5972663245673,1419.1096491637174,1469.653280503795,1855916
2024-03-13,1430.0445556640625,1437.5775006471697,1408.4177136157869,1428.8295645377548,1720173
2024-03-14,1454.7332763671875,1459.3987713491883,1413.6179270079936,1426.0108371547349,1748907
2024-03-15,1446.3740234375,1454.2956703289037,1424.9901805078323,1452.9349752454664,1537072
2024-03-18,1446.7628173828125,1453.9555887363683,1429.80158835342,1447.2974609505386,996530
2024-03-19,1395.490234375,1445.159169166493,1391.0190905240167,1441.0281991185714,1647925
2024-03-20,1377.7027587890625,1404.4325635118762,1375.953124110251,1395.5874518611677,1728210
2024-03-21,1408.1260986328125,1414.346877063873,1380.4243003559698,1387.0338996861242,1699939
2024-03-22,1439.7645263671875,1447.8806435956533,1410.41038736615,1412.305726117484,1746930
2024-03-26,1431.0164794921875,1439.7644151793534,1419.1095670291008,1431.7454741327847,1635695
2024-03-27,1422.3658447265625,1454.1014379413407,1417.1657062289269,1442.4375226637362,1642266
2024-03-28,1455.0247802734375,1471.7916584446602,1420.2275043031798,1430.7736039443485,2110407
2024-04-01,1456.6771240234375,1467.7092192590972,1451.9629823806151,1467.7092192590972,563831
2024-04-02,1447.6861572265625,1460.8080605448113,1441.7570246426849,1460.8080605448113,614238
2024-04-03,1430.2874755859375,1459.4959081239008,1425.9135077706899,1451.5254955807895,1465540
2024-04-04,1418.67236328125,1439.715915811344,1404.6269939069414,1437.577578773424,1474799
2024-04-05,1408.8065185546875,1432.7175199193834,1397.2397794329129,1398.6977687679732,1211684
2024-04-08,1421.490966796875,1431.5997166704763,1408.806530663709,1416.3394756262687,1039235
2024-04-09,1409.681396484375,1428.8296097807076,1406.5709479116508,1426.6426256841046,1225255
2024-04-10,1383.0972900390625,1414.5413561947344,1366.6220573628832,1412.4515476683287,2493253
2024-04-12,1357.6798095703125,1384.944140818696,1349.1262240895546,1383.1459775788446,2190583
2024-04-15,1342.7110595703125,1359.8181114378042,1337.0249246502076,1351.0215279453948,1125072
2024-04-16,1336.6845703125,1352.9654511645208,1333.1368911972697,1346.2101480626307,1433760
2024-04-18,1309.5660400390625,1344.8979571016332,1304.8032512500322,1337.4621879224962,2974196
2024-04-19,1308.0594482421875,1319.6747159638326,1297.6105245426866,1309.2744393700364,1173025
2024-04-22,1316.904541015625,1323.805666792431,1310.2464134609,1312.4333974596293,974434
2024-04-23,1308.9827880859375,1331.387271842175,1306.8444511712387,1331.387271842175,1031497
2024-04-24,1359.0404052734375,1362.6368501412758,1314.3287325329388,1315.5437236400176,4415480
2024-04-25,1366.8162841796875,1370.947253749785,1345.3352661454742,1367.5939259122938,2027213
2024-04-26,1369.683837890625,1377.5083096539943,1362.0050701431085,1373.5231624386438,695034
2024-04-29,1368.5660400390625,1380.3271307153523,1353.4029741211984,1379.2579622268677,1082487
2024-04-30,1360.7901611328125,1379.209380496123,1355.97884338083,1375.4187028255844,1327606
2024-05-02,1380.278564453125,1386.0618747448004,1358.991896222892,1360.7900593567465,1540210
2024-05-03,1384.846923828125,1393.8378584099185,1375.564343907411,1388.0059008433498,804513
2024-05-06,1383.5347900390625,1391.7480830135605,1365.6987431203736,1390.9219127355937,929301
2024-05-07,1348.3485107421875,1388.832038977346,1339.1632252478937,1383.5347251041674,1085239
2024-05-08,1345.9671630859375,1358.991891626019,1336.5388794528767,1336.5388794528767,1497782
2024-05-09,1320.7440185546875,1353.2084869500652,1315.106412194813,1348.9803415058987,1152636
2024-05-10,1302.0330810546875,1357.7768477589582,1280.3575928497082,1332.942382763877,5080539
2024-05-13,1375.02978515625,1386.013233778825,1331.1929289230843,1332.6022711730702,7910590
2024-05-14,1319.3345947265625,1370.5100468001408,1312.2876459043632,1370.5100468001408,3721994
2024-05-15,1367.3023681640625,1388.4432137884573,1347.862510118642,1355.9300986680826,7893092
2024-05-16,1381.299072265625,1385.9646855982724,1348.4457837741081,1369.537982026776,3226214
2024-05-17,1359.8668212890625,1380.1328511196268,1357.2910161709337,1377.41122332472,3443452
2024-05-21,1401.905517578125,1405.4531970214432,1357.2910162229268,1370.5100969740815,2939271
2024-05-22,1440.78515625,1452.9350677792906,1396.9968276378445,1410.3130832133552,4216347
2024-05-23,1447.4432373046875,1462.4119515557802,1421.7339541478868,1440.493464404022,4389470
2024-05-24,1444.81884765625,1452.0602661972819,1437.6261948739368,1447.4432997659824,758326
2024-05-27,1437.2373046875,1450.7480295338842,1433.8838580397437,1449.241393099917,1393334
2024-05-28,1438.014892578125,1452.886431865134,1433.8839226263426,1441.416867832534,784496
2024-05-29,1451.7200927734375,1455.6565929618243,1431.3567696329628,1433.9325746361185,1607691
2024-05-30,1425.524658203125,1454.6359146005423,1413.27757229728,1453.1779253581446,1732140
2024-05-31,1406.6680908203125,1431.4539100064396,1399.6697893342327,1425.8649507781952,3270743
2024-06-03,1411.673828125,1441.4654334708591,1405.5503442040392,1440.493440595963,1335614
2024-06-04,1421.5882568359375,1435.584859610565,1378.8205694320777,1419.1096274917143,2049577
2024-06-05,1455.0247802734375,1471.5973073177604,1425.7678165861216,1448.2694768186677,1834280
2024-06-06,1435.633544921875,1458.9613750357037,1422.997636943551,1457.9893821142941,1605122
2024-06-07,1455.31640625,1461.294186466145,1437.869180715309,1442.4375,1591055
2024-06-10,1491.2801513671875,1497.695280968502,1459.933379405909,1464.6961684884614,2751606
2024-06-11,1487.3922119140625,1503.1384502453384,1484.2332348261875,1501.7291079282643,1699446
2024-06-12,1497.7923583984375,1505.6169484250834,1489.093069714156,1499.2503476964605,1578793
2024-06-13,1501.291748046875,1507.5610550706183,1477.8180947356918,1506.5890621273104,1525789
2024-06-14,1520.9259033203125,1523.1128873640707,1492.7867560845477,1501.7290433806568,1845043
2024-06-18,1530.694580078125,1532.7842700471622,1519.808187598615,1526.0289663509798,2068897
2024-06-19,1516.1146240234375,1537.6928196707404,1509.8938455232976,1533.2216759102114,1881544
2024-06-20,1501.583251953125,1515.4827982921022,1496.869109979913,1514.3649826939638,1705002
2024-06-21,1498.375732421875,1519.1277575216031,1490.5511419597988,1506.4918495688953,2613883
2024-06-24,1462.2662353515625,1485.2052455180096,1453.178124889717,1485.2052455180096,1283529
2024-06-25,1457.69775390625,1475.2909209116783,1453.6154310489517,1469.2644935372366,1199626
2024-06-26,1437.6746826171875,1464.9876595280684,1433.6895354354253,1461.5856843592387,1930909
2024-06-27,1439.42431640625,1444.5758076106517,1424.2612508221118,1439.5214919664315,2792582
2024-06-28,1439.3271484375,1450.4077726891542,1434.7101821154845,1444.6731094419388,2087765
2024-07-01,1437.6746826171875,1451.8657553054393,1430.9679078397703,1443.3608173833647,1313651
2024-07-02,1446.9571533203125,1450.942300201861,1437.820396967746,1438.5493915918635,1191962
2024-07-03,1442.1944580078125,1457.9893425521273,1433.3006992879493,1452.1573851819187,1061247
2024-07-04,1439.2784423828125,1447.2487364569447,1425.9135404191024,1436.3624637725484,1498413
2024-07-05,1467.612060546875,1473.5411933332907,1444.3814071855343,1445.3534000571262,2188675
2024-07-08,1445.4022216796875,1481.949134333935,1441.6599537510372,1473.541371249214,1524489
2024-07-09,1469.701904296875,1472.56923587644,1445.6450801464184,1454.9761882078153,1791406
2024-07-10,1470.819580078125,1474.7561987067902,1450.4563766816332,1469.750411639313,671042
2024-07-11,1463.8212890625,1476.457196604208,1453.1293672964393,1474.5132108285607,1314312
2024-07-12,1469.701904296875,1472.56923587644,1460.322149130139,1463.8699469270673,1192685
2024-07-15,1474.7076416015625,1489.0445374713665,1470.8683169478688,1474.1244695676635,1825510
2024-07-16,1468.09814453125,1481.7545740006194,1461.002548684901,1474.7076252613404,963199
2024-07-18,1464.4532470703125,1470.6253787631122,1443.9927473803962,1455.0734910828676,2169744
2024-07-19,1443.8955078125,1463.8213630196062,1438.7438977861677,1459.544570366809,868261
2024-07-22,1448.269287109375,1464.8418119828573,1429.461249963449,1433.7380420583606,1328847
2024-07-23,1455.9481201171875,1461.877252797842,1433.8352826829116,1448.2693528382877,1241630
2024-07-24,1461.391357421875,1468.9729496698899,1443.4094883747816,1453.4695913816433,2266300
2024-07-25,1458.0380859375,1466.4457301135594,1448.0751581055022,1456.0454529105066,2200932
2024-07-26,1530.888916015625,1555.188740079365,1458.9614367869544,1462.6064103965155,4687416
2024-07-29,1510.42822265625,1544.4966190776122,1485.9826977097089,1543.5246262399296,3983153
2024-07-30,1486.080078125,1520.2456548096918,1483.261274776844,1510.4770779837584,2988651
2024-07-31,1501.0487060546875,1505.1796759433264,1480.8798530689803,1487.2463354711717,1645138
2024-08-01,1502.8953857421875,1509.018988518506,1492.543756201069,1502.652387515373,1529481
2024-08-02,1498.58251953125,1510.9334500365703,1493.5832279617493,1498.778518564061,1353707
2024-08-05,1485.104248046875,1497.7491766978533,1442.905107204811,1442.905107204811,1719770
2024-08-06,1501.62109375,1511.8644953155474,1475.9388808044705,1483.0946397515404,1775016
2024-08-07,1522.84326171875,1526.1270231603692,1501.8171611918447,1501.8171611918447,1359682
2024-08-08,1538.9190673828125,1558.2297583501331,1514.4622650751921,1514.4622650751921,3541556
2024-08-09,1543.6241455078125,1549.946609623547,1530.6360395049685,1543.6732050915864,956684
2024-08-12,1554.89697265625,1561.513555518617,1539.9974561477102,1543.575216339854,1731555
2024-08-13,1552.1522216796875,1574.9426730781324,1548.7704606255102,1568.3751500005164,2281463
2024-08-14,1532.890625,1565.4343596929118,1524.2645142908439,1565.4343596929118,896638
2024-08-16,1544.9473876953125,1549.2113833314613,1529.165638054586,1536.0272787381643,909870
2024-08-19,1544.359375,1553.6225426836415,1538.673967330579,1547.251018762664,742635
2024-08-20,1531.95947265625,1547.7902838481411,1527.401358275159,1545.3396975849237,1413845
2024-08-21,1563.0819091796875,1564.6013205171278,1530.1460539236007,1534.70416827839,1074905
2024-08-22,1554.4559326171875,1567.394980276154,1544.898646152089,1567.394980276154,906819
2024-08-23,1543.42822265625,1554.455860372692,1537.4486967017574,1548.8195122065106,770573
2024-08-26,1562.4447021484375,1564.4542306962408,1535.5863731118816,1538.9681342062017,658120
2024-08-27,1566.4637451171875,1587.7838448733144,1555.1419891078192,1555.1419891078192,1570234
2024-08-28,1586.21533203125,1597.7821463525177,1563.6699397821042,1572.2960507665266,1433847
2024-08-29,1586.5584716796875,1609.8390392034871,1577.197185086056,1589.9402325727674,2749546
2024-08-30,1622.1900634765625,1630.8160550985635,1583.0786838269785,1583.0786838269785,3296701
2024-09-02,1614.1031494140625,1648.362297030123,1609.5450350969286,1636.0113663683153,1306971
2024-09-03,1620.5235595703125,1627.0421426534217,1610.8193341533445,1610.8193341533445,1264708
2024-09-04,1619.249267578125,1625.2286736280023,1598.566345180588,1602.7323414790917,1019049
2024-09-05,1595.5765380859375,1627.1400377740692,1591.3125423948495,1618.4649873009898,1081756
2024-09-06,1579.2066650390625,1599.693468105127,1576.265961863166,1595.5765315218794,913336
2024-09-09,1588.1268310546875,1604.447758197994,1578.1774276877602,1579.2067216992614,1003511
2024-09-10,1599.7425537109375,1611.8484247171357,1592.1947966330301,1600.7227881188487,1248269
2024-09-11,1596.1646728515625,1619.6413586958517,1592.1457357140025,1594.9393798427016,1243738
2024-09-12,1624.4935302734375,1627.189174991043,1598.3213185146035,1602.683313921901,1728200
2024-09-13,1626.89501953125,1636.207246524228,1611.0152697851806,1626.1109037895123,747149
2024-09-16,1626.60107421875,1638.8049452879297,1621.45484334373,1628.365424438527,683436
2024-09-17,1638.7559814453125,1649.7345592888,1623.9543457042837,1627.1891672129577,958137
2024-09-18,1618.9552001953125,1639.9322414411274,1605.6730951389452,1639.9322414411274,1084127
2024-09-19,1605.3299560546875,1635.0311085880944,1600.4778432537237,1627.189232767528,2048750
2024-09-20,1606.26123046875,1619.9354533964474,1577.9814900768188,1613.3679303420572,2504382
2024-09-23,1625.375732421875,1631.9432551929374,1605.6239848670066,1614.2990355790143,1129445
2024-09-24,1605.1829833984375,1626.7970813871684,1592.8319335105607,1592.8809930964358,1476260
2024-09-25,1610.72119140625,1616.406599047596,1586.2643898779697,1605.6240201576484,759761
2024-09-26,1589.744384765625,1619.7884769333366,1570.6298117174065,1610.721307666874,2613098
2024-09-27,1639.442138671875,1645.8627222648117,1597.7821740120517,1597.9292331129448,3866952
2024-09-30,1621.40576171875,1645.7156236704643,1613.7600048885913,1641.8926854266228,1313437
2024-10-01,1631.943359375,1634.099947037779,1618.9063125113948,1627.1892460514762,945740
2024-10-03,1623.8074951171875,1644.8334771015097,1607.9276245568499,1628.414549365246,1533472
2024-10-04,1591.2147216796875,1623.660459901407,1546.1239343972584,1612.5837621190149,2371220
2024-10-07,1592.5379638671875,1612.3386524007542,1580.1870334127088,1590.920553051803,1553239
2024-10-08,1608.2706298828125,1620.523560626899,1591.7537031712893,1592.5379386019215,1239808
2024-10-09,1647.2840576171875,1668.408158703437,1598.2723332013236,1598.2723332013236,1671718
2024-10-10,1586.901611328125,1660.5171962751701,1582.1964379975097,1660.468136688538,2288313
2024-10-11,1564.2091064453125,1581.902385936922,1542.6439487816453,1570.4335712030934,1894245
2024-10-14,1566.855712890625,1574.2074712851022,1539.9973846154885,1568.3751241551606,2301224
2024-10-15,1540.6834716796875,1573.2272070263268,1537.0075925520916,1570.237563797063,2206500
2024-10-16,1531.322265625,1541.9088459330706,1519.755570488806,1530.5381498309953,2519123
2024-10-17,1527.891357421875,1547.496046012173,1521.4708937030662,1531.3221779251771,1498368
2024-10-18,1521.02978515625,1531.1753076862615,1505.9832099146902,1518.4322595266622,1879293
2024-10-21,1493.6322021484375,1530.3909930134525,1487.1626788876995,1521.3238246000822,1297970
2024-10-22,1480.4970703125,1496.523879559324,1471.8220194043588,1492.8970599752504,1757792
2024-10-23,1456.2362060546875,1484.1728865572497,1453.001504317324,1475.0077188151063,1925211
2024-10-24,1462.8038330078125,1478.1934651198592,1452.756430476328,1466.4306524000726,1178365
2024-10-25,1459.47119140625,1476.9683535446097,1449.5708467492047,1462.804012684398,1175088
2024-10-28,1473.439453125,1483.290737657793,1442.6110075499994,1467.2149882327828,928896
2024-10-29,1448.345458984375,1487.1627192601088,1421.3399520327425,1480.1540190134078,3475282
2024-10-30,1390.217529296875,1411.5376289000528,1375.2689537130377,1411.5376289000528,5064434
2024-10-31,1521.078857421875,1534.9981392030652,1488.0450032419565,1529.2148514853711,17447689
2024-11-01,1528.724609375,1542.3497718356514,1521.078733177028,1534.164838511136,538362
2024-11-04,1553.2794189453125,1571.2666964001453,1532.1063796645615,1552.6913022320316,4190449
2024-11-05,1569.5513916015625,1578.1284432474,1546.4669415378542,1552.2992887940122,2238168
2024-11-06,1562.542724609375,1580.4809426956426,1549.7506175690883,1578.3734147617513,2074821
2024-11-07,1544.99658203125,1570.3356191198748,1527.744479310752,1568.375150182147,1512145
2024-11-08,1561.121337890625,1566.169569164453,1537.6937109529988,1543.96723527108,1718495
2024-11-11,1522.108154296875,1568.1301154479472,1513.9721602183806,1558.6708287478382,1725382
2024-11-12,1495.004638671875,1526.176023290657,1491.8678165464594,1520.392735594087,2782808
2024-11-13,1475.841064453125,1495.7398730057027,1471.5280086480182,1486.5256446169594,1552443
2024-11-14,1470.1065673828125,1487.0156110816647,1460.7943404182272,1467.4109227351694,1469143
2024-11-18,1436.2884521484375,1475.3998285731832,1431.9753968642954,1467.9010114944788,1760344
2024-11-19,1442.464111328125,1456.4813927377459,1428.0545925335475,1436.0435275569232,1116002
2024-11-21,1436.5335693359375,1448.8844993270752,1425.1138141981796,1440.9446243083098,1363706
2024-11-22,1457.118408203125,1466.5776939167745,1431.1912566736175,1437.0236033809495,704859
2024-11-25,1473.5865478515625,1477.703484821885,1458.0987951393395,1466.3327887375146,2453548
2024-11-26,1463.1959228515625,1485.05519905713,1460.598397272302,1485.05519905713,873585
2024-11-27,1461.6766357421875,1472.3121556782648,1439.474301340567,1457.7066383249178,1676606
2024-11-28,1463.2449951171875,1475.2528672928267,1444.7675994151582,1455.7461775413033,4358321
2024-11-29,1503.5816650390625,1517.1088288187586,1460.5493482301715,1460.5493482301715,3256635
2024-12-02,1477.8994140625,1517.8930269892232,1474.5667126998765,1501.7191587649272,5328936
2024-12-03,1503.5816650390625,1518.775299198504,1478.6836857753112,1487.0647382875622,1951182
2024-12-04,1471.184814453125,1506.3752542809605,1462.7548223203275,1499.7586719049093,2971135
2024-12-05,1468.63623046875,1477.2132817062616,1441.0426074131371,1477.2132817062616,4084059
2024-12-06,1448.1983642578125,1483.33974448273,1446.8260121305202,1483.33974448273,3768932
2024-12-09,1439.9644775390625,1455.4031708823165,1438.2981267555017,1450.7470570168907,2144057
2024-12-10,1426.4371337890625,1449.7667617258219,1423.594549590131,1447.757233226207,3397465
2024-12-11,1425.35888671875,1438.8861699623899,1419.3794805182376,1427.3193556144934,2448702
2024-12-12,1416.8309326171875,1432.465624614102,1410.1652903311358,1431.1423320057393,2651833
2024-12-13,1418.693359375,1420.8498272898705,1395.6578499294587,1416.5367718026046,1318852
2024-12-16,1419.820556640625,1428.7407859584052,1407.7146849833148,1419.379498996351,2076469
2024-12-17,1422.173095703125,1453.6876564897514,1419.3794515152797,1440.9446089278047,3500888
2024-12-18,1443.2972412109375,1453.638642957781,1424.4766678056058,1426.2411376946304,2499842
2024-12-19,1476.772216796875,1480.2030372749664,1421.2419128414062,1421.3399123521328,3426222
2024-12-20,1442.9542236328125,1476.8212533449325,1440.0135201734806,1476.7723134151283,2196991
2024-12-23,1446.8751220703125,1461.5295793794837,1429.9660776408718,1444.8165339789678,760728
2024-12-24,1446.5809326171875,1458.1966864607223,1432.4165932355281,1446.8259912200365,909994
2024-12-26,1461.0885009765625,1465.401436811845,1437.2687560818129,1446.5809833164435,1254464
2024-12-27,1476.8211669921875,1482.849632662827,1454.6678928254075,1459.17694726789,1446303
2024-12-30,1491.3287353515625,1496.5239062088974,1465.5485211218188,1479.1738040836508,1501086
2024-12-31,1498.778564453125,1505.5911464285352,1484.663163590209,1487.897985333337,1664122
2025-01-01,1498.87646484375,1517.2558606743276,1488.6820026915514,1501.670109078493,1578715
2025-01-02,1507.5025634765625,1512.9427928033663,1497.0630427987446,1504.561860167742,1448048
2025-01-03,1481.3792724609375,1508.5807777120813,1475.3508068251253,1508.5807777120813,1581838
2025-01-06,1461.921630859375,1479.4187912403706,1450.256817386204,1470.351622899159,981443
2025-01-07,1467.8519287109375,1480.1539180785044,1458.5397020740197,1460.5492304218353,1045516
2025-01-08,1465.3525390625,1483.0947591097695,1458.1478396103594,1475.1548838021547,1277871
2025-01-09,1458.7847900390625,1469.7634871423388,1451.7271502035792,1460.6472593354463,995821
2025-01-10,1439.7684326171875,1468.0971129800785,1436.1905528820648,1453.7857136971159,930723
2025-01-13,1410.75341796875,1435.0142213868546,1407.9597736278681,1431.142343047785,873093
2025-01-14,1419.134521484375,1423.251458591304,1406.0973545498766,1407.6167659137022,1028726
2025-01-15,1418.59521484375,1426.2410912371024,1401.5881714673758,1426.1920316527448,1126634
2025-01-16,1414.968505859375,1425.5550863606154,1402.568515458093,1423.0554405135765,1080833
2025-01-17,1413.792236328125,1420.996935814229,1405.6562422928464,1414.968469839417,658778
2025-01-20,1416.8798828125,1420.898939910947,1400.6570739451615,1413.792239923125,738447
2025-01-21,1399.7747802734375,1435.8474555272473,1396.8340769535353,1421.8300551727039,820225
2025-01-22,1410.9495849609375,1412.4688766648164,1392.1290104765708,1402.8135906226257,808605
2025-01-23,1422.4671630859375,1429.377743760874,1404.234827310814,1404.234827310814,1070838
2025-01-24,1383.5029296875,1422.320190060896,1380.1701086187054,1416.683841961068,1615412
2025-01-27,1368.50537109375,1386.9338276857043,1356.8405565306264,1380.2681851760528,1448841
2025-01-28,1392.52099609375,1443.8853037429255,1339.098220089684,1367.4760784037883,5627159
2025-01-29,1395.8048095703125,1426.2411373752486,1382.718703478478,1411.5376204950912,3775947
2025-01-30,1428.6427001953125,1440.7486917932497,1397.8143735504962,1402.715545968275,1773294
2025-01-31,1450.1588134765625,1461.5295087276477,1423.3983661579775,1431.14224194659,2083385
2025-02-01,1411.0474853515625,1457.118504324486,1399.0396133852153,1450.158863687741,1306859
2025-02-03,1392.47216796875,1410.8515648586747,1378.3567672257814,1406.6365086422393,1757831
2025-02-04,1420.4088134765625,1434.3280951547763,1395.363774784093,1397.7163614549606,1750660
2025-02-05,1408.4010009765625,1429.1819248604918,1401.0492421038234,1429.03486575153,2516488
2025-02-06,1442.4149169921875,1446.1398555684607,1409.7241237427947,1415.4094114580041,2918537
2025-02-07,1443.150146484375,1452.5603731259725,1426.2411024858316,1444.3754395277476,1445335
2025-02-10,1430.0150146484375,1448.3944107298537,1403.2546857484115,1447.0220585576026,1282801
2025-02-11,1424.427734375,1438.9841922245123,1414.87044835716,1436.0434888344078,1938792
2025-02-12,1420.5556640625,1433.396830604294,1406.7834423484885,1424.427661790014,1791670
2025-02-13,1443.0521240234375,1463.4899877303646,1418.4972039617378,1420.5556723103632,1879916
2025-02-14,1430.6031494140625,1450.8940747380839,1410.1163447165757,1448.7865466960259,1703559
2025-02-17,1445.502685546875,1451.43303188736,1422.614236180499,1428.6425820297277,1113888
2025-02-18,1452.805419921875,1454.5208301686487,1437.121669094229,1445.5027213057615,967394
2025-02-19,1435.2103271484375,1444.8656127731158,1398.1574162170245,1426.1920982049974,1210464
2025-02-20,1450.452880859375,1453.687702436506,1432.6126615717826,1433.1027788011947,1652209
2025-02-21,1446.5809326171875,1472.3120859163243,1439.6212922277823,1459.5690385681805,1413123
2025-02-24,1447.561279296875,1459.5691517677649,1428.789764931284,1431.142351632597,1403090
2025-02-25,1434.426025390625,1453.0995390954263,1425.8489741509566,1441.9248426916681,992994
2025-02-27,1412.6649169921875,1435.3573686892653,1407.6166855879953,1423.3004369594494,1260808
2025-02-28,1379.6800537109375,1420.0656671004228,1372.3282949877887,1411.5376748445826,3340343
2025-03-03,1379.72900390625,1390.0704052290373,1368.4072485072395,1372.3281861820453,854264
2025-03-04,1374.0926513671875,1377.229353633451,1361.839721174719,1374.7297080111787,1456530
2025-03-05,1391.6878662109375,1403.5977387597788,1365.564594077621,1367.5250629858247,2187830
2025-03-06,1432.857666015625,1435.504251091383,1391.6878203014767,1396.7849914316482,1525159
2025-03-07,1429.6229248046875,1442.0229148675287,1422.8594026408912,1436.9746833805782,678497
2025-03-10,1433.8380126953125,1452.9035258283168,1428.2016643288807,1429.5249569703628,905854
2025-03-11,1417.1739501953125,1430.1620566038118,1409.5771332393979,1419.3794776986426,1231247
2025-03-12,1425.554931640625,1428.2015166499268,1409.3320045047578,1413.4980006926523,1254797
2025-03-13,1433.0047607421875,1436.729579843001,1417.075950992428,1427.6134712884227,804032
2025-03-17,1463.097900390625,1467.3618962707249,1426.9272256434383,1430.9952224986582,1329884
2025-03-18,1463.097900390625,1463.097900390625,1463.097900390625,1463.097900390625,0
2025-03-19,1469.5184326171875,1485.055124009479,1466.9207875116736,1485.055124009479,1015731
2025-03-20,1482.16357421875,1487.6038037180228,1465.8915863347268,1470.008642892111,984355
2025-03-21,1493.7303466796875,1498.680578859784,1480.1541225336507,1483.9770610862709,2846648
2025-03-24,1493.9263916015625,1504.6599111831476,1485.2512208175785,1494.9066260713887,826040
2025-03-25,1481.330322265625,1503.6797166340193,1475.301975842172,1499.758778650619,1092805
2025-03-26,1447.02197265625,1482.4574701291244,1443.1991542242754,1477.2132400233854,1375794
2025-03-27,1453.5897216796875,1459.5691280241708,1433.494915014479,1435.7493825043512,1848444
2025-03-28,1413.694091796875,1449.4237096949848,1406.0972747240944,1445.845829980815,1495932
2025-04-01,1415.70361328125,1437.0237127023108,1400.7550378251037,1410.1163247442585,1080262
2025-04-02,1423.6434326171875,1435.0631875149136,1400.1668661762465,1412.5177959077803,1054143
2025-04-03,1466.1365966796875,1493.1911628137955,1450.7469639120088,1452.7074327821601,3488899
2025-04-04,1387.27685546875,1466.136671956532,1362.574994299568,1466.136671956532,2768438
2025-04-07,1357.33056640625,1373.6514935858106,1308.6129631324193,1309.593197561732,1604721
2025-04-08,1404.2349853515625,1409.1850977979543,1355.3212597128356,1367.2311328576232,1324180
2025-04-09,1387.619873046875,1394.8736319583463,1368.4563612118857,1388.5021079894573,1701314
2025-04-11,1434.132080078125,1459.0789993179983,1419.9186803534956,1431.1423171006231,2311803
2025-04-15,1452.5113525390625,1456.530289566644,1433.20066345334,1452.9033505651546,1720323
2025-04-16,1466.8228759765625,1469.3714616516577,1435.4553731260935,1438.101958316091,1023697
2025-04-17,1485.2510986328125,1491.9167403422898,1456.6283023315657,1468.391115001807,1211601
2025-04-21,1481.232177734375,1494.8574598242774,1475.252771826582,1494.8574598242774,570266
2025-04-22,1497.9942626953125,1504.3657867226839,1472.9982838187013,1484.9572160953612,954974
2025-04-23,1503.3856201171875,1508.5809108831772,1486.0355171532792,1502.6995038232037,819016
2025-04-24,1521.02978515625,1525.2448412566673,1494.759573052516,1503.3855646275738,1590469
2025-04-25,1495.73974609375,1535.7332391882978,1483.5848151861578,1525.244778612264,1353813
2025-04-28,1524.362548828125,1534.0668936845352,1495.7397511348481,1495.7397511348481,1207247
2025-04-29,1511.0313720703125,1529.7538257298186,1500.7389105674008,1524.2645368597703,1385331
2025-04-30,1519.46142578125,1539.7523510749306,1507.600612643196,1511.5215505174306,2315010
2025-05-02,1484.5650634765625,1521.8139722993485,1483.5848290338577,1507.110455658775,1578868
2025-05-05,1512.40380859375,1518.3832150118712,1498.0924090654926,1501.7192287915989,786898
2025-05-06,1481.5263671875,1501.6211733518164,1465.4504983245417,1499.7587039709358,1788719
2025-05-07,1478.977783203125,1487.7998932363043,1469.7635554591882,1470.3516721965616,1424662
2025-05-08,1457.41259765625,1478.8796359364678,1448.6884873021197,1470.351644262753,2773328
2025-05-09,1450.7469482421875,1457.020472490415,1434.7690792600247,1440.8466044863635,1042380
2025-05-12,1481.722412109375,1486.9177027026174,1433.2988049942098,1448.7865576001732,1706217
2025-05-13,1490.0543212890625,1509.4630107120788,1467.5089295779428,1485.0551496672317,4042184
2025-05-14,1465.2545166015625,1476.13509516069,1445.4537087430122,1465.450515630275,3417567
2025-05-15,1472.5081787109375,1482.9967593753397,1445.845848886017,1465.4505383624376,3918531
2025-05-16,1470.253662109375,1480.3500050579978,1462.5097860933276,1479.8598878374573,1660861
2025-05-19,1462.11767578125,1481.8203642151423,1459.569090153052,1470.2536695463893,1857648
2025-05-20,1425.653076171875,1468.1952772673196,1422.5162539873884,1465.8426905433375,3573210
2025-05-21,1453.0994873046875,1461.5294791482845,1425.8489233314706,1430.1619785897701,2001251
2025-05-22,1439.4742431640625,1460.2551649674333,1431.2402501194645,1453.6876422283315,1804507
2025-05-23,1454.864013671875,1459.5691871886866,1432.122620874863,1439.474379708923,915286
2025-05-26,1454.864013671875,1464.3723602251123,1449.2767248210027,1456.7264831746768,885022
2025-05-27,1451.237060546875,1462.4117568797535,1446.63000663037,1456.3342316739665,881728
2025-05-28,1439.4742431640625,1456.6283454830077,1436.0434227002736,1455.6481110647824,1090511
2025-05-29,1447.7083740234375,1450.2569598219322,1434.083090381539,1445.8459045200068,1384536
2025-05-30,1436.7294921875,1459.5690012521013,1428.2995003965266,1446.8259542297526,7040777
2025-06-02,1441.140625,1445.6497991474382,1429.1818127018557,1438.9841570962442,962897
2025-06-03,1444.081298828125,1450.158824023049,1431.5343700540484,1443.2971830871013,870331
2025-06-04,1442.80712890625,1458.588879816849,1436.925722132795,1444.081361912649,1297075
2025-06-05,1460.3533935546875,1469.1755039797279,1445.8458752149422,1446.8261097066134,1570159
2025-06-06,1474.4686279296875,1476.1350983074024,1454.667939686454,1460.3533474215549,861882
2025-06-09,1476.8211669921875,1481.8203386492337,1467.4109404040669,1481.8203386492337,689631
2025-06-10,1480.938232421875,1483.2906993401116,1475.2528248352478,1479.0757630636679,929786
2025-06-11,1491.622802734375,1497.7003284775728,1479.565990082323,1482.6046931251556,1046396
2025-06-12,1473.0963134765625,1507.5025172021224,1464.960320042226,1496.817938243211,1199034
2025-06-13,1475.4488525390625,1480.6441430091224,1450.7469921572335,1450.7469921572335,874315
2025-06-16,1496.8179931640625,1510.5412753541716,1470.1556642005742,1472.2141325975858,2679763
2025-06-17,1473.7825927734375,1503.0916286929228,1465.9407166562526,1496.8181038676682,1334810
2025-06-18,1468.4892578125,1482.9967760511954,1466.3327898088564,1473.7825479621608,1075494
2025-06-19,1454.66796875,1479.9580662044875,1450.9430298618872,1472.7043071188375,1124204
2025-06-20,1470.0576171875,1478.389610354753,1451.8252796000759,1454.6679835533507,1917041
2025-06-23,1469.4693603515625,1475.1547677161657,1452.805375605507,1470.0574770581547,657381
2025-06-24,1472.704345703125,1488.2900982795788,1470.5477579954681,1476.919282284283,1351552
2025-06-25,1480.154052734375,1487.9959285104512,1470.3517080142797,1480.0560532186796,1032762
2025-06-26,1483.8790283203125,1492.3090210567498,1473.292447897557,1481.134323867737,1440423
2025-06-27,1488.436279296875,1494.67765269335,1478.1329157506045,1488.039972826681,1851991
2025-06-30,1491.9036865234375,1500.6218238222434,1486.25659166614,1495.371156354221,1053681
2025-07-01,1501.612548828125,1503.593960185521,1482.2937880935158,1491.9037057383366,1112637
2025-07-02,1483.6807861328125,1510.8261456583487,1479.420824316341,1501.6125345597056,1273704
2025-07-03,1494.6776123046875,1499.1357878684546,1484.8697228130015,1490.0213439790539,869963
2025-07-04,1499.2349853515625,1506.8633708732,1489.9223275771612,1494.380503230632,1118483
2025-07-07,1496.4609375,1505.08002858697,1492.4981147591857,1501.9098187686195,1061434
2025-07-08,1474.46728515625,1496.460902478758,1463.3713091801944,1491.5073741686663,2197699
2025-07-09,1477.8355712890625,1487.7426277995094,1472.1885974524073,1472.1885974524073,1364142
2025-07-10,1464.06494140625,1477.0431619739497,1449.6005413430794,1475.1607969444922,2178068
2025-07-11,1471.1978759765625,1476.646756998698,1456.3372913707387,1466.2443477746212,920651
2025-07-14,1470.2071533203125,1478.62815116615,1462.2815082889363,1475.0616350891796,1554680
2025-07-15,1477.0430908203125,1478.5291493084403,1455.7429191571473,1470.009104830324,1203850
2025-07-16,1462.08349609375,1471.1979400077123,1454.5540361504957,1471.1979400077123,1569604
2025-07-17,1468.6220703125,1475.1607033733453,1458.3187074315408,1461.2908243624474,1349535
2025-07-18,1468.5230712890625,1470.9998354780168,1456.337343105107,1467.3341519169137,1001794
2025-07-21,1460.2010498046875,1468.7210940213045,1454.851215224476,1467.3340819544724,1198993
2025-07-22,1450.7894287109375,1465.6500139798918,1440.9814182462771,1461.2908847805147,1908949
2025-07-23,1459.8048095703125,1462.7769265901368,1448.8080007841133,1451.6810714237602,1268156
2025-07-24,1474.071044921875,1476.1515027184212,1456.6346486742314,1456.8327414412338,1389152
2025-07-25,1518.2564697265625,1539.2593819775161,1455.346658419785,1471.197949457713,5226395
2025-07-28,1557.3892822265625,1562.342810477919,1506.367941237588,1526.8754998239056,3843168
2025-07-29,1559.3707275390625,1564.7205623543646,1545.1045416768409,1548.8692716042851,1303888
2025-07-30,1544.906494140625,1565.2159610086808,1536.78263483195,1559.6680332708995,1390012
2025-07-31,1540.1510009765625,1550.1571039952232,1522.3182990256125,1525.686722470164,2457841
2025-08-01,1488.83251953125,1535.296518402334,1480.1142613178622,1529.6495444944974,2109707
2025-08-04,1501.0181884765625,1505.179224996294,1491.0120850497583,1495.9656135715184,549494
2025-08-05,1485.8603515625,1503.197700079498,1477.2411400240305,1499.4329703129372,1156528
2025-08-06,1472.882080078125,1484.8697155058642,1461.2908720436724,1484.8697155058642,1157300
2025-08-07,1477.1422119140625,1485.8604705263551,1450.4922041585087,1462.3806726648593,1882304
2025-08-08,1471.990478515625,1479.9161235830168,1464.5601862649453,1469.2164543677395,920270
2025-08-11,1490.81396484375,1499.9284087817289,1466.4425082166601,1474.1700609426769,898160
2025-08-12,1507.457763671875,1510.7271408447668,1487.1482968927544,1490.0213675998784,910349
2025-08-13,1546.4915771484375,1553.2284241932123,1506.268950450113,1507.457748900013,1859765
2025-08-14,1549.463623046875,1560.1632923475845,1537.575155350863,1547.9775645848736,2535958
2025-08-18,1550.6524658203125,1558.1819256585368,1543.0240805380201,1551.6431714899998,1783835
2025-08-19,1534.5040283203125,1554.1199279209366,1531.730004084709,1550.6524580943073,898746
2025-08-20,1531.72998046875,1542.4296498573974,1519.1480670946955,1524.8940873002114,936556
2025-08-21,1577.99609375,1581.1663036285875,1524.3988184134846,1525.7858305862749,1698280
2025-08-22,1577.99609375,1587.110537852755,1570.2685408842801,1575.22206940442,1574526
2025-08-25,1586.31787109375,1592.8566252670878,1577.2034273002348,1579.1848386410643,1298471
2025-08-26,1565.1168212890625,1589.1908958233405,1558.3799745505273,1589.09184944631,2332380
2025-08-28,1565.6121826171875,1579.1848016092918,1554.1199003612692,1579.1848016092918,1903230
2025-08-29,1574.6275634765625,1581.562502934865,1553.2283459066643,1563.8288478471995,1342344
2025-09-01,1572.447998046875,1583.1476677047874,1568.2870825886598,1574.6276230920246,783524
2025-09-02,1554.615234375,1578.1940768669592,1548.7701678759418,1572.2498430557844,1161872
2025-09-03,1563.7298583984375,1581.5625605118455,1554.4172008853964,1555.4079065583635,1160380
2025-09-04,1563.135498046875,1584.1384104616839,1559.0735079381136,1584.1384104616839,614470
2025-09-05,1538.962158203125,1570.8628312884082,1535.5937348556472,1563.1353998938082,701865
2025-09-08,1526.87548828125,1550.3552845766308,1524.5969378643,1540.051921704549,588546
2025-09-09,1537.1788330078125,1540.7453490925773,1518.8507788326986,1526.875470257356,788242
2025-09-10,1549.265625,1556.3986576793527,1539.457614364074,1540.5473664490094,718311
2025-09-11,1546.29345703125,1555.9032536492437,1539.6556564854316,1548.968313964083,732911
2025-09-12,1559.965087890625,1563.6307713467058,1547.5812673006515,1547.5812673006515,785508
2025-09-15,1533.90966796875,1565.116897199019,1531.7300428896285,1553.42652168449,758979
2025-09-16,1544.5101318359375,1545.698930259715,1535.5937808503547,1541.5380148407432,471395
2025-09-17,1545.1044921875,1547.9775627310783,1534.702082965947,1541.5379760701169,785651
2025-09-18,1563.5316162109375,1565.3149347640822,1541.9343054952622,1545.5008216658027,874860
2025-09-19,1561.154052734375,1570.1694501995134,1543.0240904878892,1566.3056738756682,1464121
2025-09-22,1527.8662109375,1568.4851427438698,1525.6867068734089,1560.3614047568954,1257495
2025-09-23,1512.9066162109375,1536.2872460172355,1503.3958658922784,1527.8662477568835,1487350
2025-09-24,1523.705322265625,1528.163497785908,1506.1698802601454,1512.8075598827108,943785
2025-09-25,1495.6683349609375,1530.4422015015962,1491.4083730464397,1523.7053544211415,2502680
2025-09-26,1485.464111328125,1490.9129925334573,1461.4889614632118,1481.6993813937765,2653841
2025-09-29,1474.1700439453125,1513.1048253351041,1471.4951869979382,1492.8944053841876,1778220
2025-09-30,1489.327880859375,1492.5971370062334,1474.26908212632,1474.26908212632,1040806
2025-10-01,1498.9376220703125,1503.2967510407461,1484.473344022018,1491.0119770097954,1000285
2025-10-03,1503.593994140625,1523.5072754807486,1495.4702557661474,1507.8540770295306,1070489
2025-10-06,1499.0367431640625,1505.8726365566345,1483.879018791753,1496.956285419128,772031
2025-10-07,1499.2349853515625,1507.8540765739715,1492.2008781274826,1500.8200902856458,834623
2025-10-08,1480.7086181640625,1505.1791199146412,1476.944009311798,1497.946920403474,1068066
2025-10-09,1499.0367431640625,1502.6032594319147,1485.3650773146708,1495.965579737183,878167
2025-10-10,1547.2841796875,1554.4172122105324,1492.8944136581838,1498.9376941201629,1495524
2025-10-13,1549.0673828125,1552.3367599429398,1535.6928560828408,1544.5101608547295,671620
2025-10-14,1537.8724365234375,1551.5441020000337,1522.8136380070393,1548.472938656898,1056222
2025-10-15,1544.212890625,1550.2562920043165,1531.6309768992871,1535.5937996079526,1638237
2025-10-16,1554.8134765625,1557.3892870740733,1540.6463373452239,1544.5101135804582,989785
2025-10-17,1562.937255859375,1567.395431417317,1543.9157551864564,1550.7516485624512,1222051
2025-10-20,1623.8656005859375,1631.692199378485,1563.2344634095607,1575.221977542071,3372906
2025-10-21,1648.137939453125,1653.4877742940728,1626.837767405598,1631.3949893309418,709223
2025-10-23,1629.809814453125,1657.4505258313652,1622.8748750145,1649.5248807586509,2150725
2025-10-24,1569.674072265625,1609.9957442629445,1566.4046952125452,1609.9957442629445,2941997
2025-10-27,1569.27783203125,1578.9867962855433,1560.5595734789968,1570.26853773329,1213749
2025-10-28,1553.5255126953125,1575.1229443385603,1547.581278768079,1571.0610753421004,1489133
2025-10-29,1566.4046630859375,1573.2405561885157,1557.0920058835663,1560.361382869592,898965
2025-10-30,1525.7857666015625,1578.4913804070611,1490.021316373108,1572.2498863591238,4053965
2025-10-31,1487.346435546875,1515.1852400279126,1486.0584698320547,1496.0645726751077,3365093
2025-11-03,1497.45166015625,1500.820083711268,1476.4487477662033,1488.9316153540897,1505905
2025-11-04,1489.327880859375,1509.8354398371941,1484.176138818165,1497.4516189723877,1590643
2025-11-06,1487.5445556640625,1498.838624429681,1484.0770858373398,1496.7581667207974,1596245
2025-11-07,1491.7054443359375,1495.9655269924006,1477.736518900178,1486.0584705222523,1037508
2025-11-10,1497.45166015625,1502.6032814033922,1489.922321050521,1495.9656016116028,1143959
2025-11-11,1500.820068359375,1503.3958789565984,1492.101809945655,1497.2535520758543,850772
2025-11-12,1505.17919921875,1513.8973367062886,1500.0274570828947,1500.820070007104,1179131
2025-11-13,1511.6187744140625,1520.6341719119048,1501.315411158349,1505.8726330976783,1217362
2025-11-14,1517.860107421875,1520.138778799047,1507.8540045094549,1512.7084863983762,810970
2025-11-17,1521.32763671875,1524.1016610311449,1512.3122391070965,1523.2100017210357,912322
2025-11-18,1500.4237060546875,1520.7331718679072,1498.045988308917,1515.7796436207805,747913
2025-11-19,1512.6094970703125,1515.3834004430685,1491.408371100286,1497.3526052450177,1171078
2025-11-20,1514.987060546875,1520.5351090414592,1505.2782175528534,1512.7085100697961,896750
2025-11-21,1497.7489013671875,1512.807579388899,1493.6869113143978,1506.962391666454,1126820
2025-11-24,1490.0213623046875,1510.628089093841,1486.0585395326007,1500.9191249279265,2801854
2025-11-25,1493.48876953125,1508.547447058692,1486.256569901509,1486.256569901509,908386
2025-11-26,1509.6373291015625,1511.3214803448218,1491.0120143683755,1491.0120143683755,1087736
2025-11-27,1511.0242919921875,1517.2657863042741,1505.9717170868464,1509.6374007546171,810411
2025-11-28,1517.067626953125,1521.5258024273003,1506.467003819747,1511.0242256728654,991042
2025-12-01,1508.9437255859375,1522.0211125042922,1503.3957982277325,1517.761029907668,1010599
2025-12-02,1502.504150390625,1517.2656886231448,1499.1357270253372,1505.8725737559125,1760512
2025-12-03,1493.984130859375,1508.6466229582893,1481.204003696041,1502.6032217015718,1034323
2025-12-04,1506.86328125,1511.5195493923843,1489.1296260737809,1489.1296260737809,726473
2025-12-05,1506.665283203125,1513.7983158985019,1499.5321295719932,1510.8261987861356,813485
2025-12-08,1483.6807861328125,1506.3679701465699,1480.411529985625,1501.0181353452854,1263559
2025-12-09,1476.745849609375,1488.4362249062563,1472.683980543764,1483.6807893092111,1646840
2025-12-10,1477.0430908203125,1491.7054620083907,1470.999810489076,1478.1328428577897,1316274
2025-12-11,1498.2442626953125,1499.3340147666775,1478.132888822951,1478.132888822951,606130
2025-12-12,1503.2967529296875,1510.5288314950492,1496.1635998048114,1505.872563390443,1054050
2025-12-15,1493.984130859375,1501.4144232873891,1484.0770742886896,1491.0120138881693,855508
2025-12-16,1485.6622314453125,1494.875842754651,1482.1947615235242,1486.058537909239,789492
2025-12-17,1482.9873046875,1491.3092562954546,1477.1421171928803,1483.6807502649347,1000116
2025-12-18,1484.96875,1496.9562643960346,1479.8170079647844,1480.9068809482199,974170
2025-12-19,1502.99951171875,1505.9716286574605,1481.600293947184,1481.600293947184,769045
2025-12-22,1498.838623046875,1508.3493732328186,1494.1822338652646,1498.9376694261114,757496
2025-12-23,1486.751953125,1507.8540323062139,1484.374356261554,1506.2689274186662,826988
2025-12-24,1482.3929443359375,1493.9841523158116,1476.3495429924253,1488.5352711236783,1022767
2025-12-26,1492.002685546875,1496.8571673430413,1480.1142179329556,1482.3928892665888,951555
2025-12-29,1480.1142578125,1500.4237238668215,1478.1328464901271,1492.002725746737,1077645
2025-12-30,1478.628173828125,1484.7705004472828,1462.182484323116,1480.114232294284,1993298
2025-12-31,1497.2535400390625,1499.5320905377775,1476.2505070969505,1478.6282249121002,883966
2026-01-01,1486.9501953125,1497.947004291777,1485.0678303130778,1497.947004291777,228078
2026-01-02,1497.5506591796875,1503.6931068647646,1484.671485533373,1486.9501569374058,964611
2026-01-05,1505.674560546875,1510.8261817760065,1493.191572066877,1496.9563020744563,1532549
2026-01-06,1516.572265625,1525.3894492092538,1505.674503415856,1505.674503415856,1614326
2026-01-07,1454.2568359375,1501.9097531259156,1441.4767089697937,1501.9097531259156,5076416
2026-01-08,1447.024658203125,1455.6438699791406,1444.4488476824733,1454.2568578724054,2651011
2026-01-09,1452.0772705078125,1454.6532020309885,1442.5665201426887,1451.0865648252839,1804271
2026-01-12,1451.5819091796875,1453.8605806104815,1430.7770899682257,1450.3931107419046,2380033
2026-01-13,1434.839111328125,1455.7429773766476,1423.2477820957067,1446.4303196247893,1909873
2026-01-14,1421.167236328125,1436.3250809490742,1412.4489783479096,1430.3808471268583,1775529
2026-01-15,1421.167236328125,1421.167236328125,1421.167236328125,1421.167236328125,0
2026-01-16,1384.51123046875,1396.3996989951363,1354.492799065322,1366.1831748239042,4333315
2026-01-19,1379.3594970703125,1385.1055171630608,1359.1490780304744,1383.5204123421559,1653550
2026-01-20,1365.5887451171875,1382.9260946646887,1362.6166280519017,1379.3595783734963,2040403
2026-01-21,1356.8704833984375,1385.4028555303794,1351.1244629809198,1365.5887418097955,2306655
2026-01-22,1357.6630859375,1371.6320118165202,1353.9974023657774,1368.3626347033285,1536604
2026-01-23,1302.7779541015625,1373.01901018666,1290.8894860793428,1359.446269966509,6590032
2026-01-27,1300.7965087890625,1311.1989180368043,1269.7873738000662,1287.9173354347154,4109525
2026-01-28,1316.053466796875,1322.2948401014582,1297.9235042402806,1300.7965749371938,1535898
2026-01-29,1308.6231689453125,1315.2608486881131,1294.8523356793985,1312.6850380835526,2099306
2026-01-30,1311.6943359375,1317.5395237062453,1302.1835854834121,1306.7408074785217,2157826
2026-02-02,1299.4095458984375,1320.6106716408117,1281.0814908156506,1317.6385546003598,1832963
2026-02-03,1310.5054931640625,1368.4617741741934,1307.3351624960758,1352.3132235697205,2711571
2026-02-04,1314.369140625,1322.6910922920579,1303.5705457627657,1310.505485329356,1590247
2026-02-05,1320.907958984375,1323.4837696187842,1308.7222304926922,1323.4837696187842,999810
2026-02-06,1317.6385498046875,1323.2855237866927,1304.2640231713317,1315.6571384515978,1457970
2026-02-09,1330.0223388671875,1339.4340425686685,1315.657106901769,1325.5641634296437,1936551
2026-02-10,1329.6260986328125,1345.3783434837273,1324.5735237391336,1337.1554377818002,1053439
2026-02-11,1337.3536376953125,1339.8304019250854,1322.5920986987155,1329.6260849241198,830695
2026-02-12,1317.6385498046875,1337.4526633355852,1309.3165979345601,1337.353616955081,1613374
2026-02-13,1319.1246337890625,1323.681855802009,1303.5706027412925,1315.657163854206,1236946
2026-02-16,1343.793212890625,1345.3783177966075,1315.1617944587604,1318.6292643499887,1616868
2026-02-17,1331.409423828125,1343.396938695707,1327.6446937672124,1337.4527044536906,1413727
2026-02-18,1337.2545166015625,1340.325679887746,1325.6631880923749,1338.2452222381214,1119159
2026-02-19,1316.548828125,1344.3876340910988,1311.3970859266472,1337.2546014296925,587384
2026-02-20,1328.6353759765625,1330.4186945919305,1311.9915929547242,1316.5488149391888,1551722
2026-02-23,1314.1710205078125,1323.4836776333511,1296.6355792002503,1323.4836776333511,2435610
2026-02-24,1314.369140625,1326.0595156972656,1304.2639913451253,1313.6756950426404,2109672
2026-02-25,1333.5888671875,1336.4619377939252,1314.36915316106,1314.36915316106,1018377
2026-02-26,1345.477294921875,1352.2141415952244,1330.8149241265642,1340.2266276325915,2013877
2026-02-27,1335.6693115234375,1344.2885232564563,1326.0595150742627,1340.4247470268788,2609711
2026-03-02,1339.0377197265625,1341.910790271621,1300.7965061843029,1300.7965061843029,1899674
2026-03-04,1300.99462890625,1336.3628936538983,1298.8151248208962,1335.669327128013,1938762
2026-03-05,1314.072021484375,1319.7189954145035,1302.6789063087733,1302.6789063087733,1184085
2026-03-06,1308.9202880859375,1320.313403336689,1302.777961281572,1313.7747700755817,695774
2026-03-09,1312.68505859375,1317.4404943501274,1280.6852159608984,1296.8337673201652,1674811
2026-03-10,1321.10595703125,1327.8428036866226,1305.254666958134,1310.7035479207677,1050270
2026-03-11,1317.1431884765625,1325.663233052781,1312.5859665809805,1312.6850129608465,1268130
2026-03-12,1311.9915771484375,1329.229759189136,1306.7407886831431,1312.7840691290232,1405268
2026-03-13,1302.480712890625,1315.1617940056205,1288.9080934096514,1311.9915841947477,1346347
2026-03-16,1287.9173583984375,1315.5580705081386,1279.5954066647132,1302.480683230643,1496780
2026-03-17,1269.985595703125,1290.493154264141,1263.7441017398166,1287.917343763763,2034284
2026-03-18,1256.7100830078125,1277.5149010946584,1252.8463068902493,1270.0846089207848,2226496
2026-03-19,1227.682373046875,1251.7565683228315,1223.917764199833,1242.245818425375,1080395
2026-03-20,1244.72265625,1252.2519953258845,1236.4007042458102,1238.3821156308195,1151621
2026-03-23,1210.4442138671875,1241.0569217623358,1206.4813912595828,1240.3634761803044,1295463
2026-03-24,1208.0665283203125,1228.475041106381,1205.2925040467394,1223.521512714823,853054
2026-03-25,1232.8341064453125,1241.2551042749446,1207.670159331968,1211.3357217776274,1466775
2026-03-27,1230.753662109375,1237.5894342610206,1215.1004646591573,1215.1004646591573,2220695
2026-03-30,1212.82177734375,1223.521446464458,1203.7073339711064,1219.7567167164232,2089130
2026-04-01,1184.784912109375,1245.317003192773,1182.902547185498,1243.335591890955,2180444
2026-04-02,1181.3175048828125,1185.4784204626549,1154.8655900414417,1178.939787007579,3128666
2026-04-06,1189.7384033203125,1194.7909777954828,1159.1255754732294,1179.2369479347979,2188849
2026-04-07,1191.2244873046875,1199.15013243521,1174.382491402327,1183.8932413718048,2046737
2026-04-08,1204.5989990234375,1211.6329848053135,1193.3049306606706,1208.6608679169929,2476674
2026-04-09,1213.02001953125,1219.7567453758286,1201.82499733517,1203.9054550087053,2545266
2026-04-10,1218.0726318359375,1227.4843357826162,1209.4535408064378,1214.010762740837,2086385
2026-04-13,1199.8436279296875,1210.9396041355187,1192.017028850519,1210.9396041355187,1611654
2026-04-15,1215.5958251953125,1217.2799764158235,1204.7971094884979,1208.6608856872708,1297882
2026-04-16,1219.0633544921875,1224.016882954163,1211.4349690350464,1219.558707338385,1778133
2026-04-17,1229.2677001953125,1232.9332629684452,1213.020102273583,1219.0633829511223,2291092
2026-04-20,1218.0726318359375,1234.4192755328004,1214.6051619608454,1233.4285698542026,1158618
2026-04-21,1221.044677734375,1224.9084538429552,1211.9302343965785,1217.1809016257946,1428292
2026-04-22,1224.8094482421875,1229.2676236845602,1210.642309017681,1214.6051316331236,1172238
2026-04-23,1293.7625732421875,1296.2393374451415,1216.1902700313683,1222.6298569590485,5274028
2026-04-24,1282.9638671875,1291.7811720062869,1242.4439803223813,1282.9638671875,4427307
2026-04-27,1304.95751953125,1308.4249895340358,1286.9267238910666,1291.087639520107,1721187
2026-04-28,1294.35693359375,1313.6756937966418,1284.2517843234598,1303.7686372823384,1501522
2026-04-29,1305.353759765625,1309.7128888779362,1295.6449168119436,1299.8058322298427,986556
2026-04-30,1297.4281005859375,1317.4404273627322,1292.8708787636522,1305.6510058903045,1370336
2026-05-01,1297.4281005859375,1297.4281005859375,1297.4281005859375,1297.4281005859375,0
2026-05-04,1322.592041015625,1324.9697587596565,1301.3909159462773,1307.7314562851122,1088765
2026-05-05,1321.3040771484375,1326.9511719153898,1304.1649419633593,1326.5548654682048,1051020
2026-05-06,1351.7188720703125,1359.2482111519334,1320.709735496991,1327.5456289676317,1854812
2026-05-07,1349.638427734375,1366.6785174537333,1347.4588026260587,1357.2668132740955,1248019
2026-05-08,1334.4805908203125,1353.997444924971,1328.8336166499407,1342.4062364970478,1044824
2026-05-11,1292.7718505859375,1337.4526520333843,1288.0164150044075,1334.4805350288657,1428197
2026-05-12,1280.2889404296875,1296.8336761591768,1277.0195634600298,1292.474547178215,1398439
2026-05-13,1315.2608642578125,1343.991329582386,1262.852508495836,1267.2116377667153,6015153
2026-05-14,1423.3468017578125,1428.5975902349185,1349.5392286146077,1349.5392286146077,9166941
2026-05-15,1418.78955078125,1431.0743251461865,1411.9536575435577,1423.3467726277952,1138894
2026-05-18,1412.9443359375,1428.696579806712,1398.6782714646072,1408.7834206221974,2013605
2026-05-19,1396.6968994140625,1413.340682078508,1395.6070264304333,1406.8020488554848,1379218
2026-05-20,1386.4925537109375,1408.8824771578481,1379.3595214230581,1379.3595214230581,1316586
2026-05-21,1388.870361328125,1402.7402412910137,1384.709324777805,1393.4275834144944,1145360
2026-05-22,1386.1953125,1396.498675561573,1379.062280115084,1395.9042763521215,917323
2026-05-25,1400.7587890625,1406.802069540276,1385.501897360617,1392.9321899814283,668915
2026-05-26,1404.3253173828125,1409.3778922211661,1396.4987182345865,1400.7588010813718,1132793
2026-05-27,1405.0186767578125,1418.6904628325926,1402.8391727450776,1404.4242775666798,937447
2026-05-28,1405.0186767578125,1405.0186767578125,1405.0186767578125,1405.0186767578125,0
2026-05-29,1387.9786376953125,1415.9164890947511,1369.8486756380544,1397.8856943526666,9540984
2026-06-01,1377.378173828125,1400.4615439215488,1373.1180909724517,1396.8950276126673,714608
2026-06-02,1366.4803466796875,1372.028274113295,1345.576360788594,1367.173792257983,2290839
2026-06-03,1362.4183349609375,1372.028252140151,1352.6104459656287,1362.2202422090963,1520395
2026-06-04,1385.699951171875,1391.8423987938709,1341.4154567709447,1352.31321897514,1548692
2026-06-05,1401.300048828125,1406.0999755859375,1382.0,1394.0,1050391
2026-06-08,1387.9000244140625,1405.0,1383.0,1397.0,669481
2026-06-09,1376.5,1398.800048828125,1373.5999755859375,1383.0999755859375,1419845
2026-06-10,1377.0,1391.4000244140625,1371.0999755859375,1374.0,962642
2026-06-11,1383.300048828125,1391.0,1373.9000244140625,1376.0999755859375,654474
2026-06-12,1389.4000244140625,1396.0999755859375,1382.199951171875,1393.9000244140625,805612
2026-06-15,1381.300048828125,1397.9000244140625,1374.5,1396.699951171875,1687655
2026-06-16,1373.199951171875,1392.300048828125,1366.0,1382.5999755859375,613961
2026-06-17,1350.800048828125,1381.699951171875,1341.0999755859375,1380.0,2014168
2026-06-18,1355.5,1365.0,1348.699951171875,1353.199951171875,908719
2026-06-19,1351.800048828125,1362.300048828125,1346.5999755859375,1355.0,1476650
2026-06-22,1415.699951171875,1418.199951171875,1370.5999755859375,1372.0,3368853
2026-06-23,1433.0999755859375,1461.0,1418.800048828125,1422.800048828125,4958067
2026-06-24,1437.9000244140625,1451.9000244140625,1425.699951171875,1445.699951171875,2145293
2026-06-25,1440.0999755859375,1453.0,1431.0,1448.0,1217683
2026-06-26,1440.0999755859375,1440.0999755859375,1440.0999755859375,1440.0999755859375,0
2026-06-29,1454.0999755859375,1490.0999755859375,1441.5,1443.699951171875,4162869
2026-06-30,1465.4000244140625,1480.800048828125,1448.699951171875,1455.699951171875,2818077
2026-07-01,1456.699951171875,1472.0999755859375,1446.0,1468.0,753439
2026-07-02,1456.0,1468.199951171875,1452.699951171875,1465.4000244140625,731416
2026-07-03,1458.199951171875,1471.0,1452.0,1452.0,1261674
2026-07-06,1472.300048828125,1474.699951171875,1453.4000244140625,1458.199951171875,769917
2026-07-07,1451.800048828125,1482.0,1449.199951171875,1472.300048828125,1164880
2026-07-08,1431.800048828125,1471.9000244140625,1428.9000244140625,1453.300048828125,1163676
2026-07-09,1441.300048828125,1454.800048828125,1426.4000244140625,1430.0,947375
2026-07-10,1439.4000244140625,1454.5,1435.0,1441.300048828125,745842
2026-07-13,1426.699951171875,1443.0,1420.0,1439.4000244140625,844670
2026-07-14,1438.0999755859375,1454.5,1425.300048828125,1426.699951171875,1221695
2026-07-15,1438.0,1453.0,1433.0,1447.0,924453
2026-07-16,1429.5,1444.0,1426.5999755859375,1439.9000244140625,568731
2026-07-17,1418.699951171875,1434.0,1404.0,1429.5,607055
2026-07-20,1441.5999755859375,1466.5999755859375,1419.5,1425.699951171875,1494196
2026-07-21,1432.5,1443.9000244140625,1414.0,1442.0999755859375,1341452
2026-07-22,1415.0999755859375,1423.0,1395.699951171875,1423.0,1722239
2026-07-23,1393.0,1426.9000244140625,1366.0999755859375,1409.0999755859375,4248433
2026-07-24,1410.5999755859375,1444.800048828125,1390.0999755859375,1390.0999755859375,2917791
2026-07-27,1409.4000244140625,1418.0999755859375,1392.800048828125,1412.5999755859375,1162030
2026-07-28,1444.5999755859375,1447.800048828125,1426.699951171875,1426.699951171875,1621735
2026-07-29,1474.300048828125,1491.199951171875,1442.0,1451.0,2192262
2026-07-30,1466.4000244140625,1483.800048828125,1464.0999755859375,1478.800048828125,833068
2026-07-31,1473.199951171875,1478.800048828125,1462.300048828125,1473.4000244140625,1223370
2026-08-03,1474.4000244140625,1480.5999755859375,1454.300048828125,1475.0,811745
2026-08-04,1460.0,1469.5999755859375,1449.300048828125,1469.5999755859375,947012
