Date,Close,High,Low,Open,Volume
2021-08-04,94.21450805664062,95.9399352451359,93.85639977713909,93.85639977713909,8839351
2021-08-05,94.70283508300781,94.9958291543133,92.58675243964207,94.40984101170231,6237158
2021-08-06,95.12606048583984,96.65614509841845,94.57261949584378,94.80050929996774,10812438
2021-08-09,93.27040100097656,96.2654754434327,92.68441292681581,96.03758567290781,12986298
2021-08-10,92.58673858642578,93.92150019491976,91.64264230457509,93.56339196800207,14022502
2021-08-11,93.72618103027344,93.9866279305565,91.90309246842561,93.04252157770132,8356558
2021-08-12,94.01917266845703,95.51671001749746,93.56340302354032,93.79129281351524,7685737
2021-08-13,93.595947265625,95.2562599693433,93.23783904560234,94.44238216703353,9455100
2021-08-16,92.45649719238281,93.85636271811485,92.2937216691568,93.6284829466161,5259207
2021-08-17,90.66600036621094,92.81464006387104,89.33123858925289,92.52164599942495,13714266
2021-08-18,90.08000183105469,91.31709215359683,89.85211206557122,90.66598989225211,7654460
2021-08-20,88.28947448730469,89.88467311060471,87.89880913933906,89.52656486414165,8877297
2021-08-23,87.21514892578125,88.81034753404413,86.43382817224764,88.74524326668522,7768805
2021-08-24,88.68012237548828,89.13589195275321,87.24769944621349,87.47558920236179,7452062
2021-08-25,90.40555572509766,90.60087846144572,88.8754613901553,88.8754613901553,7817617
2021-08-26,89.3963394165039,90.7636481576112,88.77779427635787,90.4055498741273,6845692
2021-08-27,90.2102279663086,90.6985547038364,89.23357449125301,89.78700549943143,4418540
2021-08-30,93.49827575683594,93.72615555573387,90.24276490088803,90.24276490088803,11333690
2021-08-31,94.96327209472656,95.15859483189922,93.27040218232584,93.49829195573716,14301855
2021-09-01,93.88893127441406,95.48412960981068,93.69359863568512,95.45158244921478,8415876
2021-09-02,94.48951721191406,95.95757258300722,94.22259157396952,95.95757258300722,7787657
2021-09-03,97.65918731689453,98.19301823227902,94.5896086425736,94.68969939366518,12734022
2021-09-06,97.65918731689453,98.66013555649849,96.29122268633472,98.62676857874395,9712271
2021-09-07,98.22638702392578,98.82696208808186,97.12534801289797,98.09292929261517,9475870
2021-09-08,99.52760314941406,99.99472041386066,97.62580784682577,98.32647356132492,7873034
2021-09-09,99.1939697265625,100.72875911408134,98.76022954803803,99.52761915071127,9519564
2021-09-13,103.16441345214844,104.03189387169498,99.62772726493647,99.82791897028301,35672746
2021-09-14,103.23111724853516,103.76495829872488,102.33027002212543,103.66486755651417,8804432
2021-09-15,107.46846771240234,108.26922419078441,102.93083409200922,103.76495754494285,24591822
2021-09-16,108.30261993408203,108.76972715536974,105.13294997096544,108.20251898383725,18440504
2021-09-17,104.56571197509766,108.96988779318687,103.69822156460484,108.569504470753,17317065
2021-09-20,102.89749145507812,105.13294691054523,101.96327703969772,104.03189758294675,12541523
2021-09-21,104.36553955078125,105.43322181928872,102.39700991400757,103.89843237662402,13645046
2021-09-22,108.16913604736328,108.43605148584453,103.43131064803632,104.93273289937878,18861877
2021-09-23,111.67247772216797,113.44081577759644,108.83645732772806,109.27019755047893,31399318
2021-09-24,110.83836364746094,113.07380910091904,108.70299878505269,112.17296159537895,17259638
2021-09-27,111.47228240966797,112.87360397940508,110.3378763249742,111.43891542849428,9099672
2021-09-28,116.47702026367188,117.64479329087133,112.20630136918165,112.43986004749063,41551332
2021-09-29,123.91737365722656,131.45785143592437,115.30922400662567,116.44362982522236,100988643
2021-09-30,123.51700592041016,127.787713958964,122.84970715300042,125.1852528389345,48957916
2021-10-01,125.9192886352539,126.72004520404484,121.71530392138632,123.71720043444972,25492957
2021-10-04,126.7533950805664,129.02221693189472,125.65235621980457,128.45500892351993,23341448
2021-10-05,132.09178161621094,132.7257133735127,127.05367416640239,127.45405747741957,42359592
2021-10-06,128.68858337402344,135.99550352243548,127.92118361060388,133.45976593326895,41926821
2021-10-07,127.25387573242188,130.0898955568458,126.28629453464093,129.95643783683659,16517664
2021-10-08,125.75250244140625,127.92122432812944,122.84975771771272,127.52085101219343,28978175
2021-10-11,131.35780334472656,133.25959925688414,127.88784063351287,128.1213993405971,34952223
2021-10-12,128.9888916015625,134.12709158091394,127.62092669079497,132.92595141091869,25216411
2021-10-13,126.82015228271484,129.82299719778067,126.35304511013913,129.45598078283808,17378156
2021-10-14,122.64952850341797,127.98791920927144,121.64858024607044,126.78677926401996,29542941
2021-10-18,123.65049743652344,125.28537782712706,122.38262332257706,123.31684796161764,15468914
2021-10-19,123.11663055419922,126.08610822489867,122.51606569753525,124.9850692602908,17403803
2021-10-20,120.44742584228516,122.38258816799087,118.37879561921685,121.91548107373477,15921230
2021-10-21,121.71531677246094,122.11570019021622,119.37977059395953,121.44840128207295,15586097
2021-10-22,117.37785339355469,122.9831693534429,116.97748022781579,122.3825943315773,13603152
2021-10-25,116.17675018310547,118.27873778310925,115.44271727208971,117.61143883933994,11744666
2021-10-26,116.8106689453125,117.44460083383332,114.6085806432436,115.44270422871116,11602891
2021-10-27,115.84307098388672,117.87832409436292,115.30922992942935,117.2443922968947,9535881
2021-10-28,111.13863372802734,115.44270959258805,110.7382503155306,115.44270959258805,24509136
2021-10-29,109.7372817993164,113.10714265831399,108.96989227892792,110.10429816296053,14826816
2021-11-01,113.94126892089844,114.74202543617763,109.30354434532546,110.10430086060465,13585170
2021-11-02,112.90697479248047,115.94318690321519,112.33977682197025,114.40839735669478,14278962
2021-11-03,113.27397155761719,114.17482901253464,111.67245850684354,112.23965637883053,8974463
2021-11-04,113.90789794921875,114.37500505156576,113.27396615444988,114.2415473340625,973260
2021-11-08,114.57522583007812,116.24347317816363,112.43987126096341,114.10811860904893,8761953
2021-11-09,113.77444458007812,115.04230821807255,113.17387973727479,114.8087597490586,5723308
2021-11-10,111.23871612548828,114.00801245897875,111.07189141318786,113.37407040649924,9212143
2021-11-11,111.43891906738281,111.8726592902847,110.23777898112006,110.70488618628518,6453205
2021-11-12,111.40553283691406,112.67340666864509,110.57140933531666,112.67340666864509,7027513
2021-11-15,106.60099029541016,111.8392902920285,106.43416558446272,109.60383509246397,19400018
2021-11-16,106.13387298583984,107.86884370438021,105.83359057130126,107.43510357028795,8505431
2021-11-17,104.16534423828125,106.2673313346699,103.89841861542195,106.13387361432595,7477627
2021-11-18,102.3636245727539,105.26637821934102,102.09670914459066,104.13197237639086,12981172
2021-11-22,100.46184539794922,102.0299916094664,99.49426408749434,101.56288444395432,11522286
2021-11-23,104.23209381103516,104.59911026946807,100.09484236312734,100.09484236312734,13305061
2021-11-24,106.1672592163086,107.86886326802933,103.83171306293313,105.63341805910242,18809310
2021-11-25,105.80024719238281,108.63626763964096,104.09863288759321,107.76877699580963,22402592
2021-11-26,104.03189086914062,106.36743693903821,103.66488463246638,105.2663978646699,11829847
2021-11-29,102.93085479736328,104.53236807628447,101.36269831753259,104.03189390384996,18176163
2021-11-30,101.429443359375,105.76688666092721,100.99570310208946,105.76688666092721,56643275
2021-12-01,103.79834747314453,104.26545467364781,101.79645074341049,102.49711663525207,16283427
2021-12-02,106.30071258544922,106.46753730382495,103.53141615110846,104.69918917973857,15647910
2021-12-03,106.60099029541016,107.23492216057595,105.60004202972556,106.10051616256786,20414051
2021-12-06,105.0452880859375,107.80312029040309,104.72707833773961,107.48491054220521,24185368
2021-12-07,106.53028106689453,106.7424245167419,105.46957460772174,106.1413639972491,7866368
2021-12-08,106.7070541381836,107.3081253838713,106.1059936825588,106.95455660171687,7313306
2021-12-09,107.94454193115234,108.54561316044371,106.530266841114,107.30812245666014,9423435
2021-12-10,106.98992156982422,108.72240654042314,106.70706005438012,107.94455086053128,7419042
2021-12-13,105.36351013183594,108.05063536703655,104.62101343933699,108.05063536703655,9888293
2021-12-14,105.29278564453125,105.89385692809513,103.77244410148889,105.36350372144356,8474759
2021-12-15,104.72706604003906,106.49490975583944,104.620988943054,105.46955176862583,5410912
2021-12-16,105.89386749267578,106.14136999649756,104.33816675597161,104.72709463766382,7539061
2021-12-17,103.56031036376953,105.64636434736984,103.24210056797705,105.4342316768846,8758284
2021-12-20,99.49427032470703,102.9945997145936,98.39820475270533,102.78246704071213,8858645
2021-12-21,102.28743743896484,103.24207740220187,99.98924051049117,100.27210199110988,8097050
2021-12-22,102.7824478149414,105.64634627728825,102.14601754214884,102.85315509632096,6798820
2021-12-23,104.44422912597656,104.62101353911804,103.24209727462731,103.4188816877688,4857807
2021-12-24,103.17137908935547,104.76243880602516,102.81781026342888,104.65637247427289,4568316
2021-12-27,103.2774429321289,103.59565267653572,101.8985268463241,102.53494633513775,3534825
2021-12-28,105.25743103027344,105.54028174068897,103.41886904238366,103.41886904238366,4907497
2021-12-29,103.7724380493164,105.54028196838483,103.45422830189668,105.54028196838483,4216568
2021-12-30,103.38350677490234,105.36349405611706,101.75708826568801,103.7724345821153,24782255
2021-12-31,103.2774429321289,104.33814927352688,102.7824487974891,103.20672486001055,5320232
2022-01-03,109.81848907470703,110.2781242724984,103.94924389410184,104.12602832249317,29486720
2022-01-04,108.19207000732422,110.77311834179967,107.7324348102473,110.31348314472274,13744440
2022-01-05,108.68704223632812,109.11132909390574,107.55562859955953,108.19204809586293,8454060
2022-01-06,109.35881805419922,109.78310490124362,108.22740444551873,109.25275173746948,12446900
2022-01-07,110.9852294921875,111.33879824545352,109.57095447912347,109.60631351246248,11679683
2022-01-10,113.63697814941406,113.84912152766402,111.05593095254399,111.5862840031387,14655298
2022-01-11,112.11666107177734,113.60164345752466,111.79845133126454,113.60164345752466,7670386
2022-01-12,112.68238830566406,113.67237669491291,112.08131699000744,113.4248742025686,6334581
2022-01-13,116.50093841552734,117.70307037166542,112.43489655883974,112.68239907483812,20271714
2022-01-14,116.50093841552734,117.49092689939042,115.44023184421754,116.50093841552734,10211720
2022-01-17,115.75839233398438,117.45552859898466,114.59161991872094,117.10195989253384,8384625
2022-01-18,113.70772552490234,117.03127000758859,113.35415673333863,115.97056363289745,6574122
2022-01-19,115.89986419677734,116.57165364083153,113.70774381059856,113.84916919195446,11503199
2022-01-20,116.71306610107422,118.97590432244829,115.8645031168169,116.32413825285434,17462235
2022-01-21,112.25809478759766,115.47557304818403,111.37417278139611,115.47557304818403,14466758
2022-01-24,110.5256118774414,113.42486963788592,109.46490545019161,111.86916903593232,10854431
2022-01-25,113.9552001953125,114.2734206922709,109.11131494795538,109.6063090242461,7267866
2022-01-27,113.53093719482422,114.06129036379096,111.72773426232477,112.36415374905971,9269062
2022-01-28,114.30876922607422,116.67768409802854,113.56628350477243,113.56628350477243,10310726
2022-01-31,113.00057983398438,115.54626847655203,112.54093396389321,115.54626847655203,5811200
2022-02-01,115.29877471923828,115.58162541102995,112.15201491529149,114.55627816570737,7248713
2022-02-02,115.86450958251953,116.39486282603416,114.7330850136626,115.26343825717721,5369074
2022-02-03,114.061279296875,116.07661466937083,113.56628521187928,115.33412893690814,4654885
2022-02-04,113.42483520507812,115.12197144750996,113.14198455970306,114.06126534226274,6402287
2022-02-07,113.81380462646484,115.26343899266773,112.89452350716074,113.60166116969245,5871041
2022-02-08,113.10664367675781,114.90984650297072,111.97523012368897,114.45021143298372,14158927
2022-02-09,119.22337341308594,119.75372647846433,113.14198728072279,113.49555599097505,35079516
2022-02-10,118.83447265625,120.42553221364979,116.67770087598433,119.5062512002506,17724098
2022-02-11,117.73841094970703,119.71839839696406,116.81912990740231,118.76375831648157,10097767
2022-02-14,114.30876922607422,117.56160594725603,113.95520048638322,117.45553964137338,9478670
2022-02-15,115.72307586669922,116.57164970632358,113.0359613414374,115.08665627704555,16850616
2022-02-16,115.86450958251953,117.3848512312357,115.1220128835862,116.85449798772107,10653203
2022-02-17,115.29877471923828,117.03125948410228,115.05127227137389,116.4655473104567,6906440
2022-02-18,118.30411529541016,118.9758938157032,114.98057093970024,115.2634216461196,23740696
2022-02-21,117.5022964477539,119.17882030342841,116.51825781598056,118.92369299752019,14870901
2022-02-22,116.5546875,117.10137930088645,113.34743338378881,116.2631229885165,11654816
2022-02-23,115.53421020507812,118.30411778464737,115.3155312420248,116.88272120851188,7627472
2022-02-24,109.33836364746094,114.2950383573072,108.60944122314454,112.25405334472657,12115340
2022-02-25,119.14239501953125,120.19933054972455,110.97846424229445,110.97846424229445,17079977
2022-02-28,123.58879852294922,123.88036304193024,117.02849674361515,118.41344489248519,20872239
2022-03-02,134.70489501953125,135.32447253909646,124.64576119021194,124.64576119021194,72648396
2022-03-03,137.72988891601562,144.1444084309919,136.1991585088166,138.2036951620921,74050073
2022-03-04,131.93496704101562,139.22419173941427,131.5705058060957,137.72989845174772,36095156
2022-03-07,137.5476531982422,139.95309931725205,132.4451964523007,135.54311661947946,41642776
2022-03-08,137.87567138671875,139.73442578346328,136.0169281124477,137.7663374726346,22940456
2022-03-09,136.05335998535156,138.93261233104306,135.28800037191257,138.4952544469582,13870658
2022-03-10,130.44065856933594,134.12171883802634,129.05571048684547,134.12171883802634,30890343
2022-03-11,132.4816436767578,133.02833546634554,130.6593377114654,131.9349518871701,14663558
2022-03-14,131.46119689941406,132.77324869680734,129.6388903780608,131.93499214597537,8306420
2022-03-15,126.03067779541016,131.2060312550138,125.01019089019373,131.13313456643846,14074860
2022-03-16,128.94639587402344,129.60243284875642,126.03070564625602,126.10360235094042,11846738
2022-03-17,128.69125366210938,131.20603375117898,127.9258829073995,130.4771113414502,20052773
2022-03-21,132.88253784179688,135.8346753885626,129.3837085686846,129.63883582330163,20271556
2022-03-22,133.64793395996094,135.43379171529645,131.57050055484234,133.86660179420602,12372751
2022-03-23,133.42926025390625,134.30396499272905,130.69580099353863,133.101247367157,13731315
2022-03-24,136.60003662109375,137.40185561211604,133.61146181972444,133.90302629511154,16323203
2022-03-25,135.65249633789062,137.69347066016206,134.55911246989842,136.60008679216983,10044811
2022-03-28,139.40640258789062,141.19226016125404,135.21509898067302,135.65245684954564,19132062
2022-03-29,135.57958984375,140.09890728071332,135.21512858072916,139.953125,10622472
2022-03-30,133.31991577148438,137.00097648211042,132.66388999522297,137.00097648211042,10298319
2022-03-31,133.42926025390625,134.77776014886976,132.40876212321783,134.23106829679622,9435203
2022-04-01,135.68890380859375,136.49072291825107,133.611481588529,133.97594279792352,13505929
2022-04-04,136.85519409179688,137.76634718162242,134.55909275442622,135.2151185301109,9490374
2022-04-05,136.9645233154297,137.72989410912425,136.199163644209,137.03742000910492,7637664
2022-04-06,141.3016357421875,143.5977372440542,137.2561135090402,137.5476780696828,46157039
2022-04-07,139.04197692871094,143.6341912352552,138.42238830992045,142.13989777771235,21712301
2022-04-08,141.8118896484375,144.90981060218593,140.20826220275703,141.92122358605005,20151959
2022-04-11,143.16036987304688,144.32665028392694,140.9371652186729,141.77542161729184,12393619
2022-04-12,135.57958984375,142.68658447265625,134.34042377397418,142.68658447265625,18907630
2022-04-13,136.01693725585938,139.4428706379684,135.36090035983366,137.03742426415596,14216953
2022-04-18,138.0943603515625,139.1512957134244,134.55909302930212,136.01693797600106,13052104
2022-04-19,144.14442443847656,148.15349819024203,138.96907023720763,139.55221046195936,59341710
2022-04-20,145.12847900390625,149.83002706007025,143.6706339556399,145.74805647593442,38356653
2022-04-21,150.81405639648438,151.54297887519618,146.51341822107443,146.6592004923219,43683145
2022-04-22,147.35166931152344,152.3447925597191,146.69564355331806,150.1944735495193,24007670
2022-04-25,137.3654327392578,147.3881163728561,136.1262668054168,145.52936191085766,26465084
2022-04-26,139.51573181152344,140.17176859281486,137.3654131270915,140.09887190962505,20819291
2022-04-27,136.67295837402344,139.80732711056245,136.01693262281765,139.07840466590102,12214126
2022-04-28,138.67750549316406,140.3175811166049,136.4178412963224,137.76635236903027,12706800
2022-04-29,133.28347778320312,140.682036387767,132.5909925403099,140.3175751536018,21654415
2022-05-02,136.7823028564453,137.69345598264727,130.3677937459634,133.17413870118057,21289439
2022-05-04,136.56362915039062,139.00551275045663,135.94404060214185,137.58411615900414,18239949
2022-05-05,135.47024536132812,139.91666575034168,134.63197784819232,138.13080792514467,12651103
2022-05-06,136.60003662109375,137.7298684275445,133.42923124198953,134.4861663683576,14257553
2022-05-09,133.42926025390625,135.54313096626754,132.3358765497592,135.54313096626754,10549451
2022-05-10,123.95326232910156,134.01239415926273,123.04210928511004,132.6638832051658,19965511
2022-05-11,123.8074951171875,126.61384016034988,120.4544470586967,125.15599511274084,20641617
2022-05-12,121.7665023803711,124.06260374096536,120.01708175672722,122.34964258825238,10406343
2022-05-13,122.96920776367188,126.57737145169308,122.45896430356832,123.91680911670605,11590435
2022-05-16,125.15599060058594,125.95780979685354,122.3496456585986,123.55236333052537,7437937
2022-05-17,134.52264404296875,134.85065692992507,126.21292121272127,126.39515183019414,28092052
2022-05-18,135.25155639648438,136.6729528819621,132.51809733884514,135.83469655327542,15425248
2022-05-19,132.0807342529297,133.757257966928,131.7162730595593,132.00784868773937,9396007
2022-05-20,135.54312133789062,136.19915818726145,133.79371198451523,134.48618605678993,6365038
2022-05-23,134.34039306640625,136.12625062250146,132.9554339100164,135.54311051046744,7794071
2022-05-24,132.9190216064453,136.12627614014153,132.08075406248577,133.72082967863207,8572565
2022-05-25,131.7162628173828,135.25154056716357,131.24246775183252,134.2674909725935,7926434
2022-05-26,133.57504272460938,135.57957951856667,129.56596913669478,134.0852862294855,23140556
2022-05-27,132.5545654296875,137.51122969458206,131.5705155733621,134.48620566917066,16408080
2022-05-30,136.4542999267578,136.96454349022147,133.0648144985935,134.12174997772723,10577525
2022-05-31,140.60911560058594,142.32208755665883,134.99641578059246,135.5795558798389,21380248
2022-06-01,142.90524291992188,143.8163959465441,140.82780957023385,141.77541094241565,30867456
2022-06-02,144.47242736816406,145.20134981817748,141.6296342621013,143.23326142763602,17646759
2022-06-03,143.5977325439453,146.51342254483762,143.01459231927194,145.78450004461453,25335178
2022-06-06,142.03054809570312,143.45194469138323,140.827819343609,143.233265725323,22020642
2022-06-07,143.99864196777344,145.7480515171833,141.11940031990213,141.15583754688907,12961285
2022-06-08,144.07151794433594,147.20588670711203,143.23326157494796,144.3266452510926,13059792
2022-06-09,144.87335205078125,146.07606976975995,143.2332763671875,143.56128927941123,10562238
2022-06-10,144.69110107421875,145.27424123755162,143.05102562123642,143.8528447361283,6741014
2022-06-13,139.2606658935547,143.8893177612808,138.16728198618182,143.34262580759435,8516696
2022-06-14,140.09890747070312,141.77543150736753,137.83925431039467,137.83925431039467,6727598
2022-06-15,138.5316925048828,141.30159961264732,137.87565572746712,140.06242274057507,5805589
2022-06-16,131.13316345214844,140.53627110353642,130.5500343049876,139.6251179080032,14490962
2022-06-17,133.1376953125,134.74133377234858,130.76869709610338,131.20605506196665,15215695
2022-06-20,128.9099578857422,132.59100787866143,127.37921607617989,132.59100787866143,23276003
2022-06-21,134.70489501953125,135.32447253909646,129.74821925062997,129.74821925062997,7564329
2022-06-22,130.7322540283203,134.66843105537387,130.47712670588322,134.66843105537387,6560404
2022-06-23,129.12860107421875,132.66387922790784,127.45208842151509,131.42471334972424,9304799
2022-06-24,128.69125366210938,131.49759826608116,127.41563944508403,130.2219840490558,8171322
2022-06-27,132.70030212402344,133.2469938291849,129.34725521671123,131.2060092387545,7063839
2022-06-28,135.8711395263672,136.2720490962828,131.75273215421527,132.04429668371364,9844211
2022-06-29,137.58412170410156,138.67750545274345,133.86661250972935,135.5795848315915,16856241
2022-06-30,135.28802490234375,137.76635703493457,133.06480897966594,137.11033121232964,8693744
2022-07-01,133.57504272460938,135.68891344015648,128.72771274457506,134.85065704803677,17248729
2022-07-04,132.70030212402344,135.36086397348748,130.5499836415492,133.57500662778756,8780396
2022-07-05,132.9918975830078,134.99643430249606,132.4816540970874,133.39280715140023,5313753
2022-07-06,132.44522094726562,133.28348852690104,129.74820982153767,133.02836119343047,9367397
2022-07-07,135.57958984375,136.01694780836502,132.26299012576538,134.08529644086957,6322630
2022-07-08,138.34947204589844,139.8802023936209,136.34493547050928,136.34493547050928,14647592
2022-07-11,140.93716430664062,141.629638430037,136.8916423655181,137.72989875871252,9048841
2022-07-12,141.33807373046875,142.35857194315568,140.02602207804642,140.53626562315233,6942704
2022-07-13,141.01004028320312,142.9781285977148,140.68202741786342,141.33805314854283,7842930
2022-07-14,139.953125,142.46790549034873,138.71395893022418,141.41097005208331,6795141
2022-07-15,140.9735870361328,141.33804823438805,138.057897450091,140.68202252651787,5610793
2022-07-18,142.57723999023438,143.5248303059749,141.30162566407293,141.7754208219432,7600779
2022-07-19,144.5088653564453,145.49291504241413,141.41094516595405,142.10341921933394,9913955
2022-07-20,144.2173309326172,146.07607453670025,143.88930688721388,145.49294539481755,5519522
2022-07-21,144.7639923095703,145.38356967275058,143.0874685741022,144.21730051251373,6167419
2022-07-22,143.6706085205078,145.67514510699527,143.4519295774873,144.76399211313733,4844223
2022-07-25,146.44052124023438,147.02366144656787,141.8483185312347,143.96218926640998,10207034
2022-07-26,147.4610137939453,148.18993624362128,145.45647705733637,146.84142526273115,12853314
2022-07-27,148.29928588867188,149.21043904739125,147.09656816815232,147.53391501085258,7343180
2022-07-28,147.86192321777344,149.4291020340187,146.76853954435379,148.70017958507228,5096403
2022-07-29,153.98484802246094,154.85955262696976,148.15346916243874,148.40859643655372,12477455
2022-08-01,155.0782470703125,155.7707211547099,152.9279281250896,154.89601646270933,7849924
2022-08-02,156.90052795410156,158.35837258085277,154.2764031769606,155.26045274900642,12615631
2022-08-03,154.6044464111328,156.68186859003978,152.19900025229083,156.68186859003978,9949919
2022-08-04,150.99627685546875,155.5884903868333,150.26735442580687,154.64088900377814,8058280
2022-08-05,151.94387817382812,153.25594077115557,149.97578983907374,151.25140409043888,31999040
2022-08-08,157.00990295410156,157.55659483224605,150.923406717578,152.70926462835496,16358151
2022-08-10,160.2536163330078,160.6909631602299,157.0463506543391,157.3379263282952,14267910
2022-08-11,161.54685974121094,167.60671207373443,161.1034512364435,167.01550449282675,28800337
2022-08-12,163.80084228515625,164.24425084747722,160.91872045911435,161.84247890032626,8861089
2022-08-16,164.72457885742188,165.83308883970963,162.91401480828787,165.83308883970963,7844356
2022-08-17,163.65304565429688,165.16801177596804,162.69233460569944,165.16801177596804,6119157
2022-08-18,163.874755859375,164.53985746055338,163.0249025604972,163.65305156686594,4233196
2022-08-19,160.4752960205078,163.80082607986637,159.4037385899839,163.80082607986637,8783707
2022-08-22,161.3251495361328,163.28351259450994,158.18437135956995,159.32983389099743,10390480
2022-08-23,164.6876678466797,165.31581685307472,160.06887540400132,160.36447360979324,9344364
2022-08-24,165.27883911132812,167.01550931608284,164.05948260252384,164.61373761131617,10825973
2022-08-25,166.2025909423828,167.86535590356144,165.31578521835687,165.31578521835687,13077805
2022-08-26,169.93460083007812,171.44956693107494,167.38502978400203,168.2718356335483,12673156
2022-08-29,170.41494750976562,171.1539542010025,163.61607692930846,163.61607692930846,8757016
2022-08-30,173.518798828125,174.03610133265505,170.59972422452432,171.30177842898289,12991363
2022-09-01,170.1932373046875,174.99678063000758,169.6389823056121,173.186216554964,9682321
2022-09-02,169.4542236328125,171.7820900221399,168.64131182390807,170.71053265683597,4599518
2022-09-05,171.1539764404297,171.70823153087625,168.8630508893779,169.97156107027095,4909470
2022-09-06,171.96685791015625,173.40791872889872,170.71054876756915,171.96685791015625,5307321
2022-09-07,176.5117645263672,176.8443153044119,171.70822071182718,172.15161799043747,12751679
2022-09-08,174.73812866210938,177.73110799589597,173.70352381217316,177.73110799589597,7677716
2022-09-09,175.58799743652344,175.88359560767805,172.44721894352918,175.51409225556105,8436280
2022-09-12,171.08004760742188,176.65955033541715,168.49352420946948,176.25309440332663,19053188
2022-09-13,170.93222045898438,173.8882467141286,170.45185942671628,171.96682513774675,9884429
2022-09-14,171.41256713867188,172.7797337676785,169.63895592795333,170.08235309246044,7705022
2022-09-15,173.1123046875,173.62960707804183,171.634291413754,172.26245156563462,5386854
2022-09-16,170.74749755859375,172.92756503344683,169.63898752632807,172.81671854075913,8750965
2022-09-19,169.89764404296875,171.92991256633607,169.0108382153144,170.67360337079677,4011597
2022-09-20,169.86068725585938,172.77976134100336,169.0108228213233,170.71054041404855,6890375
2022-09-21,171.11700439453125,171.96685759273836,167.86536813439005,169.86069525426308,5673523
2022-09-22,167.79148864746094,170.93226740617845,166.6460259037178,169.93460376051706,7677219
2022-09-23,164.6876678466797,167.71758892326747,163.3205007731074,166.27652793642156,5495315
2022-09-26,159.25595092773438,164.1333998750394,157.03893072920442,163.3204879583726,7832594
2022-09-27,158.07354736328125,162.35978898679858,157.22369406804748,159.6254661278414,5795048
2022-09-28,155.78260803222656,157.7040186052234,154.37848859575328,156.44770952358184,6134706
2022-09-29,158.07354736328125,158.99730584781736,155.67177530348732,156.52163987506978,8962595
2022-09-30,156.8541717529297,159.6254468722394,153.60254679014523,157.40842677679163,12875386
2022-10-03,158.8494873046875,161.1034599863718,156.89112406768567,157.40842650044584,11397506
2022-10-04,164.98326110839844,165.53751618491043,161.17738076022223,161.32517985868907,10862095
2022-10-06,172.55804443359375,173.00145291269814,166.01783138670712,166.27648821224236,12795784
2022-10-07,169.7498321533203,172.59501238207014,168.34572397175498,172.1885564527706,14641624
2022-10-10,169.86068725585938,171.44954708250765,167.45891558336734,167.75451374021222,10850668
2022-10-11,166.6090545654297,170.6735913253048,165.5374971294593,170.6735913253048,19154740
2022-10-12,171.52345275878906,172.18855425179802,166.6829568110335,166.6829568110335,9256951
2022-10-13,173.3340301513672,174.10998947033704,170.7844591973358,171.5973598315941,7231841
2022-10-14,174.66427612304688,176.58568719600373,173.92526926198275,176.58568719600373,6241886
2022-10-17,175.8835906982422,176.29004662949492,172.11465210131243,174.66423418083102,5623812
2022-10-18,178.61790466308594,178.95045539959676,175.03372918415238,176.25308564347426,6674374
2022-10-19,176.03138732910156,179.57862161629782,175.1445815763892,178.83961494297972,13886387
2022-10-20,178.10061645507812,179.20912651600185,172.63197133172676,175.1445896259482,10755972
2022-10-21,176.40087890625,178.3592532257989,175.92052911115383,178.10059639684178,3285505
2022-10-24,177.7311248779297,178.61793073015906,177.3616214998051,178.02672306989007,730136
2022-10-25,177.32467651367188,178.06368330162329,175.84666293776905,177.7311325023149,6976548
2022-10-27,178.02670288085938,178.54401657264668,176.62259471375742,178.0636554697509,6422639
2022-10-28,180.6132354736328,183.12586505427842,177.76806640499345,178.83962387958096,14076967
2022-10-31,181.75868225097656,182.90414480705775,179.98507081187097,181.7956348385301,8365329
2022-11-01,181.5369873046875,182.53465083802527,179.76337577469494,182.53465083802527,8813106
2022-11-02,181.64784240722656,184.45607001879148,178.95046128602928,181.536984640512,14974441
2022-11-03,181.94345092773438,182.97806709425862,178.10061826605988,180.31763841045066,6754654
2022-11-04,181.83258056640625,183.7909435930534,181.4261246713438,182.31293035744164,5511411
2022-11-07,184.41912841796875,185.74934276337194,182.34990735582463,182.75636330530165,10513106
2022-11-09,189.03790283203125,194.65434659156887,188.1141445219415,188.8161985823404,40391668
2022-11-10,187.41207885742188,192.5112199028516,186.3035689539506,190.62676208802705,20832572
2022-11-11,187.15347290039062,191.32885682770774,186.52531260716464,191.25495163685213,20165337
2022-11-14,182.68246459960938,189.37047787849002,181.98041044908553,188.11416867076088,18762693
2022-11-15,182.64312744140625,187.91433664046156,181.42368042246707,184.4133064099502,20225373
2022-11-16,184.80667114257812,185.2787236480576,181.26631336586365,183.58722417887824,9764275
2022-11-17,182.8397979736328,184.68865620292772,181.73835818051674,184.68865620292772,5737884
2022-11-18,180.59756469726562,183.74454901085844,179.5354526895111,182.87912352270342,6413585
2022-11-21,180.51890563964844,181.26631209743266,178.35535368012927,180.16487226541315,6430876
2022-11-22,180.24356079101562,181.50234751909733,179.1027691872491,179.8108479762898,5885877
2022-11-23,181.4236602783203,181.8170333387635,180.16486168298482,180.9516078038712,5693274
2022-11-24,179.771484375,182.36774891354062,178.8667311592749,181.5416631051696,8198891
2022-11-25,182.0530548095703,183.82323365194648,179.22077586464457,180.67624904327772,10046363
2022-11-28,180.83360290527344,183.1151618819062,179.6928114121638,181.38432279568895,8146840
2022-11-29,178.74871826171875,181.9743821953129,178.07999125436902,181.1089566507506,6628470
2022-11-30,178.7880401611328,180.0468386451522,178.23732032617133,178.7487004576087,12154948
2022-12-01,177.88330078125,181.26629946008316,176.9391958427177,179.69280723558663,22435771
2022-12-02,178.27667236328125,179.3781121094043,177.25390002485676,177.88329931040974,6325649
2022-12-05,181.93502807617188,182.36774081417636,178.1979842562289,178.27666366488145,8732711
2022-12-06,182.24974060058594,182.91847962910435,180.55824118227721,182.52510655463317,7394839
2022-12-07,180.75489807128906,182.64308371712477,179.9288123494391,182.64308371712477,4519547
2022-12-08,181.2663116455078,181.93505068779126,180.16487181623435,180.6762520216555,3135706
2022-12-09,180.04685974121094,182.80047124345052,179.22077388958039,181.3843257841972,4197165
2022-12-12,182.8397979736328,183.86257035569398,179.45679917843626,179.65348571326365,7881379
2022-12-13,182.17108154296875,184.45264067761698,181.81704816066735,183.62655478238432,4878457
2022-12-14,182.64312744140625,183.46921336101897,182.0137400786484,182.3284337600273,4730078
2022-12-15,179.53546142578125,182.9971515420561,179.14208836744044,182.44641965654455,5221433
2022-12-16,176.74252319335938,180.87294060700373,175.6804230612986,179.37812767826904,7757065
2022-12-19,178.82742309570312,179.26013592949147,176.62453121852204,176.74253835283025,4073907
2022-12-20,177.88330078125,178.51268806721424,175.71974897256726,178.51268806721424,3784271
2022-12-21,176.11314392089844,179.14210962670202,174.69699834185528,178.19801657560473,3675466
2022-12-22,175.20835876464844,177.60793683491602,172.37607993161868,176.30981053704318,4755089
2022-12-23,169.1897735595703,175.3657240576707,168.52103448429838,173.0841648681447,6561011
2022-12-26,173.67420959472656,174.3429486125239,168.5603597085851,169.18975901860733,3116608
2022-12-27,174.06759643554688,175.3657228612841,172.80879771590318,174.65765608448095,2961726
2022-12-28,175.60174560546875,176.4278314983933,173.51687302290145,174.0675929499198,3015714
2022-12-29,174.3822784423828,176.5065026402154,173.43818546823138,173.71355142122255,4784105
2022-12-30,177.05722045898438,178.15866024840778,174.8543288753442,174.8543288753442,4102247
2023-01-02,176.82118225097656,178.74870775442247,176.34912979900133,178.3946744178373,4210225
2023-01-03,176.30979919433594,177.6079254086952,175.44437371490156,177.0178658558424,3643132
2023-01-04,170.8419189453125,176.62450785748607,170.133852223525,176.50650073878595,9550461
2023-01-05,171.62864685058594,172.21870639099106,169.30774839261755,170.56654688073198,8815728
2023-01-06,168.5603485107422,173.00545908378757,166.79016982159789,172.29739241004685,12237065
2023-01-09,169.111083984375,171.27463591533413,168.36367753645692,169.42578964993615,6967190
2023-01-10,170.5272216796875,170.9599344470767,168.52101667073256,169.15041596831747,5400260
2023-01-11,167.89163208007812,171.90404244946615,166.94753905339687,170.9599494227849,7637956
2023-01-12,168.28500366210938,170.7239216301723,167.41959006409553,169.54380235623103,7161675
2023-01-13,169.22909545898438,169.7011359287921,168.0096365702598,168.5210167470831,3671193
2023-01-16,168.1669921875,169.858491634486,167.14421977557632,169.54379797149122,3987352
2023-01-17,167.6555938720703,169.26841372667755,166.08210171749357,168.1669740203908,5871758
2023-01-18,170.6059112548828,170.99928433870335,167.73428054011663,168.2456727519596,6441530
2023-01-19,176.19180297851562,176.86054202724074,169.2684342576668,170.527232935928,12938871
2023-01-20,178.5913848876953,180.3615638127936,175.24771358473186,176.8998853834079,13444947
2023-01-23,181.03030395507812,181.26631820933034,178.7487327906885,179.7715052433601,8736715
2023-01-24,179.06341552734375,182.52509353382683,178.74870988734085,181.1089481657955,4252051
2023-01-25,177.92262268066406,179.37810774277466,176.0344368747624,179.22076092641495,3855827
2023-01-27,174.9723358154297,179.10275302874388,172.53342999711066,178.59137284234612,6171667
2023-01-30,177.68663024902344,178.43403672198426,173.67421991343195,174.9723463135853,6172517
2023-01-31,176.89987182617188,179.6534832764049,176.1524534001312,177.0178789435503,7424552
2023-02-01,173.5955352783203,179.37812435211518,168.48168524196615,179.37812435211518,24008324
2023-02-02,171.2352752685547,174.42159921458736,170.72389513113865,173.87087937318728,6806578
2023-02-03,172.2187042236328,173.63484950374144,168.83570583838522,171.51063758597445,8776614
2023-02-06,172.7694549560547,173.35951455357565,169.6617981386097,172.45474930116757,5742881
2023-02-07,172.84812927246094,173.98890880562354,170.72391703746962,172.76946185919087,4907167
2023-02-08,173.69444274902344,175.02434887611923,172.60632879144606,173.08993772785513,6316867
2023-02-09,172.92874145507812,174.74225654591717,171.84062748110017,174.09744872054824,4383159
2023-02-10,170.47039794921875,172.80781219784285,170.02709185415284,172.48541447344118,4954439
2023-02-13,171.71971130371094,172.24361068251713,168.57627813481918,170.470398594229,6142208
2023-02-14,170.67190551757812,172.72722490326478,170.1480061225945,171.71971660623066,6758731
2023-02-15,171.59881591796875,172.3242293035386,169.50320594547824,170.06740815735316,9612884
2023-02-16,173.6541290283203,174.50043846444382,171.76002079371423,172.08241853191112,13093683
2023-02-17,175.30642700195312,175.9109319226495,172.64660289115218,173.17051453496617,7243093
2023-02-20,175.9512481689453,176.4751475541483,174.05712768640836,175.58854764852134,8479587
2023-02-21,172.52572631835938,176.6766556566376,171.96152412170295,176.3542579153155,4655766
2023-02-22,170.7525177001953,173.97654437530923,170.5510160330007,172.92873324616008,6003852
2023-02-23,173.2108154296875,174.05712482924122,171.23610169651872,171.63910500119334,6219715
2023-02-24,174.94374084472656,175.1452425014704,173.04962035186057,174.09743142666548,5154174
2023-02-27,174.8631591796875,175.70946871350367,173.37205409504645,174.90346197628577,4841279
2023-02-28,173.6138153076172,174.86312798718694,170.87339780939323,174.58103305869352,6054079
2023-03-01,176.31394958496094,176.51545124162948,172.88842142159598,173.61382246612865,4510175
2023-03-02,179.6186065673828,180.9082099695782,175.18556950629466,176.31397402055146,11354939
2023-03-03,179.6991729736328,182.5201961358521,179.25586687411848,180.4648768007839,7089438
2023-03-06,181.2708740234375,181.7544828885126,178.73195822850406,179.6991636599699,4771341
2023-03-08,181.23060607910156,181.4723982430343,179.45738155235577,181.23060607910156,4271464
2023-03-09,181.19032287597656,182.92323249784917,180.2634077188342,181.23062567388487,4263468
2023-03-10,180.82760620117188,181.59331009854458,178.4901794160457,179.6991894535877,3670173
2023-03-13,177.96624755859375,181.95597749577428,176.79754052832445,180.70666489154826,3877606
2023-03-14,178.1678009033203,179.5783127661399,176.3945884497989,177.9662992086318,5723922
2023-03-15,177.2408447265625,179.9006689408784,176.99905258782115,178.89316070050756,2992144
2023-03-16,178.00653076171875,179.29613371236024,174.37950170901283,176.15271345282144,4988245
2023-03-17,178.6513671875,182.11719820604594,177.4020667319939,178.93347443152834,15720256
2023-03-20,174.94374084472656,178.6110734572012,173.85562697883586,177.3214579345667,4244575
2023-03-21,174.94374084472656,176.47514851650558,174.0571286355797,175.83034075518833,3998751
2023-03-22,172.4451141357422,174.82283120840373,171.76001588697397,174.82283120840373,9675449
2023-03-23,171.9615020751953,173.08990632383993,171.19578601502516,171.80029092651702,4730918
2023-03-24,168.01210021972656,172.40483443354682,167.649399651372,171.88093497911095,6611089
2023-03-27,167.9718017578125,169.42261636735373,167.32700619684925,168.0524073522764,4002212
2023-03-28,168.37477111816406,170.2688915172379,168.01207061372224,168.777774411696,6157526
2023-03-29,171.6391143798828,173.21082489425822,167.97178164721652,169.22109441970974,16734166
2023-03-31,172.2033233642578,172.7272350888213,170.18830665136602,171.03461613051778,5139018
2023-04-03,177.44235229492188,178.00656676730196,172.3242176422845,172.56602208777812,7754066
2023-04-05,179.33648681640625,180.74699851046788,177.5632745750374,177.5632745750374,6491910
2023-04-06,178.69168090820312,179.86038815024088,177.56327646044653,179.2961859263626,4589598
2023-04-10,178.9737548828125,180.90816566167442,178.24834161672644,178.4901460387551,3498235
2023-04-11,180.2633819580078,180.78729365857103,178.93347590789628,179.5379808940716,3995959
2023-04-12,183.52769470214844,183.7694991344306,180.26336561304996,180.54547283382655,5136012
2023-04-13,181.75448608398438,185.099408513728,180.90817670456593,183.68889698092545,3478451
2023-04-17,185.0591278076172,185.3412227498819,181.6738901109591,181.754495693712,6265943
2023-04-18,187.1547393798828,187.31593824817298,184.77702225121817,185.05912949473995,8004952
2023-04-19,185.70394897460938,189.08918713975314,184.5755444520194,188.28318039542117,7424582
2023-04-20,185.01881408691406,186.5905244682706,184.6561135833217,185.30090901251504,2589165
2023-04-21,185.42184448242188,185.7442422441431,183.32622213517524,185.38154168753516,2459508
2023-04-24,186.630859375,186.99355994101035,185.01884592723266,185.01884592723266,2587030
2023-04-25,185.58302307128906,187.23533909148702,185.30091583661442,186.3084241051882,2570946
2023-04-26,185.17999267578125,185.90539360356894,183.76948130610717,185.3814943000204,3439487
2023-04-27,186.7920379638672,187.39654294109653,184.696415789998,185.1800246912556,3349374
2023-04-28,187.88014221191406,189.21004817417565,186.67113231942733,187.39653333544553,4771074
2023-05-02,190.2981719970703,191.38627357827744,187.8801520850297,187.96074536955322,3773537
2023-05-03,190.9429931640625,192.59530945272033,189.0891874876379,190.25789480933204,4523385
2023-05-04,191.3863067626953,191.82961294983787,188.7264819385273,190.90271007564763,7248108
2023-05-05,191.34596252441406,191.8295714054142,190.2175582003267,191.70867533450655,3043479
2023-05-08,187.6786346435547,188.12192841787012,185.3815110008101,187.39652742473194,9711437
2023-05-09,190.4997100830078,192.47442426236762,188.2025858078481,189.25039709649442,7318928
2023-05-10,190.66087341308594,191.22507560212227,189.04886013087628,190.98327115005375,3650159
2023-05-11,190.33843994140625,191.95045302513168,189.97573945730477,190.6608499373616,2675726
2023-05-12,189.45184326171875,191.22505522344275,188.80703555781437,190.33844309323874,2348435
2023-05-15,191.58778381347656,193.1192038721963,188.48466550000032,189.08917050506938,4217892
2023-05-16,194.20729064941406,194.81179560825143,191.38626750817303,192.4340785632281,6016484
2023-05-17,194.731201171875,196.42380766737458,194.04609063644688,194.2072894981109,4968232
2023-05-18,193.1191864013672,195.77899834409826,192.59527473182567,195.05359732311427,3512113
2023-05-19,193.36097717285156,194.7311982229579,190.45936081078526,193.44158275180533,3810543
2023-05-22,192.39376831054688,194.40878476184855,191.38626008489604,192.95797045717447,2891415
2023-05-23,192.87741088867188,193.6028120184494,190.86239408519367,192.5953036167103,3213453
2023-05-24,194.2476043701172,194.6506076986859,191.82958439870492,192.07138885558328,2422138
2023-05-25,193.48190307617188,195.21481249256652,191.74898136109152,194.44910861784996,3810138
2023-05-26,194.650634765625,195.4163387366426,192.7162234389819,193.28042571769552,2646742
2023-05-29,198.3582305908203,199.60753099076152,194.08639312068865,194.6908980749898,8069985
2023-05-30,196.90740966796875,199.20452103842436,196.1014030891385,198.4791200369509,4657906
2023-05-31,194.44911193847656,199.80905145171045,192.87740136907374,199.80905145171045,15727646
2023-06-01,185.6636505126953,186.91295107387424,184.6964326220342,185.7039410092342,35509867
2023-06-02,186.10691833496094,188.12193482753818,183.85010970222214,184.17250742156062,36400588
2023-06-05,185.1397247314453,186.348734704396,184.93822306928686,185.78453251008943,19807347
2023-06-06,183.6083221435547,185.90543377706877,182.76201267912916,185.22033548581823,13495524
2023-06-07,185.94573974609375,186.59054755374888,183.8501297445721,184.374029170281,21853324
2023-06-08,183.85011291503906,186.50992489277405,183.48740010108898,186.50992489277405,8538256
2023-06-09,183.4874267578125,184.93824132833007,183.24563457829845,184.53523796422445,5137982
2023-06-12,184.57553100585938,184.77703267726315,182.68141037518947,183.97102599164805,4261576
2023-06-13,184.53521728515625,185.6233311657817,183.7695134388979,185.3815267146777,5574798
2023-06-14,184.53521728515625,185.30092113141458,183.4068129115845,185.30092113141458,7034468
2023-06-15,184.2531280517578,185.0994252088237,183.68891354879966,184.73672467026893,6363240
2023-06-16,184.2128448486328,185.13974769002974,183.76953867717418,184.17254205146622,8518319
2023-06-19,183.0844268798828,184.41434538596678,182.64113300987503,184.1725409031618,8210198
2023-06-20,183.1649932861328,183.56799657169086,181.75448178667963,183.56799657169086,5024593
2023-06-21,184.1322021484375,184.41430937306717,182.52018897611816,183.6083027869075,4705567
2023-06-22,182.9232177734375,185.05914290377464,182.64112280816096,184.0919250265802,6566989
2023-06-23,182.076904296875,183.40682269957915,181.1903043270915,183.04412215290927,3881707
2023-06-26,180.7873077392578,182.52021724845454,179.94099823296014,182.15751668823737,6145625
2023-06-27,181.47239685058594,182.80231523544074,180.46488851297735,182.43961469363882,6282912
2023-06-28,183.1649932861328,183.48739099510556,180.6663679961992,181.4723745673153,19512531
2023-06-30,186.18753051757812,186.4696377560182,182.76200235870493,183.68890505869072,7850296
2023-07-03,186.71144104003906,188.40405997425535,185.26063886635174,186.59054495846038,7860203
2023-07-04,186.8323211669922,187.63832771879225,185.6233113392921,187.19502165556543,3662791
2023-07-05,186.50994873046875,187.67866830490803,185.46214984104745,186.83235879533308,4859892
2023-07-06,189.0891571044922,190.21756144784442,186.18752836632228,186.50992609337007,7254947
2023-07-07,188.6055450439453,190.09666217851023,186.751727397879,186.9935318384415,6393850
2023-07-10,188.40406799316406,189.89518532242406,187.67866687544566,189.41157637815422,6223180
2023-07-11,188.6055450439453,190.05635938863568,188.20254174256937,188.44434618313187,10775084
2023-07-12,188.92796325683594,191.2653900375463,188.32345823920696,189.41157219041355,11313272
2023-07-13,185.30093383789062,189.6533773601635,184.57553273352153,189.41157289247843,20205328
2023-07-14,186.2278594970703,187.07416903271852,185.18004827668142,185.3815499614221,7390502
2023-07-17,185.54270935058594,187.5174229809242,185.13970606689713,186.18751706422486,4963515
2023-07-18,183.97100830078125,187.35623359510026,183.4068061348422,185.13971542280171,6168942
2023-07-19,184.2531280517578,185.30092687454143,183.93071800739807,184.73672467026893,5247533
2023-07-20,185.17999267578125,185.9456963881534,183.56797968186802,184.2933806096557,3195629
2023-07-21,184.57553100585938,185.78454103428203,184.21283045706977,185.05913993670285,3903407
2023-07-24,186.147216796875,186.9935261638188,184.21280592844718,184.57550642894185,3456895
2023-07-25,185.3412322998047,187.2756556973806,184.45463233726582,187.23535290392752,11024983
2023-07-26,185.7845458984375,186.34874813340267,184.49493024821462,185.82484869351066,7574284
2023-07-27,184.6158447265625,186.91295653731095,183.89043128736293,186.1875553967981,7837850
2023-07-28,183.0441131591797,185.34122470767946,182.84261149885418,185.05912976243494,8817344
2023-07-31,184.77703857421875,185.34124081241802,182.8426273864823,184.1725335407153,19422170
2023-08-01,193.7237091064453,194.4894129873681,184.53522563931423,185.38153510714926,22409256
2023-08-02,189.04885864257812,195.9805083222987,187.23534371436924,194.3684950527797,25003960
2023-08-03,185.42184448242188,189.49218079225503,184.9382355411538,189.04887464587367,13949266
2023-08-04,188.40406799316406,190.62058644014246,185.7845461921896,187.63836408030878,6725977
2023-08-07,187.75921630859375,190.21753865347063,187.23531699025037,189.21003050382302,6744074
2023-08-08,185.58302307128906,189.73395221833903,184.81731924690996,187.79954126215137,13828141
2023-08-09,189.21006774902344,189.9757716337445,185.86514495323283,188.0010577314578,35271302
2023-08-10,189.33096313476562,190.86238319725962,188.96826259056746,189.2100670529282,10749822
2023-08-11,189.33096313476562,189.8951776465026,188.40406037751634,188.60556204636933,6132454
2023-08-14,188.5249481201172,190.37876585129956,185.94572933262597,190.21756698308485,6092872
2023-08-16,187.83985900878906,189.2503706970999,187.0741551234432,188.6055628941349,4576249
2023-08-17,187.23533630371094,188.52493948907332,186.268130840018,188.36374062823862,5602132
2023-08-18,186.53823852539062,187.76843136576142,186.16918317611314,187.39937601648393,6904019
2023-08-21,188.7115936279297,189.2856811382883,186.16918999240974,186.53824535519962,4955953
2023-08-22,189.2446746826172,190.31084436676156,188.38353714872483,188.95762466659662,4280368
2023-08-23,189.36769104003906,189.8597732116983,188.8756213825493,189.65474105920185,2524601
2023-08-24,188.0144805908203,190.80291281092704,187.3993841439583,190.14681994560962,6378317
2023-08-25,186.74327087402344,188.7115869293163,186.57924766462455,187.80944050636933,3890957
2023-08-28,188.17849731445312,188.67057946063218,186.5792491106244,187.39937767814362,3360861
2023-08-29,188.5885467529297,188.95760207642834,187.60439505221066,188.17848250144945,3112560
2023-08-30,187.60440063476562,189.24465768949582,187.39936850292437,188.7115791523758,4086281
2023-08-31,188.6705780029297,188.9986244217353,187.31735836847687,187.80944051085402,10403460
2023-09-01,194.28843688964844,194.575486870678,189.1626337581764,189.20364268606176,14869577
2023-09-04,203.2278594970703,204.1710023345964,195.3136113913359,195.80569353258264,24785966
2023-09-05,209.41983032226562,209.87089101359038,202.9818161968203,204.49905902052453,19654487
2023-09-06,209.78887939453125,211.42912393190096,207.12346168578216,209.91189366772932,13346191
2023-09-07,224.71519470214844,225.33029103801198,208.96873100687506,209.95288264142334,72255521
2023-09-08,231.35824584960938,233.2855527552524,222.17279699583614,225.20728233904728,41855413
2023-09-11,228.77484130859375,233.08051567428873,227.38061293122556,232.9164799728334,14505153
2023-09-12,222.04983520507812,229.67702174926262,220.61461004678122,229.63602532750463,17547706
2023-09-13,229.3489532470703,230.86619613139902,220.6145888431486,222.66491030079868,17607568
2023-09-14,227.6266632080078,231.4402808904498,226.9295739810411,230.70214519169556,12033796
2023-09-15,229.0618896484375,233.039518045977,227.6266647132259,228.40579683224684,13288180
2023-09-18,230.66114807128906,231.89134086100262,225.0842841025889,229.06188743332692,8754852
2023-09-20,233.1625213623047,236.1970068083292,228.89786820082224,229.22591459350005,18615797
2023-09-21,230.00509643554688,235.21289348826636,228.487853384292,233.65465401468333,11071899
2023-09-22,232.3834228515625,234.63877629809934,228.9798944742742,229.63598728375035,8691024
2023-09-25,236.23800659179688,237.01713868531476,230.57912489528871,233.16252468844073,9118957
2023-09-26,235.17184448242188,238.98543695484815,234.6797623828073,236.56607292660732,11256196
2023-09-27,239.10848999023438,240.62573294823596,233.32659321024417,236.19704339033507,12805340
2023-09-28,238.0012969970703,241.24078950451323,237.01713280109502,239.10845043212356,12432497
2023-09-29,242.10195922851562,243.98824489197582,238.98545570533005,240.13363067562486,8640829
2023-10-03,239.3955078125,243.66018608918029,237.91928650121463,243.6191646465504,9348540
2023-10-04,236.156005859375,239.06745195243602,234.4747274581459,238.49335200502415,6338888
2023-10-05,237.30416870117188,238.28830781043607,232.83445869972087,236.8530830429671,8687014
2023-10-06,236.03297424316406,238.6573954762301,235.37688144906545,238.61639906222487,3741467
2023-10-09,236.03297424316406,236.97614204864252,232.137363835906,234.5977493562795,4647845
2023-10-10,248.7039337158203,249.2370121624714,236.03294010709445,236.40200789310867,23283411
2023-10-11,247.55581665039062,250.1392166693408,245.58751306587325,249.77014879734594,12321154
2023-10-12,251.9434814453125,253.50172056635301,247.59678544328506,248.12986395464955,15375295
2023-10-13,252.55857849121094,254.93694610639676,249.6881287763885,250.13918943452651,9516879
2023-10-16,255.88014221191406,257.23334949678974,251.41043099847872,252.47661327469933,10535107
2023-10-17,260.3088073730469,261.08793953863477,255.96213589223598,256.7002466116498,7760527
2023-10-18,259.93975830078125,262.23610826802474,258.54552973102363,260.26780472062495,9662837
2023-10-19,258.17645263671875,258.9145883404022,253.29670287368288,258.58651690394885,8977527
2023-10-20,256.2081604003906,259.73472827029354,253.91181041448831,256.29017826310235,6009115
2023-10-23,251.04136657714844,256.57723456345195,250.13922012186094,256.3311809692799,8086150
2023-10-25,254.48590087890625,256.4542295903839,250.13922920246148,251.04137569049885,7253336
2023-10-26,250.3442840576172,253.5427809612845,248.41697661940046,253.5427809612845,8329092
2023-10-27,257.4794006347656,260.103797307505,250.959367831723,250.959367831723,10503070
2023-10-30,257.9714660644531,258.99662691358594,255.83915152092962,258.34053398147734,6229982
2023-10-31,257.72540283203125,259.81672067183916,254.85495284026638,259.77572425472044,7446586
2023-11-01,251.49240112304688,258.9965719402323,250.8363083301973,256.8642578493034,9593653
2023-11-02,253.29669189453125,256.536184448231,252.02547770421688,253.37870975008954,7071960
2023-11-03,255.88014221191406,258.0944996077764,254.48591347698732,254.73196709227227,4658440
2023-11-06,259.6116638183594,262.0720492913939,256.7002176866026,256.864253396139,10340818
2023-11-07,257.72540283203125,261.4569778099905,257.2333206849183,259.5706921124515,6826885
2023-11-08,260.3088073730469,260.9239038106147,257.97143590462144,259.1606323619212,6424833
2023-11-09,265.3525695800781,266.1317016764437,258.91458079485756,261.1699341988952,15503280
2023-11-10,265.2295227050781,267.48487583187017,263.7122801413878,266.0906725523075,8445203
2023-11-13,286.51190185546875,287.04498038480193,270.88843862038004,273.1027956232544,42178783
2023-11-15,287.5370788574219,294.4261537729031,285.8968217333388,294.4261537729031,35092206
2023-11-16,283.6004638671875,290.7355927991221,282.82135670320594,289.50539988177746,17617280
2023-11-17,283.1494140625,285.855828573702,280.73002455374365,285.4047678312817,13542916
2023-11-20,285.19964599609375,289.0132379821796,282.083168143199,285.40467809242455,19032608
2023-11-21,286.65789794921875,290.346184654535,282.06896483242633,287.3440823021248,15148068
2023-11-22,284.8995056152344,289.8315308670492,283.05536227806766,288.03026423548323,7599447
2023-11-23,286.8722839355469,288.2446524026614,283.05531542372665,285.1996738739064,6186567
2023-11-24,285.4570617675781,289.44559047873764,284.8566569487934,287.6443236698684,7054445
2023-11-28,293.3053894042969,293.77713784127786,285.8858874637992,287.1725026660238,10791886
2023-11-29,293.6484680175781,295.92148286812636,290.0030584460142,294.2059960109198,14149513
2023-11-30,293.4769592285156,295.9215336548286,289.9602053324388,295.9215336548286,11959336
2023-12-01,297.3367614746094,301.15373029462404,293.73425469317965,294.89218740877146,15105221
2023-12-04,304.2416076660156,308.7876374129836,300.76773103936813,301.1537260566353,22705896
2023-12-05,304.970703125,305.7426932468113,300.2102369805252,305.09938559613875,15782945
2023-12-06,302.0543518066406,310.932001782438,299.7384601887714,305.18511017554425,14817158
2023-12-07,301.8828125,303.4696169141752,298.8378075991791,303.4696169141752,8507659
2023-12-08,301.06793212890625,307.415228026858,297.55117896850356,301.9256755252849,13444251
2023-12-11,303.3409729003906,307.58681354697404,301.06795794036503,301.06795794036503,11420609
2023-12-12,298.0658264160156,304.1558096873916,296.0501242251464,303.76981469347487,8789103
2023-12-13,296.0930480957031,300.03864700718054,294.80643292641633,299.69555486395456,8091533
2023-12-14,298.1516418457031,301.23952363963525,296.6076878606101,299.52403666259005,13142466
2023-12-15,300.2101745605469,303.9413633939065,298.8806828294216,300.2101745605469,14331890
2023-12-18,298.1944885253906,301.282370008414,293.60555608858874,301.06793415787416,7959685
2023-12-19,314.7489318847656,317.1506027876407,297.20806995515215,297.20806995515215,28937243
2023-12-20,302.0543518066406,318.9090054266312,300.2102086175264,316.5073342281921,23224408
2023-12-21,304.9278259277344,306.04288204993566,296.8650419542071,301.1537596184509,10028664
2023-12-22,311.5753479003906,315.1349784360592,305.6997992842236,307.9299377735451,13916380
2023-12-26,313.97698974609375,318.90901474608125,310.93201086877684,312.0470669200117,11910267
2023-12-27,313.591064453125,316.6789466390995,310.8462744708683,314.79190025426584,7890042
2023-12-28,326.75738525390625,328.08687716144476,313.76255074690124,314.62029421660435,28310022
2023-12-29,322.51153564453125,327.40068375645205,321.0104846142708,327.2291245967784,8859317
2024-01-01,327.4864501953125,331.77516759533626,323.75528699829476,324.0554762752935,11124690
2024-01-02,336.7929382324219,339.537727562203,329.58789896206036,332.2897854164146,28363847
2024-01-03,329.8451843261719,338.63705338524323,329.24477970593585,338.63705338524323,12903439
2024-01-04,330.0168151855469,334.34840943677864,329.2877279674299,332.6329224182703,11039940
2024-01-05,329.587890625,333.23329995527,328.08683972430055,331.77512575266184,8369460
2024-01-08,326.28564453125,333.3620288913279,325.2992446738843,331.47500876772745,9424716
2024-01-09,330.5314636230469,332.7616019627697,327.74379724245694,329.0732891996212,9473743
2024-01-10,327.70086669921875,330.96030743636624,322.38287314321826,330.96030743636624,9670366
2024-01-11,329.6737060546875,333.57642835048887,328.773059710558,330.6601058043265,9163771
2024-01-12,326.885986328125,330.9173642490787,325.5564684688885,330.9173642490787,7471050
2024-01-15,329.9309997558594,332.71866585808505,327.1433336536337,328.0868566465604,7490747
2024-01-16,327.5722351074219,331.9038554576637,323.4121739264733,330.5743373362759,10165133
2024-01-17,325.6423034667969,330.5314517210508,323.54084766900615,327.48644669383884,10996538
2024-01-18,322.21136474609375,328.12979010546854,315.64963171339,326.6287388677011,12493835
2024-01-19,328.7301940917969,330.1454656217162,325.17056382677123,326.50005577203547,15893456
2024-01-23,321.9111022949219,347.21453375396794,320.49583085534437,346.0994777533923,16406737
2024-01-24,328.172607421875,332.63285708823844,321.0104452910205,325.77091036191064,22938994
2024-01-25,334.00531005859375,335.9781357930463,330.5314593916016,331.77517174742104,13440949
2024-01-29,354.0765075683594,355.70624116506497,335.8065814249373,337.007417093888,27149058
2024-01-30,345.28460693359375,356.64970736982343,344.4697663816531,356.6068306688668,14159072
2024-01-31,348.3725280761719,350.94575865584505,343.44050279846493,347.42900496170734,23750822
2024-02-01,348.84429931640625,353.30454990521616,345.24176606952665,350.6455397635912,8862155
2024-02-02,360.0807189941406,362.7397291396831,351.3746275069854,352.36102731910063,25177075
2024-02-05,377.62158203125,385.98458129258944,357.76482491778216,363.03994229353,31418925
2024-02-06,384.8266296386719,386.8423321701532,375.04835862838024,381.52431181172443,13386526
2024-02-07,388.257568359375,395.03373639574164,384.0975073814227,389.4155272549652,14430152
2024-02-08,393.87579345703125,401.93857646235875,385.9845434319222,390.1017014246952,18790158
2024-02-09,391.30255126953125,397.82138019716814,373.67590861634494,396.4490116921402,17472069
2024-02-12,371.2313537597656,392.37475069031507,368.8725592781731,391.98875566828065,19472346
2024-02-13,388.0002746582031,392.7178638741338,372.26067631162,380.666552080413,35665854
2024-02-14,400.0086975097656,401.4239690886091,379.9803809962689,387.3998572409676,18592696
2024-02-15,409.0149841308594,412.78905021183107,401.03795405218244,402.2816925700754,18501875
2024-02-16,411.71685791015625,418.2357133956509,409.5724992752075,413.77543696445645,14513583
2024-02-19,395.4197082519531,418.1070317013347,390.65924284219693,414.11850394174024,19798448
2024-02-20,387.3942565917969,397.32856558823556,382.622322859983,397.32856558823556,27899165
2024-02-21,375.6379089355469,391.2551445752276,373.94603115013234,391.2551445752276,19032050
2024-02-22,386.222900390625,388.6956346117261,371.2997803055981,380.0193927677144,22083710
2024-02-23,385.138427734375,390.0838969158742,383.1862730276452,388.69569271775225,9625544
2024-02-26,383.75018310546875,388.04493359890915,382.2318407157581,385.1383871573336,7570244
2024-02-27,382.9693298339844,386.35305903549295,377.4599106778178,383.7501863454417,8343526
2024-02-28,376.72247314453125,384.2274178745073,373.3821143693998,382.0149600727903,8893614
2024-02-29,378.8914489746094,385.2250942117513,372.7746832811972,385.2250942117513,11711699
2024-03-01,387.2640686035156,389.38973201583264,380.019401207316,380.019401207316,8411615
2024-03-04,395.1160583496094,397.3718865820962,388.73901513619467,392.03600300761065,11977226
2024-03-05,399.6711120605469,400.6255040468502,393.51097448836134,395.63666452704643,9605493
2024-03-06,400.4953308105469,403.40187713833,385.70232250612963,401.2328166665201,14061966
2024-03-07,397.89251708984375,403.79235185459476,395.6800591947175,400.4953900409621,9680802
2024-03-11,393.81463623046875,401.5798837496703,392.5131998738064,399.97477361422864,7824738
2024-03-12,389.8235168457031,395.46307377501387,387.5677152562089,393.81459319892673,8409613
2024-03-13,361.8426513671875,390.3441107937373,355.72591152836395,389.82353099350394,17803423
2024-03-14,371.0829162597656,372.08067888919896,357.6347398794428,363.5345744100161,20478918
2024-03-15,360.28094482421875,371.3865238628443,348.0908355483138,371.08287657863724,25435001
2024-03-18,366.0072937011719,367.4388684124154,358.805996568162,360.9316865633171,9803914
2024-03-19,363.5779113769531,368.39324158631564,359.19641974652313,361.799292353382,8373676
2024-03-20,363.9683837890625,366.8315333088014,358.06854930326466,364.22866048075093,6950340
2024-03-21,374.8570251464844,376.15846144692733,367.1351750594137,367.87266092522265,9911230
2024-03-22,374.770263671875,378.45766632401813,371.6034143295688,373.8592424240846,9172888
2024-03-26,378.2408142089844,382.5789355946693,373.8592957227676,376.37540083090653,9389403
2024-03-27,372.6011962890625,381.5810849263081,369.65125304053146,381.5810849263081,17985246
2024-03-28,376.63568115234375,380.40985182449015,373.0784165363231,373.0784165363231,10332853
2024-04-01,383.53326416015625,385.051606498839,377.2429887570418,378.8914959069859,7256592
2024-04-02,384.53106689453125,388.95592925730693,378.3275325070433,383.5332778541112,11530800
2024-04-03,386.5265808105469,387.8280171095723,382.5355041979778,384.53105574315697,6972648
2024-04-04,389.4331359863281,393.46758330904373,383.9670875200578,390.43089854260126,14743020
2024-04-05,387.7846374511719,389.43311809595224,385.22513553163674,389.34635038248194,4820138
2024-04-08,388.1750793457031,390.82134916209543,385.7023449682774,389.56328342406414,3980972
2024-04-09,381.62451171875,390.6911687708562,379.36868349105544,389.3029912256191,8005012
2024-04-10,395.9403076171875,397.89246206053946,383.57666280929175,383.9670778112886,15825331
2024-04-12,395.2896423339844,402.1004984872068,392.6433722924202,394.76906245057893,11259294
2024-04-15,391.29852294921875,395.46310861122083,382.7090484727207,389.5199038905655,7680715
2024-04-16,393.207275390625,395.9836567840901,387.2640446672726,389.5632433693291,4996845
2024-04-18,380.5400390625,396.3307860909136,377.5467245122035,394.72570225155954,10945138
2024-04-19,377.67681884765625,380.5399947094004,371.38654314485103,378.28416640318113,7628287
2024-04-22,384.3141784667969,385.6589854853594,380.01942776735075,382.53553283828865,6396926
2024-04-23,382.5788879394531,386.74347335984027,381.10391626093065,386.74347335984027,5390120
2024-04-24,385.0950622558594,389.30304553104503,382.7524659853621,383.09951042008197,6538090
2024-04-25,392.55657958984375,393.9013865077302,383.27299006561634,384.3575203148116,10858594
2024-04-26,395.463134765625,399.4976088348896,392.339708551447,393.90142165853604,7209435
2024-04-29,393.25067138671875,397.9792339007416,390.9080754393004,397.9792339007416,5305655
2024-04-30,394.16168212890625,397.7189468128687,392.20952758648923,395.98369833072024,6021793
2024-05-02,393.81463623046875,398.7167078783388,389.9103271604817,396.981459402789,14980896
2024-05-03,411.7744445800781,412.8155777181444,389.9103044694305,397.2851100613362,51071947
2024-05-06,399.6277160644531,417.717686122346,385.26851951511065,415.5919962186296,36408390
2024-05-07,395.63665771484375,407.3495850814016,392.9036466248717,401.71002746046634,13728379
2024-05-08,402.9681091308594,408.99808201552935,394.8558167832037,396.2440209325969,16978094
2024-05-09,384.79132080078125,405.78783638260444,382.92593412402397,403.74891428009784,15601338
2024-05-10,389.9102783203125,391.428620546231,381.9715228346389,388.0015211229729,9190621
2024-05-13,385.2251281738281,391.9925860506315,377.1562340531943,391.5154033523422,11107909
2024-05-14,389.30303955078125,390.9948910732238,386.17958673069677,387.5677909260446,6592194
2024-05-15,405.91802978515625,407.78341671499624,389.9971187518953,390.4309308973368,23543942
2024-05-16,406.30841064453125,412.1215034954781,397.24175345430467,406.61208441634903,17232651
2024-05-17,408.00030517578125,410.99361944123353,405.006990910329,406.95914548054805,10625019
2024-05-21,425.6998291015625,428.5196078884587,407.5231171157826,407.5231171157826,27356982
2024-05-22,435.28704833984375,440.18911951086045,426.5240390951888,429.04014384442155,28346931
2024-05-23,431.46954345703125,437.10910127185724,426.95791309184546,436.762056855734,14378840
2024-05-24,434.6797790527344,438.4973207189164,424.39842568976087,430.2982868809446,12190536
2024-05-27,428.9967956542969,436.4149719623423,425.7865755278717,436.3716013435214,8811105
2024-05-28,423.096923828125,430.51512641429053,420.01686859664414,430.34159098809926,8165238
2024-05-29,422.05584716796875,426.7843836697072,418.2816762045939,418.2816762045939,8014727
2024-05-30,418.3250427246094,423.3572794523443,416.0258436703732,421.6654015094919,7725080
2024-05-31,426.1770324707031,427.82551321254573,415.5920062710142,420.277171818595,11223848
2024-06-03,444.5272521972656,457.58503919793844,438.62741803580906,446.8264775845445,24416215
2024-06-04,383.40313720703125,444.57067114450103,356.4200186916712,444.52724756907287,48046493
2024-06-05,399.5843505859375,401.5799023117336,368.8270858218111,392.1661736011909,18966089
2024-06-06,410.3428955078125,420.2771771838745,403.1415984184559,407.7833934048995,21757857
2024-06-07,415.72216796875,417.58755487295844,405.7011181378636,410.3862839486963,8317343
2024-06-10,414.4640808105469,423.40059926121523,412.5552970260407,420.7977267247734,10958537
2024-06-11,413.2928161621094,419.49632424473083,412.29505357166664,418.19488787168615,11169021
2024-06-12,424.0079650878906,428.8666395168352,415.8956733701005,417.32724803140707,15412796
2024-06-13,423.3138732910156,428.51961887724116,419.4963318233418,428.51961887724116,7438571
2024-06-14,422.4896240234375,427.2181601302047,421.01465226005547,423.31385114479457,5974636
2024-06-18,424.3116149902344,427.65197353901436,420.9712829192444,426.87111703511783,6946544
2024-06-19,414.6809997558594,426.1770204827824,413.4229340663256,424.61528102565876,8962510
2024-06-20,419.1926574707031,422.88006058931353,409.1282107219965,417.37064122241975,7864157
2024-06-21,416.6332092285156,426.35058572988413,415.5920494529651,419.19268508690504,10340882
2024-06-24,410.99359130859375,416.5029837585262,409.5186195876075,416.4596131399398,11124175
2024-06-25,407.13262939453125,414.68097003515595,403.70550343611006,412.9023246540587,7951999
2024-06-26,406.6988830566406,409.3885236321469,403.4886626152635,408.0003194824219,6655899
2024-06-27,405.223876953125,406.915754754842,400.40857317560676,406.6988487022008,14857335
2024-06-28,410.516357421875,412.98909152171166,406.04809838689295,407.7833466705976,8302706
2024-07-01,411.9479675292969,413.24940385444563,408.86791215089414,410.68992830166036,8579861
2024-07-02,415.67877197265625,420.79774961050435,410.6899326731503,414.7243800284971,14629287
2024-07-03,420.7543640136719,423.0969334538174,415.93903384409253,418.10809433188797,7244652
2024-07-04,424.74542236328125,427.56520105208074,421.0580194625435,424.0513335848465,7796954
2024-07-05,426.4372863769531,427.99899931682137,422.446209835548,424.7020380091934,5754517
2024-07-08,427.9990234375,430.34161945711253,422.70653679979597,427.4784700800664,7477292
2024-07-09,428.4328308105469,431.1658682957664,426.09026129466014,431.1658682957664,6444684
2024-07-10,425.7865905761719,429.38722583260795,416.93681284521483,428.4328338847141,5981477
2024-07-11,433.8554992675781,439.0178741895799,423.87782030872404,426.87113458749667,20146927
2024-07-12,430.5151672363281,441.273702735612,429.90781966485775,437.28262585487045,8198389
2024-07-15,431.8599853515625,436.9355926849042,427.3483285046384,433.81213998147916,7106020
2024-07-16,444.614013671875,449.7763880415648,432.07683390422153,432.07683390422153,23169665
2024-07-18,438.3671569824219,447.5205823263169,434.8966599454507,447.1301408185412,12540956
2024-07-19,423.400634765625,439.3649156989346,422.3161044511639,438.4105237266507,9971704
2024-07-22,426.1770324707031,430.34161818459927,419.53968592735765,423.4006243429122,7281653
2024-07-23,422.53302001953125,430.1681030139832,403.05484454250404,428.6063899171426,11311831
2024-07-24,428.4328308105469,433.29153175586043,420.8845159556363,422.2727200082673,6823248
2024-07-25,428.60638427734375,436.8921853660828,419.9301416806364,426.00351149833153,10281157
2024-07-26,442.35821533203125,443.9633254399213,432.2937690510401,432.2937690510401,20437968
2024-07-29,444.353759765625,447.4338151160713,440.3192860120514,446.3926554742866,7259754
2024-07-30,450.6006164550781,456.0232678178069,442.4449805788819,444.35376444967835,13197520
2024-07-31,453.0733947753906,455.84980297161934,442.92218044058217,454.15792508988767,11972565
2024-08-01,468.8641662597656,470.4692499413254,458.1056043688701,464.17897412376044,34763894
2024-08-02,455.0688781738281,466.08771574837084,453.16009440448124,463.31130780710055,10985150
2024-08-05,439.7119445800781,446.8264737828827,431.68642053640497,446.8264737828827,11835031
2024-08-06,433.4651184082031,448.73531183583253,432.0769141915472,440.83992517653274,7142269
2024-08-07,461.1422424316406,462.27014325192914,440.49279795243973,440.49279795243973,18293730
2024-08-08,454.15789794921875,464.1789468651927,452.24911411865736,463.31132266544466,13624148
2024-08-09,459.66729736328125,461.01210430204327,452.76967428021095,459.84083279696205,6468264
2024-08-12,454.59173583984375,460.27466407949214,454.0277588957795,458.97322770603455,5238736
2024-08-13,452.68292236328125,459.75408071323795,451.1645800266531,455.5027009884478,5201294
2024-08-14,437.8899841308594,458.0188779914867,432.9878857730771,453.6807565971956,14766889
2024-08-16,448.931396484375,451.95466182674426,440.34361137748715,444.90041168485266,7313429
2024-08-19,457.43157958984375,458.7022335635734,449.6762954679914,450.2458620869351,10737456
2024-08-20,459.7099609375,463.0837700626608,456.59908631763085,459.49088450672815,8191127
2024-08-21,466.3699035644531,469.04262524850725,459.5347298114025,461.3749503845662,9067794
2024-08-22,463.4342346191406,469.2178841627868,461.6378186832971,467.947230237523,8531700
2024-08-23,472.19732666015625,474.2128726507587,463.4342692591293,463.5219319244142,12566904
2024-08-26,471.54010009765625,476.31597710608503,468.56069265525286,474.95771389811745,7193307
2024-08-27,465.6688537597656,474.6947914506417,464.4420044293558,472.4163646206596,7865530
2024-08-28,461.2435302734375,469.3055542228183,460.4548871552509,467.8596817634125,6066259
2024-08-29,462.2950744628906,464.4420341859359,452.26136321593333,461.2434968959443,9147836
2024-08-30,460.0166931152344,470.57616622257905,457.43158057390366,464.44202625319724,30921282
2024-09-02,456.42376708984375,463.5656793857134,453.6196318554556,461.81306812149523,6370038
2024-09-03,455.3283996582031,458.8336222990991,454.1454084110819,456.5552489766979,5526155
2024-09-04,441.35137939453125,452.9185990852359,438.6348262594203,452.9185990852359,16783593
2024-09-05,435.5239562988281,444.7251666431696,433.90278531818404,444.7251666431696,10830621
2024-09-06,428.119140625,437.27654592103875,421.5468478506357,437.27654592103875,13110103
2024-09-09,424.5262756347656,428.07530275994304,418.917898175767,427.63714994237915,10189742
2024-09-10,430.3537292480469,431.14239901965936,422.20407029411206,427.023751583966,9809547
2024-09-11,424.0881652832031,432.50067882863544,422.33555383745,431.88728086825887,8134497
2024-09-12,434.3409118652344,435.743006324124,422.59842091464816,426.76087296098217,12058489
2024-09-13,429.60888671875,436.26881565538855,428.95165741729346,435.52395043185874,8093877
2024-09-16,432.2377624511719,433.68366142709584,427.0675644576757,431.5805332127768,5244657
2024-09-17,428.0753479003906,433.59606328676387,427.330482683441,432.2378001061775,5063902
2024-09-18,426.8484802246094,432.54446685301093,426.0159791741373,429.21448939384845,6527832
2024-09-19,418.8302917480469,430.7918583972955,417.3405614614877,428.5134583825039,10014450
2024-09-20,430.2222900390625,436.4002344684832,420.88961302823526,421.45923312202467,12982128
2024-09-23,438.67864990234375,440.3436254260558,429.8279567591649,432.45687392588763,6123879
2024-09-24,441.9209289550781,443.9802525827877,439.51108841563047,442.5343536076644,7306001
2024-09-25,442.7972106933594,444.2869409162038,439.9054128992787,443.84878811451125,5059851
2024-09-26,443.89263916015625,444.681335679936,438.19665214195055,443.41068172493755,6877039
2024-09-27,452.2613525390625,453.79488752139764,442.4467446977541,443.8926437611246,15443031
2024-09-30,447.0473327636719,449.9391575239415,440.34359972829395,449.5448092748553,8881502
2024-10-01,445.6014709472656,452.1737640290837,443.54214709975014,448.66854105211405,4743517
2024-10-03,440.2121887207031,446.8282862837088,437.71471204218693,437.71471204218693,11285134
2024-10-04,435.6991882324219,442.22764940448144,432.93880398780556,437.802316484208,7170285
2024-10-07,421.02105712890625,438.6347791695876,416.5518929983811,436.48784638858575,8940891
2024-10-08,431.01092529296875,431.79959500379135,417.51582407011165,421.3277321295418,6049075
2024-10-09,426.7170715332031,434.64762742522146,425.57785807697627,431.1424046234051,6874313
2024-10-10,427.7248229980469,432.85121675726566,425.92838024439635,428.25061177332816,4700891
2024-10-11,431.9748840332031,432.8073583611738,427.15520292284987,427.19900750858073,4364566
2024-10-14,436.6631164550781,440.2998064779607,431.9749023881642,433.7275137754898,5369297
2024-10-15,433.28936767578125,437.5832602930473,429.4336011694415,436.66312325473666,4279311
2024-10-16,434.4285583496094,437.62706886183247,431.93108171251833,433.77132906315006,8000451
2024-10-17,429.30218505859375,435.7430377218824,426.93617556004017,434.42857908622057,4334990
2024-10-18,431.3176574707031,432.67592054951484,423.5623470145868,427.63716299374835,4573163
2024-10-21,425.3587646484375,433.55222796870055,422.6860430659838,431.14238738878356,4737527
2024-10-22,410.4177551269531,427.1990029187015,409.4100089814337,425.00823880116974,8671135
2024-10-23,415.4565124511719,417.16529241661016,402.18048725214317,410.41775498262075,10686743
2024-10-24,418.2168884277344,423.95667997098224,414.5363938513423,415.4565308668039,5045880
2024-10-25,404.0645446777344,419.7942152097583,402.2242974454517,418.96174087941773,10330954
2024-10-28,387.0204162597656,401.34802014402027,381.41206499494507,396.0901858189895,21378247
2024-10-29,390.43798828125,391.35812529855565,384.52292489194735,389.25499699757125,7680865
2024-10-30,393.5927429199219,399.4201711147027,389.95607921511356,392.58499660308064,7818123
2024-10-31,396.1339416503906,398.2809010992809,388.37865836970013,396.09013706683163,8475238
2024-11-01,397.9742126464844,402.70625789173664,396.39687314564253,398.4123654792434,3095957
2024-11-04,388.4662780761719,401.47942213052113,381.63110480657724,401.34798163355305,15720990
2024-11-05,395.14447021484375,396.371068177702,387.96663865187105,389.8746768465534,10186343
2024-11-06,395.962158203125,398.7787831264236,391.78268066363785,397.7793319952052,9130749
2024-11-07,395.5533142089844,400.0962487290649,394.91729228502436,397.7793354871007,5861077
2024-11-08,385.2862548828125,396.1438791761513,382.74222271319667,395.5533032504767,9934413
2024-11-11,383.0148010253906,386.83087714059224,379.198752638061,384.3322631367481,7201246
2024-11-12,376.20037841796875,385.96768716624314,375.06464484258805,383.87794847869077,6564348
2024-11-13,369.7040100097656,377.5178630209973,368.6137223489554,376.15498264908035,7170870
2024-11-14,372.29345703125,375.5643751950363,365.7970666823189,369.9765716844975,8776485
2024-11-18,375.5643615722656,380.2435780746838,373.42917703391885,376.10951920110057,7352509
2024-11-19,374.56494140625,383.42366348923593,373.15664283292375,377.92672395453155,6291292
2024-11-21,368.8862609863281,376.06409155354226,367.2053697687721,375.2917871857062,14141967
2024-11-22,376.20037841796875,377.74498717163476,369.2496944822127,370.15828134251734,8155453
2024-11-25,379.28961181640625,388.37548080012306,377.69958474425584,382.51508421447704,10903727
2024-11-26,373.8835144042969,381.60650315869907,372.24806905333696,380.19820453580985,5798977
2024-11-27,379.0169982910156,382.5150632031745,374.9738034520747,381.6064763547109,9219932
2024-11-28,377.24530029296875,386.05857678066167,375.70069143774685,381.60650641802584,7788912
2024-11-29,378.33563232421875,379.78937711232913,373.42926792623746,377.3361810494007,7057742
2024-12-02,383.15106201171875,384.69564292435734,378.6989645400932,380.15270895565243,6404844
2024-12-03,383.5145263671875,386.6037162037348,381.01591245517744,386.1494227651875,7928558
2024-12-04,378.562744140625,386.9671733608275,377.0635812307041,383.5145540696232,6836472
2024-12-05,380.15277099609375,382.74224932642875,374.3378201127327,379.92562426058845,9500273
2024-12-06,379.0169982910156,382.9693566274063,378.3355581546679,381.6064763547109,4252732
2024-12-09,376.15496826171875,382.4696581678888,374.79208794192994,379.78931578115566,6662023
2024-12-10,376.20037841796875,379.06244921022466,373.88349301534026,377.51784045655864,6035289
2024-12-11,378.8352966308594,381.28846447898496,377.5632528638275,377.97212803578344,5353413
2024-12-12,371.702880859375,379.6530156894795,369.88570718392253,378.4264179129751,9409378
2024-12-13,372.793212890625,373.6563815805622,365.25195232920606,371.7029251920378,9439175
2024-12-16,372.92950439453125,375.11010741011694,369.3405750464734,372.97492264840673,5434635
2024-12-17,366.0696716308594,373.3838131156106,365.2519489325551,372.92951964678906,5070262
2024-12-18,359.6186828613281,367.795964937054,358.48294923969956,366.6148130617089,7176597
2024-12-19,356.12066650390625,358.4375521376008,351.6231500057072,355.2120795529871,5745829
2024-12-20,347.0802001953125,357.71067815108216,345.7173198280534,357.0746562218791,7923854
2024-12-23,347.943359375,353.0768697396066,347.4436199505605,350.7145382884624,5163415
2024-12-24,349.3516540527344,351.39597452508457,346.5350291896999,349.6696650051186,4242999
2024-12-26,351.2596740722656,354.6214287070099,349.85134784884866,351.0779456150926,4190081
2024-12-27,345.7173156738281,352.9405926246534,344.85414702712063,352.0774239779459,5909271
2024-12-30,343.3549499511719,347.3527263695719,341.35607560590637,345.7172812027302,22328728
2024-12-31,349.0336608886719,349.5334003329935,341.7195472504295,343.35499262051087,7686615
2025-01-01,351.0779724121094,352.6679994861931,347.5344890497257,348.4884942030273,3584876
2025-01-02,357.0292663574219,357.9378533411762,348.94282001970873,352.89517894461505,7538972
2025-01-03,357.66522216796875,362.7987325288635,353.89459213622507,357.07464623757755,7122319
2025-01-06,344.1272888183594,358.02865731512065,342.6735442309121,358.02865731512065,8774141
2025-01-07,345.0812683105469,349.12449081121963,342.08294285081115,345.7627084357477,6542121
2025-01-08,345.5810546875,347.1256358778859,341.62869587843807,345.3084619636389,7407778
2025-01-09,338.1760559082031,346.6713212569091,336.9040120635095,346.6713212569091,6247612
2025-01-10,334.81427001953125,339.0846395071298,331.36165091780543,337.44916646325584,4893721
2025-01-13,329.7261962890625,336.54059836610793,328.2270333776871,332.63368559975106,8661589
2025-01-14,335.4957275390625,339.8115155033429,329.8170591650093,331.6342330447063,5698113
2025-01-15,340.356689453125,346.58051583363505,335.5411618054287,337.9034935073293,11117714
2025-01-16,344.2181396484375,346.62588929719516,340.5383462052836,343.8547104476974,6923722
2025-01-17,352.21368408203125,353.71284682714617,343.9455382665973,345.2630002798658,8380692
2025-01-20,351.66851806640625,355.2574471014174,347.67074159856264,353.9854310972675,14597375
2025-01-21,346.6712646484375,354.03082289612246,346.1715530252435,352.53166029867316,20854879
2025-01-22,344.53619384765625,348.80653601619434,340.4021064526456,346.62593281014574,10653690
2025-01-23,350.5327453613281,352.71337567085266,341.8103350346948,342.9914866791321,5844752
2025-01-24,348.0342102050781,356.39322099842076,346.80764003977157,350.7599709775326,5351964
2025-01-27,341.4015197753906,347.9887746479697,338.6757591384614,346.080736656545,6645109
2025-01-28,336.7677307128906,343.08242079229336,334.13283423458927,341.62867619906336,10866038
2025-01-29,344.7633361816406,349.8059827641035,336.90403672425197,338.44864566137284,6680927
2025-01-30,349.85137939453125,351.94114592897444,345.62645579906314,346.8076354214542,6300164
2025-01-31,365.0181884765625,365.9863010996793,345.4257746733052,349.897460627583,10339434
2025-02-01,355.24505615234375,368.2913223781077,349.48258101272563,365.0182196165532,7015540
2025-02-03,344.8265075683594,354.1847614377842,337.9115374968014,354.04646766377004,7689700
2025-02-04,347.1775817871094,351.00388768842265,345.6562940178481,348.05348924003084,4649921
2025-02-05,352.9861755371094,355.0606665448064,348.42228406534184,348.51448929310095,5914200
2025-02-06,349.9897155761719,354.64578449847403,347.7769306243559,352.9400861328975,4652107
2025-02-07,348.7450256347656,353.1245071199345,346.67053440494874,349.8975207624416,3006598
2025-02-10,341.5995178222656,350.2201860451973,340.2165238229852,347.5924918191475,3380494
2025-02-11,330.9966125488281,341.59956810401343,329.6136183459779,341.1385700363967,6803431
2025-02-12,332.24127197265625,333.5781493215707,324.1276901012607,331.8263625081499,4565992
2025-02-13,333.4398498535156,338.8796206600472,330.6277732908,333.76255408294656,3712240
2025-02-14,326.5710144042969,336.5285605577462,323.1596177410686,335.514359268374,4464446
2025-02-17,332.0107727050781,333.76255951711545,322.0071102523552,326.5710018099787,6017586
2025-02-18,332.9327697753906,334.0852648049807,326.2021819203333,332.14906752785225,3843725
2025-02-19,334.0391540527344,336.8051421728633,330.0745823353841,331.91857441547,3097726
2025-02-20,339.2484130859375,340.63140697844096,331.91853420083595,331.91853420083595,4624287
2025-02-21,341.0924377441406,342.2449327653912,336.8051337554203,338.8796247936712,5235241
2025-02-24,336.3441467285156,339.75554335763303,332.97886678400516,339.34063388160195,4533486
2025-02-25,332.9788513183594,336.89733433655,330.71997799012405,335.6065455579748,4525493
2025-02-27,335.46826171875,339.11012916124974,328.36888102072953,330.99657533815713,6196610
2025-02-28,340.53924560546875,346.4400146791738,336.80514473266294,338.1881388032385,21899478
2025-03-03,332.24127197265625,342.0605239741466,324.9113923469474,341.1385279526529,12675744
2025-03-04,335.46826171875,337.9115455750267,325.0958063634456,328.32279247398475,5535218
2025-03-05,339.5250549316406,340.12434675352546,333.80866800653774,333.80866800653774,5730797
2025-03-06,352.75567626953125,354.1847588189191,339.3867342300366,341.1846095530969,11247215
2025-03-07,350.957763671875,359.20963893624156,349.8052686984766,352.7556670852103,8321771
2025-03-10,345.8868103027344,356.4436762620877,344.87260902684807,351.00390522953455,5541001
2025-03-11,349.48260498046875,350.3585125165953,339.29455948975544,342.0605477464654,5340552
2025-03-12,351.00390625,352.9861921230808,344.6421110178023,349.94358828657613,3951912
2025-03-13,348.79107666015625,353.1244691288429,347.9151973396073,351.74147512442187,3918004
2025-03-17,355.6599426269531,356.8585261236816,349.48255842176167,350.5428762885797,5456361
2025-03-18,355.6599426269531,355.6599426269531,355.6599426269531,355.6599426269531,0
2025-03-19,364.97210693359375,367.0004811663456,358.472018523723,359.6245134754288,5827114
2025-03-20,365.47918701171875,367.04659137322847,361.46849902310066,366.67779862260363,7025398
2025-03-21,373.77716064453125,379.0325489288422,364.28061340750236,365.4791969137776,16564019
2025-03-24,374.33038330078125,379.67794895024394,373.45447582886396,376.1282867906808,5260300
2025-03-25,367.23101806640625,376.4048900838479,366.1246396808061,376.174391069712,5636291
2025-03-26,364.0040283203125,371.05732059378573,362.4827404692622,367.4154249511046,5025274
2025-03-27,365.89410400390625,368.47568144871786,361.46850649369287,362.5749129055172,7697174
2025-03-28,367.1388244628906,370.5501928364651,362.80543193714266,366.03241798995083,6923988
2025-04-01,366.6317138671875,371.14948876416,364.2345185737676,366.7700076435782,4332950
2025-04-02,366.4933776855469,370.2735665796571,360.96140217331225,370.2735665796571,4197123
2025-04-03,366.0785217285156,368.79842134073823,362.5288594327803,364.188441073979,4970602
2025-04-04,355.0145568847656,365.1104245767603,352.7556835139537,365.1104245767603,6718760
2025-04-07,348.0534973144531,349.80528412385047,328.2305828978684,330.85827718050723,10202400
2025-04-08,352.9861755371094,355.4294593187577,347.26978906106575,354.9684613170473,3577328
2025-04-09,345.3797607421875,352.84793512675867,343.99676652789987,352.47911415994383,5781453
2025-04-11,361.5146484375,362.16002877526137,352.3407766981966,359.532362603449,6185984
2025-04-15,364.4189453125,367.8764305621442,362.80545219599935,367.8764305621442,4371156
2025-04-16,368.10693359375,368.8906358863013,361.88346007651063,364.4189492872378,4992290
2025-04-17,367.7381286621094,368.3835090122113,358.01105349224065,365.94022511714655,8364450
2025-04-21,369.2594299316406,374.33040837015255,364.7877433175354,368.10693483197883,8987570
2025-04-22,367.50762939453125,374.145984040436,363.54302951629705,372.02540439044276,7558174
2025-04-23,367.830322265625,370.27360608344816,363.2664307262854,368.79840682871617,7429142
2025-04-24,368.66009521484375,369.99697249265773,365.894107297469,367.78418778617475,5762303
2025-04-25,362.48272705078125,372.486389423864,359.25574100379237,369.07499291935585,7337588
2025-04-28,366.17071533203125,367.6920031443298,361.00753196982146,362.48273123575075,3458518
2025-04-29,358.7486572265625,369.12111245784075,358.14936544061686,366.17071393722074,6274213
2025-04-30,355.24505615234375,359.90115294740656,353.21668178544957,358.7486579194829,4559122
2025-05-02,353.5854797363281,360.4543614580091,351.6492824336924,355.4294718079648,5045851
2025-05-05,355.52166748046875,357.642247051003,351.9719772105874,355.84437171174625,6395704
2025-05-06,348.7450256347656,357.4117833674717,347.9613233205283,356.35149347742737,5982166
2025-05-07,353.4010314941406,357.08901524315155,341.41508430985505,341.41508430985505,9162368
2025-05-08,355.38336181640625,364.1423236281456,352.4329634249866,359.5784322714056,14258083
2025-05-09,352.5712890625,353.3549913439091,347.6386044952525,349.5287133077199,3809943
2025-05-12,364.6494445800781,365.20264784781926,357.273476042428,361.37636979633066,6743279
2025-05-13,364.3266906738281,368.42958386853365,363.3124895107127,364.6493948807853,6307140
2025-05-14,371.6566162109375,372.53249558285154,365.5253480591923,365.8019356214627,6822756
2025-05-15,373.0857238769531,374.6992170849913,368.4296547314498,372.2559329973798,10511989
2025-05-16,373.2239685058594,377.09636294991,372.11759019119125,374.3303749576124,4702603
2025-05-19,371.2878112792969,375.66729240697555,369.7664953252767,374.28429836665595,5446656
2025-05-20,376.2666015625,384.70285997038275,372.4864120504125,373.8694061545601,18755291
2025-05-21,373.7310791015625,381.2914293156186,372.7168778880556,379.539642567062,7393102
2025-05-22,367.7381286621094,374.92968656778777,362.5288566283858,373.4083987189427,7936875
2025-05-23,370.181396484375,371.5643904936566,367.87640646890566,368.982812931165,4178408
2025-05-26,371.2878112792969,374.1459764529554,370.4119037989268,371.14948936559625,6067873
2025-05-27,368.7523498535156,372.0715132894766,367.23103378543095,371.10342864350264,6553758
2025-05-28,367.1388244628906,370.5041042905449,365.5714199824068,369.72040205030294,6002200
2025-05-29,367.1388244628906,369.90481250815475,366.03241798995083,368.7984060352149,7724668
2025-05-30,366.3090515136719,373.1779339429987,365.43317207166126,367.83036763916994,6565658
2025-06-02,368.5218200683594,370.08919641848985,364.6494255335232,367.83032305407335,6119571
2025-06-03,362.2061462402344,369.25941024674376,360.0394499409574,368.5218246771152,7360608
2025-06-04,363.81964111328125,364.1884338999399,359.20966093733267,362.20614805169924,3861957
2025-06-05,364.0962219238281,366.77000474892714,361.92952565385485,363.81963437322963,6097293
2025-06-06,367.830322265625,369.35161006637634,365.1565113064484,366.8161210194289,7633919
2025-06-09,369.72039794921875,374.5147884293294,368.79840194435786,369.62819272131566,9626374
2025-06-10,368.3835144042969,372.94740615472085,367.73813404474845,371.56441206514836,6362912
2025-06-11,370.734619140625,377.5573843164848,367.32322248415176,368.89062703163114,11946342
2025-06-12,362.0678405761719,370.9650963517366,360.9614341209671,370.6423921242114,11262656
2025-06-13,360.6848449707031,361.7451347389233,355.89045453559686,359.57843852042174,5253032
2025-06-16,363.5891418457031,363.8196408543365,356.0748797916723,360.5004495025987,3706240
2025-06-17,360.77703857421875,364.9721374312269,359.6706602103808,363.26643913275484,3248476
2025-06-18,359.9011535644531,362.7132301825738,357.82666251063387,360.77703290492536,4118145
2025-06-19,354.2769470214844,360.96141772000294,353.5854500526721,359.90112799524087,4416367
2025-06-20,358.7025146484375,361.23800352193444,354.1847401012596,354.2308567812097,6531957
2025-06-23,361.8834533691406,362.43665663228154,354.6918953595695,356.812475041675,3359491
2025-06-24,362.0216979980469,364.55718681752995,360.2238228082996,363.6813075621401,4606984
2025-06-25,361.19195556640625,364.5572355492439,360.5004585232032,363.1281529147922,4672204
2025-06-26,363.4047546386719,363.9118693723678,360.17776831130584,361.4224686649932,5569101
2025-06-27,363.4047546386719,366.67785765296725,361.514673901764,364.1884569455926,16253653
2025-06-30,361.3763427734375,366.40120408171185,360.31602486576884,364.649417312432,4870935
2025-07-01,359.34796142578125,363.17423941585463,358.6564643864757,361.8834505699016,5997283
2025-07-02,356.7202453613281,361.14584302607057,355.383368048868,359.5784385774375,7752338
2025-07-03,356.3053894042969,358.65646810749325,355.4294818905878,357.6422668119056,3851213
2025-07-04,355.9826965332031,357.64227824296376,353.4932958314744,357.457895906928,3990767
2025-07-07,354.2769470214844,356.3514379279212,354.0464480318803,356.3514379279212,2810768
2025-07-08,352.9861755371094,355.4294593187577,352.47906085297683,354.9223727717103,5231160
2025-07-09,357.22735595703125,357.87273626484773,352.986168794887,353.17055110979834,4497121
2025-07-10,354.0925598144531,358.51815758755873,352.7095657860612,357.780543890165,4668066
2025-07-11,351.2344055175781,354.32306976674926,350.9117012735656,354.0925707548955,4677164
2025-07-14,353.9081726074219,355.79825316529855,351.741476365434,352.2024743685342,5109504
2025-07-15,356.3053894042969,357.0429749990405,353.53940121837786,353.9542825640136,4586811
2025-07-16,356.3053894042969,357.73447204552025,354.92239531133737,356.48977173443933,5205724
2025-07-17,355.7982482910156,357.9188559584761,354.87625229744623,356.8585380562035,3749218
2025-07-18,358.1954345703125,358.88693154824745,354.1386579271775,356.81244061444255,5172481
2025-07-21,356.6280212402344,359.025216331165,355.3372325411436,358.6564235795795,4396850
2025-07-22,358.7486572265625,361.19194105362425,355.4294659251363,356.6280494970276,5043629
2025-07-23,360.2699279785156,361.8373323941004,358.51814124979893,359.02522778226705,3670943
2025-07-24,355.4755554199219,360.269945994452,353.9542676093586,359.67065420690716,4022204
2025-07-25,351.0960693359375,355.79825461412383,350.3584837828078,355.4755503832226,4616856
2025-07-28,348.83721923828125,353.90819763093293,347.5925189144857,351.46491366916365,4521716
2025-07-29,353.7237854003906,354.276988667888,347.54642863508303,347.54642863508303,4872086
2025-07-30,350.26629638671875,354.09257439541267,349.48259411094125,354.0464858474026,5107774
2025-07-31,346.9931945800781,349.4364783128965,345.4719068322542,348.51448232790204,6461803
2025-08-01,343.44354248046875,351.41880300729565,341.7839607783512,345.74853269845846,13769152
2025-08-04,345.4718933105469,349.2059656487897,341.32291154046226,343.39740242550454,19756930
2025-08-05,349.89752197265625,351.00392855388725,345.2875414460073,346.670535604002,6846687
2025-08-06,352.5638427734375,353.68649143693557,349.47649470936574,349.89750580246977,5808208
2025-08-07,355.08978271484375,355.7446824394831,349.5232492588668,350.8330201572811,3468573
2025-08-08,355.2301940917969,357.4755200603471,353.78006691876647,354.5752942651549,4172600
2025-08-11,357.8497314453125,359.90796354325374,352.283168646927,353.6397346047794,5740719
2025-08-12,360.51605224609375,361.5451682487013,356.63350548935637,356.96092683261907,4860757
2025-08-13,361.2177429199219,362.99529147211155,360.28218804499375,361.0774153988565,4216888
2025-08-14,359.674072265625,361.9193981877278,357.89649521604497,361.2177320526414,4034887
2025-08-18,362.8081359863281,363.50980207852774,359.2998055253301,361.73225368846204,3520271
2025-08-19,360.51605224609375,363.4630441915273,359.4869362434861,363.4630441915273,5219052
2025-08-20,359.9079284667969,361.9193654955109,358.8320176494904,361.12413823740565,4904231
2025-08-21,358.58038330078125,361.8044243805106,357.72696491765663,361.2354980839378,6212604
2025-08-22,355.0718688964844,359.3863905053456,354.69254612528664,358.58037302394723,4699261
2025-08-25,360.33465576171875,361.0458425823011,355.40374889704157,355.59341029116985,4349832
2025-08-26,353.1753845214844,360.19242198742694,352.17970561578505,359.3864044746986,6381642
2025-08-28,354.9295959472656,356.4468001640824,349.5719947819327,353.2227592897614,4372269
2025-08-29,355.4037170410156,359.38637445460415,353.3649874590709,353.3649874590709,4578400
2025-09-01,358.34332275390625,359.00710868745296,355.6882368962504,355.87786934993125,2829114
2025-09-02,360.4294738769531,365.07588848824145,359.4337949999354,361.42512381570606,7511709
2025-09-03,369.6274719238281,372.9463436330302,360.3346427133682,361.2354908954576,8111851
2025-09-04,371.192138671875,371.8084948272865,365.7397060986083,371.52400272137305,5515006
2025-09-05,372.3299865722656,372.8989417943155,368.86888330067063,372.0929243079336,4535470
2025-09-08,367.019775390625,375.41178509159255,366.3085886183102,373.61011772271445,4607020
2025-09-09,367.87322998046875,369.24817373798305,366.7353195468405,368.5844167669203,4376579
2025-09-10,371.6188049316406,372.3299917344971,367.96804022265746,368.3947638796774,4285507
2025-09-11,372.9937744140625,374.0842550479689,370.2912587990668,373.27823755742423,3442373
2025-09-12,373.9420166015625,375.69628312208147,372.85153598770404,373.18340000277,4276055
2025-09-15,374.3213195800781,379.915983293432,373.8945959241869,373.94202574054424,4618798
2025-09-16,375.3169860839844,376.45489659105226,373.65755014183236,374.55839837145,2581384
2025-09-17,379.06256103515625,381.6228450677352,376.9290006540953,381.1961214162171,5970395
2025-09-18,372.8041076660156,380.01080622296234,370.38608416741357,379.77374396081456,5899621
2025-09-19,374.0842590332031,374.74804495913844,371.2395118162206,373.6101344970394,5272435
2025-09-22,374.2739562988281,376.4075169160765,372.9938141408255,374.08429489087666,3399517
2025-09-23,373.6575622558594,375.2695973700902,371.80849379475984,374.3213482295467,4720322
2025-09-24,372.5196533203125,375.12733826549464,371.4765735545866,374.08425849976874,5139791
2025-09-25,372.1877746582031,374.74805882351507,371.38175712925187,371.76105098456236,4563970
2025-09-26,369.0111083984375,372.6144721160334,367.9680286660212,372.1877484724154,4698693
2025-09-29,368.2051086425781,371.334347990392,365.64485347247467,369.6274822720575,6606409
2025-09-30,369.769775390625,371.1447193240668,367.06725946866277,369.5327130981418,5362610
2025-10-01,368.3947448730469,374.46353282332853,367.8257896724628,369.6274570257594,4976933
2025-10-03,363.51129150390625,368.96372372737943,361.75702491391826,368.3947684903205,7431240
2025-10-06,362.1363220214844,364.2224815967386,360.28725365721726,363.6535263545542,7022052
2025-10-07,364.79144287109375,368.8215015739976,363.93799552457176,364.1276569211914,7895734
2025-10-08,362.32598876953125,366.40344834529014,361.3777396646323,365.55002993853435,3642904
2025-10-09,363.51129150390625,366.3086089338593,360.8561767103861,363.17939853743303,4628511
2025-10-10,364.6017761230469,366.68793570217815,363.13200160474923,364.127651576723,5061600
2025-10-13,361.8044128417969,364.4120977248975,360.95099448588957,363.41644779938304,4750043
2025-10-14,361.23553466796875,365.21816383864524,360.42951708184086,362.27858560949727,4288494
2025-10-15,364.3647155761719,365.4551962502301,361.5199682847509,361.5199682847509,6135157
2025-10-16,367.5413513183594,367.8732442859293,364.601773365729,365.07589790846725,3513302
2025-10-17,368.6792297363281,369.3430156658476,365.31295708669523,367.54134820635016,4093872
2025-10-20,370.3860778808594,371.713620738702,368.34734824864427,369.8171226737086,4007425
2025-10-21,370.8602294921875,372.80412857552153,370.38610494129955,372.7567276957392,678084
2025-10-23,372.3299865722656,373.98942242258994,370.2438560091024,371.33433663737685,4311356
2025-10-24,373.6575622558594,374.98513420323405,370.57575254909295,372.3300192467519,4070949
2025-10-27,376.1704406738281,377.5928143659072,373.23086258921126,375.0325301448581,5438773
2025-10-28,371.1446838378906,377.59279493987304,369.2007848006971,376.40748359078793,7672258
2025-10-29,362.2311706542969,378.6358691635956,360.382073260205,372.89897345497974,26856509
2025-10-30,367.6361999511719,368.82151136584775,359.67088409393654,363.1320165754036,15154040
2025-10-31,368.5369873046875,373.79978689243063,367.6835689477807,369.7697284320101,13103909
2025-11-03,368.442138671875,370.6705296173731,367.25682741770186,370.33863667855206,14152223
2025-11-04,367.7117004394531,372.04575317029594,366.68907347805344,370.0978696458441,10536699
2025-11-06,363.4263610839844,368.831755674748,362.64721956645593,368.831755674748,6648689
2025-11-07,366.2021179199219,366.93257427215576,361.81937980651855,362.3063507080078,4650451
2025-11-10,371.4127197265625,372.43534675062074,366.2995251615802,366.2995251615802,4451727
2025-11-11,372.82489013671875,373.0196903757218,368.7343526187462,371.5100925516504,3299015
2025-11-12,376.4284973144531,377.4998392150563,372.72753044583607,374.23712831326935,4326520
2025-11-13,373.2145080566406,377.3050457657816,372.77622235957256,376.42850409399034,3480764
2025-11-14,376.8667907714844,377.2563615463668,372.3379376311486,373.21450902756516,3760163
2025-11-17,377.7433166503906,379.05814396769165,376.08760377344214,376.9154602119164,3847261
2025-11-18,373.9449768066406,377.74334399195146,372.9710349784919,377.74334399195146,4462641
2025-11-19,369.172607421875,373.84754564227984,368.58826615137485,373.11708933181126,5332643
2025-11-20,369.7569885253906,371.31530130813627,367.71170485568354,371.0718158646555,3971851
2025-11-21,368.3448181152344,370.4387871400579,367.7117321373385,368.1500178570593,3088629
2025-11-24,362.84197998046875,368.34477453827094,362.30632391737754,368.2960596183172,5543493
2025-11-25,360.4071350097656,363.6698458376573,359.96887905286127,362.8907043215982,4902920
2025-11-26,367.5169372558594,367.8578228239111,361.6245716433778,362.1602574567004,4102285
2025-11-27,368.19866943359375,368.83175535367116,366.2995008403925,367.5169280369357,3330267
2025-11-28,366.34820556640625,369.3187459177136,365.1307783049717,369.123945666946,4689402
2025-12-01,369.7569885253906,370.09787409073255,366.0073067513183,367.07864864710245,4217206
2025-12-02,369.07525634765625,370.0004832226166,366.9325725024993,369.61091244777305,3695491
2025-12-03,365.4716491699219,369.41610144924056,362.501138660543,369.0752456076369,4650434
2025-12-04,369.172607421875,369.85437853391636,364.05941324859504,365.2281552342821,3135061
2025-12-05,370.0491943359375,370.73093575430835,366.68908327752433,369.0265376248643,3154258
2025-12-08,367.5169372558594,370.9744186918333,365.7638242154552,370.9744186918333,3911363
2025-12-09,369.46484375,371.2666421023781,363.62119269732256,365.32559092102014,4242651
2025-12-10,372.19183349609375,372.92228980796193,368.3934666188479,368.6369520561373,4752336
2025-12-11,373.99365234375,375.30847972224,370.5848560333252,372.38665431330446,2695140
2025-12-12,373.360595703125,375.6980500832178,372.28925377656515,374.5293080319989,1410201
2025-12-15,374.43194580078125,374.9676019145781,370.19529292558894,373.99366009142335,1870236
2025-12-16,371.65618896484375,374.18844353576173,368.49087818178236,373.9936432909433,5109787
2025-12-17,374.7240905761719,375.4545468930845,370.87700875149466,370.92572367269497,3651138
2025-12-18,375.2597351074219,376.428477067461,372.8735957123274,374.38319349856386,2379619
2025-12-19,375.5519714355469,377.25636961918116,373.5066876707166,374.967600399546,3611941
2025-12-22,376.1850280761719,376.86679923929347,374.04234418265736,375.5519718374707,3112021
2025-12-23,389.9662780761719,390.5019638821341,376.379808242026,377.3537500103093,18487395
2025-12-24,391.865478515625,401.65358145044803,391.28110750705105,393.27767625380585,17624423
2025-12-26,391.670654296875,397.757790008695,390.1610565292806,393.27765218032704,5435637
2025-12-29,390.2097473144531,394.9333706389436,388.6027494079864,393.4724580471842,6105510
2025-12-30,387.6288146972656,389.77149842623805,385.1939603335893,389.57669818820665,4418163
2025-12-31,388.6027526855469,393.47246136581686,387.1905252793313,388.01838169944585,4644679
2026-01-01,390.0150146484375,392.3037541530802,387.8723307503323,388.6027871170938,3161157
2026-01-02,416.74969482421875,418.3080076656962,390.55066606273385,390.8915516409235,35090129
2026-01-05,416.3114318847656,425.32039348252306,412.4643499081367,419.72022816499816,17258568
2026-01-06,415.92181396484375,420.0610664174338,413.6330746218747,415.8731287661036,6308113
2026-01-07,420.4019775390625,421.1811488226882,412.61044303687726,415.82446885243587,8920605
2026-01-08,414.16876220703125,422.69075319894546,412.41567880620437,420.40198395950506,5991259
2026-01-09,407.44854736328125,417.1879651096375,406.32852026691916,412.65914180205067,7306605
2026-01-12,421.0350036621094,421.86286008823055,404.8188795836196,407.98419024876165,14407896
2026-01-13,417.7236328125,424.4438252998871,414.5096367557677,422.6907419457322,7104004
2026-01-14,420.9376525878906,430.48227021966017,416.26271417291287,416.8470851900782,17125550
2026-01-15,420.9376525878906,420.9376525878906,420.9376525878906,420.9376525878906,0
2026-01-16,419.7689208984375,422.3011755536628,416.84709546294954,420.9376629615708,6410141
2026-01-19,418.9410705566406,421.57072537607525,417.1879871585814,419.76892705330306,7105031
2026-01-20,404.47802734375,419.72024065688197,402.7736291529068,418.8923841625747,6768420
2026-01-21,403.2605895996094,408.71466961323875,400.8257351044485,404.1371609957432,7312100
2026-01-22,412.17218017578125,415.72706178860665,406.2798144734343,406.2798144734343,11497522
2026-01-23,407.49725341796875,414.70441697465174,404.5754279445287,412.95133357952596,6520896
2026-01-27,411.8799743652344,415.824456422463,407.9842072305954,410.02949092074977,8749844
2026-01-28,432.47882080078125,434.3293338976751,410.61384641735543,412.4643297919059,17496873
2026-01-29,443.87396240234375,449.5228127886307,431.0179191284123,434.37803012933693,16915601
2026-01-30,429.26483154296875,442.12087468855333,425.61254993596674,442.12087468855333,10191610
2026-02-02,412.46435546875,414.41223908371455,402.23796649018595,408.08161733507967,9618062
2026-02-03,418.2106018066406,425.61256541042127,409.0068696557719,425.61256541042127,13955805
2026-02-04,423.5672912597656,429.89791308507614,417.28538435882643,420.25589501868774,11476290
2026-02-05,420.5967712402344,426.39170710257787,416.55491872464216,425.6125655534317,5252658
2026-02-06,421.52197265625,422.8855148684204,415.921807658249,419.3306037439887,4738027
2026-02-09,420.45068359375,423.4698793717809,418.60017041064106,422.6907378269364,4512635
2026-02-10,419.72021484375,422.4472398924467,417.5288458760082,420.7428418064253,5103221
2026-02-11,412.22088623046875,416.79842479461865,409.34774589645076,415.0940265644868,5715603
2026-02-12,408.2276916503906,414.8505135960364,405.3058663067557,412.70782978843306,5987886
2026-02-13,398.29351806640625,406.71810884142633,397.4656615772475,401.5561993764245,8190851
2026-02-16,411.49041748046875,412.80524487724233,396.0047485422409,397.36826114090235,9719418
2026-02-17,410.5651550292969,413.53569536086695,407.5946444200719,411.2469261801084,4564907
2026-02-18,412.4894714355469,413.27891292328985,407.65407456378074,412.93355109444127,4872345
2026-02-19,410.6638488769531,414.3150834705288,409.13429472073904,412.489466173741,3824366
2026-02-20,417.9662780761719,419.8905830410308,409.57833458416536,410.51582266761176,8843227
2026-02-23,420.3840026855469,421.8642280471157,413.4269555322782,420.3840026855469,6515765
2026-02-24,425.26873779296875,426.30488344969365,416.53540256035694,418.4103485709956,8950772
2026-02-25,432.8179016113281,433.8540473179996,422.90037362274046,425.26875829272456,8935314
2026-02-26,427.7851257324219,433.75535592548937,423.837858136275,432.9659144523647,8650353
2026-02-27,424.9726867675781,428.6732500973468,419.84125701945584,427.0943370535932,8147373
2026-03-02,420.6307067871094,423.93654945001356,410.5158334860704,412.390779587113,7498197
2026-03-04,429.4133605957031,432.127107023835,420.3839921396985,420.3839921396985,18921256
2026-03-05,443.4754943847656,452.45553390517233,434.19942185011087,434.34743835723486,30106255
2026-03-06,434.64349365234375,445.6464955073926,432.817876456692,445.20241587876427,10553695
2026-03-09,431.8804016113281,441.30452088671893,429.0679674796092,433.2126104226962,15824576
2026-03-10,437.7026062011719,439.0348149852066,428.0318130194026,438.9361272761558,10860312
2026-03-11,440.8604431152344,447.9161778157947,439.28153007710796,441.1071473363397,9975869
2026-03-12,463.9026184082031,467.75119819306855,439.1335088521424,440.8604383813362,27328045
2026-03-13,460.8434753417969,469.72482711497923,456.20542403636404,466.7643765239185,20216953
2026-03-16,454.2318115234375,464.5933890760775,449.9885108575088,460.84349686503646,12312203
2026-03-17,456.1560974121094,459.36325223436864,451.9621257214626,454.23179247264943,9193238
2026-03-18,449.1990661621094,456.74820944482906,443.27816474581755,456.15611328014745,9539041
2026-03-19,448.2122497558594,453.93577575184304,444.7090316781825,444.9557359041346,10192726
2026-03-20,461.97833251953125,466.17230440633244,450.18588845991815,450.6792969171889,23878653
2026-03-23,449.2483825683594,459.8566639799132,444.70901891803766,459.8566639799132,10163783
2026-03-24,436.2717590332031,456.89622629201494,433.21262060949147,456.89622629201494,20320746
2026-03-25,437.8506774902344,440.51506509315084,433.01525051166834,437.7026308606871,8630612
2026-03-27,439.1828308105469,442.58736101833057,435.2355633767156,440.12031887218603,17184280
2026-03-30,444.5116882324219,453.83708994339713,437.25857793593303,439.1828528372793,19114688
2026-04-01,443.4754943847656,458.7218270390159,440.90976450532645,457.88302667829873,14960312
2026-04-02,443.4261779785156,447.3240866462543,434.69284243102607,442.48868988176514,6701003
2026-04-06,453.49169921875,455.366675441094,441.50187977804876,443.37682588513064,12403745
2026-04-07,456.8962097167969,457.68565116480363,449.29770778987324,452.0114541758801,11316785
2026-04-08,443.3274841308594,457.88303313682525,441.10714614689846,457.88303313682525,20653569
2026-04-09,448.1135559082031,450.1858774008851,441.9459503438292,443.3274879671967,9468415
2026-04-10,428.3772277832031,453.54105905453196,421.8642301369832,449.00169523351434,29605732
2026-04-13,429.3640441894531,433.70603257672514,425.81149728522615,429.26535647525697,18702296
2026-04-15,430.0547790527344,433.21260507661816,425.7127908563398,433.21260507661816,10149319
2026-04-16,427.0450134277344,431.1896564533804,424.8246754029801,430.7455768023248,11776638
2026-04-17,432.9659118652344,434.3474494925782,424.82467249682827,427.0943393049459,10733309
2026-04-20,435.9263610839844,437.8506660652645,427.587746318786,432.8178939040609,8090840
2026-04-21,437.3078918457031,439.4295421025061,436.0743707527641,436.46909147945235,5336558
2026-04-22,438.2947082519531,441.84725501887567,436.6664664340648,437.9493163232469,6991939
2026-04-23,444.7090148925781,445.547815252207,436.8144799600916,438.39339296964107,8989280
2026-04-24,449.9884948730469,455.90939612137646,445.1037392970706,446.7813400302017,16441909
2026-04-27,446.5346374511719,454.57718898663245,444.7090202031811,452.45553872124265,6922067
2026-04-28,460.8434753417969,467.6525056781846,450.1858652600823,450.1858652600823,26732373
2026-04-29,473.57342529296875,479.29698139428456,457.9323713716898,463.6559274730056,18063862
2026-04-30,475.1029968261719,484.77379016140435,472.093187286293,478.0634474531118,16935052
2026-05-01,475.1029968261719,475.1029968261719,475.1029968261719,475.1029968261719,0
2026-05-04,473.6227722167969,480.57981915434357,469.3301127783003,475.25101404098217,7757497
2026-05-05,466.3696594238281,473.6720982487779,464.98812182698805,473.6227694513147,6946902
2026-05-06,464.0013122558594,471.2050634839598,461.8796318568638,467.60318786990956,8596697
2026-05-07,460.4980773925781,466.6163539135069,450.08717166297265,464.0012952819968,24264105
2026-05-08,450.3832092285156,457.2415984569126,448.90298393737334,455.1199482293274,15767759
2026-05-11,458.3271179199219,459.6099678344932,446.8800359400684,449.9885031294233,6258261
2026-05-12,456.945556640625,462.81712928209976,455.56401899417864,458.8698616549603,6464174
2026-05-13,456.1560974121094,467.35647489135937,453.44235102404383,457.1429142804968,12091924
2026-05-14,448.0641784667969,463.6065438463326,445.49847875031986,457.8830181653696,11408675
2026-05-15,456.1067810058594,462.32371539949173,449.24839153814,450.97532110473367,7859575
2026-05-18,456.0080871582031,462.32370917943774,451.02464383535124,455.9093994469589,7735499
2026-05-19,450.9259948730469,457.1429293020701,448.01487296954093,456.00809588918645,7319865
2026-05-20,452.6529235839844,453.98510230532656,446.73202219042156,449.9885059107764,3756072
2026-05-21,454.1331481933594,459.11656147872714,451.22202630015687,452.65292284737745,7425043
2026-05-22,450.53125,456.7482146267972,449.98851274345384,453.9357803990982,9201635
2026-05-25,451.9621276855469,456.45213241011766,449.9884939401951,453.9357614308986,8441223
2026-05-26,452.1101379394531,469.3794329723983,449.0016708565751,451.9621214336514,17073323
2026-05-27,456.945556640625,462.12634540124554,422.752356843582,423.3444530107053,117042535
2026-05-28,456.945556640625,456.945556640625,456.945556640625,456.945556640625,0
2026-05-29,451.8634338378906,467.7511912952323,449.88980011934535,452.8502506971633,97895486
2026-06-01,466.3696594238281,470.7116476347231,450.531230569478,450.531230569478,47716517
2026-06-02,465.92559814453125,468.68870356234726,457.19226246589665,463.655931297095,24933269
2026-06-03,466.0736083984375,472.24121400457426,460.05404941905743,465.6788876626971,15291450
2026-06-04,475.30035400390625,478.06345939388865,466.61637732741735,466.7643938394092,16059802
2026-06-05,466.0736083984375,477.2246574034898,462.9158123972525,476.9285942652382,9592529
2026-06-08,458.7711486816406,464.3960167867182,457.83369074096794,458.86983638993786,10074583
2026-06-09,460.7447814941406,461.38620642393965,452.35683826454937,458.7711477930603,10972434
2026-06-10,445.0544128417969,461.23820364935546,444.26497138396917,459.06722458269854,8127902
2026-06-11,440.3177185058594,446.0412445535837,439.182854964011,445.0544276408545,6034733
2026-06-12,437.6532897949219,447.37344216403955,433.85403875335675,447.37344216403955,9946830
2026-06-15,438.1960144042969,443.67286604354604,435.3836104469982,442.38998605707064,10056872
2026-06-16,445.0050964355469,447.47213870403255,437.7519861431466,440.07101189857553,7262608
2026-06-17,449.7417907714844,455.4653166002557,442.68605613843977,444.95572290478606,9064734
2026-06-18,446.0412292480469,451.46872208181736,444.41298742096797,449.9884967635163,5364436
2026-06-19,445.3504333496094,448.80429233229273,442.09394978346927,446.33725020180464,6128782
2026-06-22,443.0807800292969,448.3108974579257,441.79793012876866,446.04123067537233,3738644
2026-06-23,438.4920959472656,445.54783076579787,437.6532955584305,443.3274927387258,3512212
2026-06-24,435.9263610839844,441.304525179682,435.08756070457355,438.492091020604,4169224
2026-06-25,429.6600646972656,437.0118625193609,426.3048933191946,436.71579938539907,7046971
2026-06-26,429.6600646972656,429.6600646972656,429.6600646972656,429.6600646972656,0
2026-06-29,438.9855041503906,441.9952836503989,429.51205588383493,429.90677662092855,21400224
2026-06-30,433.2619323730469,440.95912198637683,432.1764579141541,439.7256009055798,4363382
2026-07-01,429.0186462402344,433.2126180551188,427.4890920950283,433.2126180551188,3391210
2026-07-02,433.1139221191406,434.1994267089653,427.0943331348959,432.62051367969866,4941315
2026-07-03,432.91656494140625,439.57757869121997,432.0284056825561,436.1237197098351,4283263
2026-07-06,426.6502990722656,434.69285090361603,425.5647944430974,432.91659250334976,5464728
2026-07-07,423.29510498046875,428.62391001195806,418.85442910168416,426.6502762880538,5315215
2026-07-08,423.3937683105469,426.3048901388495,420.8280685269201,422.35762263756385,3686631
2026-07-09,424.2325744628906,430.0547880836324,423.19642877577763,426.7489755984331,2855525
2026-07-10,423.6404724121094,426.89698616892525,421.1241014268408,424.47927277895263,4872051
2026-07-13,424.52862548828125,426.20619608219255,419.39716576691126,423.34443320942336,5650932
2026-07-14,424.9233703613281,430.74558414690506,422.40696915454276,424.28194538851466,6155516
2026-07-15,421.9135437011719,427.24237892900305,420.9760857372098,424.8739943320731,5624520
2026-07-16,421.7161865234375,424.82465357532686,420.2359612496559,421.9135318241189,4570655
2026-07-17,422.0122375488281,424.0352302451857,419.1011457885988,421.7655333259988,4142036
2026-07-20,423.7391662597656,427.78512152911406,422.50564514808997,422.50564514808997,5363624
2026-07-21,425.5647888183594,427.48909382259933,423.4924673019307,424.281938892374,4612497
2026-07-22,422.7523498535156,426.00886366121756,421.71620416462866,425.614112812821,5625202
2026-07-23,421.4201354980469,424.8246657715892,418.9037645064799,423.19642394673633,6064005
2026-07-24,421.7655334472656,423.2457587846673,419.150474707575,421.37081271367754,5403125
2026-07-27,421.8642272949219,425.3180864657575,420.1372977095041,423.8378611068279,5241433
2026-07-28,404.7429504394531,418.0156499521451,401.4371077611541,417.3248660676305,14222229
2026-07-29,404.6442565917969,408.0487869327455,400.89436442908794,407.6047072829655,9914444
2026-07-30,411.70001220703125,412.78548667708753,404.6936063729949,407.5060404891886,23225454
2026-07-31,414.1499938964844,415.1000061035156,410.1499938964844,413.0,5938134
2026-08-03,416.0,416.0,412.6000061035156,415.95001220703125,5371911
2026-08-04,417.6000061035156,417.6000061035156,413.0,415.0,4055314
