Date,Close,High,Low,Open,Volume
2021-08-25,940.437744140625,987.6195130605556,933.4771470694607,934.9821255142401,7104395
2021-08-26,934.7468872070312,964.1414434085102,924.6351598737225,940.625798447327,2551440
2021-08-27,955.111572265625,964.8093656929409,930.7023184115371,939.7041152622933,2406600
2021-08-30,963.4738159179688,969.6630934924971,955.9769970492648,964.3109868137609,1264855
2021-08-31,979.8970336914062,1003.9487874905913,963.4831576257666,968.1957025819469,3253910
2021-09-01,972.1463012695312,986.961159471502,967.574873088766,978.4578644333297,996990
2021-09-02,970.3402099609375,978.2320747960771,947.4454084147212,975.2409488273673,1906175
2021-09-03,986.3873901367188,999.4996602957289,965.2327224639832,975.4290752468326,3104845
2021-09-06,993.4889526367188,997.4396500039632,986.1521400789597,991.0433484507992,1562865
2021-09-07,974.40380859375,999.4526809132759,970.7259291730373,996.4991018074412,1136640
2021-09-08,966.2296752929688,980.9599085166852,956.0615119697729,978.2414859830576,1530295
2021-09-09,962.2508544921875,975.1656293818116,956.240241373414,969.8699011136979,1121805
2021-09-13,974.083984375,983.1422170510401,959.4384885568728,963.2009924335664,1939460
2021-09-14,996.2261962890625,1004.5225803041307,972.6070957785923,979.1914765043662,1981835
2021-09-15,1010.1005249023438,1017.3527139178378,990.5448755102151,1000.6378879651068,2226230
2021-09-16,1028.1883544921875,1038.24370137037,1012.1319268100892,1020.6915963855048,3290835
2021-09-17,1024.2850341796875,1039.3915400944063,1016.8165202190527,1031.8665334692885,1501845
2021-09-20,1006.592041015625,1043.088373389452,1001.9547046129768,1024.1535686384502,1565750
2021-09-21,1040.6141357421875,1045.5524200877712,999.875586340315,1010.608156468339,1978205
2021-09-22,1046.041748046875,1062.7191409706745,1034.754237743724,1047.8572064758619,1742350
2021-09-23,1063.4248046875,1067.5447512939004,1045.6469497469363,1057.3576978973997,1101165
2021-09-24,1062.7191162109375,1097.32466266313,1049.7855109565767,1074.279329664451,2340985
2021-09-27,1018.7166137695312,1071.3916607144486,997.3173759481587,1070.432203987782,3112105
2021-09-28,981.03515625,1027.2386960689912,968.844681275404,1027.1634873327585,2611770
2021-09-29,989.6702880859375,997.0447640339559,940.8141696381026,973.5479441024855,2904110
2021-09-30,986.0206909179688,1001.1647476435113,979.0130726425756,997.0636317670209,1779880
2021-10-01,993.2069702148438,1001.7666434526141,973.5572802091713,979.9441671956058,1321155
2021-10-04,1004.2027587890625,1009.8559295570666,987.845260831572,996.800037649525,945250
2021-10-05,1012.5650024414062,1018.0112634251946,986.3497618555214,1000.8260089783732,1284895
2021-10-06,997.4021606445312,1027.1541652911935,992.614406507333,1020.7014847806498,1533735
2021-10-07,1025.084716796875,1034.5003910624948,1003.2809583279007,1006.0840050849592,1164840
2021-10-08,1062.1265869140625,1077.9572794462713,1022.460351446856,1029.0070709557913,2844105
2021-10-11,1008.736572265625,1053.5009230883409,970.6035646099276,1053.5009230883409,2501120
2021-10-12,993.1880493164062,1018.5003236566405,981.0727835043919,1011.8312035587054,1896525
2021-10-13,1004.1743774414062,1006.4694489204218,994.2413154288652,999.8850693480451,902630
2021-10-14,1054.2723388671875,1089.2448626118073,1019.6385415122618,1019.6385415122618,4070165
2021-10-18,1054.413330078125,1070.79907369886,1036.8706350350676,1065.3152663369408,1563700
2021-10-19,1102.6771240234375,1126.8699982651829,1061.0355907743728,1062.9074274120674,4652055
2021-10-20,1094.9638671875,1134.3949502435103,1068.551130577635,1103.2977997265082,2753345
2021-10-21,1024.9906005859375,1100.40062170301,1016.609706335991,1098.6510712757402,2833255
2021-10-22,1015.406005859375,1046.9169842718707,1003.7233868551067,1036.4948870763287,2088835
2021-10-25,953.6630249023438,1005.5291542718289,889.1925420776059,998.9447725319759,5763730
2021-10-26,957.1903076171875,979.746498311019,933.4865234723495,962.8246475682489,2449410
2021-10-27,948.6870727539062,967.7911825247487,937.4559971889446,961.9687058956282,2132460
2021-10-28,946.881103515625,964.7529959613324,931.23848990314,952.6659184657751,2224895
2021-10-29,916.2542114257812,946.8339079797918,909.4158434833859,936.1108082990141,2252140
2021-11-01,955.196044921875,959.4288608466842,919.9319943252071,927.4570004137569,2396685
2021-11-02,948.8093872070312,968.9764094455248,944.2849787795434,963.3890317128364,1375160
2021-11-03,955.2974853515625,960.5974590002548,944.7541191495171,953.3925501020623,971555
2021-11-04,958.4096069335938,963.4738163651809,955.3729346940191,959.0885800696329,108085
2021-11-08,990.5208129882812,997.3768543827243,947.7720894417596,961.9179415229798,2033905
2021-11-09,1015.0967407226562,1021.1323261841046,982.8724542027136,993.9816889430422,1887080
2021-11-10,1009.8532104492188,1013.7857977307732,997.3577110818395,1013.7857977307732,1175190
2021-11-11,1014.0123901367188,1019.4160872120921,991.6525501208707,1006.2604908256518,1032505
2021-11-12,1021.8963623046875,1031.704176402195,1012.8147203884433,1024.3482870492537,1222580
2021-11-15,1036.645751953125,1040.8423086829612,1017.7751760967527,1020.4534251865547,1249510
2021-11-16,1079.1871337890625,1107.9032852872765,1050.94262585717,1056.2237214405225,8258485
2021-11-17,1101.3675537109375,1119.8891999375162,1071.689588874468,1085.4676325725497,3446585
2021-11-18,1050.9613037109375,1104.8098190079259,1038.871252181594,1103.3763543848622,2993690
2021-11-22,1023.8298950195312,1057.7516290043964,1003.2335615693396,1057.7516290043964,1304240
2021-11-23,1029.0447998046875,1038.2396038738916,988.7573246385356,1011.8999760262591,1465375
2021-11-24,1014.2953491210938,1036.9287123570407,1003.7896825380997,1034.1938246088494,1605925
2021-11-25,1037.8907470703125,1043.963978190259,1009.2594385586374,1018.1241963566413,1041030
2021-11-26,993.5385131835938,1043.0206686319407,981.1561746013047,1035.2876500478192,2199500
2021-11-29,998.2725830078125,1010.7962868268628,949.2996044404389,980.7788375027475,1246875
2021-11-30,1024.461669921875,1031.704398619506,997.0187331652644,1008.6937838896964,1866165
2021-12-01,1014.4647827148438,1028.7426729547988,1001.1677081428032,1018.3784904920838,1737125
2021-12-02,1021.1701049804688,1025.6685041226876,1001.9223994890998,1022.0471984154304,2277090
2021-12-03,1009.0990600585938,1033.486494239799,1005.6757593894889,1025.4610719427963,1046860
2021-12-06,966.6803588867188,1012.8429403337537,962.1253211491334,1005.2984864020311,1249415
2021-12-07,982.382080078125,997.7539497370748,943.2452861121322,980.5337258562715,2446190
2021-12-08,990.6716918945312,1007.6561534423923,985.1170737341532,999.640170939575,1223510
2021-12-09,994.0289916992188,999.7344158407085,983.136640426656,998.4990713871598,645250
2021-12-10,1002.535400390625,1006.9489571253655,984.5513568146866,988.3235842354326,865795
2021-12-13,1032.92041015625,1053.7713759492306,1004.6475941734045,1009.0704739843987,2007730
2021-12-14,1025.9420166015625,1036.6551274153542,1006.9582797112612,1006.9582797112612,1169075
2021-12-15,1002.054443359375,1032.4585840071743,999.6401628032974,1026.6115630399927,1091080
2021-12-16,1010.07958984375,1028.8747586818406,1002.6295347406007,1013.7858529633169,1484725
2021-12-17,1017.1718139648438,1037.0797333533662,1008.3164949504085,1023.5940873704221,1803535
2021-12-20,977.3746337890625,1008.1277016885653,954.37346502229,1008.1277016885653,1610350
2021-12-21,1017.9166870117188,1024.1597186291635,983.1178669184263,989.2666158766046,1650015
2021-12-22,1032.49609375,1042.0775813923826,1018.5011655237766,1023.9709400529805,1717310
2021-12-23,1028.96923828125,1050.5652617485825,1025.1499273616953,1037.362466717631,1022140
2021-12-24,1064.82421875,1069.1905760490201,1030.0726009999487,1031.326825017793,2589040
2021-12-27,1059.6470947265625,1070.303684403731,1046.6800615491156,1066.9746657120993,1473275
2021-12-28,1066.72900390625,1081.2991816124083,1060.7311780393618,1066.9742078197348,1356135
2021-12-29,1065.4842529296875,1074.1415639482966,1057.1665436225114,1062.8248837311064,803805
2021-12-30,1105.3848876953125,1114.692851316,1061.6931188154947,1063.786676745194,2721840
2021-12-31,1110.9869384765625,1117.2299702516634,1097.8313413974938,1110.9209751491828,1382600
2022-01-03,1126.6038818359375,1132.611148685897,1114.6930705634722,1116.5791840500433,1565055
2022-01-04,1151.5477294921875,1157.1306670630777,1129.8103398222424,1136.3834179388823,3346085
2022-01-05,1120.257080078125,1151.9815213689083,1111.099921214513,1151.9815213689083,3480935
2022-01-06,1118.68212890625,1128.7257057678962,1085.7694271087657,1103.3763371105365,1719990
2022-01-07,1085.6845703125,1126.9527401139949,1077.1122172675261,1126.9527401139949,1259050
2022-01-10,1052.554931640625,1096.4919082224549,1048.6789826682707,1096.4919082224549,1901720
2022-01-11,1087.750244140625,1110.5249777153838,1059.043530307603,1059.3735772210002,3841550
2022-01-12,1091.7486572265625,1101.2546287641035,1081.1203881834874,1093.945938228525,1230480
2022-01-13,1080.111083984375,1106.1677450947418,1072.3780651263141,1097.7179939383172,1046130
2022-01-14,1072.9254150390625,1076.9711666802573,1060.939196598327,1065.654481916542,916430
2022-01-17,1061.504638671875,1078.856905632467,1058.732107126169,1077.1028339183863,853150
2022-01-18,1020.4252319335938,1070.3694839685418,1015.0497390218553,1070.3694839685418,1393010
2022-01-19,1020.0574340820312,1029.6576880589048,996.0943280123859,1022.2735945888878,1693990
2022-01-20,1001.6865234375,1026.0456352656392,985.0226709880149,1018.1239363812884,1461985
2022-01-21,980.8448486328125,1015.6719802803977,972.2441768586051,990.2094515268502,1248565
2022-01-24,910.0402221679688,980.7789102815641,905.523001562266,980.7789102815641,1940435
2022-01-25,901.8734741210938,920.0933373630328,877.3068573969325,883.6441711021552,1319185
2022-01-27,830.0408935546875,900.6192936866931,824.4203115547592,900.6192936866931,2717755
2022-01-28,888.9725341796875,910.0498310776906,860.0678196299003,867.8951797220641,6720665
2022-01-31,907.8807983398438,926.0817831775395,898.3747696218982,906.6548360043839,2333095
2022-02-01,903.6181640625,933.3621550219141,889.3120084227284,928.9109545232727,2125050
2022-02-02,909.6348876953125,917.1982218415429,897.1111230057945,907.0320416519903,2065345
2022-02-03,882.4180908203125,913.2560538053391,878.9382095902291,910.8040720576454,1737845
2022-02-04,885.549072265625,893.8290797063268,865.3487574170349,881.7579661205556,2057605
2022-02-07,881.1516723632812,900.0935138705621,872.4797904732395,887.0432095385075,1635785
2022-02-08,866.5032348632812,892.149939742959,859.6186922191703,884.5845387113271,1383345
2022-02-09,901.0013427734375,903.1196455866168,871.92183586057,874.7493949399168,1611105
2022-02-10,894.5235595703125,911.4700998888678,891.4879792662497,905.9567975793192,941430
2022-02-11,858.9757690429688,881.2086038983031,855.8361202170554,878.5323267200491,1775005
2022-02-14,823.7303466796875,853.604250747132,813.2806475773762,826.5200999797986,1288900
2022-02-15,851.9397583007812,856.4033169081567,819.23829834842,830.3027081674292,1755420
2022-02-16,843.9015502929688,868.2337521439475,837.8870705100775,864.7253344636413,1318130
2022-02-17,830.0379028320312,849.7836031038031,825.3851976036837,846.0009027869031,1118710
2022-02-18,817.1484375,835.9673377025136,814.2357419772914,819.9192586673429,1086800
2022-02-21,834.634033203125,852.9990294042451,801.932568663858,813.2806710506106,2397775
2022-02-22,835.617431640625,841.3954926793607,795.3316952564529,795.3316952564529,1416055
2022-02-23,839.1260986328125,849.9918988345473,830.3029317276121,842.5967108989776,733475
2022-02-24,799.2939453125,816.949680468535,792.2013831871094,813.7060223161866,1792400
2022-02-25,851.4668579101562,854.322814869613,805.7150969649452,818.0088719186357,1664145
2022-02-28,857.8219604492188,862.6827448843768,826.5201340660692,826.5201340660692,1471030
2022-03-02,849.679443359375,860.5263646257488,847.3247220610752,851.1074217131337,1149115
2022-03-03,884.849365234375,887.7336630538285,849.7931786034459,860.5644329965837,3152420
2022-03-04,881.83251953125,894.0506250350959,861.4626997010918,878.7212693908322,1631635
2022-03-07,893.171142578125,898.0129941614091,847.5423219354619,853.6324714968555,2467275
2022-03-08,910.278564453125,915.9431495431927,883.7523872121683,896.7837611715088,2302850
2022-03-09,861.7180786132812,921.8157803018163,856.025153485024,918.666665904998,4306000
2022-03-10,805.7151489257812,822.7372999594245,799.5493290811568,822.6900277504383,18311435
2022-03-11,812.9590454101562,818.8601066225708,801.0246300551858,805.4882466200269,3857190
2022-03-14,827.5035400390625,831.2011620981818,797.601297224423,811.3892566989999,3609870
2022-03-15,785.2130126953125,834.0854984683507,772.4463979228377,829.7354157817987,4969165
2022-03-16,822.8224487304688,824.6097307496492,794.5562069778756,794.5562069778756,4301735
2022-03-17,834.2842407226562,838.8140047041229,825.5745502894017,836.9226540734485,4807090
2022-03-21,838.6058959960938,848.2706690011235,831.0499025337095,840.5161206837593,1428255
2022-03-22,843.107177734375,847.3249095587175,829.9244642210795,836.9224832136886,1089810
2022-03-23,838.8989868164062,850.5402455015287,833.4802290054517,848.4408166729282,827815
2022-03-24,847.126220703125,850.9183868369962,832.4020534491766,837.8586168834482,1579895
2022-03-25,836.5536499023438,855.835979356192,832.5723946073199,849.216253549017,1536150
2022-03-28,820.401611328125,839.7973606607117,816.1176750849819,837.8682040849293,1154430
2022-03-29,833.6978149414062,836.355159912681,821.3472992866679,823.6830892972577,990615
2022-03-30,855.2591552734375,857.1599715434049,831.9387739557245,837.1116469950404,1637480
2022-03-31,843.0693969726562,863.5716273165065,839.7595339447209,863.5716273165065,1230430
2022-04-01,835.0028076171875,850.7293908856742,822.9360404920175,849.2163336462385,1650485
2022-04-04,853.3016967773438,859.6188005082114,835.0028460952595,843.5423212907862,1596040
2022-04-05,862.0018310546875,870.966813004977,853.3016081322501,858.6541040838093,1795365
2022-04-06,844.3460083007812,861.3208882586498,841.6508572949678,859.8078311535314,1222695
2022-04-07,830.14208984375,849.9539971346999,828.4398860012543,843.9205846476339,1790400
2022-04-08,827.1158447265625,838.5396164743843,824.969143708242,837.8492343793065,931325
2022-04-11,815.6069946289062,830.7945349308352,812.3349378951767,828.2222685592524,1277825
2022-04-12,784.3617553710938,812.1456919502904,776.4275858560242,788.6929631044968,2028475
2022-04-13,786.9530639648438,801.7434382260981,784.9104308906435,793.2702252137891,1152325
2022-04-18,770.1105346679688,779.2079249857741,755.594444215432,770.1578646009734,2060760
2022-04-19,761.703369140625,788.1916761148208,752.1992896784783,779.236162006787,1646955
2022-04-20,753.0789794921875,769.7795773587277,744.2747460943189,769.7795773587277,1795945
2022-04-21,774.13916015625,776.7586989255179,754.8379547572791,762.2142097594517,1459790
2022-04-22,780.9857177734375,784.9197583084392,756.9183339012473,771.6708416089425,1394285
2022-04-25,756.8143920898438,777.3355556651865,755.2161986781557,777.3355556651865,1078155
2022-04-26,764.6445922851562,767.8882512477155,756.918442174807,763.1598753163872,554235
2022-04-27,762.7720947265625,765.9968213805179,749.1921565943361,756.9277718888601,782125
2022-04-28,775.6710815429688,783.0284616471369,760.6537560907591,772.616569390016,936520
2022-04-29,794.4049072265625,803.8238522031371,778.3000899429954,785.8560249185964,1644240
2022-05-02,778.5836181640625,789.6385603172811,768.0204454407758,789.6385603172811,650650
2022-05-04,767.5950317382812,791.5300664446956,762.157399860077,781.0709020451354,692650
2022-05-05,788.9957275390625,797.5635424092469,767.5950934778099,777.2977301142599,1261345
2022-05-06,738.64794921875,767.254621998726,679.1366200113994,765.9968579101,9471025
2022-05-09,729.5977783203125,743.0925799622903,712.4716167531705,730.7514741937935,2411595
2022-05-10,690.21044921875,738.4115414951369,687.4018217363391,728.169863487502,1709820
2022-05-11,703.8849487304688,712.6040460834956,679.9404465245788,697.9082747359375,1718220
2022-05-12,691.08056640625,706.4004588263874,671.8549729824451,695.1090943674568,2573040
2022-05-13,707.9796752929688,718.5239178563812,692.0734134409828,710.201988654383,2299395
2022-05-16,717.8997192382812,733.4654924918183,708.1308805189051,709.3791784206933,1659875
2022-05-17,745.31494140625,749.7879662804182,720.7463201117454,722.4957960064501,1171455
2022-05-18,747.1495361328125,770.1010893706339,741.4565535381217,746.6766985809459,1431600
2022-05-19,693.14208984375,725.2761134860897,685.4253481730617,724.3871765220504,2393815
2022-05-20,716.2449951171875,718.7131936796593,694.5417364746841,710.9586450460704,1152750
2022-05-23,731.2855224609375,738.459451480133,715.2011013344369,724.6049990698516,989935
2022-05-24,704.8766479492188,735.2234950681091,701.8590491215576,735.2234950681091,917500
2022-05-25,655.51318359375,707.3533804112218,652.220415002813,704.8766800227456,1965075
2022-05-26,660.0491333007812,671.0282917265623,636.3542533695032,662.355032840278,2096885
2022-05-27,696.7916870117188,702.0203148221584,667.0996072766736,667.0996072766736,2415750
2022-05-30,739.8448486328125,743.0143093572708,712.1834949830452,716.4441935692713,2353215
2022-05-31,742.3499755859375,749.6567683292525,727.0911228691635,742.625203112878,2278985
2022-06-01,719.9457397460938,750.1692225392306,714.9259067024512,742.3500264964492,1627080
2022-06-02,728.808837890625,737.3207367418228,714.1762533830972,719.9457806418957,1255295
2022-06-03,713.6165771484375,761.0442275589769,709.3083844783529,747.5693680559493,3123375
2022-06-06,684.5314331054688,711.5190757306326,678.4108068949073,711.5190757306326,2978330
2022-06-07,673.80859375,690.813450116512,670.4303959329301,682.2825551129654,1440245
2022-06-08,663.96826171875,681.3147224008403,656.0351977698691,680.1949886976664,2041880
2022-06-09,673.7802124023438,675.6306429128778,651.9168219322213,659.4703477356052,1524445
2022-06-10,661.0645141601562,667.0997124520862,643.6041286754728,663.8733179870064,1726700
2022-06-13,628.4781494140625,647.172136192724,626.4949123986645,647.172136192724,1822030
2022-06-14,613.7318115234375,636.7339342478226,611.1317448144447,619.2735468626929,2032605
2022-06-15,622.015869140625,626.2765675794662,610.752042935022,626.2765675794662,1519350
2022-06-16,625.5269165039062,643.376337351758,618.9413215895047,634.8359434931065,2376050
2022-06-17,640.6813354492188,658.540254676149,621.5603775127995,626.2955421173422,6981435
2022-06-20,639.5237426757812,654.3840041223683,633.5929129620915,646.0239088746816,2165955
2022-06-21,682.1401977539062,687.9761565943868,644.6668574706026,645.2741882540455,2943285
2022-06-22,664.8316650390625,677.5378866455832,657.2307055312025,677.5378866455832,1915020
2022-06-23,698.1961669921875,703.8992612615331,663.3133948818124,664.8316638948586,1571635
2022-06-24,692.2178955078125,709.583409917247,679.3409299854144,708.9096468626792,1863505
2022-06-27,719.499755859375,726.5028841289991,703.3204641914567,705.8161619364498,2246030
2022-06-28,708.8906860351562,717.7442446264971,704.1080859247307,711.9557781386237,1547735
2022-06-29,695.0457763671875,703.3489375957436,690.3675450480317,690.3675450480317,1994865
2022-06-30,671.7115478515625,701.9350918300491,669.9465467703689,697.4655975583868,1367215
2022-07-01,661.9849243164062,671.4647526848199,649.0509670333353,671.4647526848199,2681085
2022-07-04,665.3630981445312,670.8668959983886,646.6027388083342,666.1507284708028,997635
2022-07-05,672.3282470703125,680.2708083151244,662.3549561569604,671.4457467006945,1671945
2022-07-06,684.78759765625,687.7861985852132,668.997348467228,673.9128113965576,1255740
2022-07-07,685.0249633789062,706.0058491072375,677.7466086903307,688.3557260468561,2292405
2022-07-08,684.49365234375,698.4144790722771,679.0562284959059,698.4144790722771,1902540
2022-07-11,664.7938232421875,675.621120429538,653.814664380698,671.844386620514,1794550
2022-07-12,667.7070922851562,674.5014256795745,655.522769594509,660.4572317602784,1022425
2022-07-13,665.2587890625,679.4737830737474,663.3039899210938,670.515855628469,1592075
2022-07-14,648.5479736328125,671.6449598484976,635.5950209432791,667.8587281781487,2490795
2022-07-15,641.2222900390625,659.498743541276,632.3212964685799,653.2453093342447,2274990
2022-07-18,653.178955078125,661.2163883965203,646.2991920186298,649.0700596820299,1928330
2022-07-19,647.4755249023438,651.916521328894,638.4511690301312,651.916521328894,2425015
2022-07-20,671.0662231445312,674.6911530265949,651.9167681143047,652.8657008189834,2407070
2022-07-21,687.169677734375,707.9038352648419,668.1625268500252,673.7422560831606,3903380
2022-07-22,707.2300415039062,720.9990644497489,675.7729567885436,690.6332176044359,6784000
2022-07-25,719.1961059570312,727.8313702331737,699.3728882441716,700.3123223364827,3109580
2022-07-26,702.6751708984375,718.6552231674161,700.0086723086537,715.1062241103646,2521590
2022-07-27,718.8070068359375,720.9990390110127,697.9494850538132,705.6073787351158,1893570
2022-07-28,729.9285888671875,733.3542222289833,718.7216952929697,724.5006633647457,3251015
2022-07-29,750.472900390625,752.4941316728474,738.5448094146423,743.9632359762145,2288000
2022-08-01,748.5275268554688,758.7664888268306,740.1579343177498,751.5546241862824,1282525
2022-08-02,724.97509765625,743.9442534142562,721.7582018431868,743.9442534142562,1735430
2022-08-03,736.8486938476562,742.485600692817,727.3364934559977,729.174180646451,1710915
2022-08-04,742.9044799804688,751.835868449544,727.4602599489765,741.7428566757235,1474645
2022-08-05,749.2650756835938,757.701315852651,741.7333535150547,743.0759502027936,1176665
2022-08-08,740.0289916992188,754.5686363359497,736.9820259635006,750.1315349806627,752610
2022-08-10,727.9649047851562,743.8376135826414,725.555879023412,740.0289213043033,910245
2022-08-11,734.5253295898438,755.8349674355679,732.4115332810662,734.8871600038558,1827410
2022-08-12,722.2232666015625,736.9343520138185,720.7950070103926,736.9343520138185,830770
2022-08-16,728.717041015625,735.0775496265533,723.0801931769868,726.6413108675458,734365
2022-08-17,741.685791015625,752.2168242302064,726.0891894285054,732.0307408681624,1873720
2022-08-18,742.8092041015625,746.503640030588,724.2798964004617,741.5523287541182,1163975
2022-08-19,747.208251953125,772.8978616259583,740.9810612779513,746.6940994402855,4856375
2022-08-22,716.58642578125,735.0776105407577,714.1298029864874,735.0776105407577,1989105
2022-08-23,704.6176147460938,711.2732953193927,688.0497798014778,696.9906990278386,1792810
2022-08-24,704.2366333007812,711.2541434095776,699.6566836598379,708.0357941358309,928190
2022-08-25,701.5993041992188,714.1012844553719,698.1429109426122,708.7882000099759,1057555
2022-08-26,697.3431396484375,713.1777859265031,695.3245369463671,707.0838536948654,875930
2022-08-29,668.7303466796875,678.7091040822633,653.38131801644,653.38131801644,1673060
2022-08-30,678.0140991210938,682.5083295355762,673.6340667457731,677.9474400112115,1310340
2022-09-01,666.7022094726562,676.0430269999432,658.7515858522438,676.0430269999432,935480
2022-09-02,660.3511962890625,675.3098005204795,659.0943206530176,672.0438533193507,830030
2022-09-05,661.7890014648438,671.2821408662157,659.3990373101433,660.9034292007321,675495
2022-09-06,660.1512451171875,671.7201735523637,654.7143148433283,668.0447405752312,920815
2022-09-07,667.3304443359375,670.882089254113,654.0762120406206,656.8089439854188,1146440
2022-09-08,667.263916015625,680.6038127910087,664.1312292139038,674.1385781399424,1258255
2022-09-09,679.461181640625,684.6124121891032,664.8738837699879,672.2341627336674,1584990
2022-09-12,688.98291015625,696.5812323584541,682.1557876696982,683.4697911038278,1409885
2022-09-13,686.8406372070312,696.8955838092146,684.6696544294041,695.0864314945253,609120
2022-09-14,660.9987182617188,666.5213117933688,654.5334243430534,662.712618583121,2195345
2022-09-15,651.0675659179688,669.1969249060865,648.4300272394047,666.5213202167156,1029400
2022-09-16,624.8731079101562,649.3820334213652,621.1977338096074,648.4298603518324,1722225
2022-09-19,616.2369995117188,628.4343363517219,611.3047491185197,624.4351971335478,1126050
2022-09-20,635.7374267578125,652.0481573631951,623.5972191722742,624.4351361882452,2984515
2022-09-21,633.1760864257812,641.450473472744,628.4342827079352,631.2908021747894,1023720
2022-09-22,647.00146484375,653.7618689709853,623.7303575878639,628.4245628607107,1731965
2022-09-23,635.3945922851562,657.9515740441025,632.7856474406229,645.2400871407481,1237680
2022-09-26,644.4783325195312,652.2385664470297,629.5197304745476,632.2429315632521,2269315
2022-09-27,659.332275390625,663.6646513768366,639.8603238525598,653.9524741237249,1699300
2022-09-28,657.07568359375,666.4831592509366,652.4290738312515,658.1421129048771,1556480
2022-09-29,640.593505859375,664.5025581082288,638.1464140536899,660.3701013426825,1424795
2022-09-30,640.231689453125,646.3065585259175,633.7759278910655,643.8023386048744,1192575
2022-10-03,633.9282836914062,644.9163400022945,627.482053407525,641.7646494638419,1574495
2022-10-04,662.6173095703125,664.60731888252,641.9265477754798,641.9265477754798,1746595
2022-10-06,689.7827758789062,692.4869731481275,665.5690200766513,665.9308505165338,1730045
2022-10-07,686.0406494140625,693.086752890403,678.5661145787244,689.782682346034,850870
2022-10-10,692.8106079101562,695.8480422158409,667.8922558616706,672.2341625757624,1007915
2022-10-11,684.193603515625,709.1786201261662,681.7560423369391,696.2766843001211,2008380
2022-10-12,689.3161010742188,693.3628361899545,675.6333801674721,693.3628361899545,924920
2022-10-13,692.0204467773438,694.515135842073,681.7559920736096,689.373377459907,684880
2022-10-14,712.6065063476562,719.7668098978548,697.9525456134237,700.7995344234519,2444480
2022-10-17,716.6245727539062,720.6046496650038,701.5707171306533,709.9402984455645,1139470
2022-10-18,730.6500244140625,732.0211560390637,718.890709563641,720.2142441555868,1504425
2022-10-19,726.00341796875,735.6965915666959,724.6037513644396,732.9828632786925,642230
2022-10-20,734.75390625,742.6950558800817,711.6542344833033,724.6037660573618,1610975
2022-10-21,735.4775390625,752.2167586476812,721.547241781552,734.106407456273,2876945
2022-10-24,738.3721313476562,747.4558412868747,735.4870191218988,747.4558412868747,119175
2022-10-25,741.7999267578125,748.3794168979492,732.22106829308,741.5142864688106,900545
2022-10-27,740.4479370117188,748.3223693869271,729.3646276772342,740.8478334593649,711910
2022-10-28,711.55908203125,737.915231503672,705.5508709463379,735.0777737203832,1048310
2022-10-31,725.4797973632812,728.7933996597149,713.8442686091631,715.1201481681701,766820
2022-11-01,732.1735229492188,736.7820082465151,725.9368007156269,732.7924005997384,793765
2022-11-02,730.830810546875,735.0775228571713,720.7949285011382,720.7949285011382,648820
2022-11-03,725.0411987304688,731.6335479032657,720.0157352036077,722.289614581264,484385
2022-11-04,714.283203125,728.1462034733803,711.350089137303,725.0411227835676,492730
2022-11-07,709.611328125,724.5635111547502,707.0030786707874,716.1749871767634,536615
2022-11-09,703.3341064453125,720.9327882829301,700.0570594422952,714.8372720947814,455035
2022-11-10,702.43603515625,709.5347779511684,695.5380076315117,696.8564772011728,488590
2022-11-11,744.7705688476562,748.0858125936633,717.5127014787242,717.5127014787242,2910880
2022-11-14,767.8340454101562,771.9709854595416,746.0220854181573,750.7608798893983,2215680
2022-11-15,759.0346069335938,771.3784806069964,747.5410033459895,770.4421980133761,1235920
2022-11-16,753.7130126953125,768.9135521469497,749.0410462559344,762.7989663493277,996740
2022-11-17,738.6843872070312,753.7130183734846,736.0665744935759,751.9072804138291,844280
2022-11-18,727.7833251953125,752.7481848487198,718.1337107334483,741.397913162537,1187770
2022-11-21,718.611328125,725.9106128882097,714.6463551021461,716.5571742334353,861665
2022-11-22,727.611328125,729.9329665576523,717.6750445218212,722.0985958297894,569835
2022-11-23,740.3181762695312,743.1175191888418,730.1239729339391,731.2704760302116,1111300
2022-11-24,754.3721923828125,758.2893477116406,739.486897168851,744.025091951218,985620
2022-11-25,753.7800903320312,762.4169733986956,749.996646764381,757.4201991130832,791835
2022-11-28,760.391357421875,762.4168210030631,749.0315238755823,749.041087301255,740215
2022-11-29,760.0761108398438,766.2385145459772,753.1207591356028,758.5952375929002,965080
2022-11-30,771.2638549804688,777.3593720396389,756.6842971967349,760.2862095444897,1635765
2022-12-01,786.6553955078125,803.499267091838,774.0631072137983,780.7605361186571,3463435
2022-12-02,809.7096557617188,812.6714022685733,787.2766564665642,790.5059456584639,2603030
2022-12-05,800.9772338867188,814.9644453973553,797.9772335391181,814.9644453973553,1242145
2022-12-06,779.5950927734375,796.7924652651751,772.9359159713187,793.9453633685531,1262610
2022-12-07,768.9039916992188,777.4167230129597,762.7989693031051,771.9804406170239,1001340
2022-12-08,761.6142578125,774.1014677367168,759.5505988246085,769.104694407308,1107090
2022-12-09,740.8626708984375,771.779705230316,737.0792286640394,769.1045705606437,2081660
2022-12-12,746.4136962890625,749.0410725,724.6399340647603,736.047526200428,1069540
2022-12-13,748.7734985351562,757.6205997548127,745.1143221692263,752.8626791484547,1090775
2022-12-14,761.5187377929688,775.7638686041105,754.7735486652876,756.3021806282951,2393040
2022-12-15,740.4900512695312,759.1587884543441,737.891365665853,757.6396618350678,995670
2022-12-16,755.2703857421875,758.7289636921352,726.130394096187,732.7991341797484,2253695
2022-12-19,744.38818359375,754.9645734039257,740.5474188713996,754.9645734039257,969275
2022-12-20,744.445556640625,747.8563756723912,731.8437025629063,741.3596025081761,971140
2022-12-21,749.1175537109375,764.0792419538685,744.732198116494,750.5697366074766,1500595
2022-12-22,742.4678955078125,758.9774012044577,729.2641279836376,758.9774012044577,1297950
2022-12-23,713.777099609375,733.7451285031991,707.7675349289867,730.1241465241906,1310045
2022-12-26,720.5029296875,725.8436358314149,707.4424988973525,716.3659904613329,506765
2022-12-27,740.3181762695312,741.3977937012179,723.0539191015665,723.2450126698736,977185
2022-12-28,747.9901733398438,750.951919672155,729.3596867830919,730.983836396156,951735
2022-12-29,748.152587890625,753.2449372871928,737.7768538320713,739.4870159898593,1608930
2022-12-30,742.1813354492188,776.7480497813422,726.4170761363133,758.5952663301177,2692020
2023-01-02,755.0027465820312,783.4357408483565,728.2130868756609,745.8977249413228,1710480
2023-01-03,768.063232421875,770.4422510817524,750.2353166488766,756.4932372676658,1597525
2023-01-04,754.630126953125,767.1937844827199,752.0696366376598,766.0568449104085,652480
2023-01-05,750.8467407226562,759.1492511100935,746.6047204656336,756.302091318367,478035
2023-01-06,745.4103393554688,754.5822452095525,741.407172099788,752.8243247724048,818915
2023-01-09,767.642822265625,771.8753375523835,752.862665689865,752.862665689865,1023335
2023-01-10,759.4359130859375,768.1492431189174,756.0346575758144,764.3276050934501,936885
2023-01-11,752.1173095703125,775.6012873793275,747.3976434310183,762.5981803103265,1999240
2023-01-12,746.02197265625,759.8275931511943,735.8659651012105,756.6843169184954,1040360
2023-01-13,742.248046875,750.3785904633105,724.2958663450997,750.3785904633105,1759165
2023-01-16,744.932861328125,754.773568341252,736.9265243811408,745.219472539464,1262625
2023-01-17,748.658935546875,752.2799752337262,741.436041338996,744.9328731133731,697925
2023-01-18,750.1492919921875,754.3913124743643,747.3213172131148,749.4232297607822,407225
2023-01-19,757.9358520507812,763.1810404876435,741.0155300644296,745.2193548789156,993520
2023-01-20,783.8180541992188,812.0981548546085,772.1620454903555,772.1620454903555,9934110
2023-01-23,832.9070434570312,844.008898802178,777.3595130250305,788.4040461243544,7309560
2023-01-24,826.238037109375,852.2251844411447,822.0342707392823,832.906834371789,5847690
2023-01-25,816.4356079101562,833.4992657892236,812.0980698008104,828.3400311968267,2606415
2023-01-27,820.5247802734375,835.2571781929931,812.0980616245989,822.5788756764653,3724065
2023-01-30,844.323974609375,851.1647389271433,815.1935498083134,823.5629459206941,2892290
2023-01-31,836.7286376953125,845.5374861138021,813.4739426452385,845.5374861138021,1729260
2023-02-01,831.7317504882812,846.4355170761562,825.4833931864474,840.7603821640064,812250
2023-02-02,847.2380981445312,862.1615904638224,831.6458074858892,838.8495744099182,3172095
2023-02-03,826.8385009765625,861.1222299852037,823.6913021962471,853.9737860185488,2244295
2023-02-06,828.6041870117188,833.4306071191409,817.5121234539158,828.2587734094086,876845
2023-02-07,825.6871948242188,840.3774619301565,823.8448719692457,826.9153514963416,743805
2023-02-08,830.8399047851562,858.579639541765,827.4911848496266,833.6512951402647,3700720
2023-02-09,832.9603881835938,836.7025445494781,820.3906830158301,830.7535009831239,1645050
2023-02-10,831.7706298828125,838.6216261011866,825.1883277425864,830.9550601939965,1126240
2023-02-13,773.8059692382812,791.5571134062017,767.6746140350631,777.2122581630027,41334880
2023-02-14,782.9501342773438,785.847907205736,769.5360458840053,770.8793990657243,2318580
2023-02-15,789.6859741210938,791.5954120028968,780.0907617988447,782.9693254955195,1872570
2023-02-16,811.6205444335938,814.2400769922899,792.0847079099792,797.3428650619383,4202805
2023-02-17,806.7845458984375,811.265493079409,796.786352340707,805.0382104523121,1761170
2023-02-20,831.9913330078125,837.6332642586698,801.2002693433376,806.7846902244685,2913870
2023-02-21,832.8548583984375,841.1163224838148,824.2287715450258,832.8644629814696,1853670
2023-02-22,833.3536987304688,838.4295443807446,821.1390135925712,825.188164614944,1492050
2023-02-23,848.389404296875,850.2988420171165,829.8322980319367,839.5810071580906,2298380
2023-02-24,840.0609741210938,852.0549914557753,836.3572356236332,850.1359486822262,1640725
2023-02-27,820.1891479492188,840.9244466643132,797.554074464894,840.9244466643132,2323110
2023-02-28,824.9292602539062,832.4519333037938,818.4045268757229,820.1988270906099,1241920
2023-03-01,825.25537109375,826.9153239598718,813.9330331188632,823.9599823890595,1543245
2023-03-02,815.535400390625,825.2073898836443,810.9008968845603,825.1881807201895,947930
2023-03-03,817.2050170898438,824.8715821872767,813.6739860648527,823.2691981646741,1616065
2023-03-06,830.6287231445312,837.7003898935517,821.3501692890649,822.3000859322873,1089700
2023-03-08,821.2734375,829.026385839718,815.7946084730306,821.3502156004614,957805
2023-03-09,816.6196899414062,824.9387220949995,814.4415581428266,824.2286857988612,678620
2023-03-10,793.7831420898438,813.6451845842975,790.252111011618,807.7249550275204,1783110
2023-03-13,783.8616333007812,800.8355653771357,780.1003266600471,797.7554812952965,1384600
2023-03-14,752.5813598632812,786.8074683379112,737.9486599948018,786.8074683379112,4411195
2023-03-15,758.0218505859375,771.2440826223244,739.7909453186808,759.9408932456488,2359070
2023-03-16,739.2247314453125,756.9854789369305,736.1543103343131,751.1324228089932,1726900
2023-03-17,748.6185302734375,756.8703900309372,744.5885290989131,748.6185302734375,1258810
2023-03-20,724.371337890625,746.5074991674599,719.6409053670886,739.8004552997629,1325135
2023-03-21,712.4637451171875,729.1977982435951,710.6406312963485,727.3171154897049,1235525
2023-03-22,717.4628295898438,728.1039463777033,712.7227921132534,721.5600042054369,960825
2023-03-23,719.3722534179688,721.5599900092906,701.9857328119498,713.5095925546304,1190175
2023-03-24,710.1416015625,734.5326721132343,704.2885457930274,723.478969384118,1351835
2023-03-27,697.7158813476562,714.4594798522002,695.2595093571838,703.5209730390375,1364705
2023-03-28,690.4810791015625,701.7363032929923,687.01722141222,701.7363032929923,1110185
2023-03-29,702.4365844726562,705.056058207354,684.0905466198817,687.0170741193582,1744095
2023-03-31,731.9420166015625,733.9186280600379,706.2172538925272,708.8942971320866,1382440
2023-04-03,739.0904541015625,744.3965761757518,723.7285094746028,738.8313646226687,846070
2023-04-05,782.8157348632812,790.6454014196299,733.2852008610074,739.0231769718836,4230245
2023-04-06,767.6361083984375,782.0097160959717,761.4759406156185,780.0906738478834,1498720
2023-04-10,779.3806762695312,781.0502337379099,765.8898109384575,775.2835021258602,971570
2023-04-11,768.5477294921875,781.3094093339644,766.657500686576,779.3807621959547,959375
2023-04-12,780.1290893554688,782.7773772173933,766.6574328944698,771.4550388575141,821890
2023-04-13,773.12451171875,792.5644183230005,766.0816597322043,777.2120809220706,2178410
2023-04-17,746.872314453125,750.345777433318,720.0249228963561,746.1238596076206,3673645
2023-04-18,773.0287475585938,778.9393729475145,739.1096347557382,752.1303457128266,2834085
2023-04-19,748.8006591796875,773.0285661100506,745.1352816777279,773.0285661100506,1909035
2023-04-20,731.8172607421875,768.1926853742576,729.2841105997255,752.2646561319689,4489060
2023-04-21,735.1370849609375,741.1724513567373,723.488485214614,731.1742582903423,2054405
2023-04-24,746.8145751953125,749.9522283766903,725.3980541868154,737.8718302508745,1440115
2023-04-25,754.1741943359375,758.4057163855606,736.9124142118987,748.5610177316225,1938500
2023-04-26,756.812744140625,767.233130347746,745.586334354745,754.7593547111074,2078380
2023-04-27,777.461669921875,781.8946532550626,753.4160705891644,753.4160705891644,3500850
2023-04-28,803.0233154296875,809.8358925215343,782.9789035130935,784.6964253772734,3246775
2023-05-02,792.689208984375,807.2163731894618,784.8690882191173,803.8676537604389,5793040
2023-05-03,786.6635131835938,794.8578625544405,778.3444799233064,785.8479435056463,2210350
2023-05-04,787.75732421875,794.3492303750803,783.9576576342096,789.4460909516694,1581815
2023-05-05,790.1849365234375,791.9504227781086,779.5246112239276,790.069798661808,989870
2023-05-08,789.9257202148438,791.8543669342488,786.8072767399598,790.64536101674,899105
2023-05-09,791.6145629882812,800.6244807521737,785.1761549100144,790.6454372446357,1772995
2023-05-10,795.3452758789062,800.0879494183766,790.4676336250301,797.1960652638523,579195
2023-05-11,795.2293701171875,805.6786754917268,793.53278916776,803.943557279091,1645675
2023-05-12,787.6817016601562,802.1025838868285,785.5899221134115,797.5430069303387,1058915
2023-05-15,796.4826049804688,799.0660139830904,782.7365086053172,788.5492229878587,582330
2023-05-16,810.49853515625,819.9164545585941,796.2319216920675,800.0781173238461,2487140
2023-05-17,812.4265747070312,816.2920689472005,796.3766543073585,814.9329093970917,1666095
2023-05-18,810.9130859375,820.3310059732802,805.0039988962089,817.4391222859479,1021380
2023-05-19,824.794189453125,829.6718311453968,810.8938843581218,815.1256296353331,1719045
2023-05-22,842.6852416992188,845.3939703111048,822.4805938163546,824.794124224847,1793365
2023-05-23,829.8743286132812,852.1418116969418,827.078817235267,844.5072544733339,1380455
2023-05-24,820.4081420898438,829.681444438067,816.118502838847,825.9219720977497,792835
2023-05-25,828.4765014648438,832.6697093346539,811.9638406773429,819.3670559579707,1401875
2023-05-26,859.84375,868.9435461727072,829.9706015260056,832.8239478874175,3170645
2023-05-29,852.170654296875,869.4930089503221,849.2498235978201,869.4930089503221,1073600
2023-05-30,848.3148803710938,861.5500500256464,846.0302379902483,851.1778171548989,1353600
2023-05-31,878.18798828125,887.90467522539,850.0210102350829,851.5633835214325,3534745
2023-06-01,879.5471801757812,885.0899575138864,873.0693886408228,880.289449185818,1101505
2023-06-02,885.070556640625,896.3875101302516,879.1325817567391,881.2629571104237,1514490
2023-06-05,885.388671875,893.3991867199254,879.5181813887241,893.3991867199254,732410
2023-06-06,851.274169921875,879.5182820658972,845.0180707232503,879.5182820658972,1864985
2023-06-07,858.3206787109375,861.7716763311682,851.3994442543511,857.9254805008089,639970
2023-06-08,845.5000610351562,860.8174198379048,843.514303159164,860.8174198379048,644365
2023-06-09,849.828125,854.9178681052288,836.014604103299,846.3675374247082,1047745
2023-06-12,868.77978515625,880.0966815935047,844.4397619248853,853.4817237766861,2424035
2023-06-13,880.6556396484375,882.602801153904,867.5650308205553,874.6887178052621,1314065
2023-06-14,890.6229858398438,896.7152274816967,868.529012343844,880.674899526098,1993650
2023-06-15,883.5573120117188,894.3632805074415,877.3975851970398,894.3632805074415,794525
2023-06-16,885.7357177734375,892.4160206095468,878.9976384547485,890.189213773829,1071920
2023-06-19,879.6917114257812,891.4616397963406,878.2264716026367,883.5667953669861,682035
2023-06-20,878.988037109375,882.9884998075603,846.7917668500214,877.2047323415719,1285430
2023-06-21,887.779296875,902.0363203365093,883.0366243584565,886.8442827744292,1520735
2023-06-22,874.2550048828125,884.1452565682581,863.7092666177859,883.9235054760366,1398220
2023-06-23,867.4590454101562,873.7344421419514,859.853377535422,873.7344421419514,867090
2023-06-26,888.135986328125,891.606222912425,856.9518080174466,856.96145704257,1263525
2023-06-27,905.2463989257812,908.8997908936941,889.9290404957893,889.9290404957893,1765795
2023-06-28,900.1277465820312,913.3725644831378,896.2911408742483,910.9433633534941,1326715
2023-06-30,908.3021850585938,916.7271974171764,900.1374022431688,901.8725796537062,1096360
2023-07-03,903.1063232421875,914.0762063868701,896.4839145159918,913.6424120804837,715765
2023-07-04,907.781494140625,915.5606679230768,899.5782339210958,903.1063059520802,723920
2023-07-05,911.0300903320312,919.4165054636868,903.2412675849148,909.5937387632848,672110
2023-07-06,914.85693359375,915.859431972723,904.9377948996112,909.9792927044962,420235
2023-07-07,904.5137329101562,929.0850945833599,901.785706229231,913.8352212777243,1537140
2023-07-10,889.0230102539062,911.3290901687249,886.8444481740545,911.3290901687249,696700
2023-07-11,905.5354614257812,908.0513858584316,881.0604741768645,889.6011556812932,1621200
2023-07-12,896.4454345703125,909.9794294805258,887.0371632586093,907.0875457003971,1448910
2023-07-13,916.8236083984375,928.5261132051835,897.6889993032071,901.1110502985454,2190395
2023-07-14,949.656005859375,957.4834250635628,921.3444696465597,923.0892370944523,3269600
2023-07-17,955.8929443359375,974.5359228463747,946.619641378397,954.3216827171468,2515455
2023-07-18,957.3772583007812,963.5176859875029,939.9102873449285,962.0332070291863,2262775
2023-07-19,940.0453491210938,957.3773531147997,936.9703104607081,957.1749589123367,1911945
2023-07-20,929.152587890625,948.807771147849,918.7803558231465,948.807771147849,1504110
2023-07-21,894.6138916015625,947.8149163106239,888.781937700039,929.4418169046953,5653675
2023-07-24,911.0783081054688,915.377537428296,895.0572775730552,899.9541581365942,1690000
2023-07-25,903.7619018554688,914.9052920906851,901.9111126399545,913.6425051455668,875690
2023-07-26,909.2369995117188,919.6188792717427,904.205150866185,905.9306200353956,804430
2023-07-27,904.716064453125,916.3414334133882,898.9515956805051,911.5216277277814,797975
2023-07-28,900.7832641601562,909.2661115183408,892.6377797102441,906.1139393569158,571700
2023-07-31,906.8369140625,911.81098715447,901.4194564418807,904.1956696012297,821685
2023-08-01,934.1651611328125,935.2351439167259,904.4944079200397,911.328918539622,1764270
2023-08-02,917.1320190429688,936.7390172482039,906.1332467917682,934.0784747176766,732525
2023-08-03,922.3872680664062,927.9329554872043,911.6927943419727,918.4675815610744,1303210
2023-08-04,946.176513671875,947.250787236437,926.9167368360158,929.1137225620243,1231175
2023-08-07,956.725830078125,959.6970062939731,945.6151385344718,951.1801424897509,918490
2023-08-08,964.1296997070312,971.4948475173877,954.3933644096638,961.4294841862729,1169040
2023-08-09,980.9796142578125,985.2477045503252,959.8713136381143,965.8814803955005,1719320
2023-08-10,996.261474609375,1011.3789232629575,976.0435602341748,980.9795119532595,3125480
2023-08-11,1019.682861328125,1022.9928713335196,999.5715113189052,1001.3135285773391,3023815
2023-08-14,1021.4539794921875,1035.1873832393298,1010.6142498957862,1019.6827810735408,2600010
2023-08-16,982.5281372070312,1049.1049246135046,975.801728819519,1006.927073236912,3491965
2023-08-17,968.833251953125,992.3998683546805,961.4391006041325,985.8476624665876,3566720
2023-08-18,952.3704833984375,973.3722743722841,947.7055518732988,967.8266465901864,2266285
2023-08-21,967.1494140625,971.7949713908152,952.0706543471063,957.5582754282682,1188555
2023-08-22,960.2777709960938,976.2081624547537,958.5356945554703,975.5694227527273,858910
2023-08-23,951.005859375,967.6331148551197,940.079117287955,963.9553852397808,2192815
2023-08-24,1043.48193359375,1045.6401685998837,910.3379256124391,919.4355217722448,110682455
2023-08-25,1017.4182739257812,1044.0819505226282,999.5716037732725,1020.0507345661772,9174495
2023-08-28,1001.1007690429688,1026.6997426641892,998.7973363516345,1017.4183160003992,2580495
2023-08-29,1011.4952392578125,1020.7380333574938,984.8896873793449,1006.3464521619435,5092830
2023-08-30,1025.5576171875,1036.4650433280472,1007.1398461772052,1016.0148598150896,3536980
2023-08-31,1058.115234375,1062.673660083839,1025.557531741367,1029.767554033884,5969630
2023-09-01,1055.298828125,1065.8481622463005,1050.54676619001,1055.8891882047837,1820690
2023-09-04,1062.4803466796875,1065.3838271845768,1047.4015289794906,1057.0604218895546,2785555
2023-09-05,1086.1922607421875,1090.7410002651764,1061.0190716839224,1064.4161538158642,3126200
2023-09-06,1088.921142578125,1115.4589925070673,1079.349322596409,1090.5471433731034,5622585
2023-09-07,1085.96923828125,1093.4506378089218,1069.3807928382118,1083.9658890228097,1970325
2023-09-08,1074.40380859375,1088.8050751129606,1070.3292958517256,1088.8050751129606,1404345
2023-09-11,1067.648681640625,1081.7209239035699,1063.1191993372547,1081.6434221327618,1571345
2023-09-12,1056.7701416015625,1081.9336392362336,1049.9953537768433,1077.965572853197,1228175
2023-09-13,1052.44384765625,1060.7283828313414,1039.0974795650427,1054.7375922254269,1467350
2023-09-14,1056.2183837890625,1072.3424114284708,1053.9633898665295,1060.5446593928366,1010745
2023-09-15,1087.6243896484375,1089.7729367110992,1063.6125509151468,1066.7773633375916,2311365
2023-09-18,1073.3004150390625,1089.0857249331004,1070.1743537586667,1082.6109029953795,1405155
2023-09-20,1048.7369384765625,1073.1262410391676,1045.6399404414233,1070.416279151244,1330315
2023-09-21,1032.9229736328125,1046.5983728115057,1023.9608868540914,1044.3820113470747,1889400
2023-09-22,1024.62841796875,1039.5232854318322,1016.479392562178,1032.8646328433986,1484625
2023-09-25,1023.1671142578125,1033.6292597733009,1018.1730952517122,1029.7676405725865,951070
2023-09-26,1005.2236328125,1018.182847726698,1000.7910286392697,1018.153784568655,1477730
2023-09-27,1007.4979248046875,1019.2570430462935,1004.4203020042712,1007.6914428909479,2144405
2023-09-28,991.6934814453125,1016.5375207788343,982.8378422442036,1013.692166582168,2240020
2023-09-29,988.044677734375,999.765045650965,977.5050301137218,995.8743631628935,2836805
2023-10-03,988.4609375,1005.030069575458,974.9210491559775,984.2799183687958,2898935
2023-10-04,994.103271484375,996.6680360045684,972.6658853089336,990.8610164238044,1668680
2023-10-05,1007.6432495117188,1014.9987098608339,997.0551624568664,997.8294711853731,1560675
2023-10-06,1003.742919921875,1014.8535535857126,1000.0071223475034,1014.4568296283824,976695
2023-10-09,994.6839599609375,1009.8110970575513,990.8417160495649,998.9907418176862,898735
2023-10-10,1005.8139038085938,1011.9595797606563,992.1869463250059,1002.6684670153506,1349295
2023-10-11,997.7616577148438,1022.5863186999427,989.3124902359226,1014.2630324924595,2787570
2023-10-12,986.583251953125,1004.4106634872319,980.9891848998371,1001.100653421087,3095590
2023-10-13,969.1139526367188,994.7226690869662,967.3911927091604,979.0534929498016,2185450
2023-10-16,975.598388671875,985.0153236750341,968.0880439367062,969.7623652452922,1707085
2023-10-17,979.769775390625,986.0218985003144,972.1529243878598,982.9055246645739,1079970
2023-10-18,985.654052734375,996.8615024769874,972.6658349411383,982.5279913916086,3131985
2023-10-19,988.8867797851562,1022.0251619484131,977.5631937333669,977.5631937333669,5232700
2023-10-20,967.8461303710938,1000.297389818301,963.9554479133963,991.6352694759008,2368615
2023-10-23,951.4511108398438,971.6786538960415,948.47018799471,967.8460978808962,2691720
2023-10-25,948.286376953125,963.3748227948815,941.3180121611383,957.9549572582429,1692820
2023-10-26,949.322021484375,959.4745158619497,920.703373955018,944.5990216504059,4392730
2023-10-27,969.55908203125,973.6336536766738,953.4157398719846,953.5028702658404,2701340
2023-10-30,965.6297607421875,972.8594572546489,957.7710122874666,967.5944773915961,1334300
2023-10-31,964.7781982421875,973.6241500708401,958.6712130141301,973.6241500708401,1121165
2023-11-01,972.9755859375,981.8892914840488,961.0906452087681,967.4395862641736,1659310
2023-11-02,982.4574584960938,987.042904946957,975.7929308252102,986.4405803588452,956705
2023-11-03,987.6452026367188,1000.2552393287489,983.6037933205266,988.2086885990084,778665
2023-11-06,993.9015502929688,1001.2266298273415,988.6360434509254,996.9326810714332,1315040
2023-11-07,988.5195922851562,995.7669362222297,984.2546978289288,995.7669362222297,322725
2023-11-08,993.2022094726562,998.5745675448978,985.8576801755903,996.1652692524426,468430
2023-11-09,996.3887329101562,1003.3641474431485,991.9004125743777,993.0662231554243,585800
2023-11-10,998.5067138671875,1000.449711855961,985.8771676445667,990.9289742744965,783300
2023-11-13,988.0533447265625,996.52484703844,977.6194547097832,996.52484703844,1334465
2023-11-15,1038.1922607421875,1040.387857611387,995.8252104930689,999.8083320251964,2335170
2023-11-16,1107.7222900390625,1115.0766020790702,1031.2653848996858,1035.4719318466834,5522040
2023-11-17,1102.641357421875,1117.194389730825,1089.0500993886965,1104.5940793978127,2436475
2023-11-20,1109.150634765625,1135.9252040902736,1098.0270186683526,1101.6895888675908,2411915
2023-11-21,1093.013916015625,1124.918024585385,1090.488042648637,1113.3377152556975,1181265
2023-11-22,1094.7724609375,1100.7277542171278,1084.7756988390172,1097.5801071209676,984720
2023-11-23,1091.8968505859375,1101.660343731479,1086.2523848477992,1095.9284762946893,955385
2023-11-24,1091.6832275390625,1098.41576855513,1078.3640126829464,1095.3944205523408,722630
2023-11-28,1081.5308837890625,1095.850768205446,1067.1818259435574,1092.8585942616799,1194685
2023-11-29,1106.4886474609375,1110.3940920937966,1083.561296667931,1083.561296667931,2760080
2023-11-30,1119.33203125,1121.1098317045037,1102.6513509398715,1107.3145935168843,1758790
2023-12-01,1110.229248046875,1129.0471813639754,1106.5375039335308,1128.8819838198094,887890
2023-12-04,1102.8359375,1125.9673865495217,1098.7751379267902,1125.9673865495217,924305
2023-12-05,1089.2154541015625,1102.5443904215854,1069.8145311228077,1099.0567426091084,1613345
2023-12-06,1107.8489990234375,1118.273165618204,1089.2447671362113,1089.2447671362113,2301060
2023-12-07,1107.635009765625,1118.195197723327,1097.8326193872879,1108.0333575072661,1016800
2023-12-08,1123.635498046875,1150.2448646391722,1105.5753684047322,1111.2003844543885,4134550
2023-12-11,1139.51953125,1147.9230200397524,1126.6763448858137,1128.4930429957785,2422230
2023-12-12,1137.9456787109375,1157.793451933181,1134.7203547843508,1141.5111221000184,1801080
2023-12-13,1132.8551025390625,1141.4722929124773,1106.0612059614716,1138.5869696835275,2028865
2023-12-14,1196.24560546875,1205.7955170162177,1144.0469805545943,1144.4258794145455,6216300
2023-12-15,1251.2615966796875,1268.7777529250643,1199.811045199381,1204.0175933719158,6301270
2023-12-18,1251.5042724609375,1258.6933879700377,1230.1215723902717,1249.3475733855594,3017720
2023-12-19,1218.920166015625,1251.2904538369478,1216.510749376133,1251.2807293616593,1637195
2023-12-20,1173.3861083984375,1235.2413656215167,1168.6936929527897,1226.0315752983006,2427650
2023-12-21,1190.6495361328125,1199.8010981328493,1150.65300376385,1158.0169224668564,1833485
2023-12-22,1222.1845703125,1228.6838413286328,1187.181434873851,1191.067430652565,2385155
2023-12-26,1219.435302734375,1232.3854611618078,1213.402331493346,1224.0888212022546,1282880
2023-12-27,1223.9720458984375,1242.537375753019,1220.3775473842832,1227.3917410206466,1743700
2023-12-28,1218.7161865234375,1228.9460983175593,1212.4403416306118,1228.9460983175593,1604550
2023-12-29,1219.114501953125,1227.9745668691671,1207.1844674143822,1219.8139526749037,1102815
2024-01-01,1203.2109375,1222.135714350792,1200.966718442948,1222.135714350792,918210
2024-01-02,1173.240478515625,1208.0395194171729,1165.993015562363,1206.6017199171426,1578815
2024-01-03,1151.84814453125,1175.5138470896488,1135.0121087364232,1175.3972719476349,2001430
2024-01-04,1156.8707275390625,1172.9878619971455,1148.6225923071422,1155.1122575067277,1050200
2024-01-05,1180.633544921875,1194.7202796608512,1156.8803245004103,1156.8803245004103,2494015
2024-01-08,1177.5538330078125,1192.0291908282,1167.5474651523073,1192.0194663515754,1656085
2024-01-09,1178.98193359375,1219.153510220322,1176.0578308456795,1202.7157052234734,2117425
2024-01-10,1195.3807373046875,1199.4998830267095,1173.386107245364,1182.8387722770601,1041225
2024-01-11,1212.0615234375,1231.8606769158034,1209.2149793146648,1216.316693610872,2156150
2024-01-12,1280.960205078125,1285.2930522483957,1231.4719891540751,1233.8036102460032,6263855
2024-01-15,1285.1085205078125,1319.1012576287283,1279.0172034128052,1301.7890807701626,3656810
2024-01-16,1281.795654296875,1294.0365165459673,1265.27044875369,1294.0365165459673,1316845
2024-01-17,1287.614990234375,1294.4252072694733,1259.4512455403797,1261.996568011461,1496950
2024-01-18,1260.344970703125,1282.8546441579863,1216.9092904230997,1281.4945219042797,2706900
2024-01-19,1246.5009765625,1272.4497914728627,1238.0781574362593,1268.7580484085481,2004735
2024-01-23,1204.9696044921875,1246.8995351290098,1198.2856865342844,1243.1301142122063,3445010
2024-01-24,1237.534423828125,1247.968315041499,1197.081185651566,1209.1277986331502,1727660
2024-01-25,1205.6397705078125,1251.2904909665747,1201.7537751942518,1251.2904909665747,1960480
2024-01-29,1215.29638671875,1228.7517400856648,1204.7071445819743,1208.9719199898802,2118880
2024-01-30,1213.363037109375,1248.0261645825985,1210.3903126109426,1224.0884212254728,2734175
2024-01-31,1214.39306640625,1229.9175997571913,1212.0517208662704,1215.1411395291893,1686460
2024-02-01,1198.7811279296875,1220.6010758262205,1185.7436874186176,1214.393183066497,1452080
2024-02-02,1248.4439697265625,1256.9252542678908,1210.030986001487,1213.4020585348958,2593560
2024-02-05,1240.6395263671875,1262.7871725563396,1237.4630369301856,1262.7871725563396,2153925
2024-02-06,1278.5428466796875,1280.5305015466581,1241.9450666947707,1251.2990934856973,2174960
2024-02-07,1282.9664306640625,1294.9513553448664,1269.0328644215028,1294.9513553448664,1188930
2024-02-08,1287.80908203125,1299.0435949941234,1280.1017015829718,1292.018352030542,819815
2024-02-09,1266.840576171875,1294.3668197628667,1261.0429419967,1294.357066444393,914395
2024-02-12,1299.082763671875,1312.2368975397671,1266.9867341268127,1276.4186686922073,4405265
2024-02-13,1298.24462890625,1316.1537408194692,1282.6740531414132,1304.2857382585894,1783135
2024-02-14,1261.2672119140625,1288.9297654494178,1246.2324707413854,1276.4382616663136,1679355
2024-02-15,1294.9122314453125,1298.6539369334805,1268.8573152394142,1284.2330628538675,855410
2024-02-16,1298.9266357421875,1303.7206288560756,1271.7415249584678,1301.762115256937,1598340
2024-02-19,1316.3681640625,1334.4039513607695,1280.7253786109434,1305.6694883307728,1852195
2024-02-20,1296.5977783203125,1326.13129579162,1282.9370694395345,1316.319340669749,1426065
2024-02-21,1275.6585693359375,1306.6244020721958,1266.69431865798,1305.6695284628408,1516810
2024-02-22,1289.6312255859375,1301.1971139602103,1272.9887354191499,1283.2587409291637,992895
2024-02-23,1287.35107421875,1310.1418413974427,1284.26236510447,1300.79756857216,980260
2024-02-26,1284.895751953125,1301.7231983240465,1263.6444624093908,1285.9870530342573,3776895
2024-02-27,1278.688720703125,1295.6525914720087,1271.565945555365,1283.2585059742648,564300
2024-02-28,1259.8052978515625,1284.4277827308351,1251.152797923816,1280.1406055035936,963435
2024-02-29,1277.2274169921875,1282.2843933353176,1245.2579442876413,1260.8480280971892,1012390
2024-03-01,1267.6099853515625,1291.0243676112716,1257.9247042872023,1283.599596035394,2378335
2024-03-04,1255.5279541015625,1274.0800730134881,1248.3759174920156,1271.5662148105482,2231405
2024-03-05,1230.9249267578125,1256.1710346818502,1224.9908650942855,1252.0786850006455,1326225
2024-03-06,1232.2598876953125,1240.9902975763837,1191.4138205720324,1228.6936223075174,2146995
2024-03-07,1218.6962890625,1243.0070276195656,1215.363865939288,1239.4018684353362,1167230
2024-03-11,1217.517333984375,1228.245269626329,1202.9697850946434,1223.821545405255,2434635
2024-03-12,1220.6353759765625,1236.8003113435107,1205.9027510594785,1220.3041199889465,1385110
2024-03-13,1203.086669921875,1232.659084660662,1192.6413429158347,1231.6067968834132,1821000
2024-03-14,1186.327392578125,1198.7214800968816,1149.768628676136,1197.5132581720093,2196890
2024-03-15,1191.93994140625,1196.022537700356,1170.873844440704,1184.4566484962256,1051870
2024-03-18,1110.238037109375,1178.0548723997272,1103.9922269850217,1178.0548723997272,7168195
2024-03-19,1083.033203125,1119.7575309386666,1079.0285153030359,1111.7676619270353,2974985
2024-03-20,1077.61572265625,1096.1777128374554,1067.0437213921298,1086.4339109455668,1674610
2024-03-21,1112.10888671875,1116.4643379376155,1087.6031993745034,1089.3571314208573,2961975
2024-03-22,1079.6329345703125,1098.964607412668,1064.4423782159647,1091.5300805835395,5279335
2024-03-26,1081.0357666015625,1087.4082508645906,1077.0798450302611,1080.8799514159464,1030135
2024-03-27,1081.416015625,1097.4640315614158,1077.8303625186186,1080.8995654893963,1240445
2024-03-28,1072.295654296875,1090.1366128101076,1068.8950769221897,1085.2647118214013,1310940
2024-04-01,1068.7098388671875,1086.5896889816254,1064.6076179788547,1081.3864138799697,2519550
2024-04-02,1082.780029296875,1085.93701172288,1070.5028622020886,1075.1311682890719,911175
2024-04-03,1103.505126953125,1111.6704381110712,1074.7901698651992,1081.562064946941,3503930
2024-04-04,1134.0714111328125,1149.5445738196552,1120.683436394705,1138.0760995730595,3238120
2024-04-05,1126.9488525390625,1138.4368356424518,1119.4169109955455,1138.1542272616264,1113845
2024-04-08,1107.3245849609375,1135.152940755658,1091.7735149244152,1135.152940755658,1955720
2024-04-09,1113.0635986328125,1125.6916458575192,1108.1430503970855,1114.8856846978153,1532080
2024-04-10,1111.270751953125,1117.5458216543109,1104.4695978785223,1114.8856640663696,723350
2024-04-12,1094.4725341796875,1114.593508630016,1091.305798603383,1107.8702616178987,1617440
2024-04-15,1051.590087890625,1088.4314607080987,1047.2443902175469,1074.7413711860945,2734590
2024-04-16,1015.2847900390625,1043.3664975590057,1013.3555360301784,1043.1617968099742,2957755
2024-04-18,1014.6998901367188,1034.9864302211342,1008.4833407279464,1018.8117453564884,2657490
2024-04-19,997.4048461914062,1008.912214933531,992.1237219618724,1008.4835447220865,1707445
2024-04-22,993.8775024414062,1010.4127049761354,989.9702285397111,999.5192015496316,1663210
2024-04-23,1016.6976318359375,1021.9300489962425,995.8653179592309,1004.5860330502227,1311865
2024-04-24,1011.9230346679688,1026.3730493151256,1010.441957825291,1019.2016257626383,1028735
2024-04-25,1015.4014282226562,1017.2527741097073,997.8236929688137,1004.6832476525348,1384955
2024-04-26,1023.2940673828125,1047.458744602904,1007.5091552738631,1015.674466338344,2578225
2024-04-29,1010.2762451171875,1033.797795366075,1007.0023422039836,1030.8941616542809,1431600
2024-04-30,994.5011596679688,1019.805784527629,992.9031618913265,1011.7866546354651,1152285
2024-05-02,971.5935668945312,997.9504821088153,968.1442226408127,997.7459003116983,2245685
2024-05-03,873.5416259765625,919.9903147006285,869.1569149593122,874.4380391325278,24963640
2024-05-06,859.9977416992188,885.516762930023,858.9454538443564,884.7372706211229,6533635
2024-05-07,861.1865234375,873.4344904648831,845.9667085059214,865.2496724771939,5439190
2024-05-08,859.3156127929688,871.8169273641064,856.0222624430476,866.2239945525062,4448275
2024-05-09,838.3176879882812,862.1023406518622,835.4822679313679,859.5981765405203,4319315
2024-05-10,870.179931640625,871.2907392812747,838.385902688504,843.813207243491,5118395
2024-05-13,883.7337036132812,887.2707089859456,857.9029308965031,872.2652875144948,3735995
2024-05-14,888.5081787109375,893.8965304333265,876.9422890563222,884.3475557086601,2368155
2024-05-15,903.1066284179688,905.0733378749801,888.6352610879086,892.431681596296,2467700
2024-05-16,916.0223388671875,921.4136504807772,898.0969862000668,912.5096493616742,5213650
2024-05-17,922.2158813476562,928.9476744504008,912.0301042321162,917.7932338607694,3448525
2024-05-21,937.3919067382812,939.3194398396979,925.2296243539738,926.5994890918687,2280030
2024-05-22,960.9140625,982.1661373318002,944.6129220460616,949.1040696422396,5513400
2024-05-23,991.578857421875,1010.2968189655979,964.9256774566405,968.2817804243894,10093475
2024-05-24,999.0933227539062,1003.897523416515,994.4162666398797,998.0267776655412,4285250
2024-05-27,1030.0419921875,1039.7091593312157,1001.7548055086052,1006.8330035128032,7908550
2024-05-28,1007.0776977539062,1039.3178347150679,1004.8957559550188,1036.7738683052526,4198605
2024-05-29,1006.1578369140625,1017.2045424916906,1000.1207102538701,1006.6274774725327,3405655
2024-05-30,977.8804931640625,1006.0600661349984,973.5655205008961,1004.7783485136279,2353690
2024-05-31,972.7825927734375,982.1562336395085,966.7161434916738,977.880318831375,1746525
2024-06-03,981.7061767578125,1001.5492676576715,968.2523835194824,998.9368023468993,4274130
2024-06-04,971.9901123046875,997.8996531799851,924.2413883232593,992.1561112387042,3130210
2024-06-05,1003.7214965820312,1012.312384464231,966.1976650088101,968.25246215701,2013675
2024-06-06,1020.0714111328125,1031.7247549315246,1012.5177472691904,1021.5097151119045,1604930
2024-06-07,1062.8204345703125,1069.1706163265828,1042.2532318899766,1042.8404021400204,6181555
2024-06-10,1021.5391235351562,1070.0412145333594,1016.5294253677209,1068.4757062511533,5088070
2024-06-11,1012.8701782226562,1028.3591218065137,1011.3339326287238,1028.3591218065137,1870075
2024-06-12,1013.5256958007812,1030.316065120196,1011.451370038944,1023.4668605087606,1591970
2024-06-13,1031.930419921875,1040.6875684140532,1017.5959909686605,1025.4040641734762,2647075
2024-06-14,1017.9385375976562,1037.1652570528506,1013.4278615201439,1037.1652570528506,1772345
2024-06-18,1031.901123046875,1037.1652305986713,1010.1598201806463,1019.7486346104735,1999835
2024-06-19,1055.78515625,1067.0080365055874,1021.3727586948389,1033.4762746981162,4288780
2024-06-20,1040.2862548828125,1063.5735930123385,1039.1219476966473,1063.5735930123385,1346075
2024-06-21,1053.4859619140625,1080.2173755745785,1044.992895936277,1061.088478439187,5443680
2024-06-24,1047.272705078125,1063.4662296145157,1043.7208984491833,1052.8206038610456,1803715
2024-06-25,1047.0770263671875,1056.519167809576,1039.4157449668724,1048.9067376337548,754355
2024-06-26,1042.1259765625,1069.0335655479194,1038.1437059465427,1055.7559460097261,2002155
2024-06-27,1064.3663330078125,1067.4875557368773,1037.1651611927296,1052.1550805911818,2588010
2024-06-28,1068.2410888671875,1085.6967424382826,1055.0319086712552,1061.6364987692214,3371570
2024-07-01,1079.904296875,1094.6985732061517,1061.7734461890313,1067.4974001108465,2398040
2024-07-02,1106.39111328125,1126.1852946763224,1080.608775166318,1086.8709287250197,5516645
2024-07-03,1111.7041015625,1118.3673362670338,1099.9820782033366,1115.4417573534365,1857385
2024-07-04,1154.325927734375,1155.8425852744856,1113.4851040361407,1115.530047629166,5586295
2024-07-05,1148.73876953125,1161.233693985613,1142.8484348240331,1161.233693985613,1601880
2024-07-08,1145.8621826171875,1169.325583005724,1125.745151110804,1158.0929058756537,3750055
2024-07-09,1127.3104248046875,1154.5898290514303,1120.3536051983442,1154.5800349196127,1506105
2024-07-10,1109.3948974609375,1134.0325158024873,1100.774746917595,1130.099096594033,1015255
2024-07-11,1088.7298583984375,1115.4418019584348,1086.2935082283584,1115.4418019584348,2507525
2024-07-12,1169.7755126953125,1181.9768510264983,1102.14452414268,1106.048560643386,10862510
2024-07-15,1157.711181640625,1185.6461986527283,1147.9363981077474,1180.0200664948961,2374055
2024-07-16,1153.973388671875,1167.3587418851444,1137.2613749992734,1164.1689603891325,2447050
2024-07-18,1173.6798095703125,1182.691368379893,1136.0091813751155,1154.5802927359048,3378415
2024-07-19,1170.9693603515625,1202.309392035543,1164.7659714054482,1177.4761285441316,3864545
2024-07-22,1189.06103515625,1196.536467004677,1142.95610886939,1160.4607330652486,5000235
2024-07-23,1209.24658203125,1239.705976750666,1178.0729322605155,1195.8319644185926,8592440
2024-07-24,1239.5296630859375,1256.603820680373,1199.8043065293466,1203.3072613455395,3754390
2024-07-25,1237.103271484375,1257.3182425867776,1212.4070067650039,1214.8531512058344,2186170
2024-07-26,1241.408447265625,1253.805549668011,1237.1032093777715,1237.1032093777715,1089620
2024-07-29,1235.4888916015625,1254.8526107730715,1226.2229243804466,1246.5553072731554,1965655
2024-07-30,1235.4005126953125,1242.4356847822874,1226.124753976879,1234.813462037302,745135
2024-07-31,1233.9329833984375,1247.5335693365873,1226.7315490487122,1232.8273214181843,1029050
2024-08-01,1230.146240234375,1244.011027547817,1219.1777686622142,1241.1636824632196,1064450
2024-08-02,1193.4114990234375,1222.8345692799378,1189.4858033029657,1215.0028254860326,1243530
2024-08-05,1157.50146484375,1164.381257568189,1128.441510777585,1138.4519889663618,3375805
2024-08-06,1157.2952880859375,1197.141203671935,1152.4569342065881,1163.2525996544148,1871555
2024-08-07,1180.986572265625,1184.7748540470166,1160.0430203166825,1160.0430203166825,872730
2024-08-08,1147.3043212890625,1181.379334340334,1144.6348767206741,1177.7382895812252,1343745
2024-08-09,1153.8406982421875,1176.6391601193038,1146.4308986252686,1169.857486280744,1284175
2024-08-12,1153.0850830078125,1157.8842614834136,1131.7782832198202,1157.0892504156363,1708405
2024-08-13,1147.8245849609375,1167.4628904591132,1141.3079146691325,1153.1732982957647,845485
2024-08-14,1152.250732421875,1162.9874536021375,1136.5969475571499,1151.9955525946716,1173440
2024-08-16,1192.82275390625,1195.1781954674796,1163.1836772160193,1172.3502636366447,2040310
2024-08-19,1189.4173583984375,1207.1516391151567,1184.4905902638534,1201.2630945341073,2075115
2024-08-20,1200.330810546875,1218.9483972367657,1194.3833229107254,1195.3745708500837,1628350
2024-08-21,1195.443115234375,1209.8897680027385,1188.3965577901265,1204.2072845334671,992425
2024-08-22,1194.2359619140625,1215.984351577437,1192.4498229243843,1201.6555849544245,1098970
2024-08-23,1182.0760498046875,1195.2860978738809,1173.9891258962243,1195.178155613777,890210
2024-08-26,1182.841796875,1213.3542398374445,1180.113409013621,1187.9844497834722,2173385
2024-08-27,1193.5882568359375,1203.2257875104626,1182.8415924802048,1187.1304104380308,1319435
2024-08-28,1227.8497314453125,1245.4270690137475,1193.588305505276,1195.3744444907366,3479685
2024-08-29,1233.1102294921875,1246.1828652435447,1214.0510506544897,1224.4246504004002,1526970
2024-08-30,1245.2406005859375,1253.8475881388565,1224.4146929642948,1234.63135000152,1966685
2024-09-02,1244.5634765625,1265.5856230970132,1237.39903298966,1245.4271345290665,1554095
2024-09-03,1257.71435546875,1261.2376336688835,1239.3126576367763,1245.230672412192,981430
2024-09-04,1242.69873046875,1244.9658775270668,1221.4215241777345,1225.2294542796474,1906150
2024-09-05,1285.910888671875,1291.5540770785633,1239.2834214873496,1251.7082837675391,4142650
2024-09-06,1300.318115234375,1317.807037692788,1283.702554684168,1285.910758619978,3139855
2024-09-09,1274.03564453125,1313.7341991230262,1262.3370268175065,1286.7843332570978,2549810
2024-09-10,1336.1107177734375,1349.0262917402538,1296.2747493629636,1297.4425864702807,6368025
2024-09-11,1342.8040771484375,1356.779546995911,1330.2222726766531,1336.1108173810185,2205830
2024-09-12,1349.7525634765625,1360.0575161511297,1336.7093993258754,1353.9726150711685,1464825
2024-09-13,1376.6925048828125,1382.6203441318185,1337.6612535495635,1354.3651090631126,3249865
2024-09-16,1371.8934326171875,1391.2863817751781,1359.0269774686108,1376.9379667004591,2389345
2024-09-17,1373.708984375,1383.6116390501165,1358.330146569399,1359.0269192906176,1241110
2024-09-18,1346.6610107421875,1373.9936460986742,1328.8481405840034,1373.9936460986742,1647970
2024-09-19,1357.42724609375,1390.2754807507379,1340.0560880886223,1375.9565372071659,3357435
2024-09-20,1363.2666015625,1369.861861982541,1343.3732374454405,1368.1050746617027,1498370
2024-09-23,1351.479736328125,1374.7492600908615,1348.4765215041812,1368.1050007109377,1122985
2024-09-24,1373.6011962890625,1377.0558284149754,1342.8826927250052,1352.2062220136386,1503945
2024-09-25,1355.7000732421875,1390.1775090284184,1346.9065510408589,1373.601240467895,1281740
2024-09-26,1349.3109130859375,1369.0768090290683,1332.1556388190406,1367.1729037618154,3208525
2024-09-27,1361.303955078125,1403.2403100131755,1358.5462154896438,1376.3296164529597,3488310
2024-09-30,1377.22265625,1379.7448634602836,1349.4483064476503,1361.5296945592652,1511795
2024-10-01,1398.81396484375,1401.2773488679306,1370.0778390384767,1373.9937115321238,2368575
2024-10-03,1385.80029296875,1422.5644012134132,1364.5720850116975,1364.5720850116975,2590065
2024-10-04,1398.6373291015625,1420.1108938822322,1380.3043934220764,1383.8080248569083,2660410
2024-10-07,1414.8306884765625,1429.934818748942,1393.6907764294237,1412.1612438544792,3321265
2024-10-08,1437.1875,1442.114267628773,1388.7247782813226,1427.7756774223315,1501585
2024-10-09,1448.0616455078125,1456.0308036231124,1437.0108016455854,1444.852369848337,1455130
2024-10-10,1429.2479248046875,1458.1999349455004,1425.6165838545328,1458.1999349455004,963000
2024-10-11,1452.4898681640625,1461.3260946838009,1421.1005079434299,1421.8680503209669,2129580
2024-10-14,1462.6248779296875,1468.1155079683392,1433.6758010119775,1452.4503180195118,1640085
2024-10-15,1470.0738525390625,1492.7155127404185,1463.3925099941007,1474.9249848086472,1141300
2024-10-16,1417.784423828125,1464.1796567323618,1408.436502632589,1464.1796567323618,4368245
2024-10-17,1428.2147216796875,1432.6919320137006,1408.8793806407123,1422.8520148982218,1749215
2024-10-18,1418.99462890625,1423.6293112355668,1403.1819360141183,1419.1225526248122,1458725
2024-10-21,1343.1978759765625,1424.1803182753058,1326.5486936932575,1418.9946629604644,4684635
2024-10-22,1338.27783203125,1362.631624284199,1320.526585018595,1344.1817816683285,2821410
2024-10-23,1487.3624267578125,1505.251327095949,1364.7963732465455,1367.5417482960886,18125670
2024-10-24,1515.1602783203125,1531.7011159120989,1478.9887347479787,1482.87545381669,7589385
2024-10-25,1523.189453125,1532.6063200323497,1499.3670548495231,1512.493469203232,2554910
2024-10-28,1516.4000244140625,1532.862306323962,1493.325467275908,1518.3975563773295,2126760
2024-10-29,1525.925048828125,1529.7133926514095,1492.3512585877834,1523.2190717948977,1477015
2024-10-30,1523.69140625,1553.6441752298756,1515.7407967757476,1525.9250865658012,2628130
2024-10-31,1500.41015625,1525.1871198611836,1460.2436683058042,1525.1871198611836,2738450
2024-11-01,1486.3587646484375,1502.5552285438323,1469.8670552157032,1499.603253635102,227700
2024-11-04,1484.4990234375,1504.8283245130383,1479.6675908144025,1488.7793630820834,2613505
2024-11-05,1485.1385498046875,1494.4273727270777,1470.0834304822006,1482.2455520794797,1193625
2024-11-06,1540.83251953125,1556.3303877247818,1496.080599356705,1503.3424624006066,4255360
2024-11-07,1545.5263671875,1564.5468844974587,1523.317606096585,1564.5468844974587,2837565
2024-11-08,1565.294677734375,1580.29070193422,1545.2212226280399,1550.7709503414262,2684930
2024-11-11,1587.5526123046875,1590.1208163548245,1547.4057009116996,1564.684653674447,2344495
2024-11-12,1593.9188232421875,1605.8644960848721,1579.3065715103253,1603.9063623438194,1951690
2024-11-13,1585.44677734375,1605.3430606929433,1576.3547036436387,1593.9189314681184,2643950
2024-11-14,1588.949951171875,1604.998794408745,1572.418841462963,1586.1947261816622,1564270
2024-11-18,1575.6856689453125,1592.472626417387,1555.7795343957969,1589.1467293865312,1890055
2024-11-19,1597.3134765625,1621.5196438418598,1573.4024346683586,1575.6852421352196,1720995
2024-11-21,1615.73388671875,1621.3228916741364,1595.463684027019,1603.7095383399856,1651020
2024-11-22,1638.8382568359375,1642.1346051695914,1616.7476901325047,1621.4216509370501,2027685
2024-11-25,1694.7484130859375,1700.3375384012397,1645.0863842962765,1646.4245985005227,2726845
2024-11-26,1695.72265625,1708.2094522515406,1690.2122070852893,1694.4335695720927,1391695
2024-11-27,1706.8121337890625,1720.9029609931672,1681.0905785366563,1697.3855373509846,1464925
2024-11-28,1704.480224609375,1710.1677254645567,1693.2823942561688,1707.8159708870783,1939545
2024-11-29,1709.3609619140625,1713.70027897258,1680.854630123148,1697.3857392826326,1134725
2024-12-02,1714.251220703125,1726.5215677017718,1701.0263105195,1709.4000890368725,1185985
2024-12-03,1715.7371826171875,1721.7789061778994,1691.4817627522748,1710.1776053888618,1255050
2024-12-04,1725.1146240234375,1726.9054360689847,1707.8553711425864,1715.7371542806054,1473405
2024-12-05,1735.3282470703125,1750.9146400523211,1720.6076513664868,1725.1438381326614,1843620
2024-12-06,1751.79052734375,1755.4410979162565,1723.0775982386024,1725.921348511835,1341275
2024-12-09,1755.1656494140625,1768.2330880411578,1750.7376867561964,1759.67240828242,1640065
2024-12-10,1772.8675537109375,1780.6214127019555,1743.633200285536,1745.611033107343,1984440
2024-12-11,1770.437255859375,1778.6535627128785,1762.5653220852541,1771.1850991772108,1204175
2024-12-12,1809.7476806640625,1840.2612736254289,1777.1775786326834,1782.5993826395886,3366405
2024-12-13,1830.3721923828125,1835.5282993029405,1789.3298167262967,1804.6309357713374,2085325
2024-12-16,1827.21337890625,1841.0385094991084,1818.4165512976158,1828.0597174191457,1158075
2024-12-17,1850.4847412109375,1853.8401862208586,1826.2884212451772,1828.256404457726,1472610
2024-12-18,1863.9459228515625,1871.1585385620708,1844.000392451021,1851.4787051314302,2166950
2024-12-19,1900.5013427734375,1903.50244546819,1808.2225698763857,1808.2225698763857,3270965
2024-12-20,1844.0888671875,1928.0529510769707,1839.296832684006,1916.815723256307,2766050
2024-12-23,1851.1539306640625,1874.5040325437774,1846.2142735224475,1859.6654821841475,1558340
2024-12-24,1848.66455078125,1863.6802736832612,1833.2257787146848,1851.1540786019611,1205330
2024-12-26,1868.2557373046875,1884.1472261947974,1834.4752276823613,1850.8882609656416,1494590
2024-12-27,1859.9608154296875,1879.4242006390573,1842.0423644984678,1875.1044625388304,1097480
2024-12-30,1932.1561279296875,1973.2574783164173,1847.444320521625,1847.9560153975601,6871995
2024-12-31,1901.6524658203125,1910.321490261674,1865.6482435294536,1908.953727399154,1806665
2025-01-01,1894.882568359375,1917.7899233610951,1877.987508188844,1906.9758644716562,798575
2025-01-02,1908.2845458984375,1920.2499183871405,1889.2640299223433,1893.0032463613668,1858400
2025-01-03,1902.970947265625,1917.7996479778926,1875.6946085468908,1914.8476731477574,1501210
2025-01-06,1895.51220703125,1919.1772532124571,1889.2638843536254,1902.9709402823653,1655670
2025-01-07,1893.2393798828125,1924.2940946702904,1882.425320989119,1897.1359484767415,3033345
2025-01-08,1880.998291015625,1892.6192892973543,1844.5906023483108,1892.6192892973543,1219475
2025-01-09,1826.87890625,1891.2024367636561,1820.8864306261644,1882.435157487989,1249660
2025-01-10,1850.720947265625,1879.2764037882348,1824.3106453626594,1844.9843192640799,3126025
2025-01-13,1713.23779296875,1834.849294859207,1705.8381560858454,1834.849294859207,4296765
2025-01-14,1690.969970703125,1733.7834574907934,1680.5790812213672,1722.7726484578393,4304205
2025-01-15,1689.1888427734375,1715.5597446401705,1669.1153908284475,1689.9071373971503,3338060
2025-01-16,1718.315185546875,1764.0018523908748,1692.8297767847955,1692.8297767847955,1870420
2025-01-17,1700.6427001953125,1726.9053802019957,1692.8100448260554,1710.1775218182727,1539025
2025-01-20,1704.6868896484375,1718.4332244300165,1662.9853179311988,1700.6426983046915,1751100
2025-01-21,1625.770751953125,1718.5809171732162,1622.041505056535,1708.0128558321596,2384255
2025-01-22,1619.2960205078125,1646.2081678991458,1602.4500883977469,1636.5355732979974,1743890
2025-01-23,1809.8460693359375,1834.160464959465,1702.7189014902963,1714.113481737869,11712525
2025-01-24,1817.3538818359375,1855.808231860885,1785.4528296455862,1790.8647836621476,4203395
2025-01-27,1732.15966796875,1796.9260596707795,1721.9852288775064,1789.9790216059525,2747535
2025-01-28,1672.5496826171875,1735.092130403156,1660.6532570162553,1724.789766495361,4544885
2025-01-29,1721.306396484375,1728.6764839292498,1663.9691869658745,1672.7857132290158,1885050
2025-01-30,1642.376220703125,1732.5483574064294,1637.0314525823221,1731.6509419483082,2721965
2025-01-31,1629.8524169921875,1655.7186878946418,1618.2653445783924,1641.7255067353458,1847675
2025-02-01,1592.87255859375,1657.789711308176,1579.9837208286347,1636.982309640688,937265
2025-02-03,1645.6798095703125,1648.7960261871067,1542.3429271079062,1572.8834630132033,2057765
2025-02-04,1668.35107421875,1674.0607070374497,1639.319232685063,1646.448960765558,2373995
2025-02-05,1676.8515625,1700.883638562871,1666.585875862792,1668.6468618137956,1488925
2025-02-06,1680.638427734375,1700.0750882289467,1674.455348969801,1693.8722675261008,1204375
2025-02-07,1683.498046875,1699.1085012610172,1666.5167317131595,1682.5808894943364,1508765
2025-02-10,1659.5548095703125,1686.288883803301,1652.7208490224098,1686.288883803301,1345735
2025-02-11,1596.8958740234375,1670.3234845630273,1591.8172604674266,1659.663319542143,1279875
2025-02-12,1578.6820068359375,1603.9763648726894,1543.6939961180408,1556.9870615280704,5689675
2025-02-13,1553.24951171875,1591.6101420561556,1544.2954598141491,1580.772540817012,1720920
2025-02-14,1537.0572509765625,1569.3432627480272,1513.9125986374493,1568.9389141743923,2360225
2025-02-17,1515.4805908203125,1528.3102011021535,1478.0468701675147,1525.1545007368018,2375535
2025-02-18,1517.1175537109375,1537.0867639145226,1486.5375337887156,1518.6362383411001,2664345
2025-02-19,1533.3692626953125,1549.7588035611675,1491.261272263107,1516.4767839021742,1992460
2025-02-20,1537.0572509765625,1553.1607729884777,1501.881814134255,1526.5351597372467,2927410
2025-02-21,1478.451416015625,1527.9060564275298,1466.3811464044202,1518.656115396368,3057110
2025-02-24,1504.5247802734375,1519.9183155851213,1428.907981928205,1449.6167932604976,3253465
2025-02-25,1505.5797119140625,1521.7029747485,1481.6264844609102,1494.9985159730215,1271640
2025-02-27,1477.031494140625,1522.5809639933732,1461.5392477648436,1522.5809639933732,1368470
2025-02-28,1452.0130615234375,1470.256537042348,1399.94514810759,1459.4188157028539,7373890
2025-03-03,1451.0072021484375,1463.116834007371,1427.67524219144,1452.2003855533676,1711805
2025-03-04,1422.478271484375,1457.4860215546987,1408.7118820902488,1439.7553550048592,2133295
2025-03-05,1541.1695556640625,1578.9976397113735,1479.2009316722883,1485.324785008554,16970990
2025-03-06,1503.8836669921875,1565.9804838627826,1493.3615759466475,1548.8710864049274,5258055
2025-03-07,1520.075927734375,1526.5351524023883,1471.3806349182155,1497.9372716403282,3535940
2025-03-10,1486.0150146484375,1520.046503923973,1475.414075610848,1517.0683603943812,1325145
2025-03-11,1505.2545166015625,1511.536184586014,1420.0327835736334,1469.3098645407526,2961420
2025-03-12,1459.537353515625,1526.5451018357464,1435.6236071664514,1516.6738921661422,3819490
2025-03-13,1438.2269287109375,1471.3117689863304,1434.824814929699,1464.408831732373,1455270
2025-03-17,1452.5850830078125,1459.2513576980275,1426.1369048109266,1442.5363161271905,2070180
2025-03-18,1452.5850830078125,1452.5850830078125,1452.5850830078125,1452.5850830078125,0
2025-03-19,1489.1510009765625,1498.4601681742724,1452.4569947712591,1493.006818473748,1967245
2025-03-20,1494.6436767578125,1534.4242828794147,1489.456603035089,1508.7848025742317,1799675
2025-03-21,1527.876220703125,1540.3409661420649,1453.5809353377151,1471.6173607156327,5739725
2025-03-24,1532.3631591796875,1551.937890425029,1503.8539982030902,1535.508868122522,2805970
2025-03-25,1569.570068359375,1594.085341001778,1540.3410471047184,1552.1746531004014,4540895
2025-03-26,1583.178466796875,1602.5658895007778,1569.5698936432723,1576.3051436367903,3309815
2025-03-27,1599.0357666015625,1610.3565638463137,1564.9944071182488,1564.9944071182488,2713415
2025-03-28,1599.3511962890625,1627.1207575910275,1582.6461476257382,1611.825812839459,2518165
2025-04-01,1534.5821533203125,1591.6102330419474,1530.4798026178564,1591.6102330419474,2221335
2025-04-02,1530.7855224609375,1545.1534399519414,1509.5836442983202,1534.5821137773141,2470850
2025-04-03,1411.630859375,1508.7749142272046,1408.5936104636376,1498.1542334396147,6409960
2025-04-04,1303.254638671875,1399.097043422604,1294.0343118970811,1390.5176073031923,11705110
2025-04-07,1250.5556640625,1265.1997261263664,1177.4535646000193,1178.4298273791,11740295
2025-04-08,1276.5699462890625,1319.4568956293372,1256.3739453214914,1281.579462658096,4082910
2025-04-09,1247.1929931640625,1261.0679632700515,1217.8752542789712,1252.3899375986182,5467845
2025-04-11,1245.8123779296875,1301.2922754913238,1239.550452336458,1286.6383415779346,8440465
2025-04-15,1275.2681884765625,1286.904615526642,1249.4315309365943,1265.40685042655,2791565
2025-04-16,1263.8291015625,1279.6072429562332,1249.9246385348058,1275.2682299974235,2153440
2025-04-17,1301.6966552734375,1315.1080512825401,1232.8644658056398,1250.3191068188598,8477320
2025-04-21,1368.359375,1392.6182448544582,1314.7136667865948,1315.404032742914,4754435
2025-04-22,1371.9093017578125,1388.9694647402628,1355.6380939706528,1367.7675879266912,2141160
2025-04-23,1457.9002685546875,1465.3948615368126,1407.9032114829233,1420.6243618800072,8121570
2025-04-24,1430.091064453125,1476.1435811415934,1426.1465295955766,1459.4778972929212,3868135
2025-04-25,1457.5057373046875,1481.961903375343,1416.3840065345028,1441.7275967114026,5022010
2025-04-28,1455.04052734375,1473.086825342592,1430.880247492905,1461.45039750826,2291125
2025-04-29,1476.2423095703125,1490.0481828729073,1449.7152860776516,1470.5226853367442,2852330
2025-04-30,1440.74169921875,1481.173191120166,1435.7124401553292,1474.4674321171522,2021165
2025-05-02,1454.6458740234375,1486.3994530758641,1443.9957017245958,1447.4471698578386,2079045
2025-05-05,1478.5106201171875,1497.9374100023563,1459.4781874940666,1463.4227231359425,2420060
2025-05-06,1464.60595703125,1577.6169934046836,1457.505841408204,1548.2301562996486,11503675
2025-05-07,1498.92333984375,1501.881741172389,1446.8554283086407,1459.4779887952304,2994720
2025-05-08,1529.3948974609375,1563.8109903230775,1502.8678748077623,1503.0650534119231,5923215
2025-05-09,1518.61962890625,1531.2731935587685,1493.7080667961907,1493.7080667961907,2793100
2025-05-12,1643.276611328125,1655.6335607585738,1550.5500145327042,1581.8871900189883,6150415
2025-05-13,1634.379638671875,1665.7168147512734,1623.7031858925618,1660.5763719602483,3061420
2025-05-14,1673.3287353515625,1679.5566865787846,1627.163217250547,1628.151773275608,3161205
2025-05-15,1672.8343505859375,1689.4421390164632,1653.1621834812893,1673.3286285669253,2536890
2025-05-16,1665.914306640625,1680.4461503579214,1662.7509761206645,1676.5907583238093,1186730
2025-05-19,1636.158935546875,1666.5076757426846,1631.6116022925412,1666.5076757426846,1391245
2025-05-20,1622.3192138671875,1684.4994098806662,1617.8707119044745,1656.4243955813206,4093215
2025-05-21,1634.28076171875,1643.9686589705955,1610.5554172717902,1623.6044291216233,1140780
2025-05-22,1633.489990234375,1654.743944646832,1615.3993668139703,1621.2318714618245,1588285
2025-05-23,1645.253662109375,1674.8113875101556,1629.2389838385209,1643.177598143526,1916425
2025-05-26,1671.7469482421875,1677.5794525004565,1637.6417678584128,1653.4586631088591,1328450
2025-05-27,1672.5379638671875,1676.4921879696346,1660.774123027739,1670.6596832838566,823720
2025-05-28,1674.0206298828125,1695.175750842216,1671.8457344407568,1687.464966347045,1397865
2025-05-29,1706.3463134765625,1719.8896016996157,1683.6095277949344,1689.244368824378,1920635
2025-05-30,1690.529541015625,1716.9240578319493,1673.6252580547598,1714.5514993680845,1536140
2025-06-02,1697.449462890625,1703.3807988187316,1671.1538977440202,1690.3319080462325,1574265
2025-06-03,1680.347412109375,1711.486923793668,1676.986297824658,1708.2246409669335,910355
2025-06-04,1704.7647705078125,1710.6961063286572,1674.613813418518,1699.327712672038,1812516
2025-06-05,1745.7896728515625,1771.4921255662514,1693.3962115485429,1704.7646040954244,2409185
2025-06-06,1755.18115234375,1763.0896002281488,1724.0416387989299,1759.1353762859494,1206610
2025-06-09,1773.46923828125,1784.3433528972444,1751.7210090492613,1768.032180973253,1439693
2025-06-10,1809.5517578125,1873.313619805893,1796.2062518138828,1796.2062518138828,6550333
2025-06-11,1795.7117919921875,1826.8513028359828,1789.7804565933693,1814.0000761385434,2303047
2025-06-12,1764.0782470703125,1807.080434656504,1746.2842384139574,1800.654820419487,1603658
2025-06-13,1771.9866943359375,1801.1490973947436,1724.536004613134,1748.7556274924816,1328872
2025-06-16,1808.563232421875,1827.8400747461312,1764.572489681906,1771.9866598066199,1346285
2025-06-17,1819.437255859375,1841.185487116591,1794.7233567034475,1814.0001980450709,1357037
2025-06-18,1812.517333984375,1828.8285071563098,1785.8263233393911,1810.0459441098394,1254949
2025-06-19,1773.46923828125,1818.9428084935896,1757.6523442943492,1817.9542526194084,1334241
2025-06-20,1811.0345458984375,1817.954437722285,1759.6296352069971,1774.9522528169457,1770433
2025-06-23,1810.0460205078125,1826.8514723639746,1784.8378427235693,1794.2291246431892,655286
2025-06-24,1840.6912841796875,1853.542512264723,1814.4945500063461,1837.725616160064,1519443
2025-06-25,1858.4852294921875,1873.3135690891997,1841.6797779489073,1848.5996697608462,1087112
2025-06-26,1866.3935546875,1872.3248901367188,1839.7025451660156,1862.4393310546875,2528144
2025-06-27,1877.7620849609375,1932.6269418787224,1871.3364710876835,1874.3021390291854,3971962
2025-06-30,1902.4759521484375,1907.4187319669577,1861.4508796547195,1894.073226456953,1701327
2025-07-01,1900.498779296875,1938.85479772835,1884.2864378771794,1907.9129487869798,2376579
2025-07-02,1904.0576171875,1933.5166331695182,1884.1876664555582,1898.1262814064228,1567953
2025-07-03,1916.1180419921875,1934.0108805136545,1904.354202078074,1912.3614811210139,1090866
2025-07-04,1928.27734375,1930.6499023268518,1901.6851627425244,1920.764342151087,859326
2025-07-07,1919.4791259765625,1944.6873038327044,1914.5363460047702,1928.277298461021,932234
2025-07-08,1927.288818359375,1971.1807303719343,1919.083875687109,1922.6426532722692,1511062
2025-07-09,1909.1982421875,1937.5697509861761,1900.5977326235068,1931.6384150137694,939038
2025-07-10,1866.096923828125,1916.8098897584189,1853.9377586642884,1913.8442220589473,1659275
2025-07-11,1846.4248046875,1871.6329807709476,1825.0719001722682,1866.096971053173,2092630
2025-07-14,1853.5426025390625,1869.1618364724636,1820.920252734375,1841.6799298828125,1090630
2025-07-15,1872.226318359375,1893.0848267808817,1850.7745797720022,1853.5425849682263,1579538
2025-07-16,1860.857666015625,1872.6215054596742,1847.8086556213873,1870.545441513473,1256821
2025-07-17,1843.95361328125,1871.7320136235205,1834.7599939216798,1868.370898982745,851068
2025-07-18,1838.022216796875,1860.2647267693753,1817.559035218171,1843.9535527895418,1092144
2025-07-21,1852.8504638671875,1863.2303013338565,1821.9086143876889,1838.6152340639464,746077
2025-07-22,1837.13232421875,1861.9450533837562,1826.8513186372081,1856.5079958878123,1001823
2025-07-23,1828.5318603515625,1847.7098695796199,1817.9543601415505,1846.3258671392448,1602723
2025-07-24,1656.81982421875,1816.4716151562966,1651.7782128501267,1812.0231132416282,11480454
2025-07-25,1669.473388671875,1705.2590669080894,1634.5773142797252,1655.8312678672753,5036489
2025-07-28,1704.96240234375,1712.1789090635245,1648.4170501520944,1669.4733402014817,2064973
2025-07-29,1700.810546875,1707.1373292194899,1674.6138136624527,1690.4307091870096,3254411
2025-07-30,1729.4786376953125,1732.9385835266548,1691.8146800659372,1705.2590168759154,1877573
2025-07-31,1732.1539306640625,1740.179680799012,1685.5853246607055,1709.761391116254,2814159
2025-08-01,1690.6385498046875,1730.469520446759,1684.7926795393414,1728.7851724999066,1167544
2025-08-04,1730.469482421875,1733.4419464626799,1674.4880763200508,1689.350396524075,1391708
2025-08-05,1691.0347900390625,1731.955761151013,1683.0091611024222,1728.9832970300442,1980437
2025-08-06,1623.2625732421875,1694.7007643012944,1619.0019933009232,1691.034652946055,2517229
2025-08-07,1688.4586181640625,1692.3228455728504,1617.9121872672033,1623.2626466832273,2503589
2025-08-08,1592.0518798828125,1666.5616010628655,1586.6023621623335,1666.5616010628655,3441538
2025-08-11,1599.086669921875,1611.9673480274048,1569.7583808869515,1592.0518622234456,1857927
2025-08-12,1610.48095703125,1636.8367792874305,1599.086512139116,1604.7341451404884,1170688
2025-08-13,1606.8148193359375,1625.0459550545359,1592.4479107943575,1619.9927907229871,873679
2025-08-14,1626.9287109375,1634.756224053423,1606.7159305336852,1611.0755688089982,1241786
2025-08-18,1640.3045654296875,1651.3026570212135,1627.0275366025924,1648.7265459830867,1056549
2025-08-19,1637.530517578125,1649.6186115098787,1624.6498390778195,1649.6186115098787,844413
2025-08-20,1692.71923828125,1705.2035632469474,1617.7139886411378,1627.325028418206,2185643
2025-08-21,1712.33740234375,1717.4897459145773,1662.6972770827017,1699.2586089521715,2306077
2025-08-22,1731.658447265625,1739.8823129562445,1705.4016811532445,1712.3374306923638,2262754
2025-08-25,1747.8087158203125,1781.001228280619,1740.8729669480097,1740.8729669480097,2137912
2025-08-26,1723.3355712890625,1762.6711293366964,1718.579580570264,1736.810717059167,1692453
2025-08-28,1721.2547607421875,1737.0088440301593,1695.2952903568807,1714.1208955683246,1147193
2025-08-29,1708.4732666015625,1741.3684863564854,1704.4108023912763,1716.1025424577142,868677
2025-09-01,1748.4034423828125,1755.0420184243699,1713.1302242459205,1714.1210456595966,1050753
2025-09-02,1738.4952392578125,1765.9410651604112,1735.4237170459373,1761.6804846746654,1084460
2025-09-03,1715.9044189453125,1743.0528264893157,1702.330094223442,1728.9832120548342,915451
2025-09-04,1676.9652099609375,1731.658502549875,1671.020281594754,1725.0200475875877,1208094
2025-09-05,1643.0791015625,1695.09722270589,1624.9470223839978,1690.1431159303293,1573984
2025-09-08,1647.1414794921875,1670.5248397735384,1640.99831439166,1654.5726398114648,1245512
2025-09-09,1681.0274658203125,1698.2677813731177,1651.6991782666203,1659.6257490081516,1705824
2025-09-10,1752.3665771484375,1762.4730272676363,1694.304471496485,1696.286114153206,2946800
2025-09-11,1754.7445068359375,1758.5096761227023,1728.9831532629648,1752.366511546921,900505
2025-09-12,1747.8087158203125,1774.4618321052772,1744.7371940811222,1765.6434986348056,1155805
2025-09-15,1738.1978759765625,1757.6179495012864,1724.3263776089213,1749.6913790054916,570950
2025-09-16,1763.2657470703125,1768.6162068440178,1737.3062746551304,1742.8548503297634,782670
2025-09-17,1775.4527587890625,1800.9168184950552,1762.4730236044907,1770.597710100213,1223772
2025-09-18,1807.7535400390625,1810.6269461233164,1786.54993911199,1789.4233451962439,2107488
2025-09-19,1778.8216552734375,1813.2031084582425,1775.6509543171378,1813.2031084582425,1490876
2025-09-22,1701.1412353515625,1730.56858167806,1686.5760886340024,1704.2127574104086,2928020
2025-09-23,1652.5909423828125,1707.383290087525,1646.9431881570956,1702.2310674832402,2038607
2025-09-24,1608.3011474609375,1657.9413932546117,1603.148924883288,1657.9413932546117,2635426
2025-09-25,1576.6942138671875,1631.88291997579,1572.8299860415668,1608.895910830887,1465683
2025-09-26,1524.378662109375,1579.3692475803339,1517.6410284825336,1576.8921941807412,1851852
2025-09-29,1537.952880859375,1560.4445985096581,1511.0025879976615,1539.6373497569034,2271394
2025-09-30,1576.396728515625,1596.2131550211639,1544.0959775015701,1569.3619212961323,6590593
2025-10-01,1586.106689453125,1591.7543221414708,1540.0335017907669,1576.3965929206847,1603862
2025-10-03,1598.2939453125,1604.9325211343419,1573.9197635327516,1580.3601025084915,1434833
2025-10-06,1647.1414794921875,1651.0057070481867,1583.4316166416334,1600.0774641367645,1432985
2025-10-07,1671.020263671875,1676.4697812824265,1631.882819014277,1655.06806358369,1937983
2025-10-08,1697.9705810546875,1717.2915983120695,1657.9414933428855,1667.0570018228275,2733508
2025-10-09,1704.3118896484375,1712.634813714143,1683.4055820077115,1704.2128316970357,1167579
2025-10-10,1706.4915771484375,1731.3611676435303,1697.2768906580882,1719.0749593063533,1374406
2025-10-13,1700.24951171875,1707.0862035257765,1670.9212226529708,1694.304583356097,857446
2025-10-14,1684.8917236328125,1719.0750605721432,1672.5064566258086,1711.2475476337422,836488
2025-10-15,1749.196044921875,1755.5373257860786,1694.3045176456044,1694.3045176456044,2653260
2025-10-16,1745.3319091796875,1758.7079981799293,1732.7485256853374,1750.7814269205267,579027
2025-10-17,1718.9759521484375,1740.8730793838379,1695.2952981364524,1740.8730793838379,1237165
2025-10-20,1731.361328125,1741.368600014768,1721.9485248816768,1724.0292256191728,456862
2025-10-21,1725.515380859375,1748.4033298522038,1713.1301139855639,1746.52074509741,106674
2025-10-23,1738.59423828125,1765.9410053049278,1730.0731985484542,1759.6987821908544,1981822
2025-10-24,1743.8455810546875,1758.7079013477673,1731.0639614126646,1752.7629732305354,1609152
2025-10-27,1813.797607421875,1849.4671773650775,1803.2949249063518,1833.0195665256872,6887265
2025-10-28,1793.1884765625,1829.056160031491,1784.9646112116634,1824.9938168021097,2276191
2025-10-29,1780.90234375,1805.2765251131445,1765.8417864480673,1793.3866687457694,1754243
2025-10-30,1791.1077880859375,1796.3591898615123,1772.4804184223303,1792.9903729271743,1236877
2025-10-31,1765.6864013671875,1800.044821713937,1761.9130033048825,1797.3637199007703,697258
2025-11-03,1782.2698974609375,1785.4475086108266,1745.7267631467369,1765.5871358787817,1055825
2025-11-04,1754.6639404296875,1781.8726754643499,1747.7128099356253,1774.524313269865,1067437
2025-11-06,1751.5855712890625,1764.5940909914132,1736.3923378878305,1738.7756068238405,1453706
2025-11-07,1728.051025390625,1739.272184747201,1703.0270036205823,1737.7826567556963,1410909
2025-11-10,1745.32958984375,1759.8276381795995,1711.2691221995544,1728.2497172099709,1401690
2025-11-11,1784.5537109375,1787.4334891358371,1745.528152488889,1756.4513571447192,2162659
2025-11-12,1814.9400634765625,1819.2100919831921,1788.426515099197,1795.377645363325,1138331
2025-11-13,1797.5623779296875,1817.2241964108819,1785.844830159101,1817.2241964108819,1550251
2025-11-14,1787.0362548828125,1792.3985795861345,1743.740668007342,1788.4265051715392,1575511
2025-11-17,1788.52587890625,1802.4281401044611,1778.9929240425247,1793.4909721913255,518247
2025-11-18,1771.84326171875,1782.468513002612,1759.1325742529957,1777.5034196516299,785781
2025-11-19,1845.2271728515625,1852.6748125889646,1763.402534577778,1770.9494519347268,2324817
2025-11-20,1833.2117919921875,1874.8192996333923,1827.6509115335057,1864.889112664995,1733072
2025-11-21,1784.9510498046875,1836.985252078775,1778.5957061069648,1824.0760094376283,1342531
2025-11-24,1795.5762939453125,1822.1892425416063,1787.4335894141097,1789.419626735681,1409000
2025-11-25,1818.9122314453125,1821.3947780958729,1780.681013026683,1802.3288683068085,1612174
2025-11-26,1858.0372314453125,1859.9239911845284,1817.4227431122918,1832.8145326816245,902345
2025-11-27,1896.8642578125,1901.630796023455,1858.9309922485158,1864.8891044031586,1702344
2025-11-28,1895.3746337890625,1918.9092483389322,1887.7284387317275,1902.6237183640135,1344163
2025-12-01,1889.317138671875,1922.4839837088166,1884.7492774170112,1905.6026677361667,957784
2025-12-02,1900.5384521484375,1913.745527696555,1888.7215057604699,1894.6796177660233,789262
2025-12-03,1899.148193359375,1920.4980946180556,1881.869644376172,1908.5818706597222,1033164
2025-12-04,1952.47314453125,1972.1349615169947,1904.4111407315936,1908.581770410707,3120396
2025-12-05,1964.0916748046875,1974.319694495476,1943.337560113256,1956.246802975531,1822538
2025-12-08,1937.6773681640625,1975.809187899259,1919.2071240333344,1966.1769553426484,1538773
2025-12-09,1860.42041015625,1924.5693896468683,1842.2481206730904,1924.5693896468683,2178634
2025-12-10,1807.4925537109375,1875.8122874147664,1803.5204789890429,1870.5492399210157,1182576
2025-12-11,1828.5445556640625,1850.9867527792476,1811.1667293906523,1815.238081588232,1305450
2025-12-12,1838.0775146484375,1841.7516351532029,1813.0534932441901,1837.0844960019501,1341771
2025-12-15,1856.9449462890625,1861.8107621031727,1822.685801558061,1842.0496659712358,774833
2025-12-16,1853.7672119140625,1858.3350733313412,1828.643792291889,1853.9657671512118,810515
2025-12-17,1831.8214111328125,1874.1241015803803,1828.048013084379,1853.767219744737,728993
2025-12-18,1841.85107421875,1857.14346473417,1815.2381254244128,1836.7865820365766,983034
2025-12-19,1832.5166015625,1864.5910305371813,1824.1752208381838,1858.1364094509277,2031217
2025-12-22,1855.65380859375,1868.8610044557265,1834.8998168364878,1837.0844092683815,824181
2025-12-23,1767.771728515625,1834.105421932529,1727.157363250231,1834.105421932529,3815131
2025-12-24,1725.568603515625,1768.5663631335142,1720.0077228555137,1767.7718996600238,2702033
2025-12-26,1661.6181640625,1732.5195990620098,1647.3186711854712,1717.92227331931,4261704
2025-12-29,1671.54833984375,1702.729028438449,1625.6708055429574,1699.0549079254981,8071211
2025-12-30,1643.3466796875,1673.1372408472778,1621.8974998960807,1673.1372408472778,8204848
2025-12-31,1651.3900146484375,1665.6895074494457,1635.2037621691545,1659.2348862256245,2650044
2026-01-01,1644.2403564453125,1660.3272103550537,1640.3675594024196,1658.341173022093,1009599
2026-01-02,1638.7786865234375,1651.2906969639707,1616.9322767574577,1651.2906969639707,2358220
2026-01-05,1630.5367431640625,1649.5033765297187,1618.6205184880766,1647.4180614550423,1643132
2026-01-06,1645.5311279296875,1650.794175093238,1622.6916997117248,1636.4946827479382,1387735
2026-01-07,1689.621337890625,1693.0969033814372,1638.4808742401005,1648.4110613567073,1845212
2026-01-08,1635.501708984375,1695.7778922733062,1632.2246989672954,1688.1316971909155,1508881
2026-01-09,1669.8602294921875,1673.236517331611,1636.3955476327967,1636.3955476327967,1700004
2026-01-12,1685.251953125,1690.3163240758768,1656.653088286938,1673.2364515150107,1476570
2026-01-13,1696.5723876953125,1705.0130463405628,1671.3496893823565,1698.0619156915332,2425785
2026-01-14,1669.8602294921875,1717.127895589804,1661.7175246013167,1698.0619849478069,1903405
2026-01-15,1669.8602294921875,1669.8602294921875,1669.8602294921875,1669.8602294921875,0
2026-01-16,1720.206298828125,1723.6818641898944,1684.1596724459625,1688.1317471451275,3448276
2026-01-19,1715.9361572265625,1729.7391401423158,1704.1192115298213,1727.8523805406357,1311096
2026-01-20,1681.875732421875,1718.9153786111358,1674.229536879477,1718.9153786111358,1719928
2026-01-21,1657.546630859375,1682.6700504150697,1581.8786605554476,1681.875587032387,3976423
2026-01-22,1675.91748046875,1728.0509581426195,1662.3131738296634,1669.2643041861793,2134697
2026-01-23,1624.975830078125,1698.0619823863371,1618.0246991560755,1662.2140314462463,3575484
2026-01-27,1652.680908203125,1672.6405578646256,1621.8973315335386,1632.5225820903206,3017548
2026-01-28,1682.3721923828125,1685.3512484107962,1657.0502161449501,1659.3342075869778,1311827
2026-01-29,1666.3846435546875,1682.9681284494434,1648.6095847162337,1678.6980995846727,1643016
2026-01-30,1646.17822265625,1660.8104265374857,1637.0205495573387,1647.4721584747156,1487848
2026-02-02,1660.51171875,1670.1670872686664,1630.4509500805436,1657.724696013473,790021
2026-02-03,1704.20947265625,1750.8933503584858,1694.653740184947,1732.9763064093938,1260061
2026-02-04,1606.462158203125,1654.3404588539702,1557.3893150022566,1654.3404588539702,4759330
2026-02-05,1592.427001953125,1612.533856999036,1580.2831555575106,1590.6352490644813,1684388
2026-02-06,1538.875,1596.6076972833118,1524.1431596763384,1596.6076972833118,2751610
2026-02-09,1542.159912109375,1565.1534286630495,1531.2106069402216,1544.946935065972,1542877
2026-02-10,1543.85205078125,1570.428952375356,1535.2917091016766,1553.8059647127861,3139868
2026-02-11,1513.39306640625,1552.8105404389216,1506.0271459513388,1550.8197576947691,1685032
2026-02-12,1414.9488525390625,1494.0824675773006,1405.7913004081727,1493.087076193172,5303522
2026-02-13,1355.5240478515625,1386.0825150194526,1327.8521185177378,1353.1350842063548,12847607
2026-02-16,1386.0823974609375,1392.5524409679365,1328.8473972067156,1351.1441868246886,5116779
2026-02-17,1372.4456787109375,1426.2963278854813,1363.6861859934327,1388.5709704093713,3467546
2026-02-18,1366.4732666015625,1378.6169922260208,1332.8289910401745,1377.2234200622968,2353241
2026-02-19,1354.7276611328125,1411.4649694976695,1348.7553128838802,1400.5156643746268,3014508
2026-02-20,1334.4215087890625,1365.9754848706114,1312.8215668893424,1334.2224791386695,2423179
2026-02-23,1283.0594482421875,1339.2990594335636,1271.7119625675139,1334.6207686986131,4790112
2026-02-24,1206.6134033203125,1276.2908011380312,1193.3747706395893,1272.1102058720637,10454471
2026-02-25,1207.3101806640625,1260.065921687406,1202.432738796207,1222.2410507650088,5227982
2026-02-26,1194.8677978515625,1233.7875752376249,1190.4880516209755,1224.3313574362876,6063557
2026-02-27,1180.3350830078125,1229.3082876453277,1176.6520621968684,1211.4907586078696,3210664
2026-03-02,1157.3414306640625,1191.2843716330474,1124.4935173452218,1124.792183342121,2447816
2026-03-04,1164.6077880859375,1170.4806208915054,1130.7644848424145,1134.746049929888,3036423
2026-03-05,1147.3875732421875,1185.5111109722652,1131.8594923118558,1180.5341541671758,3099614
2026-03-06,1157.5406494140625,1176.353570623879,1142.8088085230113,1147.3875845271805,1741522
2026-03-09,1163.11474609375,1168.987579126107,1112.349789268092,1131.759919819079,2207760
2026-03-10,1133.94970703125,1176.5525027736924,1130.7645035117719,1174.6612350243722,2443222
2026-03-11,1103.68994140625,1154.0567177683404,1099.9074057967982,1140.6189349825877,3030604
2026-03-12,1102.7940673828125,1122.900923437399,1073.529538282468,1101.8981908935484,4181637
2026-03-13,1084.677978515625,1094.9305587139522,1068.0549904546097,1094.9305587139522,2704974
2026-03-16,1075.6197509765625,1096.0252714218718,1065.566323741637,1071.0409755684273,3504696
2026-03-17,1068.9508056640625,1082.886284702218,1003.4540055816377,1082.886284702218,6318399
2026-03-18,1126.782958984375,1142.9082495469613,1076.4161831758415,1079.3028422663047,6762954
2026-03-19,1087.2659912109375,1115.7341587601509,1082.4880642552705,1104.8843690329659,2611603
2026-03-20,1084.27978515625,1125.7875535129197,1072.3350896282616,1104.8843363389396,2721237
2026-03-23,1095.32861328125,1102.395867225575,1059.9922220518974,1072.0364325073988,3639224
2026-03-24,1104.98388671875,1122.7019009250862,1078.00880608502,1121.8060244301178,3020611
2026-03-25,1157.7396240234375,1160.3276171629068,1105.0833987104636,1124.792195518211,4460380
2026-03-27,1139.4244384765625,1174.8604680143962,1135.1443285433918,1156.644757566664,3106962
2026-03-30,1109.562744140625,1131.1628104089884,1105.8798445664966,1129.769238148491,1568667
2026-04-01,1148.58203125,1182.0271542172547,1139.8225393146051,1144.6999809261836,1991196
2026-04-02,1207.807861328125,1229.308289704817,1124.7922002967152,1128.0770402812047,6403645
2026-04-06,1214.5765380859375,1222.2411247731623,1194.469680402262,1207.8079494683016,2994825
2026-04-07,1224.9285888671875,1238.5655234656458,1196.460420143685,1211.1922609415599,3163487
2026-04-08,1264.545166015625,1269.1239418178925,1220.3497667990086,1269.024426986747,4123786
2026-04-09,1259.0704345703125,1274.1008183603628,1232.2943852579135,1266.4363542280028,4331623
2026-04-10,1218.65771484375,1266.1378350552263,1207.4097436493628,1265.142443675466,4067185
2026-04-13,1225.62548828125,1232.9912874882946,1194.469688632977,1206.7130515445613,2000659
2026-04-15,1276.788330078125,1281.7652864150753,1239.66030870911,1244.2390842375596,2626157
2026-04-16,1307.1478271484375,1328.74789160334,1285.0501885434237,1293.013319068867,3695658
2026-04-17,1310.7313232421875,1322.8750485991488,1287.3396274994636,1303.9626137433295,2822554
2026-04-20,1282.16357421875,1313.717552932794,1274.100928581616,1310.7313788814308,2018128
2026-04-21,1286.8419189453125,1297.9902528823152,1274.100861724972,1284.0547747071985,1636421
2026-04-22,1230.1046142578125,1268.0289983973132,1202.63171723607,1267.033607099648,6289853
2026-04-23,1214.974609375,1237.3709138627291,1210.1968039889214,1231.7967468251068,2115050
2026-04-24,1145.595947265625,1208.902813832542,1131.0632576256692,1205.418944052045,5331848
2026-04-27,1196.858642578125,1200.3425124749713,1150.5729425200238,1150.6724573583858,1701923
2026-04-28,1195.365478515625,1208.2060510388064,1186.5064713324855,1200.441950022632,1325561
2026-04-29,1198.451171875,1224.2318318506016,1194.4696065199337,1201.2383162266392,1174935
2026-04-30,1190.3885498046875,1202.1340949290939,1172.6705350221841,1196.4604127893429,1424354
2026-05-01,1190.3885498046875,1190.3885498046875,1190.3885498046875,1190.3885498046875,0
2026-05-04,1146.292724609375,1205.6180284035988,1141.813463259862,1204.2245776343873,2133159
2026-05-05,1163.4134521484375,1175.85584395569,1142.211567905786,1160.62630778052,1607889
2026-05-06,1274.4990234375,1289.8280735018486,1241.1534154469857,1255.3874378935254,26656460
2026-05-07,1279.3765869140625,1306.5506986323799,1271.8115152340824,1288.9323198425668,5846100
2026-05-08,1361.7947998046875,1367.667632718342,1269.123894989728,1273.2049749779535,9375709
2026-05-11,1368.862060546875,1381.404088072493,1353.3339806434033,1369.4593925301722,5641233
2026-05-12,1314.314697265625,1367.07043618345,1310.8308277144479,1367.07043618345,4590660
2026-05-13,1291.1220703125,1321.8796867222675,1285.4483883325224,1314.9119474097256,2151407
2026-05-14,1268.7257080078125,1299.8815038424127,1244.040077035724,1299.8815038424127,3004315
2026-05-15,1276.1912841796875,1307.3470834695177,1269.3230592475177,1278.5802478310168,3346591
2026-05-18,1341.8870849609375,1345.5701059438159,1268.7258190824473,1276.1912543761707,4392898
2026-05-19,1405.4925537109375,1440.3312501556138,1354.0308707086078,1358.7091613423722,8133656
2026-05-20,1395.8372802734375,1437.7432300525604,1387.1773029863348,1404.4971360528123,4869095
2026-05-21,1370.65380859375,1416.9395036551948,1359.8040192132855,1398.4252499321622,2273142
2026-05-22,1380.707275390625,1395.439115526731,1363.3874421245894,1371.6492386820066,2494600
2026-05-25,1391.55712890625,1408.677811788984,1370.2557293839634,1391.55712890625,1369562
2026-05-26,1416.2427978515625,1421.8169648599633,1388.6703857887992,1393.5478274865477,1780000
2026-05-27,1382.0013427734375,1426.7939524905473,1375.8298436411087,1418.4326410418073,1709429
2026-05-28,1382.0013427734375,1382.0013427734375,1382.0013427734375,1382.0013427734375,0
2026-05-29,1415.2474365234375,1443.1183936635202,1399.0225092995115,1403.5017702684534,3533060
2026-06-01,1454.4656982421875,1491.2951758176564,1431.47218384121,1431.5716986682473,5877548
2026-06-02,1512.4971923828125,1546.8381947764992,1455.2621883933346,1465.4151318022866,10654328
2026-06-03,1414.3515625,1483.1330789750837,1410.469512018586,1483.1330789750837,4844251
2026-06-04,1429.879638671875,1436.4491971167504,1384.5893333745757,1403.5017685536677,2111985
2026-06-05,1428.88427734375,1466.5101188298759,1418.0344873695828,1447.000351239895,2525034
2026-06-08,1414.550537109375,1440.3311958071927,1396.5339790722123,1403.5017180982318,2143995
2026-06-09,1405.4925537109375,1433.2639960355255,1387.0778141616086,1433.2639960355255,1845056
2026-06-10,1396.2353515625,1427.988358872018,1391.8557269744804,1408.3791985328824,1190652
2026-06-11,1387.37646484375,1402.7053939039652,1349.9496541559706,1380.8067849519675,1646487
2026-06-12,1360.89892578125,1403.899902499083,1357.7137222500294,1403.501721680749,2484998
2026-06-15,1396.0362548828125,1408.4786457462956,1371.6491687903854,1392.5523854410371,2234241
2026-06-16,1458.04931640625,1461.6327010097355,1398.624379159823,1413.3562199280498,4085487
2026-06-17,1458.945068359375,1490.8972282349323,1446.6023126963978,1487.6123881424642,4831921
2026-06-18,1476.165283203125,1487.5127682116936,1429.3818925689059,1452.1763774135068,4808752
2026-06-19,1456.5562744140625,1462.0309270771938,1391.3581381531328,1397.2308501673922,8297808
2026-06-22,1477.0611572265625,1498.063889111228,1467.704454813625,1468.2021504578481,3965449
2026-06-23,1474.37353515625,1484.5265992533955,1463.523867264553,1473.5772950261792,2646004
2026-06-24,1490.9967041015625,1497.5662626070662,1471.2879070773201,1471.2879070773201,2312701
2026-06-25,1486.0196533203125,1514.686849030951,1478.5542187850851,1505.031602301813,2997232
2026-06-26,1486.0196533203125,1486.0196533203125,1486.0196533203125,1486.0196533203125,0
2026-06-29,1484.5267333984375,1516.5782873385367,1475.6677257852618,1486.5175161650955,6361979
2026-06-30,1458.945068359375,1495.9736998715096,1450.981937476043,1490.0013517090106,4539593
2026-07-01,1364.3829345703125,1467.7046098265048,1355.9221077249242,1463.5240145765847,4675747
2026-07-02,1435.2547607421875,1451.1810217748875,1383.6934420457294,1388.5708837885395,5761491
2026-07-03,1457.2529296875,1485.9202490385437,1444.4123570301006,1453.6695451455525,4053069
2026-07-06,1475.0704345703125,1484.1284713615837,1454.9634568222777,1460.1395646370975,1513526
2026-07-07,1509.2122802734375,1515.8814750640227,1475.0704306873324,1475.1699455184123,3465445
2026-07-08,1439.236328125,1510.0086263919911,1426.3957558468842,1510.0086263919911,2843349
2026-07-09,1461.8316650390625,1472.3827887063376,1421.2197721769176,1443.317410829281,1647511
2026-07-10,1496.8695068359375,1515.9809714647058,1483.1330580974468,1488.9063763226627,2750522
2026-07-13,1533.7984619140625,1540.766200938845,1463.2251952043614,1487.2141009738536,5132000
2026-07-14,1527.427978515625,1561.7689790101113,1523.6454429015464,1537.879587361773,2837341
2026-07-15,1526.134033203125,1552.014209388203,1497.068653167594,1512.9949154353344,2948151
2026-07-16,1523.6453857421875,1550.222405858568,1520.2611525918155,1529.0205229629619,1803970
2026-07-17,1501.4483642578125,1553.4077450804125,1488.3091252915015,1542.5579548643047,2927353
2026-07-20,1500.452880859375,1522.9487001018172,1484.1284391188296,1497.8648877620549,1208116
2026-07-21,1487.1146240234375,1524.7404643186883,1484.1284500796153,1500.0547111133335,1450155
2026-07-22,1464.618896484375,1489.4041660743228,1461.2345415008774,1487.1147173040265,1016082
2026-07-23,1433.2640380859375,1466.4104973425724,1427.490719616916,1465.2160763182326,1075336
2026-07-24,1477.857421875,1482.1376530894306,1423.4095660966325,1423.4095660966325,3441351
2026-07-27,1521.356201171875,1531.1109637378754,1482.535937564218,1488.6078006474584,3779933
2026-07-28,1678.229736328125,1684.9984457894789,1560.076837302421,1562.7643452165814,15625771
2026-07-29,1706.99658203125,1756.7661475373934,1697.3412134184211,1712.073053411331,8196676
2026-07-30,1738.84912109375,1756.1689543621426,1693.8573605281085,1693.8573605281085,5650262
2026-07-31,1717.0,1734.758677418879,1677.7912935282448,1706.0255665310865,3381070
2026-08-03,1768.0,1771.0,1719.0,1739.0,2365023
2026-08-04,1749.9000244140625,1774.800048828125,1733.199951171875,1772.0,1189895
2026-08-05,1777.0,1788.0,1745.0999755859375,1745.0999755859375,2308375
2026-08-06,1772.800048828125,1813.9000244140625,1757.9000244140625,1813.9000244140625,1606627
2026-08-07,1776.0,1809.0,1765.5,1772.800048828125,2666057
2026-08-10,1810.0,1822.5999755859375,1783.0999755859375,1783.0999755859375,2623273
2026-08-11,1819.0,1836.0,1809.800048828125,1820.0,1694152
2026-08-12,1801.5,1819.0999755859375,1780.4000244140625,1819.0,1592301
2026-08-13,1829.0,1829.9000244140625,1788.0,1800.5,1878214
2026-08-14,1812.0,1836.4000244140625,1804.199951171875,1830.0,1580043
2026-08-17,1806.0,1821.0,1799.5999755859375,1811.5,1054940
2026-08-18,1773.0,1795.0,1762.199951171875,1795.0,1572547
2026-08-19,1813.0999755859375,1818.0,1785.4000244140625,1790.0,2592917
2026-08-20,1882.0,1888.5,1826.5,1835.0,4002215
2026-08-21,1891.699951171875,1891.699951171875,1851.0,1890.0,1990336
2026-08-24,1873.0,1900.800048828125,1869.5999755859375,1891.699951171875,1507935
2026-08-25,1878.0,1893.0,1875.0999755859375,1885.300048828125,379968
