Date,Close,High,Low,Open,Volume
2021-08-04,2030.5755615234375,2085.2344764093423,2019.5358248714435,2072.526560801015,1308004
2021-08-05,2068.650146484375,2093.7226594829945,2009.7224458001572,2030.3299513479126,1894584
2021-08-06,2080.818359375,2112.2693870135304,2071.5450294938737,2078.8066263289925,1289881
2021-08-09,2136.458740234375,2143.1808088403995,2075.4704261435186,2089.9938604925746,1591012
2021-08-10,2094.949462890625,2166.732183744788,2061.7320281013585,2148.9703793422877,1926164
2021-08-11,2059.671142578125,2122.5731996183827,2023.608005691405,2103.7812118744378,1559125
2021-08-12,2106.283203125,2112.563729425275,2062.860245624625,2069.3860993684057,822816
2021-08-13,2102.407470703125,2129.786162266201,2086.6573979684304,2115.9987094466674,768671
2021-08-16,2091.0244140625,2107.8537839646874,2071.6435424455062,2095.0967545459066,588393
2021-08-17,2090.778564453125,2102.505167574894,2066.1967082962788,2080.47481249568,569674
2021-08-18,2094.40966796875,2127.479762111888,2078.4142694432558,2096.0778468039634,694090
2021-08-20,2059.62255859375,2105.891228572193,2052.655161866675,2074.4893090408277,706512
2021-08-23,2017.867431640625,2087.8348697519323,2001.430492148627,2070.5146076750025,757487
2021-08-24,2053.243408203125,2104.909267110262,2023.6567775552494,2025.8156109393378,2042283
2021-08-25,2051.575439453125,2079.739225147049,2042.596549730466,2063.3022843793406,565601
2021-08-26,2047.3558349609375,2058.591784463416,2030.2317869718731,2055.8440690570333,444663
2021-08-27,2091.122314453125,2096.8630732841743,2037.6900375224657,2041.1246222233221,870778
2021-08-30,2227.769287109375,2237.3861703183625,2104.9093576021437,2104.9093576021437,3671431
2021-08-31,2240.919189453125,2269.033619822944,2209.0266204643713,2236.405068472911,1721286
2021-09-01,2261.37939453125,2289.4940649657806,2229.5359383970404,2245.1877823025743,745482
2021-09-02,2278.454345703125,2291.3584742560115,2242.342095709395,2260.9378692444757,647328
2021-09-03,2304.802490234375,2360.050284945077,2264.764998815419,2278.4544634400777,1199390
2021-09-06,2315.498779296875,2337.627124383465,2306.127222470058,2316.283635501713,567218
2021-09-07,2321.632080078125,2349.255857424399,2273.6949965130875,2321.484739849265,795363
2021-09-08,2316.3330078125,2361.4241517928863,2293.959093189102,2327.6671855734603,884043
2021-09-09,2316.578125,2331.3468862219033,2302.152918058123,2316.0874700728777,358333
2021-09-13,2382.22802734375,2394.2979475442417,2304.11566287355,2316.1367092407568,1449411
2021-09-14,2405.33740234375,2422.7067773351514,2374.7696981347444,2394.101453133795,1002384
2021-09-15,2405.72998046875,2422.804674393762,2398.026603052378,2412.942463429498,441513
2021-09-16,2402.83544921875,2424.4242664100143,2378.695130528385,2413.040976059942,416138
2021-09-17,2371.090087890625,2440.5177645458807,2357.4499758699676,2409.11584718944,721035
2021-09-20,2331.1015625,2374.573637028339,2313.045556983956,2362.9941328141445,534811
2021-09-21,2388.6552734375,2401.21608742193,2270.7509908951383,2328.6482719940204,1005310
2021-09-22,2371.6787109375,2412.353954660339,2364.3677611884373,2400.627350342362,607772
2021-09-23,2423.05029296875,2428.741938153479,2384.582993823416,2387.3307093861413,766910
2021-09-24,2439.4873046875,2479.7701241086256,2409.7535667203383,2434.6298685846855,1232658
2021-09-27,2397.290771484375,2457.2488971831267,2386.4963634885507,2443.4614463274875,529895
2021-09-28,2355.5361328125,2397.241802583101,2309.2674679450997,2397.241802583101,952133
2021-09-29,2329.678466796875,2352.199477710503,2290.1807492424955,2329.2857991491674,812697
2021-09-30,2361.571044921875,2372.90522053697,2319.17851131169,2343.760129075989,576314
2021-10-01,2337.921630859375,2360.050216144567,2311.9660329466114,2354.1623569774706,683465
2021-10-04,2543.506103515625,2571.031893651345,2338.9029928948976,2344.251083842124,1940585
2021-10-05,2620.636962890625,2702.478105272288,2566.125154990509,2567.7933337531877,3829744
2021-10-06,2832.845458984375,2875.237998625377,2631.627816659933,2646.5436791809657,4981156
2021-10-07,2814.7890625,2888.2402002014474,2779.11859339433,2859.4386604305755,2306692
2021-10-08,2827.74267578125,2885.836173372756,2801.198195332534,2834.0229632482633,1112801
2021-10-11,2813.169921875,2934.0672435853644,2800.952662551539,2832.060135879044,1361327
2021-10-12,2797.5673828125,2836.770664821355,2764.399060768219,2816.359371288135,561651
2021-10-13,2821.95263671875,2855.6607252879694,2782.013374461228,2796.7330219451496,779826
2021-10-14,2843.64013671875,2902.175181786693,2823.2288410127935,2834.8083468094296,914516
2021-10-18,2813.268310546875,2880.0953692776466,2796.7331433245977,2866.406144439,896626
2021-10-19,2871.214111328125,2963.5554549440003,2786.3308176683054,2818.8122663333247,2290860
2021-10-20,2507.3447265625,2832.010925063809,2453.2744615978495,2817.3403916989705,5468580
2021-10-21,2386.93798828125,2567.597227873626,2372.8563356509762,2500.3775030085985,4179873
2021-10-22,2391.795654296875,2475.206991392325,2335.713652726727,2404.209128045334,2362539
2021-10-25,2306.029052734375,2403.4731695426526,2217.7602789288126,2389.489504067106,1670054
2021-10-26,2420.891357421875,2433.6483852477704,2286.4519103335906,2306.078106988815,1487281
2021-10-27,2380.854248046875,2451.3123531918554,2355.143974243576,2451.3123531918554,1012747
2021-10-28,2205.052490234375,2306.0782979681367,2142.837297938367,2306.0782979681367,2556972
2021-10-29,2188.664794921875,2266.4336103109163,2151.0314616123405,2215.6017057751715,1676267
2021-11-01,2259.8583984375,2271.5361296093943,2207.9472022685395,2207.9472022685395,982359
2021-11-02,2244.206787109375,2298.2279488525405,2229.536250979066,2273.6951996120138,825944
2021-11-03,2228.849365234375,2264.3727379532625,2215.7978948205705,2257.012913236188,676792
2021-11-04,2251.419189453125,2256.031297735674,2237.3864109775277,2248.916801472697,154974
2021-11-08,2255.884521484375,2281.54568138155,2212.167114383667,2270.7512717061963,633222
2021-11-09,2319.1787109375,2328.9918093575666,2246.071127708003,2259.9565661413585,944251
2021-11-10,2317.166748046875,2337.3815850408996,2272.7133686970014,2315.8909974632656,558010
2021-11-11,2300.828125,2360.0502723641735,2288.4146507913733,2325.7044264046117,683203
2021-11-12,2310.248779296875,2347.685655295577,2287.482438052499,2312.3584997026333,388117
2021-11-15,2308.97314453125,2335.517625968814,2301.1717785280966,2322.7605969194046,381608
2021-11-16,2308.2373046875,2329.6299103305782,2266.826071130428,2315.891570505545,899060
2021-11-17,2251.56640625,2324.6739923099844,2237.3865263995244,2314.910006919508,520714
2021-11-18,2246.954345703125,2290.377308820218,2210.155224417453,2253.0875325840702,1449128
2021-11-22,2086.313720703125,2255.4914321619403,2055.0097947492295,2249.162031950894,1842207
2021-11-23,2112.41650390625,2127.9703604999922,2013.6477656195455,2089.2086223216434,1234236
2021-11-24,2114.86962890625,2146.1244405263824,2100.002881905102,2132.3861039157887,559363
2021-11-25,2119.138427734375,2136.2622351390564,2075.5683702005504,2124.3394173803804,699420
2021-11-26,2066.24609375,2141.267183059454,2043.2341863531196,2080.3768596068567,872720
2021-11-29,2047.4542236328125,2065.6575722443654,1967.5265711876261,2024.4425518005348,995794
2021-11-30,2079.787841796875,2116.9796260247385,2043.1360654384875,2047.0121911351398,747103
2021-12-01,2111.239013671875,2118.9915051776384,2070.8582094660455,2099.0217540428257,492272
2021-12-02,2178.115234375,2187.830105146774,2087.540295809093,2104.909430607683,1072182
2021-12-03,2266.13916015625,2296.1671014720578,2179.489441946325,2199.8025103965306,2303170
2021-12-06,2210.155029296875,2285.470557545753,2200.2928177474646,2266.285902760325,879624
2021-12-07,2243.176025390625,2265.255496376883,2210.155045724436,2229.585028107862,453112
2021-12-08,2290.916748046875,2317.8536530424585,2252.1058991246578,2252.1058991246578,896269
2021-12-09,2275.90283203125,2305.8818953692353,2261.9191668996577,2302.5452981877716,367728
2021-12-10,2308.924072265625,2315.842355288924,2273.695141093967,2287.6788078011696,460834
2021-12-13,2275.65771484375,2326.9802718090054,2267.8072354479978,2306.078322502291,399193
2021-12-14,2281.49658203125,2314.4195796595504,2249.1624662199233,2274.676525609853,426600
2021-12-15,2301.711181640625,2342.141096296563,2284.7835880882562,2291.3583156394575,851812
2021-12-16,2316.52880859375,2342.1410893761667,2291.3583088691107,2315.4986249991493,593701
2021-12-17,2231.69482421875,2325.6552428305063,2211.1855440812715,2324.6248195672856,558695
2021-12-20,2145.584716796875,2207.9470011218555,2080.376729945926,2207.9470011218555,993157
2021-12-21,2234.687744140625,2256.0312323105927,2149.0684640105255,2178.5077580380666,754026
2021-12-22,2283.94970703125,2295.970753454631,2247.24881214928,2266.825896980406,615903
2021-12-23,2273.79345703125,2306.078459635088,2259.9568904423863,2306.078459635088,352403
2021-12-24,2267.16943359375,2296.068962364492,2238.367892066886,2295.2838665254035,313317
2021-12-27,2304.900634765625,2313.241768531048,2230.3701992124525,2247.5431216706766,536535
2021-12-28,2396.7021484375,2418.8796067499875,2314.9098786409177,2325.704286722753,1858822
2021-12-29,2422.951904296875,2449.447266505201,2395.769433628502,2414.0218900919313,1073448
2021-12-30,2394.78857421875,2423.835442969592,2389.4895966117233,2423.835442969592,470616
2021-12-31,2443.65771484375,2447.3867401500356,2400.283867845624,2406.073500068669,633954
2022-01-03,2482.861083984375,2510.1415464203274,2449.202346939597,2463.0877858374793,918554
2022-01-04,2466.571533203125,2510.0924832770534,2455.3355828267718,2496.943026521973,514465
2022-01-05,2477.512939453125,2492.5270281286325,2434.6788601747894,2467.994281788784,427392
2022-01-06,2486.7861328125,2497.43343996914,2437.5735421938484,2453.2744989873677,468923
2022-01-07,2486.050537109375,2507.24692790826,2455.2375004408873,2507.24692790826,422618
2022-01-10,2547.185791015625,2556.410246849842,2487.620334279942,2492.5268832627426,851299
2022-01-11,2526.48046875,2579.0785336527256,2517.0597982355043,2557.14640196437,541537
2022-01-12,2585.16259765625,2598.4593941660432,2527.4126561797143,2531.7794371383275,896356
2022-01-13,2607.193115234375,2617.9384099473323,2561.8075356392137,2595.2700570644406,667966
2022-01-14,2610.136962890625,2636.3378865902328,2595.8588574095616,2608.1743432939866,344796
2022-01-17,2610.185791015625,2624.0223547606915,2581.826034171795,2610.284017824772,338506
2022-01-18,2542.13232421875,2639.772655998554,2523.683650801115,2609.3029367085314,502116
2022-01-19,2519.758056640625,2555.772075779423,2487.7672636441857,2538.6482689238815,432946
2022-01-20,2602.090087890625,2613.2280501766018,2519.758289838892,2520.0036172938467,513012
2022-01-21,2454.20703125,2604.8872195145377,2409.5083158457255,2603.415254613701,761547
2022-01-24,2319.52197265625,2460.6834860357276,2296.2649778474165,2454.2067453953773,928020
2022-01-25,2174.58251953125,2255.9821196279695,2089.2576802296007,2194.2087155559,2015166
2022-01-27,2087.147705078125,2174.9749316432526,2066.6384262140627,2174.9749316432526,1097311
2022-01-28,2180.078125,2239.054705034969,2090.091817351781,2090.091817351781,1111419
2022-01-31,2189.79296875,2250.781281168034,2173.2578016559346,2227.916952923384,512039
2022-02-01,2221.97998046875,2235.3256509176226,2181.6480490912095,2211.774214102149,501770
2022-02-02,2318.246337890625,2339.442726884716,2229.5360215948303,2237.3865005441075,985564
2022-02-03,2295.03857421875,2329.0408670982024,2278.9940612039613,2325.704509202966,393196
2022-02-04,2321.141357421875,2357.1062677156383,2284.489338568695,2286.451958275369,595943
2022-02-07,2305.440185546875,2347.194724264453,2283.704030568623,2337.774294294324,391382
2022-02-08,2277.32568359375,2320.9448577946555,2219.5266302086484,2315.645880522686,595603
2022-02-09,2264.127197265625,2321.6809253026636,2237.9262716555236,2288.414616544994,498481
2022-02-10,2246.954345703125,2290.23020816612,2241.262700362085,2276.5407433857604,381875
2022-02-11,2170.51025390625,2242.292972489933,2162.659775227948,2242.292972489933,440069
2022-02-14,2024.78564453125,2125.762325767244,2014.187450917736,2082.3393676990613,1060183
2022-02-15,2097.893310546875,2109.8161291199335,1969.1453893059058,2026.4047937826338,1203948
2022-02-16,2075.3720703125,2134.3488871162685,2069.042669804157,2126.4984084510133,545320
2022-02-17,2046.4725341796875,2103.3885042396373,2041.1244435292285,2080.3768366740214,436369
2022-02-18,2023.411865234375,2063.743797254686,2017.5731193463407,2041.1245565371541,385073
2022-02-21,1967.330078125,2017.4259949761724,1962.6197428266948,2011.6852363973624,912496
2022-02-22,1941.5706787109375,1950.844009007247,1869.3952903213308,1883.133628412931,1400825
2022-02-23,1976.7506103515625,2014.4329330173857,1957.713175067333,1967.5262736892244,801634
2022-02-24,1820.6732177734375,1937.596311099388,1808.1125234871474,1893.9280224977558,1369200
2022-02-25,1959.2342529296875,1971.4515127963043,1874.3018364564166,1903.0051499204744,1125596
2022-02-28,1961.6875,1981.264583556472,1909.187423120222,1952.8065979580877,864642
2022-03-02,1905.3603515625,1991.0777455823738,1899.2271648153883,1957.7132096780856,1321644
2022-03-03,1937.9888916015625,1963.4538348832446,1925.3299702856546,1947.9000973583202,562340
2022-03-04,1877.9327392578125,1924.348746222977,1866.1570202600176,1924.348746222977,657165
2022-03-07,1796.4349365234375,1853.399902573537,1776.4161912282614,1853.399902573537,781215
2022-03-08,1852.7130126953125,1864.2925169401788,1790.8904916149077,1804.6288296327753,571706
2022-03-09,1937.7435302734375,1947.1149675209201,1862.6242129134764,1872.3392044414516,782868
2022-03-10,1974.542724609375,2050.9376758004487,1966.5450250258848,2036.2180274095365,828882
2022-03-11,2012.322998046875,2021.4983412032818,1952.7085429676688,1972.4328474847557,576754
2022-03-14,2166.388427734375,2196.171275219977,1993.2363659481198,2031.3603465165502,2378873
2022-03-15,2159.126953125,2230.2719157890438,2139.2554290705602,2206.965807330133,2029388
2022-03-16,2181.3046875,2207.5547258863708,2173.6013093761376,2180.4704782996737,572603
2022-03-17,2187.241455078125,2212.8046248928713,2168.6947945216284,2209.909808716157,1613841
2022-03-21,2227.377197265625,2251.419289149966,2179.489227555988,2203.825760317699,805901
2022-03-22,2213.294921875,2242.8324397684496,2149.0682497245443,2237.386123000895,1023348
2022-03-23,2179.047607421875,2237.3864293416004,2168.7438541288543,2228.5546408047258,792579
2022-03-24,2198.4775390625,2219.722800718446,2163.2974863765758,2168.6946903571024,432601
2022-03-25,2186.70166015625,2209.615098893155,2168.6945305534305,2196.171203338723,503809
2022-03-28,2133.367431640625,2207.45631898601,2107.362722837278,2188.320778545811,770790
2022-03-29,2179.047607421875,2185.2787811430007,2144.1619947857002,2149.068543972853,502107
2022-03-30,2175.0732421875,2204.2180962764787,2169.6760381125932,2189.3022347486185,367772
2022-03-31,2201.814208984375,2237.288467985541,2172.620237856894,2187.14367308962,875055
2022-04-01,2257.405029296875,2282.4284298753664,2194.846527850646,2198.134011600819,1008587
2022-04-04,2270.45654296875,2289.3958709136887,2261.91919522334,2270.1621020994053,529930
2022-04-05,2283.017578125,2313.683513786468,2270.7512038604127,2286.4521629190845,508211
2022-04-06,2285.814453125,2310.003647828775,2267.267551118456,2290.5245492749536,365534
2022-04-07,2282.57568359375,2328.5990168864705,2276.6387114522477,2295.28359745121,551000
2022-04-08,2317.65771484375,2346.311915329577,2292.830527046239,2298.2277313684103,693818
2022-04-11,2244.8447265625,2335.2232287725474,2234.4427453119047,2324.3797059621184,557908
2022-04-12,2216.04296875,2255.05003528728,2160.4518615788534,2244.8445086783777,686120
2022-04-13,2254.510009765625,2298.2274065112315,2225.6104858955905,2227.573105371689,697679
2022-04-18,2226.6904296875,2245.7277462564425,2186.3584962461673,2245.7277462564425,707742
2022-04-19,2170.068359375,2262.998587533409,2140.481965233861,2227.573208518448,373403
2022-04-20,2178.262451171875,2209.419037645445,2146.468109152717,2183.512554487434,433208
2022-04-21,2248.033935546875,2259.220772851022,2184.1014502425915,2190.8235190539967,559920
2022-04-22,2235.767578125,2246.218433063777,2203.089909492559,2226.592234434998,401951
2022-04-25,2214.423828125,2222.421407299811,2179.1946619600485,2198.1339893372674,381293
2022-04-26,2241.213623046875,2276.197465325779,2231.155196400131,2231.204309811492,648026
2022-04-27,2214.031494140625,2234.688116810287,2171.197410018325,2217.7605199215054,535705
2022-04-28,2239.741455078125,2289.1996141444424,2219.7228304225932,2219.7228304225932,925676
2022-04-29,2283.11572265625,2315.5969367915327,2244.893510163401,2262.115546925645,1024245
2022-05-02,2255.344482421875,2294.155335012471,2227.033597339863,2252.106111992379,623462
2022-05-04,2245.2861328125,2324.723120176981,2223.6482019084165,2255.3445591450513,1056720
2022-05-05,2120.1689453125,2227.5732554632614,2101.96560052965,2193.227412317352,1818090
2022-05-06,1990.68505859375,2105.841740954348,1983.2271279880704,2100.0029954945426,1319779
2022-05-09,1960.7552490234375,2015.2180672009388,1910.6594514779267,1935.1430850902973,876485
2022-05-10,1898.8345947265625,2009.7226098191215,1884.1149467054265,1967.5262854918647,820447
2022-05-11,1933.2296142578125,1955.7506285222123,1840.6920428753335,1902.759893981219,926292
2022-05-12,1882.937255859375,1955.6031732753654,1874.3016818703195,1933.2293821399267,849909
2022-05-13,1946.3299560546875,1996.9655197223192,1905.7037048160903,1905.7037048160903,947827
2022-05-16,1940.834716796875,1982.344052595593,1928.5683433713432,1982.344052595593,537092
2022-05-17,2013.6968994140625,2020.7622823266368,1950.598628964318,1952.8065760980974,560663
2022-05-18,1998.0450439453125,2044.804484182029,1988.1338380097377,2021.4983742843335,569639
2022-05-19,1944.7108154296875,1972.4328189800285,1927.3416788198615,1934.1617344326548,416801
2022-05-20,1928.126708984375,1995.984311679927,1916.4982107723192,1977.3394238127103,585809
2022-05-23,1905.1148681640625,1972.0401485553698,1899.4723368185457,1950.1078985005547,444584
2022-05-24,1917.8720703125,1933.131367207543,1905.2131487913045,1920.8159999784148,339769
2022-05-25,1811.1546630859375,1936.320670491389,1800.7036885651141,1931.217906864384,763390
2022-05-26,1809.2901611328125,1839.956096067267,1747.712963784428,1836.7177254226654,817763
2022-05-27,1860.808837890625,1887.5495318036214,1830.2410115332373,1835.0494538459952,615163
2022-05-30,1949.07763671875,1954.7692819411282,1879.208421143203,1895.0074862613722,477139
2022-05-31,1959.67578125,1973.1196783535709,1936.1243447202055,1949.0285932765821,371962
2022-06-01,1975.1805419921875,1995.1010603562654,1948.6851756666358,1959.577691198269,435832
2022-06-02,2007.563720703125,2011.6851741199487,1957.7622462706433,1975.180495948999,333662
2022-06-03,1921.5028076171875,1962.6197145957283,1895.2037753148854,1933.0331984404374,3399283
2022-06-06,1867.874267578125,1912.033212755153,1833.086879793077,1893.9280931480937,1433002
2022-06-07,1854.5775146484375,1895.8906354909725,1835.0494246211795,1859.5821709396444,771550
2022-06-08,1764.836669921875,1841.8694939371303,1756.5446495198298,1839.9559876255203,2024909
2022-06-09,1751.785400390625,1776.5634754851155,1668.2268380449084,1713.3670936625942,2492053
2022-06-10,1818.759765625,1826.561131298695,1727.1053983675088,1740.7456297328313,2584938
2022-06-13,1793.7852783203125,1815.42320825859,1719.2548437129997,1766.357716143493,1446009
2022-06-14,1782.696533203125,1814.2946619301626,1771.264249683695,1795.993209575394,879247
2022-06-15,1817.533203125,1826.6593135621404,1792.4116929809445,1793.8345444579065,715151
2022-06-16,1807.3765869140625,1893.8299634806647,1789.467681584101,1848.787815980699,1455522
2022-06-17,1812.1358642578125,1830.1428761051623,1768.5165694124817,1801.6848903641167,731996
2022-06-20,1720.8740234375,1829.4068676931574,1703.210446332242,1829.4068676931574,1042115
2022-06-21,1747.173095703125,1780.930178910222,1726.124047080905,1750.6567936283882,670663
2022-06-22,1746.927734375,1780.7339303354092,1716.6053560611247,1748.6941400076992,751184
2022-06-23,1764.1497802734375,1777.1521357670397,1737.1637594376598,1751.5889662961738,541037
2022-06-24,1767.8297119140625,1798.7900858972425,1750.2152478513108,1772.0983858451873,440158
2022-06-27,1780.341552734375,1806.5915935422265,1775.1896755664789,1795.7971842380632,409729
2022-06-28,1762.3831787109375,1780.09586742414,1755.3177965021666,1780.09586742414,340584
2022-06-29,1761.500244140625,1774.8460337639144,1735.0538725607835,1746.7314834019605,706137
2022-06-30,1703.9462890625,1792.8529292480787,1697.6658826487007,1766.1613517254182,1031463
2022-07-01,1690.747802734375,1723.1310286384619,1649.7291217958134,1708.460493909556,894640
2022-07-04,1709.0003662109375,1741.5306947441009,1674.1147500858287,1712.3858375731365,1172209
2022-07-05,1687.4603271484375,1732.0118165285164,1680.2968374009452,1707.4790712519086,647551
2022-07-06,1710.7174072265625,1715.1822949040613,1670.5326993963158,1696.4884152515667,479374
2022-07-07,1728.184814453125,1744.7689754667852,1712.4348626727283,1726.025980621725,778495
2022-07-08,1738.83203125,1749.2830056539437,1715.3297070353753,1749.2830056539437,389560
2022-07-11,1800.1148681640625,1814.2457543964476,1731.030628641472,1739.8624175631123,843492
2022-07-12,1777.10302734375,1808.5540559942763,1769.3016619412265,1805.6101264402976,633840
2022-07-13,1782.0096435546875,1815.423293163296,1779.1148273000301,1815.423293163296,658945
2022-07-14,1740.15673828125,1795.5516292768837,1728.6263479853062,1784.9534353872214,539472
2022-07-15,1718.4207763671875,1753.5515972993535,1707.9698024547345,1751.049329042637,446939
2022-07-18,1721.80615234375,1749.7734816635912,1712.9253705207261,1740.8435864350147,521648
2022-07-19,1736.52587890625,1746.6334182319752,1712.3856806609954,1721.8062312214852,485261
2022-07-20,1724.553955078125,1754.4347921077597,1717.2922382272895,1754.0913576178743,918988
2022-07-21,1831.2713623046875,1855.8041080425292,1722.2968578216758,1726.0258830893467,1797049
2022-07-22,1781.96044921875,1872.7805972683261,1776.219810977171,1859.6311420786546,1901359
2022-07-25,1822.300537109375,1836.2398280952232,1765.3121094134335,1791.9100039191046,1382266
2022-07-26,1792.2056884765625,1832.299505908128,1784.8173840172556,1822.3006431560623,552167
2022-07-27,1808.509033203125,1821.4632169632023,1763.4403787001143,1790.9248936934027,524764
2022-07-28,1874.2650146484375,1886.3325783633863,1805.7015746531572,1815.5526470735238,1437791
2022-07-29,1890.81494140625,1913.570895573409,1878.8951673427243,1896.2822146707617,1298537
2022-08-01,1944.798828125,1950.5124986968738,1890.5194387016345,1899.8779582660893,1046013
2022-08-02,1924.8995361328125,1967.9979776403923,1893.3761046301258,1951.2018511919277,1177624
2022-08-03,1935.2432861328125,1977.701386608849,1847.0761829977214,1861.852792461703,3046104
2022-08-04,1982.47900390625,1987.7494238072206,1896.3807279023947,1944.4538887445763,1967219
2022-08-05,1994.940673828125,2029.320941005336,1981.149172287312,1999.7677234178796,1501808
2022-08-08,1979.8685302734375,2005.8752645668114,1975.1399675369994,1980.0655036156452,470749
2022-08-10,1988.1927490234375,2004.742599271582,1972.677309510434,1980.262587393628,559881
2022-08-11,1992.231689453125,2007.0082986961115,1984.0060676916667,1998.7826769346532,334484
2022-08-12,2023.2132568359375,2043.5556247300667,1977.2579809656768,1989.9165846940782,1050362
2022-08-16,2064.390869140625,2066.755030361465,2024.39541820439,2033.9016070563644,987500
2022-08-17,2086.0634765625,2102.957971866645,2069.2673476931614,2073.55242047786,1087467
2022-08-18,2072.911865234375,2090.397518368703,2044.0974790834398,2083.452464374975,682871
2022-08-19,2010.850341796875,2091.284259266862,1998.1424331613794,2072.665826890692,775656
2022-08-22,1950.9556884765625,1993.6601857896258,1945.58690183573,1980.0656570581352,712230
2022-08-23,1957.6051025390625,1983.6119583009338,1920.9591605012108,1920.9591605012108,557854
2022-08-24,1960.51123046875,1971.5936871037804,1948.5421532524472,1958.3932258169186,370425
2022-08-25,1928.8892822265625,1977.0609301316995,1921.2547011053073,1970.9533133356351,466438
2022-08-26,1931.499755859375,1960.8066968334247,1922.4368171717017,1938.5432968162133,785075
2022-08-29,1914.35888671875,1919.0873291689823,1862.1482046589836,1866.7781604388174,511708
2022-08-30,1949.5765380859375,1965.2889505166977,1912.2901327226261,1930.8101969988609,580249
2022-09-01,1975.4356689453125,2001.6394984401768,1936.7209048920529,1942.533061871752,704161
2022-09-02,1953.270751953125,1993.216779782148,1946.5719743856744,1986.7150958210066,490402
2022-09-05,1988.340576171875,2005.6784404078373,1945.5868957787222,1959.7724647908203,598653
2022-09-06,1972.874267578125,2003.9051463637097,1966.4710703684011,1998.290083065354,361207
2022-09-07,1988.7344970703125,1996.664538012923,1961.3484683465545,1964.303789996499,398301
2022-09-08,2004.1513671875,2025.380476213734,1990.5076560261214,1998.6840941818145,573998
2022-09-09,2014.2982177734375,2029.321104591408,2001.6887958187217,2013.559387274193,508286
2022-09-12,2145.957275390625,2152.4590786492827,2014.544080474958,2024.2965448582743,2686496
2022-09-13,2222.89453125,2260.821160743962,2156.399791228119,2166.940390804721,2920771
2022-09-14,2218.658447265625,2248.01469071419,2167.285201609157,2173.146541505479,1338233
2022-09-15,2197.134033203125,2245.404288056875,2180.042326354051,2227.5244473133307,596141
2022-09-16,2076.6552734375,2215.11213799016,2063.454692703147,2195.6069674008263,1321945
2022-09-19,2040.846923828125,2100.3475542556525,2032.7197878922198,2082.6156213045865,772954
2022-09-20,2117.09423828125,2178.5648388667405,2053.505512654262,2053.948762847458,1643440
2022-09-21,2109.114501953125,2154.380129407884,2096.308108433559,2123.004609587759,916266
2022-09-22,2130.442138671875,2145.2680511682797,2089.4125171281707,2089.4125171281707,748023
2022-09-23,2131.4765625,2183.9335248859593,2113.0551045611774,2138.273946999314,1254733
2022-09-26,2056.263671875,2118.1775169515663,1996.3198007529077,2110.099685769913,1457183
2022-09-27,2024.099853515625,2083.698843172413,1992.872001250943,2068.380377068777,1250578
2022-09-28,2045.6243896484375,2058.874033292854,1975.2384085598192,2014.544209609515,684193
2022-09-29,1980.361328125,2077.591374208195,1967.45632580546,2066.755193498716,1649759
2022-09-30,2005.678466796875,2021.2432102688344,1945.586921377126,1978.5880159928897,1075507
2022-10-03,2020.307373046875,2050.993368794048,2000.9006873674882,2005.6784336525845,632316
2022-10-04,2076.06396484375,2088.4271073775085,2041.141965323678,2044.6884471795831,498955
2022-10-06,2143.494873046875,2151.474338360812,2083.5019348136984,2086.4572567070513,710290
2022-10-07,2172.50634765625,2182.60369686495,2124.383762786565,2144.5784612039656,847553
2022-10-10,2173.786865234375,2188.8590545946795,2137.682779922814,2147.336879287923,628087
2022-10-11,2145.760498046875,2208.6103867704514,2133.6929346044403,2167.235883539248,724712
2022-10-12,2192.65185546875,2201.074570904131,2139.2590884203814,2145.7606522353685,776466
2022-10-13,2192.306884765625,2216.9345660533036,2171.2749892487677,2191.863634603387,780470
2022-10-14,2191.9130859375,2227.721592642674,2183.5889772016444,2221.417002009589,496272
2022-10-17,2222.15576171875,2230.282896833093,2172.7034240330213,2189.794891152482,602882
2022-10-18,2216.34375,2240.971432443253,2209.0045082281413,2233.287547420016,497592
2022-10-19,2227.376708984375,2252.595309299599,2216.5405296563117,2223.3869766762864,541361
2022-10-20,2214.127197265625,2222.4020021355245,2169.2062095312167,2216.44205504836,505002
2022-10-21,2208.56103515625,2251.0192516054026,2200.532507691876,2217.4763034019174,436187
2022-10-24,2203.48779296875,2227.672222389655,2196.789016029696,2211.5656237608373,101979
2022-10-25,2219.44677734375,2225.1111443964473,2188.465200434724,2202.699953014037,297770
2022-10-27,2224.86474609375,2234.2232650611577,2194.8189746720723,2218.954102535387,401610
2022-10-28,2217.13134765625,2234.2230531936193,2187.1348825430123,2229.2482139028125,389540
2022-10-31,2279.489013671875,2291.7535515901077,2217.131672798738,2217.131672798738,1049252
2022-11-01,2290.8173828125,2303.180525694215,2274.119864655729,2290.9159897297554,526537
2022-11-02,2308.59912109375,2315.4948726822527,2276.090577890808,2292.8374031771723,549490
2022-11-03,2284.75927734375,2321.5038256174817,2246.0445145835415,2299.1416987922116,640706
2022-11-04,2281.459228515625,2295.1030609731033,2251.167178706277,2282.050389104035,335598
2022-11-07,2297.861328125,2302.195703937377,2276.582914762207,2282.93680859126,371078
2022-11-09,2264.761474609375,2307.613638222036,2253.9252953050236,2297.861173049996,459503
2022-11-10,2048.382568359375,2117.881682667217,2043.1121491113438,2063.7993984514296,2828479
2022-11-11,2086.60498046875,2103.154831599728,2051.4860005979754,2066.7551641078285,1179149
2022-11-14,2109.656494140625,2115.911780919195,2071.7298647495168,2088.4273846532333,623260
2022-11-15,2154.626708984375,2168.221238270294,2107.144583671131,2111.085013000109,674094
2022-11-16,2128.81689453125,2172.3092860172655,2117.9807141333586,2158.370113798227,398180
2022-11-17,2115.419189453125,2136.697602023705,2091.6782492890134,2128.816744109371,256267
2022-11-18,2071.828369140625,2127.1422896025415,2056.904089406445,2115.4193681618103,387533
2022-11-21,2073.89697265625,2108.129448514131,2058.8740875675394,2068.725159756858,312253
2022-11-22,2089.0673828125,2125.8612310909443,2074.684962715895,2077.541677250894,443704
2022-11-23,2097.29345703125,2113.0551739464686,2088.4274912664396,2096.1113763635512,272242
2022-11-24,2073.109130859375,2112.0701749582677,2068.7254512184527,2107.193941638484,381951
2022-11-25,2077.14794921875,2091.7766476427323,2068.7252340932873,2083.5018429082393,249776
2022-11-28,2091.0869140625,2112.0697446075305,2077.147743992824,2077.147743992824,242359
2022-11-29,2136.59912109375,2143.7904524655937,2084.8319250200025,2093.3530069404874,522688
2022-11-30,2143.150146484375,2152.5579689134447,2130.2451451831757,2141.5738786673105,291269
2022-12-01,2133.348388671875,2156.3998024643593,2114.779020530088,2145.5143190883014,265974
2022-12-02,2178.564697265625,2184.8202245448906,2121.5761462878836,2137.68274612996,452506
2022-12-05,2221.860107421875,2227.228893853999,2164.2806365397705,2189.4501749746164,659986
2022-12-06,2205.60595703125,2229.691782587817,2197.823705507396,2228.312728559825,261371
2022-12-07,2179.746826171875,2217.4271795595623,2163.394189658082,2214.5211611900804,270482
2022-12-08,2206.147705078125,2216.491331290815,2179.0572554734595,2183.5888450637567,286192
2022-12-09,2158.862548828125,2216.19574295479,2143.938270120242,2210.580679703542,298606
2022-12-12,2157.385009765625,2183.8352372516238,2129.8513085410204,2147.632543594598,244449
2022-12-13,2188.5634765625,2192.8487894013524,2142.0664613841313,2167.5808840542027,344551
2022-12-14,2188.169677734375,2211.56597704611,2183.7366947068886,2191.863830257281,232162
2022-12-15,2143.19921875,2198.7591659898076,2137.6825224900904,2184.96766584471,183116
2022-12-16,2076.950927734375,2140.638014048956,2071.6805078439734,2136.6975851229568,343849
2022-12-19,2059.218994140625,2086.260139499355,2035.7240905065757,2081.974826847584,344559
2022-12-20,2056.164794921875,2070.7937315619197,2030.4043404531417,2060.844053647892,207544
2022-12-21,2018.6817626953125,2089.806459245694,2010.3083509288826,2066.4101616630223,301676
2022-12-22,1982.4298095703125,2037.8419708899646,1970.2144558933046,2018.681683407341,362995
2022-12-23,1860.1781005859375,1975.6819276546585,1849.4404073239614,1953.467710680373,697734
2022-12-26,1922.2398681640625,1935.7357896909925,1852.050975026412,1865.793173371369,350046
2022-12-27,1955.6842041015625,1970.1652328424768,1933.026736934034,1945.3898812503,325658
2022-12-28,1962.4814453125,1975.1400495095097,1937.7059737582074,1962.7769053380737,214525
2022-12-29,1946.818359375,1964.451804618546,1933.0761602332968,1960.3635851518027,239854
2022-12-30,1955.7333984375,1983.0701236033892,1951.0541391748704,1956.472228847389,239487
2023-01-02,1959.526123046875,1979.3267548493209,1951.1527113677812,1965.535253260225,186831
2023-01-03,1969.1800537109375,1989.8181223769957,1963.4172004530203,1969.2293571734867,216858
2023-01-04,1930.7608642578125,1978.2922880294952,1920.9590954358862,1974.1548857710338,258255
2023-01-05,1914.70361328125,1944.2075255113716,1893.0312551081854,1939.626753028869,312180
2023-01-06,1907.7095947265625,1939.4793052316754,1901.2570937943492,1920.9592398440316,183624
2023-01-09,1905.7392578125,1943.61658306113,1896.331435576622,1920.9591165581367,185438
2023-01-10,1900.9122314453125,1923.9144617117754,1882.589260622337,1914.0633891991704,189214
2023-01-11,1900.2227783203125,1925.884872937898,1892.2927362890446,1911.6008163355455,173004
2023-01-12,1912.8814697265625,1925.8848384375756,1901.3556417645482,1909.1380137555097,205945
2023-01-13,1915.2454833984375,1924.9980693056323,1893.2776636907615,1921.2547338756738,140899
2023-01-16,1902.98095703125,1932.7804517641064,1896.282179535816,1915.2454943658156,165608
2023-01-17,1912.4873046875,1917.609814461964,1892.3910920488993,1904.2123794536817,140792
2023-01-18,1904.1629638671875,1924.8502156074449,1899.5823114694365,1913.0782323609515,149969
2023-01-19,1896.7747802734375,1906.1826029782253,1888.4506717877302,1904.0154150447731,114276
2023-01-20,1859.4393310546875,1905.1975170101682,1854.9570447415445,1905.1975170101682,233415
2023-01-23,1857.7152099609375,1871.7036841308727,1832.2993960439069,1859.4391475647421,275313
2023-01-24,1856.631591796875,1870.2261199904506,1848.0612067959364,1859.8824938330106,136001
2023-01-25,1809.9376220703125,1861.6064499040008,1803.2881480463136,1856.6809135899275,307378
2023-01-27,1796.68798828125,1830.8219814779206,1773.1932023999232,1809.9377540839323,261949
2023-01-30,1812.0555419921875,1839.343085858286,1784.2755647373833,1787.9204135802809,179924
2023-01-31,1852.051025390625,1859.8825803159068,1813.237773763646,1822.3991994919666,201036
2023-02-01,1818.852783203125,1876.9249288983387,1794.865445238471,1852.0509703405608,349636
2023-02-02,1820.478271484375,1841.1655245694246,1788.3144944231005,1825.1575311107554,275399
2023-02-03,1796.835693359375,1830.3293411522582,1773.1931184467517,1824.4186974241022,326125
2023-02-06,1789.004150390625,1820.1827000616345,1773.2916168909449,1799.8403306308094,387748
2023-02-07,1748.5654296875,1787.9697210607394,1704.2356018926057,1787.9697210607394,1074721
2023-02-08,1786.6890869140625,1807.6226173320306,1716.204730764036,1750.5356965990322,1499430
2023-02-09,1779.6947021484375,1799.347663587828,1777.1334473944582,1792.895163114143,279792
2023-02-10,1759.10595703125,1792.8951835921964,1751.5699828185795,1779.694722475718,485228
2023-02-13,1736.3009033203125,1773.1931232560025,1723.9377587211136,1759.4016211862336,306424
2023-02-14,1731.2275390625,1756.9388147399309,1709.1611121804206,1733.788793912127,298493
2023-02-15,1771.173583984375,1782.059067517082,1722.9526307835138,1722.9526307835138,446448
2023-02-16,1797.6729736328125,1810.62715825513,1769.1541663303333,1780.9754535441862,452510
2023-02-17,1777.3797607421875,1802.5984823616634,1759.7956203313865,1792.8951999727205,237877
2023-02-20,1785.014404296875,1800.6776342128649,1757.4314002569674,1777.3798228215435,267871
2023-02-21,1777.527587890625,1820.8230044487257,1774.1781991111275,1785.0143791168034,424165
2023-02-22,1768.7108154296875,1787.2308803700707,1744.6249905665677,1775.1633162060727,349522
2023-02-23,1766.5435791015625,1777.5767322196034,1730.8334412276288,1773.193053050502,350401
2023-02-24,1785.063720703125,1792.796788912761,1764.3271640575645,1767.380972619365,246159
2023-02-27,1781.8621826171875,1787.969799948575,1738.714433558807,1783.0442633095981,318185
2023-02-28,1772.355712890625,1790.875656830256,1751.2743939280138,1782.0589951431737,313914
2023-03-01,1818.26171875,1825.4037463598809,1772.3557446459258,1773.1930617635107,432440
2023-03-02,1801.76123046875,1837.1266061724893,1794.9147829153683,1827.3247165015775,266524
2023-03-03,1797.1312255859375,1820.1826393073964,1792.6489394443474,1810.7256336457272,193427
2023-03-06,1804.2733154296875,1821.4633896376567,1799.8403325993092,1802.5985608756869,146927
2023-03-08,1792.747314453125,1804.2238373873297,1766.2972101749833,1804.2238373873297,224564
2023-03-09,1782.1575927734375,1817.1782053971206,1777.1335695927983,1799.7910374978062,202958
2023-03-10,1788.01904296875,1791.6638918574286,1753.4909841958613,1777.1335592636706,211696
2023-03-13,1781.8128662109375,1794.0774042519852,1763.342103948903,1788.0190904319247,266217
2023-03-14,1804.076171875,1807.671837455013,1754.476044963149,1781.812771660357,298000
2023-03-15,1786.34423828125,1822.448443661556,1771.4198391380917,1817.5229073273356,218979
2023-03-16,1783.2410888671875,1801.1701128984005,1749.008612063717,1779.645543620645,340071
2023-03-17,1777.0350341796875,1807.7703330026511,1771.0750870758739,1807.7703330026511,182866
2023-03-20,1775.458984375,1778.512793039642,1743.6892730645422,1764.3765269411194,261749
2023-03-21,1768.9571533203125,1800.7268641549929,1763.3420897388469,1775.4589577860402,214379
2023-03-22,1777.822998046875,1791.9100797600017,1769.2526131110296,1769.2526131110296,157465
2023-03-23,1783.3397216796875,1786.9845704423835,1766.6913849277419,1769.2526397544216,208886
2023-03-24,1753.5401611328125,1797.2788256503618,1750.535536000472,1783.0933778351277,368678
2023-03-27,1766.0018310546875,1777.6261454433732,1735.7590846612488,1753.5895029673998,319068
2023-03-28,1771.4197998046875,1780.187278335393,1757.973182112722,1771.173522993445,272018
2023-03-29,1775.1141357421875,1791.910264108692,1761.519726505644,1779.0053819140714,375933
2023-03-31,1815.1585693359375,1827.3739231150469,1773.6855787432032,1773.6855787432032,537251
2023-04-03,1777.23193359375,1830.4770275960639,1772.7989510487698,1822.4483796030188,325047
2023-04-05,1779.103759765625,1784.1770863425593,1757.0866359585314,1777.1335451922412,542930
2023-04-06,1780.384521484375,1791.9102291177232,1769.0064837482967,1778.2172132119813,276973
2023-04-10,1795.505859375,1799.7910521152792,1774.178262101597,1783.044227875564,383070
2023-04-11,1807.3270263671875,1812.1047724424834,1787.9696450030483,1795.8998064055165,271544
2023-04-12,1818.9512939453125,1825.3544912825275,1807.918140480591,1812.4496099303033,332113
2023-04-13,1843.7266845703125,1870.7186469709688,1821.4632850180735,1822.4483922571314,876901
2023-04-17,1825.4036865234375,1854.4643496386243,1814.5675070567577,1848.6030097553135,317549
2023-04-18,1840.919189453125,1849.0463243363292,1828.1620985555808,1837.963867677414,254568
2023-04-19,1820.92138671875,1847.0760314246616,1810.6763678663244,1840.8698078581363,167719
2023-04-20,1810.1346435546875,1834.9592991367813,1807.671875332164,1820.9215202683981,128975
2023-04-21,1804.4208984375,1816.5377656913702,1785.7531641849412,1810.134568578033,233003
2023-04-24,1812.4002685546875,1819.4929922698536,1802.0073395287654,1808.952393366304,188861
2023-04-25,1826.97998046875,1841.1162462192335,1812.0555807747621,1815.060206150472,268315
2023-04-26,1830.378662109375,1843.4805170139139,1822.9903573785748,1826.3396259879864,175226
2023-04-27,1833.333984375,1842.3969234123513,1830.4278456955467,1830.4278456955467,129999
2023-04-28,1860.0794677734375,1865.7438344805012,1837.175724131832,1837.175724131832,238650
2023-05-02,1867.0245361328125,1883.0325291216839,1854.6122086965272,1871.4575188066538,384075
2023-05-03,1923.1263427734375,1929.6281468842265,1857.1241564254283,1865.5468715901818,812215
2023-05-04,1906.970703125,1928.7415497616003,1893.3268712210397,1928.7415497616003,322921
2023-05-05,1886.184814453125,1918.9396307062837,1882.5399657078492,1907.0198569623713,191545
2023-05-08,1907.611083984375,1912.0933705376365,1888.4507940858573,1891.3568126737769,199584
2023-05-09,1919.53076171875,1939.676156687521,1906.280997181639,1908.5959751465148,433066
2023-05-10,1929.3818359375,1940.6612657517164,1916.6739284717016,1934.2580686819772,309010
2023-05-11,1898.055419921875,1939.6762018041634,1893.4746470961943,1935.686469286104,356881
2023-05-12,1904.7049560546875,1924.7026822564367,1835.895235507062,1859.882574104603,992774
2023-05-15,1903.276611328125,1914.9992920224918,1880.5698399113332,1914.9992920224918,242187
2023-05-16,1900.46875,1929.6772023439025,1894.8043836361805,1901.2568838559034,196317
2023-05-17,1943.5181884765625,1949.9705690480407,1900.222651108197,1900.2719545734356,388694
2023-05-18,1937.21337890625,1976.2729048502526,1931.2534320296265,1955.3885593030582,618375
2023-05-19,1912.191650390625,1955.142302248471,1905.1974129973096,1942.6314883302452,220849
2023-05-22,1915.9842529296875,1925.8846286613407,1890.2729783571078,1912.0438240219405,179201
2023-05-23,1921.0084228515625,1938.691049721405,1906.7735510718635,1919.4814585275192,187633
2023-05-24,2103.302490234375,2127.8315634444284,1904.0152545015817,1918.9888359211789,3981657
2023-05-25,2047.9886474609375,2096.209598733602,2026.414895117731,2096.209598733602,1158889
2023-05-26,2043.6544189453125,2057.347314358349,2027.3508448568186,2049.17087558087,365356
2023-05-29,2051.48583984375,2065.5236180995835,2034.2464630383404,2044.2945088468393,474055
2023-05-30,2042.1275634765625,2058.381834965884,2037.2020266616166,2048.5307613359923,180598
2023-05-31,2042.915283203125,2062.8143997993943,2037.201613555467,2044.0973636980627,281283
2023-06-01,2044.8858642578125,2062.174546173938,2039.1228901175302,2050.9441781962864,205129
2023-06-02,2055.57421875,2061.829746816338,2039.1722770711033,2053.8995843045595,174525
2023-06-05,2080.30029296875,2093.3529643937936,2063.7997460729403,2063.7997460729403,638001
2023-06-06,2098.623291015625,2104.189050682828,2080.5464770796502,2088.4273349473765,494351
2023-06-07,2094.732177734375,2116.9463966297435,2088.427586881528,2103.2041971660674,335351
2023-06-08,2055.032470703125,2103.2041223144356,2039.1721466936215,2098.2785857282192,550208
2023-06-09,1989.8182373046875,2066.75509253297,1981.3463386688936,2053.012893950959,569619
2023-06-12,1997.7481689453125,2014.3965052658489,1972.2831709732245,1995.8272579381671,280214
2023-06-13,2038.4332275390625,2042.4722635659587,1999.0782400279772,2014.6428628119852,503123
2023-06-14,2083.10791015625,2108.6713954763422,2030.6016450479476,2038.4331996713697,805221
2023-06-15,2104.73095703125,2147.3368458759933,2081.0883828746296,2095.323134630488,788922
2023-06-16,2130.8857421875,2145.563745068034,2113.3014803063365,2120.9360620438374,644214
2023-06-19,2142.06640625,2181.0274459900115,2128.96443175716,2146.9919424875566,466638
2023-06-20,2210.482177734375,2218.904893263525,2143.692095093411,2146.3025332406196,1163364
2023-06-21,2226.5888671875,2230.283019715739,2208.70926515271,2215.4571061347942,494853
2023-06-22,2234.22314453125,2244.074216597084,2195.4590797503156,2224.2734655428817,658243
2023-06-23,2178.761474609375,2248.1131635153415,2163.344643637391,2234.2230562494847,760629
2023-06-26,2199.39990234375,2208.610752576235,2143.2487815155405,2151.5238278351685,426322
2023-06-27,2166.595947265625,2212.452502022151,2157.3850973376593,2198.8582129906517,304339
2023-06-28,2144.775634765625,2182.899240406614,2140.145678406954,2172.4079435244817,263598
2023-06-30,2141.376953125,2170.14203764338,2133.299121517776,2147.681543524612,247752
2023-07-03,2132.806640625,2155.41480540525,2123.6943979604666,2141.9681867562304,209854
2023-07-04,2138.8154296875,2151.720430381996,2123.8911516097437,2138.6677598073998,291049
2023-07-05,2099.31298828125,2169.8958310831035,2090.8409691842885,2142.6084066033964,485956
2023-07-06,2103.696533203125,2111.872971482284,2085.52135253441,2100.3472647536864,333960
2023-07-07,2031.6361083984375,2106.89820888083,2024.3954736411952,2103.2040565566676,568498
2023-07-10,1957.26025390625,2051.3381135676436,1946.5718646311886,2040.157050430765,804326
2023-07-11,1903.7198486328125,1963.3188400130377,1898.3017585073376,1962.2844292517775,1091064
2023-07-12,1907.3155517578125,1922.0921614810313,1882.5893822047644,1911.1081908696337,638838
2023-07-13,1896.823974609375,1923.914423480711,1871.9007135468066,1918.9395838597632,521291
2023-07-14,1914.8515625,1917.018750396424,1887.7611125329386,1905.1481596735523,304419
2023-07-17,1958.294677734375,1971.2488618009133,1914.8514731377995,1920.9590898353115,543917
2023-07-18,1946.818359375,1977.1104097485768,1926.0326187788874,1970.165354976618,472683
2023-07-19,1962.678466796875,1966.8651727401589,1947.1138439120798,1948.7884781884518,339551
2023-07-20,1961.447021484375,1973.1698218102026,1948.7391139085173,1962.333642059872,327154
2023-07-21,1949.82275390625,1964.9441255684628,1926.574127488133,1950.5122808540987,337174
2023-07-24,1960.06787109375,1970.2145239932559,1931.8938274511167,1952.4825932773165,382462
2023-07-25,1977.9476318359375,1989.522642397815,1952.4826326502782,1952.4826326502782,466524
2023-07-26,1975.977294921875,1989.768796013987,1967.7516736781204,1989.768796013987,288795
2023-07-27,1955.459716796875,1992.4410285139984,1949.2796887927993,1992.4410285139984,330626
2023-07-28,1990.61181640625,2000.9447752177311,1948.2415674433528,1957.832922874957,330636
2023-07-31,1988.1890869140625,2006.2842568815493,1973.6537095788924,2002.3290390266818,192022
2023-08-01,2022.79736328125,2025.9614894715983,1984.975590297785,1988.1892049957264,462091
2023-08-02,1990.6611328125,2021.9074509741706,1969.8468709102306,2017.1611411840336,352652
2023-08-03,2003.268310546875,2009.2011371975673,1968.7096435880592,1990.4633413072643,346006
2023-08-04,2018.4959716796875,2027.0491544477254,1916.5502554186846,1923.1751970566313,1541713
2023-08-07,2023.8355712890625,2060.9652278284548,2000.4009533731205,2013.205923119351,481482
2023-08-08,2068.529541015625,2080.4446836115053,2008.954069443575,2027.0492402108296,508825
2023-08-09,2042.3260498046875,2100.2205971265294,2031.1032644337436,2050.7803759135695,529721
2023-08-10,2042.91943359375,2051.7691849292078,2013.255300799593,2042.3260543749348,237054
2023-08-11,2060.322509765625,2075.995158489589,2036.9868671652437,2049.791837841828,258420
2023-08-14,2031.00439453125,2060.22361509042,2022.2040105505312,2060.22361509042,191970
2023-08-16,2020.1275634765625,2025.7637007613275,2005.2954961969988,2022.154660952905,150722
2023-08-17,1976.867431640625,2031.399904218602,1972.6650124411888,2020.127629281879,264944
2023-08-18,1972.6153564453125,1982.7506018892832,1940.0342986410387,1975.8784593575208,394479
2023-08-21,1983.739501953125,1991.8971389232354,1962.7768952326132,1972.6154515393382,471940
2023-08-22,1965.792724609375,1992.3914676094403,1953.8775827690179,1992.3914676094403,242286
2023-08-23,1971.3299560546875,1981.7124024645873,1962.7767736810372,1965.7926754434739,274244
2023-08-24,2005.1966552734375,2020.7703260364633,1973.7032563156088,1973.7032563156088,558028
2023-08-25,1995.90185546875,2002.2795961235076,1970.2917951344855,2002.2795961235076,474946
2023-08-28,2015.7274169921875,2028.9773004350013,1983.7889840699909,1992.5893680652912,397176
2023-08-29,2145.9033203125,2159.9442949017525,2018.7430950747498,2026.060271979097,2995207
2023-08-30,2193.267333984375,2206.962131314931,2143.728132514167,2155.5442978782444,1442442
2023-08-31,2195.145751953125,2207.357582766784,2170.425642133833,2180.31368606155,586343
2023-09-01,2201.128173828125,2208.0498049140515,2179.2754991224806,2208.0498049140515,325696
2023-09-04,2217.443603515625,2239.543239483006,2193.8110308680007,2213.8838107145434,434531
2023-09-05,2255.36376953125,2290.070899151261,2217.7399567362445,2219.86578954861,976414
2023-09-06,2266.290283203125,2287.005687896026,2233.3138000429826,2249.5795847652557,421114
2023-09-07,2313.456298828125,2328.6345441181165,2262.5823567508346,2266.2408850354964,751841
2023-09-08,2293.28466796875,2346.1362163253907,2278.6998026663728,2320.081364510966,530366
2023-09-11,2316.5712890625,2325.91544354071,2286.215038431568,2298.921031731272,329330
2023-09-12,2222.2392578125,2323.6412130937065,2214.9222006767804,2316.571357096455,507216
2023-09-13,2254.07861328125,2258.824681289031,2202.6607843334727,2222.238918383882,267457
2023-09-14,2242.16357421875,2279.9853443526395,2227.7764212196857,2259.3686750500556,278618
2023-09-15,2217.146728515625,2257.539485959308,2207.01148312939,2242.1635288236025,496926
2023-09-18,2223.227783203125,2250.6178590320324,2206.0226826890566,2206.0226826890566,327785
2023-09-20,2188.91650390625,2237.318436575039,2185.356952501,2223.7223745103593,241660
2023-09-21,2156.137451171875,2207.2585896228566,2146.5953440070166,2188.9162199896155,294980
2023-09-22,2104.472412109375,2165.4815941282363,2099.2317006092444,2156.0879525098717,264047
2023-09-25,2114.1630859375,2132.8513952017765,2097.2049432128297,2102.940057832813,219732
2023-09-26,2084.44921875,2129.8847338484484,2076.4892948383203,2123.9519072917674,263970
2023-09-27,2117.77197265625,2125.8306325201365,2076.4893860525854,2091.222476085927,249896
2023-09-28,2076.934326171875,2132.3568656757534,2058.888644373321,2117.771999564593,230858
2023-09-29,2096.71044921875,2116.0416254335023,2067.9856302742696,2077.4782500167235,155386
2023-10-03,2095.771240234375,2107.142492540436,2067.590310606312,2067.590310606312,160340
2023-10-04,2066.799072265625,2097.600476609142,2042.8700521721823,2095.771091761346,188937
2023-10-05,2080.246826171875,2095.276605356866,2066.848477747612,2066.848477747612,131245
2023-10-06,2084.894287109375,2105.5109574860353,2076.6871614823954,2080.2469542433873,155897
2023-10-09,2045.786865234375,2069.9630851253937,2041.1395327219482,2046.8251581612851,422727
2023-10-10,2042.375732421875,2070.507172684293,2036.9373075715625,2040.892525644517,518036
2023-10-11,2070.260009765625,2101.2096400392034,2061.657458579642,2061.657458579642,677149
2023-10-12,2064.326904296875,2088.3054110746807,2054.6365728639666,2075.4509538329703,194627
2023-10-13,2060.02587890625,2070.0126591592452,2039.557433353034,2056.663798880543,222918
2023-10-16,2087.465087890625,2097.25415499315,2052.461266909144,2057.7019785670655,282380
2023-10-17,2101.604736328125,2143.5796754576627,2089.5413711527003,2106.548758236686,478314
2023-10-18,2082.02685546875,2108.9717781417094,2064.871000800275,2100.220761738194,205438
2023-10-19,2069.2216796875,2092.211384749418,2049.791767456175,2056.7133990877205,137807
2023-10-20,2061.261962890625,2071.199255016877,2051.7693431017688,2069.221646011478,130738
2023-10-23,1996.5445556640625,2066.8485288446313,1983.0968391076135,2051.769260783452,364127
2023-10-25,1956.8935546875,2007.273094668777,1938.5016947940996,1999.362658827718,332507
2023-10-26,1928.168701171875,1956.8440305739182,1900.3338314219163,1956.8440305739182,266494
2023-10-27,1965.7432861328125,1981.564157650984,1935.238692377572,1938.1062494809748,138814
2023-10-30,1968.66015625,1975.5817873465721,1947.944751463869,1960.7992092146458,145786
2023-10-31,1964.5072021484375,1991.3532665752307,1960.7991855343407,1968.6601324747594,103168
2023-11-01,1938.106201171875,1971.626575302538,1933.1621789456808,1965.7432371348339,106262
2023-11-02,1977.9056396484375,1985.024983587057,1943.9895978740494,1945.9672068240739,143969
2023-11-03,1999.06591796875,2008.162991375025,1969.4512728292382,1991.4026834441227,154883
2023-11-06,2114.41015625,2120.8373853696326,1995.704130151321,1999.065968820191,666246
2023-11-07,2076.143310546875,2114.4102385357824,2067.5902480254454,2114.4102385357824,225300
2023-11-08,2117.326904296875,2185.2577181123884,2092.507817360814,2157.5711949869824,1168842
2023-11-09,2053.153564453125,2125.039844631531,2043.8588987286676,2120.9361611176864,478796
2023-11-10,2088.355224609375,2093.2992473949084,2032.0428533636202,2056.565254661339,279373
2023-11-13,2089.690185546875,2104.126587085768,2071.545525550115,2095.276834673362,144923
2023-11-15,2095.8701171875,2112.08641444332,2088.454083428921,2101.2095649307375,131703
2023-11-16,2125.286865234375,2141.7503621757032,2091.815739234857,2095.869933897936,238362
2023-11-17,2123.85302734375,2148.0294897929243,2114.162936650877,2116.3877467113034,176457
2023-11-20,2094.23828125,2130.87353343578,2084.7951507205935,2123.852925463384,152898
2023-11-21,2101.308349609375,2139.9209687189204,2091.321328499002,2094.2877417309155,167899
2023-11-22,2109.515380859375,2127.907240748484,2096.3149858970933,2101.3084968020657,129670
2023-11-23,2181.500244140625,2200.0403268543023,2110.0591254172564,2110.0591254172564,1155315
2023-11-24,2170.62353515625,2214.724311302515,2165.4818001679137,2198.606750079158,483262
2023-11-28,2153.4677734375,2196.6289892218733,2143.7279534697373,2170.425672447451,236310
2023-11-29,2179.572265625,2184.269086884711,2150.69922321519,2165.481801845866,248651
2023-11-30,2171.513671875,2185.2084694367063,2154.703995275435,2180.1162227944837,233380
2023-12-01,2189.41064453125,2204.044997868097,2167.6074593260564,2184.268909955418,293066
2023-12-04,2185.60400390625,2209.9779369386347,2179.918378341419,2208.0003280465194,182278
2023-12-05,2210.472412109375,2228.7652949651224,2176.1609449803336,2196.381948288056,563712
2023-12-06,2227.9248046875,2299.909821928442,2211.164616377446,2221.7942649531915,735572
2023-12-07,2234.550048828125,2245.92130110197,2214.922182035978,2244.536829893782,170605
2023-12-08,2190.44921875,2250.4696049920026,2157.6704453878483,2244.5862663638413,306753
2023-12-11,2198.260498046875,2218.4322535023634,2186.246620642911,2190.4490395202206,145160
2023-12-12,2202.2158203125,2218.92676101493,2173.392266031571,2205.0340096680634,271031
2023-12-13,2220.55810546875,2224.810012885955,2177.5451118862884,2202.2157346366007,202467
2023-12-14,2244.339111328125,2252.991151078812,2216.8997852616617,2230.5948247442634,284494
2023-12-15,2280.529296875,2383.0187841186603,2238.801554915181,2249.530180029026,1965334
2023-12-18,2286.016845703125,2316.7687597774,2259.4181033253776,2280.182996178696,249742
2023-12-19,2262.532958984375,2300.7009099030734,2241.2736618691215,2286.0170662628525,343965
2023-12-20,2192.673828125,2367.148321883063,2171.4145328354,2288.4396339343393,1628301
2023-12-21,2259.12158203125,2264.3622941375793,2155.000420399262,2190.2019569933354,557361
2023-12-22,2352.810791015625,2373.0812830224295,2262.6318699790186,2269.306300273942,1244623
2023-12-26,2444.72021484375,2459.898460889014,2352.810882383734,2360.820295611615,1731032
2023-12-27,2437.2548828125,2467.067242101001,2404.822046739081,2456.0914155231026,767732
2023-12-28,2405.711669921875,2449.6639781927997,2398.394613762924,2428.553148630144,409432
2023-12-29,2453.421630859375,2473.9888123530513,2405.3658779098732,2417.6269569157516,682479
2024-01-01,2446.203125,2492.924133213286,2432.4588403107678,2460.145363696419,499429
2024-01-02,2451.444091796875,2466.078446819697,2397.7027115471997,2446.302356628681,361687
2024-01-03,2452.28466796875,2472.011269618838,2407.788465115611,2451.4440875741393,401471
2024-01-04,2459.15673828125,2490.798481596489,2445.5111881950843,2450.257497973839,301557
2024-01-05,2420.5439453125,2480.9105087633616,2388.55626434643,2447.3901325295387,292318
2024-01-08,2403.833251953125,2432.409605724859,2374.1196281506523,2424.4991696460565,252063
2024-01-09,2412.13916015625,2431.5198254889474,2387.9629377019805,2414.6111714789226,265428
2024-01-10,2402.30029296875,2422.570783195488,2368.1865411237522,2410.705130379836,225912
2024-01-11,2442.9404296875,2452.581273307659,2402.7948714857475,2402.7948714857475,234273
2024-01-12,2406.255615234375,2470.033501892529,2395.9721455764593,2457.8216704423357,247469
2024-01-15,2400.916259765625,2424.944015556938,2384.996411039447,2406.255707406507,159205
2024-01-16,2376.294921875,2428.7015602814135,2346.433074309796,2402.7949307091467,191471
2024-01-17,2299.316650390625,2393.2530782890617,2291.0600362176647,2354.3435244860852,367496
2024-01-18,2267.3779296875,2320.624900655548,2235.686701057128,2299.365606505735,293820
2024-01-19,2330.315673828125,2380.497505583148,2273.4594112485424,2274.2505031832966,457836
2024-01-23,2221.3984375,2313.9503788459306,2213.982404952699,2292.987775127022,235127
2024-01-24,2258.57763671875,2266.3398483819474,2202.1170462478804,2219.618837109676,135521
2024-01-25,2211.3623046875,2269.256856900831,2206.9126844023867,2258.577719935089,125374
2024-01-29,2215.02099609375,2224.8100638115843,2198.112343045845,2211.3622264184974,134590
2024-01-30,2193.662841796875,2239.9884304212023,2189.707623691314,2224.810184378169,164594
2024-01-31,2280.083984375,2294.0262230695166,2183.329618043813,2183.329618043813,393059
2024-02-01,2225.304443359375,2331.551434597554,2213.933192038054,2323.6904874003694,406784
2024-02-02,2224.95849609375,2254.4744089315227,2220.2616744084758,2244.5863632783144,144886
2024-02-05,2187.284912109375,2242.608472304738,2179.6711661947456,2224.9582164690355,186156
2024-02-06,2223.227783203125,2241.322952548334,2187.284887027467,2197.123442821642,176374
2024-02-07,2205.231689453125,2243.3501502041786,2196.678627316661,2229.7540886877896,206048
2024-02-08,2178.484375,2222.189723763511,2170.969606205346,2210.96669696331,137498
2024-02-09,2190.35009765625,2197.5189299737403,2153.6161086199063,2175.369806686774,145845
2024-02-12,2173.29345703125,2225.799076000061,2164.4931929649642,2191.1909162221837,154953
2024-02-13,2205.775390625,2213.2409120429515,2138.783893274403,2164.591784388632,180054
2024-02-14,2231.484375,2245.129924278475,2158.560049019608,2158.560049019608,413434
2024-02-15,2257.143798828125,2307.869513801106,2237.664400056514,2244.635519491492,420659
2024-02-16,2286.313720703125,2297.240058729115,2247.6021210219046,2263.373504543611,205382
2024-02-19,2256.056396484375,2288.9341454203795,2250.0740811032724,2269.553481063587,299424
2024-02-20,2330.216796875,2341.5385601943844,2251.2111719512664,2256.056458878138,798999
2024-02-21,2300.70068359375,2351.3769101046255,2286.1653069052672,2345.3945950838274,748700
2024-02-22,2315.384765625,2326.0144142380923,2294.0264913836586,2307.8697546937324,228509
2024-02-23,2279.738037109375,2335.555997315835,2274.2501243972993,2317.312604382026,188350
2024-02-26,2258.083251953125,2288.6869437046967,2249.9751035066224,2281.1719331012005,129553
2024-02-27,2237.763427734375,2278.897547649257,2230.7923081415393,2258.4293439952153,145591
2024-02-28,2166.02587890625,2249.2831746427664,2156.3850344386087,2239.5928416656134,319676
2024-02-29,2188.075927734375,2198.7548221999245,2144.716757941507,2166.0255411854614,214547
2024-03-01,2196.3818359375,2209.7801842198455,2181.4507925101193,2181.4507925101193,184530
2024-03-04,2163.009765625,2212.993879576111,2159.6479270093646,2193.5144799111504,99205
2024-03-05,2176.75390625,2202.0673954140066,2151.687859592937,2151.687859592937,215185
2024-03-06,2165.036865234375,2177.100231429318,2110.94930926505,2175.3698236150785,222308
2024-03-07,2181.35205078125,2224.809956993048,2172.403322450545,2175.369735726536,244118
2024-03-11,2141.206298828125,2190.3498259934972,2133.394841144972,2181.3518513898703,126299
2024-03-12,2105.510986328125,2150.6498157838196,2097.7487743381025,2150.105925020197,183290
2024-03-13,2042.0789794921875,2121.924941865189,2031.2021301286827,2101.3085131433168,396878
2024-03-14,2076.093994140625,2085.3886597405894,2012.315984127674,2028.0379995865096,138189
2024-03-15,2075.154296875,2099.7756717466073,2056.713191027993,2084.3997147533696,234166
2024-03-18,2085.635986328125,2097.155462713254,2077.4783488327084,2082.867285320936,102446
2024-03-19,2092.013427734375,2115.052618612224,2073.226144072088,2085.833400213886,201055
2024-03-20,2076.53857421875,2106.1532155169757,2036.0963324191341,2092.013265366081,165795
2024-03-21,2125.781494140625,2130.873740856296,2086.427025958421,2086.9214282184803,198270
2024-03-22,2136.95458984375,2158.8567527359046,2124.1001322987913,2135.8175613161666,225223
2024-03-26,2115.102294921875,2147.3866649926335,2110.6526747120242,2130.0825863987684,138132
2024-03-27,2132.406494140625,2156.335515896848,2106.1536851359792,2124.8419945115656,273112
2024-03-28,2101.703857421875,2144.6673624713794,2093.2990196010865,2132.406283860458,214589
2024-04-01,2118.31591796875,2131.6647786515573,2096.2655294482724,2108.0816948823253,273839
2024-04-02,2178.28662109375,2189.262446579291,2116.5358341304377,2133.7904227588424,359037
2024-04-03,2159.153564453125,2182.9836076358997,2153.6161627884353,2175.36986140246,412580
2024-04-04,2189.657958984375,2205.775519749047,2139.4266448043304,2165.4322500372264,662523
2024-04-05,2195.046875,2197.8650642107796,2162.7130181640705,2192.129950189836,314918
2024-04-08,2182.09375,2232.671002015504,2172.4529064293292,2200.08994305045,364870
2024-04-09,2167.459228515625,2209.4834151998925,2160.587086268721,2188.174632258523,232323
2024-04-10,2271.3828125,2281.171880051721,2165.9266724204367,2170.425780976822,803752
2024-04-12,2290.76318359375,2320.229604003624,2268.8612619471455,2272.272588962424,830564
2024-04-15,2273.162353515625,2293.3835967541945,2222.387392086788,2264.31260235901,434128
2024-04-16,2295.905029296875,2328.4863300919355,2244.8333743844437,2262.335165427545,405585
2024-04-18,2279.44140625,2338.522470786791,2268.0206668321334,2296.646506723723,461042
2024-04-19,2246.41552734375,2271.2838631527297,2220.459410056959,2265.35103634432,202028
2024-04-22,2276.079833984375,2298.7233614572942,2244.6358012338883,2254.4248696471477,244590
2024-04-23,2344.653076171875,2369.1754749452634,2275.189563185688,2285.4237858611787,646643
2024-04-24,2372.4384765625,2398.295615401373,2342.13147645748,2356.3209163479787,779402
2024-04-25,2395.675537109375,2399.8284676346907,2361.462805614357,2384.9964004676035,337195
2024-04-26,2449.318115234375,2506.6192849258678,2378.7668210464067,2412.6828620193755,873725
2024-04-29,2416.489990234375,2481.8993117888995,2397.850928720351,2480.861018775406,355463
2024-04-30,2403.338623046875,2447.0932184813937,2393.0056651748782,2414.6603853354713,258833
2024-05-02,2451.98779296875,2471.318967917235,2389.7920906899712,2403.3386631419144,337409
2024-05-03,2421.236083984375,2472.011292495167,2386.776391411404,2457.179224740196,257008
2024-05-06,2535.34423828125,2590.4700894122684,2482.888111031161,2484.865720040345,2112066
2024-05-07,2485.35986328125,2539.8923294634806,2452.2844043310624,2536.2832899607743,386722
2024-05-08,2475.96630859375,2499.203212847725,2444.3245666308903,2484.865548520804,209481
2024-05-09,2408.5302734375,2496.7315947610496,2395.2308999567817,2481.899525881281,211563
2024-05-10,2466.622314453125,2475.669779067741,2383.7109605417686,2405.761349179466,284452
2024-05-13,2454.90478515625,2483.876804122748,2410.705274064992,2474.829339874488,169202
2024-05-14,2441.506591796875,2467.0672852834955,2422.571081741308,2467.0672852834955,121988
2024-05-15,2397.109375,2457.179250025781,2389.940542177993,2441.5066017071413,119207
2024-05-16,2421.038330078125,2427.51504783549,2394.8844993309804,2412.880692951998,164601
2024-05-17,2446.94482421875,2455.3496620045557,2426.5755974881395,2429.986924543264,181347
2024-05-21,2488.524169921875,2538.953198065226,2456.7836911701716,2501.6753176995508,459331
2024-05-22,2435.919921875,2526.395534966765,2425.9823882211554,2511.563467246803,248335
2024-05-23,2308.759521484375,2431.519744525098,2301.343487763293,2431.519744525098,845859
2024-05-24,2338.72021484375,2350.289178518382,2294.4712161227735,2296.9927157280054,424506
2024-05-27,2318.35107421875,2349.102748620738,2304.062656394792,2338.8687671243024,179388
2024-05-28,2273.706298828125,2334.962684999871,2255.017991659569,2318.746388906909,954366
2024-05-29,2242.26220703125,2272.2725172136024,2238.3564779223784,2256.501135273328,360699
2024-05-30,2159.993896484375,2242.262380879103,2145.9034326546175,2241.6197545305076,919607
2024-05-31,2166.767333984375,2180.561108381478,2140.761727534701,2175.4688618050154,554665
2024-06-03,2219.519775390625,2254.474108682473,2181.994695415732,2254.474108682473,270605
2024-06-04,2118.66162109375,2219.865846563481,1998.3736641001317,2218.8770421774843,696813
2024-06-05,2203.20458984375,2214.872530906045,2126.473507587126,2144.716901831611,189613
2024-06-06,2252.941650390625,2261.3464889601405,2200.0900961379075,2222.8326005024787,253051
2024-06-07,2256.501220703125,2269.306189920337,2240.680349662286,2252.9414281560025,114417
2024-06-10,2276.62353515625,2305.2988675571605,2248.937007320888,2259.4184322786496,222425
2024-06-11,2290.071044921875,2310.8359378162445,2274.447886748455,2284.5336435871113,340586
2024-06-12,2325.470458984375,2332.1943778299997,2282.7541530935655,2290.071209791619,377841
2024-06-13,2384.05712890625,2393.8956853622253,2326.2120658770514,2343.466656054719,502975
2024-06-14,2386.67724609375,2414.0670810016577,2361.2650200803823,2391.9179579457473,450097
2024-06-18,2395.230712890625,2406.6512119102154,2363.2427902752142,2391.91812120324,306853
2024-06-19,2458.06884765625,2498.7088064853274,2380.39845243648,2403.7340922509857,918506
2024-06-20,2576.082763671875,2610.443717913348,2441.3581589121427,2462.024075116023,1649662
2024-06-21,2517.44677734375,2616.3767161980136,2503.0596235367016,2585.6742880836077,474787
2024-06-24,2480.910400390625,2515.518556633619,2457.179093252572,2515.518556633619,214453
2024-06-25,2432.211669921875,2499.549347426642,2426.5260445119548,2480.910287563364,158358
2024-06-26,2477.202392578125,2496.7312808141965,2420.593336805209,2433.4477948846484,602699
2024-06-27,2485.211669921875,2506.6191889171514,2448.774130711371,2491.8860997148495,262310
2024-06-28,2473.939453125,2505.4329740648473,2469.687545351513,2484.865791496418,150785
2024-07-01,2586.712646484375,2615.3879778100813,2481.8993664662776,2491.7874117510037,614193
2024-07-02,2656.620849609375,2708.3353702769255,2600.7533985613113,2615.387752604041,2094904
2024-07-03,2630.46728515625,2689.5483565924255,2606.7854646361084,2689.4988680838105,496918
2024-07-04,2647.12841796875,2674.715964813693,2588.294554787081,2648.0182453867174,386465
2024-07-05,2657.708740234375,2689.548196336001,2641.6406673702354,2649.996016978119,302861
2024-07-08,2663.9873046875,2695.5797987134415,2640.157263250458,2669.7719070490366,381917
2024-07-09,2670.661865234375,2724.1562829988484,2640.2561281373823,2664.778526988132,1009589
2024-07-10,2694.39306640625,2707.3465008659473,2601.643404973594,2674.715955019133,655708
2024-07-11,2731.6220703125,2748.827172997837,2671.7993947653144,2706.3085771543824,559474
2024-07-12,2743.536865234375,2772.360417776457,2706.85212435597,2731.6217235835975,467034
2024-07-15,2770.086181640625,2798.2671085009224,2721.239338312378,2737.6041002618426,449236
2024-07-16,2767.7626953125,2795.350243530069,2751.397933012488,2769.6413272471605,266498
2024-07-18,2798.61328125,2810.182245025817,2743.981835423935,2743.981835423935,505315
2024-07-19,2761.48388671875,2819.427929485872,2730.089342486964,2769.9382138405927,493169
2024-07-22,2819.279052734375,2831.9357973166966,2690.5367683305626,2729.1001398722356,358664
2024-07-23,2800.244873046875,2837.868932789191,2715.3561510341588,2820.1199401844015,368157
2024-07-24,2867.137451171875,2892.3519643952604,2788.972411897914,2798.3165655757016,493866
2024-07-25,2920.087890625,2928.8389069470477,2838.9071866306663,2852.7009610203354,525815
2024-07-26,2887.2099609375,2948.6148126532726,2870.5487511228757,2920.0877082616857,230661
2024-07-29,2971.474853515625,2991.8967772361298,2893.753045974905,2893.8026619217476,514281
2024-07-30,3051.031005859375,3095.047131113051,2962.3547161065467,2987.931617776665,525062
2024-07-31,3065.55419921875,3089.049165324563,3024.611361811695,3051.3778340401172,225469
2024-08-01,3062.18359375,3141.590894943098,3039.5313716750643,3056.3843364002246,472498
2024-08-02,3069.172607421875,3101.936801332323,3013.8058078152476,3033.5335928657423,304664
2024-08-05,2927.905029296875,3082.9028267293843,2914.5714091810833,3023.6199993205114,565084
2024-08-06,2996.605712890625,3053.063094093332,2905.64927449588,2940.445785341877,1625957
2024-08-07,3075.76513671875,3089.7430379986995,2969.7399733868897,3021.6372853854778,469413
2024-08-08,3028.874267578125,3106.397854801974,3013.7561672795036,3106.397854801974,252128
2024-08-09,3049.742431640625,3119.0873785446147,3030.658926855585,3053.360765606437,304475
2024-08-12,2989.567138671875,3061.7375300363105,2974.548269881515,3023.7193695880146,404211
2024-08-13,2823.169189453125,2989.51792170883,2815.4366038957737,2989.51792170883,682293
2024-08-14,2822.02880859375,2873.8765066061787,2793.7753092861244,2845.1769478205515,335907
2024-08-16,2875.710693359375,2881.8570204357516,2820.3932656139364,2835.2139129272628,240372
2024-08-19,2849.39013671875,2894.59583159398,2839.030568901638,2875.8591556002016,107996
2024-08-20,2864.557861328125,2877.841865740987,2825.7959467645296,2877.841865740987,105519
2024-08-21,2928.351318359375,2944.312164615535,2864.0127419442024,2864.558033343455,216714
2024-08-22,2925.57568359375,3066.991790046846,2914.6708238958054,2974.0526448939113,1392991
2024-08-23,2796.650390625,2923.6422905107524,2759.3755014958365,2916.554228676867,862698
2024-08-26,2794.71728515625,2817.518354764255,2774.1467549664194,2803.5402109320885,459165
2024-08-27,2844.829833984375,2878.7342262496577,2798.3851924654937,2798.3851924654937,769076
2024-08-28,2861.583984375,2884.385055039735,2810.4797971532334,2853.702793137995,389112
2024-08-29,2857.519287109375,2905.649420595324,2825.34999955533,2860.6421875894553,449373
2024-08-30,2885.8720703125,2891.770559729935,2858.1142452619556,2860.0473311007413,464194
2024-09-02,2886.56591796875,2910.606176751524,2865.0040363800763,2901.1387274642557,297684
2024-09-03,2908.57373046875,2924.237122048846,2879.8741722355785,2898.709838078083,447430
2024-09-04,2962.85009765625,2994.9700089031676,2892.117363052484,2906.24411200065,649944
2024-09-05,2972.714111328125,2992.3429064436696,2946.046870438112,2973.9532998830327,262633
2024-09-06,2903.765869140625,2997.6467461520347,2893.7531287523148,2978.8606959659032,220403
2024-09-09,2917.14892578125,2927.1614235233387,2856.081620424645,2903.7656901423284,181018
2024-09-10,2943.518798828125,2951.994896723301,2917.2480021651522,2946.88953682493,139811
2024-09-11,2894.05078125,2962.1565408620045,2888.003443842919,2962.0573089586624,130451
2024-09-12,2897.76806640625,2925.9719488644814,2884.930121677105,2894.0505008266323,100273
2024-09-13,2905.550048828125,2943.568449943965,2898.4123712628584,2904.707545840614,97196
2024-09-16,2898.66015625,2923.493542478482,2876.5529847525504,2903.666526252789,145860
2024-09-17,2878.089599609375,2920.420230443808,2859.154944510888,2899.7010954961384,188324
2024-09-18,2861.236572265625,2898.5114583978693,2844.7306785934816,2878.882664551943,277084
2024-09-19,2799.971435546875,2894.9429018821334,2785.4978573637727,2881.55966449124,211490
2024-09-20,2819.5009765625,2854.5946989355875,2788.273425593071,2803.4905155306087,189228
2024-09-23,2843.44189453125,2857.9650867477617,2810.4794808667634,2820.3929887357817,105721
2024-09-24,2837.09765625,2879.9735824675554,2820.343680903643,2855.0905781863344,147717
2024-09-25,2804.878662109375,2856.4289070050168,2788.9674323463587,2844.185627030694,411566
2024-09-26,2795.06396484375,2816.378007045196,2757.9379257870332,2804.8784829818183,199666
2024-09-27,2871.44775390625,2889.5895229737084,2799.0791414307946,2805.5229219936778,733029
2024-09-30,2881.956298828125,2912.093269383065,2862.277886647236,2873.926259724768,199147
2024-10-01,2931.3251953125,2949.268742287265,2875.958396241927,2884.236030519678,413474
2024-10-03,2863.814453125,2961.0658286438625,2825.449222708237,2914.571569466365,448720
2024-10-04,2804.03564453125,2898.5610369787173,2791.643759943433,2853.008275610705,335238
2024-10-07,2738.75537109375,2823.862939687768,2726.214879459843,2804.035922382606,349617
2024-10-08,2766.512939453125,2785.100766457573,2725.9667896256874,2738.7551177931487,114088
2024-10-09,2758.2353515625,2801.259879039079,2753.9228788141813,2775.7822121405884,205128
2024-10-10,2746.587158203125,2814.6432975495322,2744.6044564942245,2769.834287334181,203271
2024-10-11,2805.12646484375,2818.9061448612524,2735.6326733759897,2760.3172127546572,203049
2024-10-14,2823.614990234375,2830.3066083100643,2780.7390670086625,2805.1263941405564,271138
2024-10-15,2907.235595703125,2918.536898566675,2811.2727851433633,2829.315322183862,478022
2024-10-16,2973.556884765625,2985.106025396098,2899.7012461875156,2907.235609484943,987813
2024-10-17,2843.937744140625,2973.061192044526,2815.5850130867802,2973.061192044526,536081
2024-10-18,2814.84130859375,2853.0083136328803,2795.658816213561,2825.399339620675,213553
2024-10-21,2752.43603515625,2833.2807458518428,2745.2983574003556,2815.4364304475976,158632
2024-10-22,2627.872802734375,2769.2889004319654,2617.265397363462,2750.998526204086,280923
2024-10-23,2711.542724609375,2760.366752677157,2617.1661745978604,2627.1292987819606,342007
2024-10-24,2693.599609375,2734.046532204094,2681.604166752776,2712.0882067260286,180298
2024-10-25,2648.29443359375,2702.570889961083,2628.0709740602633,2696.523795290984,182605
2024-10-28,2668.91455078125,2696.474151173307,2624.948288423454,2636.9931037209544,126271
2024-10-29,2683.636474609375,2693.054308062371,2630.1531425110584,2676.597786480262,106369
2024-10-30,2688.692138671875,2721.0598894747204,2672.037637843779,2683.6363945022813,267922
2024-10-31,2613.498291015625,2682.0004894481563,2588.5162980324485,2682.0004894481563,309481
2024-11-01,2623.3623046875,2641.950133960203,2618.2073284416756,2640.9587830656587,37542
2024-11-04,2624.75,2635.9523130910798,2578.3053575620847,2623.3622056116615,119501
2024-11-05,2671.789794921875,2681.10839617796,2600.3133012293542,2618.108000729409,156886
2024-11-06,2821.483642578125,2830.752627452045,2678.530661878031,2691.517454325606,356455
2024-11-07,2791.64404296875,2860.146484726786,2770.13177754912,2825.349972464822,161430
2024-11-08,2655.08544921875,2809.290124386797,2646.906804597802,2791.7926364348714,200978
2024-11-11,2599.32177734375,2654.738189820294,2543.855748921792,2654.738189820294,261073
2024-11-12,2550.646484375,2631.3425881250328,2529.035229644265,2605.2700125766255,403641
2024-11-13,2472.03271484375,2549.95275080107,2454.2377724662447,2541.8237217815217,545515
2024-11-14,2615.67919921875,2643.9326982438533,2431.7836178448338,2431.7836178448338,1152662
2024-11-18,2547.077880859375,2611.2182348043057,2490.0255889406662,2611.2182348043057,688509
2024-11-19,2648.195556640625,2690.5261892521644,2527.9446509185773,2557.437338512628,548742
2024-11-21,2596.546142578125,2652.755688334198,2585.0959916578645,2627.0797976891463,178368
2024-11-22,2647.74951171875,2667.9729722256398,2583.113242744265,2589.210195682692,336826
2024-11-25,2673.1279296875,2704.355481212631,2661.777010951628,2681.6040277929815,175000
2024-11-26,2691.418212890625,2704.157167590059,2672.08687212699,2676.498576847537,107505
2024-11-27,2697.366455078125,2720.9110379762033,2675.705584029304,2706.387844705417,117498
2024-11-28,2682.59521484375,2720.0187068468363,2672.7313229732395,2687.651200641197,229491
2024-11-29,2703.66162109375,2715.3099936477333,2683.685998163845,2686.7590405989745,209005
2024-12-02,2735.186767578125,2753.97281885457,2691.7159335070555,2725.223642559832,158213
2024-12-03,2604.27880859375,2747.3307915561136,2570.82071579206,2741.085232493993,2000610
2024-12-04,2670.8974609375,2686.0651776281206,2617.1662922820587,2627.079800964945,461387
2024-12-05,2685.866943359375,2698.6552726891696,2666.3867536707576,2690.5262440128417,138864
2024-12-06,2678.431640625,2704.3553672409403,2673.0782010860403,2689.237267536542,156480
2024-12-09,2651.169677734375,2691.963669187685,2638.331732384877,2690.526258833243,111268
2024-12-10,2705.5947265625,2714.269046612688,2658.852630189381,2663.6111627370024,172851
2024-12-11,2713.12890625,2725.025115799156,2702.0751996598406,2716.301180390641,85299
2024-12-12,2656.423828125,2713.3272699674426,2643.089965601144,2704.752181947036,180485
2024-12-13,2656.671630859375,2661.7769908458545,2602.295940771087,2637.9845708159473,208877
2024-12-16,2668.96435546875,2680.513496187539,2641.0083095949667,2656.8203074217663,100590
2024-12-17,2639.6201171875,2678.530636181534,2626.881404594117,2669.360641259373,100452
2024-12-18,2610.623291015625,2648.889531508456,2604.9230234983447,2627.0798123119043,61201
2024-12-19,2615.87744140625,2620.041066573498,2572.6050735836443,2595.406143150354,92539
2024-12-20,2574.3896484375,2641.9501145938334,2563.8316162705823,2633.969691545447,225161
2024-12-23,2572.357421875,2603.2875222483817,2549.3581288808973,2567.5988890416256,99057
2024-12-24,2579.395751953125,2609.830417522643,2558.03233416127,2571.613792780361,81879
2024-12-26,2549.0107421875,2595.3563920454544,2526.308905699697,2579.3955473683327,111832
2024-12-27,2557.4375,2582.469110378913,2547.771828665568,2552.728583196046,86248
2024-12-30,2491.859619140625,2557.6852194497396,2484.5730935061665,2557.437381734677,175823
2024-12-31,2472.7265625,2527.9447584252885,2468.46370528587,2480.359915913754,234884
2025-01-01,2476.444091796875,2494.833698860394,2462.8626332694885,2478.3771775895907,54938
2025-01-02,2493.445556640625,2497.212738196545,2456.022062846691,2476.890046202488,73027
2025-01-03,2431.486083984375,2505.490567189681,2423.852731150969,2493.4455096272936,653753
2025-01-06,2400.060302734375,2446.703406589847,2392.6747876311424,2423.8527220923365,231747
2025-01-07,2438.47509765625,2446.505135840354,2395.698408020501,2399.068903883779,147824
2025-01-08,2415.574951171875,2434.807302873958,2381.2247410404952,2434.807302873958,116130
2025-01-09,2437.236083984375,2487.4975240707445,2416.9630073474777,2432.57678335836,536319
2025-01-10,2397.829833984375,2440.8049895259946,2382.2160583212208,2433.7663017805235,196812
2025-01-13,2307.71630859375,2379.638623364449,2298.9427562440783,2359.4151616476524,166330
2025-01-14,2320.603515625,2354.1605935217863,2301.272175869415,2301.272175869415,95029
2025-01-15,2340.6787109375,2351.9800144058577,2305.3865220235284,2337.605426330458,135250
2025-01-16,2345.43701171875,2365.3136457900678,2318.1254878813834,2340.6787209931235,158998
2025-01-17,2338.3486328125,2371.311045972443,2319.760805842607,2344.5445751357975,83299
2025-01-20,2339.587890625,2353.367569948859,2307.8646649894067,2344.5446446305614,77567
2025-01-21,2328.88134765625,2384.198772998994,2323.775987635862,2344.544739352441,86692
2025-01-22,2295.472900390625,2326.3533826535886,2250.465668470755,2319.860228188891,109039
2025-01-23,2348.8076171875,2363.826485752605,2260.2799378813443,2291.507489654705,86149
2025-01-24,2272.721435546875,2356.1931285631904,2266.822946405628,2348.807613149578,128968
2025-01-27,2196.883056640625,2272.721395184414,2190.4888921888137,2272.721395184414,145212
2025-01-28,2174.875244140625,2224.591394400852,2159.063003841516,2212.695183735607,120641
2025-01-29,2257.1572265625,2262.5600401621627,2171.157542347075,2174.8751079471654,113914
2025-01-30,2253.19189453125,2290.0204820962117,2217.6518694585393,2260.2799563547023,189253
2025-01-31,2305.485595703125,2314.754580780969,2251.7541868924714,2251.7541868924714,164152
2025-02-01,2305.882080078125,2336.961026077371,2264.096738508264,2329.6745005088537,122487
2025-02-03,2310.09521484375,2360.1584305285946,2263.7991806261402,2280.106852973125,223017
2025-02-04,2321.793212890625,2334.135482068921,2287.194924405349,2320.90085194425,95172
2025-02-05,2331.211181640625,2346.1804345273763,2311.632002001073,2321.7933483962834,80112
2025-02-06,2359.315673828125,2371.211883436796,2325.361908903376,2331.211023845042,323977
2025-02-07,2330.6162109375,2379.1924021401296,2292.7962731699154,2372.302562201886,161113
2025-02-10,2268.557861328125,2335.126975470822,2251.5560486815784,2304.8907739204674,98355
2025-02-11,2192.273193359375,2273.9606493799374,2180.9718903754006,2258.64432701015,95880
2025-02-12,2183.99560546875,2219.634621213288,2131.40439285778,2192.2732401026674,170521
2025-02-13,2218.890869140625,2238.321441115926,2166.4485100257016,2184.9371051428293,192219
2025-02-14,1884.062255859375,2081.836746805939,1856.1062108080691,2032.3684371101076,5900163
2025-02-17,1882.07958984375,1933.0350477669406,1794.2954236182659,1869.6877042113838,2185516
2025-02-18,1882.8231201171875,1891.993115568594,1844.5570011390844,1885.7475567472377,501345
2025-02-19,1896.305419921875,1922.1796525042191,1871.2243164130803,1882.8230727730775,390086
2025-02-20,1948.5992431640625,1960.8920181378999,1885.4997361732549,1894.917569425181,681458
2025-02-21,1916.0333251953125,1993.2099634508022,1904.6327905996607,1956.9265471144984,350416
2025-02-24,1931.5975341796875,1946.3686861921424,1894.3723820065998,1904.930292865323,263976
2025-02-25,1906.714599609375,1945.0303334908808,1900.4691619729242,1941.0649301606243,220692
2025-02-27,1868.151123046875,1913.753263664468,1858.1385033315667,1900.5187535794385,202870
2025-02-28,1835.287841796875,1870.629402109665,1811.3466950258355,1858.7828080852705,290439
2025-03-03,1835.3870849609375,1856.4036756866378,1775.3112444766107,1838.9559240067808,191630
2025-03-04,1841.7315673828125,1863.7395067697178,1802.9696542336064,1828.0508779166807,138737
2025-03-05,1920.5936279296875,1923.0225102257132,1856.9489490188425,1861.7073606954916,211719
2025-03-06,1940.47021484375,1950.9288939011626,1913.307176835004,1919.2552820479625,140510
2025-03-07,1971.796875,1980.6694168562622,1930.2097545238282,1947.8557273525278,209244
2025-03-10,1927.38427734375,1987.608841580601,1916.4299230418837,1970.8054930511842,173961
2025-03-11,1943.1468505859375,1968.6741359416912,1905.4260219213859,1927.1861254984465,318387
2025-03-12,1940.37109375,1967.831464266198,1891.9931232000197,1945.8730184343308,171596
2025-03-13,1931.7462158203125,1959.8509878324671,1920.6431348572041,1942.0562887229169,175519
2025-03-17,1959.7518310546875,1988.4515097082121,1931.1513842940951,1952.9611021865335,226724
2025-03-18,1959.7518310546875,1959.7518310546875,1959.7518310546875,1959.7518310546875,0
2025-03-19,2007.882080078125,2027.3125329637755,1971.3508246528047,1986.6671472173134,239531
2025-03-20,2013.7310791015625,2055.7146434051288,2007.485520188505,2016.3580621064966,356550
2025-03-21,2040.001953125,2047.1396312786158,1998.7616584145062,2013.7311539826837,290375
2025-03-24,2072.8154296875,2085.653617030245,2043.4219733111515,2051.154558474664,264986
2025-03-25,2019.8773193359375,2095.6164260567334,2005.800185933362,2095.6164260567334,171309
2025-03-26,1999.2572021484375,2032.2692337165631,1983.5443154467498,2017.3989710308322,274287
2025-03-27,1973.92822265625,2014.6727174280284,1962.9737476161365,1982.9991069228572,243872
2025-03-28,1966.4434814453125,2030.2864990761955,1953.5064257273827,1977.7449051059618,227720
2025-04-01,1965.15478515625,1981.7102954972233,1928.6730264581531,1957.5213112092138,161922
2025-04-02,2015.36669921875,2020.7200181102437,1949.342755595687,1961.4868037318442,110814
2025-04-03,1987.2618408203125,2012.4421759937761,1952.5645619238683,1981.6111895201223,377054
2025-04-04,1912.26611328125,1984.18866358207,1899.5768954108867,1967.9304859528659,145164
2025-04-07,1807.926513671875,1862.1534782834588,1766.5872312455028,1766.5872312455028,321919
2025-04-08,1812.3875732421875,1858.73322542031,1795.881678422441,1848.8693328812506,193922
2025-04-09,1791.718017578125,1811.9416000582473,1770.5030842020603,1811.9416000582473,145764
2025-04-11,1916.132568359375,1924.3112133078391,1833.9991702616417,1843.912679290083,787021
2025-04-15,1917.1734619140625,1950.1853731079223,1908.3504150131776,1924.3111397358402,361118
2025-04-16,1953.4569091796875,1965.3531197405382,1916.3803620621338,1923.2207073375253,243680
2025-04-17,1942.8494873046875,1965.4522145770375,1933.1342003535167,1962.8747265128015,111568
2025-04-21,2002.231201171875,2012.4421630156378,1930.3582667784594,1958.4135433681738,324679
2025-04-22,2011.847412109375,2049.5186228877365,1991.5247199579594,1992.615181675378,248331
2025-04-23,1996.283203125,2025.5280538575614,1974.6718267177798,2022.2566685877102,129165
2025-04-24,1985.67578125,2021.1661905987646,1978.438871534598,2000.942608763561,324096
2025-04-25,1944.33642578125,2001.0416446909405,1903.3935882123387,1985.6757068694346,162712
2025-04-28,1960.8919677734375,1963.8660203029222,1926.690363684366,1933.1341441649158,103629
2025-04-29,1970.210693359375,1992.3177445919655,1958.0170295612884,1972.7881813532165,95789
2025-04-30,1918.8587646484375,1985.2792744919175,1908.5486911563976,1970.2107893212915,226352
2025-05-02,1966.0469970703125,1987.6584944431293,1919.0570626417193,1919.1561735258217,172012
2025-05-05,2002.4296875,2007.4855528375772,1972.7882716774216,1972.7882716774216,148156
2025-05-06,1938.18994140625,2004.4122238168036,1933.1340764860333,1995.0935020144318,95066
2025-05-07,1969.2193603515625,1977.744953492035,1900.419586889339,1900.419586889339,207145
2025-05-08,1887.730224609375,1991.623841239099,1870.6790385356794,1974.671766046685,161434
2025-05-09,1891.5965576171875,1901.1135016997384,1829.0423423604973,1829.0423423604973,112713
2025-05-12,1963.9652099609375,1970.607333485246,1929.466271843835,1943.0477305341105,138995
2025-05-13,1931.349609375,1981.6111683041452,1923.2205810978107,1979.6284666741474,171416
2025-05-14,1962.9737548828125,1968.8227489845094,1934.2245808039852,1939.3796777302714,157095
2025-05-15,2031.67431640625,2050.113538857483,1962.5772112054926,1972.788173271949,353717
2025-05-16,2092.642333984375,2105.6291264440083,2037.7215957653762,2065.9750939309383,344457
2025-05-19,2100.1767578125,2155.196729518232,2095.1207717090165,2108.60323996563,372045
2025-05-20,2059.729736328125,2130.3138726809734,2050.4111345901397,2113.7583608976006,193162
2025-05-21,2072.12158203125,2085.802272720105,2033.4588973182822,2077.6732438272866,127268
2025-05-22,2052.889404296875,2116.534080948154,2042.1827666291322,2072.1215141224548,346367
2025-05-23,2051.30322265625,2083.819580404234,2046.643921857536,2069.9406678801333,176598
2025-05-26,2027.5107421875,2078.664543670834,2017.3990117628466,2052.096292063436,285438
2025-05-27,2020.1748046875,2093.9312109023726,2014.4249213683424,2027.0150287210915,642885
2025-05-28,1982.80078125,2064.2898925108852,1975.7622145230898,2037.2259663045406,374741
2025-05-29,2082.233154296875,2110.486652514639,2004.0156718319313,2057.052940416155,2460546
2025-05-30,2009.765625,2081.836783331433,2002.528715394997,2081.836783331433,354683
2025-06-02,1977.447509765625,2018.5885704083855,1959.2067507741772,2007.485489194938,291382
2025-06-03,2001.9339599609375,2015.4163075151462,1973.977792973517,1988.6498341738236,171910
2025-06-04,1970.904541015625,2015.7136706877939,1965.848676036586,2006.5931705351998,217845
2025-06-05,1963.469482421875,2002.2312767128783,1957.9179418276956,1974.7709063902632,217814
2025-06-06,1923.8154296875,1975.7622382786615,1918.363000028427,1968.7236714671233,506995
2025-06-09,1935.1168212890625,1946.5173558407141,1928.871262650616,1936.9013011899058,166093
2025-06-10,1938.685791015625,1949.6897617753555,1927.5827093690436,1938.091004680007,173857
2025-06-11,1945.1295166015625,1965.2539876557184,1931.15149354625,1947.8062365575865,255541
2025-06-12,1913.6046142578125,1951.2759469534435,1909.34175715224,1948.0044407082823,149948
2025-06-13,1893.3809814453125,1906.9624394609043,1882.6743440357832,1903.3936006625634,173099
2025-06-16,1891.8939208984375,1912.2166126204343,1873.653041686525,1902.4022153420326,200053
2025-06-17,1887.5321044921875,1914.6951432240219,1877.1229200924145,1898.33785345295,146674
2025-06-18,1894.7689208984375,1907.8547036635146,1878.6098536982904,1897.2472980141345,163538
2025-06-19,1863.144775390625,1905.772861110042,1853.8260533792932,1904.8806211595252,188660
2025-06-20,1878.2132568359375,1883.5665755166226,1848.869296493948,1863.2438835176276,135037
2025-06-23,1862.3516845703125,1874.1487839006502,1857.4940411972902,1863.7395999646772,99010
2025-06-24,1881.88134765625,1891.497402396804,1867.308417702036,1878.6098414790063,113116
2025-06-25,1927.8800048828125,1932.142862065879,1883.6657799076038,1885.5493707795288,211646
2025-06-26,1952.366455078125,1957.1248667124364,1927.1861184225818,1944.9313234484082,168289
2025-06-27,1967.434814453125,1972.7881330875196,1939.0822051855218,1961.8832740604025,208188
2025-06-30,1969.9132080078125,1977.7449037594351,1948.0043788908722,1972.7881496146747,150347
2025-07-01,1942.2545166015625,1984.1887055238064,1931.448889261177,1972.8872817490983,173913
2025-07-02,1977.6458740234375,1994.597949691171,1942.9485935864639,1942.9485935864639,298691
2025-07-03,1954.0516357421875,1990.6325063009176,1950.9784723108596,1977.744945254149,199256
2025-07-04,1946.219970703125,1970.805520572815,1934.8194357501131,1957.9179593215845,94339
2025-07-07,1962.874755859375,1968.6246394086065,1929.1688257082544,1951.8707852188234,214403
2025-07-08,1961.8834228515625,1980.6199789856903,1952.9612647890742,1970.8055809140506,119221
2025-07-09,1963.568603515625,1972.8873258192295,1958.9093028710777,1967.8314606270694,101489
2025-07-10,1966.6419677734375,1973.1848595236681,1953.2587305965735,1963.86613684206,96248
2025-07-11,1970.904541015625,1982.2059645663912,1954.943817016716,1954.943817016716,130857
2025-07-14,1947.60791015625,1970.9046557825557,1942.6511557676743,1970.9046557825557,61975
2025-07-15,1958.5126953125,1978.7362766515191,1949.3923159902497,1949.3923159902497,87897
2025-07-16,1942.452880859375,1971.7968418340947,1939.0822637644492,1969.8141401329042,93701
2025-07-17,1943.245849609375,1952.6636824994598,1939.8753535971596,1943.04762784907,65912
2025-07-18,1932.043701171875,1946.715621184208,1921.7336281001358,1945.0303731402973,70876
2025-07-21,1919.8499755859375,1934.323673368432,1911.3243827289477,1922.2292417590404,73008
2025-07-22,1911.126220703125,1936.1082137652606,1904.880661930337,1929.1687578019444,57672
2025-07-23,1910.3331298828125,1921.3371003564537,1903.0962201131554,1911.1262589860253,69708
2025-07-24,1906.16943359375,1929.0696136751433,1897.4454978415497,1918.2638653727265,75569
2025-07-25,1886.1441650390625,1906.8634226883842,1881.5839751819876,1906.1695254763663,77431
2025-07-28,1841.1368408203125,1888.9200267505257,1836.973215451215,1885.4502986047733,112325
2025-07-29,1849.166748046875,1872.5626033869587,1834.9903827993492,1848.3736189785989,102842
2025-07-30,1872.2652587890625,1900.1221944781828,1854.817507401232,1863.7396653737658,95813
2025-07-31,1824.482177734375,1863.7396482499287,1819.1288587971378,1848.8693850989985,148957
2025-08-01,1804.060302734375,1839.748932889243,1796.9225040946976,1819.1287870606277,101500
2025-08-04,1809.236572265625,1826.159280231796,1791.9156586324823,1811.8247268279777,95906
2025-08-05,1816.7025146484375,1828.6479558406465,1800.7752597254923,1822.8742773249542,60147
2025-08-06,1804.25927734375,1826.557457681294,1795.7979234913792,1826.557457681294,47405
2025-08-07,1815.8065185546875,1822.2769656401408,1785.8433955851112,1791.8161159716835,62572
2025-08-08,1797.58984375,1822.973906091438,1793.8070721282888,1816.702500906841,40791
2025-08-11,1837.2088623046875,1846.3671069503253,1785.8434886076634,1797.5898879192353,74630
2025-08-12,1855.6246337890625,1862.1946018380254,1818.792858482261,1851.0455725134402,85670
2025-08-13,1864.782958984375,1868.46608806917,1838.6024851698226,1857.4165792994736,64615
2025-08-14,1848.1588134765625,1862.5928882087635,1766.9298379073757,1791.81617365255,474235
2025-08-18,1802.2684326171875,1846.4665891534466,1796.7934387594717,1841.6883640896795,717730
2025-08-19,1805.354248046875,1821.5801869481586,1802.7660935298493,1811.1279263285765,96708
2025-08-20,1806.44921875,1812.5215816430034,1800.8747040674468,1805.354244323744,100649
2025-08-21,1802.567138671875,1808.1416536356382,1796.7934601108232,1806.7479945158693,143239
2025-08-22,1796.992431640625,1814.4128661655077,1793.8070293621981,1802.7661099749948,74663
2025-08-25,1821.8787841796875,1832.6297296244554,1795.7979534179888,1796.7934068289744,72758
2025-08-26,1835.2178955078125,1857.516076354465,1798.5852826668138,1815.9060749125338,130949
2025-08-28,1801.4720458984375,1833.6252406903932,1795.7980098835337,1826.6570665943927,84644
2025-08-29,1779.771240234375,1815.109837563958,1776.8844009381914,1803.7616439775927,113754
2025-09-01,1780.7666015625,1797.7888303038437,1757.9706945274572,1791.8161099373858,374880
2025-09-02,1750.803466796875,1799.779724862907,1742.1429494151764,1797.7888180876162,345475
2025-09-03,1754.28759765625,1768.422987509249,1737.7629737946058,1764.8393795268994,286344
2025-09-04,1741.4462890625,1771.9071403177081,1738.0617230307405,1771.9071403177081,118185
2025-09-05,1741.5457763671875,1761.9525716890093,1740.0525962216884,1755.4821243918464,115300
2025-09-08,1737.3648681640625,1754.6856601171794,1734.0798233369221,1749.608872078669,118065
2025-09-09,1731.1929931640625,1753.9889004525749,1726.0166840616992,1744.0343663977928,252881
2025-09-10,1729.8990478515625,1772.8030670906096,1727.1117295953698,1741.5458045689334,448365
2025-09-11,1741.4462890625,1756.9753385734577,1732.5867290578487,1743.038990278824,240984
2025-09-12,1741.645263671875,1768.6220268082968,1740.052562517255,1742.1429903774003,181602
2025-09-15,1738.658935546875,1751.2016244546849,1735.0753275039738,1747.9167010467384,141177
2025-09-16,1779.1739501953125,1787.635304284446,1744.631643534017,1747.9166884335696,901143
2025-09-17,1836.5120849609375,1857.3170862642437,1792.811654422913,1792.811654422913,661105
2025-09-18,1806.6484375,1840.5933748422162,1798.2866044632037,1838.303783368522,184887
2025-09-19,1797.490234375,1829.4443871245458,1776.8843967000657,1811.6257461823059,416791
2025-09-22,1803.0648193359375,1823.5711353834715,1796.8929352532716,1797.7888676299033,144273
2025-09-23,1812.8201904296875,1823.670656960297,1797.490183529907,1814.4128915912197,138134
2025-09-24,1860.900634765625,1895.7415042243763,1801.7706777239966,1821.6797459861402,650500
2025-09-25,1853.4346923828125,1891.3614422640999,1835.616052386842,1862.4932939348057,228339
2025-09-26,1839.99609375,1847.1633096429127,1829.9420386863585,1846.566061904388,295582
2025-09-29,1825.2633056640625,1844.77416774154,1820.4852023167875,1841.4892444744082,124628
2025-09-30,1826.756591796875,1851.4438858279245,1818.7929642404479,1831.5348169368565,88652
2025-10-01,1833.12744140625,1836.014280577668,1819.290614803136,1826.756515324747,58353
2025-10-03,1843.3807373046875,1849.552500055043,1833.1275182192473,1833.1275182192473,67837
2025-10-06,1835.4171142578125,1851.0456847702096,1813.716180506223,1843.480262875771,148270
2025-10-07,1793.8070068359375,1834.4215537100436,1776.8842992242776,1831.6342356149416,157967
2025-10-08,1787.1375732421875,1806.747957006882,1773.9975151911333,1790.820702289466,99615
2025-10-09,1772.7034912109375,1786.8388811071657,1764.042973585522,1786.8388811071657,112233
2025-10-10,1781.164794921875,1783.852470462096,1750.0070552859179,1763.943402711403,200353
2025-10-13,1764.3416748046875,1780.567492723292,1758.966202006529,1767.0293504461115,103060
2025-10-14,1751.7989501953125,1771.6083757365748,1743.138432665247,1765.0384075686234,75030
2025-10-15,1760.4593505859375,1771.4093380648435,1745.228864850063,1751.9979966249646,67528
2025-10-16,1767.3280029296875,1783.852505181319,1753.9889029740423,1765.8348228193238,115300
2025-10-17,1762.151611328125,1770.8121290692109,1754.9843952457811,1765.9343829642744,70386
2025-10-20,1750.703857421875,1771.9070635866476,1747.0207284239136,1756.9752624890073,80100
2025-10-21,1762.5498046875,1773.7984769622074,1756.9752898273705,1764.9389172033586,25462
2025-10-23,1757.771728515625,1771.907118721775,1755.1834523659165,1766.9298515343544,84849
2025-10-24,1749.1112060546875,1766.92984684139,1742.143032010806,1758.8666983222465,91215
2025-10-27,1739.853515625,1756.5770599751793,1732.0889304341717,1744.0343713337177,136031
2025-10-28,1743.63623046875,1780.7666925842316,1737.2653041158246,1739.8535802858319,113353
2025-10-29,1739.853515625,1754.3871110830528,1733.582110546615,1750.0070917834908,92873
2025-10-30,1732.0889892578125,1754.4866917051118,1729.9985613324604,1742.0435236788344,92454
2025-10-31,1720.541748046875,1741.8444759417666,1717.1571820516526,1733.980369471627,176334
2025-11-03,1728.50537109375,1734.0798860339655,1718.0531100126038,1721.0394703215027,63822
2025-11-04,1743.934814453125,1761.9524964698974,1719.148000792945,1728.5052869416656,138600
2025-11-06,1724.623046875,1742.0434816919192,1707.2026120580808,1738.0616680194805,114411
2025-11-07,1712.777099609375,1731.49167217781,1709.1934916643343,1731.49167217781,69374
2025-11-10,1713.3743896484375,1727.8084643374284,1703.220813300927,1712.677620855783,85948
2025-11-11,1717.356201171875,1727.111693348498,1710.1889851139595,1713.3743874696306,83267
2025-11-12,1718.152587890625,1732.0889356487182,1714.7680219891693,1732.0889356487182,71092
2025-11-13,1714.270263671875,1722.0348487428978,1693.564906007992,1697.2480349557322,125497
2025-11-14,1733.0843505859375,1737.5638908373082,1703.7184756047284,1714.2702572271185,121913
2025-11-17,1722.43310546875,1740.749351229554,1714.6685201675277,1732.984887443642,103875
2025-11-18,1698.7412109375,1726.7134269082997,1693.2662172895914,1722.1343656149284,121850
2025-11-19,1703.6190185546875,1710.1889868670635,1688.3885325218657,1698.741272461376,124688
2025-11-20,1696.55126953125,1722.1343731740128,1693.266224721963,1707.2025722505389,97605
2025-11-21,1684.108154296875,1705.609923990101,1680.325382672885,1697.2480909107046,60156
2025-11-24,1617.9105224609375,1684.1081761318567,1612.7340916707158,1675.3481372655199,264808
2025-11-25,1573.3140869140625,1620.0008753273862,1567.8390932550765,1617.9104475061074,288615
2025-11-26,1562.3641357421875,1587.748197839305,1557.884595372108,1567.8391295278404,189341
2025-11-27,1552.5091552734375,1582.7709640463163,1550.5182484004233,1562.9614163567621,153084
2025-11-28,1551.513671875,1561.766890679144,1547.9300638758414,1550.9164241276917,103019
2025-12-01,1538.77197265625,1569.7305502667332,1533.2969787487098,1557.7851090139181,183204
2025-12-02,1517.668212890625,1538.771897651118,1508.1118846572444,1538.771897651118,174213
2025-12-03,1515.77685546875,1523.0437139518988,1507.1164594269117,1516.0755400972168,89894
2025-12-04,1526.8265380859375,1540.9619283575105,1507.1165113264024,1512.7905473401984,100438
2025-12-05,1561.866455078125,1573.5132117775536,1535.9846655102274,1535.9846655102274,462994
2025-12-08,1537.5772705078125,1566.8436242602065,1528.020942337622,1566.8436242602065,125962
2025-12-09,1519.360595703125,1541.8578185758424,1513.1887116218227,1537.5773202858315,151335
2025-12-10,1521.550537109375,1538.5727661164672,1519.161424622432,1523.9396495963178,47082
2025-12-11,1525.7314453125,1532.9983040612533,1510.102874844754,1522.0483161751015,52253
2025-12-12,1521.6500244140625,1539.1699797377325,1518.0664165207468,1539.1699797377325,69400
2025-12-15,1568.0382080078125,1581.2777873484254,1518.1660150328414,1523.8401725425238,174868
2025-12-16,1588.1463623046875,1596.4085525304001,1543.052275143047,1557.8845549533316,139503
2025-12-17,1593.024169921875,1598.2004791429342,1568.8346030079504,1594.7163921438682,91857
2025-12-18,1575.3050537109375,1625.1772462741742,1572.816420134775,1593.02417337934,224842
2025-12-19,1659.4208984375,1677.3390605082109,1567.8391811872,1575.3050820499964,683067
2025-12-22,1672.560791015625,1676.2440415861613,1639.5117860117969,1655.239998685308,140516
2025-12-23,1686.8953857421875,1690.2799517625604,1653.4481742506553,1672.2622686881775,133560
2025-12-24,1732.586669921875,1734.9757824224737,1676.9407996845225,1677.6376899846564,343799
2025-12-26,1757.17431640625,1761.8530203575601,1712.5780764032702,1722.134404867101,244687
2025-12-29,1744.034423828125,1791.816188864512,1734.3785740831468,1757.1743606070065,350797
2025-12-30,1726.4149169921875,1744.0343939412924,1710.1889776205137,1742.0434870988936,122549
2025-12-31,1723.82666015625,1741.9439855338064,1718.1526241981053,1732.1884932908674,57666
2026-01-01,1693.56494140625,1729.600306377605,1687.393057331861,1723.8266279717748,66231
2026-01-02,1703.3203125,1709.989923283407,1687.3930578749932,1698.7412510983725,52890
2026-01-05,1662.4072265625,1709.8903065234601,1654.7422837647134,1703.3203381945987,128751
2026-01-06,1618.1094970703125,1664.5971221111804,1609.648143194522,1662.3076522069155,123335
2026-01-07,1632.3446044921875,1643.3941134067948,1607.6573104988356,1617.611844929169,71622
2026-01-08,1608.752197265625,1661.4117058338825,1599.5940746951917,1633.0412842543344,103270
2026-01-09,1588.1463623046875,1608.7521988663184,1579.7845295277555,1597.702690543193,80778
2026-01-12,1567.142333984375,1587.748170728776,1547.9300347857345,1587.748170728776,87568
2026-01-13,1564.056396484375,1596.7073179258923,1557.8846337618588,1572.8164353634102,67328
2026-01-14,1556.88916015625,1576.7982287004475,1553.3055521213566,1560.8709738650896,58920
2026-01-15,1556.88916015625,1556.88916015625,1556.88916015625,1556.88916015625,0
2026-01-16,1539.369140625,1562.662774163662,1537.9754815813474,1552.907282373399,65021
2026-01-19,1528.6182861328125,1540.0660007525132,1521.2519063353336,1533.9937590399086,59157
2026-01-20,1596.1099853515625,1619.602660986598,1514.0846019426035,1530.111377173583,1653279
2026-01-21,1583.5673828125,1596.010550827071,1554.8982751008032,1596.010550827071,203624
2026-01-22,1592.924560546875,1611.5396129531016,1573.6128608477595,1573.6128608477595,122336
2026-01-23,1556.490966796875,1607.6572976633404,1543.948277817858,1590.8341103073303,50860
2026-01-27,1548.3282470703125,1560.8709356429533,1519.6591404625842,1542.95277439195,93984
2026-01-28,1563.2601318359375,1578.789181448764,1535.5864771489316,1545.5410117103993,70594
2026-01-29,1574.707763671875,1586.75272555401,1548.1290848829588,1567.0426995539287,83850
2026-01-30,1635.0322265625,1666.389008989726,1554.3009792830846,1574.7077741960413,247998
2026-02-02,1612.236328125,1617.2135952046126,1557.0881845798324,1582.8704523552867,87567
2026-02-03,1649.6654052734375,1692.1713404084628,1636.525468367126,1692.1713404084628,124811
2026-02-04,1618.706787109375,1649.765006821383,1601.78407891553,1649.6653642668177,123960
2026-02-05,1599.49462890625,1627.168161506363,1594.7164038093108,1612.634565649865,58975
2026-02-06,1609.9468994140625,1624.4804953557264,1578.1919103297143,1592.7255062713782,68055
2026-02-09,1670.370849609375,1678.3344770211002,1610.6436440214354,1610.6436440214354,201968
2026-02-10,1701.9266357421875,1730.894427002826,1674.2531040278227,1678.931686419206,182522
2026-02-11,1665.194580078125,1726.116282623414,1654.1449495688037,1717.1572015717354,122536
2026-02-12,1649.7650146484375,1677.4385470345965,1631.5481683119237,1677.3390259948696,100761
2026-02-13,1634.33544921875,1655.3394917648334,1572.8163801729506,1620.5981436212428,156667
2026-02-16,1615.421875,1634.2358476169622,1594.417710412282,1634.2358476169622,78997
2026-02-17,1643.5931396484375,1656.633555323429,1604.6709347040262,1604.6709347040262,89957
2026-02-18,1637.22216796875,1649.7649780945028,1618.8062799608244,1644.4890264374603,50312
2026-02-19,1632.3446044921875,1662.1085652266338,1625.5754724734356,1646.4799947771355,71493
2026-02-20,1596.707275390625,1641.0049522951654,1587.7481946683583,1630.552691452521,55745
2026-02-23,1609.25,1621.991852584276,1596.7073110120698,1596.7073110120698,63649
2026-02-24,1581.17822265625,1605.765873306815,1573.2145953666345,1605.6663522687563,63380
2026-02-25,1574.5086669921875,1592.7255136608085,1566.8437240638202,1591.6305391732292,45615
2026-02-26,1586.7528076171875,1598.0014802672745,1559.17879551378,1567.8391919680491,70237
2026-02-27,1573.51318359375,1586.4540781459093,1558.8800668216634,1586.4540781459093,112234
2026-03-02,1538.8714599609375,1560.5722715186266,1505.1255648584695,1505.1255648584695,87884
2026-03-04,1482.0311279296875,1519.0619472378805,1454.456994772473,1515.0801334836528,171688
2026-03-05,1528.9168701171875,1561.8663526807504,1478.3477898245249,1482.0310402384364,267261
2026-03-06,1516.7723388671875,1536.5818863773895,1503.7319232700722,1526.5278310627575,84409
2026-03-09,1471.2801513671875,1503.1346607337302,1453.3619898485074,1488.1033384294549,162248
2026-03-10,1483.3250732421875,1502.6368933256513,1469.5878893591262,1483.1260311701617,95216
2026-03-11,1482.827392578125,1498.057878535405,1475.3614919157935,1486.2119585147773,70652
2026-03-12,1473.768798828125,1489.0988059085955,1448.882463150514,1463.3165378435283,82431
2026-03-13,1441.814697265625,1478.8455143279698,1435.4437713421826,1455.3528389058745,95726
2026-03-16,1385.3724365234375,1438.430150903366,1377.2097673182054,1433.452883945223,209728
2026-03-17,1388.060302734375,1409.4625517205147,1384.6757367311789,1384.6757367311789,84390
2026-03-18,1406.8743896484375,1423.4984134228453,1381.5898480719904,1388.5580221237105,132495
2026-03-19,1377.1102294921875,1397.6165448066602,1375.2188437680918,1397.6165448066602,104769
2026-03-20,1383.9788818359375,1425.389718111428,1373.7256634231067,1393.5352099740805,137812
2026-03-23,1311.5098876953125,1376.513044966715,1306.0348938567363,1373.7257267700427,195886
2026-03-24,1315.49169921875,1349.7353212918651,1295.084904036015,1343.8621217898694,319164
2026-03-25,1363.2734375,1375.3183993917173,1326.2426194577113,1331.4189285551295,376366
2026-03-27,1339.6812744140625,1382.2866082997782,1322.758566107676,1363.2734720939004,809673
2026-03-30,1280.949462890625,1335.0025087222316,1274.1803312746065,1323.9530004650208,290832
2026-04-01,1346.052001953125,1351.5269955029519,1304.3426028494148,1323.8534646511914,93708
2026-04-02,1371.4361572265625,1376.5130669885307,1296.5781070603728,1333.8080900613684,132396
2026-04-06,1381.6893310546875,1385.2729390223728,1338.8848344874314,1383.6802378717694,95527
2026-04-07,1383.1824951171875,1402.7928784317617,1365.1648129347352,1385.7706496462993,262543
2026-04-08,1416.2315673828125,1464.8097440976467,1405.9784698100393,1443.407495033359,201536
2026-04-09,1416.5302734375,1442.5115844378233,1405.5802853786015,1427.4802614963985,68600
2026-04-10,1455.05419921875,1496.6642003179156,1419.118355459639,1420.7110566108563,294708
2026-04-13,1466.7010498046875,1476.854625781242,1399.7069880207046,1419.1183291346463,220572
2026-04-15,1515.6773681640625,1537.278780503524,1483.225610650214,1495.171051809813,292054
2026-04-16,1526.726806640625,1537.8759574521123,1501.2432243098485,1537.8759574521123,189706
2026-04-17,1531.10693359375,1559.477357038298,1523.043784917836,1534.2924575563616,385762
2026-04-20,1528.419189453125,1538.97097129217,1503.3336906211955,1536.9800644729046,121763
2026-04-21,1637.32177734375,1647.176668649564,1534.989120691526,1540.961841005501,622735
2026-04-22,1737.56396484375,1759.961667054569,1614.7249870822411,1629.2585828804213,800958
2026-04-23,1724.0257568359375,1771.9070407693976,1700.234396423669,1731.5911783249253,334195
2026-04-24,1682.614990234375,1730.9940028851865,1667.981751826794,1715.5644746385806,129232
2026-04-27,1677.239501953125,1709.2930536676915,1672.859482575186,1682.6149747571726,100643
2026-04-28,1674.949951171875,1686.298144808359,1667.0858446114416,1677.3390637556581,62779
2026-04-29,1716.26123046875,1750.007125972302,1672.5608006877674,1674.949913217413,275307
2026-04-30,1729.0030517578125,1750.0070944012043,1701.7276040266547,1704.0171954752825,258917
2026-05-04,1744.3331298828125,1760.0612214912135,1717.7544498457994,1741.944017298597,153713
2026-05-05,1763.2467041015625,1768.9207400301436,1727.3107381695118,1727.3107381695118,170927
2026-05-06,1813.31787109375,1825.4624753620913,1758.9661402976315,1776.884301319339,333528
2026-05-07,1845.9688720703125,1851.5433869969183,1804.3588699284508,1816.7025168114924,371083
2026-05-08,1867.37109375,1879.4160558216424,1833.6251985293777,1845.9688452329633,254014
2026-05-11,1855.126953125,1886.384214545062,1806.0511728536728,1856.520612203979,311146
2026-05-12,1839.8966064453125,1889.2710718186147,1775.391176165229,1845.9688480097066,333512
2026-05-13,1847.959716796875,1866.2760836672098,1795.5988922391443,1831.6342567273307,165337
2026-05-14,1831.8333740234375,1869.3620416685965,1786.8389270840478,1848.5570404429398,181332
2026-05-15,1818.09619140625,1851.244718127229,1793.8071031099123,1851.244718127229,119062
2026-05-18,1740.55029296875,1827.0552188783226,1710.1889638663497,1801.770677880147,322808
2026-05-19,1797.58984375,1851.543370787246,1752.097549311256,1760.4593823856153,397231
2026-05-20,1815.70703125,1842.584273488898,1772.703492273887,1788.3320623029742,199127
2026-05-21,1777.1829833984375,1846.3669939109932,1750.4052629401567,1817.6978877111785,229989
2026-05-22,1731.889892578125,1811.7252075118074,1725.1207607791002,1795.4992683109353,215366
2026-05-25,1737.962158203125,1756.1788829629752,1732.1884797346831,1738.658926994177,101746
2026-05-26,1719.24755859375,1750.803504572143,1714.9671818437052,1747.916665382624,107415
2026-05-27,1707.0035400390625,1732.0889171292947,1688.288967500738,1729.1025569273477,142911
2026-05-28,1707.0035400390625,1707.0035400390625,1707.0035400390625,1707.0035400390625,0
2026-05-29,1674.3526611328125,1724.9217437374784,1648.7695567121157,1708.994488934788,188681
2026-06-01,1662.5067138671875,1675.5471292204518,1642.7968092805515,1667.3844598737605,111984
2026-06-02,1678.8321533203125,1687.2935071911827,1629.8558948150453,1642.498104345399,65617
2026-06-03,1691.17578125,1710.985327928271,1666.0902830214552,1678.9316559999038,87044
2026-06-04,1669.07666015625,1703.4198023118543,1662.407171010415,1691.1757984525188,35584
2026-06-05,1672.4613037109375,1708.1981065841462,1667.3845154594667,1682.316317090447,58651
2026-06-08,1657.23095703125,1663.9999676019336,1630.0550291603442,1662.4072663803206,84762
2026-06-09,1670.6695556640625,1677.1400030190507,1637.5209075316136,1667.384510708482,74996
2026-06-10,1657.1312255859375,1694.2616859944055,1649.5658040525961,1684.3071519991388,69608
2026-06-11,1605.069091796875,1657.1312318806984,1600.6890725192582,1643.5930898987713,49274
2026-06-12,1662.3077392578125,1677.6377466798065,1622.4896012865627,1622.5891223284282,121379
2026-06-15,1659.1221923828125,1697.1485865290415,1645.8827345995219,1692.171319351418,96136
2026-06-16,1633.8377685546875,1673.2577002072476,1630.5527236189278,1662.4072334820569,71628
2026-06-17,1607.9559326171875,1651.755882407621,1602.6799809681258,1642.2990750665047,115927
2026-06-18,1650.6607666015625,1664.7962776822271,1605.666321873113,1611.9377268510898,203931
2026-06-19,1636.923583984375,1684.6058258188975,1627.2676131617218,1660.3167387231922,248472
2026-06-22,1663.900390625,1681.3208254655249,1623.5845271369278,1642.5976631455246,289024
2026-06-23,1630.453125,1678.334408556712,1612.6344850900794,1678.334408556712,155166
2026-06-24,1637.719970703125,1647.4754631393203,1608.652778509451,1617.6118595778826,144639
2026-06-25,1615.023681640625,1648.0726871664078,1609.0509610143765,1644.2900370123045,90108
2026-06-26,1615.023681640625,1615.023681640625,1615.023681640625,1615.023681640625,0
2026-06-29,1556.5904541015625,1610.643623061352,1544.9436977696034,1607.9559474509952,166880
2026-06-30,1539.369140625,1568.9340575871404,1534.0931890723525,1557.884549304083,104910
2026-07-01,1541.75830078125,1565.2509771182533,1527.0255416042378,1549.3237224470226,404250
2026-07-02,1565.2509765625,1577.6941442699808,1537.8760076060419,1552.708287816421,166533
2026-07-03,1551.0159912109375,1595.8113963185237,1545.9392029351404,1569.0336742955928,126571
2026-07-06,1594.9154052734375,1616.5168171847363,1551.015934185107,1551.015934185107,256779
2026-07-07,1605.765869140625,1616.417293522036,1592.7254537907747,1602.7795089147673,150770
2026-07-08,1564.156005859375,1605.367680193162,1542.9527994288417,1602.6800045680227,199541
2026-07-09,1613.8289794921875,1627.466763778713,1564.2554738180402,1564.2554738180402,202711
2026-07-10,1636.525390625,1661.710410266897,1619.6026828144009,1619.6026828144009,153220
2026-07-13,1659.619873046875,1672.3617252741346,1605.9650315732433,1618.6072412474662,151399
2026-07-14,1661.71044921875,1700.134927080456,1639.213104625057,1656.3349764263162,314981
2026-07-15,1689.284423828125,1732.088920130193,1661.7104131884973,1670.3708091830251,450134
2026-07-16,1733.880859375,1755.9798772512888,1688.6872486619552,1697.2481239872152,387052
2026-07-17,1700.2344970703125,1746.9212883011257,1688.9858244496118,1746.9212883011257,153400
2026-07-20,1682.017578125,1707.2025980019394,1675.348088884702,1694.2617036730617,78757
2026-07-21,1700.5330810546875,1718.6502842138073,1672.4612224433145,1681.3207819502582,184795
2026-07-22,1688.2889404296875,1708.1980081234337,1673.8548663517213,1696.3520885425935,95795
2026-07-23,1646.2808837890625,1687.2935153193146,1640.5072054550033,1672.461235335865,124390
2026-07-24,1642.0999755859375,1655.9368027493645,1627.0686528968056,1639.5118209367017,91731
2026-07-27,1678.9000244140625,1698.800048828125,1659.0,1664.0,95397
2026-07-28,1651.300048828125,1694.800048828125,1647.0,1685.0999755859375,75838
2026-07-29,1674.5999755859375,1686.300048828125,1652.199951171875,1654.5999755859375,54921
2026-07-30,1643.9000244140625,1681.4000244140625,1635.0,1679.9000244140625,114821
2026-07-31,1662.199951171875,1671.0,1645.5,1652.0,137803
2026-08-03,1713.800048828125,1725.0,1656.0999755859375,1667.0,179743
2026-08-04,1717.699951171875,1753.5,1710.4000244140625,1720.0,280960
