Date,Close,High,Low,Open,Volume
2021-08-25,880.107421875,888.9395537440947,875.1544703021865,884.1800888353742,2220705
2021-08-26,871.3140869140625,881.2586645071249,868.0056831767041,880.1074866714339,2408595
2021-08-27,890.0908203125,892.0739259686972,871.7977968954441,871.7977968954441,2816975
2021-08-30,905.0464477539062,909.3319091340318,885.7376340445949,893.6604325082718,3141835
2021-08-31,910.1154174804688,913.539901264217,899.754817418646,905.0560687595973,3227635
2021-09-01,921.6078491210938,925.670833099602,906.8167169303728,916.8773744958031,2814755
2021-09-02,940.2298583984375,948.8781877278724,930.6141546878301,930.8076413728339,6299320
2021-09-03,947.7463989257812,949.8165352777315,940.7329344943603,943.4222046356077,2156575
2021-09-06,951.11279296875,956.4043023412901,942.5031376051586,955.765861247279,3080995
2021-09-07,947.533447265625,953.0474926053759,939.4268458772697,950.9289405185605,2101070
2021-09-08,950.2131958007812,955.7659154577407,940.5394517172009,950.9290434159504,2500145
2021-09-09,950.3582153320312,952.3703705252819,943.596278028946,945.1247460440779,1812055
2021-09-13,954.1021118164062,957.1589891341289,942.8224925356404,953.6184245858656,1493265
2021-09-14,953.976318359375,965.246195049622,952.6219705389872,957.6813199170233,1549905
2021-09-15,960.138427734375,962.5374972757653,951.6835851952695,955.1854756879812,1601600
2021-09-16,954.2083129882812,966.6970887382646,951.2287837274114,963.6982521419549,1482575
2021-09-17,945.0376586914062,959.2000334719945,942.0388217972501,954.4115185881009,2274150
2021-09-20,923.8328247070312,945.2311406900102,918.6573955316351,943.1899949739739,1660330
2021-09-21,939.059326171875,941.0617982518174,918.0866564046352,922.6333278631628,1701950
2021-09-22,937.6469116210938,943.9251614143307,931.0106790146267,939.1656963653987,1253645
2021-09-23,928.1570434570312,941.9517525125566,922.8751580889137,941.6228782880643,2800365
2021-09-24,926.8123779296875,932.7616949313789,924.4326157027032,929.8402644580143,1258075
2021-09-27,927.0639038085938,929.7725402570779,915.7165622096416,928.1570415787787,1130285
2021-09-28,935.0931396484375,939.1464408270452,919.9924391337371,930.5948249811674,1527230
2021-09-29,944.3508911132812,952.4574932231563,927.0639154913971,935.0640615450725,3275350
2021-09-30,944.2927856445312,964.4721998479592,941.3423057687098,946.0727213339613,3880075
2021-10-01,958.8324584960938,961.570144554618,938.788489457692,938.9335601900187,1710665
2021-10-04,975.6357421875,982.2719753500545,957.7006423234101,958.6680167095953,3801765
2021-10-05,974.0685424804688,977.0480719450128,961.5700826864779,974.552229644798,1774235
2021-10-06,958.9776611328125,975.5391072398072,949.3425902116167,970.7602750239245,2646320
2021-10-07,946.3049926757812,965.420320982862,944.7282266650551,962.7116843701654,1719870
2021-10-08,938.1984252929688,957.0525431273845,932.74241944121,949.3135478348524,1741550
2021-10-11,946.9337768554688,952.1866127769125,934.077392299262,942.2226682377876,3440320
2021-10-12,950.0196533203125,959.0549557430704,939.5139820330146,948.0268645178757,1427440
2021-10-13,953.5313110351562,956.9268047555681,946.1115656366801,949.7682103052276,1207980
2021-10-14,959.3839111328125,969.2414589709095,950.745264527815,952.6703302032646,1460300
2021-10-18,943.6736450195312,962.5277609865919,941.380972614698,956.733198282231,1668255
2021-10-19,929.0276489257812,951.8963935261397,926.7446595508555,948.9942703751453,2698595
2021-10-20,919.7603149414062,937.2794521942739,912.8145143787337,928.8826489893626,1580485
2021-10-21,899.9774169921875,926.5124889591067,889.9844231865228,924.8099006155607,2584000
2021-10-22,897.2300415039062,906.9715084572804,888.6784851708316,900.6255349764504,1814980
2021-10-25,904.7174682617188,909.1383759984793,877.7954833922729,899.8322397444322,1380835
2021-10-26,902.7923583984375,909.099657561585,897.1429257004644,908.364443666023,1363565
2021-10-27,902.1153564453125,914.7492645139704,899.0874696661238,900.7223348630536,1929040
2021-10-28,884.1705322265625,907.3391612774051,880.5138876402183,904.4950781352046,1341975
2021-10-29,901.438232421875,951.4804937683075,875.6770461247428,888.6301451218942,9725820
2021-11-01,928.9599609375,935.4413813631407,895.6049098151569,906.4298319415059,3383505
2021-11-02,918.2510986328125,929.4533107049618,913.5884059884465,928.6503734215538,2046660
2021-11-03,923.1943359375,928.3407743193103,919.6924456810247,920.7468506076835,1862160
2021-11-04,922.1302490234375,926.4834336752305,919.7795363967307,923.8425205471733,104180
2021-11-08,926.5027465820312,930.6431369751467,909.5446465650977,920.9403442924498,1191260
2021-11-09,927.1992797851562,935.4510114641433,923.9005591780029,926.7446421744047,1249435
2021-11-10,934.3578491210938,938.3434266786797,923.6490080912439,925.6031231522179,1711170
2021-11-11,931.5718994140625,938.227440262519,925.5838492887284,934.6771926118666,1586300
2021-11-12,937.0471801757812,942.2226092889375,931.5814915248941,938.3531119201945,1166710
2021-11-15,942.9288940429688,947.8334896692531,935.0738181051158,936.6119694848495,1337395
2021-11-16,932.0845336914062,948.2203304367041,928.166620418336,948.2203304367041,1679855
2021-11-17,922.5462646484375,933.4872669917143,919.0250666281895,932.084621315892,983295
2021-11-18,903.8081665039062,922.4301228711735,899.8709457867084,920.9017138990909,1168320
2021-11-22,891.454833984375,907.319737970649,886.4244755325925,904.775538695002,910090
2021-11-23,896.1659545898438,901.9508344141797,880.6008750355488,889.9844182102302,1063495
2021-11-24,889.6071166992188,900.354631615986,887.3918506813851,895.5758589829366,996290
2021-11-25,888.3592529296875,908.5580348258928,887.0823116553473,892.6930712834384,2726870
2021-11-26,919.1797485351562,932.5488690754199,885.3700033506758,886.1149004907518,5361365
2021-11-29,908.8675537109375,945.124724876659,902.6763343521404,938.3531045346564,4500925
2021-11-30,904.6594848632812,918.6671060734471,899.6581758374084,912.0212487883495,3589115
2021-12-01,891.2130126953125,911.7309854780121,888.0496795831586,908.5580282189029,2127105
2021-12-02,902.1249389648438,903.3341569032567,891.7353478850147,891.8997849923624,1163740
2021-12-03,889.3071899414062,902.3667431053651,886.6952674998461,900.0837539079655,2738865
2021-12-06,870.3853759765625,891.7740083836238,867.5993331642517,891.7740083836238,1336375
2021-12-07,874.6419067382812,880.3107065682965,859.2799964979553,874.5064601513626,2662500
2021-12-08,884.3156127929688,887.9916235570718,875.9091272316732,875.9091272316732,979280
2021-12-09,888.8719482421875,893.4573525178195,883.2805548851862,889.9844524252583,1130885
2021-12-10,888.6881713867188,893.757263016729,884.8574064168859,891.9192279749458,802565
2021-12-13,889.94580078125,905.075491974469,883.4933708295345,905.075491974469,1355025
2021-12-14,898.99072265625,901.5929622158158,885.553877750557,889.2105814104627,1195915
2021-12-15,890.0424194335938,898.9906319432203,884.6251468290868,898.7101146446479,1537725
2021-12-16,889.4716796875,897.5202414953708,884.1801702481766,895.7886626365553,1006605
2021-12-17,874.1098022460938,899.2711591286412,870.0177686549973,895.7886351365764,2417560
2021-12-20,882.380859375,885.1475358630217,863.2848990319212,869.9017065633276,1708885
2021-12-21,894.0280151367188,895.6338896140792,879.1111192680961,882.4485725673385,1293770
2021-12-22,899.3679809570312,905.3269812119574,891.9191863554883,897.7234326875197,1068395
2021-12-23,908.3258056640625,909.3318536932164,900.6448512615384,904.2434553627694,831200
2021-12-24,897.4622192382812,915.136168145007,892.1126695924114,914.1687937600757,1259130
2021-12-27,916.47119140625,918.0383332579559,894.0667665627119,894.6472266465082,1696340
2021-12-28,917.80615234375,923.5716660246198,909.9220273047677,916.4711709378383,3342970
2021-12-29,935.0931396484375,937.9952629063281,917.8061634991103,917.8061634991103,2528020
2021-12-30,948.9361572265625,953.4344713818706,933.5258915662974,934.4835826853888,2765730
2021-12-31,949.3812255859375,954.0342939206051,943.4802065321519,948.800765540534,1442840
2022-01-03,938.962646484375,953.8892268344594,937.9081823777625,949.3812879758584,1463005
2022-01-04,935.5380249023438,946.6531460094926,933.5161866638545,940.4812933368503,1267190
2022-01-05,926.822021484375,948.9168182806961,920.3695921439095,944.1573530741152,2684010
2022-01-06,916.9644775390625,935.6541568777288,914.807192610517,926.8220244278451,1908215
2022-01-07,910.9571533203125,922.7688164592776,907.3972224751815,922.7688164592776,1335615
2022-01-10,909.148193359375,914.826676743977,900.6546762616314,914.826676743977,1575095
2022-01-11,903.3825073242188,917.0515115253801,901.6992854130514,911.2666318435879,1547160
2022-01-12,908.0549926757812,909.9703750894661,896.5625801059774,905.4624363748416,1188845
2022-01-13,914.3525390625,920.8629493647123,906.3523345142471,909.3318639624854,2270255
2022-01-14,907.2423706054688,913.7817715009128,901.6992755265542,913.2400442360877,1594300
2022-01-17,903.991943359375,909.3221853549904,891.0484701240207,902.6569620628968,2693245
2022-01-18,908.0840454101562,914.0624121243363,894.0474334016681,903.5276907246994,2122640
2022-01-19,906.4201049804688,915.9874517070359,900.6158587381769,908.3645369186518,1539435
2022-01-20,888.3495483398438,911.6536227084612,884.1801671998129,911.6536227084612,1588695
2022-01-21,869.89208984375,884.1802290696847,858.061119458217,882.4873238170895,2787740
2022-01-24,844.39208984375,868.66353957766,834.0702215030993,867.9476329230989,2782490
2022-01-25,851.8408203125,854.9557373120774,832.135409946419,844.3920261674608,1704510
2022-01-27,823.496826171875,844.5469026086423,818.7857175571434,839.6809810250195,3527530
2022-01-28,816.1931762695312,847.4200531442525,807.8447887421194,822.0361559765371,6514920
2022-01-31,832.483642578125,845.2142626518796,820.3431066691336,822.2584889289816,3092775
2022-02-01,833.7703247070312,837.0497380499764,823.8160044752459,835.8114704933841,1858315
2022-02-02,854.25927734375,857.0453202050546,834.8634333668138,836.7788156925188,1525005
2022-02-03,846.3848266601562,858.4383322272198,843.5504269210155,854.7719456799501,1107685
2022-02-04,841.9929809570312,852.5470092150822,839.1005410759387,852.169719045241,1234965
2022-02-07,833.721923828125,841.6156724316409,822.2778688994507,835.8114264148709,1279790
2022-02-08,836.1887817382812,847.2942210884195,828.082179446294,833.6832560331692,1982015
2022-02-09,845.2433471679688,850.3220625586775,834.1668989356538,836.2370942368656,994400
2022-02-10,845.6207275390625,849.1129351811317,838.462132892937,848.3874043336399,1189325
2022-02-11,836.856201171875,841.5285766699824,828.1014753020609,834.0701583804871,1687690
2022-02-14,813.4844360351562,825.4799018015746,806.1614049928769,822.2682118183872,2246930
2022-02-15,827.598388671875,830.868118497111,810.38876225667,819.1725373462525,1790055
2022-02-16,835.1245727539062,846.0269004601422,821.0202973877489,827.6854617172755,1903065
2022-02-17,832.1354370117188,838.7619277660015,830.6263353705469,836.3725414357483,1145155
2022-02-18,836.0339965820312,840.261418177478,825.0929939855747,828.0725238044389,1790540
2022-02-21,831.6033935546875,854.5108113517755,828.5755070794166,846.6460530685762,2939755
2022-02-22,816.173828125,819.4822321827439,804.0236075011763,810.6500988080954,2404200
2022-02-23,812.7781982421875,824.328649500991,810.8240833035991,824.2028861211508,1857420
2022-02-24,791.7959594726562,802.7272785643643,783.5635937457232,783.5732769368987,3485635
2022-02-25,808.0671997070312,812.7879915540298,793.6532973722765,795.9556531928966,1527165
2022-02-28,786.1658325195312,802.9207644730747,784.0569633800325,802.9207644730747,4914250
2022-03-02,745.4877319335938,786.165813281312,740.041409386756,785.7692157601491,7703175
2022-03-03,719.5040893554688,753.4395414077914,715.8570689076778,750.4890612433605,6673625
2022-03-04,740.7474975585938,749.5119062804606,706.9571206316178,717.7917245084379,6040250
2022-03-07,729.2841186523438,733.6469860526386,709.6657401355741,725.3372151024669,3015430
2022-03-08,748.4672241210938,752.0271546178003,723.1800446264843,725.5307571945333,3920845
2022-03-09,760.443359375,770.2815403781632,751.1081729042655,754.8422238750205,4046845
2022-03-10,753.1009521484375,771.2875786189112,749.8215388413914,769.0626293616028,3560495
2022-03-11,769.1787109375,773.1256149331749,749.3281698010858,753.197667314221,5566315
2022-03-14,765.6381225585938,772.8643805955485,759.3888630160786,766.3539701289441,2850290
2022-03-15,754.52294921875,773.7059992587394,750.6825013608234,765.7735177190957,2356470
2022-03-16,763.0261840820312,768.8691037649305,752.617226870078,768.8691037649305,1793880
2022-03-17,782.0545043945312,783.5732893369029,763.4905866965116,767.1472903877983,3862935
2022-03-21,774.8572387695312,789.9483153726076,773.2707305265781,788.2166773469531,2008195
2022-03-22,779.771484375,784.9179232331616,768.0952683613733,777.9624989828455,6451110
2022-03-23,798.5288696289062,810.4565531130736,781.6384918536118,781.6384918536118,5220570
2022-03-24,837.4559936523438,841.3351742755086,793.5274909845599,795.7621233901143,8690735
2022-03-25,843.8309936523438,846.4525995306753,830.0072347397936,837.1658289133635,4321985
2022-03-28,829.1268920898438,844.1211942339752,820.1689963296252,843.5117436813837,2484535
2022-03-29,836.498291015625,842.6894513965404,821.6974163039093,830.7810755728406,2105420
2022-03-30,842.4669189453125,844.8079481741257,828.8656389099981,842.1573520899904,3084130
2022-03-31,831.0617065429688,848.8710434234193,828.0918600237355,842.1961363875079,3058595
2022-04-01,827.966064453125,838.6458562517282,824.7833649849064,830.9745845760028,1569355
2022-04-04,835.260009765625,839.6809175342172,826.1376769288266,839.6809175342172,1298870
2022-04-05,837.726806640625,852.8371890101812,832.4739710936624,839.468127676437,2399325
2022-04-06,827.4436645507812,842.5830974391849,825.4218851312394,837.7462254676627,2059755
2022-04-07,835.308349609375,842.9796207960276,827.443591752115,830.9745315982124,1397010
2022-04-08,857.1614379882812,866.3128210285106,837.136776186066,841.0353233422618,3358875
2022-04-11,847.5166625976562,860.9631899686374,846.1526907141891,857.0936924856322,1077795
2022-04-12,845.9398193359375,852.8565695546056,837.4849769656269,846.646042761112,1855070
2022-04-13,831.7871704101562,844.0050538854123,830.1232558587101,841.8091543047433,1847180
2022-04-18,829.0301513671875,835.5115714507967,818.5341630769625,827.1050858191384,1698380
2022-04-19,814.47119140625,835.0568875995075,810.6597339706959,833.8767191918137,1550720
2022-04-20,830.6651000976562,839.681037213832,815.1193853303362,815.8836489472019,2252075
2022-04-21,835.8695068359375,841.915596728405,833.876717969134,835.6179800493953,1972180
2022-04-22,811.1917114257812,831.748415401375,806.2097691827072,831.3518179157246,1953715
2022-04-25,796.2362060546875,808.666943245771,785.7014848642502,802.9207370549732,1705680
2022-04-26,803.801025390625,809.7407182933952,799.2544130098131,807.7576126101277,792225
2022-04-27,788.8067016601562,805.571315867212,787.9361001616336,803.801004254448,993500
2022-04-28,797.532470703125,803.240003289226,789.6870784778795,793.247009189958,1504805
2022-04-29,799.4285888671875,825.3638956060005,796.16854168212,804.8555453812653,2615175
2022-05-02,797.8710327148438,802.0016809773049,787.4427090378915,797.5324162711379,925300
2022-05-04,772.4193725585938,800.0959977163833,767.5148365394684,797.8903558469007,1712475
2022-05-05,766.8956909179688,788.3907204031063,764.4192149703154,783.5732150858678,1264655
2022-05-06,760.4820556640625,764.0033127148015,750.6825480898457,760.3176185453411,1197395
2022-05-09,755.6741333007812,761.5074290652216,748.873522214781,760.1627645267852,886775
2022-05-10,757.2606201171875,761.1301174699006,752.6172351027005,754.5519837790571,1014140
2022-05-11,751.466064453125,762.8617626067105,745.0717341872394,753.6813304529197,1356280
2022-05-12,750.6824951171875,753.8167785621565,733.2407072568601,747.1031982157207,1468145
2022-05-13,759.25341796875,769.836495716692,752.7139579174724,754.4359126010603,1092005
2022-05-16,752.3076171875,765.1930495830596,747.0161082577222,759.001830621236,1089575
2022-05-17,755.3258666992188,763.2292984602446,748.9412197248597,761.3042329863696,1277320
2022-05-18,755.6741333007812,770.9876860374253,751.0694809182818,757.260641430569,2500790
2022-05-19,760.2499389648438,776.7533451169925,740.8250430094017,751.8434524304158,9129055
2022-05-20,822.0940551757812,831.7677984165914,769.0625876443994,769.0625876443994,12401575
2022-05-23,827.0953979492188,837.1657981420366,819.598246628945,822.0940890201,3035360
2022-05-24,841.0546264648438,846.4525920987334,823.5161240330502,826.892310254367,5054480
2022-05-25,833.38330078125,850.9024356992068,831.2260749228057,849.5674544024192,2500200
2022-05-26,832.7449340820312,841.4222542423388,829.9395246613783,835.0376067217576,2145360
2022-05-27,849.4514770507812,853.0307743082165,825.9346066403602,835.8115209855708,2171455
2022-05-30,845.5432739257812,856.4649097522171,841.8285302143596,852.0633679981784,2324015
2022-05-31,845.41748046875,851.0959633265612,837.8622889616621,842.5830806352271,2380075
2022-06-01,835.6179809570312,843.8697127922803,832.1547641305871,841.615713945643,1772530
2022-06-02,838.355712890625,843.5505088927524,830.0072667775017,832.5417830784193,1639675
2022-06-03,839.6809692382812,849.6739632040048,834.8054235759084,843.4924266908172,1423865
2022-06-06,833.0545043945312,842.3219088153686,826.3312403748806,838.1332200933981,566055
2022-06-07,801.7501831054688,827.1050866068263,793.9628312333198,824.202963495925,3605015
2022-06-08,812.4300537109375,814.9742530902445,795.7621527552578,807.5641321688755,2264910
2022-06-09,836.3726196289062,838.7136492687507,806.8096587592265,806.8096587592265,3702930
2022-06-10,841.91552734375,844.3242799113815,828.4206440071447,836.3724914811839,2107480
2022-06-13,825.5960083007812,842.5831003619385,823.5258129192653,836.391880599375,1839815
2022-06-14,834.079833984375,836.769103892084,820.1496201541382,822.2681722774067,2035905
2022-06-15,838.810302734375,841.4415917553359,829.4364426141734,833.238275892748,1585315
2022-06-16,829.5234985351562,843.4149799202778,827.2308260673772,841.6156778140944,1750035
2022-06-17,802.2822875976562,831.7291658410304,786.67853425488,830.0072111179447,4764870
2022-06-20,803.26904296875,808.570295162891,794.6207129288503,802.2823611687134,1387575
2022-06-21,825.87646484375,827.4049328118497,804.874806004132,804.874806004132,1191555
2022-06-22,824.3770751953125,841.3932161706326,804.8554676916116,828.2659390173721,2847785
2022-06-23,830.9552001953125,833.4316761693392,823.235571777027,830.974566576341,1675510
2022-06-24,833.8089599609375,845.9785457220853,830.3941592346494,836.198405289755,1518295
2022-06-27,835.9178466796875,851.2603899070472,833.0737636905834,851.2603899070472,1663765
2022-06-28,846.3751220703125,847.4199028663963,834.2636357545007,837.6010299177018,1412215
2022-06-29,844.39208984375,852.9823792600039,838.5975266207714,842.9893851515928,1905735
2022-06-30,850.0899047851562,854.1915626377834,841.8091825985755,845.4368364602875,1845325
2022-07-01,848.5614013671875,850.3220297199006,830.016852131852,848.387281074349,1523995
2022-07-04,842.4766845703125,853.4660433122601,831.1680757519757,843.956736662942,1303490
2022-07-05,850.1672973632812,864.3489793154554,841.8478425501667,844.4984388147624,2434495
2022-07-06,849.354736328125,859.6669216122232,847.2942241007687,850.3221107430772,1678505
2022-07-07,838.994140625,859.6088871819233,837.3592754911876,856.4649203125801,2161110
2022-07-08,852.4889526367188,854.1818577291414,832.7932252748269,837.7461771645789,2089480
2022-07-11,876.8001708984375,889.9881901023361,847.4046783667702,853.0636505765184,4797040
2022-07-12,873.4301147460938,884.2026185285662,862.1901071158376,870.780847010509,2079370
2022-07-13,876.9171142578125,883.3650294072471,866.8653649150764,875.5340423436712,1893835
2022-07-14,891.2933959960938,897.6438744692418,877.1994987550642,877.77418843238,4423835
2022-07-15,885.5662231445312,898.5302399832627,880.6961933862008,895.1894067028807,1504725
2022-07-18,870.0015258789062,898.7736983580629,867.8976992816121,891.410216094629,2337315
2022-07-19,866.4562377929688,876.2157370786751,863.9725344868382,868.3847505685468,1961920
2022-07-20,868.56982421875,875.0469877022068,864.9173018292682,874.6573615345528,1130700
2022-07-21,851.4954833984375,874.043745723403,848.5540257497335,870.5665372242347,3126100
2022-07-22,851.9630737304688,858.4499276369418,847.9696133973646,855.9564746149636,1806315
2022-07-25,843.5963134765625,855.342823334472,837.6451511471249,852.7714927025902,1726910
2022-07-26,820.502685546875,843.2554516435099,817.0059778180898,843.2554516435099,2971165
2022-07-27,834.9276733398438,837.6451285764016,810.9573413981295,819.7137049464725,1866270
2022-07-28,829.86279296875,840.5476093701265,817.1909664445261,840.3722954384523,2832835
2022-07-29,796.8050537109375,814.8436629072246,790.0357004766971,814.8436629072246,9872475
2022-08-01,800.7205810546875,806.4379912500175,798.7822592689789,806.4379912500175,2136850
2022-08-02,795.8407592773438,804.1392491396863,793.0745563574947,804.1392491396863,2635115
2022-08-03,797.9641723632812,799.4641202154883,786.9968551912887,797.7011717173234,2600985
2022-08-04,808.025634765625,810.236587881407,796.5518159611188,800.6329033329378,3006675
2022-08-05,809.7593383789062,816.9572567635909,807.2269466367995,809.3989609259589,2075395
2022-08-08,822.713623046875,824.7882605617642,809.7593552677199,809.7593552677199,2041885
2022-08-10,826.599853515625,830.6322523682196,820.9993193698896,826.6582914939842,2108115
2022-08-11,829.5219116210938,833.3594975826832,825.1583838287268,829.853099813618,1285185
2022-08-12,830.0089111328125,835.6191950986729,822.2558615662923,829.4634701610543,2021290
2022-08-16,837.2166137695312,841.3463897904278,830.3985716165316,832.7751486878074,1314065
2022-08-17,840.7424926757812,843.4696975884262,836.0380270460882,841.1418684273485,2169055
2022-08-18,823.0545654296875,825.9570842730358,805.181519741171,825.9570842730358,5137920
2022-08-19,818.9442138671875,827.3401406360665,815.2430030429742,824.3986830095185,1928705
2022-08-22,815.6228637695312,823.9992912323011,810.3729573861073,812.1456553642221,1692810
2022-08-23,823.0643310546875,825.0220332072063,807.4509861052807,807.4509861052807,1398150
2022-08-24,821.68115234375,827.1843097884578,817.5806253057663,827.1843097884578,1467185
2022-08-25,825.5480346679688,830.6128778346393,820.502690645149,825.7915361716682,1552875
2022-08-26,822.703857421875,832.7751053208024,820.5318431297972,832.3854791529055,818685
2022-08-29,820.1422119140625,822.6941026018667,809.8177137627871,812.3209160455848,966050
2022-08-30,826.9407958984375,830.1647531946312,816.7332326304607,820.8921975856416,2359905
2022-09-01,818.5740356445312,824.4960082620638,817.5902801571556,821.2818006275496,1656700
2022-09-02,816.2072143554688,824.3986374636579,813.0903835104202,822.674627955439,1008280
2022-09-05,820.9408569335938,821.9733008195825,809.398910686993,817.1909579619579,1581715
2022-09-06,825.80126953125,828.294722502236,815.2430183807356,824.0090723418188,1129375
2022-09-07,827.7687377929688,831.0219440410572,820.5611289498045,821.0870707965022,1073975
2022-09-08,832.1224975585938,837.0509651552727,828.4309770601393,837.0509651552727,1577545
2022-09-09,828.8984985351562,841.4436989575498,827.1355502798414,832.2880199556598,1570630
2022-09-12,830.0770874023438,837.6451328001503,826.8726291678973,829.8530850531722,1262745
2022-09-13,828.4700317382812,838.9990341137426,825.3726998234713,830.6420460727373,2209365
2022-09-14,820.9214477539062,830.3303190307668,811.4151402133253,811.4151402133253,1723540
2022-09-15,812.1261596679688,825.031738671494,806.7399376084519,825.031738671494,1881365
2022-09-16,794.2725830078125,815.2429591053136,791.04862577448,815.2429591053136,1893520
2022-09-19,798.5193481445312,800.837487158702,778.6204128847912,792.8408765721207,1506440
2022-09-20,821.2818603515625,825.5674510263639,799.8731683264248,801.0225477061722,2957845
2022-09-21,808.960693359375,831.6258326178908,805.08416839775,822.0513367325007,1894725
2022-09-22,814.7365112304688,822.4701211665339,800.3212344728114,800.6524226666926,2391915
2022-09-23,806.3211059570312,821.03832148712,804.4315320497924,810.9573243085757,1659940
2022-09-26,804.1101684570312,810.1392681841896,796.6005605349434,802.4251570421148,2055290
2022-09-27,814.5806274414062,818.1649620460614,803.6133114145838,808.1327130916458,1485445
2022-09-28,831.74267578125,837.0607698772965,813.9086285186874,813.9086285186874,3133240
2022-09-29,849.4696044921875,858.4889095361948,834.917952519047,835.9406469261766,5442790
2022-09-30,844.5995483398438,858.0992567723655,832.2004119571158,853.7259794931006,3164565
2022-10-03,860.953125,864.7225235015615,840.0606842027056,840.5671863512925,3476290
2022-10-04,859.8427124023438,866.8458177334815,852.4597899222799,866.0861239870225,1543270
2022-10-06,856.6480102539062,866.4660071924983,851.2617286411748,864.1478682007668,1231195
2022-10-07,852.57666015625,858.7908229846345,851.6708417403303,855.1772394438008,1338865
2022-10-10,853.229248046875,854.7876338529056,841.541176155822,847.3852121013484,1218745
2022-10-11,834.2847900390625,854.7876035309314,828.2946890765501,854.5928498985419,1486910
2022-10-12,826.1810913085938,839.5931729676055,821.0968085180663,837.6451609653604,1470100
2022-10-13,828.8109130859375,839.3983534815759,826.2103337283668,827.8953450739144,1513920
2022-10-14,839.7489624023438,845.437183434451,830.4472172623427,838.6191416325602,1244005
2022-10-17,844.5021362304688,852.0604322610042,834.2361344479843,838.6191614240682,1050700
2022-10-18,848.6611938476562,851.9922778333839,844.5021690650906,848.7293814037685,721180
2022-10-19,840.937255859375,855.9661604266784,838.6288665302542,849.3429319037147,860840
2022-10-20,847.2001342773438,848.3592037649094,833.7491141478329,838.6191440201917,1287620
2022-10-21,843.6448974609375,854.9725904749778,839.3203090239913,848.3591120249818,1002975
2022-10-24,852.7422485351562,854.0084444388049,848.3592215581051,850.2682947096085,158840
2022-10-25,865.3750610351562,872.2223515823513,851.4760361815041,855.1674974293603,3118275
2022-10-27,874.89111328125,880.306584098364,866.9335011492291,868.8133255381414,2207370
2022-10-28,868.8035888671875,877.1410777191045,862.9693025300314,873.6833683627971,1767930
2022-10-31,863.6900024414062,900.9554785581953,846.3429593348948,882.6441790999224,9128805
2022-11-01,883.4818725585938,892.1894885033723,863.9920031505802,863.9920031505802,5350980
2022-11-02,887.446044921875,904.8515264717455,885.381157066224,885.381157066224,3708780
2022-11-03,894.1179809570312,896.0854920391931,881.9331567654604,887.4460638446603,1766075
2022-11-04,881.494873046875,896.0854629748026,879.030609488364,894.1472006699272,2463380
2022-11-07,873.7710571289062,885.8195064334994,865.7744465732801,882.6442374037618,2100085
2022-11-09,883.4039916992188,889.4233419781913,876.6249476115196,884.3974968977036,3565560
2022-11-10,886.23828125,899.2022979661605,882.0597577097517,884.3876461798894,2959765
2022-11-11,884.290283203125,891.9946441711386,876.9949880917355,890.6700103363331,1625215
2022-11-14,850.044189453125,873.4593304206994,840.567130630749,857.1252316976352,3722425
2022-11-15,863.6900024414062,865.4237615192588,850.0539195226877,850.7357355583443,1872600
2022-11-16,872.9041748046875,885.3616899393219,855.8006321025305,863.6803072223594,2610960
2022-11-17,861.2744750976562,874.3553673291898,853.6869310150926,872.8943584648525,1561865
2022-11-18,858.88818359375,863.8555901546937,852.3525822738229,861.7517634620343,1693670
2022-11-21,847.3558959960938,855.7615717851281,841.0638558422584,853.2291801895775,2153040
2022-11-22,849.8201904296875,857.6317371635519,842.7099588923177,851.5928883905482,2015475
2022-11-23,858.2258911132812,861.0212835108725,849.3332117890054,853.2292356962945,1964345
2022-11-24,859.8233032226562,864.9075860521408,852.4208218882404,862.5212594413844,1188110
2022-11-25,860.6511840820312,863.9335795732893,854.9824619813157,861.7713147707385,1477045
2022-11-28,857.514892578125,866.3588241148504,854.4954383568524,859.9985959490085,1530840
2022-11-29,867.517822265625,872.456039334989,857.9141383154707,858.1187009569009,2045690
2022-11-30,874.1021728515625,880.1020829339637,865.1121167480703,870.7613394993965,4256840
2022-12-01,871.6087036132812,882.8000225169857,866.241921293036,878.4754337017275,1936730
2022-12-02,878.63134765625,881.2806154364876,868.8425992623417,873.6736309671533,2080040
2022-12-05,872.5924682617188,882.8390300321599,866.8945571486431,882.4299047240596,1961695
2022-12-06,852.0994262695312,871.6282344751969,849.1481595851211,868.8328420403742,1742295
2022-12-07,849.6254272460938,853.8136411826748,841.5411892850448,850.3072433400973,1661035
2022-12-08,848.5929565429688,853.0831098221471,843.6937373997096,852.0506658661099,1386625
2022-12-09,858.50830078125,860.0083079790882,848.2130508401269,852.2551992790064,1539865
2022-12-12,867.3036499023438,869.3782874270199,850.706549704934,850.706549704934,1367975
2022-12-13,868.452880859375,871.6670884229496,865.0146115149153,866.9041853290388,1087545
2022-12-14,877.49169921875,879.2352079659543,867.1283207968875,871.7353500478879,1392005
2022-12-15,870.5568237304688,881.9819548293932,869.0081874418563,873.9074068345949,1209055
2022-12-16,839.4177856445312,868.5892747178813,830.0965418947612,863.8458706629423,16783045
2022-12-19,856.3557739257812,858.8102284409168,840.5768659920057,846.4014024217516,1661755
2022-12-20,851.2325439453125,855.1772563016292,839.2230334839858,853.229244328277,1214105
2022-12-21,858.5960693359375,863.9433529557574,848.0475673323662,853.2195369997374,1739615
2022-12-22,847.2390747070312,868.0341379702476,840.5866566918842,862.9692950037547,1737350
2022-12-23,839.6808471679688,860.6316660034679,835.9406380219368,842.5249280033071,2498780
2022-12-26,827.6323852539062,846.8008764701717,824.0188608861534,843.8885484685292,1593040
2022-12-27,828.0706176757812,831.7621382547093,818.3598069387493,831.7621382547093,1366245
2022-12-28,828.4407958984375,831.1485611284392,821.2721259672666,828.0706688605436,1088005
2022-12-29,829.969970703125,848.2910208041556,822.6551762834742,832.7751126806747,4064660
2022-12-30,825.4797973632812,834.7426035175378,823.0350329017017,833.7490984187652,882895
2023-01-02,824.9927978515625,831.3238365927918,819.9182053974791,829.609576591082,663630
2023-01-03,825.6356201171875,829.4829555705751,821.3012816810573,825.7233068114679,810895
2023-01-04,828.5869140625,829.8531099696804,822.3143130599022,824.9830799815954,832835
2023-01-05,837.1581420898438,838.3951487113668,826.249263194414,830.8271032026023,994925
2023-01-06,832.1419677734375,841.4047739606611,829.6777636090176,837.5477484078984,630680
2023-01-09,844.2683715820312,845.4274410761861,832.8043616223788,836.3107593709682,830195
2023-01-10,835.44384765625,847.0539818459088,834.5185301211008,841.5411343684277,1170765
2023-01-11,830.2232055664062,841.5411500742478,826.8141847038369,838.6093826206612,1273265
2023-01-12,839.7100219726562,841.9307841192493,826.3661282959667,832.7653546517251,1280325
2023-01-13,841.619140625,845.7684157929115,835.697167362184,842.3203964259153,1234630
2023-01-16,842.7197265625,847.9208851501996,835.7068716899662,845.3787438365956,446555
2023-01-17,847.72607421875,849.2942690151069,838.7360181179022,845.2326213075861,778125
2023-01-18,850.1805419921875,856.1414534621956,845.8267640684065,847.7260280520887,1318465
2023-01-19,843.9177856445312,853.8429094521032,840.8691420196793,850.2780140968543,1242455
2023-01-20,847.5020751953125,853.4337977473381,833.7491155682299,843.8690519278978,1182675
2023-01-23,845.018310546875,850.3948421686504,841.4144768068965,849.3234000034662,770265
2023-01-24,828.4407958984375,848.3202917573573,825.3727126509809,845.632025671016,1320270
2023-01-25,818.3500366210938,831.5868032364285,813.3144426583438,829.8530441628244,1470210
2023-01-27,840.3723754882812,853.4045806882099,828.5576778036776,833.7491464946345,4781440
2023-01-30,843.2554321289062,845.3300696354122,834.713380606331,841.5314225097684,1873685
2023-01-31,842.3496704101562,852.5864835261863,836.3400102676474,846.4112590004852,3159705
2023-02-01,847.6773681640625,853.2292139803682,839.6418190597952,845.6319794442367,2027270
2023-02-02,851.3007202148438,853.0441695063871,835.9990649654756,840.1775291914348,1946775
2023-02-03,849.01171875,862.9497410069649,841.1904821707286,852.2551750905249,1874895
2023-02-06,847.2975463867188,853.2585178914887,834.7231548899307,853.2585178914887,1516105
2023-02-07,864.966064453125,870.4205340252479,849.3819675875369,853.3559289338731,2987405
2023-02-08,874.2288208007812,875.9430808682814,863.4855655608629,866.8653378370981,1196855
2023-02-09,874.1703491210938,882.3617130875048,863.6705363367096,865.6964853791682,2054810
2023-02-10,876.5274658203125,877.5794089494584,863.4660714738021,875.4268342807247,685110
2023-02-13,881.4169921875,887.7869700272263,876.6248993121885,878.1832851330449,1872775
2023-02-14,884.0857543945312,889.072660332968,876.732021022113,885.371449441745,1202135
2023-02-15,880.47216796875,888.9168427215805,877.4235839068007,885.9558264590745,1283685
2023-02-16,880.364990234375,886.3161522301882,878.4462270775525,884.8746424697895,1352330
2023-02-17,878.62158203125,883.4234243816526,869.4951507491495,876.8391344411874,1056035
2023-02-20,871.6964111328125,884.1149873474749,870.4594045176801,880.501403769004,761745
2023-02-21,873.9074096679688,877.4430563062625,868.5796252289888,877.4430563062625,791630
2023-02-22,872.0665283203125,880.5403326711125,870.6444582075337,874.0534790907404,882305
2023-02-23,866.787353515625,879.5273679157617,865.112091826354,871.9495731319433,1187840
2023-02-24,874.8716430664062,878.5534142913407,865.267958149025,869.7678611248725,1764830
2023-02-27,861.216064453125,874.8715873134605,848.3591741492027,874.8715873134605,1370570
2023-02-28,840.8788452148438,864.7224924520308,837.6451382449953,864.7224924520308,2699875
2023-03-01,846.2554321289062,848.7780744758526,837.0608127531589,840.8496510596568,995515
2023-03-02,855.2941284179688,857.4077047539412,841.5411687038363,848.9435903898437,1413260
2023-03-03,864.5179443359375,866.2711431096102,849.4305426346856,859.5797271668802,1371180
2023-03-06,864.761474609375,868.5795613133912,860.2518222747193,864.3329096105543,877920
2023-03-08,862.2388305664062,865.6965400531438,857.3688004587169,863.5537149160385,1173705
2023-03-09,853.414306640625,864.5958763283496,851.6318590419103,860.1739105565724,1022125
2023-03-10,856.2583618164062,859.667382662824,847.3851818238245,851.8558953197987,1686010
2023-03-13,851.359130859375,860.2323107278157,846.5085408407115,852.2551996808587,812710
2023-03-14,847.2975463867188,861.1966312449053,839.3983718724045,855.9564741280974,2141980
2023-03-15,856.0538940429688,861.9953068417568,845.5930197044651,848.7390994979919,1717110
2023-03-16,853.959716796875,862.9692718357927,851.3493879842969,859.2680611149314,1384640
2023-03-17,864.1673583984375,869.4270147850735,853.9597941398874,858.2356949159932,3092990
2023-03-20,864.8101806640625,875.4365597093297,861.5082861363603,863.1641081859821,3949945
2023-03-21,860.8946533203125,872.7093505111341,858.9174521113362,865.2971793352843,1984640
2023-03-22,871.7255859375,872.709341470354,860.2128283391811,862.842656324851,1598885
2023-03-23,866.2711791992188,876.5079913998394,863.0764110997196,872.5145312754654,2418370
2023-03-24,869.6217651367188,876.2157451156456,866.8555620299521,866.8555620299521,1126970
2023-03-27,873.8099975585938,882.1864252835071,869.7970976403024,874.6573780130295,1759570
2023-03-28,881.8261108398438,885.7805730593374,872.7094284001166,876.4008899602641,1834690
2023-03-29,889.8129272460938,891.2154982770643,880.9202476276153,886.2383418385056,2083535
2023-03-31,900.5172119140625,907.0917522425202,889.8226453366589,892.7738525263799,2282485
2023-04-03,907.0917358398438,912.0592018895728,895.7153533962241,905.6209773330366,1500675
2023-04-05,912.2149658203125,914.5915426007548,904.1307287179283,905.8254894767858,1823560
2023-04-06,915.44873046875,917.7473702767988,910.8806401183058,914.3870378102919,1460345
2023-04-10,927.1854858398438,929.6302503098256,913.2279637953993,921.7992637973927,920770
2023-04-11,927.90625,936.1950503093818,917.1239967874968,929.7860743866581,2309250
2023-04-12,950.8246459960938,958.343943598133,920.6693995670054,927.9062568374036,3403195
2023-04-13,945.3507080078125,952.188189325804,941.1234960434738,952.188189325804,1169335
2023-04-17,945.23388671875,958.9965962918725,938.8930981298182,950.035729177908,1705675
2023-04-18,956.9413452148438,958.0322271212253,943.909140868623,947.0065320994836,1797050
2023-04-19,956.34716796875,962.3178288897129,950.7368844747825,952.0712678014642,1920935
2023-04-20,946.3831787109375,957.642685390838,939.3800733809255,957.642685390838,3175850
2023-04-21,948.4382934570312,950.4349937640619,939.555363952249,946.3636560284205,1657195
2023-04-24,936.2339477539062,945.5649411715872,925.7146956417089,945.5649411715872,2190830
2023-04-25,941.5326538085938,943.0618504274028,926.8154367909211,935.7373654212371,1639985
2023-04-26,943.8313598632812,949.5097723213651,936.9938183812677,936.9938183812677,1020765
2023-04-27,958.1394653320312,962.1231165877562,938.5716586005268,943.8118156455517,1098280
2023-04-28,960.3406372070312,961.3438918909416,950.064886118587,958.1394336528034,1235220
2023-05-02,964.3438110351562,966.0093231339024,955.1881314831893,955.1881314831893,1209890
2023-05-03,964.7042236328125,966.2139209946453,957.4478672759438,964.2464099142271,883875
2023-05-04,967.7723388671875,969.1359710481056,958.4900925904252,964.7042556330344,1006635
2023-05-05,962.8048706054688,971.8631139475444,959.502976204923,969.1261596371716,461545
2023-05-08,955.908935546875,967.5191296715637,944.1332364992319,963.2919175463795,1190915
2023-05-09,961.0029907226562,962.2983758282751,952.5875650787286,958.0419745987159,1545295
2023-05-10,948.1558227539062,967.1586282855994,942.8182298958734,967.1586282855994,2271505
2023-05-11,882.8390502929688,915.5656276728973,881.2903546164325,910.695597738467,13916795
2023-05-12,870.0015258789062,885.3616180234287,865.8912494953711,885.3616180234287,5242020
2023-05-15,880.218994140625,882.8585123849394,866.1835342223103,870.790623082212,1588765
2023-05-16,879.5371704101562,885.9363969846404,877.4917221343903,881.0858066639332,1430235
2023-05-17,873.0015869140625,885.3812248734066,867.0796136459737,880.4625063447875,1749805
2023-05-18,861.6251831054688,877.0339651618298,858.0797869972212,875.0470143230028,2127235
2023-05-19,855.55712890625,864.9173121268033,854.0181828088828,862.5699838672698,1630405
2023-05-22,868.3555297851562,870.7320471685807,854.0570705089283,858.8784117214835,1224880
2023-05-23,868.9204711914062,876.5372051821178,866.0958894839792,868.4432177671388,1616475
2023-05-24,880.3552856445312,881.2806032198785,868.7938393600231,869.7873444881441,1683665
2023-05-25,877.3748168945312,883.2091625955159,873.1768535390016,883.2091625955159,1033820
2023-05-26,882.634521484375,884.2026569157357,876.5956722443624,877.5891774126427,752935
2023-05-29,887.5629272460938,890.0466305437279,880.501384066358,885.9363539454746,928140
2023-05-30,880.2871704101562,887.5629666881692,876.3813968419514,887.5629666881692,1369945
2023-05-31,876.8099365234375,882.3812221420231,872.8944134966061,878.5533858099656,6313505
2023-06-01,886.7447509765625,888.2836970582194,876.8099376191944,878.5241381934046,1528955
2023-06-02,898.1212158203125,899.9815411169654,889.2772247230333,890.0369184873233,2509565
2023-06-05,896.7770385742188,906.2151585965935,895.4426551801722,902.1243217216703,1132140
2023-06-06,903.2249755859375,903.8775429422363,897.0595011312497,898.0335071042477,1161655
2023-06-07,910.4521484375,911.2800297943721,904.8711128362394,905.8256197345547,1139525
2023-06-08,905.708740234375,914.2020443584951,903.2932242813887,910.6956463977981,1203490
2023-06-09,909.0982055664062,916.5396255076945,904.9684297305186,911.8741582735056,1084700
2023-06-12,910.8222045898438,914.5916029258863,906.6924288019342,914.5916029258863,717870
2023-06-13,915.9552001953125,921.1758577115577,907.3936500249653,915.5655740439373,1294905
2023-06-14,915.3707885742188,921.3219507173159,912.6435837781568,917.0850485742022,901255
2023-06-15,935.7178344726562,945.7598340400808,914.786454866492,914.9033308315969,3630745
2023-06-16,957.4576416015625,962.3179219994789,939.9450328543169,943.7825593997239,3814515
2023-06-19,950.43505859375,978.6812330598503,947.1331639315982,964.4607690046366,3540755
2023-06-20,954.7595825195312,959.736738654298,948.1071052381858,950.434993725384,1070755
2023-06-21,956.5518188476562,964.2659296391593,953.2986126852236,958.8017703055366,1123550
2023-06-22,954.4187622070312,959.7757952552985,952.5778765827788,956.7758401026583,1242850
2023-06-23,972.8176879882812,976.9279645480583,954.7206408528384,954.7206408528384,2791140
2023-06-26,982.1096801757812,988.421219666699,964.655510312235,972.0384325616612,3607125
2023-06-27,978.9928588867188,990.8659938337129,977.1227841022566,982.1096898265596,3330315
2023-06-28,995.0152587890625,997.2652101404991,974.8533238698249,978.9830995582969,4426340
2023-06-30,1005.0963134765625,1008.086459579269,995.4536303052397,996.6029502504388,2430705
2023-07-03,993.1549682617188,1008.8754993951,991.5965823839531,1005.0963512204773,1174135
2023-07-04,1010.7066040039062,1013.8915037679194,990.5738570691773,996.3886443861156,1863335
2023-07-05,1008.7488403320312,1013.3168714172575,1000.6937916604562,1010.0442255135393,1410270
2023-07-06,1019.1608276367188,1024.3619859963371,1007.1221286451438,1008.7681415913219,2534370
2023-07-07,1009.5571899414062,1027.2159229690146,995.4341033479182,1018.8102466750709,2771720
2023-07-10,1004.1903686523438,1015.8881894345993,1002.2521063549403,1011.9824161264346,1003625
2023-07-11,1014.183349609375,1023.8326593396363,1003.9155527608461,1009.8936624357113,1056805
2023-07-12,1018.728271484375,1020.6816914269012,1007.1450735844702,1011.0715650994193,1203590
2023-07-13,1009.5892944335938,1021.50621043638,1008.1070343160035,1018.9245374991543,2034915
2023-07-14,999.6945190429688,1013.996771425144,996.5926171407742,1012.0531773180381,1942045
2023-07-17,1026.728271484375,1029.7222688144911,999.8809131313029,1001.1864881697358,1976770
2023-07-18,1019.1207885742188,1023.9700677329765,1010.3942669399879,1021.5748456838918,1286955
2023-07-19,1025.079345703125,1034.6305171684205,1013.3488803722285,1017.746651536325,1961585
2023-07-20,1048.2357177734375,1059.1120553525254,1028.7407031783252,1030.5076721642038,6016030
2023-07-21,1038.20361328125,1048.3240826310137,1036.1225776166393,1045.0946249125293,1150370
2023-07-24,1058.523193359375,1067.3872768121157,1036.2502275083782,1036.2502275083782,2119525
2023-07-25,1065.1392822265625,1075.848821104667,1058.5526312273832,1064.0791726830146,2162155
2023-07-26,1075.0047607421875,1077.8220138541717,1060.358902989975,1068.0057842197984,1701060
2023-07-27,1081.159423828125,1102.1661766450447,1064.0889881999167,1085.6748649429564,7539055
2023-07-28,1096.080078125,1102.9514382491561,1082.1410812325162,1082.1410812325162,3180540
2023-07-31,1107.35888671875,1111.275552302016,1093.5278543211339,1096.3844103646838,1599490
2023-08-01,1112.5811767578125,1120.8856676404798,1100.8115284910841,1107.241086197584,2122735
2023-08-02,1111.285400390625,1118.2353669935321,1106.1810094018208,1112.5910354958885,1791795
2023-08-03,1111.098876953125,1125.7250807131338,1103.6385676004702,1108.2521468532034,2570520
2023-08-04,1109.1455078125,1121.2095711546488,1107.2705746177464,1111.118579326836,1726520
2023-08-07,1105.44482421875,1116.6941842799529,1103.1282085597893,1111.1971200191126,2499830
2023-08-08,1110.7945556640625,1126.696917563972,1108.252186060711,1109.6264820017411,2987010
2023-08-09,1152.62158203125,1155.1247684021887,1113.3763169539704,1113.3763169539704,10067015
2023-08-10,1148.724609375,1161.5838460967855,1139.8605253489332,1154.4082446187938,2763310
2023-08-11,1143.1978759765625,1155.3798483382548,1140.2824850520376,1149.2840091638843,2256960
2023-08-14,1143.266845703125,1154.1923139429787,1138.6826233833285,1144.5625352748102,2167595
2023-08-16,1150.039794921875,1156.2535440640183,1133.77435751244,1144.572208536368,4308265
2023-08-17,1154.51611328125,1159.6991108040847,1149.6571279954742,1152.6903091185036,2138070
2023-08-18,1153.2989501953125,1174.0209953578808,1146.6533439506047,1158.21689053962,4281645
2023-08-21,1160.445068359375,1163.2230177450454,1149.2741961047434,1152.474296018202,1334640
2023-08-22,1163.3310546875,1167.1495819969077,1152.9750053977784,1162.0451910493398,1688225
2023-08-23,1168.7889404296875,1173.0294984848613,1160.670900159493,1162.2414727789271,3142630
2023-08-24,1159.71875,1175.9252332027143,1156.5873107617317,1174.0209423683457,4124730
2023-08-25,1134.60888671875,1156.3518594851703,1132.900872335893,1156.3518594851703,4713240
2023-08-28,1133.9512939453125,1144.3761252658862,1124.3901758186687,1134.756172070122,2350770
2023-08-29,1123.7225341796875,1136.0321225246803,1121.994868453127,1132.7927193306286,3258085
2023-08-30,1109.1846923828125,1130.0540037779624,1107.2705757544659,1126.4711762339805,3551815
2023-08-31,1100.958740234375,1118.0684800587208,1097.4543992147935,1109.18474490708,3178875
2023-09-01,1095.2064208984375,1106.141714118926,1089.6210442496313,1105.3073586395294,1105280
2023-09-04,1111.0892333984375,1112.5125387683713,1095.2065210841895,1096.4728530550146,1473020
2023-09-05,1095.275146484375,1107.270548669817,1091.672547572169,1107.270548669817,1968470
2023-09-06,1096.1390380859375,1106.2791592926333,1091.4173745189564,1095.4518301741357,2256645
2023-09-07,1102.3919677734375,1110.1173350185463,1095.736535912169,1096.0702541386217,2634215
2023-09-08,1096.2371826171875,1106.0239340219618,1093.5278938684799,1105.5036451344392,923950
2023-09-11,1102.1268310546875,1111.9823623698153,1096.4824999211914,1098.4359197186238,1313930
2023-09-12,1113.9063720703125,1122.3876080046516,1104.5219999622902,1107.2607661007671,2581215
2023-09-13,1126.6871337890625,1130.7314152465929,1113.4155733283287,1121.0133248052084,1571615
2023-09-14,1127.81591796875,1134.0295470538808,1119.9432840685843,1132.7926927598548,1139730
2023-09-15,1142.5108642578125,1147.0949662988007,1125.5483925744632,1134.0884634773604,2069105
2023-09-18,1124.547119140625,1144.3366694563438,1123.349568015562,1142.8052802850104,1256740
2023-09-20,1102.3721923828125,1123.3396402920087,1099.8101713419765,1123.3396402920087,2266405
2023-09-21,1112.86572265625,1118.4610445236485,1101.940256077306,1102.4605449208277,2926715
2023-09-22,1083.132568359375,1117.8525658828878,1080.1778738149737,1112.8658448122494,2447785
2023-09-25,1067.76025390625,1087.6184649674599,1065.6497408156831,1085.645393454982,1217045
2023-09-26,1073.4537353515625,1085.076116558412,1069.7726495961533,1071.7358953323715,1379915
2023-09-27,1079.0882568359375,1100.399251270129,1075.8685050228908,1082.5337627396348,2443890
2023-09-28,1065.86572265625,1081.247796609586,1062.3122525576578,1081.247796609586,1931555
2023-09-29,1096.8653564453125,1105.307288681207,1070.6069461680281,1073.6990819978566,3101955
2023-10-03,1072.2659912109375,1096.845868488566,1069.969027034741,1096.845868488566,2065240
2023-10-04,1063.6473388671875,1079.5888847547683,1060.4472387117903,1072.9138012807716,2109530
2023-10-05,1061.5760498046875,1074.8770881874943,1060.152744513693,1071.932219452734,2058530
2023-10-06,1065.0411376953125,1077.2721200280748,1061.9588275755377,1067.0240350191873,1572990
2023-10-09,1078.7740478515625,1085.1545964543136,1060.1821683629726,1062.1257624573352,2368110
2023-10-10,1075.5740966796875,1077.233101856185,1065.6499025502048,1076.6441520228527,1519630
2023-10-11,1093.056640625,1097.061618515664,1081.7483267842993,1081.7483267842993,1961240
2023-10-12,1085.7142333984375,1096.286331230419,1082.730061430268,1093.0567535366306,1695245
2023-10-13,1071.9715576171875,1084.5166077672006,1064.3933374244593,1065.4927503281529,1633255
2023-10-16,1078.430419921875,1081.1593600243207,1071.9320818742885,1077.6255419615636,859220
2023-10-17,1088.4429931640625,1094.1168019817355,1076.8500896438215,1077.2329369336308,1626760
2023-10-18,1114.6229248046875,1118.0193015345874,1087.9914919849193,1088.5216066706757,3014855
2023-10-19,1105.4842529296875,1114.0929860633707,1101.4791543639228,1114.0929860633707,2525845
2023-10-20,1093.3905029296875,1103.3539996391394,1089.7977294526825,1103.3539996391394,1141375
2023-10-23,1089.9842529296875,1112.56157935253,1084.7914295077896,1084.7914295077896,1809785
2023-10-25,1082.5042724609375,1101.8127176412945,1079.7851579363578,1099.4176153533826,2104480
2023-10-26,1064.4620361328125,1083.2208347596952,1048.549967788326,1079.39248160937,1544145
2023-10-27,1059.6224365234375,1070.7442987723964,1050.5326004339538,1064.452063505254,2159725
2023-10-30,1049.4234619140625,1058.9649268517257,1021.9773260425378,1058.9649268517257,2691600
2023-10-31,1053.7821044921875,1068.1922628673633,1050.9451996747757,1055.048436492627,1884070
2023-11-01,1049.6395263671875,1064.1576467083255,1043.3669420317476,1057.2078001293205,1376665
2023-11-02,1048.0787353515625,1063.0976138379744,1045.1143348116198,1056.2262534530569,2365835
2023-11-03,1033.26611328125,1055.6373385321413,1030.1347936051118,1055.6373385321413,2921805
2023-11-06,1048.000244140625,1051.7402849366968,1037.22204378419,1040.520282375497,2847485
2023-11-07,1061.0068359375,1074.4943262279542,1044.4075576323974,1055.0484371147345,3498735
2023-11-08,1070.6658935546875,1079.8538696794087,1061.4484399839696,1065.8265596765623,2096955
2023-11-09,1071.5296630859375,1079.5790424258055,1068.0056705737502,1075.642725175122,1642660
2023-11-10,1065.0411376953125,1070.106345138962,1054.6556111085615,1067.9958320518574,1144920
2023-11-13,1064.0496826171875,1076.2120040011837,1056.638502060938,1066.0424057436799,855910
2023-11-15,1064.0693359375,1070.9799990964732,1061.1342932232558,1066.2288582611754,1422405
2023-11-16,1088.4725341796875,1094.5095390104846,1064.2461479888439,1065.0608518622205,1695060
2023-11-17,1101.6851806640625,1107.1724187561574,1088.619723222758,1092.5462145599004,2120630
2023-11-20,1100.232421875,1110.4314988341898,1096.6495939236427,1102.3527610254773,2001625
2023-11-21,1108.5369873046875,1114.9175362940882,1100.497433267994,1101.3809178626989,1903465
2023-11-22,1112.09033203125,1124.9397410718625,1110.2350505397708,1110.2350505397708,2124580
2023-11-23,1108.18359375,1115.9972736930863,1101.1551402310802,1114.1419920319586,1511300
2023-11-24,1108.4779052734375,1130.2110486407753,1102.362414346578,1109.2239481943293,2305405
2023-11-28,1114.299072265625,1121.8869980255238,1108.644914838637,1108.644914838637,1555790
2023-11-29,1122.0635986328125,1127.688398319296,1110.019186701092,1118.637744410777,1602385
2023-11-30,1136.3560791015625,1138.682520492592,1122.1912084718954,1123.9581775551878,4267760
2023-12-01,1128.74853515625,1149.7847664428405,1126.795115188525,1138.6825540241387,1391500
2023-12-04,1130.0443115234375,1138.6826415626526,1124.6258534010449,1138.6826415626526,1121300
2023-12-05,1134.0592041015625,1142.412824902736,1127.2958076692728,1131.811249225497,1121875
2023-12-06,1125.0084228515625,1142.6089728985296,1120.6304233790845,1137.8971353887644,2659705
2023-12-07,1135.7574462890625,1148.4792418413506,1128.9350946410186,1132.8615865845175,3791150
2023-12-08,1131.59521484375,1135.7081570576086,1121.405964894122,1135.7081570576086,1142525
2023-12-11,1074.58251953125,1095.0984617025142,1054.2629738323255,1079.78516872957,9493150
2023-12-12,1087.706787109375,1106.249657268892,1075.3481888836122,1079.7851433723365,4281525
2023-12-13,1099.1527099609375,1101.3810133581487,1085.7437061397868,1092.438442147648,3111975
2023-12-14,1094.1856689453125,1104.639857234928,1093.1156136816123,1101.7441175369906,3164560
2023-12-15,1097.3465576171875,1102.3626368034525,1088.030964867406,1099.4177677826062,3636220
2023-12-18,1097.660400390625,1116.890477450288,1094.4996037113726,1096.472675139099,3279260
2023-12-19,1106.77001953125,1108.4485563844253,1098.0433773691861,1103.3441651171809,1123370
2023-12-20,1095.3243408203125,1113.3764020355327,1090.0040208891087,1109.2339817647735,1307230
2023-12-21,1090.48486328125,1098.239707870106,1074.1309928199726,1087.6381330110357,1681900
2023-12-22,1104.8558349609375,1110.4117340870296,1091.5646230585492,1095.098441398013,1315040
2023-12-26,1105.7296142578125,1118.068562260538,1099.9183631406443,1104.8166521722876,1658265
2023-12-27,1121.896728515625,1123.3691627240644,1099.6727738170066,1106.2495986839015,1473880
2023-12-28,1150.1773681640625,1156.50890797638,1113.337150567251,1122.7508809405635,4888545
2023-12-29,1138.2701416015625,1147.4189333478919,1131.025760427917,1144.5918548453228,1452615
2024-01-01,1142.932861328125,1150.4619515377706,1138.6824776312405,1138.6824776312405,978400
2024-01-02,1163.57666015625,1167.935128718362,1139.7919533179156,1140.0668365247307,2869280
2024-01-03,1164.577880859375,1172.0578432063546,1155.9985055631053,1163.576606243106,1412035
2024-01-04,1146.96728515625,1162.6635439450229,1143.5905602463888,1162.6635439450229,2048300
2024-01-05,1145.6815185546875,1153.3185733317503,1139.9587002928845,1152.4252629579623,1037255
2024-01-08,1131.0946044921875,1154.5847726869556,1125.4502729851715,1154.5652408842288,1205700
2024-01-09,1128.8270263671875,1146.270484389495,1127.7079618872715,1142.4127735139823,1292220
2024-01-10,1136.1695556640625,1138.6825678134453,1117.1261672018977,1128.6798879459132,1273855
2024-01-11,1117.56787109375,1134.363424913116,1108.2719307791297,1134.363424913116,2964925
2024-01-12,1116.861083984375,1125.8919665547005,1108.458334609836,1125.8919665547005,1385710
2024-01-15,1135.3941650390625,1138.4863011770174,1119.442792720343,1126.500603940089,1665610
2024-01-16,1130.4664306640625,1136.7193639958987,1120.2378764962516,1136.7193639958987,1142145
2024-01-17,1109.2239990234375,1126.9030362072397,1104.7183836758786,1126.9030362072397,1778960
2024-01-18,1109.2239990234375,1112.8265980347498,1083.8392464024005,1108.7331875965178,1727635
2024-01-19,1112.806884765625,1121.9850339752295,1101.7439766433254,1114.1615290219677,1641460
2024-01-23,1114.024169921875,1129.6516491839911,1107.457050597245,1109.6068669972667,2329945
2024-01-24,1158.727294921875,1161.2598387528606,1117.675759977123,1120.6108027306675,5244260
2024-01-25,1149.57861328125,1163.2231962576084,1143.001787444188,1158.7274062823737,2677510
2024-01-29,1147.261962890625,1156.8622638147087,1126.9424163605,1138.6825881488373,1509570
2024-01-30,1146.721923828125,1167.9348987721776,1144.7685039696946,1158.1088445928735,1576585
2024-01-31,1201.732177734375,1204.9421037737768,1140.0666801861073,1143.6004986431776,7857425
2024-02-01,1176.6026611328125,1207.278376750323,1168.1509023451176,1195.5087277683576,3112555
2024-02-02,1185.7022705078125,1192.6128139245761,1177.171905587905,1181.0787453784437,1686230
2024-02-05,1196.4903564453125,1205.0402535988633,1176.2001678715712,1185.604191985971,2126485
2024-02-06,1210.6551513671875,1215.2491994492525,1194.3897119788996,1194.6351177138451,2587065
2024-02-07,1213.2366943359375,1215.2490690774093,1203.5873850107914,1210.537231541137,2953275
2024-02-08,1209.369140625,1221.128962841828,1202.4879550673927,1220.746115562607,1791205
2024-02-09,1208.544677734375,1218.2332907142006,1198.4044367498375,1205.4328900839748,1238970
2024-02-12,1243.421630859375,1254.209656522211,1223.102085555035,1223.9462668367707,4296460
2024-02-13,1243.7847900390625,1258.4109942132666,1239.014117450868,1246.6609976630655,2086675
2024-02-14,1228.66796875,1244.6880016285431,1211.3423007354017,1242.7444074741,1724345
2024-02-15,1227.548828125,1236.6484909445167,1218.409862047585,1225.0849452319937,1469095
2024-02-16,1240.2117919921875,1249.743311381884,1226.5082557238948,1231.3378832131048,1275915
2024-02-19,1259.8443603515625,1267.0690906830876,1239.7897513177606,1240.2119018983913,1393520
2024-02-20,1251.7655029296875,1269.2384388822295,1244.8058299602353,1260.7965057135361,1399485
2024-02-21,1246.4942626953125,1256.9780488215456,1237.8265749395312,1253.925215739994,995895
2024-02-22,1249.39990234375,1252.5115703797283,1223.3672427568604,1251.5692507003178,1420120
2024-02-23,1264.75244140625,1274.9416918661677,1249.2132742635863,1250.1360620964492,1842255
2024-02-26,1264.4775390625,1274.146500482112,1252.6784128518152,1265.321720361544,1089190
2024-02-27,1266.215087890625,1268.1783337426978,1253.581605625617,1259.618490759127,966475
2024-02-28,1261.984130859375,1277.2680656528291,1254.926320123707,1265.007486083002,1560230
2024-02-29,1261.23828125,1270.7894538197047,1248.0551515293473,1252.9534406885834,5513940
2024-03-01,1215.946044921875,1270.8089623161611,1211.7349642297124,1266.0972443667392,2876430
2024-03-04,1243.73583984375,1264.2026529140687,1224.8690768599517,1225.0653535050294,2196055
2024-03-05,1237.49267578125,1245.1199043757188,1226.439593081398,1243.6964793698478,1040180
2024-03-06,1239.720947265625,1243.1271496553948,1215.2490379060428,1237.4926443162071,1207130
2024-03-07,1241.5860595703125,1250.528629882824,1237.9246252958467,1237.9246252958467,1174600
2024-03-11,1254.013427734375,1261.1105421222587,1238.8080986140922,1250.3912967538092,1412365
2024-03-12,1237.2669677734375,1261.9743387423287,1230.2188628371684,1254.1508332204903,1647055
2024-03-13,1237.5908203125,1246.6610057603757,1226.7929690815047,1237.3159371590477,1051325
2024-03-14,1235.78466796875,1240.800746298249,1218.9596381241868,1233.3109592414341,2001060
2024-03-15,1233.8802490234375,1238.5233058495937,1220.0590426773203,1233.919552281386,2429735
2024-03-18,1244.9039306640625,1247.6230452497264,1230.5722603930792,1235.2939240249098,902465
2024-03-19,1204.431640625,1243.716208058165,1202.1836858506374,1243.716208058165,1581835
2024-03-20,1198.227783203125,1205.0598399034375,1182.5021659531915,1202.4781670114733,1385185
2024-03-21,1203.1162109375,1208.5739715223237,1189.7268612550263,1202.487957951656,1626230
2024-03-22,1217.840576171875,1224.9475159565059,1198.5713150046738,1203.273326758997,1528595
2024-03-26,1204.4217529296875,1219.4602820126993,1198.7675957583995,1215.2490816645507,1361275
2024-03-27,1186.605224609375,1207.592324941398,1184.6419790023645,1207.592324941398,1452965
2024-03-28,1208.947021484375,1219.1362714184752,1193.2607075783244,1193.2607075783244,2586915
2024-04-01,1227.0972900390625,1233.399352216152,1208.9470921426932,1220.1572688364215,772020
2024-04-02,1224.5843505859375,1230.7489709400613,1218.390252787365,1230.7489709400613,1191030
2024-04-03,1202.3702392578125,1230.5624196413085,1199.9358336852838,1224.5843698476542,1346125
2024-04-04,1205.923583984375,1212.3041320477844,1187.27275118364,1208.37764093184,1995095
2024-04-05,1213.1485595703125,1237.9934946678052,1205.4330173401954,1205.9238288293404,2705055
2024-04-08,1212.2159423828125,1222.4640277169035,1204.461097677626,1220.6382235422209,1420525
2024-04-09,1210.9102783203125,1223.1413805758484,1208.3777344921625,1217.6441967263,643620
2024-04-10,1208.947021484375,1217.192677355804,1206.414477679532,1217.192677355804,980420
2024-04-12,1194.4093017578125,1215.052859870876,1192.671810072052,1211.1067166849823,1974255
2024-04-15,1180.07763671875,1192.318445439122,1174.4626627008172,1192.318445439122,1349665
2024-04-16,1187.832275390625,1192.4459745498275,1175.0123436464594,1179.0959281371865,2041490
2024-04-18,1169.5350341796875,1202.9788739364326,1165.706680872504,1197.5701221263712,2988680
2024-04-19,1166.7275390625,1177.947542125131,1154.5456845064773,1177.947542125131,1713255
2024-04-22,1181.1083984375,1190.5124234758416,1168.8184592933553,1173.0394861282257,1667285
2024-04-23,1168.54345703125,1190.7084567235522,1164.970335659039,1187.763588322752,1494175
2024-04-24,1168.2884521484375,1176.9364883863432,1162.4477234576307,1170.1044307158047,1334935
2024-04-25,1220.8934326171875,1229.3844943250124,1163.812039319774,1173.0491439876605,4634925
2024-04-26,1227.44091796875,1238.582313629819,1213.060118890766,1222.1008272209947,2063090
2024-04-29,1236.275390625,1241.7528025372076,1217.6735672599632,1230.9549520803623,1485530
2024-04-30,1218.0565185546875,1239.396989785044,1214.267468722716,1236.8251427041928,1906520
2024-05-02,1234.390625,1236.8053786533726,1216.2797329457094,1216.2797329457094,3134765
2024-05-03,1246.57275390625,1260.3841352016182,1228.5991813294024,1236.8251859150448,2906840
2024-05-06,1235.558837890625,1252.5507873583529,1226.3120271058401,1252.4918324689413,2263770
2024-05-07,1228.5206298828125,1246.6610007050022,1217.2123156489783,1242.714857735174,1586770
2024-05-08,1189.0103759765625,1200.5149674775969,1168.661352659141,1197.5799246255363,4940700
2024-05-09,1153.8682861328125,1192.5737313007137,1152.4253291724865,1192.5737313007137,2534535
2024-05-10,1162.437744140625,1165.1863360824066,1142.2359887976609,1153.4068617496443,1480900
2024-05-13,1159.9935302734375,1167.9349456144942,1148.596903064086,1162.4377616481377,852820
2024-05-14,1152.1895751953125,1167.2279836092562,1149.480286709649,1165.9519458788789,1186650
2024-05-15,1153.4068603515625,1171.4589191238804,1150.4619917719415,1155.37010607131,1458405
2024-05-16,1148.5772705078125,1163.8120769662848,1120.8170661863728,1163.8120769662848,3660485
2024-05-17,1138.5941162109375,1149.7649882787748,1136.9154597690138,1148.5771432285364,3006695
2024-05-21,1134.7166748046875,1145.2201108576928,1133.3816821509138,1140.832165790954,2456865
2024-05-22,1152.96533203125,1159.2967523925074,1136.797910300641,1148.4988994913072,2605110
2024-05-23,1157.8634033203125,1164.793598022944,1145.5538149843233,1158.7958970555226,2827915
2024-05-24,1151.5909423828125,1160.1015363346842,1146.2410256198982,1157.608295622297,2122215
2024-05-27,1152.955322265625,1156.3418731135166,1137.9167933394308,1151.5908521465626,3366290
2024-05-28,1171.1351318359375,1178.948812157225,1152.847491521959,1152.847491521959,3966010
2024-05-29,1178.0947265625,1181.4714517618063,1161.181383466982,1175.0025905167902,2533990
2024-05-30,1153.1614990234375,1173.039362701007,1145.1612484421241,1173.039362701007,3005220
2024-05-31,1137.08251953125,1159.2279897822802,1129.4258129423902,1158.3052019416466,5146590
2024-06-03,1135.4039306640625,1165.755632802365,1134.1965537187277,1165.755632802365,2087555
2024-06-04,1125.096923828125,1144.0519995016411,1099.4176355044224,1140.056847067935,3287175
2024-06-05,1143.4237060546875,1154.7221946920442,1124.115261202963,1126.4907118207057,2542820
2024-06-06,1156.5382080078125,1163.4193940097712,1135.0701203310648,1145.5539054544822,3598380
2024-06-07,1189.982177734375,1194.458315815957,1153.6523048819465,1156.5382186701092,3747525
2024-06-10,1198.787353515625,1208.8981176413224,1178.7426899428137,1189.9822245781709,3148275
2024-06-11,1185.6533203125,1197.6291928463702,1183.4446685555556,1194.635194756146,2581810
2024-06-12,1189.7366943359375,1194.6349826655544,1176.1804255530658,1189.726868521489,1932925
2024-06-13,1196.76513671875,1201.4866801733876,1184.1316558171463,1201.4866801733876,2191150
2024-06-14,1194.6842041015625,1201.2119005562363,1184.8384976088917,1196.7945974850657,1985020
2024-06-18,1176.2296142578125,1190.119601955114,1174.0209627810088,1187.3710099642867,3076985
2024-06-19,1169.3485107421875,1177.8788764685548,1162.2415701863313,1176.367138784308,3056645
2024-06-20,1172.21484375,1177.1621417171175,1155.959110899002,1163.2231443735734,2489735
2024-06-21,1180.1954345703125,1188.7453316831081,1169.1423511321682,1172.2540190353113,2150475
2024-06-24,1188.7353515625,1197.5797823279838,1172.6465399436245,1177.5546538056244,1624525
2024-06-25,1193.33935546875,1196.6375939662712,1181.09842708676,1195.616667826439,1977490
2024-06-26,1191.7000732421875,1196.5297012376893,1182.9145958727738,1190.4140896756887,1958240
2024-06-27,1224.260498046875,1226.9206577544967,1176.9658541207073,1177.9474770182226,12168270
2024-06-28,1256.938720703125,1260.403878504539,1227.2348003976897,1228.0986333941069,5118295
2024-07-01,1247.387451171875,1272.1832547511015,1244.1383417433208,1262.3670259335775,2251925
2024-07-02,1250.6365966796875,1252.7371640582046,1233.75261234796,1245.6793535279905,1819075
2024-07-03,1261.5621337890625,1281.1749395748652,1249.63539194372,1251.3728835973168,2913200
2024-07-04,1272.0557861328125,1284.3555510224703,1250.6073476508034,1262.367171962233,1744245
2024-07-05,1280.0362548828125,1285.3665199257273,1267.4812597130522,1272.0556559546114,1139175
2024-07-08,1282.8143310546875,1290.8342340342874,1273.3612968519105,1280.0363811260158,807380
2024-07-09,1292.375244140625,1294.7606405768718,1262.5535348284197,1283.9627883810072,1734640
2024-07-10,1294.2796630859375,1296.6159304597566,1272.7722710705154,1290.7360186767487,1287550
2024-07-11,1294.71142578125,1300.0515164600683,1282.9516030679274,1294.397359189324,1581340
2024-07-12,1319.1932373046875,1324.2093160351117,1288.8119361043364,1293.8281346617769,2944400
2024-07-15,1333.976318359375,1351.6848328421204,1315.8752505999187,1325.1908418203323,3023975
2024-07-16,1312.509521484375,1339.545518928777,1310.6531373301455,1335.0033382857127,1556420
2024-07-18,1316.7457275390625,1324.9118414381537,1301.5194230895277,1312.4997050998852,1928535
2024-07-19,1310.5247802734375,1326.797823939404,1308.6092126282426,1315.2645204536764,900340
2024-07-22,1337.1658935546875,1338.962973713391,1299.4655408604885,1299.4655408604885,2061455
2024-07-23,1355.7493896484375,1359.5016940034009,1326.5213132942908,1336.9881089468204,4330455
2024-07-24,1346.89208984375,1370.3436902093802,1341.5796803920928,1370.3436902093802,3019385
2024-07-25,1353.4190673828125,1357.7143891578503,1334.4306955611414,1341.9252997987314,1315525
2024-07-26,1358.445068359375,1375.6955432948391,1341.253776894384,1360.4792440166195,2051955
2024-07-29,1350.822021484375,1372.1604940748252,1330.0759862504146,1366.611109851948,3271945
2024-07-30,1343.7322998046875,1360.8840558948339,1341.510569116655,1351.809578186618,1458475
2024-07-31,1333.1370849609375,1348.738619230891,1330.076058006772,1343.6829526217723,1730870
2024-08-01,1360.28173828125,1362.7602119430803,1340.2762780315677,1342.0240587968892,2320480
2024-08-02,1375.3302001953125,1378.657854112455,1357.6156593078954,1358.9091375628618,2209945
2024-08-05,1345.2926025390625,1374.7082365658425,1341.7279733401476,1368.605950094255,2186945
2024-08-06,1344.3741455078125,1365.6830883534503,1341.9846278875984,1350.5950395947398,1227135
2024-08-07,1367.865234375,1369.573479053645,1350.8121985186635,1358.7116850597085,968865
2024-08-08,1370.2252197265625,1389.3221946792983,1365.5151315930734,1367.5986067027918,2705840
2024-08-09,1385.0762939453125,1387.3474447385317,1375.1724034387387,1378.4605216049754,656255
2024-08-12,1360.0052490234375,1388.3347240484825,1357.3885200663826,1385.1650937267395,1853275
2024-08-13,1372.2198486328125,1374.954944574088,1353.0339178202112,1363.0564153928656,1217325
2024-08-14,1343.1199951171875,1374.905615823614,1341.4315184907978,1373.5231816125872,1727965
2024-08-16,1341.6488037109375,1352.5797860263501,1334.6479173132414,1349.044688554343,2565660
2024-08-19,1364.9029541015625,1367.4011956986994,1346.3885321523092,1350.4073429739892,809235
2024-08-20,1375.5672607421875,1377.3150415514338,1362.6615267101056,1368.586142043628,747970
2024-08-21,1394.7431640625,1403.6300861386555,1375.5671177005547,1382.3903327337164,1905585
2024-08-22,1376.298095703125,1394.7235628919839,1367.2432650670332,1394.7235628919839,1683410
2024-08-23,1373.424560546875,1380.435331039253,1368.5959847314225,1378.4308073164696,711440
2024-08-26,1371.212646484375,1374.500764340465,1362.5033951344749,1367.588713666334,1018915
2024-08-27,1375.09326171875,1383.7037939706127,1363.0663605214886,1371.5484007543064,2277085
2024-08-28,1382.2718505859375,1391.9388855421741,1367.2035707869456,1375.0931731064657,1632585
2024-08-29,1368.8131103515625,1386.349979810221,1360.5087415196544,1362.3257101788051,1784160
2024-08-30,1388.601318359375,1391.296998723282,1370.1658491562912,1370.1658491562912,3415210
2024-09-02,1357.1614990234375,1397.2118341451264,1348.8373618290466,1392.2252349222597,2354285
2024-09-03,1353.5474853515625,1365.4263677836857,1352.392141991726,1362.661499136014,1246805
2024-09-04,1340.384765625,1352.3526029783675,1336.395607043805,1352.3526029783675,2177470
2024-09-05,1322.32470703125,1352.5501031215395,1320.3991348536345,1342.419001930391,2001265
2024-09-06,1316.6766357421875,1327.1335476215236,1313.8821151491184,1322.946829269226,2074285
2024-09-09,1314.4549560546875,1326.3139501545133,1303.948623760912,1319.204459988371,1466880
2024-09-10,1313.36865234375,1322.7296455976752,1306.012303361802,1321.9791846971082,2328120
2024-09-11,1305.8839111328125,1332.9100255156623,1302.6056771481533,1315.4423431933153,1833720
2024-09-12,1319.974609375,1325.5732933690983,1299.5248519752688,1323.1640078094608,2663355
2024-09-13,1315.4027099609375,1322.9763857609594,1312.6971455758646,1320.4781443172712,1197575
2024-09-16,1312.717041015625,1321.1694294052127,1309.6362459148809,1321.1694294052127,691625
2024-09-17,1309.6656494140625,1316.4000289070043,1304.0076617033287,1311.3344785545632,911735
2024-09-18,1297.0562744140625,1312.8946632564198,1289.7886405899003,1312.6972243038877,1239415
2024-09-19,1284.170166015625,1305.8838700224464,1280.2105387403417,1300.2555340713939,4661780
2024-09-20,1293.7679443359375,1303.0103286408464,1280.8424439098867,1290.5390100954235,2823650
2024-09-23,1314.1685791015625,1315.6596169531351,1299.4656440896806,1303.4153876887374,1326620
2024-09-24,1313.3587646484375,1321.1694160713541,1299.5051311048633,1314.1685295562163,1962100
2024-09-25,1321.4755859375,1324.6649845042696,1302.5365129591721,1314.5239988572755,2388280
2024-09-26,1331.9324951171875,1334.420852784179,1316.1137532655446,1326.0868314000738,2842130
2024-09-27,1333.0185546875,1337.462015763131,1316.5481931343222,1325.3362752768487,2794555
2024-09-30,1333.3543701171875,1341.1353697061497,1325.1389565967484,1334.0258795545508,1827470
2024-10-01,1332.860595703125,1340.0293895616128,1318.829170954851,1333.3543136243068,1738090
2024-10-03,1330.204345703125,1341.9252034014369,1321.6038187695906,1338.96289610916,2277090
2024-10-04,1309.9818115234375,1329.6613407690313,1305.5876496119058,1325.7313653208464,1742335
2024-10-07,1305.3704833984375,1325.543851741766,1299.6828430080984,1319.9153948260098,2224190
2024-10-08,1314.484375,1316.8443610304378,1298.4780792262677,1305.380245837174,1395550
2024-10-09,1316.2222900390625,1334.006018718886,1312.7169652160478,1322.373995883682,1680365
2024-10-10,1300.0777587890625,1322.7690148960835,1294.2716312822147,1322.7690148960835,1582735
2024-10-11,1303.2572021484375,1308.293100503753,1292.5633160768407,1300.4529182920403,1130225
2024-10-14,1315.2447509765625,1321.3766888784685,1303.4152890782086,1310.5247788039953,1117595
2024-10-15,1305.716064453125,1323.144332118021,1304.4423541126775,1320.0043534704714,1423265
2024-10-16,1325.316650390625,1332.2384645349193,1309.152330979353,1311.3147575487676,1849620
2024-10-17,1323.9639892578125,1337.9756468458063,1313.3785847834308,1332.0114954276348,1819115
2024-10-18,1331.2806396484375,1337.7780442304347,1315.7384100993895,1323.9638272980294,1143115
2024-10-21,1322.6505126953125,1336.9881000854823,1320.4090140983828,1336.9881000854823,1175275
2024-10-22,1315.738525390625,1334.025856941888,1309.7941421826436,1328.4962401914186,1904985
2024-10-23,1304.975341796875,1320.813850365444,1301.440365078531,1315.1360945997371,1548860
2024-10-24,1299.9989013671875,1312.1048751721414,1297.33275210905,1312.1048751721414,1587305
2024-10-25,1286.569580078125,1299.8605482899734,1273.8119863217921,1297.4906781950824,1285830
2024-10-28,1295.0220947265625,1309.2411948263054,1274.0390832794108,1303.415299305423,829374
2024-10-29,1258.684326171875,1318.6217496550933,1247.625093776856,1310.3272650905324,1443741
2024-10-30,1234.1466064453125,1257.0057692471098,1213.3611552459415,1257.0057692471098,2065575
2024-10-31,1258.190673828125,1267.5220146505587,1232.3199035546777,1242.7866991410115,1902206
2024-11-01,1243.774169921875,1272.8048079577904,1186.7004502345578,1263.917885326588,540201
2024-11-04,1252.364990234375,1260.8569147995834,1234.8380031486302,1243.774225650665,1771490
2024-11-05,1256.2158203125,1262.930432201079,1225.6547294523762,1249.2050499955608,1603920
2024-11-06,1285.740234375,1305.291513000479,1235.8747224685742,1257.993310273003,3908554
2024-11-07,1271.1754150390625,1292.5534235775917,1264.4609241216542,1288.554260492451,1479152
2024-11-08,1267.52197265625,1276.7544731615064,1243.32979586394,1276.5570342186563,1328199
2024-11-11,1271.7186279296875,1278.9762571635388,1246.29215533987,1267.8676040903174,1175591
2024-11-12,1248.0201416015625,1272.2123188929693,1242.490525185132,1271.6691809840333,1110785
2024-11-13,1229.357666015625,1249.1558035504388,1222.7418938589383,1242.194332407756,995217
2024-11-14,1211.2874755859375,1237.257085939613,1206.844014383441,1234.1960589963242,1346891
2024-11-18,1178.5540771484375,1204.4742675547986,1155.497354205309,1190.9463244302808,3367815
2024-11-19,1198.203857421875,1216.5208387195034,1171.3456533530934,1178.0108446366621,1509716
2024-11-21,1180.3314208984375,1191.538793704837,1157.7685358006033,1160.138405951354,2121476
2024-11-22,1199.19140625,1207.8314698397448,1178.603393117757,1183.9355707547484,763755
2024-11-25,1194.106201171875,1231.3324838647743,1190.6007557497608,1218.4463980282935,3280431
2024-11-26,1193.46435546875,1203.042434928958,1188.0827578037038,1193.8099339063986,1190121
2024-11-27,1184.8243408203125,1200.3270359779458,1182.9976085430026,1196.772290904363,1402977
2024-11-28,1176.9739990234375,1194.698543133574,1173.5179738836805,1193.8592468498084,2819269
2024-11-29,1187.194091796875,1204.0297995989115,1183.5899270765017,1190.8475559845112,2535820
2024-12-02,1206.3997802734375,1209.8558058359151,1187.1942007194543,1198.9940112109855,1826479
2024-12-03,1209.115234375,1213.5586958324827,1202.2526032275305,1213.5586958324827,2237453
2024-12-04,1200.2777099609375,1213.6573935656438,1194.4023942615818,1209.1152127089294,1435443
2024-12-05,1224.2723388671875,1233.8011191165451,1194.896121745365,1201.2651554265133,3324867
2024-12-06,1237.9483642578125,1239.3802186632802,1220.8163751591069,1230.3451558911074,1717216
2024-12-09,1239.380126953125,1245.9465994402603,1227.629616271399,1238.8864090298307,1269332
2024-12-10,1224.7659912109375,1237.8495157830073,1217.5083620650712,1234.294770949991,2025890
2024-12-11,1222.98876953125,1227.7778094894772,1211.2875578077878,1224.7167823384068,1178864
2024-12-12,1229.7525634765625,1234.4921829716695,1210.9418633629487,1229.1601261067487,1648944
2024-12-13,1230.690673828125,1234.492277824508,1211.0406758860743,1224.716759129982,1258819
2024-12-16,1253.994140625,1258.1414436199243,1229.555102730767,1230.6906780937798,1920945
2024-12-17,1231.974365234375,1254.9815482710958,1227.629623376917,1253.0560965737443,2706166
2024-12-18,1259.3756103515625,1264.9052265790156,1233.8504196992658,1236.1708696610028,2823838
2024-12-19,1308.9449462890625,1314.6227024596865,1255.6728300854143,1258.980716094892,7185903
2024-12-20,1326.7681884765625,1351.5033839084433,1300.8479977165487,1309.339921820128,7499087
2024-12-23,1324.4970703125,1349.8248242978307,1313.5859763517333,1344.8876449843783,3740109
2024-12-24,1333.9271240234375,1347.849945507069,1319.4117445960144,1330.0761000718107,2587142
2024-12-26,1338.1236572265625,1343.1101357272082,1325.879429119185,1333.9270550491233,1531359
2024-12-27,1371.99267578125,1380.6821593632399,1328.5949189510027,1345.9244661084822,3656253
2024-12-30,1359.6004638671875,1374.5107212911137,1354.8607235101626,1372.1408511126012,2462657
2024-12-31,1371.0546875,1377.4730205707597,1349.380518652614,1353.0834031165139,1892083
2025-01-01,1351.799560546875,1371.597695824306,1338.321038264637,1371.0051379367937,1658723
2025-01-02,1357.773681640625,1370.5115073750446,1352.836502507408,1354.218816235429,1726305
2025-01-03,1335.655029296875,1360.8346416373427,1330.273431984505,1357.773614832683,1573592
2025-01-06,1333.3839111328125,1344.1964054867472,1317.041920931555,1343.3076891576216,1539970
2025-01-07,1334.5689697265625,1355.7988404768168,1330.5698063240827,1335.0132676439034,1723188
2025-01-08,1353.5277099609375,1388.236104672035,1340.9379027006771,1352.2934151315,3456684
2025-01-09,1354.366943359375,1365.5743157822003,1346.9611747271206,1362.66142833482,1607980
2025-01-10,1337.383056640625,1368.586003463646,1335.6056240059042,1348.936007156524,1582776
2025-01-13,1318.3255615234375,1337.1362624279634,1313.4871018160943,1337.0375429516096,2822318
2025-01-14,1320.744873046875,1331.902825860874,1307.01949058647,1318.3750028929787,1370223
2025-01-15,1320.399169921875,1328.1012177636958,1297.4412864177814,1328.1012177636958,1940371
2025-01-16,1286.3819580078125,1330.0759911237947,1280.7042022921764,1324.052656993656,1195731
2025-01-17,1292.948486328125,1304.1064387679612,1271.8173356807677,1281.6916938770469,1432206
2025-01-20,1285.987060546875,1292.5535330843031,1277.3964168303983,1291.911675671784,561642
2025-01-21,1271.9654541015625,1296.453789700931,1269.4968645933643,1285.98699429349,738787
2025-01-22,1279.9637451171875,1291.5661165772663,1271.817399198409,1274.7797068052375,1301422
2025-01-23,1273.1998291015625,1287.566948622834,1258.5364306059948,1272.804830648036,1448659
2025-01-24,1209.0164794921875,1236.911542269566,1188.3790461088593,1214.4966761406488,7082467
2025-01-27,1182.6025390625,1218.8413855991273,1176.529784635826,1209.0164473621294,2184847
2025-01-28,1166.4085693359375,1182.6025409879003,1150.017158733436,1182.6025409879003,3142189
2025-01-29,1166.359130859375,1177.4677837247514,1158.7559233350453,1172.481305204919,3458251
2025-01-30,1179.4921875,1189.662825527327,1169.124110506488,1173.073854123064,3290757
2025-01-31,1202.054931640625,1205.6590963718238,1180.973201687716,1186.8978164119019,1505147
2025-02-01,1189.810791015625,1205.0667473710391,1185.0217512030597,1205.0667473710391,1067956
2025-02-03,1188.724609375,1204.6717222647594,1181.763259039611,1184.9230055063208,1407877
2025-02-04,1204.622314453125,1217.508400483098,1186.354751266639,1191.8350684372258,2239920
2025-02-05,1212.126953125,1217.6071498937072,1200.57388109838,1211.5838151806518,1460238
2025-02-06,1221.112548828125,1238.2445364491887,1214.7435153737104,1219.3845361177691,2990483
2025-02-07,1224.8154296875,1228.1233156162114,1210.5963296044022,1224.4204312475194,1236992
2025-02-10,1205.6097412109375,1224.1241632198073,1195.8342228195354,1224.1241632198073,1565579
2025-02-11,1194.5999755859375,1207.5353615038798,1186.157350599081,1204.6717733451644,1819297
2025-02-12,1200.5738525390625,1205.0667338653054,1187.7371865059145,1202.696863721096,1306601
2025-02-13,1208.2264404296875,1227.3827193686661,1201.610668676692,1201.610668676692,4447231
2025-02-14,1182.0101318359375,1214.5460948616972,1171.345776446901,1208.1277618400702,1211843
2025-02-17,1183.8861083984375,1186.8978358137686,1168.2846950250068,1181.812517318395,613030
2025-02-18,1182.355712890625,1189.8107812487317,1167.1491766676681,1183.8861661387434,1713796
2025-02-19,1151.2020263671875,1162.1625398592732,1113.3338867864709,1151.3501658474722,3062142
2025-02-20,1156.2379150390625,1159.397781957214,1141.7226568274414,1149.8690022707508,1579890
2025-02-21,1137.32861328125,1156.0404736514452,1130.8608605161799,1155.9910536463449,6828902
2025-02-24,1149.91845703125,1159.1509580387253,1136.5386531689644,1137.3286500565287,2017521
2025-02-25,1113.975830078125,1154.8557002761183,1108.396793158912,1152.4858300186127,6463238
2025-02-27,1111.408447265625,1122.072681913369,1100.9909510389125,1114.321334751043,3435069
2025-02-28,1102.4720458984375,1117.7773004541257,1090.6722365685284,1114.5187141727931,3895033
2025-03-03,1105.5330810546875,1116.049296274882,1090.030387440955,1104.2987863231294,1810605
2025-03-04,1106.0762939453125,1110.026037354099,1091.1660366844649,1097.1399512682924,1074133
2025-03-05,1112.2476806640625,1114.814989570813,1096.5968477433055,1106.421785486356,1260157
2025-03-06,1125.7755126953125,1131.3051289757618,1104.5950633532304,1120.739614306628,1648697
2025-03-07,1119.01171875,1130.8115293829746,1115.8025521178029,1125.7756304674635,790599
2025-03-10,1106.12548828125,1122.8625967071198,1101.3858689631584,1120.69016571681,950503
2025-03-11,1102.620361328125,1112.7908791403747,1096.6957457159592,1102.9659397981786,884438
2025-03-12,1091.2646484375,1102.6201596167941,1078.7241420305854,1102.5707396144217,1914579
2025-03-13,1094.029541015625,1096.3006917666908,1081.2917145232352,1091.2647928584659,1299174
2025-03-17,1136.242431640625,1139.5997377775877,1087.6606340145806,1093.980247824756,2714559
2025-03-18,1136.242431640625,1136.242431640625,1136.242431640625,1136.242431640625,0
2025-03-19,1157.37353515625,1162.9031518064382,1143.5494332624783,1159.2496873777254,1507415
2025-03-20,1172.2838134765625,1175.789259020217,1150.6590644113742,1164.1374675711106,1521677
2025-03-21,1185.0711669921875,1189.5146283453366,1162.2614228200096,1175.2461079004847,2313824
2025-03-24,1195.0936279296875,1201.0675423525645,1175.2954914119107,1189.8601698394054,1660669
2025-03-25,1163.1007080078125,1200.67256965513,1153.2756490105733,1195.093653550209,2860907
2025-03-26,1149.9677734375,1164.9768707660578,1138.1679631765612,1163.1007185329127,2864505
2025-03-27,1147.597900390625,1157.6698184153693,1129.626616076772,1145.4255897281955,4460409
2025-03-28,1129.823974609375,1144.6849313570503,1126.4173693729178,1144.6849313570503,2762934
2025-04-01,1137.7235107421875,1149.7703001438847,1121.7765185782087,1129.8240241325238,4158012
2025-04-02,1135.55126953125,1138.217298210289,1120.7397312330163,1135.55126953125,2071245
2025-04-03,1136.98291015625,1211.4850140115652,1134.6131606520612,1175.542326580002,6324685
2025-04-04,1096.0042724609375,1142.9074710123043,1062.6783155954924,1137.3285554033625,5423861
2025-04-07,1074.2314453125,1085.0438192526512,1007.1845294873461,1007.1845294873461,3888037
2025-04-08,1094.029541015625,1099.657997884376,1075.021400221652,1086.1794739413283,1577632
2025-04-09,1080.30419921875,1089.388560481957,1048.3112547764063,1080.7484971198749,5511474
2025-04-11,1095.56005859375,1125.5781320757885,1088.4011487922137,1125.5781320757885,2740831
2025-04-15,1140.3896484375,1143.5493948352569,1114.815036686097,1126.5655470082659,2683350
2025-04-16,1143.845703125,1146.8080106500802,1129.3303239301454,1135.7486569011528,1451875
2025-04-17,1148.9803466796875,1158.8547053148457,1135.649962522224,1135.649962522224,2788024
2025-04-21,1162.60693359375,1164.8779636089916,1140.4883475937042,1148.782832410796,1938756
2025-04-22,1160.237060546875,1165.6679574260306,1147.696674149645,1159.150905278363,1313400
2025-04-23,1171.098876953125,1176.8260528965402,1161.1257993258523,1170.2101606120298,3192132
2025-04-24,1185.416748046875,1194.797388701973,1161.520848487477,1164.1868770906003,4819678
2025-04-25,1160.0396728515625,1195.2910841189937,1145.1292952407887,1188.77403168341,1286573
2025-04-28,1183.6392822265625,1189.8601761755644,1161.5208160447785,1161.5208160447785,1236678
2025-04-29,1161.224609375,1189.267812824371,1154.3125581287202,1189.267812824371,1663018
2025-04-30,1169.0252685546875,1181.5656550089243,1161.1257821490967,1161.4219405673484,1604442
2025-05-02,1163.1007080078125,1179.788397925404,1156.682375003862,1161.3232752690008,910973
2025-05-05,1156.5836181640625,1178.8996434726541,1139.994648259719,1173.7649049134056,1893680
2025-05-06,1145.820556640625,1160.2370955934448,1115.2100460334789,1157.4722270659013,1990745
2025-05-07,1146.1168212890625,1149.9678454748412,1129.034252237363,1129.034252237363,1421366
2025-05-08,1133.5762939453125,1146.8079577206345,1127.651679168595,1138.2171939724362,2616533
2025-05-09,1141.3770751953125,1152.3375885627543,1124.195668019448,1128.1454112535962,1248574
2025-05-12,1180.5782470703125,1188.872732099255,1129.5278631840126,1141.377093072045,5065176
2025-05-13,1191.9337158203125,1225.4078131473702,1180.9732026786905,1180.9732026786905,3134295
2025-05-14,1204.671630859375,1207.9302170919102,1178.2083041963517,1198.0558594619151,1197152
2025-05-15,1220.7669677734375,1224.2229931867319,1185.120437795607,1198.7471004969505,2053553
2025-05-16,1215.2373046875,1223.3343513279806,1205.6592247448743,1223.3343513279806,882873
2025-05-19,1203.684326171875,1226.1979122345226,1198.9445857787055,1212.8675279824142,2235758
2025-05-20,1208.81884765625,1218.8907650508124,1201.314359748687,1206.6465371297381,1385750
2025-05-21,1209.3126220703125,1240.8118493964537,1204.770441324762,1209.707620512665,2615092
2025-05-22,1206.8441162109375,1214.348725526524,1196.1798807471102,1209.3127059761673,2260610
2025-05-23,1214.644775390625,1219.384515530791,1200.7219544667107,1212.571184280527,734297
2025-05-26,1225.30908203125,1232.2211324829123,1213.2622932078252,1214.4472884643524,985434
2025-05-27,1227.5802001953125,1233.307376338507,1221.7544251110662,1228.2714776120995,1145000
2025-05-28,1226.98779296875,1236.4671532521663,1221.4581761814743,1232.1225318356962,766968
2025-05-29,1232.5174560546875,1237.6521951145166,1224.8155282698592,1229.7527078254966,1791885
2025-05-30,1235.479736328125,1241.7993501262024,1225.4079384731258,1232.5174286605832,3161983
2025-06-02,1232.0235595703125,1235.775863703506,1217.014584110724,1235.2821458194853,1139977
2025-06-03,1232.6162109375,1237.6521096290953,1225.210442115565,1234.2948036558312,811620
2025-06-04,1236.1708984375,1250.0937190686227,1230.6412820813246,1232.6161536754298,1387633
2025-06-05,1274.384765625,1287.0239935301554,1248.3164334059986,1248.3164334059986,3834672
2025-06-06,1304.303955078125,1306.2788266520076,1278.7293440890255,1278.8280635604006,2158757
2025-06-09,1302.5264892578125,1312.3021274067614,1292.1584137591135,1310.7222542952304,1227356
2025-06-10,1331.853515625,1345.480057960707,1304.402750926071,1304.402750926071,3022355
2025-06-11,1334.12451171875,1338.3705339575567,1323.3614371780766,1333.0383564245387,1094247
2025-06-12,1345.578857421875,1362.3652677805899,1326.6201362902054,1342.9128286971934,2625058
2025-06-13,1345.38134765625,1349.6273700323018,1328.1012202551606,1337.9755787700688,1419556
2025-06-16,1329.8785400390625,1342.7152050180628,1325.3362390787574,1342.7152050180628,1294663
2025-06-17,1302.23046875,1332.7421405907667,1286.2339353932534,1331.3598268071678,1649457
2025-06-18,1296.799560546875,1308.1550729140574,1292.3560991858035,1294.627129337278,728945
2025-06-19,1309.4385986328125,1315.2644939973275,1287.9125703773373,1288.6037272271112,1654212
2025-06-20,1308.648681640625,1318.226760449478,1301.6377912044652,1315.659451540191,1843895
2025-06-23,1301.3416748046875,1306.3775733155912,1285.740140831631,1302.3291106121821,843945
2025-06-24,1320.498046875,1336.691898832786,1292.6522828142924,1301.3417667488266,1011128
2025-06-25,1324.743896484375,1331.3597889225882,1319.2142798975142,1331.3597889225882,833145
2025-06-26,1304.8963623046875,1316.9430304125,1298.083031424836,1309.339823243296,2373431
2025-06-27,1284.654052734375,1314.8695659165792,1282.0867436079452,1312.2035373115566,1770595
2025-06-30,1267.176513671875,1288.6038240642783,1256.512157947735,1286.5302328225307,2224279
2025-07-01,1260.758056640625,1278.63062021541,1257.3020313982292,1270.1386965842707,1851442
2025-07-02,1254.83349609375,1264.806573830606,1247.822605298762,1259.9681141751214,2027306
2025-07-03,1275.0760498046875,1281.2968237694222,1254.0436165254819,1258.8820766335716,1918977
2025-07-04,1290.9736328125,1296.5032493727253,1271.027356654036,1286.6288910378225,1466009
2025-07-07,1294.03466796875,1296.8982560112931,1281.7904394487532,1291.4673588927672,569025
2025-07-08,1267.670166015625,1293.8372154950814,1257.5982482336478,1293.8372154950814,1602620
2025-07-09,1253.4510498046875,1269.5461812946608,1250.98246026298,1263.9178453542072,1494337
2025-07-10,1254.6434326171875,1261.8974786310418,1244.2096006060892,1254.941590623643,1246082
2025-07-11,1246.793212890625,1263.9842420617324,1243.4147356995488,1255.0409573301636,895466
2025-07-14,1242.7191162109375,1253.451106772855,1237.4525878045495,1246.793255133142,1035555
2025-07-15,1252.9542236328125,1256.531513289438,1233.1796029989662,1246.8926882006047,1183659
2025-07-16,1251.463623046875,1254.0472142836027,1242.1228350669599,1252.9541704489554,1159859
2025-07-17,1255.1402587890625,1266.766601312138,1247.5881762080307,1251.4636237157226,709420
2025-07-18,1249.5755615234375,1262.5929844647824,1243.215868401397,1257.0282984708933,690731
2025-07-21,1251.3642578125,1254.444698134839,1237.3530154123139,1242.3215066744915,1065189
2025-07-22,1232.1859130859375,1255.6371691070376,1228.2111198179184,1253.053577743038,1304352
2025-07-23,1239.539306640625,1244.2096402167103,1223.2426299585436,1232.3846059674588,1088262
2025-07-24,1257.525146484375,1279.7840117412281,1248.1843585916445,1253.1528498855375,3809212
2025-07-25,1269.8470458984375,1280.3802233201768,1253.25221197737,1258.022012202828,1621138
2025-07-28,1279.2872314453125,1281.8708227969387,1263.5867495914051,1271.9338396744818,1553778
2025-07-29,1291.609130859375,1293.7952186531095,1274.7162593408627,1278.8897437838339,1943466
2025-07-30,1283.95751953125,1289.9197091936205,1269.6482400813493,1289.9197091936205,1387013
2025-07-31,1262.2950439453125,1276.9023609548756,1249.0788075644193,1266.4685284334546,1968821
2025-08-01,1212.9080810546875,1251.0661187870376,1206.051538748701,1250.0724205195338,2525210
2025-08-04,1217.2803955078125,1224.4349746181283,1211.5168969515148,1217.3797410758052,767310
2025-08-05,1207.144775390625,1224.236338083705,1197.4064832718059,1217.2804497991388,956582
2025-08-06,1189.15869140625,1210.1258223005727,1180.0167156872446,1207.1447274398893,1701845
2025-08-07,1193.23291015625,1202.3748855590866,1175.9425363020487,1176.5387309933542,1246560
2025-08-08,1203.76611328125,1207.3434028071335,1187.8669408986045,1193.2329358379593,2389106
2025-08-11,1211.8150634765625,1229.2047835346518,1200.9837278658833,1204.8591754533268,1246374
2025-08-12,1212.610107421875,1219.4665287834,1196.5121218704394,1202.3749662138437,922461
2025-08-13,1245.50146484375,1247.5882069990678,1212.1132264554806,1212.6100756020353,1192506
2025-08-14,1252.4573974609375,1258.0220838401435,1242.3216017299274,1247.1907477996324,1603933
2025-08-18,1254.7427978515625,1262.5930387003066,1233.2789387811067,1261.9968439791114,1648543
2025-08-19,1236.359375,1255.8359586997472,1234.0739416931135,1255.0409515401836,1061816
2025-08-20,1237.5518798828125,1242.818408061546,1230.1984882453662,1236.160678010691,685379
2025-08-21,1268.55517578125,1273.7224795192833,1232.484001686195,1237.5518385572786,2008295
2025-08-22,1269.5489501953125,1276.0079892795025,1257.6245703475774,1266.0710060730564,1229920
2025-08-25,1275.809326171875,1280.7778178842811,1267.2635446867498,1269.6483236678512,967056
2025-08-26,1255.2396240234375,1271.536300143782,1251.066139750413,1267.959010581038,2798216
2025-08-28,1251.8612060546875,1259.4132891109218,1240.6323663927014,1255.239683339614,1827890
2025-08-29,1252.1591796875,1258.419527378522,1232.9808756439227,1251.0661358385598,2422956
2025-09-01,1271.83447265625,1276.9023097030304,1252.1591978851484,1252.1591978851484,1273903
2025-09-02,1245.799560546875,1275.3124740304734,1240.1355285283503,1271.8345298398892,1632660
2025-09-03,1254.2459716796875,1257.922728246367,1239.7380004598485,1242.122900689385,1294925
2025-09-04,1245.10400390625,1266.667209084759,1241.1292105976904,1260.0094788133479,1230934
2025-09-05,1260.1087646484375,1263.686054196341,1245.7001395879727,1246.395801164631,769861
2025-09-08,1242.7191162109375,1268.952776572573,1240.8310651100915,1261.0031898751722,969297
2025-09-09,1283.1627197265625,1287.634362273165,1248.8801268692778,1249.5756671894335,1643726
2025-09-10,1295.9813232421875,1301.7448221200923,1285.5474906984768,1286.2431523153641,1232984
2025-09-11,1294.88818359375,1302.738424139777,1274.9148727470129,1295.782536291586,1349391
2025-09-12,1308.4024658203125,1312.6754169090243,1294.5901568845995,1294.888193585473,1042942
2025-09-15,1292.602783203125,1303.5334643850974,1284.3550388817578,1300.6517150860016,1331182
2025-09-16,1302.142333984375,1304.2290762461555,1288.2305571710826,1291.807846948573,1034369
2025-09-17,1303.135986328125,1309.893062046848,1296.974984033364,1308.7006725967979,716840
2025-09-18,1314.36474609375,1317.4453079892978,1297.4718743099434,1303.83156794759,822010
2025-09-19,1313.3709716796875,1318.438929962134,1303.732146858248,1316.3520665276867,1409571
2025-09-22,1293.198974609375,1312.576091200591,1285.3487338840034,1312.576091200591,1399531
2025-09-23,1300.1549072265625,1303.632851349447,1287.0380166110447,1291.8078170714264,1271238
2025-09-24,1289.919677734375,1300.055472693843,1286.243042719338,1295.0869814297087,750456
2025-09-25,1267.1640625,1299.0618759490676,1260.0094830410135,1290.1185909748017,1241492
2025-09-26,1245.203369140625,1270.4433313087318,1238.3468263148814,1242.1229285380641,2284377
2025-09-29,1226.8199462890625,1261.9968917848537,1223.2426565253188,1257.0284000849133,3899164
2025-09-30,1215.988525390625,1232.484013725844,1209.8276446324273,1227.3167099373334,2635047
2025-10-01,1236.856201171875,1242.818390854653,1218.2740918476406,1220.1621428407325,4083180
2025-10-03,1240.23486328125,1257.425892936575,1232.185931056337,1236.0613788093888,2742600
2025-10-06,1240.731689453125,1243.4147476790827,1226.4224094845413,1240.3341858676797,1880910
2025-10-07,1240.63232421875,1248.1844070182594,1236.558185459902,1242.421029674372,1380941
2025-10-08,1226.7205810546875,1243.1166034017126,1223.640140510308,1240.4336664471707,1496744
2025-10-09,1238.2474365234375,1256.9290132219644,1232.4840591214693,1237.1543926455697,2699135
2025-10-10,1256.43212890625,1259.7112604480849,1236.856200018744,1241.725345848685,1680920
2025-10-13,1254.4447021484375,1257.127638918175,1240.433581004479,1249.078707307906,1188201
2025-10-14,1229.5029296875,1254.444732241556,1224.5344382902356,1254.444732241556,1944911
2025-10-15,1224.6337890625,1234.4714263311043,1223.2425872051417,1225.2299837724936,2150067
2025-10-16,1232.384521484375,1234.7694215452727,1222.5470058473875,1228.1116917887784,1308931
2025-10-17,1247.9857177734375,1254.0472531361495,1230.2978395336597,1237.1543820558684,1473018
2025-10-20,1273.9212646484375,1279.5852966338582,1251.8612101460908,1256.8297018178866,1368192
2025-10-21,1280.5789794921875,1285.8456291210691,1275.0142931472396,1279.8834391869682,226788
2025-10-23,1271.337646484375,1295.3850971493682,1263.5867511190625,1295.3850971493682,1991213
2025-10-24,1275.5111083984375,1279.8834051607516,1257.525193502276,1271.9338187932935,1167634
2025-10-27,1276.206787109375,1285.2494174634733,1256.630857636218,1274.9149307869052,1927956
2025-10-28,1281.274658203125,1286.7399990490114,1267.2635359311566,1275.8093173572386,1828290
2025-10-29,1243.0172119140625,1293.2983209940733,1227.217384884887,1290.8140752756829,2574921
2025-10-30,1194.6240234375,1199.5925148364267,1173.4583228587082,1188.4631426232547,8883497
2025-10-31,1190.0531005859375,1197.9033416850657,1183.4947158414877,1194.9222466829463,4250157
2025-11-03,1188.463134765625,1193.2329349974825,1180.4142030127919,1189.3574874717306,1547000
2025-11-04,1192.43798828125,1196.7109395930172,1185.7802580337723,1190.4505916341147,1015516
2025-11-06,1197.6051025390625,1206.250350240223,1185.6807233383374,1194.425316605959,1560897
2025-11-07,1197.803955078125,1204.2629940281138,1190.4505633979254,1200.3875463979082,1076140
2025-11-10,1191.1461181640625,1201.8781084548996,1187.4694829298098,1191.8417797631532,3483082
2025-11-11,1203.865478515625,1207.1447313935414,1191.0467463124896,1196.015237763235,1048552
2025-11-12,1221.8514404296875,1227.2174356636526,1207.3434690942008,1212.411306309198,1222295
2025-11-13,1227.1180419921875,1234.57077916361,1219.5659592520246,1228.0123947129703,1426984
2025-11-14,1238.1480712890625,1241.1291661637551,1224.0376040692745,1227.4160812197442,827643
2025-11-17,1236.5582275390625,1245.1040089267103,1232.6827797873775,1245.1040089267103,1423044
2025-11-18,1235.9620361328125,1239.1418222806283,1224.9318875864944,1236.657576446064,971685
2025-11-19,1242.321533203125,1244.8057788872627,1229.2047645113018,1240.8309857926424,830105
2025-11-20,1240.731689453125,1247.0913829170581,1229.9003535803258,1247.0913829170581,854999
2025-11-21,1236.061279296875,1242.8183546264186,1229.3040826662755,1236.9556319834332,941902
2025-11-24,1218.4727783203125,1254.4447287160472,1211.3181992487828,1240.1354492719286,7611988
2025-11-25,1228.3104248046875,1243.3152446354713,1222.5470475371264,1228.509237242158,1983817
2025-11-26,1240.135498046875,1243.116592994103,1226.8199163557101,1228.3104638293241,809816
2025-11-27,1241.4273681640625,1248.0850984330484,1233.1796235313798,1240.135511818825,1060956
2025-11-28,1250.867431640625,1252.357979046631,1237.1543469849469,1242.1228383383,809748
2025-12-01,1252.1591796875,1260.8044275132474,1240.5329583196703,1255.9352816759035,1457856
2025-12-02,1267.1640625,1270.244624365322,1252.5567455624587,1252.5567455624587,2361183
2025-12-03,1272.62939453125,1284.8519324321207,1261.2018638096959,1275.5111439299417,4969448
2025-12-04,1269.5489501953125,1276.107334851354,1258.5189230963706,1272.5300451572464,1971130
2025-12-05,1267.1640625,1274.716266852455,1263.5867727705067,1269.5489627533507,1036082
2025-12-08,1258.5189208984375,1270.940149884802,1255.7365170850662,1266.9653566091654,1435892
2025-12-09,1238.3468017578125,1259.413278988699,1233.4777770153523,1258.5189262376737,2118272
2025-12-10,1242.9178466796875,1254.1465643685117,1238.9430535931533,1241.4272992722372,1669910
2025-12-11,1265.4747314453125,1267.859631524502,1240.135425868669,1242.917829511233,1717539
2025-12-12,1271.23828125,1272.331325117672,1259.313901673079,1266.9653300478453,981548
2025-12-15,1272.530029296875,1274.7162383556836,1256.1340072105936,1266.8659974602213,1078613
2025-12-16,1268.8533935546875,1277.7966783253432,1263.9842475860069,1277.7966783253432,928506
2025-12-17,1263.9842529296875,1272.9275377381523,1259.3139193834702,1261.9968563055843,894068
2025-12-18,1271.933837890625,1275.8092855631605,1254.047268295288,1268.9527429580687,889699
2025-12-19,1270.1451416015625,1284.7525796574266,1260.9038200244054,1268.9527521403372,1209487
2025-12-22,1275.3123779296875,1278.1941271592318,1268.6545267716292,1270.1450741695598,614138
2025-12-23,1275.4117431640625,1280.479580134966,1269.7477114850044,1280.479580134966,408490
2025-12-24,1257.8233642578125,1277.0016687830143,1244.5077826971726,1273.0268755590062,1265233
2025-12-26,1261.30126953125,1266.9653011808111,1253.15287089204,1257.028318426452,594744
2025-12-29,1260.6055908203125,1267.8596366528022,1252.0598100279522,1261.3012523842958,811488
2025-12-30,1257.8233642578125,1264.8785979702145,1248.4825759211808,1260.009452010592,1123996
2025-12-31,1263.3880615234375,1265.8723073100964,1252.0598764760603,1261.9968596226959,658106
2026-01-01,1245.50146484375,1261.9968322491566,1240.135469800746,1261.9968322491566,553856
2026-01-02,1248.1844482421875,1249.6749957374136,1228.2111360663698,1241.12921435833,1591218
2026-01-05,1242.1229248046875,1254.3454629051923,1237.1544331054688,1248.08511484375,1184386
2026-01-06,1248.2838134765625,1250.867526216503,1237.6512896969036,1242.1229322530146,540944
2026-01-07,1234.96826171875,1257.0283148502438,1232.1858580350217,1244.706432009682,1215477
2026-01-08,1199.2945556640625,1233.7758396813053,1194.6241006665043,1233.7758396813053,2000942
2026-01-09,1202.4742431640625,1208.734590738095,1196.0152044579575,1199.3938028105931,1390935
2026-01-12,1207.84033203125,1211.0201181981947,1192.3386621905277,1202.3749911623304,707317
2026-01-13,1183.7928466796875,1208.237800875546,1178.0293479541722,1207.939642861754,2071117
2026-01-14,1179.0230712890625,1187.4695071137207,1168.6885843727969,1183.594059357488,2834908
2026-01-15,1179.0230712890625,1179.0230712890625,1179.0230712890625,1179.0230712890625,0
2026-01-16,1168.0924072265625,1189.4569216930627,1164.1176138374462,1176.5388431784347,2214792
2026-01-19,1159.8446044921875,1170.0797454783678,1157.360358748072,1162.6270082460214,1253443
2026-01-20,1159.3477783203125,1185.2834014437415,1154.0812500190482,1161.0371382404292,2790934
2026-01-21,1149.9075927734375,1186.2770465990714,1141.163120753359,1162.6269791858083,2322066
2026-01-22,1209.82763671875,1217.2803737005904,1180.2153799238147,1187.469425773229,6464461
2026-01-23,1227.8135986328125,1242.917885615436,1217.2804208837454,1222.2489123975565,3888860
2026-01-27,1231.9871826171875,1244.4084111832542,1225.7268348994658,1243.1165548919591,2159137
2026-01-28,1214.796142578125,1235.3656483737482,1211.3181986116438,1234.0739133954048,1740662
2026-01-29,1201.2818603515625,1210.3244903294444,1183.6933282287016,1207.6415535264773,1626394
2026-01-30,1210.423828125,1217.0816792579708,1192.437913851288,1192.437913851288,1672460
2026-02-02,1175.0482177734375,1187.469446291127,1159.745239979432,1182.0041057433436,1207638
2026-02-03,1227.6148681640625,1257.9226654273518,1210.4238395565933,1257.0283127233054,1521425
2026-02-04,1232.384521484375,1240.4335743525369,1222.3481934166966,1227.7141882284527,947684
2026-02-05,1237.0550537109375,1245.700180510796,1229.204812780582,1234.1733043439635,953241
2026-02-06,1233.3782958984375,1241.0298456787737,1217.2804317701475,1237.0550524321773,1324651
2026-02-09,1267.462158203125,1270.7414110528866,1235.6638131913649,1252.0598348380538,2111316
2026-02-10,1248.0850830078125,1275.411786656471,1245.1039880643225,1270.9401442412359,1412804
2026-02-11,1262.2950439453125,1265.4748300980812,1245.3027053695737,1255.9353503387092,855888
2026-02-12,1266.865966796875,1269.5489036438123,1253.550385528277,1260.9037770916275,981247
2026-02-13,1260.1087646484375,1271.2382581654324,1255.6371223882934,1265.9716087608385,838946
2026-02-16,1261.400634765625,1267.1640120723773,1249.1780972667725,1249.1780972667725,469592
2026-02-17,1276.70361328125,1278.6910098640035,1250.27114168978,1258.022036882943,687326
2026-02-18,1272.23193359375,1283.3613056097804,1268.5551772430372,1280.877059954322,689997
2026-02-19,1274.2193603515625,1287.5348203399096,1268.4558617737255,1281.870788631497,1333838
2026-02-20,1272.331298828125,1284.2556781586584,1266.965303869173,1273.8218462444418,1753200
2026-02-23,1299.1611328125,1305.222667954284,1274.0205182477348,1281.8707587826618,1849756
2026-02-24,1292.0064697265625,1306.7132529570742,1288.9260292839863,1299.2605157729083,1803242
2026-02-25,1298.266845703125,1315.6565661775257,1258.9164167755507,1272.927538726141,2296240
2026-02-26,1310.9862060546875,1318.637634387908,1296.7762719489224,1302.937152843121,1511598
2026-02-27,1278.1942138671875,1308.8993953066386,1270.1451603314977,1305.5209180163251,3510396
2026-03-02,1286.2430419921875,1291.8077279446609,1213.5042571457466,1244.706406527083,1052234
2026-03-04,1283.063232421875,1291.0128190448136,1264.083618619822,1266.369173294343,1890939
2026-03-05,1305.22265625,1313.7684369717072,1284.3549929220594,1284.3549929220594,1060509
2026-03-06,1295.5838623046875,1308.1044363369144,1282.6657847013776,1305.2226870728873,963701
2026-03-09,1278.8897705078125,1286.740011696551,1265.5741884194679,1277.399222989738,1597730
2026-03-10,1306.3157958984375,1321.2212707975548,1279.8834446708822,1279.8834446708822,2329349
2026-03-11,1317.1470947265625,1327.580926861326,1302.837814967246,1302.837814967246,2454389
2026-03-12,1310.6881103515625,1328.8728384924848,1295.3851316566152,1312.6755070313982,1969692
2026-03-13,1284.1563720703125,1311.5824211134945,1272.8281870978283,1301.7447836031513,1574522
2026-03-16,1268.8533935546875,1288.8267052822728,1256.0346611232017,1283.957559313592,1294975
2026-03-17,1275.7099609375,1283.2620439637567,1257.0283838663331,1271.8345132013353,1003677
2026-03-18,1286.640625,1291.1122674113053,1272.033187009098,1275.7099435501427,849938
2026-03-19,1266.468505859375,1278.2935400997578,1258.7176104611908,1270.641990273127,1035491
2026-03-20,1290.7147216796875,1299.2605026375888,1280.0820772904688,1280.8770844358335,3359706
2026-03-23,1245.402099609375,1284.8518727024766,1236.3593482440167,1284.8518727024766,2112613
2026-03-24,1251.662353515625,1271.7351319417623,1240.5329810840894,1259.2144363299572,3166135
2026-03-25,1292.5032958984375,1300.751040089405,1252.159170252133,1260.9037635798802,1577150
2026-03-27,1273.623046875,1294.6895233557088,1270.1451028679126,1288.8266791978351,2165113
2026-03-30,1246.9920654296875,1268.157767194358,1243.2159632345108,1257.028394357626,1991442
2026-04-01,1201.9774169921875,1276.7036005385148,1198.499473007082,1271.9338002670893,2240507
2026-04-02,1209.6290283203125,1214.8955567003886,1160.1428028558014,1180.016769500012,3560727
2026-04-06,1210.1258544921875,1215.491728343312,1188.7613407556191,1212.4112878322055,1099471
2026-04-07,1188.5625,1203.3686287761197,1171.5702835070563,1200.387533907145,2330512
2026-04-08,1183.8922119140625,1212.2126142542797,1177.930021947701,1202.3749765495702,2063229
2026-04-09,1204.262939453125,1207.0452217863951,1181.5072251541997,1181.5072251541997,2746602
2026-04-10,1224.4349365234375,1229.0060455194857,1201.1824944878124,1205.157287492337,1931448
2026-04-13,1228.1116943359375,1231.2914802230255,1196.412695825855,1210.324471358714,1463269
2026-04-15,1210.1258544921875,1214.2993388877428,1187.8669880134105,1212.3119422610853,4693413
2026-04-16,1213.703125,1219.8640059249549,1206.4490789067895,1214.2993197183728,2014236
2026-04-17,1227.9129638671875,1234.1733117952704,1204.7598658226814,1207.5421483343348,2564061
2026-04-20,1224.83251953125,1235.1670062735586,1215.293039961836,1227.2174197488696,1605279
2026-04-21,1212.9080810546875,1227.1180148004123,1210.7219933866027,1224.8324602647308,1230733
2026-04-22,1209.330810546875,1218.2740950948798,1200.4868715669695,1206.4490612656393,1573272
2026-04-23,1322.6124267578125,1348.4485823518794,1209.8276706067893,1222.248899257783,16407707
2026-04-24,1308.800048828125,1340.3003587334326,1284.8519432869343,1284.8519432869343,5638719
2026-04-27,1326.09033203125,1341.4926551084209,1300.7510263236466,1312.0792107825514,1940454
2026-04-28,1346.063720703125,1359.2799568863386,1319.0351749056688,1333.9406497133243,2336352
2026-04-29,1321.4200439453125,1367.2295111793755,1313.172299559324,1358.3855720753659,4545837
2026-04-30,1314.5634765625,1331.8538508643323,1305.3220340543137,1318.6376152431299,1227007
2026-05-01,1314.5634765625,1314.5634765625,1314.5634765625,1314.5634765625,0
2026-05-04,1279.08837890625,1311.6817310466201,1272.5299945112288,1311.6817310466201,2285506
2026-05-05,1263.189208984375,1284.2556853671992,1260.5062721403692,1279.4858850877893,986348
2026-05-06,1302.738525390625,1320.2275919365711,1269.0521273617296,1273.9212734941123,3340410
2026-05-07,1299.35986328125,1307.4087951919507,1289.124843647022,1300.850410720308,2530096
2026-05-08,1285.7462158203125,1301.943424840767,1281.8707683070795,1295.2856949521536,964903
2026-05-11,1271.83447265625,1291.7084385660248,1264.4810810094211,1279.8834045894966,1506740
2026-05-12,1261.996826171875,1280.1815533686342,1256.5314855860913,1270.8407651981736,1946195
2026-05-13,1257.3265380859375,1295.5839235662759,1222.2489387225,1237.7506083192552,9276074
2026-05-14,1295.3851318359375,1299.459270769951,1247.091416769461,1257.326558192458,2362951
2026-05-15,1328.2764892578125,1336.4248882221732,1295.3850992886098,1295.3850992886098,3982549
2026-05-18,1322.8111572265625,1333.4438020485873,1313.6691811880398,1328.0778068516001,1926791
2026-05-19,1326.785888671875,1336.5241802903247,1310.5886795649772,1323.6061027113105,2488019
2026-05-20,1313.56982421875,1327.5809461718782,1311.284269578418,1315.2590628304295,1277182
2026-05-21,1310.191162109375,1323.208585117751,1305.9182110504078,1316.6502008304299,2183121
2026-05-22,1298.96240234375,1321.2212690912318,1296.8756601207815,1310.688091103005,2002451
2026-05-25,1323.0098876953125,1332.052517601587,1290.515881810932,1311.6817032704923,4659781
2026-05-26,1319.531982421875,1332.5494057495218,1313.2716346798088,1324.5998194363256,1909354
2026-05-27,1310.6881103515625,1338.3129727217038,1308.4025556493248,1321.2212884944777,959327
2026-05-28,1310.6881103515625,1310.6881103515625,1310.6881103515625,1310.6881103515625,0
2026-05-29,1295.2857666015625,1320.2275702981576,1289.323576651728,1310.4893994940667,5424483
2026-06-01,1282.268310546875,1311.2842523856957,1276.703624327232,1301.844118535941,1379034
2026-06-02,1265.9716796875,1276.6042033591114,1256.1340419038124,1272.1325608484412,2021793
2026-06-03,1255.339111328125,1267.16402406121,1248.9794179457965,1261.4999922697502,1226407
2026-06-04,1259.5125732421875,1266.865964793912,1240.532960304036,1249.3768992797159,944045
2026-06-05,1270.1451416015625,1281.2746355442775,1260.5063164369753,1264.977958868167,774687
2026-06-08,1267.5615234375,1285.5474383536193,1261.996837234317,1261.996837234317,862999
2026-06-09,1260.50634765625,1279.4859617407228,1253.451113683622,1268.9527835688068,871896
2026-06-10,1263.68603515625,1275.610414336969,1258.7175438309505,1260.605594794776,1172155
2026-06-11,1267.958984375,1277.5978090116596,1258.4195053044905,1263.0898386230663,1057772
2026-06-12,1267.36279296875,1282.8644616612225,1258.02200500628,1282.8644616612225,1645027
2026-06-15,1271.43701171875,1288.0317252895338,1267.2635272581533,1288.0317252895338,1178640
2026-06-16,1268.8533935546875,1277.8960238959157,1261.1024982330273,1270.9401357409613,430918
2026-06-17,1261.003173828125,1269.350264014387,1252.9542416596478,1267.9590620998326,683616
2026-06-18,1259.5125732421875,1271.8344562070963,1253.7490746824699,1261.0031206661429,774093
2026-06-19,1264.0836181640625,1266.965367574052,1253.053590988925,1259.0157809539794,1312877
2026-06-22,1282.56640625,1297.7700394593458,1263.1892885092211,1270.0458313546333,1618251
2026-06-23,1293.099609375,1321.1218521141625,1286.7399161764426,1289.0253494205256,2878800
2026-06-24,1320.02880859375,1334.5367791026363,1297.968634177911,1301.7447361313875,3346371
2026-06-25,1341.989501953125,1354.4107302199996,1323.506738552227,1323.506738552227,1699744
2026-06-26,1341.989501953125,1341.989501953125,1341.989501953125,1341.989501953125,0
2026-06-29,1367.03076171875,1405.9838095385528,1347.2562617371718,1379.6508034534047,8857211
2026-06-30,1348.5479736328125,1366.335197924184,1338.6109903751822,1366.335197924184,2446438
2026-07-01,1331.4564208984375,1354.1126701144779,1321.618783139666,1342.486448136608,1423120
2026-07-02,1337.2197265625,1352.2246676278346,1320.6250138108092,1331.456349320485,808598
2026-07-03,1365.4407958984375,1381.6381265443156,1341.7908493793316,1347.4548811113666,1296170
2026-07-06,1359.2799072265625,1371.9991724837723,1348.846075242392,1367.229493500216,810266
2026-07-07,1346.063720703125,1371.5023734479773,1342.9832801697557,1353.4171125351145,1043736
2026-07-08,1340.4990234375,1374.2847660593495,1330.164536728251,1348.4486099367587,1561612
2026-07-09,1261.5,1340.499015360378,1253.1529099658608,1331.5557306025994,8410883
2026-07-10,1244.300048828125,1251.800048828125,1222.0,1244.9000244140625,8106606
2026-07-13,1234.5,1249.0999755859375,1226.300048828125,1244.300048828125,2437935
2026-07-14,1246.199951171875,1248.0,1231.199951171875,1234.5,1984818
2026-07-15,1229.5,1249.0999755859375,1226.4000244140625,1249.0999755859375,1685660
2026-07-16,1224.4000244140625,1235.0,1221.800048828125,1227.5,1935887
2026-07-17,1211.199951171875,1229.9000244140625,1201.199951171875,1227.5,2075149
2026-07-20,1223.0999755859375,1231.300048828125,1209.5999755859375,1213.300048828125,2212191
2026-07-21,1206.0,1230.0,1203.0,1224.699951171875,2182513
2026-07-22,1182.800048828125,1202.300048828125,1169.0,1191.0,2528082
2026-07-23,1166.300048828125,1171.5999755859375,1101.0,1101.0,6693935
2026-07-24,1151.699951171875,1166.300048828125,1131.4000244140625,1147.0,4750512
2026-07-27,1150.800048828125,1159.300048828125,1147.199951171875,1154.699951171875,1053461
2026-07-28,1135.5999755859375,1149.0,1130.199951171875,1145.0,2157306
2026-07-29,1142.300048828125,1147.800048828125,1131.0999755859375,1144.0,1280586
2026-07-30,1144.800048828125,1151.0,1139.0,1143.0,1350714
2026-07-31,1148.0999755859375,1154.300048828125,1141.699951171875,1152.0,1085841
2026-08-03,1180.0,1182.0,1160.300048828125,1166.199951171875,2150927
2026-08-04,1172.5999755859375,1174.0,1154.4000244140625,1174.0,2165315
2026-08-05,1176.0,1178.4000244140625,1157.699951171875,1171.800048828125,1883679
2026-08-06,1171.0,1174.4000244140625,1163.0,1174.0,1329196
2026-08-07,1172.0,1172.0,1162.0999755859375,1166.0,1072438
2026-08-10,1158.800048828125,1178.800048828125,1156.0,1172.0,1770609
2026-08-11,1205.0,1206.5999755859375,1155.0999755859375,1159.0999755859375,3936813
2026-08-12,1200.0,1206.800048828125,1190.0,1206.800048828125,2366909
2026-08-13,1206.0,1208.0999755859375,1182.0999755859375,1194.0,1799813
2026-08-14,1200.0,1205.9000244140625,1192.4000244140625,1205.9000244140625,2136998
2026-08-17,1192.0,1204.4000244140625,1178.199951171875,1204.4000244140625,2183094
2026-08-18,1178.800048828125,1189.300048828125,1176.0999755859375,1185.0,805633
2026-08-19,1170.0,1187.199951171875,1168.0,1171.9000244140625,1150424
2026-08-20,1180.0,1183.800048828125,1171.199951171875,1171.199951171875,1031107
2026-08-21,1174.699951171875,1185.0999755859375,1174.0,1179.0,1246756
2026-08-25,1186.0999755859375,1190.9000244140625,1181.0,1189.0,535142
