Date,Close,High,Low,Open,Volume
2021-08-25,2448.965576171875,2452.5258091281244,2412.6036838881846,2429.5029693443803,721584
2021-08-26,2448.253662109375,2454.1873840243275,2417.6356570282205,2434.724776143283,440543
2021-08-27,2445.738037109375,2455.706690661701,2418.6802631816327,2440.1364641369264,541875
2021-08-30,2424.708984375,2476.2136986087253,2416.971502508685,2450.1053181215834,926194
2021-08-31,2543.668212890625,2561.3743484753263,2416.2118510055575,2424.756411578858,2381821
2021-09-01,2566.358642578125,2626.977644804934,2527.3386221985425,2544.3802269885155,1997385
2021-09-02,2594.887939453125,2608.7492075637138,2550.598728590026,2566.2162394428965,898434
2021-09-03,2660.776123046875,2712.4231494540245,2575.7101870734227,2600.0620907830557,2305890
2021-09-06,2700.934814453125,2741.8538479031918,2660.7755754475934,2660.7755754475934,1197932
2021-09-07,2680.285888671875,2734.2591170828655,2664.0038481022643,2700.9352413790116,545226
2021-09-08,2658.3076171875,2680.2860320937634,2622.467934134347,2661.250836192369,616049
2021-09-09,2675.58642578125,2689.590009793755,2631.7243988247083,2656.4086825077684,456149
2021-09-13,2663.05419921875,2672.548153583166,2636.5186431274055,2672.548153583166,287427
2021-09-14,2677.580078125,2724.7649864105183,2667.4688773442444,2676.1559849265277,672701
2021-09-15,2698.134765625,2707.6287215777165,2659.4468951176814,2677.5804437017828,412751
2021-09-16,2715.460693359375,2737.486620417122,2699.6533525669242,2722.866023881942,570872
2021-09-17,2751.870361328125,2786.4282646686247,2719.3535655896508,2720.3029610856647,1375879
2021-09-20,2670.649658203125,2713.894671475065,2617.15112672592,2711.568698755626,1190719
2021-09-21,2709.95458984375,2715.176265416224,2647.6743802691294,2667.8015197549153,595121
2021-09-22,2698.989013671875,2733.7842650498774,2682.0422117610365,2715.2710533226773,424342
2021-09-23,2712.470458984375,2731.125987840515,2699.5110713408635,2707.2962998678126,452680
2021-09-24,2782.677978515625,2798.8652167983405,2716.6949967664486,2716.6949967664486,806905
2021-09-27,2733.642333984375,2842.4904476226443,2723.1989823064027,2814.957975017081,1331462
2021-09-28,2737.15478515625,2795.6374097932217,2719.543452000441,2736.15787350856,838118
2021-09-29,2699.368896484375,2743.753138429559,2691.5363831999307,2724.7652274369666,386614
2021-09-30,2649.0029296875,2702.78631676745,2631.2967986533313,2699.131051858315,861344
2021-10-01,2632.151611328125,2652.7061637846086,2612.926351695624,2645.9653627546077,411006
2021-10-04,2606.9453125,2630.775235022814,2570.963311599343,2620.3318833139538,874865
2021-10-05,2620.4267578125,2647.8641965720713,2590.9479795429384,2591.84985896083,452282
2021-10-06,2590.852783203125,2642.6423536822476,2576.279701463154,2629.8255145320013,589264
2021-10-07,2678.197265625,2714.2267795186785,2607.1351494982314,2615.584676974413,897524
2021-10-08,2675.34912109375,2727.565875901253,2672.073752831211,2696.283339151053,572893
2021-10-11,2707.438720703125,2751.9652786421675,2685.1279255995837,2686.7893677881457,622401
2021-10-12,2762.361328125,2784.956756321004,2707.7235689901363,2715.2712171000467,786357
2021-10-13,2758.7060546875,2809.973413184661,2710.7615805373775,2763.6903812080573,687451
2021-10-14,2708.815185546875,2775.6052514718676,2701.0301888290687,2757.993918646202,497012
2021-10-18,2683.32421875,2735.208593100124,2670.5073787615056,2735.208593100124,360160
2021-10-19,2566.880615234375,2698.846592214524,2551.263105323064,2698.846592214524,999095
2021-10-20,2517.037353515625,2573.811251906773,2483.9035426182472,2568.114878792999,1159620
2021-10-21,2528.57275390625,2561.4692172998607,2465.01053582427,2541.531910567727,816204
2021-10-22,2480.343017578125,2555.7724363272423,2469.187621542893,2555.7724363272423,519029
2021-10-25,2432.114013671875,2491.356202387398,2403.869496483727,2470.8018817531197,457696
2021-10-26,2459.17138671875,2480.770131646016,2441.7974048815986,2449.345051806678,677512
2021-10-27,2453.142822265625,2479.346229525266,2441.9874256748067,2460.8330181617803,430370
2021-10-28,2399.59716796875,2458.8868716173424,2391.289957199323,2453.1429823852786,1332301
2021-10-29,2359.05810546875,2401.9707379073607,2346.4786144500654,2401.9707379073607,1628906
2021-11-01,2430.452392578125,2437.1456769695737,2352.696996639343,2363.994709968567,1071806
2021-11-02,2413.790771484375,2442.7948531166353,2398.1732603857836,2429.5033148563816,657518
2021-11-03,2394.233154296875,2430.4525002086257,2378.425580018832,2411.7494550603164,930846
2021-11-04,2526.9111328125,2559.8075938775523,2421.9078987414505,2449.4403679940974,1389327
2021-11-08,2574.048583984375,2636.47133894868,2545.28185359039,2586.865423406704,3081804
2021-11-09,2586.39111328125,2604.7144957810046,2564.0327992475154,2564.5074970750425,726392
2021-11-10,2607.751953125,2625.600633947932,2572.8616703262946,2582.355624829344,861635
2021-11-11,2567.497802734375,2604.0968136822453,2550.5034842816394,2591.8497044962824,533140
2021-11-12,2585.203857421875,2602.6253569609885,2561.0417891366274,2587.1026483564488,879209
2021-11-15,2548.510009765625,2629.825645028357,2543.763032067018,2577.6088903436785,686532
2021-11-16,2573.146728515625,2600.536650241813,2515.945648339982,2548.557245434901,1233796
2021-11-17,2538.87353515625,2610.4105826111568,2528.1928352115838,2591.8023371042627,848875
2021-11-18,2471.5615234375,2562.086251588104,2444.693582561272,2539.633139165593,823299
2021-11-22,2419.107421875,2471.2766619465156,2389.533610878822,2468.428475244311,1013413
2021-11-23,2467.6689453125,2478.8243433781045,2378.90045857769,2407.667191010455,611137
2021-11-24,2408.569091796875,2485.47013446247,2397.2238608719354,2467.668967178767,455215
2021-11-25,2392.8564453125,2416.211668496462,2370.688198348989,2416.211668496462,525539
2021-11-26,2310.7333984375,2379.279932549954,2298.96098805387,2368.7415507720034,554629
2021-11-29,2291.271240234375,2323.740755068543,2245.6054511072566,2310.733849965646,342547
2021-11-30,2250.494140625,2323.1704003650907,2240.5730056647385,2293.5493120711244,1101715
2021-12-01,2314.9111328125,2356.826852125737,2264.3558215900316,2288.0431933549057,1691658
2021-12-02,2327.490478515625,2338.8832239974226,2303.9929409594174,2316.5249146321944,363180
2021-12-03,2331.288330078125,2370.7830465797165,2321.3196766281567,2326.019138325936,659154
2021-12-06,2320.41796875,2346.7636976727067,2301.3825398738627,2335.5132666615655,537938
2021-12-07,2346.7158203125,2362.808027522958,2317.664225582144,2330.860961974721,262328
2021-12-08,2378.758056640625,2389.5810731506303,2340.26002089307,2340.26002089307,404128
2021-12-09,2414.265380859375,2421.053698151009,2349.7539992375137,2378.7580798075287,831115
2021-12-10,2399.739501953125,2422.8573756617966,2389.1538345818617,2404.0592979417,325670
2021-12-13,2370.35595703125,2428.174288359193,2355.4504924126895,2425.6107348007736,403776
2021-12-14,2361.573974609375,2366.22615199442,2326.9685522881223,2351.6528372165153,395362
2021-12-15,2367.17529296875,2381.2261605263966,2349.753793342095,2354.500770702382,314822
2021-12-16,2346.098388671875,2382.5553117044724,2308.1700881738107,2375.3873299591082,680394
2021-12-17,2334.563720703125,2364.9443791262643,2292.8378315073,2341.2094897331867,670901
2021-12-20,2284.6728515625,2314.9587083692154,2240.953140575155,2297.537207490571,475319
2021-12-21,2294.356689453125,2314.484060772311,2269.197707090168,2294.6890706138383,333858
2021-12-22,2361.004638671875,2368.742120418946,2302.2844256576927,2302.2844256576927,625661
2021-12-23,2354.73828125,2377.2389091254845,2345.244325877558,2373.4888431105737,326496
2021-12-24,2314.53125,2377.998433349977,2309.1672580159625,2359.4377045406363,265892
2021-12-27,2315.5283203125,2324.3577456278763,2269.6724671080246,2322.2216055573513,345113
2021-12-28,2354.88037109375,2391.8595091371776,2327.9176331469043,2332.3322292555613,632949
2021-12-29,2432.588623046875,2441.560364176371,2345.0068880576764,2345.956283558914,693263
2021-12-30,2427.604248046875,2460.643257185473,2411.6543575883097,2432.588574328551,797282
2021-12-31,2460.73779296875,2472.4154025011853,2419.5816423129713,2428.553382297727,406763
2022-01-03,2581.21630859375,2595.2674071361407,2487.5110272024017,2487.5110272024017,2457647
2022-01-04,2568.11474609375,2587.0076232304637,2549.6015344305974,2577.6087007928027,736616
2022-01-05,2637.990478515625,2648.813494704312,2554.8233384406103,2554.8233384406103,1040082
2022-01-06,2674.58935546875,2685.3175706364395,2582.355678277043,2608.9387514357772,1056323
2022-01-07,2681.472412109375,2690.2070356646354,2643.828975289621,2682.0421420928915,572036
2022-01-10,2673.023193359375,2706.726735665984,2657.1208177640033,2677.3429895051736,493242
2022-01-11,2652.943359375,2685.839820130918,2640.6485024471863,2671.5988878926837,334700
2022-01-12,2673.402587890625,2685.7447288927438,2648.8608542772445,2660.206083687376,440995
2022-01-13,2689.3525390625,2694.384381480959,2653.0856779593164,2667.9436245578727,266122
2022-01-14,2677.01025390625,2701.0300046989087,2657.1204659581967,2694.3842366732874,324014
2022-01-17,2700.36572265625,2734.2590963475213,2662.105036860573,2662.105036860573,680219
2022-01-18,2597.783447265625,2714.606610365097,2587.1027478479045,2714.606610365097,1221493
2022-01-19,2581.12158203125,2607.79968914876,2549.554180646796,2597.7835199462634,769880
2022-01-20,2595.45751953125,2616.5340537229035,2574.855683099706,2587.1027925961216,521734
2022-01-21,2573.90625,2614.635224508328,2533.1770437056593,2585.678661564427,459191
2022-01-24,2521.974365234375,2591.042894753941,2488.840551691292,2558.8109606686835,465912
2022-01-25,2555.772705078125,2571.8649125660468,2462.3995642417162,2489.4100518471505,687092
2022-01-27,2510.0595703125,2553.874083151033,2440.183963650165,2553.874083151033,985827
2022-01-28,2478.823974609375,2607.9892704169665,2467.3837132144895,2520.8347227768127,871638
2022-01-31,2511.625732421875,2545.3292718287835,2499.6632567067113,2511.0560024217225,416447
2022-02-01,2489.504638671875,2548.6520200444465,2465.2475391903945,2524.157571706564,671852
2022-02-02,2534.648681640625,2584.7768112979966,2489.504878447759,2489.504878447759,1042951
2022-02-03,2535.693359375,2572.7197881897077,2506.4044120725403,2539.7282907201925,664625
2022-02-04,2498.2392578125,2542.38614912492,2483.618659640642,2540.7247069787536,380540
2022-02-07,2469.7099609375,2512.1954075721255,2432.0662920544382,2498.334141207099,448637
2022-02-08,2458.127197265625,2511.1510271699863,2451.0542473459195,2482.66916296768,386391
2022-02-09,2492.7802734375,2503.460973119182,2456.418610172231,2467.4314592168444,677550
2022-02-10,2506.73681640625,2529.189930090725,2483.191758687837,2492.923063786722,558179
2022-02-11,2466.672119140625,2492.543149594236,2451.671853884426,2492.1634840634606,731373
2022-02-14,2440.70556640625,2466.244208128349,2373.820711609151,2435.19902712223,675126
2022-02-15,2586.1533203125,2599.444857201037,2362.523165805662,2411.4645497774413,2216629
2022-02-16,2569.491455078125,2599.824595541613,2544.4750222334524,2570.963064489227,804882
2022-02-17,2584.966796875,2622.942619802188,2563.4630798568915,2591.8023986446883,572432
2022-02-18,2562.656005859375,2601.059010511528,2551.9753056404556,2566.4060720234784,311304
2022-02-21,2562.41845703125,2581.2640504392707,2533.4618942526454,2551.9751065209334,273281
2022-02-22,2587.57763671875,2591.8499168013896,2487.4639198061,2496.910359409397,575201
2022-02-23,2569.68115234375,2609.4134454186274,2561.3739419935905,2595.5521788628175,479284
2022-02-24,2484.71044921875,2555.060751572364,2456.608480256348,2497.195139663582,775965
2022-02-25,2495.39111328125,2539.633037604011,2480.2958170992442,2501.8470492293723,515028
2022-02-28,2458.74462890625,2482.6218341496406,2414.0755221548325,2468.428417108471,815191
2022-03-02,2381.17919921875,2448.4912546049527,2369.9287686342045,2444.503839438569,630235
2022-03-03,2287.568603515625,2410.5153286267573,2279.8311224103,2410.5153286267573,558686
2022-03-04,2220.87353515625,2279.4036779627913,2183.6097599056857,2278.5493146841936,862528
2022-03-07,2145.301513671875,2180.9988782647256,2080.1731194759004,2117.1520289608607,1513430
2022-03-08,2141.883544921875,2149.8583735912894,2050.26688854835,2137.0890517803637,1533255
2022-03-09,2177.011474609375,2191.5372726301966,2106.7086889913294,2159.874838871237,1577642
2022-03-10,2186.4580078125,2272.3307911585684,2175.77730760065,2254.81448916834,1021481
2022-03-11,2174.827880859375,2197.8507232083175,2141.0293061811567,2174.115834188789,621070
2022-03-14,2196.4736328125,2203.3092328958314,2122.6581452082123,2174.115326222753,681806
2022-03-15,2188.59375,2235.7786551122745,2164.716548359119,2202.5973321765537,611025
2022-03-16,2238.57958984375,2253.7226337215216,2204.8760490952814,2220.3512423313587,758341
2022-03-17,2313.62939453125,2338.3611944882996,2255.099252718575,2258.5169375609544,1229513
2022-03-21,2258.37451171875,2325.0220284609313,2251.966092189963,2325.0220284609313,480116
2022-03-22,2259.94091796875,2283.1063068557924,2211.1420827932543,2258.374508134158,661123
2022-03-23,2272.94775390625,2291.5557657721047,2243.4214625104805,2271.903326190258,439287
2022-03-24,2249.735107421875,2267.3464415061826,2231.0795772878996,2264.308422056017,568611
2022-03-25,2218.594970703125,2268.9129322896206,2207.3920574266654,2264.308271392301,446420
2022-03-28,2259.561279296875,2265.8746666275656,2198.040404831086,2231.0794144317883,690955
2022-03-29,2354.975830078125,2366.7957591631557,2240.621174265242,2258.1374770573757,1317033
2022-03-30,2360.719482421875,2390.7677579894043,2320.7498382171216,2362.1910918386993,1198770
2022-03-31,2332.806884765625,2368.741594454004,2313.059645278731,2358.155928139078,840572
2022-04-01,2355.639892578125,2368.504247001007,2299.4357295265813,2332.806886148625,745769
2022-04-04,2381.986083984375,2390.673192940861,2331.2884508133643,2368.7420615007272,660191
2022-04-05,2414.739990234375,2468.428353275316,2382.982756431171,2397.223689238528,1240010
2022-04-06,2402.634765625,2426.1323005349295,2394.422588562788,2402.9196305871637,469837
2022-04-07,2409.945556640625,2447.4466806358673,2384.881606988593,2395.32495797461,451071
2022-04-08,2425.8955078125,2443.601874218675,2388.2995824096643,2419.0599060834415,800707
2022-04-11,2416.78125,2435.1994297759097,2411.464542546125,2420.8634651747166,332108
2022-04-12,2394.185791015625,2409.186287355225,2369.7388551265954,2405.7683705941927,359805
2022-04-13,2365.371337890625,2425.705467399786,2354.0736243185083,2401.9705802432322,383935
2022-04-18,2383.932373046875,2403.0153174929674,2331.857931203977,2354.501109182099,322926
2022-04-19,2330.62353515625,2444.5982745762767,2298.581438416159,2388.6789747576,636517
2022-04-20,2408.4267578125,2448.0165072088753,2340.639774213166,2354.50104241924,1193877
2022-04-21,2517.322021484375,2539.1106005818488,2413.078355304817,2420.958383852595,1090334
2022-04-22,2498.33447265625,2503.5561483543725,2451.3393913731475,2497.812258729232,829575
2022-04-25,2462.874267578125,2515.8980994835324,2449.4404138367977,2477.9222791139696,630796
2022-04-26,2515.23388671875,2530.6615656927715,2480.7707790226505,2480.7707790226505,616251
2022-04-27,2521.072021484375,2537.686441333074,2473.175068906324,2492.162977304837,499338
2022-04-28,2544.33251953125,2567.165528521942,2531.088498165495,2548.130101674034,739026
2022-04-29,2497.2421875,2570.6302636816226,2487.415852771797,2548.177156045612,479794
2022-05-02,2423.33203125,2493.8246476340596,2393.9482866700087,2492.068173231971,497152
2022-05-04,2357.5390625,2432.3514807072174,2331.3358835124773,2395.325053014953,515077
2022-05-05,2310.4013671875,2401.2109501885843,2297.489496221865,2367.839792496301,477759
2022-05-06,2242.8994140625,2295.828214637496,2232.3612627954117,2288.043217681426,407390
2022-05-09,2225.66796875,2250.4945689377696,2193.1036559857357,2226.2849831249405,403218
2022-05-10,2293.312255859375,2318.138854490002,2216.7908888654624,2225.6678291544713,841473
2022-05-11,2268.248291015625,2310.449108743295,2233.927734515108,2274.9890921512233,459255
2022-05-12,2263.97607421875,2279.4987846461836,2214.1328063329006,2249.118126125285,419477
2022-05-13,2309.546875,2357.3490312354293,2276.5080969624405,2278.5492045771366,650616
2022-05-16,2485.469970703125,2495.391107591698,2368.409456001019,2392.3816930302874,2801368
2022-05-17,2569.728759765625,2577.323923784165,2468.570622636491,2477.922261048723,1462487
2022-05-18,2559.5703125,2629.7305484553826,2547.6078362776193,2562.418499049518,1173271
2022-05-19,2516.372802734375,2599.4449099742383,2489.3150306619623,2489.3150306619623,1592952
2022-05-20,2570.77294921875,2582.355526916102,2517.9389553409496,2557.6237300161965,687007
2022-05-23,2602.577880859375,2627.451996127664,2577.65624945979,2583.305106219828,892535
2022-05-24,2581.691162109375,2629.7304340836517,2565.3616062928777,2606.992458809453,481731
2022-05-25,2550.21875,2610.6954316337606,2537.7342913000443,2595.6474195339774,556605
2022-05-26,2587.19775390625,2600.299226297136,2529.142080365494,2563.462866551732,854405
2022-05-27,2603.33740234375,2625.0784658200464,2591.564759483299,2597.7358300177766,404877
2022-05-30,2618.860107421875,2654.509956666355,2604.049675919814,2615.8696041550616,589423
2022-05-31,2640.031494140625,2676.013490297185,2579.697364729342,2629.8254926798636,1766731
2022-06-01,2631.439453125,2675.396511000774,2612.736408188123,2629.967843747198,358924
2022-06-02,2585.725830078125,2644.3985108404004,2577.6559693589797,2636.850632150768,558032
2022-06-03,2549.3642578125,2626.6449585385344,2526.8161147632322,2602.293056759729,808873
2022-06-06,2518.84130859375,2559.570283069132,2504.5528598774267,2547.2281414964696,906875
2022-06-07,2513.904296875,2522.3540560483293,2478.4920295179495,2496.340479809626,453936
2022-06-08,2515.091064453125,2539.4431987614516,2486.6091986791876,2526.4365264152234,260633
2022-06-09,2578.55810546875,2586.5804508608903,2488.3655355057417,2506.4040494983433,531562
2022-06-10,2575.56787109375,2598.448165315143,2537.0223181429815,2537.0223181429815,666106
2022-06-13,2564.127685546875,2586.675831070703,2531.2785050377474,2549.127188693816,556912
2022-06-14,2584.966796875,2612.8789340120716,2540.77238658628,2553.304361795046,739832
2022-06-15,2582.450927734375,2611.8821897782777,2567.1180505334382,2605.141388660265,339705
2022-06-16,2518.271240234375,2609.8878942146266,2498.0965884511593,2598.0204519892054,542478
2022-06-17,2472.985595703125,2531.753088025767,2454.2350334336297,2496.435619627264,836170
2022-06-20,2490.501953125,2527.1959995465,2468.380989772535,2468.428505908701,717655
2022-06-21,2566.026123046875,2573.811119544808,2498.951194010005,2508.4926648420956,1177839
2022-06-22,2528.0029296875,2575.7100547337104,2508.3980048456033,2562.418517407403,273509
2022-06-23,2676.3935546875,2682.042411817132,2530.2341570449707,2530.2341570449707,1338537
2022-06-24,2732.26513671875,2762.313642485359,2688.64046112854,2694.2420334860994,1078547
2022-06-27,2704.163330078125,2762.6934716934566,2692.4857187208277,2761.7915922986203,532402
2022-06-28,2718.87890625,2740.0504724673915,2676.108592193178,2684.6056356453337,770778
2022-06-29,2740.52490234375,2775.03528666647,2686.789029048386,2704.922574220317,856258
2022-06-30,2652.943359375,2762.7408542173807,2643.164539547545,2734.211473609584,928852
2022-07-01,2641.977783203125,2667.6114611156017,2611.2172306365496,2634.572452115653,367512
2022-07-04,2654.889404296875,2663.528995803582,2606.802616370588,2652.4211151421046,443843
2022-07-05,2663.624267578125,2699.985931984378,2648.8136041737116,2672.5484930999996,616329
2022-07-06,2760.794677734375,2772.2349401975307,2664.953245593996,2667.801432176391,1058465
2022-07-07,2795.21044921875,2808.3121547156034,2769.7666010541134,2794.071220868161,650305
2022-07-08,2783.248046875,2831.9045681093876,2748.500077532717,2802.615623100719,617742
2022-07-11,2892.665771484375,2898.5519772263483,2760.747081349037,2780.779419110637,1346332
2022-07-12,2804.56201171875,2884.738420727833,2792.647051035353,2884.738420727833,1069397
2022-07-13,2817.236083984375,2843.3919760880385,2793.121531255579,2805.9383703690905,768270
2022-07-14,2805.55908203125,2854.6903052376206,2754.054369781093,2827.205116681747,901976
2022-07-15,2880.466064453125,2891.194280397778,2796.6343920276245,2819.135019937902,536541
2022-07-18,2882.83935546875,2922.2392676215422,2859.5791663664995,2901.210250596562,568164
2022-07-19,2921.954345703125,2932.6825607025844,2862.4272970276115,2867.174274302947,728004
2022-07-20,2890.9091796875,2953.5692801339287,2874.769456845238,2931.7331845238095,432912
2022-07-21,2925.277587890625,2935.6261386892643,2877.6179765692505,2898.5046791375526,469152
2022-07-22,2988.317138671875,3018.1280623646026,2921.8594587833813,2929.0272088282745,1461794
2022-07-25,2930.4990234375,2994.2983542436777,2912.840406329956,2981.1018495983944,623585
2022-07-26,2870.307373046875,2942.0815315632526,2855.734059856607,2933.632004588064,676813
2022-07-27,2902.681640625,2908.0458641452747,2861.003271870965,2870.3073939090473,527215
2022-07-28,2899.453857421875,2924.1381404254666,2877.712793183116,2909.992240187813,486390
2022-07-29,2936.9072265625,2985.848607002684,2911.226033998808,2926.9860907438074,570564
2022-08-01,2932.113037109375,3014.852995914226,2916.922708759038,2952.5250408301404,891876
2022-08-02,2963.015625,2988.6968177742233,2765.6364075443653,2900.4030426620875,1843785
2022-08-03,2979.392822265625,3009.583644616136,2915.166311333881,2970.658430285139,1218915
2022-08-04,2986.6083984375,3034.742703739803,2944.075433848625,2991.54520866076,928111
2022-08-05,2933.25244140625,3018.887869496227,2910.846614801009,2992.494628132022,518285
2022-08-08,2959.0283203125,2985.943774503073,2916.6851897907877,2933.6319915827785,595708
2022-08-10,2994.91552734375,3008.966626662102,2959.598062204002,2973.5066131301996,814819
2022-08-11,3015.707275390625,3100.6781722397586,2980.3422931824657,3091.231733416526,2187872
2022-08-12,3067.98486328125,3078.7366445880093,2992.340201907798,3037.2587549227023,1327610
2022-08-16,3190.220947265625,3193.9959706430054,3068.7974451629834,3075.4874427077175,1700743
2022-08-17,3247.1337890625,3281.252730193342,3187.4016675699195,3191.128858619617,1654567
2022-08-18,3260.322265625,3285.74434838841,3225.2476125856983,3249.427220628445,591901
2022-08-19,3272.4599609375,3306.7699955950447,3243.9796408993175,3260.9435621194943,1151041
2022-08-22,3214.3046875,3263.810712850768,3182.6228659007484,3250.382886252137,928071
2022-08-23,3311.3095703125,3325.8842065625226,3190.3161032595704,3212.1542581197236,1604447
2022-08-24,3297.8818359375,3319.6721590466495,3242.7850241389383,3302.9949985221074,856684
2022-08-25,3327.27001953125,3358.0917919636713,3257.837499925772,3301.991434233012,1244869
2022-08-26,3206.515625,3300.8445351390556,3193.135631126983,3287.6556373699377,1742915
2022-08-29,3145.827880859375,3190.937529044588,3099.045500066149,3143.3429314556447,1436918
2022-08-30,3210.00390625,3247.133482799239,3170.1028528563456,3174.6903260200143,1236651
2022-09-01,3260.513427734375,3282.781373528893,3097.4685534060104,3097.4685534060104,1592544
2022-09-02,3270.548583984375,3315.3714719251484,3263.7629220594936,3298.16862196993,1038097
2022-09-05,3249.905029296875,3294.3457244482656,3229.4050133604983,3292.3864643403913,561306
2022-09-06,3259.319091796875,3272.4601583234485,3249.4273592981613,3260.8959264486257,355149
2022-09-07,3233.80126953125,3267.5858494902027,3211.867682021537,3211.867682021537,662832
2022-09-08,3274.037109375,3310.1153114851672,3250.000996532383,3250.000996532383,640524
2022-09-09,3319.33740234375,3328.751276920562,3275.279134684839,3306.7698587841355,567370
2022-09-12,3382.2236328125,3395.6514596663155,3311.644301856554,3329.7072010913153,761569
2022-09-13,3366.0244140625,3423.4629137781385,3355.033704022262,3397.562973308401,528699
2022-09-14,3384.947265625,3406.116233477136,3299.124117637206,3299.124117637206,508971
2022-09-15,3461.83447265625,3509.381236412106,3395.9858821127364,3401.9112612819217,1625125
2022-09-16,3391.82861328125,3479.180769950916,3373.8611453899234,3474.020008249463,957393
2022-09-19,3431.25146484375,3472.777182720189,3338.7383224891923,3392.7361521009666,517408
2022-09-20,3547.18017578125,3572.6976917099673,3459.684516549209,3464.1284931078108,854400
2022-09-21,3518.986328125,3619.5273813382955,3508.7602363049236,3555.255623098147,883098
2022-09-22,3582.732666015625,3593.388783214648,3507.8523847862652,3517.0273320273423,659825
2022-09-23,3525.102783203125,3607.294176164591,3489.693537592963,3597.3070128716176,436539
2022-09-26,3359.85986328125,3507.4219880054407,3318.4295746602397,3507.326556617835,979894
2022-09-27,3412.42431640625,3454.9057526465176,3332.8611341357596,3386.8589695505666,651919
2022-09-28,3467.61669921875,3503.3603048111886,3372.7142647685296,3372.7142647685296,670814
2022-09-29,3463.602783203125,3515.354596733133,3445.3485546721795,3485.2017770022544,578779
2022-09-30,3508.999267578125,3530.2160696073292,3425.1353723988714,3463.4593599993023,517861
2022-10-03,3309.9716796875,3614.414142145785,3292.386404723067,3613.55409300599,2180504
2022-10-04,3397.5625,3421.359679875327,3360.910783075046,3367.9353727144867,961129
2022-10-06,3374.960205078125,3437.559462393149,3364.1127595249304,3402.3413136104414,530684
2022-10-07,3343.61279296875,3392.7842247147446,3313.9856631191283,3374.960254443098,458833
2022-10-10,3375.19921875,3385.138549731726,3298.455347820179,3307.725725754236,412736
2022-10-11,3257.072998046875,3393.4054936741786,3242.259432474772,3391.971922812362,661794
2022-10-12,3305.049560546875,3315.0367235264584,3227.445643270174,3273.367740027429,660964
2022-10-13,3317.47412109375,3397.5151621025816,3292.4344629901393,3314.22478708871,753969
2022-10-14,3323.208251953125,3397.467173653532,3316.136062583023,3387.6711063980265,387253
2022-10-17,3359.04736328125,3368.8912624300933,3311.835193246992,3316.327001597851,492114
2022-10-18,3452.51611328125,3461.5953944096022,3373.6218921791724,3375.867912947612,522357
2022-10-19,3452.324951171875,3521.8052966545442,3440.712888690518,3469.145373785626,645494
2022-10-20,3489.454833984375,3497.9129956249067,3402.341602301822,3437.7030178313635,515240
2022-10-21,3468.763427734375,3521.518785727962,3409.987025804174,3489.45453931008,532326
2022-10-24,3479.9453125,3521.7099621419684,3469.814885429382,3521.7099621419684,63729
2022-10-25,3546.31982421875,3559.0786985991417,3488.3558673165594,3514.1601435953394,571186
2022-10-27,3546.31982421875,3575.3736678779424,3498.8687206153213,3575.3736678779424,583285
2022-10-28,3579.865234375,3606.0041020934464,3533.417446886022,3556.211316054028,478514
2022-10-31,3679.9287109375,3692.974346277096,3591.5730034341186,3597.785144073374,678149
2022-11-01,3630.183349609375,3717.3922373432497,3585.7904884916547,3717.3922373432497,746053
2022-11-02,3564.048095703125,3679.307281056889,3531.3627282132543,3679.307281056889,1177767
2022-11-03,3512.487548828125,3581.0600218921118,3486.778937972506,3534.230040287438,738117
2022-11-04,3504.50732421875,3563.8572527324586,3483.5772824376004,3531.362979041683,631943
2022-11-07,3588.848876953125,3598.262751986302,3517.027072326585,3517.218168436538,505944
2022-11-09,3567.6318359375,3624.0189509734873,3532.605017979623,3624.0189509734873,490411
2022-11-10,3536.953857421875,3573.7964413672944,3475.0713827944637,3573.7964413672944,442138
2022-11-11,3363.7783203125,3573.4142567058298,3345.9543494857207,3564.8128316428847,2463500
2022-11-14,3360.863525390625,3407.119983873917,3343.0871538824576,3380.598923690887,659139
2022-11-15,3352.596435546875,3400.33429685776,3344.9985569190185,3364.112834387127,552511
2022-11-16,3347.91357421875,3425.087470494826,3305.623234773346,3359.382140848012,1048177
2022-11-17,3289.424072265625,3344.9987437772284,3269.545175922601,3344.9987437772284,889808
2022-11-18,3240.109130859375,3304.4287246106587,3226.538039804217,3297.1173730948603,868754
2022-11-21,3228.974853515625,3259.9398884118546,3215.9770520392526,3240.299922453597,631291
2022-11-22,3225.582275390625,3257.025169666794,3205.4644509394934,3230.7430371680357,461525
2022-11-23,3231.1728515625,3267.537810101744,3225.534233197378,3241.733536236165,738556
2022-11-24,3227.7802734375,3252.198575708776,3198.105311648302,3247.372407415967,407602
2022-11-25,3262.90283203125,3270.6918067764414,3201.6414793486974,3243.931818292333,512690
2022-11-28,3288.993896484375,3296.7352728161954,3251.4345248861528,3262.5206667166967,435882
2022-11-29,3264.814208984375,3311.30959492068,3254.2056918117946,3297.5950077045204,456872
2022-11-30,3330.184814453125,3349.299090902849,3265.7219637921457,3268.350176803983,1151772
2022-12-01,3285.21875,3344.9987020407616,3278.0987279999463,3335.0593706575632,518865
2022-12-02,3184.29541015625,3282.8772043439058,3177.7486766938823,3282.8772043439058,1453049
2022-12-05,3196.2890625,3211.198290752776,3178.7996870435686,3180.711114597588,518257
2022-12-06,3153.569091796875,3190.1729806310072,3133.021243060037,3187.305838946797,944559
2022-12-07,3115.484130859375,3177.6531350001223,3109.893111068272,3153.617023124625,943407
2022-12-08,3175.168212890625,3182.5271629681083,3130.9186143794363,3139.4243744265077,862490
2022-12-09,3209.478271484375,3214.0657447259714,3178.84759528596,3187.305756366671,660249
2022-12-12,3173.400390625,3204.4610945090967,3141.431805139243,3193.0403592851267,541993
2022-12-13,3166.2802734375,3194.1392413709877,3154.859538555505,3159.5902758781695,584450
2022-12-14,3220.182373046875,3235.091603457763,3177.7487685367983,3181.571624198196,676995
2022-12-15,3157.20068359375,3232.558813523142,3150.558519043792,3218.8442265305735,338209
2022-12-16,3145.684326171875,3199.0610383864673,3134.7414491811505,3144.298587745727,771552
2022-12-19,3238.818603515625,3258.5064023429545,3136.7961490647936,3146.210023907613,890120
2022-12-20,3166.710205078125,3228.7837768013255,3145.2544744870115,3220.7558732972434,711013
2022-12-21,3128.290283203125,3201.64131940135,3117.5385026528966,3182.5270428676104,485199
2022-12-22,3064.06640625,3150.1760833170133,3054.9871247615483,3129.007115072737,613152
2022-12-23,2975.758544921875,3058.284535002521,2967.539545231212,3048.823060553794,581956
2022-12-26,3021.250244140625,3085.6652607989436,2951.4353045260873,2977.048480980007,530294
2022-12-27,3060.004638671875,3070.851850826416,3010.498614785247,3034.3436285763228,422130
2022-12-28,3069.322998046875,3090.3965360416873,3034.965130278082,3046.9591529657855,318724
2022-12-29,3135.888427734375,3336.1583237876766,3023.1620189705272,3040.173773195773,881072
2022-12-30,3084.80517578125,3151.944069313473,3074.7701810184267,3144.298359017989,663451
2023-01-02,3085.85693359375,3106.0223569797,3061.4383966702926,3084.0887695391507,381581
2023-01-03,3071.138671875,3096.5129216486703,3064.0186502486536,3085.8568053886265,323237
2023-01-04,3072.859130859375,3099.236927949996,3046.9115916885694,3081.22162752216,372617
2023-01-05,3113.428955078125,3122.2214758115083,3060.7214297073506,3086.0000143140437,383751
2023-01-06,3106.6435546875,3133.64247112856,3093.693585268639,3115.6271716054835,242107
2023-01-09,3118.064208984375,3130.0584642406393,3086.1910593585358,3122.2214241560678,391801
2023-01-10,3027.271728515625,3121.1706228477597,3004.9078823874543,3117.5388632205936,607830
2023-01-11,2998.3134765625,3033.913819857409,2959.5592306858134,3027.2716548211242,856148
2023-01-12,2965.8193359375,3013.3182729166983,2957.934695795235,3010.498963410336,690116
2023-01-13,3022.014892578125,3054.4613296867756,2924.4842518277637,2967.491373178172,964656
2023-01-16,3000.03369140625,3039.0744632734068,2962.713017854336,3015.802970372249,653373
2023-01-17,3039.122314453125,3050.6387134047213,2986.6058832674667,3012.4101580988977,495809
2023-01-18,3036.87646484375,3050.638651141528,3010.4986688896656,3030.568660015597,330814
2023-01-19,3026.458984375,3039.2178575290827,2996.210734531378,3022.9707221743943,320900
2023-01-20,3010.9765625,3053.410165208878,3001.9929454084845,3034.3915524321537,389881
2023-01-23,3061.486328125,3081.795249251122,3006.437112117578,3026.077080154677,424691
2023-01-24,3083.658447265625,3091.5909185722026,3037.593088185599,3076.8249535115956,367438
2023-01-25,3071.52099609375,3091.734250334057,3042.371724181791,3083.658515109409,353061
2023-01-27,3029.374267578125,3120.3581881885116,2989.473210500631,3086.908200219355,627913
2023-01-30,3050.113037109375,3067.841576373763,2961.8051673078076,3020.1515467578292,656403
2023-01-31,3118.8291015625,3131.8745031863555,3036.3031115724907,3059.2880779213438,612164
2023-02-01,3156.818359375,3206.371980116064,3096.5127250101964,3134.741277170816,885327
2023-02-02,3074.818603515625,3173.63933471975,3043.948995607169,3120.4061132362344,613267
2023-02-03,3169.816162109375,3177.7486339364973,3057.854375000008,3090.2051496671443,500037
2023-02-06,3116.2958984375,3153.903329285351,3078.0195146044975,3149.0769279955484,346025
2023-02-07,3129.67626953125,3152.900164025345,3096.5608761444446,3131.9222905333313,447240
2023-02-08,3085.044189453125,3132.7820477636146,3061.1513441196903,3129.962738679983,378309
2023-02-09,3093.789306640625,3105.6402995669523,3053.5060571523554,3092.7381612972945,265006
2023-02-10,3070.08740234375,3098.7109847673064,3056.516079351423,3082.224921268478,328745
2023-02-13,3108.6025390625,3127.095695261691,3074.7225299834026,3082.1771446268194,405135
2023-02-14,3035.060546875,3153.855829796381,3005.7201771847326,3117.4908696992234,1519235
2023-02-15,3164.511962890625,3193.947997455302,3061.151598713214,3061.151598713214,2093492
2023-02-16,3143.438720703125,3195.907321130682,3123.3208961935666,3182.479494003873,679170
2023-02-17,3139.52001953125,3150.9885858126427,3096.7039920816683,3141.4792796033703,491317
2023-02-20,3144.776611328125,3187.3058801942857,3135.1716398960043,3153.85589344562,515895
2023-02-21,3129.150390625,3152.0399238635387,3120.453534637232,3144.298548391691,494115
2023-02-22,3105.783203125,3125.3275043862386,3072.7156444291077,3125.184240642409,570379
2023-02-23,3098.37646484375,3129.819590460249,3078.2586416647405,3120.4057157199845,527729
2023-02-24,3063.636474609375,3105.9744123820637,3024.8343981609332,3105.9744123820637,684029
2023-02-27,2992.387939453125,3063.445125218499,2964.6722374072187,3058.2843636862103,482530
2023-02-28,2968.3515625,3040.1257661868644,2954.254783169206,2993.2957873930395,974100
2023-03-01,2999.794677734375,3004.6686783700984,2950.001892839711,2968.447216802363,522394
2023-03-02,2987.083984375,3019.052569696911,2960.132897347112,3015.373210945123,970565
2023-03-03,2988.803955078125,3011.358661830103,2975.9496505245306,3002.04045183841,337278
2023-03-06,3025.981201171875,3028.7529113852856,2993.6780257786904,2999.030116769112,362693
2023-03-08,3062.489501953125,3069.322996277541,3010.5944242844653,3025.7901818346386,657256
2023-03-09,3007.344970703125,3077.3510159321804,3002.9488266312906,3068.797422941926,419727
2023-03-10,2978.10009765625,3007.822659156004,2958.07770532264,2996.1151641933975,362000
2023-03-13,2899.0625,2984.6467278593723,2891.0345964355497,2978.9602767238375,351244
2023-03-14,2883.293212890625,2914.9274367653184,2853.2838893320845,2899.0624924665685,727498
2023-03-15,2873.736328125,2924.245906266041,2869.053422864827,2909.9580286573364,288927
2023-03-16,2901.021484375,2944.554295783637,2863.3186206321893,2887.8804192769717,439612
2023-03-17,2842.866455078125,2922.572895253613,2811.949019313258,2916.838612267504,692626
2023-03-20,2821.267578125,2857.4890434693516,2780.4108067954458,2842.8668067090234,561183
2023-03-21,2804.8291015625,2843.2487523231334,2797.3744867394325,2835.4119452849673,490092
2023-03-22,2816.05859375,2837.418657559797,2802.0096473077942,2818.8779028440385,222875
2023-03-23,2798.04345703125,2819.3559230474607,2783.85124602594,2811.9013081784324,379191
2023-03-24,2780.7451171875,2801.197300289434,2758.811297620632,2795.463017177276,542971
2023-03-27,2757.760498046875,2799.286223456672,2743.854813091193,2784.5683216221078,375285
2023-03-28,2726.078369140625,2766.6007804913174,2710.4047537409815,2766.6007804913174,1079359
2023-03-29,2803.777587890625,2817.2532460880047,2723.784387798877,2731.9079552712597,765293
2023-03-31,2818.2568359375,2832.1146865463097,2791.640112298806,2793.6472046839244,546110
2023-04-03,2871.251220703125,2914.92729781117,2849.0787056281138,2914.92729781117,1170652
2023-04-05,2803.82568359375,2875.7431553246165,2792.7871412670147,2849.9388797534084,1033837
2023-04-06,2830.53759765625,2838.47006909418,2796.418660663155,2818.113317892538,586845
2023-04-10,2838.900390625,2854.7175027983567,2820.4550651497702,2848.027505302679,416883
2023-04-11,2918.94140625,2923.528879729285,2838.900365492456,2838.900365492456,618391
2023-04-12,2989.807373046875,3005.719914557222,2900.5913960830426,2900.5913960830426,746284
2023-04-13,3070.756591796875,3088.3416342182018,2993.295933568038,3000.941644764891,1337741
2023-04-17,3086.0,3109.8928460823786,3064.018581604212,3091.734283059771,539975
2023-04-18,3119.020263671875,3132.830283386551,3073.432755573245,3085.6657072957687,577513
2023-04-19,3143.91650390625,3153.85583502459,3113.811516390106,3119.4023026459527,646164
2023-04-20,3103.155029296875,3162.170359357606,3077.446420140311,3162.170359357606,483671
2023-04-21,3058.95361328125,3115.57966519235,3052.6460411667954,3096.5132184297763,443737
2023-04-24,3041.84619140625,3074.9615840982106,3018.240105177945,3062.1072790463327,379317
2023-04-25,3075.439453125,3102.725131239007,3016.376288298011,3034.391588382519,574542
2023-04-26,3104.493408203125,3134.741660467356,3082.703084141475,3086.955964423646,881684
2023-04-27,3119.020263671875,3125.566764138779,3092.92922654354,3104.445626142392,464406
2023-04-28,3154.906982421875,3158.634172985953,3120.7402133797427,3129.9627584051423,416242
2023-05-02,3207.519287109375,3233.944917882928,3177.7488908319688,3179.612486372902,838718
2023-05-03,3200.064697265625,3218.748717154315,3174.1169251521133,3218.748717154315,577763
2023-05-04,3191.415283203125,3232.654242204995,3173.925673207181,3193.039950070819,325535
2023-05-05,3206.515625,3241.829205020569,3177.5096163795642,3191.4152995347367,518154
2023-05-08,3242.6416015625,3256.499453127816,3211.2943722707246,3221.7115604608025,322909
2023-05-09,3232.128662109375,3258.984315341422,3222.0460673860675,3258.984315341422,347387
2023-05-10,3265.435302734375,3271.2174182027666,3206.2288762883923,3246.177761954414,386746
2023-05-11,3254.49267578125,3273.176929682516,3237.0508966483226,3273.176929682516,408412
2023-05-12,3465.753173828125,3485.966429360563,3359.2865060089666,3364.1129078407625,3665298
2023-05-15,3496.479248046875,3540.9199436965073,3469.2414023261326,3469.2414023261326,1269701
2023-05-16,3472.299560546875,3521.8055853182864,3450.127045589963,3506.5141635095774,1035562
2023-05-17,3468.046875,3475.262561736335,3425.4697733480602,3463.5072338959694,755786
2023-05-18,3417.776123046875,3488.3078545604644,3412.328600557675,3474.9756925049373,1235091
2023-05-19,3412.758544921875,3420.499920554646,3355.9892347101536,3408.2189040661515,762689
2023-05-22,3388.435791015625,3418.3975150318283,3370.8029162735606,3411.850781502924,303121
2023-05-23,3442.09912109375,3447.9288356249654,3373.717747951914,3388.4356480199554,374270
2023-05-24,3450.987060546875,3463.5070053601544,3420.4042172324366,3440.5698728743255,374043
2023-05-25,3489.789306640625,3519.177509072283,3447.1643733595324,3450.9872289603986,725887
2023-05-26,3526.918701171875,3533.751961870837,3450.1269999604383,3487.399840126216,394991
2023-05-29,3547.084228515625,3553.535297196996,3507.4699349083307,3536.1413512699796,516724
2023-05-30,3515.450439453125,3557.9318771173657,3507.852327021447,3547.084430644306,598100
2023-05-31,3509.33349609375,3561.9455912701783,3494.3288350098173,3515.450204855087,1188672
2023-06-01,3551.480712890625,3567.6800169582157,3523.717177210003,3549.2346918763997,622442
2023-06-02,3535.56787109375,3582.0156594760206,3495.0456954919446,3555.2556705578436,987424
2023-06-05,3510.576171875,3552.8665130185295,3502.7871967246356,3548.70906411705,340655
2023-06-06,3541.015625,3557.1670963996658,3517.027113044269,3517.122777764645,385907
2023-06-07,3562.327880859375,3574.369969274462,3533.465367880149,3541.0156476519724,342012
2023-06-08,3495.427734375,3562.0411762440563,3483.003454350889,3562.0411762440563,511175
2023-06-09,3422.697998046875,3504.7937230003263,3417.7283327791624,3490.2669193991005,447350
2023-06-12,3431.586181640625,3456.3390765805734,3398.5183896918347,3435.7912291738317,358856
2023-06-13,3433.545166015625,3479.51509414159,3424.3226209735126,3440.5219235753125,612123
2023-06-14,3413.857666015625,3480.9965632201242,3405.351672849512,3454.905528743978,456603
2023-06-15,3378.161865234375,3448.980358337162,3373.670056583961,3429.9615117887283,428887
2023-06-16,3382.175537109375,3406.0683825588144,3335.4412247417,3392.7840538203536,610093
2023-06-19,3341.796875,3411.0861319184874,3338.308612638297,3409.7960581661223,336012
2023-06-20,3404.348388671875,3411.8984347338333,3311.596313129152,3349.5859385579106,378562
2023-06-21,3412.32861328125,3426.7599863575906,3378.496434892839,3417.6328720386377,538051
2023-06-22,3401.003662109375,3469.241542928093,3388.0058594160027,3428.958294376771,559681
2023-06-23,3382.462646484375,3406.833351354212,3354.364750671765,3406.833351354212,281640
2023-06-26,3394.361083984375,3414.096715460575,3365.0685471059815,3392.7364170658593,346202
2023-06-27,3379.16552734375,3423.5583927179423,3363.1573190193467,3388.1015459189593,336518
2023-06-28,3387.8623046875,3411.80274975644,3381.219906825598,3388.005568432309,657118
2023-06-30,3421.55126953125,3440.5698819360764,3350.0638264297513,3383.3227152875156,712382
2023-07-03,3470.053955078125,3503.647205795711,3426.7600681443905,3431.9208299442403,734331
2023-07-04,3251.1474609375,3401.2423695619973,3237.050681479416,3397.610610222335,4118019
2023-07-05,3163.174072265625,3271.7908633855795,3134.741583814865,3259.7490082741756,2931606
2023-07-06,3079.50146484375,3143.4864675838885,3065.9303733233137,3106.070359507721,3837528
2023-07-07,3043.757568359375,3104.1586380498,3035.347239669386,3068.367200419037,2099192
2023-07-10,3033.34033203125,3088.8674043833166,3020.0560018104206,3067.841698041598,1778576
2023-07-11,3108.985107421875,3117.5387000465985,3043.0408492050706,3056.325178905717,1425815
2023-07-12,3145.87548828125,3160.5457896171047,3091.7343905084167,3127.0958039392704,1573745
2023-07-13,3112.9033203125,3158.634322058608,3101.2914901906756,3158.634322058608,1050165
2023-07-14,3198.8701171875,3215.977302822041,3111.8044867722338,3129.9630510377965,1577337
2023-07-17,3201.5458984375,3224.57869674569,3177.7965480333105,3201.6415631588807,1556115
2023-07-18,3200.9248046875,3219.800154360584,3170.58088812444,3206.420159655613,743048
2023-07-19,3182.67041015625,3207.901395998802,3173.0178401898143,3200.6857097068437,658755
2023-07-20,3170.198486328125,3194.951381564605,3150.9885447258457,3194.951381564605,684856
2023-07-21,3168.66943359375,3188.261568532273,3147.213703217037,3168.00048052986,536479
2023-07-24,3161.3583984375,3174.738393380283,3136.653100158138,3171.05880143958,517007
2023-07-25,3178.895263671875,3215.9770065798766,3166.040959449476,3178.274143019862,865631
2023-07-26,3205.129638671875,3211.198514910949,3179.08643643041,3199.204259506504,552958
2023-07-27,3180.52001953125,3218.1274527590554,3173.3521656755242,3211.198527365187,748689
2023-07-28,3206.611328125,3209.765230756626,3182.1927905717325,3201.450566239501,338430
2023-07-31,3216.454833984375,3226.441996653125,3171.4884524682784,3201.641269899764,485771
2023-08-01,3264.622802734375,3282.877030353944,3217.9363217903865,3225.534200129421,1039321
2023-08-02,3185.107666015625,3278.0986750973702,3134.7415901805753,3278.0986750973702,1174483
2023-08-03,3230.026123046875,3235.091453228725,3155.146081253634,3184.725378894396,601722
2023-08-04,3210.768310546875,3324.7850123839717,3201.641197184711,3268.5411624990184,1235134
2023-08-07,3207.232666015625,3227.5891859392095,3191.7977461418795,3211.150953107881,438968
2023-08-08,3222.66748046875,3235.139594340911,3145.254649532223,3195.907489527728,881723
2023-08-09,3261.46923828125,3263.762858232323,3184.4386072123284,3225.534303523892,1096303
2023-08-10,3263.47607421875,3282.6860161546792,3230.4085146280563,3260.8956934599814,640761
2023-08-11,3239.10546875,3268.5415032225164,3226.9201166546527,3268.5415032225164,366412
2023-08-14,3226.060546875,3258.237135159227,3175.4768467727595,3258.237135159227,650028
2023-08-16,3214.948974609375,3234.032661547448,3175.2357220679655,3234.032661547448,502272
2023-08-17,3187.1689453125,3210.8907402128916,3180.69503283051,3207.0256896679466,484577
2023-08-18,3236.59326171875,3255.3386615793834,3164.413257614175,3186.734017776434,680218
2023-08-21,3252.005126953125,3258.2374735161593,3203.643636845441,3232.1000231151397,407887
2023-08-22,3230.602294921875,3255.3387119387353,3216.6882077898636,3247.801816448914,343014
2023-08-23,3244.709716796875,3265.9674933810115,3217.944290733092,3230.6021888840046,347738
2023-08-24,3228.9111328125,3261.1360829867003,3207.9916431158063,3251.473457555629,840229
2023-08-25,3228.427978515625,3248.7194917761553,3211.4702597281903,3228.283133496768,463506
2023-08-28,3235.38525390625,3251.4250704472533,3221.5192921653784,3236.931132420115,329661
2023-08-29,3242.149169921875,3256.3048220418736,3235.481816726069,3246.6421964571796,271577
2023-08-30,3290.8486328125,3296.887773664024,3243.26020290249,3254.3722220692944,903102
2023-08-31,3224.03173828125,3294.9553155206145,3209.9242106039537,3294.9553155206145,835737
2023-09-01,3285.67919921875,3291.525135037983,3210.0210275468576,3236.9796593030546,691510
2023-09-04,3318.29052734375,3344.234771842274,3295.1969461644367,3314.2806320193586,661736
2023-09-05,3288.62646484375,3327.808461241541,3281.9109868196556,3318.2906800787873,374902
2023-09-06,3276.88623046875,3301.8158514203137,3261.1361037351076,3299.7866057053016,431090
2023-09-07,3287.66015625,3296.8396510060115,3261.1362948989463,3275.630233987386,334700
2023-09-08,3257.174560546875,3291.4287590349436,3252.5366887094915,3288.191684907142,448502
2023-09-11,3289.640869140625,3294.858592577067,3249.5409731002856,3263.06864887293,544361
2023-09-12,3228.52490234375,3299.7384085644508,3208.6681587938865,3294.9554558899176,446513
2023-09-13,3208.28173828125,3256.208221404897,3196.396661193362,3236.931329833932,820181
2023-09-14,3267.3203125,3270.798952276117,3212.9199159903324,3222.4858215187146,436335
2023-09-15,3311.574951171875,3331.576538697523,3257.8025348371616,3266.0157664799012,1169429
2023-09-18,3315.9716796875,3336.3599149222246,3296.8879933251987,3316.261605648478,596376
2023-09-20,3325.102783203125,3333.6059411904303,3262.8755666624847,3311.3819015824943,547812
2023-09-21,3319.93359375,3323.9918496666737,3289.158034232624,3314.08765758357,477582
2023-09-22,3294.424072265625,3316.0201363788196,3277.5628365754733,3309.4495033228172,393516
2023-09-25,3272.39306640625,3314.183922917318,3266.9821375101924,3302.540647572076,309695
2023-09-26,3355.00830078125,3419.796249663958,3290.123867189296,3290.172227495886,2178639
2023-09-27,3362.303955078125,3378.9236247806434,3311.1887573974354,3372.2565071367126,552573
2023-09-28,3324.184814453125,3381.9190031497533,3309.4493102251154,3362.593751703183,608162
2023-09-29,3330.65869140625,3363.076847547017,3310.7054638595264,3328.726166281959,515006
2023-10-03,3238.332275390625,3319.0635601117847,3191.46854085193,3311.2850992601398,1354075
2023-10-04,3286.162109375,3293.9405698405294,3211.61505033063,3236.979441476528,566983
2023-10-05,3327.422119140625,3337.374435602499,3272.7799197060117,3290.607418220762,394665
2023-10-06,3333.992431640625,3347.5684685589345,3322.349155855814,3327.422034583356,249258
2023-10-09,3329.3544921875,3358.728780718276,3286.259086082525,3304.8112807284865,471285
2023-10-10,3342.060791015625,3356.7962957682057,3332.6880909111683,3334.040764199003,206646
2023-10-11,3368.971435546875,3376.2184053911046,3344.621428147092,3364.5265330141615,343468
2023-10-12,3376.31494140625,3415.69014482475,3359.163779181014,3372.256685412622,644992
2023-10-13,3359.115234375,3381.919126273743,3324.909632430843,3363.560136731114,280442
2023-10-16,3368.971435546875,3384.818048578003,3345.2980007223928,3345.2980007223928,147663
2023-10-17,3382.740478515625,3403.9498951599576,3369.357647298557,3386.750373897746,260333
2023-10-18,3378.150634765625,3427.1884597493226,3364.622958908053,3382.740381931587,368551
2023-10-19,3383.078369140625,3414.771827739025,3343.606685792458,3362.593650405152,353664
2023-10-20,3363.46337890625,3382.0639338950186,3348.67974989808,3381.919088867078,216268
2023-10-23,3330.0791015625,3375.058435460435,3310.270718882964,3350.1290498844696,211293
2023-10-25,3270.218994140625,3329.9824293082156,3255.145439376225,3319.20869586079,354128
2023-10-26,3214.5625,3261.1363106483195,3198.3292409617593,3256.304997595507,428619
2023-10-27,3280.316650390625,3294.9554342781094,3214.5624339128767,3214.5624339128767,293097
2023-10-30,3244.37158203125,3310.41572627339,3223.645296074691,3288.191686079494,257392
2023-10-31,3184.36669921875,3253.406113520296,3176.2983122976525,3252.971342539196,409346
2023-11-01,3171.515380859375,3203.257201250731,3164.5099770932907,3198.135962351286,325630
2023-11-02,3225.67431640625,3232.1482283075725,3173.399418113002,3174.1724753334456,493381
2023-11-03,3312.34814453125,3341.480867135135,3239.878450587305,3246.64228868874,568463
2023-11-06,3392.49951171875,3423.9030451396857,3321.4792130590945,3338.340447668931,722080
2023-11-07,3390.663818359375,3419.5549756921946,3362.6905633143156,3362.6905633143156,335436
2023-11-08,3430.52197265625,3444.72598493649,3387.571649562024,3391.5815447761797,393482
2023-11-09,3422.4052734375,3475.0665830580565,3407.1385136835042,3425.6907076901407,538782
2023-11-10,3421.294189453125,3444.726056739502,3383.9482355417776,3420.569492526742,259237
2023-11-13,3522.41357421875,3551.015041431042,3465.0176703596503,3468.8827207448817,875885
2023-11-15,3718.46826171875,3729.773486504828,3548.2128456036453,3564.5425885275413,1914550
2023-11-16,3707.307861328125,3742.3348789793,3684.5039706474377,3718.2266753905215,755583
2023-11-17,3734.894775390625,3766.491514387483,3688.1275252550404,3695.85762584896,476357
2023-11-20,3716.680419921875,3767.3608418748436,3694.987873545888,3720.6421906123032,249897
2023-11-21,3714.506591796875,3735.1847527123596,3696.9690201948106,3734.6049007982615,260475
2023-11-22,3704.45751953125,3724.362387100054,3676.6291100979447,3700.8823951726545,286194
2023-11-23,3752.7705078125,3782.9178519422094,3703.6843234979533,3707.1146027028526,764501
2023-11-24,3719.193115234375,3787.749399662267,3712.4292770206926,3764.2691712539777,266314
2023-11-28,3697.596923828125,3760.8387617578833,3650.298418279177,3725.8601039577434,505274
2023-11-29,3683.634521484375,3722.0434590485443,3663.1014416544735,3722.0434590485443,414180
2023-11-30,3765.428466796875,3787.749226241663,3698.9014312405843,3727.792587354676,1338711
2023-12-01,3759.921142578125,3816.7374330663356,3751.079933771975,3789.6820791104224,683211
2023-12-04,4039.31591796875,4058.302883526525,3783.8843075928266,3816.737235697565,2824695
2023-12-05,3996.945068359375,4053.7129936019987,3961.676485017149,4039.943752160171,1045885
2023-12-06,3910.46435546875,3988.683493926315,3889.2065803710693,3950.129478456799,941566
2023-12-07,3952.980224609375,3995.495778235093,3911.4309335660596,3913.3634587308647,699553
2023-12-08,3918.19482421875,3973.658202831313,3892.8787914008894,3961.6766410103264,334252
2023-12-11,3889.8349609375,3931.6258185981724,3874.7130455328506,3918.1948627520474,534584
2023-12-12,3818.42822265625,3910.8995061285123,3803.354431761882,3910.8995061285123,981121
2023-12-13,3896.6953125,3908.483668471527,3824.4188263197693,3835.096074716385,707209
2023-12-14,3948.293701171875,3961.6765321114403,3908.5320908270187,3921.0935042215183,922658
2023-12-15,3922.92919921875,3995.7853005112433,3908.531981707042,3961.3867314683594,954933
2023-12-18,3947.665771484375,4024.4836466117786,3931.239307620653,3938.4862769722954,886620
2023-12-19,3903.362548828125,3970.90420901433,3886.694519272341,3956.652071819857,328368
2023-12-20,3780.405517578125,3993.0318754270256,3760.4039299140227,3937.278337401928,557214
2023-12-21,3824.4189453125,3872.683714179169,3717.7436504520692,3768.4240757775697,445648
2023-12-22,3870.896484375,3881.4286527573686,3814.998096459494,3848.6240834099744,309907
2023-12-26,3904.08740234375,3932.350584028393,3876.6456382491338,3889.01384698765,475107
2023-12-27,3981.001953125,3995.447767867394,3905.730190169001,3930.7562974059465,385941
2023-12-28,3953.849609375,3990.6643066624456,3943.220721391153,3981.001681222585,450475
2023-12-29,4003.708984375,4037.045043252987,3955.878986854411,3961.6284379058025,673952
2024-01-01,3902.106689453125,4005.158502025442,3894.038302331129,4005.158502025442,763454
2024-01-02,3761.177001953125,3875.4375492828503,3751.369531364202,3874.8095729825736,1221148
2024-01-03,3756.4423828125,3796.3971977027522,3747.600938939821,3762.67472907767,435449
2024-01-04,3730.73974609375,3782.9179243607955,3718.6614640874895,3756.3457039470227,425702
2024-01-05,3746.248291015625,3786.493032123211,3729.77346725022,3733.686877783953,402103
2024-01-08,3753.20556640625,3826.786370257149,3746.683293747888,3758.761576448558,401263
2024-01-09,3739.87109375,3791.566143689877,3720.6909223707576,3777.362130419899,411462
2024-01-10,3712.912109375,3742.3347560547513,3662.7629428289606,3739.8707394373673,577499
2024-01-11,3757.601806640625,3792.2905374088086,3722.4780690069947,3738.276555871957,378237
2024-01-12,3740.257568359375,3767.457765379027,3720.1108993868306,3758.9546075710673,220410
2024-01-15,3702.814697265625,3753.5916039686417,3682.4264637319843,3744.267265012186,364325
2024-01-16,3664.357666015625,3698.949913906878,3615.2714792792062,3662.135214878576,519197
2024-01-17,3624.547607421875,3644.7424006993783,3594.4967472432895,3605.125635474385,585284
2024-01-18,3566.6201171875,3634.6451460666267,3537.487394031993,3624.5477490333683,583931
2024-01-19,3574.64013671875,3660.0578923001613,3534.588599036214,3575.1716283307796,894473
2024-01-23,3494.681640625,3617.6869077183255,3484.391039055165,3577.152241817173,823427
2024-01-24,3512.364501953125,3525.8438178541082,3442.2621041212483,3506.5669264340827,1318897
2024-01-25,3494.440185546875,3555.846218373765,3475.6947862572433,3555.846218373765,699432
2024-01-29,3545.265869140625,3556.812660125686,3468.931123106958,3498.9336242668046,936432
2024-01-30,3579.76123046875,3604.062639567942,3549.951936037002,3551.014919217938,612064
2024-01-31,3710.061767578125,3722.1881738124844,3576.234404899593,3590.6316224796055,759817
2024-02-01,3800.50390625,3832.0525208116705,3713.347069316212,3713.347069316212,1313981
2024-02-02,3696.48583984375,3768.4240413497523,3682.668237844678,3768.4240413497523,872011
2024-02-05,3758.712890625,3786.2030124902344,3707.5493367166177,3720.1107496374716,592181
2024-02-06,3811.51953125,3817.4619518549202,3758.7614991370347,3768.4241250988266,470713
2024-02-07,3795.14111328125,3855.3876792725655,3776.105787709742,3840.8937406286836,416774
2024-02-08,3678.8515625,3823.7909492827284,3663.826132222734,3819.6359730141667,404899
2024-02-09,3711.365966796875,3718.1298044146115,3634.693177629613,3691.1228142502946,396729
2024-02-12,3741.223876953125,3771.371222366794,3688.4174852412934,3739.3394761928103,237343
2024-02-13,3724.1689453125,3803.354111388634,3638.413146940911,3763.2542169388203,633019
2024-02-14,3769.921875,3799.682810109135,3600.8742811722245,3703.6845269267415,919714
2024-02-15,3784.415771484375,3795.962562185248,3745.426981848727,3773.2553914556174,405632
2024-02-16,3796.107421875,3867.9491396523063,3784.174220455916,3792.6290181006716,634008
2024-02-19,3771.17822265625,3821.2787987822626,3763.351400944347,3802.1951117243893,267834
2024-02-20,3698.949951171875,3767.3611544871032,3656.530881515301,3762.626562111565,1324518
2024-02-21,3706.921630859375,3764.317535107922,3692.0894055438284,3698.949964385746,575380
2024-02-22,3818.090087890625,3836.0626672929284,3712.236204774517,3734.4118851036415,1130600
2024-02-23,3794.561767578125,3837.995226294089,3781.613706591551,3836.44911170036,571998
2024-02-26,3819.587646484375,3856.78875608761,3763.592776742893,3794.561539840143,474465
2024-02-27,3867.70751953125,3877.1769399407963,3807.0745429899753,3816.737168733605,579400
2024-02-28,3733.39697265625,3883.360875046797,3721.077124994945,3867.7074687285162,658953
2024-02-29,3664.453857421875,3758.7611729874525,3633.195406690162,3732.6237248479742,1021336
2024-03-01,3713.87890625,3738.2770384953196,3648.656176485285,3662.3286988077075,665946
2024-03-04,3624.885986328125,3752.2878116252573,3617.6873767362995,3728.4211712511938,641251
2024-03-05,3663.970947265625,3673.681933281393,3616.2860309466837,3624.885673463841,591293
2024-03-06,3665.227294921875,3678.416921126198,3608.07295574835,3671.7979278683256,315398
2024-03-07,3657.54541015625,3681.4604088753217,3632.229377884931,3665.2271504427986,734239
2024-03-11,3656.240966796875,3686.24346778167,3642.8100109853285,3667.4013470351942,373335
2024-03-12,3682.185302734375,3725.7154812248004,3643.7763633435225,3676.049440696516,528035
2024-03-13,3609.522216796875,3722.4298573802002,3589.6654736581645,3682.9581726509855,428324
2024-03-14,3645.370361328125,3675.4212213774695,3561.8853703063282,3591.5979440972865,720948
2024-03-15,3619.28125,3652.424102865143,3581.983656865513,3645.3703390226697,487749
2024-03-18,3574.88134765625,3618.6530863758417,3557.488622541493,3618.6530863758417,533167
2024-03-19,3591.453369140625,3604.159628428862,3548.116395600746,3574.881823408554,559402
2024-03-20,3742.914794921875,3807.0745353695693,3692.0892892505394,3692.0892892505394,3045475
2024-03-21,3786.73486328125,3815.7711023142947,3750.0652438799134,3750.40353015991,838929
2024-03-22,3853.841552734375,3878.529608661354,3732.865525745971,3811.905851417496,1033237
2024-03-26,3779.149658203125,3906.1164664236267,3775.284607896212,3866.451340468145,772158
2024-03-27,3781.758544921875,3852.4889188240854,3774.0284442570664,3802.050059166998,510950
2024-03-28,3883.69921875,3937.519997050365,3760.452380005094,3783.2079108498187,1307106
2024-04-01,3813.5,3932.6885799479605,3803.692529475466,3923.799011665476,532524
2024-04-02,3789.875,3855.38764934255,3782.2416200683947,3855.38764934255,485047
2024-04-03,3801.47021484375,3810.0700933928865,3754.9931260461835,3790.6481210722054,392460
2024-04-04,3878.867919921875,3894.0381952386647,3760.742319582439,3823.5010269378154,932478
2024-04-05,3895.245849609375,3910.029713596122,3833.6949732254825,3877.611558321221,537212
2024-04-08,4063.85888671875,4158.262930457646,3876.259099286015,3889.1585633164177,2165986
2024-04-09,4105.3115234375,4123.912078588579,3997.911529225449,4104.490105861454,970657
2024-04-10,4169.52001953125,4188.748551739355,4079.6089976369535,4106.616227195446,1018246
2024-04-12,4157.10302734375,4234.935286491487,4123.815094000458,4164.591562055101,1133493
2024-04-15,4077.0,4172.176861532081,4052.2635842656177,4106.615852907034,860133
2024-04-16,4208.75048828125,4255.420786384221,4064.390468354014,4075.116078321612,1467677
2024-04-18,4204.40234375,4294.071331342892,4191.695612116613,4209.040215870756,1316876
2024-04-19,4197.58984375,4222.036572154153,4117.53488793737,4198.411261373307,719002
2024-04-22,4316.2470703125,4333.687922167954,4222.95412972823,4245.758022297879,781218
2024-04-23,4367.65185546875,4381.90422900945,4295.03731446873,4321.174529425289,740619
2024-04-24,4377.84619140625,4417.4143621608355,4362.482238476514,4391.6635579920585,919636
2024-04-25,4459.49560546875,4473.312972747365,4334.65428140073,4413.887819313092,1260511
2024-04-26,4445.77392578125,4476.549481898125,4417.7523122520915,4436.111300426368,364193
2024-04-29,4417.607421875,4448.237660850749,4379.681617746496,4434.178729826899,465907
2024-04-30,4442.29541015625,4531.723293393925,4423.550010806677,4423.550010806677,663752
2024-05-02,4447.126953125,4477.7576666624645,4393.016246828449,4442.875491991855,908139
2024-05-03,4444.08349609375,4498.5324908205885,4425.482940068354,4467.032234047161,562484
2024-05-06,4443.841796875,4511.286739141585,4426.690635341073,4457.369473577816,716536
2024-05-07,4466.4521484375,4497.952403563025,4415.820082552744,4449.639273556977,505027
2024-05-08,4444.904296875,4477.660501825442,4407.07521371252,4430.313638513088,613158
2024-05-09,4413.935546875,4549.164182352673,4388.281464348909,4425.482573316746,980283
2024-05-10,4500.7060546875,4530.8531627729835,4402.678531534286,4435.145047156089,471148
2024-05-13,4500.3193359375,4574.09309817921,4375.526160315668,4521.142103472071,1738770
2024-05-14,4570.95361328125,4582.935647648012,4494.184328436437,4509.934220987675,870035
2024-05-15,4492.49267578125,4570.9529081688615,4442.971722358135,4570.9529081688615,1082300
2024-05-16,4523.7998046875,4539.453447105525,4389.827593197651,4493.120967970711,845652
2024-05-17,4535.53955078125,4541.433846518093,4466.065369916303,4502.783345696662,287570
2024-05-21,4515.29638671875,4569.310364296311,4493.120474364073,4493.120474364073,500742
2024-05-22,4537.03759765625,4548.825717469857,4508.097846080221,4515.344815075098,201187
2024-05-23,4689.12744140625,4703.6213800620235,4524.572641449629,4538.197038147637,922926
2024-05-24,4716.279296875,4742.416509656783,4645.210404522699,4659.801063125476,545727
2024-05-27,4631.5859375,4741.450174488763,4609.072209560098,4697.050223076037,655641
2024-05-28,4609.990234375,4662.699664698443,4599.40947134278,4631.5858236691565,333511
2024-05-29,4585.30224609375,4646.611794091549,4564.8658873637805,4585.88209798984,548865
2024-05-30,4582.93505859375,4609.07227132539,4545.975516795386,4550.85495385215,431385
2024-05-31,4573.75634765625,4628.398314398461,4510.755831146265,4582.21114624727,1137018
2024-06-03,4513.26806640625,4638.0607953187055,4483.458768808082,4638.0607953187055,1070710
2024-06-04,4343.73681640625,4548.053232780315,4110.336273093118,4522.012266874876,920927
2024-06-05,4424.51611328125,4490.656972009663,4343.350060973841,4385.962332796806,468061
2024-06-06,4560.517578125,4567.522981470814,4385.189053250405,4424.51612696316,748915
2024-06-07,4601.34228515625,4608.106123038672,4512.542850747172,4541.434006769084,419417
2024-06-10,4621.39208984375,4638.06011839423,4596.5108298336145,4608.685832005974,301649
2024-06-11,4598.10498046875,4649.6070551305875,4583.9974535175725,4647.722654520474,733966
2024-06-12,4687.00146484375,4709.032534637462,4584.915918161337,4604.241169660437,523152
2024-06-13,4639.50927734375,4724.6370958194475,4607.139484405915,4722.076594620264,840780
2024-06-14,4768.6025390625,4778.168444215123,4639.509764388051,4654.969965623125,549131
2024-06-18,4769.56884765625,4808.122630496601,4746.813080659089,4773.337177382076,706641
2024-06-19,4716.0859375,4796.237604687658,4686.373364108999,4773.336993546074,652617
2024-06-20,4712.36572265625,4758.74632492754,4679.65764106794,4720.530829904245,637364
2024-06-21,4682.025390625,4759.132956761372,4657.385694523269,4712.365941659275,414677
2024-06-24,4706.568359375,4723.768116576746,4632.456301742094,4674.7784144978505,302473
2024-06-25,4613.95166015625,4730.821300743141,4601.390247388754,4706.568017115093,660144
2024-06-26,4579.794921875,4645.210615209524,4560.759360397638,4613.951926502846,600784
2024-06-27,4554.7685546875,4605.6426591355275,4524.089716467107,4562.692096903809,1087487
2024-06-28,4515.29638671875,4574.238397242666,4498.241476719242,4554.767831074145,939279
2024-07-01,4479.158203125,4569.890634587457,4469.930584437568,4483.458260222723,1364796
2024-07-02,4469.68896484375,4540.5644168384215,4437.947145898027,4479.496435308021,865321
2024-07-03,4533.99365234375,4545.057547454014,4481.622504320964,4486.985072842212,257361
2024-07-04,4531.2880859375,4565.590405385369,4504.715866646898,4533.993432269395,313153
2024-07-05,4577.4755859375,4588.587605739623,4540.081506731621,4541.482304404536,258687
2024-07-08,4594.046875,4613.903380406145,4556.893893611597,4598.395056196195,542470
2024-07-09,4665.79248046875,4674.778534070274,4582.017322976692,4597.091114140982,631367
2024-07-10,4685.55224609375,4787.83123783677,4633.229220066057,4678.643562786204,832007
2024-07-11,4665.74365234375,4720.192642385663,4643.713054527217,4714.346942575263,308708
2024-07-12,4696.712890625,4714.588749037406,4652.554500310104,4665.647170045753,290823
2024-07-15,4716.666015625,4751.113182798248,4662.796875917657,4687.3879758921385,223485
2024-07-16,4750.2431640625,4769.133407188312,4697.0020060243305,4716.713666635582,664540
2024-07-18,4774.39990234375,4797.493482550747,4623.518101982204,4655.452890016012,773064
2024-07-19,4687.05029296875,4758.843417117012,4657.579282974421,4739.518164661715,662969
2024-07-22,4693.4755859375,4705.601992460573,4599.02341977662,4606.173668428755,377893
2024-07-23,4753.57666015625,4807.1561063867675,4624.484363067221,4693.185251784557,1128441
2024-07-24,4749.5185546875,4775.559046421618,4714.394817852278,4752.079055994569,400075
2024-07-25,4735.31494140625,4757.346012818171,4707.969897249656,4734.686965047983,413861
2024-07-26,4843.39111328125,4888.225601993237,4699.659556552953,4731.594345644049,625674
2024-07-29,4794.83642578125,4877.645316542687,4764.78556556914,4864.165765002331,338482
2024-07-30,4784.78759765625,4810.683246870077,4738.696682455676,4783.04804187424,683440
2024-07-31,4795.27197265625,4824.356101768093,4773.289496769237,4784.787928256239,567283
2024-08-01,4801.16552734375,4853.537150177936,4738.068766851983,4802.808362524275,654655
2024-08-02,4567.2333984375,4719.2263093161955,4533.268892249899,4719.2263093161955,2120560
2024-08-05,4518.00244140625,4535.008757864556,4401.326230146066,4456.548044467873,946316
2024-08-06,4496.88916015625,4591.679610105226,4481.573804468881,4528.872544731312,594238
2024-08-07,4491.271484375,4581.9831219729695,4473.930290256659,4557.510247284943,1093582
2024-08-08,4471.48828125,4535.0403861480545,4443.253979120479,4517.503605860399,979435
2024-08-09,4719.34521484375,4741.229218860194,4608.312814738084,4694.9696543591235,1697560
2024-08-12,4698.04736328125,4740.301263779218,4682.953481579026,4688.473259878588,738630
2024-08-13,4691.64794921875,4723.545881932217,4679.77787489645,4699.415041213914,194849
2024-08-14,4624.2373046875,4708.989343177256,4607.384593863889,4700.147966863715,328795
2024-08-16,4707.03515625,4713.873937091376,4626.044547121373,4626.044547121373,259101
2024-08-19,4702.44384765625,4736.344856648215,4669.910976645724,4736.344856648215,280722
2024-08-20,4770.78271484375,4785.193004106833,4713.19021541539,4737.223742407026,523506
2024-08-21,4800.38427734375,4811.570759568516,4754.906576004055,4777.37685569341,221438
2024-08-22,4819.923828125,4835.018185633086,4792.617838676786,4818.605301984037,536373
2024-08-23,4785.29052734375,4853.4340947734845,4769.854135525462,4806.686046656523,208413
2024-08-26,4762.91845703125,4802.729935401028,4753.001842140158,4789.101029905623,314431
2024-08-27,4756.71435546875,4774.690484916619,4725.304905816757,4753.978556769508,382109
2024-08-28,4832.91748046875,4861.151779156539,4728.528284402884,4757.837344016952,424484
2024-08-29,4802.6806640625,4879.372712236459,4767.6075807505595,4832.918038201349,571335
2024-08-30,4846.25341796875,4864.815823964397,4783.238934457212,4788.172435762901,465200
2024-09-02,4798.82177734375,4895.590339905647,4775.178943099945,4835.751004779081,310778
2024-09-03,4753.734375,4826.225647400674,4744.208929643288,4810.545489704604,263404
2024-09-04,4722.22705078125,4765.116359990021,4710.161868500382,4718.759002577,476838
2024-09-05,4689.5478515625,4751.096883590539,4676.895915275859,4738.29849739665,398344
2024-09-06,4643.0439453125,4718.759022800499,4631.027420602805,4684.27221702985,291111
2024-09-09,4638.01220703125,4669.910137985078,4607.481936777686,4643.043500161943,272444
2024-09-10,4628.0966796875,4657.698642806592,4581.348628316408,4639.624720438072,404100
2024-09-11,4617.7890625,4669.42195428411,4593.706879180643,4621.062003088992,384214
2024-09-12,4762.72265625,4782.26203125,4609.045662689209,4635.618926467896,757317
2024-09-13,4746.4072265625,4768.975300756714,4716.805263383237,4746.016534458142,315869
2024-09-16,4786.36572265625,4825.004647776133,4748.068354986993,4772.443917294406,453831
2024-09-17,4738.49365234375,4785.681048472749,4705.716067117404,4785.681048472749,356442
2024-09-18,4738.64013671875,4766.337294228827,4701.417534570082,4751.975663805679,295359
2024-09-19,4752.85498046875,4810.398342063661,4733.511190830662,4762.722459843937,357206
2024-09-20,4848.84228515625,4945.611324648124,4742.596935149447,4754.711252064959,1332877
2024-09-23,4767.16796875,4876.442025618158,4742.841540774186,4875.074364690487,899953
2024-09-24,4764.57861328125,4782.21318474355,4743.183093908414,4774.934577029325,481696
2024-09-25,4782.50634765625,4806.686324593995,4739.27547979786,4739.27547979786,665986
2024-09-26,4879.22607421875,4884.74585212983,4777.377084232805,4801.8013024548545,790345
2024-09-27,4946.001953125,4987.42533157861,4839.268120123049,4875.073928418661,1040624
2024-09-30,4910.4892578125,4967.886172788175,4883.378374568671,4945.415891180676,516973
2024-10-01,4858.12353515625,4929.735630396957,4837.9492259760345,4910.53781292637,449002
2024-10-03,4672.35302734375,4835.995292284697,4602.499762010749,4816.455917366375,1337657
2024-10-04,4598.396484375,4692.185487693213,4582.814118482516,4671.864727788483,466001
2024-10-07,4560.44140625,4639.428947000358,4542.904626608349,4639.428947000358,447523
2024-10-08,4585.35400390625,4629.366253680484,4480.574109275622,4542.904522446819,661110
2024-10-09,4600.44775390625,4628.779845823701,4552.674080528404,4590.678067038163,930717
2024-10-10,4589.70166015625,4659.164237698049,4581.983701992839,4628.682620124303,305739
2024-10-11,4619.15673828125,4697.412027694451,4552.674208095263,4595.660831519338,844931
2024-10-14,4669.71533203125,4699.219980937845,4621.6974103774255,4639.624883466493,346430
2024-10-15,4613.34375,4689.351720031055,4587.7469805978235,4669.665897172961,370224
2024-10-16,4570.50390625,4624.969912293593,4534.111821494415,4615.200225110885,380474
2024-10-17,4517.35693359375,4547.740756342268,4416.875604840519,4538.01972671626,514244
2024-10-18,4655.89111328125,4689.352293581435,4505.828615126453,4507.636102754153,778795
2024-10-21,4699.6591796875,4741.082556331506,4633.762451376916,4655.255762346827,745473
2024-10-22,4649.44287109375,4715.046703328296,4640.25946038473,4699.659445740111,528037
2024-10-23,4570.015625,4616.617225746872,4545.982098055296,4613.7836347095445,655987
2024-10-24,4560.97900390625,4576.756955176461,4523.5121536957095,4557.5596129854675,288778
2024-10-25,4485.85009765625,4565.033229144122,4404.908136083458,4542.904980934423,446738
2024-10-28,4611.92724609375,4655.255903795357,4429.234097298423,4485.849624864973,989928
2024-10-29,4785.33935546875,4805.269422428635,4577.5383899518965,4580.029469433563,1065819
2024-10-30,4757.10498046875,4833.797025643427,4738.396124728144,4738.396124728144,842334
2024-10-31,4781.919921875,4801.801331033176,4709.673370165505,4756.860769237139,510074
2024-11-01,4839.5126953125,4875.074263874334,4816.456136453,4870.042970011112,79729
2024-11-04,4720.56640625,4899.498131953007,4680.7057962433155,4887.237365328325,719165
2024-11-05,4786.951171875,4796.916443692394,4697.265633660495,4720.566433177997,499976
2024-11-06,4803.90185546875,4846.155754449945,4793.937060311843,4797.844935362127,370356
2024-11-07,4765.6533203125,4807.614316806777,4706.693163839213,4803.901549524145,221554
2024-11-08,4675.03955078125,4765.604741617901,4645.828281564066,4762.722493089931,194765
2024-11-11,4683.05126953125,4721.299502516378,4640.89468432363,4652.325410059666,209237
2024-11-12,4629.0732421875,4696.532739482147,4597.17483280018,4677.726092181709,326018
2024-11-13,4483.01708984375,4611.244249605256,4431.579298985253,4591.7535305072815,656931
2024-11-14,4771.22265625,4858.465778121537,4596.931043007475,4616.617345695458,2874648
2024-11-18,4763.357421875,4800.824267518023,4750.998863032182,4767.558673572561,494329
2024-11-19,4851.08984375,4898.570145067259,4767.607670266869,4767.607670266869,452273
2024-11-21,4769.6591796875,4843.811011626596,4755.297548399128,4777.67003713205,593722
2024-11-22,4871.36181640625,4889.7286382592265,4769.561480915394,4799.847512441075,339941
2024-11-25,4887.14013671875,4950.301076359325,4873.120538559367,4883.8671957213855,945466
2024-11-26,4818.16552734375,4898.863239734396,4762.722551994887,4893.636361629207,564637
2024-11-27,4804.24365234375,4857.390654992064,4777.474804980293,4819.386667414687,189349
2024-11-28,4704.78857421875,4806.686223467065,4683.3925770834385,4806.686223467065,954250
2024-11-29,4720.56640625,4752.2687550001565,4697.265606865415,4726.574668472313,407774
2024-12-02,4709.673828125,4733.902464287212,4585.451859800829,4726.62385569176,250521
2024-12-03,4732.77880859375,4757.837962413729,4709.722249960161,4709.722249960161,351449
2024-12-04,4686.56787109375,4766.4350684464935,4641.578649821189,4724.669653317077,349544
2024-12-05,4726.13525390625,4767.607770511084,4650.3715138591715,4686.568017286229,525957
2024-12-06,4764.72509765625,4815.185913594228,4716.365146091413,4739.275253354009,327806
2024-12-09,4730.58056640625,4775.423337445285,4704.10461738933,4774.055676577345,377043
2024-12-10,4702.19921875,4762.624830925379,4687.007545607107,4728.528717194038,342297
2024-12-11,4691.35498046875,4722.275944025732,4684.662649551258,4710.943011841909,240736
2024-12-12,4696.923828125,4708.989487883842,4665.025893079947,4691.355392337827,236847
2024-12-13,4714.75341796875,4746.554037156016,4644.7050444770475,4677.726397572183,404369
2024-12-16,4727.0634765625,4752.953149421632,4689.4501782577245,4708.989554000465,404180
2024-12-17,4633.4208984375,4718.759216950324,4618.082774781779,4697.363696032129,402231
2024-12-18,4640.455078125,4688.815030890779,4607.726625243109,4615.200340717989,331577
2024-12-19,4662.04638671875,4669.9107946277045,4565.961411258999,4601.522979643617,500287
2024-12-20,4625.45849609375,4711.383087527123,4611.292449374274,4638.647574073952,386086
2024-12-23,4641.138671875,4666.19830176477,4589.799155237582,4640.601529880485,371318
2024-12-24,4682.51318359375,4697.265506360676,4629.5126316553005,4641.138463770183,227611
2024-12-26,4690.76904296875,4713.239324409161,4662.094914506163,4682.513466147084,328172
2024-12-27,4764.57861328125,4840.83130742831,4679.240300932254,4708.989189008971,408992
2024-12-30,4743.96435546875,4791.982748022183,4721.005591343858,4777.376875349811,242799
2024-12-31,4710.84521484375,4760.182133520551,4699.219382879483,4715.8278505528615,313948
2025-01-01,4772.78515625,4793.448426562915,4633.225554493947,4717.7820074454075,290234
2025-01-02,5185.84765625,5207.243175390942,4755.150909084721,4772.492103524343,2863478
2025-01-03,5188.43701171875,5261.661013487789,5149.358260041727,5202.358817003689,836689
2025-01-06,5129.18408203125,5226.78317145181,5068.954049864528,5188.437145380878,419050
2025-01-07,5058.06005859375,5170.118563704423,5047.50898703305,5129.183668971841,439721
2025-01-08,5044.28515625,5117.21577680776,5016.05037821992,5092.156624197465,343162
2025-01-09,5021.52197265625,5076.1835692776185,4987.425856040674,5066.853230769272,239408
2025-01-10,4941.94775390625,5043.79674588054,4923.922489692275,5031.389051967305,316803
2025-01-13,4825.3466796875,4908.486819702384,4812.1576009306855,4894.6136719735905,213093
2025-01-14,4913.712890625,4925.241407873136,4836.043876503574,4836.043876503574,448429
2025-01-15,4964.857421875,4976.092562560323,4888.94723581374,4921.870796644198,497259
2025-01-16,4931.54248046875,5015.855166652753,4918.939679473547,4994.31272030193,435315
2025-01-17,4896.8603515625,4958.507176060835,4882.938546656795,4889.728670389929,197564
2025-01-20,4901.2080078125,4922.4084206368825,4816.455968209622,4896.909440692197,255315
2025-01-21,4855.48583984375,4963.001055759134,4845.7648103475,4916.448592050699,416551
2025-01-22,4894.32080078125,4909.268232645533,4839.122063439067,4865.30463653229,494734
2025-01-23,4998.36767578125,5039.2047784410315,4863.154820066708,4881.522118663881,442186
2025-01-24,5086.39208984375,5104.173111479839,4997.243693552711,5015.757441733657,730641
2025-01-27,5026.015625,5088.0531392749535,4997.781324146533,5070.4677021576435,418597
2025-01-28,4987.81591796875,5074.3754404109695,4972.770695358458,5041.158504528418,603950
2025-01-29,5063.53125,5114.431417393002,4963.538402812537,4963.538402812537,357310
2025-01-30,5045.40869140625,5146.671407577623,5021.668064409662,5063.531271019254,480830
2025-01-31,5074.66845703125,5123.223993473916,5026.50408970696,5046.043464205335,394118
2025-02-01,5266.0078125,5298.149987747732,5011.94728952122,5094.696253283634,609534
2025-02-03,5358.91796875,5447.089400622693,5282.372369883331,5446.600916235587,1330533
2025-02-04,5324.5771484375,5426.2305497349735,5316.6636066478495,5409.035805397885,591631
2025-02-05,5292.43505859375,5344.018815394325,5227.759539520116,5324.479441297819,442234
2025-02-06,5218.966796875,5319.643230624254,5208.122348894835,5303.083897375873,361000
2025-02-07,5248.8134765625,5274.654491845938,5197.52261513966,5245.003393692483,604384
2025-02-10,5212.47021484375,5319.496948520775,5185.163747995497,5275.631147901805,631815
2025-02-11,4857.83056640625,5021.130794433239,4840.831405889014,5020.495860165007,2272410
2025-02-12,4737.76123046875,4884.843682948112,4723.057564761767,4835.99524611863,813864
2025-02-13,4709.3798828125,4794.034126280332,4679.680129381771,4738.933186343565,571526
2025-02-14,4595.02587890625,4738.298244861828,4578.124033997091,4719.833631644621,476473
2025-02-17,4635.912109375,4645.486211910267,4538.996622615163,4591.752932908151,232211
2025-02-18,4610.7060546875,4662.583188821986,4576.561284345298,4659.163798322064,254026
2025-02-19,4699.8056640625,4709.96604300663,4569.331209609813,4591.752831804845,275722
2025-02-20,4775.81396484375,4786.169929050188,4666.979740982394,4669.910647246356,277284
2025-02-21,4848.1591796875,4868.137906115651,4743.183687690505,4775.423659203129,324027
2025-02-24,4895.39501953125,4933.594594607175,4802.338742332917,4822.317944892077,410180
2025-02-25,4874.87890625,4958.11684187762,4863.399522428904,4912.199306593236,402917
2025-02-27,4821.8291015625,4884.843583793435,4777.230575049567,4846.253319481467,561804
2025-02-28,4663.65771484375,4818.360798359987,4645.486002266903,4796.964802967218,1076243
2025-03-03,4793.59521484375,4814.5022517800035,4715.82840286974,4715.82840286974,503560
2025-03-04,4704.2021484375,4774.446103540852,4678.019100690743,4774.446103540852,638281
2025-03-05,4873.4130859375,4888.7516863190995,4670.7898600531225,4697.265808917312,551830
2025-03-06,4977.0693359375,4989.477029456256,4880.545017522579,4880.545017522579,648307
2025-03-07,4983.224609375,5013.2172632697175,4956.162384645031,4977.069420133139,590548
2025-03-10,4875.611328125,5011.849814581192,4856.169744914141,5005.011033157787,316750
2025-03-11,4870.7265625,4894.613640241142,4798.919356400654,4835.995512813105,228128
2025-03-12,4901.89208984375,4923.824752258337,4846.25352821374,4870.18926280526,235018
2025-03-13,4899.7421875,4931.249427527292,4850.698168798361,4914.640959916006,265867
2025-03-17,4933.9365234375,4960.021780372356,4821.340872860564,4821.340872860564,287729
2025-03-18,4933.9365234375,4933.9365234375,4933.9365234375,4933.9365234375,0
2025-03-19,4983.419921875,5021.22880422773,4938.186458471299,5012.82677736762,417978
2025-03-20,5108.91162109375,5137.8299914605195,4995.534111593074,5010.87271176089,491655
2025-03-21,5183.7470703125,5205.240380907014,5109.888143953346,5128.254964010829,414691
2025-03-24,5299.27392578125,5330.341340286163,5190.537020943037,5202.846922231298,316612
2025-03-25,5306.16162109375,5373.1817739843145,5276.803900430151,5334.249473173188,324007
2025-03-26,5278.85498046875,5368.443204375075,5265.861487094023,5308.750319197759,384678
2025-03-27,5222.63037109375,5280.515765937748,5177.9340535559795,5206.705972271539,603145
2025-03-28,5224.5361328125,5283.789193880549,5199.867671130757,5239.483564324252,286609
2025-04-01,5184.96875,5397.752353312762,5144.815238896759,5241.974495035074,562006
2025-04-02,5232.15576171875,5269.720398250075,5188.924897661976,5238.21315834429,365908
2025-04-03,5255.26123046875,5283.739773443042,5143.740345730526,5143.740345730526,224286
2025-04-04,5127.0341796875,5231.765419929125,5109.546534565212,5227.711095045895,261887
2025-04-07,4948.59130859375,5048.388578010261,4884.79543555107,4884.8440931777795,519173
2025-04-08,5110.865234375,5147.648010020716,4992.1144042899705,5046.580408571363,355195
2025-04-09,5137.19482421875,5201.381864868023,5062.994330455718,5149.162691958163,472302
2025-04-11,5227.662109375,5284.424090464486,5168.164806536722,5168.164806536722,500528
2025-04-15,5401.66015625,5429.015280933487,5274.654220219524,5338.157188234762,542322
2025-04-16,5486.16796875,5500.334015503962,5411.429860013578,5421.199547430104,734279
2025-04-17,5547.71728515625,5583.865130458844,5447.577983980144,5486.168251262644,564357
2025-04-21,5676.6767578125,5722.594287735431,5513.5229812778325,5564.325354809585,551547
2025-04-22,5650.787109375,5770.465778271687,5633.690156675473,5677.165264968556,459537
2025-04-23,5607.80078125,5682.5388927074255,5476.398480713741,5655.672251333841,582611
2025-04-24,5520.36181640625,5641.505939091742,5490.564270100544,5603.89264293536,503663
2025-04-25,5447.08935546875,5537.458966334297,5390.425167034136,5532.08563812067,457510
2025-04-28,5492.51806640625,5527.688939830409,5422.664803911044,5451.973865097844,403569
2025-04-29,5450.50830078125,5560.4172779882565,5381.14352405505,5496.914313379764,309552
2025-04-30,5438.78515625,5475.909969603242,5378.701576744094,5475.909969603242,509786
2025-05-02,5314.7099609375,5431.946210075827,5252.183961397059,5431.946210075827,634482
2025-05-05,5334.73779296875,5353.788683356606,5286.37784044573,5343.530511609299,320466
2025-05-06,5387.982421875,5468.093855890185,5315.198253166081,5334.737627316126,514699
2025-05-07,5362.58154296875,5442.692981577501,5326.9221831002205,5334.737933208391,349955
2025-05-08,5248.7646484375,5362.093024280915,5216.524679447563,5337.668805349145,609858
2025-05-09,5201.38134765625,5217.501331171714,5139.343835339163,5173.0492554169505,412056
2025-05-12,5392.86767578125,5413.384020199983,5289.3089849057405,5378.213144053584,327631
2025-05-13,5294.19384765625,5425.596149281968,5268.304174845235,5379.678616371866,416275
2025-05-14,5321.060546875,5351.346579547932,5236.55274602956,5304.940561742633,315866
2025-05-15,5340.111328125,5420.222767734633,5236.552637897915,5373.328266499726,1930277
2025-05-16,5382.609375,5456.85900064661,5364.5354529676015,5377.236046828206,638327
2025-05-19,5402.63720703125,5498.380144877374,5382.609347583847,5383.097831960613,654074
2025-05-20,5263.41943359375,5429.5041303382395,5256.092167560904,5422.176864305394,402780
2025-05-21,5284.423828125,5351.346185719114,5260.9765787489605,5285.400796849001,300888
2025-05-22,5262.9306640625,5285.400945345856,5197.473757715334,5258.0458203052485,461736
2025-05-23,5275.63134765625,5312.267676459418,5252.184097222223,5265.861659975405,282287
2025-05-26,5302.498046875,5346.95012630988,5276.119889847709,5278.56231179468,337099
2025-05-27,5265.373046875,5319.594812178194,5252.183968828277,5295.170593573152,452769
2025-05-28,5203.82421875,5284.912627678236,5191.612108971651,5280.5162681580305,380066
2025-05-29,5255.11474609375,5272.211698697699,5165.233623832991,5205.777825722355,704795
2025-05-30,5210.66259765625,5278.561922778048,5196.985035761211,5254.137705108336,915804
2025-06-02,5237.529296875,5260.976546105554,5194.0541889266815,5217.012953798265,475698
2025-06-03,5230.69091796875,5289.309045551516,5174.026727972077,5289.309045551516,479572
2025-06-04,5196.98486328125,5261.4647957892985,5174.51458377087,5217.01272110572,321913
2025-06-05,5186.23876953125,5215.059348546258,5162.30303441709,5208.709051475154,459910
2025-06-06,5269.76953125,5280.516187691184,5140.321169572094,5168.653263826126,538092
2025-06-09,5266.83837890625,5318.617721158528,5253.649301162745,5297.124409280224,270949
2025-06-10,5253.6494140625,5301.032398085194,5246.8106328633485,5301.032398085194,330659
2025-06-11,5228.73681640625,5309.336739304889,5219.455613163376,5246.322254129589,366787
2025-06-12,5193.0771484375,5251.206786351531,5179.8880709275945,5227.759537445031,337217
2025-06-13,5196.49658203125,5210.662628363165,5099.28819513294,5158.394802241963,414671
2025-06-16,5241.43701171875,5257.556995072591,5182.818890432054,5182.818890432054,294926
2025-06-17,5217.990234375,5266.838673191467,5188.68117108512,5257.068985428174,710729
2025-06-18,5268.7919921875,5337.179798501819,5185.261171617867,5211.150841151145,774670
2025-06-19,5366.97802734375,5379.678621565188,5280.516289759346,5285.401133690669,923400
2025-06-20,5397.75244140625,5414.36091045673,5368.44337837599,5402.637285244627,776879
2025-06-23,5424.619140625,5431.946406461054,5353.3004198207445,5368.443435881923,247519
2025-06-24,5499.357421875,5509.615594362065,5431.946574102861,5460.278669543325,579369
2025-06-25,5447.57763671875,5522.315744539586,5439.2734025164345,5502.287885581061,449222
2025-06-26,5482.259765625,5493.006421139902,5385.051381649291,5448.065861713947,788150
2025-06-27,5529.64306640625,5554.067284897444,5466.140098329146,5485.679473122102,413724
2025-06-30,5526.22412109375,5552.602279189663,5483.725977494779,5529.643511958035,340049
2025-07-01,5583.86474609375,5616.5931983716155,5502.77634194262,5526.223591335718,534027
2025-07-02,5590.70361328125,5612.685409925868,5556.021223019741,5556.021223019741,299925
2025-07-03,5584.353515625,5641.506188939216,5568.722015231368,5578.491702977388,335537
2025-07-04,5499.357421875,5583.865223792248,5490.5647026003735,5583.865223792248,185006
2025-07-07,5551.625,5568.721953365596,5495.44929608447,5500.3341399032115,227078
2025-07-08,5548.6943359375,5573.607040500649,5518.408302939162,5573.607040500649,180630
2025-07-09,5563.8369140625,5586.795679203935,5538.92421146222,5540.389664556355,177978
2025-07-10,5521.82763671875,5573.606982922943,5505.219167181556,5560.906388570971,189074
2025-07-11,5483.23681640625,5552.601593950098,5460.278052007934,5502.287706013363,522930
2025-07-14,5412.8955078125,5486.168166071851,5393.356132276673,5477.375447080729,503684
2025-07-15,5462.232421875,5512.546313795329,5440.250624434079,5461.255453099848,715066
2025-07-16,5496.91455078125,5503.753331880596,5412.406755767906,5471.024879476584,226544
2025-07-17,5519.87353515625,5552.1135044766315,5498.380222275996,5537.458972967367,391603
2025-07-18,5497.8916015625,5550.647913687666,5482.260101673562,5533.550960684141,254828
2025-07-21,5429.9921875,5497.403029698183,5412.895234768576,5468.0939678728855,190717
2025-07-22,5314.22119140625,5411.429576100601,5308.359379263877,5344.018736463312,517944
2025-07-23,5316.17529296875,5336.203151740387,5297.124402917681,5306.894090123357,344237
2025-07-24,5343.0419921875,5375.281960324671,5308.848086587471,5314.709898976047,284450
2025-07-25,5307.87109375,5353.7886239186455,5248.764485766957,5353.7886239186455,292877
2025-07-28,5261.95361328125,5330.341424816655,5233.621519930868,5307.8711438835935,322292
2025-07-29,5344.5078125,5357.696891280504,5229.713978669683,5265.861824216251,217256
2025-07-30,5354.765625,5428.526764333607,5314.709906951286,5339.134125273673,266223
2025-07-31,5342.5537109375,5383.097914833249,5262.442271914573,5324.4797887189125,307018
2025-08-01,5470.71142578125,5611.239830712679,5418.2606830955765,5493.473068833524,1408773
2025-08-04,5562.74755859375,5611.239753998677,5462.7942578611455,5470.216532668022,505407
2025-08-05,5622.1259765625,5631.032706678512,5526.626036985263,5566.706322507316,458305
2025-08-06,5609.2607421875,5653.299574761132,5592.436918507686,5625.589747523791,202535
2025-08-07,5622.62060546875,5635.485881869541,5530.089579047677,5601.3434175751345,266900
2025-08-08,5604.3125,5652.309878818647,5596.890224924951,5622.620778518453,373874
2025-08-11,5612.72412109375,5649.3406762344475,5593.921025210689,5618.167122533583,475811
2025-08-12,5599.3642578125,5634.991177798582,5584.519707818299,5620.641446137522,429572
2025-08-13,5655.27880859375,5697.833185839271,5589.962787705275,5599.364336166495,427562
2025-08-14,5704.265625,5725.542812879511,5650.825246139833,5650.825246139833,415010
2025-08-18,5850.73193359375,5962.066057837542,5765.128362508523,5819.063560475516,1288582
2025-08-19,5876.95751953125,5932.87199285844,5830.444594816597,5856.6699672620925,843617
2025-08-20,5875.9677734375,5907.636147121711,5843.804581414473,5902.193145394736,510626
2025-08-21,5913.0791015625,5930.397743282558,5836.877077994247,5927.923651608264,499089
2025-08-22,5863.1025390625,5911.099918275012,5852.216535529765,5908.13100822063,273421
2025-08-25,5928.41845703125,5946.72673538115,5819.063605265629,5883.389988657171,822944
2025-08-26,6087.2548828125,6145.64344371088,5898.234287361811,5918.027019869737,1474805
2025-08-28,6069.44140625,6204.526805231432,6057.565766779105,6204.526805231432,719052
2025-08-29,6039.75244140625,6110.511461488267,6007.094432137627,6085.275727053421,496302
2025-09-01,6214.91845703125,6226.794097395004,6021.939301120248,6021.939301120248,698178
2025-09-02,6283.203125,6321.798954559774,6217.39228741731,6245.102113767916,701158
2025-09-03,6305.47021484375,6312.892490071143,6242.628284585165,6283.203389161574,536107
2025-09-04,6358.41552734375,6643.430884834022,6345.055432461393,6620.669241701118,1181698
2025-09-05,6512.30419921875,6530.117659531178,6373.7550634554145,6382.166975269617,610721
2025-09-08,6744.3740234375,6777.032034115921,6500.923398380181,6502.4078534110195,968116
2025-09-09,6803.25732421875,6865.109616423808,6708.747021729421,6711.715931755263,983283
2025-09-10,6765.65087890625,6852.738903091688,6732.00323319824,6828.492805449152,740607
2025-09-11,6687.96435546875,6757.733737987328,6680.047262416997,6734.477277147802,719575
2025-09-12,6803.751953125,6827.503232670455,6692.417830255682,6694.891921875001,731798
2025-09-15,6730.51904296875,6828.9878923696315,6717.1589478239075,6803.752157096039,380686
2025-09-16,6855.7080078125,6882.42819781047,6730.024151155381,6752.29097615369,579275
2025-09-17,6819.09130859375,6866.099049274137,6808.205305488818,6849.2752262937875,310534
2025-09-18,6852.7392578125,6863.130443054327,6797.319603189423,6824.039793811264,224356
2025-09-19,6901.2314453125,6945.270277938356,6853.234065933758,6875.006073074631,550551
2025-09-22,6874.01611328125,6932.8994934626835,6853.23374380545,6927.456491933307,332786
2025-09-23,6918.05517578125,7048.687216866026,6906.179535682634,6942.301274315924,679055
2025-09-24,6938.83740234375,6987.329598409477,6855.707923373932,6877.974748097991,323002
2025-09-25,6913.6015625,6971.495305901983,6860.161183975093,6936.858023524728,375861
2025-09-26,6973.9697265625,7017.513740748502,6893.314336649793,6907.6640685974535,679362
2025-09-29,6912.6123046875,7000.195152069725,6896.778117590148,6975.949053076906,612976
2025-09-30,6932.8994140625,6959.619603082511,6879.459036022477,6912.117044824714,363934
2025-10-01,6948.73388671875,6989.803808572888,6877.974864729091,6927.456698288293,313734
2025-10-03,6869.06787109375,6935.868343835261,6779.010937471861,6927.456432452997,669742
2025-10-06,6808.7001953125,6883.417762862804,6793.855645468068,6869.068031346521,218200
2025-10-07,6884.90234375,6926.467084074493,6808.700319821762,6808.700319821762,286586
2025-10-08,6830.96728515625,6934.384319752241,6818.10200812517,6884.902485017317,476286
2025-10-09,6825.029296875,6885.891952099797,6747.34281825473,6853.233941979174,405889
2025-10-10,6892.8193359375,6911.622432474875,6805.23649153973,6824.039588077104,282882
2025-10-13,6840.36865234375,6973.969602584839,6825.029283982736,6926.961860833344,342990
2025-10-14,6815.62744140625,6870.057455821429,6744.373604353651,6867.583364257103,309415
2025-10-15,6823.544921875,6868.078572561639,6793.855821417241,6822.060466852112,237366
2025-10-16,6915.5810546875,6943.7856998017805,6820.575934302554,6821.565570973231,319047
2025-10-17,6969.51611328125,7025.430584051629,6915.580915812478,6917.560189114084,402013
2025-10-20,6940.81689453125,7030.873832921831,6934.879074417585,6975.948996870433,326177
2025-10-21,6945.76513671875,6984.855786131073,6932.405041349981,6964.073415557433,14379
2025-10-23,6813.15380859375,7026.420515798624,6797.814439862077,7026.420515798624,419750
2025-10-24,6769.11474609375,6837.894493879352,6721.61218647204,6822.555125668175,243740
2025-10-27,6834.92578125,6855.708151684554,6767.630486509538,6796.82476878665,228141
2025-10-28,6929.9306640625,6949.228578799983,6833.4410903750895,6833.4410903750895,485231
2025-10-29,6879.9541015625,6934.878936521752,6817.6069916087545,6934.878936521752,343504
2025-10-30,6817.60693359375,6916.075781016101,6797.8142004435285,6879.954043016947,412184
2025-10-31,6934.38427734375,7025.430852699198,6830.967243380225,6857.192615629348,670785
2025-11-03,6950.712890625,6996.730994051221,6923.9927015388075,6957.145528738343,334962
2025-11-04,6858.18212890625,6986.83489611517,6834.925667141561,6976.938529406791,494329
2025-11-06,6735.9619140625,6902.715690969799,6723.096637505853,6873.026591223692,435650
2025-11-07,6814.63818359375,6825.524187081919,6650.853312930845,6735.962067474711,465149
2025-11-10,6795.34033203125,6843.832529842293,6730.0243104898445,6798.804060446325,514365
2025-11-11,6801.77294921875,6818.596772896433,6684.006183474965,6800.288494188366,409676
2025-11-12,6807.71044921875,6853.23373467653,6767.630165283097,6834.925456829379,300606
2025-11-13,6783.95947265625,6874.511229293456,6688.459532596246,6803.752206347443,842032
2025-11-14,6625.61767578125,6779.011363570062,6600.876758395958,6728.539892104066,739163
2025-11-17,6728.53955078125,6738.435917233347,6605.824606775238,6660.254622261776,789635
2025-11-18,6743.87890625,6782.969553663144,6684.005889326069,6764.166457439101,517129
2025-11-19,6825.029296875,6839.873846929829,6689.9438913760605,6729.529358188936,416170
2025-11-20,7051.65625,7064.026708652025,6815.133080573293,6834.430996070451,857232
2025-11-21,7060.56298828125,7130.332375158232,7015.039700389886,7051.656258041636,654156
2025-11-24,7183.27783203125,7209.00838567633,7061.057702217121,7077.38670741496,1229296
2025-11-25,7143.6923828125,7199.112036956367,7105.591370588592,7183.277850058119,521990
2025-11-26,7123.8994140625,7197.627344374045,7105.591136065674,7182.782794646889,313545
2025-11-27,6926.466796875,7135.774944830288,6908.65333747455,7135.2801265136095,480102
2025-11-28,6980.40234375,6991.783165604841,6883.912767154604,6926.467144524881,449709
2025-12-01,7051.65625,7174.866018174163,6952.197762437724,6988.319501701635,974710
2025-12-02,7038.79052734375,7121.425185907294,7018.008158124177,7051.160985212544,448174
2025-12-03,7008.11181640625,7031.368277281142,6969.021169403773,7016.52372778653,333674
2025-12-04,7026.42041015625,7093.220885886609,6993.267581460442,7024.441136801276,364672
2025-12-05,7133.30126953125,7143.1976364423645,6997.226224503427,7046.213240713443,501035
2025-12-08,7067.98486328125,7159.031433908788,7041.264674075343,7155.0728873597645,273509
2025-12-09,7049.18212890625,7121.425607133142,6978.917924055437,7067.985225979002,436443
2025-12-10,7153.58837890625,7218.409578161747,7055.614352550614,7055.614352550614,626505
2025-12-11,7180.8037109375,7252.5523698463985,7145.671608989004,7174.865890889867,502052
2025-12-12,7154.08349609375,7199.11196463328,7113.508392574613,7160.02131612094,324682
2025-12-15,7047.697265625,7135.7749257584865,7020.97707659574,7125.383741135996,391821
2025-12-16,6988.3193359375,7047.697536058757,6962.588782551623,7046.213081055725,505906
2025-12-17,7060.56298828125,7102.127729399453,7007.122606843562,7030.379069135889,594264
2025-12-18,7032.85302734375,7069.964402637551,6940.816816615126,7061.057672567038,327756
2025-12-19,7142.2080078125,7166.94892511821,7001.679597516064,7001.679597516064,423435
2025-12-22,7215.935546875,7234.243824680278,7138.249070782332,7162.989986735411,233966
2025-12-23,7227.31640625,7261.953688766603,7204.554763453375,7261.953688766603,249187
2025-12-24,7236.71826171875,7273.33481907719,7165.464420372597,7224.34780315171,205296
2025-12-26,7248.09912109375,7283.726041951119,7198.617286569625,7224.34784052217,157706
2025-12-29,7196.6376953125,7298.07545160644,7157.547047765079,7248.098800944547,282572
2025-12-30,7117.9619140625,7236.22349887035,7058.583712485336,7196.638031152242,1976062
2025-12-31,7236.71826171875,7246.614628572383,7066.0059334935895,7114.498131076389,357381
2026-01-01,7271.85009765625,7286.694647392892,7196.1428939993775,7241.171361533858,155326
2026-01-02,7258.490234375,7305.992795047166,7222.368495530541,7271.850329564047,227469
2026-01-05,7404.95654296875,7436.6249170917035,7252.057674156365,7267.891861217841,426798
2026-01-06,7444.5419921875,7490.560098220962,7406.9357980096165,7436.130080331921,396099
2026-01-07,7503.919921875,7518.269653344461,7412.37853146637,7445.036541017557,380761
2026-01-08,7472.74658203125,7522.2284161064135,7460.87094185321,7511.342412609877,459727
2026-01-09,7429.20263671875,7534.598944273105,7408.420266215074,7503.425388517592,474627
2026-01-12,7358.93798828125,7429.202189083828,7246.119412344717,7399.513090153161,315579
2026-01-13,7327.27001953125,7436.624873280332,7271.850365142575,7410.399501114262,262636
2026-01-14,7281.74658203125,7313.41495531543,7161.010908885311,7313.41495531543,426082
2026-01-15,7281.74658203125,7281.74658203125,7281.74658203125,7281.74658203125,0
2026-01-16,7239.1923828125,7340.135325129229,7222.863377437735,7254.036933153196,441023
2026-01-19,7247.60400390625,7296.59101806524,7193.17398817404,7224.347542638851,211682
2026-01-20,7099.15869140625,7298.5704815112695,7056.109496023777,7259.9746511683625,302200
2026-01-21,7066.005859375,7144.1871566986165,6932.404908252363,7026.915210713191,480751
2026-01-22,6975.94873046875,7249.088445266505,6953.187087568937,7100.642948093812,366499
2026-01-23,6900.736328125,7021.47199885944,6877.9746852816215,7015.039360664572,365996
2026-01-27,7090.251953125,7100.643138205301,6838.884237849161,6947.24945368658,498369
2026-01-28,6997.720703125,7050.1714452075375,6780.000641650315,7050.1714452075375,856378
2026-01-29,6983.37109375,7034.832200088128,6905.6846159126335,6998.2156436552295,632904
2026-01-30,7048.68701171875,7076.891656132086,6907.663789652071,6907.663789652071,454539
2026-02-02,6913.10693359375,6924.487755258102,6668.1718586435745,6734.477515296753,490854
2026-02-03,7140.228515625,7183.277710417749,6979.90737639683,7125.383965696466,689971
2026-02-04,7202.08056640625,7252.057216162831,7096.189447120029,7140.228277103552,260280
2026-02-05,7134.78564453125,7233.749312532238,7102.127634090924,7214.451397272046,254212
2026-02-06,7103.1171875,7134.785560889063,7036.81153071665,7134.785560889063,251800
2026-02-09,7120.9306640625,7144.681944159435,6990.298623529354,7042.254548741401,314215
2026-02-10,7220.38916015625,7249.088623649195,7126.373676300049,7204.554973401521,467662
2026-02-11,7690.46630859375,7724.113954262543,7423.2644165180445,7427.222963067314,2286430
2026-02-12,7860.68408203125,7885.424998819715,7679.580571139682,7698.878486234686,1107781
2026-02-13,7981.41943359375,8034.859811698408,7804.76929485891,7818.129389385074,967939
2026-02-16,7927.484375,8000.717487009238,7885.919635751514,7994.779667116597,589984
2026-02-17,7951.73046875,7968.05947344625,7842.870437441661,7898.290089744089,266572
2026-02-18,7926.49462890625,7960.142274499959,7862.663065941713,7940.844360115331,223326
2026-02-19,7815.16064453125,8055.642351080711,7802.29536804918,7952.720139224151,424777
2026-02-20,7854.25146484375,7895.321386823341,7803.779994459194,7812.686724527057,264059
2026-02-23,7955.1943359375,7973.997432582747,7855.241032718033,7907.196957658845,247249
2026-02-24,7846.8291015625,7975.97668609446,7820.108911659337,7907.196938010389,430812
2026-02-25,7925.01025390625,7998.243365643146,7691.456005664258,7847.818595588981,618719
2026-02-26,8105.1240234375,8139.761305588942,7941.3391606928235,7956.678528502747,427401
2026-02-27,7927.484375,8144.709619405779,7904.227913753823,8134.813252918045,774354
2026-03-02,7744.896484375,7913.6295345393155,7635.541633681997,7719.165931270764,494148
2026-03-04,7547.4638671875,7625.150343759219,7493.0338517550845,7620.2021605380905,593728
2026-03-05,7674.63232421875,7720.650429064162,7536.083191350842,7625.15049105164,568151
2026-03-06,7541.5263671875,7654.839767757407,7524.207725179,7652.860494385006,366235
2026-03-09,7190.7001953125,7439.099004701908,7162.0007312794605,7439.099004701908,554984
2026-03-10,7458.396484375,7488.085583364086,7262.44843104703,7303.518351315265,494730
2026-03-11,7178.32958984375,7495.508142755437,7152.104218074141,7495.508142755437,621563
2026-03-12,6903.21044921875,7152.598884915564,6888.860717799687,7100.642960812061,1259945
2026-03-13,6671.140625,6870.552408999036,6600.8764231938885,6793.855568999406,819255
2026-03-16,6756.744140625,6790.391786290506,6574.650999376373,6631.555106016569,866087
2026-03-17,6838.38916015625,6902.22072322862,6699.840031006919,6756.744137621823,555865
2026-03-18,6954.67138671875,6994.751670057364,6898.75691736982,6911.622193503202,557181
2026-03-19,6722.60205078125,6871.54237297212,6680.04767301243,6857.192640933797,629473
2026-03-20,6837.39990234375,6856.202999484369,6732.003594687127,6732.003594687127,575123
2026-03-23,6612.25732421875,6760.702822779374,6591.969772748798,6719.632901510935,380052
2026-03-24,6799.79345703125,6894.303757591065,6683.016331732212,6729.529254520812,723633
2026-03-25,6920.0341796875,6999.699928913791,6832.451337370397,6915.580814823918,490390
2026-03-27,6740.91015625,6844.822006269269,6672.130407903912,6843.337551268994,533428
2026-03-30,6517.7470703125,6713.695129820832,6503.397338681839,6660.749568287015,1015357
2026-04-01,6754.76513671875,6820.081157380011,6680.047567628974,6717.158943004691,736957
2026-04-02,6580.5888671875,6695.881536264475,6516.757303621278,6695.881536264475,660432
2026-04-06,6527.6435546875,6640.956954780241,6504.387092659732,6629.576132936865,971230
2026-04-07,6537.044921875,6591.474937877289,6375.239328850012,6482.120087545417,1150553
2026-04-08,7057.09912109375,7095.694951373186,6780.495670757794,6827.998231101715,917337
2026-04-09,7073.42822265625,7106.086233337979,6964.073368706825,7072.933404312587,648216
2026-04-10,7347.0625,7358.4433214911105,7126.373526737608,7126.373526737608,705365
2026-04-13,6976.9384765625,7195.153360829455,6964.073199939051,7075.90214289672,1246861
2026-04-15,7054.1298828125,7124.888901698737,7001.679141540185,7085.798254901445,913138
2026-04-16,7057.09912109375,7123.899596577389,6978.9178238610475,7085.798584634869,573155
2026-04-17,7114.99267578125,7125.3838605779265,6988.814003250183,7056.604113590403,582841
2026-04-20,7167.9384765625,7188.720846852133,7041.264981463784,7086.293450424656,695282
2026-04-21,7165.46435546875,7220.389191008908,7140.228620220569,7167.938447159748,353002
2026-04-22,7155.0732421875,7191.68979958182,7062.542212015365,7140.228691892505,497850
2026-04-23,7018.998046875,7120.930623375265,6988.814128590941,7120.930623375265,481927
2026-04-24,7037.80126953125,7085.79864864568,6975.948976858016,6981.391978613261,413746
2026-04-27,7099.6533203125,7139.238786274655,7028.399481580621,7075.902040735206,335662
2026-04-28,6998.2158203125,7178.824515385261,6979.907541633891,7095.695033817525,560194
2026-04-29,7114.99267578125,7218.40970542436,7025.430559200375,7032.358015731493,522596
2026-04-30,7035.3271484375,7071.943705547106,6905.684743535923,7046.213151902518,538501
2026-05-01,7035.3271484375,7035.3271484375,7035.3271484375,7035.3271484375,0
2026-05-04,7253.046875,7272.344789321531,6996.730987344795,7035.326815987856,684364
2026-05-05,7225.83203125,7268.881225711327,7138.744005673064,7249.0884926256595,482491
2026-05-06,7234.73876953125,7315.394156948909,7101.137821048011,7293.622150529418,403588
2026-05-07,7251.5625,7394.070176560901,7234.738677072672,7284.220509211873,606372
2026-05-08,7226.82177734375,7293.622252519471,7153.093845483139,7223.85286733594,259522
2026-05-11,7127.85791015625,7193.668746813714,7084.808716252494,7193.668746813714,320656
2026-05-12,7052.15087890625,7200.101560410107,7031.368508929119,7128.847720488517,364492
2026-05-13,6899.251953125,7082.829552967887,6791.8763758584055,7051.1611799491675,668271
2026-05-14,6961.1044921875,7028.399787249876,6771.589065651546,6927.456844656313,447978
2026-05-15,6941.80615234375,7041.759452135142,6902.715505395631,6957.145520133518,313548
2026-05-18,6841.3583984375,6902.221054520807,6742.394730009357,6897.767689441541,316357
2026-05-19,6811.17431640625,6901.726070848847,6788.907491543317,6864.119877747004,406588
2026-05-20,6778.51611328125,6833.440946376674,6682.521359943301,6742.394376200475,455047
2026-05-21,6820.57568359375,6873.521243528786,6791.876221199058,6830.472049936748,491206
2026-05-22,6909.1484375,6968.031819585691,6836.904960319236,6853.233965435436,512596
2026-05-25,7337.166015625,7354.9794750640685,7140.228325159749,7162.000331140832,1354536
2026-05-26,7299.56005859375,7363.88644197344,7278.777688578773,7338.155888621564,388413
2026-05-27,7342.1142578125,7352.0106242470765,7239.192046892901,7298.570245500362,283327
2026-05-28,7342.1142578125,7342.1142578125,7342.1142578125,7342.1142578125,0
2026-05-29,7102.6220703125,7363.391321465816,7057.593603794566,7273.829206743329,1464680
2026-06-01,7026.9150390625,7165.464170175625,6996.236302887451,7102.622242849315,600629
2026-06-02,7067.490234375,7090.746695973798,6877.974813261395,6995.74157625105,452665
2026-06-03,7056.109375,7103.611934607293,6971.990259028752,7065.51092325561,413545
2026-06-04,7036.31640625,7081.839691016175,6957.640294534546,7031.368223123242,429763
2026-06-05,6996.73095703125,7075.90188723811,6956.155855300234,7066.005520962252,422329
2026-06-08,6976.9384765625,7020.482489749556,6883.912630208333,6912.612093445257,402793
2026-06-09,7128.35302734375,7223.358148907682,6976.938614851234,7063.531824610026,547103
2026-06-10,7144.681640625,7192.679017115105,7081.344896390635,7096.684264134895,480600
2026-06-11,7105.09619140625,7152.103931373072,7004.648073371884,7056.109178177668,425248
2026-06-12,7236.22314453125,7278.282701922194,7137.259480081972,7206.534045196467,300260
2026-06-15,7545.48486328125,7565.277596872387,7204.555027173913,7286.694871577132,784420
2026-06-16,7482.14794921875,7586.554616587651,7462.3552160682475,7574.67897669735,453796
2026-06-17,7431.181640625,7499.961388131118,7375.267169630818,7482.147928345361,404085
2026-06-18,7522.22802734375,7588.533681577671,7442.067460284831,7442.067460284831,485856
2026-06-19,7532.12451171875,7578.637434074653,7423.264480673019,7471.756676320662,682982
2026-06-22,7560.3291015625,7640.489669299467,7536.0830039136645,7570.720286269144,375714
2026-06-23,7499.466796875,7596.4511919784245,7479.179244838059,7550.927904480899,365865
2026-06-24,7493.52880859375,7566.761921620155,7410.399328942155,7442.067702142763,324328
2026-06-25,7519.25927734375,7673.642594962284,7503.425090921336,7541.031283674569,673579
2026-06-26,7519.25927734375,7519.25927734375,7519.25927734375,7519.25927734375,0
2026-06-29,7349.0419921875,7527.671413085674,7298.570521462808,7472.746577297039,2326377
2026-06-30,7000.19482421875,7315.888914686804,6870.552423430929,7315.394096363187,2474671
2026-07-01,7065.01611328125,7085.798483134017,6980.402178880697,7000.194912073809,590493
2026-07-02,7174.86572265625,7194.658455684267,7068.974600956358,7080.8502407731685,828736
2026-07-03,7263.4384765625,7303.518762454016,7195.15354504362,7303.518762454016,317988
2026-07-06,7394.0703125,7420.295684015928,7209.008256897042,7263.9330915813425,300086
2026-07-07,7457.90185546875,7524.207511561691,7403.966657602104,7421.285299118917,592213
2026-07-08,7341.61962890625,7514.3112276450975,7268.38651540095,7338.155900564782,905003
2026-07-09,7284.71533203125,7372.2981749717155,7245.624684617143,7341.12462070477,625976
2026-07-10,7289.1689453125,7377.74142791456,7258.985026660402,7322.816592334511,497082
2026-07-13,7220.8837890625,7263.438164849478,7184.762051475879,7249.088433479451,787762
2026-07-14,7204.06005859375,7237.212886667504,7066.005744674686,7181.793233768094,458624
2026-07-15,7327.7646484375,7351.02110994581,7209.503067576094,7209.503067576094,758954
2026-07-16,7341.61962890625,7373.782820648442,7290.158522118742,7333.20771721983,618180
2026-07-17,7485.11669921875,7496.497520537057,7372.792940990242,7372.792940990242,489811
2026-07-20,7485.11669921875,7503.424976991679,7400.502766808728,7490.55970071881,266324
2026-07-21,7609.81103515625,7630.09858652119,7486.60127198869,7511.342188287397,451075
2026-07-22,7552.9072265625,7659.787989202536,7506.889120425818,7611.7906096836305,409800
2026-07-23,7641.4794921875,7708.279966929798,7529.155730954154,7545.48473589116,431136
2026-07-24,7548.9482421875,7630.098446154382,7496.49750059915,7630.098446154382,409577
2026-07-27,7688.98193359375,7765.678773783404,7568.741080909325,7600.409453632795,367549
2026-07-28,7754.79296875,7807.243712413061,7662.261939834976,7688.982130002951,449880
2026-07-29,7698.3837890625,7832.974378510051,7670.673961823298,7809.223098019306,522935
2026-07-30,7830.5,7847.818641390205,7649.891311216429,7787.945624012638,1496307
2026-07-31,7833.5,7899.0,7794.0,7899.0,720608
2026-08-03,8050.0,8056.0,7852.0,7900.0,1009396
2026-08-04,7935.0,8024.0,7867.5,8024.0,599769
2026-08-05,7986.5,8019.0,7905.5,7960.0,424429
2026-08-06,7967.5,8044.0,7896.5,7986.5,377530
2026-08-07,8020.0,8067.5,7920.0,7940.0,339416
2026-08-10,7975.0,8024.0,7938.0,8000.0,372667
2026-08-11,8000.0,8110.0,7955.0,7955.0,600951
2026-08-12,8049.0,8049.0,7940.0,8000.5,317282
2026-08-13,8100.0,8100.0,8011.0,8050.0,238460
2026-08-14,8066.5,8143.0,8030.0,8100.0,297145
2026-08-17,8050.0,8165.0,8050.0,8058.0,397488
2026-08-18,8018.5,8107.0,8016.5,8040.0,262500
2026-08-19,7990.5,8060.0,7947.5,8016.5,344004
2026-08-20,8042.0,8097.5,7983.0,8047.0,323672
2026-08-21,8010.0,8112.5,7980.0,8095.0,316029
2026-08-25,7996.0,8036.0,7984.0,8008.5,34018
