Date,Close,High,Low,Open,Volume
2021-08-25,1410.19091796875,1434.494487429348,1408.6324076003555,1428.503862473668,842972
2021-08-26,1401.764892578125,1421.9285882158242,1392.9980787687193,1408.6322459795367,940660
2021-08-27,1420.5162353515625,1429.9649506300216,1405.563966944127,1406.5868177111183,899807
2021-08-30,1433.033203125,1444.5760869028354,1424.1202679419077,1427.0424595761392,767630
2021-08-31,1461.525634765625,1465.421970630568,1429.6241013430722,1443.6023465304668,1662849
2021-09-01,1447.49853515625,1475.2600745955108,1441.848860664801,1470.8766673482412,666666
2021-09-02,1460.4051513671875,1467.9544054354158,1446.5243226193156,1451.3948014129899,1022291
2021-09-03,1471.3150634765625,1480.5689499480554,1453.8301412906815,1470.8766988663747,1140167
2021-09-06,1491.3326416015625,1526.3999003785518,1472.8248686335555,1472.8248686335555,2520316
2021-09-07,1514.1751708984375,1517.5357276117163,1475.5036988232696,1498.1513440835226,1162828
2021-09-08,1535.8486328125,1566.9708492023744,1512.1782567484906,1521.529438315036,4094362
2021-09-09,1556.499267578125,1561.4671610790758,1529.3222136206837,1538.9169309889953,845937
2021-09-13,1564.7303466796875,1571.694995422075,1538.6246131685618,1568.2857318158854,971858
2021-09-14,1570.0389404296875,1577.929144253977,1552.7001420177555,1568.2856015955092,1087072
2021-09-15,1565.1685791015625,1580.6079183172812,1548.8039229170197,1573.156197869082,1003371
2021-09-16,1537.55322265625,1576.0784517582822,1533.2185225580356,1573.1562598275718,855454
2021-09-17,1528.153076171875,1568.0908098187554,1521.8702088963112,1546.125068251004,1964523
2021-09-20,1495.8134765625,1526.9356928789505,1488.9461224071024,1524.4517461095224,777241
2021-09-21,1516.8050537109375,1524.4517226190226,1487.1440532337554,1495.2289673694108,771658
2021-09-22,1533.8516845703125,1541.6443554002856,1506.8693409679092,1511.1066266232658,920391
2021-09-23,1565.21728515625,1582.8970350874538,1532.6826821352297,1537.7966968794017,1218521
2021-09-24,1587.524169921875,1615.0422952571012,1573.1563868580745,1573.1563868580745,2009800
2021-09-27,1606.0804443359375,1614.3114795327947,1580.169659349184,1592.7353944357826,912417
2021-09-28,1606.03173828125,1640.9528733027953,1598.579898512414,1610.1716094704923,1569131
2021-09-29,1626.6336669921875,1635.0109430364166,1592.6866757571397,1599.4566150100175,821908
2021-09-30,1626.1954345703125,1650.4015877981126,1616.9902558506656,1616.9902558506656,1081824
2021-10-01,1633.696044921875,1643.9239560989906,1593.1252311023607,1616.941729587867,705296
2021-10-04,1598.628662109375,1611.9737124898386,1579.0007439594822,1609.1975227469577,1154208
2021-10-05,1584.84521484375,1610.6099980857234,1580.948879475776,1598.628629541818,543442
2021-10-06,1557.57080078125,1597.5085381100696,1550.7521539655731,1579.000765413184,1041144
2021-10-07,1550.7520751953125,1584.8451881616027,1548.8039075441245,1567.2628527447894,3216011
2021-10-08,1557.3758544921875,1574.9094823001083,1550.411086667538,1554.6483720957635,696357
2021-10-11,1608.9539794921875,1622.3477369889267,1565.3147361688548,1565.363443346232,1703912
2021-10-12,1595.219482421875,1621.8608774077968,1586.3552531532891,1608.9540715658916,771610
2021-10-13,1633.5985107421875,1668.8605973516917,1580.7540880056863,1595.219403517013,1353155
2021-10-14,1707.093505859375,1729.0105395222733,1636.4719264166304,1636.4719264166304,2318372
2021-10-18,1708.506103515625,1751.8043972455691,1700.7621397180392,1716.347481669424,1339088
2021-10-19,1673.39013671875,1724.5786351160484,1667.2046832456592,1711.4771204989095,551969
2021-10-20,1648.648193359375,1679.2833368493539,1638.225454219176,1665.792284270583,837973
2021-10-21,1700.5673828125,1708.5548828378928,1646.2617420587626,1665.1104657391777,1374606
2021-10-22,1669.3963623046875,1719.026230273392,1665.7922699416933,1703.2946476527136,719097
2021-10-25,1666.327880859375,1675.1434021804173,1625.9031930681842,1655.9538492890745,576094
2021-10-26,1694.3331298828125,1721.2180612030868,1660.0938917604644,1672.5135066206508,1340095
2021-10-27,1683.6180419921875,1709.1879972127215,1678.0657818511354,1698.813845838634,527976
2021-10-28,1658.2918701171875,1690.972598315693,1648.6970328486634,1690.972598315693,652099
2021-10-29,1676.50732421875,1697.3528032170968,1632.0400569937838,1660.8244481003755,1156691
2021-11-01,1742.6478271484375,1749.3203520322652,1674.6563111310359,1677.3837935710696,1416529
2021-11-02,1698.862548828125,1758.233375288402,1692.4822666782843,1745.5702253443062,1121991
2021-11-03,1739.287353515625,1746.7391935596215,1690.2418519594937,1699.787981263384,1007472
2021-11-04,1745.1805419921875,1753.3629895987867,1739.2873317078356,1750.4406783549773,95576
2021-11-08,1801.044677734375,1808.9834700230697,1733.3941100208447,1745.180530512015,1498465
2021-11-09,1815.55859375,1831.192761935986,1800.6550332204786,1803.041565517926,1049506
2021-11-10,1825.884033203125,1830.7056855827132,1794.2747466705882,1799.0478112535366,507309
2021-11-11,1796.56396484375,1843.95342431773,1784.3390596424613,1829.1472773533849,949302
2021-11-12,1810.2987060546875,1826.4198277826727,1794.761951113273,1809.7629270683487,1157525
2021-11-15,1807.765869140625,1840.9823722277165,1792.375237298118,1810.8828896214454,653718
2021-11-16,1775.9130859375,1826.4196824276025,1769.922461344416,1811.8083650799742,518987
2021-11-17,1746.203369140625,1778.0073646324151,1740.3588661122305,1778.0073646324151,669416
2021-11-18,1728.5235595703125,1765.003203979639,1717.6624565065276,1736.9981304525159,477111
2021-11-22,1732.22509765625,1751.70689348146,1704.6583881993658,1723.6044050927503,748099
2021-11-23,1737.144287109375,1757.7463480150825,1719.708073245003,1732.9070015825769,1470853
2021-11-24,1701.6873779296875,1747.4696162429038,1689.1703500179049,1743.6219881113182,698612
2021-11-25,1720.974365234375,1727.0625235261925,1671.5393269158758,1671.5393269158758,708577
2021-11-26,1646.310302734375,1712.3049445723834,1635.4979066020505,1711.7692850185997,751240
2021-11-29,1640.31982421875,1675.533205391232,1600.1385494303106,1636.4721957465458,1454309
2021-11-30,1619.3768310546875,1665.3538993166035,1607.5415839039308,1636.4720951988525,1649983
2021-12-01,1636.08251953125,1650.4990090317176,1610.5126828031164,1623.809026553028,867171
2021-12-02,1679.185791015625,1704.7070369829225,1630.0917054194429,1633.1600186177695,984813
2021-12-03,1659.7529296875,1696.9631862027672,1654.1032548785201,1690.2906606011122,921208
2021-12-06,1617.720947265625,1674.0721723250886,1614.2142689226841,1656.9281993056484,851251
2021-12-07,1641.878173828125,1653.0315200916207,1623.8088861800527,1623.8088861800527,824437
2021-12-08,1671.782958984375,1696.865723719749,1650.1094580338774,1655.9539613995262,1008502
2021-12-09,1678.114501953125,1685.1766846638657,1657.902097386663,1684.9818559507137,653385
2021-12-10,1703.879150390625,1711.6719407010778,1670.5652314656738,1670.5652314656738,973292
2021-12-13,1687.563232421875,1723.8480511118278,1682.497924594372,1716.3475037280384,716279
2021-12-14,1677.384033203125,1699.6907289031167,1666.1332709884853,1670.5653858190904,615369
2021-12-15,1660.239990234375,1687.1249211810848,1654.0058293004302,1670.5653155505854,573823
2021-12-16,1672.8056640625,1694.7714077429155,1657.804688760323,1667.5456469302335,886870
2021-12-17,1622.639892578125,1670.1755881486986,1613.2885925471492,1661.3600670399899,617780
2021-12-20,1574.568603515625,1612.8991221873664,1559.518921548405,1612.8991221873664,948588
2021-12-21,1594.0504150390625,1625.5622874015942,1576.2245432045816,1576.2245432045816,949077
2021-12-22,1596.1446533203125,1618.9384177469005,1586.9881818091133,1605.2037104801018,899027
2021-12-23,1616.6007080078125,1626.633790017042,1593.7582347761336,1604.3272151366764,1111226
2021-12-24,1569.16259765625,1624.7830943680788,1553.9180856934022,1617.1852516672832,1124342
2021-12-27,1561.028564453125,1574.3736132433721,1550.9467767929066,1559.0316897897999,1202016
2021-12-28,1579.9261474609375,1596.9239970470821,1570.2338968414863,1575.1043757395053,1432912
2021-12-29,1563.0743408203125,1596.4369669480689,1556.5966443061939,1581.9230636087088,755567
2021-12-30,1552.359375,1578.3188685086973,1546.417457379521,1563.4153075889574,1165542
2021-12-31,1580.2183837890625,1601.4048117107602,1559.08054366341,1561.5644902784252,1663106
2022-01-03,1618.5487060546875,1623.662720571516,1575.1042943896664,1587.5239074958745,628963
2022-01-04,1648.161376953125,1652.5447845530525,1615.0422840447445,1627.7054350266803,895183
2022-01-05,1701.7847900390625,1707.6780001683042,1640.3683840208387,1641.3425275365807,1771249
2022-01-06,1675.9715576171875,1700.8596133127207,1666.279306357773,1700.8596133127207,1158707
2022-01-07,1751.0738525390625,1760.1814976498672,1677.3838339891472,1677.3838339891472,2905803
2022-01-10,1791.206298828125,1797.1970427850529,1747.1286916427416,1763.1038098939914,1468479
2022-01-11,1799.0479736328125,1822.523521870279,1773.8189668659559,1786.6282392846986,1416519
2022-01-12,1825.4456787109375,1828.8062351801848,1797.1970678530836,1809.811510477577,701250
2022-01-13,1808.739990234375,1834.2125312802375,1802.0674649538737,1831.2902199650212,844542
2022-01-14,1809.1783447265625,1819.3575480241573,1784.8747760947633,1811.7109986015491,1239491
2022-01-17,1868.987548828125,1879.0206306604855,1798.1711317207353,1809.1783571195092,1256235
2022-01-18,1804.2591552734375,1879.799929264264,1794.956681196299,1877.9978830623159,945496
2022-01-19,1759.694580078125,1815.6073159604243,1749.7587933892844,1797.1970772881077,809295
2022-01-20,1783.559814453125,1789.160781820762,1766.610671434867,1769.9225208010453,716176
2022-01-21,1745.667724609375,1781.6117134833607,1732.9071596890183,1781.6117134833607,527053
2022-01-24,1646.894775390625,1745.3753119969351,1640.3683720238823,1745.3753119969351,1022826
2022-01-25,1676.7020263671875,1681.4749714513173,1615.0907916717395,1625.367408856831,837999
2022-01-27,1643.3394775390625,1655.9539203629818,1617.087741152904,1653.1290234184357,817874
2022-01-28,1653.031494140625,1691.3620111080654,1647.2356985007598,1655.9538052380371,1141606
2022-01-31,1682.7413330078125,1691.9952187445817,1657.9019869197296,1661.7009078123901,513199
2022-02-01,1725.455078125,1730.9100427800895,1672.6106601628335,1691.6055027286097,1145245
2022-02-02,1732.0302734375,1743.6219843635256,1717.321542024358,1733.881026735538,691679
2022-02-03,1687.8065185546875,1739.7256213250691,1677.3837800127676,1732.9556821452354,482344
2022-02-04,1690.339111328125,1719.2696202729069,1682.4490267887873,1687.8064577013313,571680
2022-02-07,1667.9840087890625,1704.3175343918788,1655.9539326318577,1680.3549158145609,483211
2022-02-08,1673.2928466796875,1683.2286342215325,1641.7322642742763,1676.7509371987992,423296
2022-02-09,1694.625244140625,1700.7621097131052,1668.6170440546327,1673.584937373179,455811
2022-02-10,1722.727783203125,1725.40643908276,1681.8646119907264,1681.8646119907264,624867
2022-02-11,1665.8408203125,1714.3992486689551,1657.9020281046685,1704.658410320113,987534
2022-02-14,1600.382080078125,1652.6421384737796,1593.271309319015,1652.6421384737796,828020
2022-02-15,1667.7406005859375,1671.3446933010352,1576.1272856400956,1616.308562030722,1199604
2022-02-16,1676.7020263671875,1704.609686137131,1668.1786287490286,1670.3703322781935,1208851
2022-02-17,1666.912353515625,1706.4117240257515,1655.953835922682,1692.9205526854987,1071634
2022-02-18,1678.114501953125,1694.8201090631912,1654.0057618843023,1657.902097386663,1205180
2022-02-21,1648.5994873046875,1691.7517786081928,1643.6317133102018,1659.85024847457,1035748
2022-02-22,1640.5146484375,1645.92090666009,1594.7324061969614,1594.7324061969614,884474
2022-02-23,1626.5362548828125,1659.8501722626625,1620.0585586739805,1646.310293738247,675772
2022-02-24,1504.3365478515625,1610.1227966700972,1495.2287840805682,1582.8969197024865,1260593
2022-02-25,1527.2279052734375,1557.3759773960694,1519.7273579364314,1539.0630333495824,1125821
2022-02-28,1557.083740234375,1562.8308291697563,1498.5896419886597,1512.2756428970322,1217106
2022-03-02,1508.3790283203125,1541.741651433939,1498.6381905304054,1531.2702060421664,1150949
2022-03-03,1464.642578125,1536.72526532971,1457.4343929707697,1517.6331250984977,1150368
2022-03-04,1439.316162109375,1475.6496862036565,1409.508922125171,1446.5243466884062,1633853
2022-03-07,1409.0706787109375,1437.465410617004,1373.1753997778405,1407.5607562420475,927442
2022-03-08,1420.4188232421875,1427.7245420198135,1370.740245943219,1402.6903649623277,819693
2022-03-09,1454.658203125,1469.61047179694,1406.0997707911185,1427.7245650152047,1697970
2022-03-10,1514.61328125,1534.1926111378846,1491.4299784462494,1509.8403360994737,1492221
2022-03-11,1525.669189453125,1535.0691968379645,1501.0734982988997,1513.4931118152115,1206952
2022-03-14,1536.6278076171875,1542.9107949302759,1505.8465418983706,1515.879743223493,550221
2022-03-15,1523.7210693359375,1557.278523720981,1517.243372909484,1532.2443478244115,916893
2022-03-16,1562.4898681640625,1573.9840450775046,1535.3614044998446,1538.6245464344952,1406631
2022-03-17,1577.880615234375,1613.8244832244634,1570.233946409852,1578.0267367687484,2739045
2022-03-21,1528.786376953125,1572.6204488240112,1516.1232271638326,1565.3634375626154,1291439
2022-03-22,1541.498291015625,1549.7293267455032,1485.585553410846,1528.786433578297,1017766
2022-03-23,1541.1085205078125,1553.6743748664821,1523.7697210982305,1553.1873031122057,844629
2022-03-24,1557.96044921875,1562.343856476371,1528.4454513066105,1536.140827286607,1080721
2022-03-25,1549.82666015625,1570.233892668914,1533.413296732763,1560.0059825145206,662852
2022-03-28,1569.211181640625,1575.0556847501123,1534.3873407281314,1553.4795991037277,1283149
2022-03-29,1581.630859375,1596.1447630707166,1565.314790054284,1577.0526233046023,1743946
2022-03-30,1624.4906005859375,1634.4750936105518,1590.2513677746654,1595.5602109140384,1510711
2022-03-31,1620.8865966796875,1635.1083758025504,1607.5415467256175,1626.7310996639735,781390
2022-04-01,1626.6824951171875,1637.3000632629985,1615.0421955902596,1618.1592162930685,844681
2022-04-04,1636.179931640625,1644.2648459224472,1616.0162337352644,1623.809024320205,808254
2022-04-05,1658.1943359375,1667.6430509782633,1626.2929249508934,1644.2647992671314,1206116
2022-04-06,1655.7103271484375,1672.8055909972059,1649.5735810719993,1655.953863030082,448766
2022-04-07,1638.3717041015625,1655.9540416097154,1624.7831167224003,1645.7261303793312,867367
2022-04-08,1725.35791015625,1739.530983344439,1632.5758650202108,1632.5758650202108,2508015
2022-04-11,1772.990966796875,1783.4624133150578,1718.9775707499186,1738.4593678057104,3289420
2022-04-12,1710.015869140625,1767.974305927059,1704.6584378074576,1755.311156179206,1507804
2022-04-13,1720.1951904296875,1731.932903805696,1693.3589684643778,1711.4770832672707,839407
2022-04-18,1696.1837158203125,1721.5100130658077,1680.403427524426,1715.3732674452754,466583
2022-04-19,1675.825439453125,1730.9589825925336,1656.0513988363875,1708.5548736414828,747891
2022-04-20,1691.6055908203125,1713.4252118162904,1672.5620400894734,1673.7797194867562,678130
2022-04-21,1718.5391845703125,1724.091564111411,1689.56008493403,1699.787995430345,711001
2022-04-22,1672.3673095703125,1708.5547113332498,1665.6947846987707,1702.7102084413657,900053
2022-04-25,1649.817138671875,1661.6522663935891,1634.864871004412,1644.2647592579578,453315
2022-04-26,1673.4876708984375,1685.1767975690182,1651.0835611883024,1660.8245199771775,753432
2022-04-27,1656.148681640625,1665.2077388612445,1633.5497457651081,1652.0575176146033,426076
2022-04-28,1667.5455322265625,1676.4097605745246,1646.2128639531277,1672.513305946378,814436
2022-04-29,1648.4532470703125,1693.504995683578,1641.4398914936203,1671.928911275634,1115565
2022-05-02,1636.03369140625,1645.1901629735823,1614.2627775360008,1632.5757206706653,438839
2022-05-04,1580.2183837890625,1659.3631283332247,1573.4971515897078,1636.569482971341,607695
2022-05-05,1565.26611328125,1602.2815406155644,1560.0060959822583,1589.667097277573,524858
2022-05-06,1525.0361328125,1562.830752721733,1510.8630608112871,1549.193579039395,527671
2022-05-09,1511.5450439453125,1532.877594497827,1496.7876044025736,1509.7917048854404,965410
2022-05-10,1502.1448974609375,1535.0204494790994,1494.6444701239473,1510.814296983638,856641
2022-05-11,1495.56982421875,1523.1853602283857,1468.9771388970262,1502.047520434529,840087
2022-05-12,1447.3524169921875,1490.3584675412803,1425.337966348857,1487.4362756231897,693593
2022-05-13,1436.880859375,1478.6206394451815,1427.9679240162143,1464.6423967294004,489395
2022-05-16,1414.6229248046875,1458.1160453106695,1400.352557917182,1436.7834960531516,814351
2022-05-17,1443.0177001953125,1451.3948571893761,1410.53180356444,1418.2757672521063,772250
2022-05-18,1448.8134765625,1470.2435599121725,1437.903665870807,1451.3948375502387,776063
2022-05-19,1420.0291748046875,1432.838445724311,1409.0706571802505,1431.9130093865515,525816
2022-05-20,1449.78759765625,1482.5657364007102,1430.2083873263778,1433.861186765874,645075
2022-05-23,1419.6397705078125,1471.3152279806015,1414.3796333581163,1447.4987280146102,959790
2022-05-24,1366.4056396484375,1428.9909075232717,1344.2450652754644,1420.2240921396935,1863231
2022-05-25,1339.9100341796875,1407.2683505899001,1321.6458001766582,1363.7265275116156,3390982
2022-05-26,1356.4697265625,1364.554639928354,1305.5247682860934,1355.93394764829,1562780
2022-05-27,1360.5123291015625,1386.0821656388994,1342.3455062874657,1373.467722497574,1274718
2022-05-30,1403.6644287109375,1411.4570994595508,1366.7464182477288,1373.4676504895585,784377
2022-05-31,1391.585693359375,1417.5451846299534,1383.062296019983,1410.726538386637,2034013
2022-06-01,1399.329833984375,1412.4313492165359,1376.0004077803758,1388.0790722251807,871147
2022-06-02,1395.433349609375,1411.4570551942604,1378.9224528925615,1411.4570551942604,888795
2022-06-03,1304.74560546875,1404.200294284672,1295.589133207999,1397.82001188603,4829454
2022-06-06,1292.325927734375,1305.2813206169064,1276.0585661750767,1299.4368174806752,2364329
2022-06-07,1292.27734375,1302.359133512656,1263.882608615573,1280.9291672565503,2011482
2022-06-08,1294.3228759765625,1319.8927129495655,1273.5746916895298,1302.3590831668564,2671127
2022-06-09,1275.181884765625,1292.618098221036,1268.2658241168851,1292.618098221036,1360831
2022-06-10,1292.1309814453125,1297.2937030097441,1252.7290274327568,1256.5766553294789,1149961
2022-06-13,1259.060791015625,1281.3674857434817,1252.3395582891485,1266.3178027242943,1204017
2022-06-14,1275.4254150390625,1287.3093697940187,1252.7778900246672,1265.3436259041732,1069818
2022-06-15,1297.1964111328125,1306.2553492417767,1274.0616956347938,1285.1663351977754,1062150
2022-06-16,1251.7550048828125,1312.976584454941,1244.936358162233,1310.1518069158137,954602
2022-06-17,1256.62548828125,1272.8928499885124,1243.523973747619,1253.5570554631254,1027138
2022-06-20,1281.9033203125,1287.2607522257083,1251.706419223963,1256.6743130590287,670772
2022-06-21,1299.5340576171875,1305.2812655366138,1282.4387941453363,1296.5144515120408,582021
2022-06-22,1290.572509765625,1296.5144268929105,1276.7890957121797,1293.6895301620934,506446
2022-06-23,1281.951904296875,1307.0346682125637,1265.4410067424778,1299.4368260235462,829824
2022-06-24,1288.96533203125,1305.281401782431,1277.276325031937,1286.23796869295,761751
2022-06-27,1314.3404541015625,1320.1849575758615,1297.4886054397673,1305.281396119176,1127432
2022-06-28,1308.25244140625,1318.7725956266663,1292.3260288420895,1309.177758467204,661031
2022-06-29,1288.96533203125,1324.6657851342852,1284.6306317417607,1295.9301006787052,1556138
2022-06-30,1286.5299072265625,1302.6998531094132,1276.155876209177,1296.9040576242746,1138089
2022-07-01,1312.3436279296875,1315.0222841757009,1271.4804511281518,1285.7996463364727,518559
2022-07-04,1315.801513671875,1322.4253318447104,1297.0990314440492,1305.2813599574517,787143
2022-07-05,1314.7786865234375,1342.1018598833275,1310.5412816587327,1319.8925817816248,704841
2022-07-06,1334.1632080078125,1339.5693468853444,1310.7362480641418,1323.9351776562296,709046
2022-07-07,1339.2283935546875,1355.8367063527005,1332.6045751836452,1346.1931621873805,546507
2022-07-08,1355.30078125,1370.5452913578413,1346.3878457491548,1346.3878457491548,1079820
2022-07-11,1369.5711669921875,1374.44152599316,1338.4002486082888,1352.0862474952041,761236
2022-07-12,1344.293701171875,1364.9444711631422,1340.6409014158712,1355.2035126400074,318839
2022-07-13,1362.89892578125,1369.7661608567146,1352.3299449089009,1355.739328236211,470489
2022-07-14,1355.7392578125,1371.5195481486649,1344.8294466164407,1366.6490690085593,380844
2022-07-15,1361.973388671875,1370.5453744676333,1352.9143310967354,1362.5578748071325,288785
2022-07-18,1391.293701171875,1394.0210646566964,1369.6689057430249,1372.4936835937576,606107
2022-07-19,1404.833251953125,1408.4861707473165,1381.2602921171879,1381.2602921171879,764754
2022-07-20,1404.2974853515625,1426.9937142954798,1400.7419811797279,1426.896299951585,810415
2022-07-21,1426.653076171875,1429.7700968368795,1404.7847468169587,1407.560817232279,780126
2022-07-22,1481.9326171875,1490.3584815357112,1419.3473549260368,1427.042611597696,1650074
2022-07-25,1459.6746826171875,1481.9326701549658,1443.504853840936,1481.9326701549658,1205285
2022-07-26,1475.60107421875,1478.1337281721976,1446.6218543631035,1459.674662185967,882250
2022-07-27,1506.77197265625,1521.3345834204142,1473.750296213534,1474.5783182511636,1287079
2022-07-28,1510.4246826171875,1526.4485077904787,1498.1998977753522,1515.6848188420754,966093
2022-07-29,1532.2442626953125,1546.563455714239,1514.8080492695017,1516.1231429808092,804695
2022-08-01,1527.7635498046875,1548.1707829422237,1519.6299286085778,1535.5563401354934,556560
2022-08-02,1548.657958984375,1553.1874880778928,1511.788652260615,1519.6300309169487,907650
2022-08-03,1545.735595703125,1562.9769822374396,1526.9844059816705,1550.8496108000409,539764
2022-08-04,1538.429931640625,1560.200846201893,1520.7501812328433,1558.3986806325604,720561
2022-08-05,1556.888916015625,1574.0328878943862,1541.1086257616414,1546.125226412645,951109
2022-08-08,1557.2298583984375,1565.4121868664404,1543.9335149477631,1556.1097126730908,461663
2022-08-10,1569.16259765625,1574.3252006918212,1545.394687174945,1553.771964150668,567647
2022-08-11,1568.3292236328125,1587.9328328972651,1561.4190931158241,1587.8838214715831,451982
2022-08-12,1590.4322509765625,1620.2296375694552,1558.478601803223,1576.2197777353142,1803740
2022-08-16,1559.9976806640625,1602.4392907032368,1512.067151612013,1599.1556454793085,1431538
2022-08-17,1584.502197265625,1606.4581153209751,1564.408593311909,1568.28025579631,1052538
2022-08-18,1581.7576904296875,1589.4521241604994,1554.5579098360142,1576.1217366515896,1010974
2022-08-19,1574.014404296875,1589.8442548706723,1562.497319192776,1587.8349064217934,815549
2022-08-22,1533.091796875,1567.2999671269067,1522.9470332738222,1567.2999671269067,962565
2022-08-23,1563.8204345703125,1575.6315876944711,1516.2819937675674,1527.1129183643914,1878454
2022-08-24,1580.287353515625,1585.090232806063,1543.8247761482482,1563.3793732773238,907999
2022-08-25,1592.6375732421875,1614.7405250178715,1584.012042805437,1584.9432598956505,872154
2022-08-26,1642.0384521484375,1653.9966394461608,1597.6365027729375,1597.6365027729375,1352886
2022-08-29,1631.0604248046875,1648.6545649671082,1582.1006551275123,1601.6061206949762,1007459
2022-08-30,1645.370849609375,1658.4562985961413,1637.0883998316299,1637.0883998316299,830049
2022-09-01,1651.59521484375,1672.61991550184,1627.4829144495418,1627.580937302309,1368943
2022-09-02,1654.4376220703125,1663.8473353450286,1636.9415040210372,1651.98717089977,601416
2022-09-05,1676.8345947265625,1680.265274318079,1646.694250401164,1659.387488599882,790436
2022-09-06,1688.8907470703125,1696.4380256879908,1670.2183559655195,1670.2183559655195,833826
2022-09-07,1715.45361328125,1720.2074813703925,1676.0996003128453,1676.0996003128453,800842
2022-09-08,1734.762939453125,1737.3604247739188,1715.355496871516,1722.4617929045455,608734
2022-09-09,1713.59130859375,1762.1589894491608,1707.7101776698478,1737.360529043556,695716
2022-09-12,1733.3909912109375,1736.8705625339821,1712.366168602595,1712.366168602595,420084
2022-09-13,1754.1705322265625,1772.7939137523388,1735.8902306948366,1735.8902306948366,812176
2022-09-14,1747.456298828125,1763.1881259906975,1729.0290834364323,1729.0290834364323,710550
2022-09-15,1772.45068359375,1780.2430194370945,1741.673191356849,1750.5927899422843,1078073
2022-09-16,1710.0135498046875,1770.196336526348,1691.68423779456,1764.217303032141,1031783
2022-09-19,1714.66943359375,1727.9998207877575,1692.3704358932582,1705.5047773821143,517380
2022-09-20,1707.1220703125,1732.9007596968365,1696.8792826326433,1725.108303130936,1023132
2022-09-21,1685.7542724609375,1714.6204412267261,1676.0996220051502,1704.5246879294457,1131988
2022-09-22,1698.3494873046875,1701.5841213475042,1663.1612048783416,1685.7542713731195,477972
2022-09-23,1663.7493896484375,1700.1139473594587,1656.4960586523052,1698.6436045133207,638948
2022-09-26,1632.4326171875,1659.4364701078114,1619.7393792176179,1643.802666844791,784059
2022-09-27,1649.1446533203125,1663.3081137152844,1611.3588882492913,1631.9916162419968,571532
2022-09-28,1636.059326171875,1654.2904944554577,1621.503654247664,1631.9916183011344,550298
2022-09-29,1622.9739990234375,1656.348976352018,1618.5632111848768,1644.2437554445721,543934
2022-09-30,1641.646484375,1663.3573464384747,1621.1607879261046,1649.6349870257636,815263
2022-10-03,1604.0078125,1648.1156983998046,1595.7743724989853,1637.8729098301148,474878
2022-10-04,1650.5169677734375,1655.123801613431,1618.6613424316224,1634.7361293190418,515663
2022-10-06,1649.7327880859375,1671.198711804394,1641.7934174801555,1658.799421503628,616095
2022-10-07,1664.2393798828125,1669.140282085874,1622.1898600124578,1641.793348698664,691354
2022-10-10,1640.7642822265625,1654.486640664593,1624.3462953506075,1648.6546413315812,771385
2022-10-11,1611.8980712890625,1648.6545977834662,1604.7427636391633,1647.8704149858747,409456
2022-10-12,1638.509765625,1643.7536274886402,1598.959709677844,1619.2492374649967,412162
2022-10-13,1646.4493408203125,1651.3502434610648,1607.48741709104,1637.088638399165,751063
2022-10-14,1661.93603515625,1681.2454561328661,1654.3396243993382,1665.3175833449222,568187
2022-10-17,1657.623291015625,1675.1194095544997,1642.038498015529,1656.4960281876506,711250
2022-10-18,1654.7808837890625,1666.9841295560714,1646.9885467142958,1665.9548894984682,471745
2022-10-19,1650.9581298828125,1678.6970366455996,1644.2439245878231,1657.4762894647176,1082577
2022-10-20,1655.4669189453125,1661.1518841707634,1635.0792461909905,1650.0759021595168,430634
2022-10-21,1643.802734375,1680.9513528874072,1636.108421049546,1656.4469614406755,471477
2022-10-24,1665.366455078125,1674.1390192134008,1656.4958680977163,1661.3967701023032,56288
2022-10-25,1680.7061767578125,1694.7227227497158,1659.3383979406194,1662.8671002127105,708672
2022-10-27,1690.2630615234375,1705.994888450039,1686.7344790894151,1695.5070438743196,568780
2022-10-28,1650.81103515625,1703.5444470199955,1638.7548248732305,1695.6050764349657,443761
2022-10-31,1687.5673828125,1695.7029183614438,1655.025600994822,1659.0933087062776,594266
2022-11-01,1726.3824462890625,1734.90995337828,1693.9385660604307,1693.9385660604307,862642
2022-11-02,1725.1573486328125,1747.6033815287112,1717.2669891824705,1726.3826343400394,682110
2022-11-03,1711.0428466796875,1736.8214156714225,1701.1430189673963,1715.4046234140624,370943
2022-11-04,1730.1072998046875,1736.8705166757204,1708.4944607254085,1716.28679748657,445790
2022-11-07,1740.0069580078125,1759.5124238455198,1727.4116225279083,1735.8901184714057,772139
2022-11-09,1710.895751953125,1758.385180085299,1698.9865762882484,1758.385180085299,616980
2022-11-10,1670.757568359375,1705.6027698117334,1662.132037990759,1705.5047469609065,613431
2022-11-11,1674.580322265625,1704.4267205392928,1661.9360944876425,1679.138144857278,1083107
2022-11-14,1713.836181640625,1722.069740601607,1673.40403870944,1677.0796553051732,1571362
2022-11-15,1699.1336669921875,1721.6287105917752,1677.1777490864138,1713.8362541229685,1013411
2022-11-16,1693.252685546875,1715.2576152611948,1671.1987444049944,1701.5841477280192,903821
2022-11-17,1676.736572265625,1689.7238790145684,1663.3571741202984,1689.7238790145684,638353
2022-11-18,1674.9722900390625,1689.2829053271043,1647.9684364816828,1680.0202265423286,753543
2022-11-21,1649.046875,1674.1392858378958,1642.773772290526,1665.7588117484731,417544
2022-11-22,1666.0037841796875,1682.8138630601234,1648.6546997186224,1654.3396649745348,792650
2022-11-23,1668.7972412109375,1679.6771770860491,1660.0246765148686,1671.100658092779,515987
2022-11-24,1689.2828369140625,1699.3295779628686,1664.3373440828777,1676.001462084887,861243
2022-11-25,1700.7508544921875,1704.5246140687248,1672.1297441007762,1695.7030381253032,584168
2022-11-28,1682.9117431640625,1709.3764723507757,1679.5792063651365,1689.0869427418,410415
2022-11-29,1685.0682373046875,1697.6635743034137,1680.6574488151239,1685.9014316225591,494662
2022-11-30,1724.8631591796875,1733.537821000759,1690.998186622088,1690.998186622088,1137756
2022-12-01,1764.2662353515625,1771.5684568722547,1725.1081505287748,1734.9099546217271,898588
2022-12-02,1783.5758056640625,1788.5257195520096,1750.5929170968702,1761.178784726525,1357654
2022-12-05,1780.1451416015625,1800.5818257603441,1776.861616207027,1791.56420359319,837283
2022-12-06,1789.848876953125,1793.720539377163,1764.3153653737315,1778.0377238498454,631065
2022-12-07,1772.352783203125,1803.032254712613,1764.3153896866102,1800.5818034908848,657577
2022-12-08,1776.5184326171875,1789.1136480097625,1770.2453306332518,1772.352701769465,334379
2022-12-09,1764.2174072265625,1799.160633429152,1752.8473565427896,1783.3797944704877,523232
2022-12-12,1779.3118896484375,1783.1345403641453,1740.8399649999335,1767.2556803033124,457733
2022-12-13,1774.901123046875,1788.8195263672912,1766.9616328586708,1780.9781791516223,452455
2022-12-14,1785.7320556640625,1797.5922195179455,1775.3422345148165,1779.0178510243334,535865
2022-12-15,1751.4749755859375,1789.113708896506,1742.7514221959855,1786.6632577039745,319014
2022-12-16,1721.5306396484375,1754.611549863134,1717.266885895835,1743.731614067592,711870
2022-12-19,1730.7933349609375,1734.8120316249758,1709.4254344437359,1717.2669021946303,313190
2022-12-20,1724.0791015625,1728.9800038102064,1695.3599681522737,1727.0685582352885,443027
2022-12-21,1698.5455322265625,1737.2625172386297,1693.5957385000931,1725.647409722405,411544
2022-12-22,1710.2586669921875,1720.9425574270854,1691.831331484555,1711.3859298109855,421636
2022-12-23,1675.2174072265625,1711.287895162757,1671.1496990736366,1690.8021999923817,358698
2022-12-26,1694.77197265625,1706.485103579211,1670.2185680672414,1677.6679449112175,385645
2022-12-27,1704.9166259765625,1714.1302935372598,1693.7917530587506,1703.250357622789,236578
2022-12-28,1717.805908203125,1733.0476196847596,1696.6830662865325,1696.6830662865325,362774
2022-12-29,1718.0020751953125,1725.1082514397417,1686.8815015436244,1711.2878702316593,384501
2022-12-30,1689.3319091796875,1736.3312225881436,1684.08792700069,1720.5503847526024,296853
2023-01-02,1696.977294921875,1713.346270662851,1685.90131304652,1691.1943069121414,312125
2023-01-03,1683.0096435546875,1707.7590911138288,1678.4518214068883,1690.311985301105,548701
2023-01-04,1656.7900390625,1693.742731945696,1652.0851824573062,1688.2536925309557,435968
2023-01-05,1664.6314697265625,1673.992171302992,1643.3125812009412,1665.1215839716197,487184
2023-01-06,1647.282470703125,1665.9547432603517,1631.9917463576464,1665.2195718551689,587219
2023-01-09,1640.421142578125,1666.1997102797582,1629.5412070000873,1666.1997102797582,656429
2023-01-10,1618.269287109375,1651.301187424128,1600.8221798905358,1640.7643311193879,594512
2023-01-11,1602.6353759765625,1625.9634925779894,1595.8231483708305,1618.7592937035436,646333
2023-01-12,1609.8397216796875,1631.9916845903304,1599.7438486014687,1607.0952019969254,908677
2023-01-13,1622.287841796875,1638.3137363372475,1608.614375449384,1615.7696828746498,637882
2023-01-16,1615.8187255859375,1635.3241913069974,1607.4872639659231,1626.6006382929043,360571
2023-01-17,1627.77685546875,1632.9718263896573,1609.4476632191827,1609.4476632191827,514997
2023-01-18,1643.2635498046875,1653.3594226260004,1630.9624031595006,1634.9320882441361,716978
2023-01-19,1643.6556396484375,1659.4364772503404,1635.56923521505,1640.8132173164092,624177
2023-01-20,1622.532958984375,1653.996612150267,1619.4943707526447,1643.6556819529844,317042
2023-01-23,1598.9598388671875,1634.7361382738102,1583.3260346066875,1630.0312815550217,675068
2023-01-24,1571.416748046875,1605.4778853735336,1561.6149438841987,1601.6061030561748,450813
2023-01-25,1562.1541748046875,1579.013264685395,1550.8821473084733,1571.4168539348423,503547
2023-01-27,1547.157470703125,1570.7306447909311,1518.781417207365,1562.350171602584,915505
2023-01-30,1566.9080810546875,1574.5044919900386,1534.9544320009002,1548.5297566271965,467299
2023-01-31,1558.674560546875,1588.8639167533609,1551.715298535565,1570.6816389836636,1534280
2023-02-01,1556.3221435546875,1590.8242651839298,1535.003254538535,1561.4190915684776,741968
2023-02-02,1567.05517578125,1571.6620099227707,1531.7198569703864,1543.7760680511024,721339
2023-02-03,1584.3060302734375,1586.952527005181,1544.608939675395,1568.2801357391363,754417
2023-02-06,1586.0213623046875,1589.0109390981393,1565.437765103018,1585.7274138812706,499057
2023-02-07,1584.257080078125,1600.2829752317912,1575.4845154739235,1587.4917140143868,595073
2023-02-08,1604.105712890625,1608.4674897160075,1583.7180400449324,1584.8943143130168,513921
2023-02-09,1610.8690185546875,1629.0512982783437,1595.3822473849368,1604.1058015176793,1022882
2023-02-10,1602.88037109375,1609.7906212808598,1590.3340475771515,1607.4872045518232,333259
2023-02-13,1590.13818359375,1610.6237577101356,1585.5313499572705,1602.5863646214898,242604
2023-02-14,1572.8870849609375,1595.4801514999863,1547.1085159256772,1590.8243061968649,1051049
2023-02-15,1593.911865234375,1607.487309381655,1566.4669083859476,1572.8870447672537,644537
2023-02-16,1597.342529296875,1610.1337914708174,1584.8943471248933,1599.8419920422518,312420
2023-02-17,1610.378662109375,1635.7162465045856,1589.7950656361293,1592.8825450440977,877096
2023-02-20,1599.645751953125,1617.5829717248155,1589.9911022727706,1611.4078928180131,447737
2023-02-21,1600.7730712890625,1626.012513460691,1592.9806151511173,1602.5863738743078,539466
2023-02-22,1542.94287109375,1601.8513661118216,1539.4631797157042,1601.8513661118216,1056328
2023-02-23,1549.0198974609375,1557.0083999558708,1537.0618296219482,1550.6371544809717,485537
2023-02-24,1543.971923828125,1562.8893738359873,1539.9532270249563,1549.2649177463777,390716
2023-02-27,1540.443359375,1553.5286899156126,1523.241309127908,1549.657027349525,397502
2023-02-28,1547.255615234375,1553.038603473128,1527.2110219254898,1546.7164895158498,742087
2023-03-01,1562.05615234375,1566.3199062101232,1536.914731985353,1536.914731985353,288099
2023-03-02,1566.81005859375,1570.2407384165965,1556.5182593773075,1562.3992703401248,286119
2023-03-03,1564.6046142578125,1579.9933612238246,1559.0176720413317,1570.2406880266064,611252
2023-03-06,1566.8590087890625,1579.0622532144175,1564.35954619288,1568.2312085889466,330663
2023-03-08,1569.3585205078125,1577.1018455423196,1563.1344295985214,1567.3001606805356,435573
2023-03-09,1569.5054931640625,1576.8568466162878,1554.0677350026194,1569.3584588874553,302901
2023-03-10,1564.261474609375,1574.8963530737883,1551.7642821438346,1553.5775847205628,458587
2023-03-13,1531.0826416015625,1586.0704601969935,1518.3894026141986,1570.240730096499,804792
2023-03-14,1530.24951171875,1538.7280078773538,1510.7439252601296,1538.7280078773538,507817
2023-03-15,1519.8597412109375,1548.137895569305,1515.7920326635763,1531.03374692138,551661
2023-03-16,1529.5142822265625,1535.640349840257,1496.776452928906,1527.3578996994838,583369
2023-03-17,1553.8226318359375,1560.7818936776775,1525.1525103855965,1538.8749883727428,698627
2023-03-20,1561.2230224609375,1567.300078770249,1520.2516335143898,1520.2516335143898,530519
2023-03-21,1574.3572998046875,1577.1016992357627,1556.2730457579505,1568.2801236155042,570821
2023-03-22,1580.9246826171875,1583.9631509941973,1566.6140659589614,1578.0821398321325,296273
2023-03-23,1574.1124267578125,1587.8839174506063,1568.2803070012212,1577.9840893686248,313930
2023-03-24,1562.6932373046875,1576.5627497257387,1555.8319982311439,1573.1810815506014,374535
2023-03-27,1598.61669921875,1615.2796226937176,1553.7736479095236,1553.7736479095236,630210
2023-03-28,1579.16015625,1609.1535872840266,1569.8485859524524,1590.8242749924573,582767
2023-03-29,1599.351806640625,1605.3799718692262,1579.1601799860496,1587.0996707288248,577758
2023-03-31,1600.3319091796875,1618.9061572917235,1596.3132127610431,1603.2724744224686,783128
2023-04-03,1595.6761474609375,1609.055545830423,1588.030725481499,1597.4894500735486,766128
2023-04-05,1626.3555908203125,1631.5505615705968,1582.247711245569,1597.6854690967293,1443735
2023-04-06,1635.96142578125,1640.8133167858296,1617.5831017264682,1631.1585462035055,641403
2023-04-10,1676.344482421875,1680.118241989516,1636.9414593176182,1641.7443386756775,828993
2023-04-11,1677.177734375,1687.420521837387,1661.9850331103787,1675.9035574177535,437571
2023-04-12,1683.40185546875,1706.7791049653188,1677.5698560144222,1681.4905299354164,661394
2023-04-13,1667.376220703125,1684.970363533348,1657.7704606714724,1682.960894849822,258855
2023-04-17,1689.4788818359375,1694.2327499336716,1655.5648968621606,1655.5648968621606,723262
2023-04-18,1671.1497802734375,1701.241115882727,1664.8766777462608,1695.6541733608208,332721
2023-04-19,1656.593994140625,1678.0599174276904,1647.625383756382,1675.6584776983655,313266
2023-04-20,1653.99658203125,1664.6314604595834,1646.694240198672,1664.6314604595834,199463
2023-04-21,1629.0020751953125,1658.4563794870523,1623.8071044846513,1652.330191717032,326151
2023-04-24,1655.809814453125,1659.6814765514182,1622.8759406544848,1629.0510194680983,374750
2023-04-25,1653.4085693359375,1669.6794023970801,1650.8110837822114,1652.771420772974,361117
2023-04-26,1665.464599609375,1671.198696216552,1639.9310880990236,1653.4085095333392,683412
2023-04-27,1667.6700439453125,1671.8357750413768,1648.80172544396,1661.3969415874035,531392
2023-04-28,1686.1954345703125,1690.7532571738523,1661.3969731078973,1671.1987783147508,601644
2023-05-02,1705.0635986328125,1709.2294495557574,1681.5394364485119,1686.1952814864742,396437
2023-05-03,1701.486083984375,1704.1815923093952,1688.8908681602134,1690.8021936631055,348145
2023-05-04,1724.961181640625,1728.0487812797032,1685.9992611590512,1695.0168828260287,591510
2023-05-05,1717.757080078125,1732.165598916593,1711.3859548654373,1717.021908663798,336879
2023-05-08,1743.094482421875,1749.612641677267,1717.46294823265,1718.9821823069012,758983
2023-05-09,1729.9112548828125,1752.798391135507,1722.7069351443893,1745.6920942558127,735967
2023-05-10,1739.222900390625,1744.0747915184866,1716.58082187797,1729.911209559545,285798
2023-05-11,1738.977783203125,1748.6325536973875,1730.0091726782948,1739.2228403350653,272209
2023-05-12,1719.0802001953125,1737.8506152202845,1716.3846919092605,1737.8506152202845,305342
2023-05-15,1698.986572265625,1726.8236201341633,1695.8990927448115,1719.2272096424629,448927
2023-05-16,1692.9095458984375,1710.4546753385573,1688.6948035288256,1701.241007785994,209886
2023-05-17,1690.655029296875,1704.2794840267488,1669.8752672437813,1695.0168056572563,377699
2023-05-18,1671.8846435546875,1698.64343923822,1663.1120792638176,1695.016834156041,232671
2023-05-19,1682.07861328125,1689.7729265957419,1651.5951883247758,1676.0995797365956,242657
2023-05-22,1684.2840576171875,1692.6645311403593,1671.1007044941728,1679.1380980279205,263864
2023-05-23,1664.28857421875,1686.3425164302957,1654.5357801653104,1682.96084789063,948278
2023-05-24,1666.640869140625,1675.609479596181,1647.6744082833143,1661.3968868097004,442899
2023-05-25,1667.6209716796875,1678.0109134530385,1657.4762071615671,1661.3478695506333,691665
2023-05-26,1654.8297119140625,1683.7939029737734,1633.952045747314,1668.1600989986325,1946520
2023-05-29,1679.334228515625,1681.343577000502,1642.8717670845804,1654.8298351347714,670545
2023-05-30,1690.94921875,1698.1045265848861,1679.0400428338955,1680.0202713562269,455969
2023-05-31,1684.2840576171875,1699.1336791342153,1662.5241852627587,1689.3319943523336,1217298
2023-06-01,1668.6993408203125,1685.9013914949587,1666.2979009108374,1681.0004888174153,380199
2023-06-02,1676.638671875,1684.9212428504122,1666.2978611703281,1674.1882205946706,581154
2023-06-05,1700.1138916015625,1709.9155762907735,1678.059950893281,1684.9211902387515,770437
2023-06-06,1731.38134765625,1739.810831785048,1703.0051756659302,1705.406615231837,1032105
2023-06-07,1733.9788818359375,1737.2625273230979,1714.865506415869,1733.7338247006235,757211
2023-06-08,1678.010986328125,1740.938176180954,1675.0704207762185,1736.87046791188,746173
2023-06-09,1681.735595703125,1703.348433932737,1676.3935903669671,1688.8418923001811,488829
2023-06-12,1697.0751953125,1700.7998232448388,1677.1286270908313,1690.213956403534,248563
2023-06-13,1703.4954833984375,1712.3660713354566,1694.5758840335664,1700.6039292812177,356101
2023-06-14,1744.0745849609375,1749.4164696108937,1702.5641926880073,1710.4055397479938,814345
2023-06-15,1737.3604736328125,1764.2172929674077,1725.598332286191,1753.5332828426208,966649
2023-06-16,1745.4468994140625,1754.2684754995446,1735.9391633716073,1743.1434825416957,969546
2023-06-19,1726.3824462890625,1758.9732406605085,1719.325161762319,1753.7782700798425,541464
2023-06-20,1734.0277099609375,1737.6054236322786,1710.1604688908499,1731.9693503679337,463433
2023-06-21,1742.6533203125,1744.7116800007109,1722.1677462786886,1734.9099958011445,332971
2023-06-22,1715.6005859375,1754.5134946724147,1712.0228720795785,1750.6908438183443,412543
2023-06-23,1682.07861328125,1715.2575465194936,1677.2757338248707,1715.2575465194936,343509
2023-06-26,1692.56640625,1696.732137046925,1662.3770507653019,1681.9805392733172,387107
2023-06-27,1698.79052734375,1702.0741726919753,1679.4320956074457,1691.831265373428,338798
2023-06-28,1708.543212890625,1719.9132621423407,1699.6236146081094,1701.534939936358,1030697
2023-06-30,1700.2608642578125,1723.0988668378725,1696.438093247828,1710.4056285655213,453149
2023-07-03,1758.14013671875,1762.3548790567586,1701.6820978587875,1715.3065533821375,1087245
2023-07-04,1734.4688720703125,1769.2160493562264,1723.8339937884473,1764.3152673785546,671213
2023-07-05,1742.6533203125,1748.9265423514698,1728.685905312363,1734.9099958011445,400602
2023-07-06,1732.998779296875,1748.436537991673,1730.0092023619545,1742.6534298307479,360764
2023-07-07,1708.7392578125,1735.596075491821,1702.5641790333796,1732.9985902580709,554892
2023-07-10,1708.4454345703125,1724.3733080867933,1698.888686435214,1720.0605425939793,453912
2023-07-11,1732.6556396484375,1738.781707462989,1709.2294996261005,1709.2294996261005,578931
2023-07-12,1742.6043701171875,1749.0246266541885,1722.2168182153287,1732.6066398697417,791286
2023-07-13,1724.9122314453125,1748.534537797831,1718.7371520739994,1743.7316582447945,335559
2023-07-14,1718.443115234375,1733.880874010638,1709.0825332144802,1727.6077716703671,409283
2023-07-17,1757.503173828125,1759.414499366513,1713.9342973593607,1718.4431084182413,923312
2023-07-18,1739.8599853515625,1763.3351371573533,1732.8027003441252,1754.5625723558564,747998
2023-07-19,1748.8284912109375,1753.0922447908274,1735.5961276610642,1736.9683273889923,435757
2023-07-20,1783.379638671875,1786.9572323569025,1741.8202336876373,1749.6125695670398,856488
2023-07-21,1768.823974609375,1788.7705416961146,1754.5133605239455,1783.9186512998206,782735
2023-07-24,1777.106689453125,1806.2669274780087,1754.562633830893,1760.39463338545,782832
2023-07-25,1792.789306640625,1806.2667270907732,1776.126263849554,1778.0375892036934,472389
2023-07-26,1802.6402587890625,1812.3440413361072,1792.838573508967,1796.6612247619016,463896
2023-07-27,1786.3692626953125,1812.0988193569713,1779.017909309392,1805.6296716227362,540277
2023-07-28,1787.6434326171875,1798.5233683151355,1774.1170001005946,1782.4484618297008,493242
2023-07-31,1812.7850341796875,1817.9308735921543,1784.7029282635135,1793.7205502495312,599614
2023-08-01,1801.2679443359375,1818.224936874056,1788.4766827926962,1815.2843714140065,512567
2023-08-02,1784.89892578125,1803.4242835189111,1770.24535051261,1796.3669986604666,650377
2023-08-03,1794.259765625,1798.2294511240782,1758.6303787392471,1772.1568123943705,664460
2023-08-04,1789.2608642578125,1809.354469295501,1784.0660130890217,1794.2597898339038,325948
2023-08-07,1818.8131103515625,1827.9777667739231,1789.8489183880865,1790.6821126541367,970459
2023-08-08,1807.8841552734375,1831.3593075225392,1795.484864818471,1820.8714627289278,481950
2023-08-09,1809.060302734375,1813.2750452071743,1791.2211043025045,1808.3742628819507,529863
2023-08-10,1794.0146484375,1818.2249721799612,1787.8885803923167,1798.7195052145194,703299
2023-08-11,1801.159912109375,1813.430196516067,1782.385061607915,1802.3919290106346,749144
2023-08-14,1785.5880126953125,1808.5023185409113,1767.8972167890881,1798.597506869114,530231
2023-08-16,1790.663818359375,1793.7190996358079,1759.7665239899711,1785.8345534455843,399331
2023-08-17,1774.845458984375,1786.2779717594256,1767.7986847526265,1783.86333944824,497072
2023-08-18,1765.0885009765625,1774.845470851478,1759.8649909156481,1769.0799941429357,441358
2023-08-21,1782.2864990234375,1786.8200796449967,1764.1521765372008,1765.0885093815107,267446
2023-08-22,1779.7239990234375,1798.6466912674234,1772.0858567088326,1783.863334177248,366115
2023-08-23,1771.6917724609375,1788.791200894167,1767.1089111249464,1783.8633748231703,418171
2023-08-24,1752.374755859375,1787.2636638234117,1745.4265426731386,1778.935591663867,924665
2023-08-25,1750.6007080078125,1756.9082721535387,1732.6635083008564,1734.585333871463,659271
2023-08-28,1758.8792724609375,1764.1520628830458,1742.7654587294899,1752.2760246580733,773224
2023-08-29,1775.7818603515625,1780.8574077611083,1753.409640692561,1759.2243982624177,643399
2023-08-30,1780.5618896484375,1798.5483710511185,1773.8600797162107,1778.9356272545022,475187
2023-08-31,1765.0885009765625,1792.7333898724548,1756.1199011281833,1780.5617876702088,1249751
2023-09-01,1785.3416748046875,1798.6467327283333,1762.0825241695145,1764.152191794128,421915
2023-09-04,1814.4649658203125,1823.9756531326275,1788.7911830878206,1788.8404637637595,947843
2023-09-05,1827.0308837890625,1844.9680830475806,1817.8651614614928,1825.7003055754665,884678
2023-09-06,1811.9517822265625,1832.1557724002969,1790.7622993145321,1828.213559875171,598389
2023-09-07,1820.723388671875,1824.3699171566188,1799.1888201405886,1805.5456650436556,409810
2023-09-08,1823.039306640625,1829.44555289277,1813.5287401854866,1820.72335646078,365560
2023-09-11,1835.4573974609375,1842.109926176318,1819.1463396645127,1823.0392713873136,433848
2023-09-12,1843.9332275390625,1892.274913021907,1809.4879678626403,1838.0691894992883,1858204
2023-09-13,1905.0872802734375,1918.3923379412604,1828.8541820056928,1851.8670496021455,2896732
2023-09-14,1903.7073974609375,1925.7839319458428,1890.8458660340293,1914.9427874028954,1225975
2023-09-15,1944.36181640625,1959.243734995106,1904.8408885646431,1913.9573304431788,1672773
2023-09-18,1929.1842041015625,1959.3915672101725,1924.7984655495468,1951.408580914942,682473
2023-09-20,1916.6182861328125,1931.6974485315761,1902.1306126421628,1929.184254798449,582031
2023-09-21,1883.897705078125,1911.9861203130124,1868.7201023003197,1904.2002566121655,1002208
2023-09-22,1884.3411865234375,1901.095649757791,1862.0182485786756,1879.1669572135493,678725
2023-09-25,1911.8382568359375,1917.8502576969104,1874.4362773565986,1884.3412100243213,762935
2023-09-26,1929.7261962890625,1931.5988619847517,1908.2903100007525,1916.8646645160763,659819
2023-09-27,1903.214599609375,1938.448349735158,1895.2808940610728,1938.448349735158,510599
2023-09-28,1878.9698486328125,1909.9657024780595,1869.2128788264654,1902.1305582277207,726738
2023-09-29,1914.3514404296875,1922.8273542440418,1882.074409819042,1882.1236904944624,804258
2023-10-03,1893.7041015625,1911.0006528612032,1879.117745920503,1900.25806923023,596037
2023-10-04,1868.4737548828125,1882.419461958472,1849.9451863522108,1878.477249313741,693152
2023-10-05,1862.8560791015625,1881.4338071162094,1853.838198422702,1869.7056100088332,549055
2023-10-06,1875.816162109375,1878.3786364940354,1862.7082269138946,1862.806788266611,402950
2023-10-09,1861.72265625,1869.5086409359583,1848.0233526228146,1862.7575504773513,347299
2023-10-10,1891.1907958984375,1894.7387628521972,1859.2586101707388,1865.6154547547046,358738
2023-10-11,1951.507080078125,1953.7738702952229,1895.8229381302665,1907.9945398874452,914364
2023-10-12,1972.8936767578125,1992.8019818914959,1938.4482975746375,1962.1510938034635,2108772
2023-10-13,1953.970947265625,1971.8095856437906,1945.840118890506,1967.1282837937922,307670
2023-10-16,1945.199462890625,1971.119769657885,1929.726176225761,1953.9709400195618,668313
2023-10-17,1945.9385986328125,1990.9787187721731,1929.775383126208,1971.1196943020504,1316588
2023-10-18,1927.45947265625,1962.2005387913148,1922.8274512908831,1941.65158317772,585260
2023-10-19,1947.170654296875,1950.2750952366116,1899.9623043548681,1923.8621029816184,712810
2023-10-20,1918.2445068359375,1948.5997121100831,1911.3455745852734,1943.918289483348,491975
2023-10-23,1875.274169921875,1911.1978522362392,1857.7804952138765,1911.1978522362392,878203
2023-10-25,1850.33935546875,1892.32419621149,1841.9621237476665,1873.647907203919,738333
2023-10-26,1822.84228515625,1846.9392066055761,1812.9866332919523,1840.1388358078432,1141085
2023-10-27,1829.19921875,1842.9969629300224,1823.3843403846008,1830.233992190164,289530
2023-10-30,1851.669921875,1855.1193275783473,1801.6526936746811,1829.1991417699744,514528
2023-10-31,1859.4556884765625,1864.6299175477413,1838.0690843446916,1852.9510020259765,291175
2023-11-01,1841.56787109375,1869.6071260115355,1834.521096857692,1866.650406268568,349005
2023-11-02,1870.34619140625,1873.5000338107589,1851.5220606868038,1851.5220606868038,322032
2023-11-03,1868.818603515625,1887.3471708950324,1863.0530061539,1876.0132196561362,234555
2023-11-06,1890.9937744140625,1908.5860096744755,1868.8186778012753,1874.6334352828167,292296
2023-11-07,1893.802734375,1902.0814052600958,1884.4398885575345,1892.2750333339336,223028
2023-11-08,1905.9249267578125,1914.9428072095784,1892.2749043916983,1901.1449428173062,427257
2023-11-09,1907.0584716796875,1916.4704771897339,1902.130645482045,1909.4238234231168,289965
2023-11-10,1914.9427490234375,1919.6734521448138,1893.4575830676554,1902.1797792020786,193655
2023-11-13,1900.9970703125,1917.8009348479347,1894.2459802507622,1917.8009348479347,214186
2023-11-15,1915.879150390625,1935.9352983073493,1907.0583925927572,1918.8850300334707,972167
2023-11-16,1914.548583984375,1926.6217456639595,1886.2137655267823,1921.5460776123412,954513
2023-11-17,1942.094970703125,1954.9565020033779,1912.3310135885238,1913.0209430299979,849407
2023-11-20,1943.8197021484375,1949.5851787791964,1924.897009977307,1943.1297726968025,287305
2023-11-21,1948.8953857421875,1959.2930043453684,1940.5674347245404,1944.164682464976,317975
2023-11-22,1945.5936279296875,1956.237649509202,1930.4653066195574,1951.2113831543531,315125
2023-11-23,1928.64208984375,1955.4493275384657,1923.2214571805823,1955.4493275384657,437448
2023-11-24,1921.2503662109375,1941.0108299146582,1917.3574344376937,1935.5410373192085,168686
2023-11-28,1947.36767578125,1958.3075025503597,1925.044858523384,1934.6539862738643,699089
2023-11-29,1974.32275390625,1979.9897899867053,1952.4433419601773,1959.391554810857,824220
2023-11-30,1976.490966796875,2001.6720629936617,1961.51048714777,1977.0330542200977,1707069
2023-12-01,1986.9381103515625,2009.5566128641376,1979.0042835668157,1990.7817616561865,932202
2023-12-04,2023.3050537109375,2046.0222367532965,1999.1588518967167,2045.0366232651393,1055783
2023-12-05,2042.4251708984375,2047.9936460302665,2009.0639631441893,2028.1837794426774,561391
2023-12-06,2028.0357666015625,2054.892284850959,2016.0120067042192,2049.8166169345573,360631
2023-12-07,2051.689208984375,2058.8344234076194,2016.0612150700542,2028.0356938632722,424799
2023-12-08,2040.158203125,2068.9859499890376,2013.1539621117945,2049.9645747893937,594786
2023-12-11,2053.9560546875,2058.0953899925453,2038.2364849781388,2042.0801362205416,254812
2023-12-12,2050.703857421875,2098.257055529548,2045.6281890393059,2059.8202999244395,774496
2023-12-13,2053.857421875,2062.7274603017663,2007.881088239185,2050.851542247998,805574
2023-12-14,2073.51953125,2081.4532371740565,2051.8865217132734,2064.698773132011,607109
2023-12-15,2096.9755859375,2101.952450408377,2071.646529698498,2085.44439242945,727207
2023-12-18,2079.28515625,2096.975953395787,2071.646892718311,2096.975953395787,314105
2023-12-19,2087.662109375,2106.929644072638,2059.0314886639244,2076.623722102418,317963
2023-12-20,2033.7520751953125,2104.7616619238556,2023.8964234495918,2103.1846803415215,678958
2023-12-21,2055.48388671875,2060.6581165729103,2020.3979749573139,2020.3979749573139,445236
2023-12-22,2016.652587890625,2066.3247311649925,2005.515759057103,2058.834551565366,1006017
2023-12-26,2039.665283203125,2052.921059980226,2019.4121337632296,2021.3832399650548,643808
2023-12-27,2094.11767578125,2100.080396262829,2041.6859331161036,2048.929709657068,1137913
2023-12-28,2109.048828125,2117.228936897199,2075.8846253965326,2098.2568436205634,1063989
2023-12-29,2103.97314453125,2114.0259188476607,2084.4589639843266,2109.3937770800544,651373
2024-01-01,2096.58154296875,2143.592648873434,2081.502381376415,2114.025935351212,807664
2024-01-02,2071.10498046875,2099.637046063724,2057.8492016575315,2099.144239241154,799936
2024-01-03,2042.2772216796875,2089.386890843373,2036.2652207542278,2059.8201761220416,975031
2024-01-04,2040.3060302734375,2064.7480382399763,2029.6621287423525,2059.8202121050135,962508
2024-01-05,2049.4716796875,2068.6901767685845,2023.896458635984,2067.7045632624904,1089092
2024-01-08,2037.84228515625,2053.6111358955327,2028.183755371061,2049.4718004978736,559523
2024-01-09,2034.2451171875,2062.5305365881136,2029.1201680241795,2052.083757112847,1216816
2024-01-10,2046.7861328125,2052.6239602844416,2019.377501427381,2037.1387158663993,325322
2024-01-11,2061.776611328125,2074.2441389265664,2029.4207078402806,2048.1712799128136,887806
2024-01-12,2089.333740234375,2098.5852208835245,2053.168246422757,2061.0840758065556,485644
2024-01-15,2078.894775390625,2100.6137848200824,2071.671532473497,2089.5316715521903,202260
2024-01-16,2092.9453125,2097.4970111804755,2068.109541900223,2070.5337164177145,457403
2024-01-17,2046.0936279296875,2092.945299466001,2034.3682086972785,2090.3727997872766,733818
2024-01-18,2032.042724609375,2047.2313184533539,2014.7763705520795,2045.2523611614704,877519
2024-01-19,2059.302978515625,2071.968353921799,2030.756663568321,2034.8133812092426,456698
2024-01-23,2028.0355224609375,2064.4481432503376,2011.1153410440443,2056.23566377447,938057
2024-01-24,2049.50732421875,2058.8578498228144,1995.3333642150017,2047.231474844841,604130
2024-01-25,2054.65234375,2065.3882833499665,2030.5584428494676,2058.06599665687,467209
2024-01-29,2082.35791015625,2102.6422233699363,2055.889355109123,2058.1156821691616,795647
2024-01-30,2103.780029296875,2116.494927147649,2083.8421302351326,2092.7474384840007,852171
2024-01-31,2152.1162109375,2159.092084211481,2093.1927049857172,2104.126493130388,910709
2024-02-01,2106.20458984375,2155.9751783247457,2089.234884128874,2152.1163077809583,638710
2024-02-02,2116.940185546875,2147.0697640623125,2108.0843993743374,2125.3507546126725,330557
2024-02-05,2067.76318359375,2124.707733028285,2059.1052446745275,2107.688747124319,949717
2024-02-06,2044.262939453125,2075.8767347570947,2039.3155460856199,2060.0945982291414,581483
2024-02-07,2089.284423828125,2097.6949933770425,2041.294703460773,2057.1263637881466,1133609
2024-02-08,2035.6544189453125,2102.6420733926598,2026.4522194391375,2100.6631161471137,1387156
2024-02-09,2145.6845703125,2159.042532820786,2025.363984024687,2035.605064457178,2010089
2024-02-12,2124.75732421875,2175.86380583991,2115.604645635749,2152.116315462394,1229133
2024-02-13,2042.4324951171875,2151.027789521238,2032.3398600336639,2151.027789521238,985312
2024-02-14,2057.917724609375,2063.062965225046,2006.1679434022928,2032.389127372779,605147
2024-02-15,2062.865234375,2081.5167628572167,2050.991490019317,2063.7556685728973,506068
2024-02-16,2083.49560546875,2096.7052419654988,2064.8936002605346,2069.3955348231584,403756
2024-02-19,2145.78369140625,2166.9584398057054,2080.082158151158,2085.276921534254,1167037
2024-02-20,2169.1845703125,2198.6215601479644,2138.362406995906,2146.1791917015908,1710394
2024-02-21,2170.916259765625,2198.62166326309,2157.113080266099,2176.8531319436534,765529
2024-02-22,2178.040283203125,2220.390016320777,2090.9661649160357,2210.495230151789,3428899
2024-02-23,2171.31201171875,2213.167009988983,2159.636356052461,2210.495465753001,1646510
2024-02-26,2163.890869140625,2188.034294327414,2151.9183218318344,2180.910096012539,905237
2024-02-27,2181.602783203125,2190.7059393340237,2167.156296911163,2167.156296911163,674507
2024-02-28,2163.00048828125,2195.5542416362073,2150.3846345641473,2178.8321478478097,1197381
2024-02-29,2168.34375,2182.790237137496,2135.0974071971186,2163.000661098172,1499473
2024-03-01,2231.17529296875,2235.6279468572548,2173.6372065716264,2185.7583199347773,826009
2024-03-04,2210.643798828125,2236.2219205212764,2202.8765357730267,2221.3797396328605,423656
2024-03-05,2208.021484375,2228.206751080871,2197.0876975876854,2206.6363109709996,401260
2024-03-06,2212.968994140625,2229.245869570308,2173.488892751867,2214.354167617729,678808
2024-03-07,2204.657470703125,2226.6733706058017,2184.7688532633933,2215.442691330044,519779
2024-03-11,2213.265869140625,2246.660773223639,2202.0847121999254,2206.5373660776604,599546
2024-03-12,2161.021240234375,2223.3088691511052,2149.988650586306,2212.474126906622,891725
2024-03-13,2126.48876953125,2179.871097050041,2114.81287256382,2170.916266505989,881145
2024-03-14,2173.389892578125,2181.7014167541092,2106.2043877017545,2127.2800900562734,1097271
2024-03-15,2173.983642578125,2185.659297412243,2142.270803472387,2162.1098987560904,2630480
2024-03-18,2179.920654296875,2190.705875664818,2147.1688121918046,2158.053078060058,508214
2024-03-19,2150.928955078125,2182.8891670177213,2141.0836898299544,2175.863771263892,660181
2024-03-20,2144.695068359375,2173.04353630199,2108.5790960432887,2152.6108979081064,655682
2024-03-21,2182.344482421875,2188.033984131706,2152.412756035372,2164.9790854105295,880687
2024-03-22,2200.1552734375,2210.495276888325,2171.3613484481853,2176.8530032024687,551648
2024-03-26,2216.481689453125,2218.5101689919643,2178.485564500711,2191.695201054577,731877
2024-03-27,2184.125732421875,2228.2563340102474,2175.566597400293,2216.4321127943244,1033992
2024-03-28,2263.234619140625,2284.9041054704,2186.7478693332678,2186.7478693332678,1786120
2024-04-01,2268.429443359375,2294.798954101405,2264.966267907299,2275.801011364405,288891
2024-04-02,2282.03466796875,2291.6325625978857,2251.063937785056,2272.832468172428,446163
2024-04-03,2281.193603515625,2291.7809772119413,2263.9767708933496,2279.3632128775025,303529
2024-04-04,2253.884033203125,2299.301006481835,2225.8322169256107,2285.200935758923,814966
2024-04-05,2214.008056640625,2253.1419865350017,2210.0006196941517,2251.113506937706,454995
2024-04-08,2256.802978515625,2264.3723936441447,2211.4848075235727,2223.3585514565852,278448
2024-04-09,2277.08740234375,2288.0211903974287,2257.940892687347,2272.783073328915,388155
2024-04-10,2282.084228515625,2290.5440778915113,2267.439895876687,2285.64620678654,513499
2024-04-12,2230.33447265625,2282.727320581475,2225.634448914264,2272.832533756241,635489
2024-04-15,2213.859619140625,2229.691278858293,2201.392332056135,2215.442881741174,415064
2024-04-16,2219.35107421875,2225.5848379846443,2197.7311108102535,2205.5478954619416,558075
2024-04-18,2202.62890625,2276.641954530057,2196.098250800729,2221.428999824168,987066
2024-04-19,2249.2333984375,2266.648320094617,2178.189021408997,2196.642702438088,1061064
2024-04-22,2256.5556640625,2262.7894280942432,2242.2082231257314,2251.0640090447273,445671
2024-04-23,2345.212890625,2351.001437763426,2254.4282181019385,2254.477740352309,1823447
2024-04-24,2313.15380859375,2359.2140899484725,2308.4537848141244,2352.980325884264,1021874
2024-04-25,2342.541259765625,2351.050873068245,2309.641093555711,2324.285426378573,1621547
2024-04-26,2317.804443359375,2354.2668318271217,2305.535003521317,2342.046672668862,405679
2024-04-29,2361.48974609375,2367.6244651583484,2285.2998931612083,2330.222125404352,616995
2024-04-30,2386.2763671875,2412.79444640616,2349.1216328161445,2379.696430028473,1041175
2024-05-02,2411.705810546875,2426.2015756978644,2375.787688334515,2384.6434736671504,1466226
2024-05-03,2455.2431640625,2460.8336223054603,2413.1407954308197,2416.3070790791853,1192695
2024-05-06,2427.488037109375,2463.554485836351,2415.515248732987,2462.8123768437304,606833
2024-05-07,2395.52783203125,2442.725915723426,2377.8162606743335,2434.1174997095727,438590
2024-05-08,2352.337158203125,2398.644565627714,2345.954827672077,2378.706667518346,462790
2024-05-09,2328.93603515625,2368.2182923666855,2320.3771407827717,2350.457197502975,557056
2024-05-10,2352.13916015625,2357.6308151741105,2297.569507290173,2335.1201750833043,890719
2024-05-13,2360.1044921875,2367.822474182886,2322.355977286784,2352.8812495306397,511264
2024-05-14,2347.093017578125,2371.6321378504167,2337.247752748115,2358.372978220316,421260
2024-05-15,2344.767578125,2378.657222892502,2341.3044027472993,2361.836085343669,404095
2024-05-16,2347.63720703125,2360.8961246819104,2285.8935926077193,2356.9382099716304,1181205
2024-05-17,2398.149658203125,2408.044443980081,2349.022143449307,2349.022143449307,1184234
2024-05-21,2420.907958984375,2424.17328700102,2381.0814414038346,2404.532279795773,555489
2024-05-22,2411.012939453125,2437.1353194946983,2392.856152045674,2430.1099247902175,722345
2024-05-23,2427.98291015625,2435.9975427747872,2370.4445781497066,2416.3070130482606,1091448
2024-05-24,2415.3173828125,2448.7618094714435,2406.01638013835,2423.9753209934133,483000
2024-05-27,2365.4970703125,2429.862705688787,2360.8465689083496,2415.3669398970123,888793
2024-05-28,2414.67431640625,2443.962739457603,2367.5255138638113,2373.6602331698964,874384
2024-05-29,2375.342529296875,2434.117464118774,2368.0697646350636,2414.3278912397595,1084966
2024-05-30,2320.525390625,2381.279527530849,2303.5064053602673,2378.7067862912727,826458
2024-05-31,2291.8798828125,2337.148530254992,2271.7934182558715,2318.298913989142,1644820
2024-06-03,2343.877197265625,2379.894125384323,2337.4455857035755,2374.748884449073,807692
2024-06-04,2232.65966796875,2340.315000092842,2148.7520664922786,2311.471792281799,1543389
2024-06-05,2280.599853515625,2289.406116448776,2159.190635735875,2234.638379173679,1996915
2024-06-06,2310.185302734375,2328.243288289532,2268.973613150971,2281.78731349079,834320
2024-06-07,2354.810791015625,2358.372769105345,2286.8829387927412,2286.8829387927412,471524
2024-06-10,2421.056396484375,2445.9912100197034,2350.308673379032,2356.0476978334327,980297
2024-06-11,2431.05029296875,2455.8863067202915,2400.821909807988,2424.1239415799337,531924
2024-06-12,2424.37109375,2450.7903677916347,2404.433194955586,2404.433194955586,463980
2024-06-13,2432.188232421875,2449.504110138716,2404.4333058242046,2415.3670940683724,512510
2024-06-14,2445.199462890625,2497.1470892819584,2424.2225649288903,2432.187915956613,1542911
2024-06-18,2431.693115234375,2461.278427936408,2419.275110829639,2445.001553725987,467553
2024-06-19,2421.40283203125,2434.958884195156,2386.622750517133,2432.138773122352,668976
2024-06-20,2472.509521484375,2477.6547626131096,2406.907032770124,2421.3535189892227,1008266
2024-06-21,2440.20263671875,2489.13254842977,2424.816437216912,2472.707106475867,2867672
2024-06-24,2488.637939453125,2495.217876085363,2417.3954740706936,2437.9764374791735,724085
2024-06-25,2490.468017578125,2503.232435967315,2468.7490114630036,2493.485975505719,792404
2024-06-26,2525.39697265625,2537.0233471997744,2482.65154179785,2492.2989589722642,1387150
2024-06-27,2609.84912109375,2626.719539705742,2525.3970172470126,2528.0190391786036,4849907
2024-06-28,2642.35302734375,2650.763595279152,2559.978935505843,2608.216016311824,1495266
2024-07-01,2697.714599609375,2715.0304766575587,2634.04179094965,2638.1480308780124,1098168
2024-07-02,2714.090576171875,2733.632780671995,2688.413651991171,2688.413651991171,942834
2024-07-03,2713.4970703125,2732.3464467118642,2701.9199760058004,2721.8085949497654,537119
2024-07-04,2706.07568359375,2723.787254152091,2688.462915953633,2719.0872307365166,446631
2024-07-05,2719.08740234375,2726.706339836511,2691.777694250385,2701.2767861711927,372709
2024-07-08,2713.298828125,2725.964203367838,2685.296775126683,2722.7483977024112,333988
2024-07-09,2732.7421875,2756.6380003003414,2690.2934084156755,2706.323155824433,451862
2024-07-10,2772.667724609375,2782.6615564038357,2712.1611969429864,2751.7403461139893,1128000
2024-07-11,2772.123291015625,2807.150736177725,2761.882091066646,2795.2769931977696,1679101
2024-07-12,2813.829833984375,2820.0140753777473,2772.1234066562442,2777.4664945913464,1457604
2024-07-15,2774.250732421875,2822.9330331169062,2756.687486590225,2820.0141194480047,1333353
2024-07-16,2797.6025390625,2814.819370828989,2780.731879878042,2788.350817117881,756629
2024-07-18,2762.426513671875,2815.858360197165,2747.7821814950016,2780.43497659379,1181529
2024-07-19,2714.139892578125,2760.5958661217564,2705.7293241906245,2756.6874738325396,424329
2024-07-22,2781.968994140625,2792.308998638342,2673.5715500782426,2673.5715500782426,1248824
2024-07-23,2793.347900390625,2820.9542595713165,2744.8634439510524,2781.4246337069117,1046046
2024-07-24,2777.367919921875,2800.224976607067,2745.8036431394385,2800.224976607067,2880833
2024-07-25,2768.1162109375,2795.277353187713,2742.389764501082,2775.4877790058526,550900
2024-07-26,2813.384765625,2847.4722576726385,2778.950859412251,2795.2277353055647,701236
2024-07-29,2798.443603515625,2834.8564678922958,2790.3299265117885,2829.8100299070593,501949
2024-07-30,2761.535888671875,2800.2246008100756,2753.570778736308,2798.4434909121337,721728
2024-07-31,2747.534912109375,2769.3034429696995,2732.49488455663,2761.5359387384888,662086
2024-08-01,2737.887451171875,2759.3095675238987,2724.6285337617264,2752.6801088188245,383675
2024-08-02,2678.32080078125,2728.091624124853,2672.5817764197573,2720.571489917113,401105
2024-08-05,2584.765625,2650.763803190541,2560.523397873002,2627.214162809927,1049292
2024-08-06,2602.89306640625,2661.3972249342223,2592.4636150812107,2609.3493934169887,813893
2024-08-07,2619.331787109375,2641.531472616569,2614.56398966815,2632.194727940202,551368
2024-08-08,2527.552490234375,2616.1036400580892,2514.093726202224,2605.6244766324794,1199236
2024-08-09,2555.4638671875,2621.2190253759377,2522.983624770428,2538.9258344087016,2677777
2024-08-12,2553.824951171875,2603.38957752877,2537.882742153192,2552.7322450396564,1827230
2024-08-13,2502.3232421875,2562.0689993176275,2495.2708498536563,2554.7188166741093,784848
2024-08-14,2495.519287109375,2517.470895966199,2488.2188166752853,2507.041444631559,286936
2024-08-16,2582.87841796875,2590.4769208322873,2495.5191575624144,2495.5191575624144,725887
2024-08-19,2580.94140625,2617.4444851618077,2539.8693799677535,2602.1977664090036,682028
2024-08-20,2618.984130859375,2631.1021113304555,2571.6543851976376,2590.4770128453692,685479
2024-08-21,2666.810791015625,2673.962366255041,2607.511716842323,2622.31175035888,857604
2024-08-22,2736.63818359375,2754.318634755932,2672.969013889263,2676.346072453837,2065301
2024-08-23,2730.082763671875,2762.21526114194,2688.762173702332,2752.7790908724774,1101735
2024-08-26,2718.212890625,2744.634019812576,2694.572754246462,2733.509321075689,597542
2024-08-27,2681.759521484375,2729.4867264228815,2678.9288158742415,2723.03039932923,1450595
2024-08-28,2697.304443359375,2704.257410811278,2664.973096207974,2680.3689527086162,981745
2024-08-29,2658.21875,2700.7312282795165,2622.311736333571,2696.6586788939962,941802
2024-08-30,2680.716796875,2690.6990779414773,2658.2188344334872,2658.2188344334872,994826
2024-09-02,2672.720703125,2711.3095264936505,2657.5731670825476,2688.5634874037755,720118
2024-09-03,2688.662841796875,2691.791580028173,2662.0925743556377,2662.0925743556377,522391
2024-09-04,2739.12158203125,2745.379301583794,2669.194688222588,2676.8926168982694,1119041
2024-09-05,2723.179443359375,2755.36165261184,2716.921724199102,2755.36165261184,472385
2024-09-06,2674.757080078125,2726.159376483156,2656.083347086969,2721.5901864692687,555331
2024-09-09,2692.139404296875,2697.155279624191,2655.934115843566,2671.8763252756426,267477
2024-09-10,2684.391845703125,2696.9070418783317,2659.01346547247,2681.8589304354387,431289
2024-09-11,2663.13525390625,2711.1604872158873,2656.132816862345,2691.7915077322054,347845
2024-09-12,2738.575439453125,2746.422263205031,2660.7517676529756,2672.522245781105,939815
2024-09-13,2765.64208984375,2780.1935597067104,2729.734835667861,2741.555025241075,634726
2024-09-16,2746.72021484375,2800.1090728124964,2738.7739662158438,2783.9682552870613,431468
2024-09-17,2736.34033203125,2758.639442569423,2711.657201530043,2750.395161551901,253234
2024-09-18,2704.406494140625,2758.341708198909,2696.758277911429,2736.3406280882505,332947
2024-09-19,2720.547119140625,2756.354949963628,2704.009086440947,2724.5699559460295,452713
2024-09-20,2660.255126953125,2737.1847002518275,2646.299478888545,2726.55664089847,2755774
2024-09-23,2648.981201171875,2686.825307118829,2647.0940641300112,2686.825307118829,678018
2024-09-24,2601.701171875,2676.8925008572837,2592.463609364568,2658.367905782811,1457923
2024-09-25,2644.1142578125,2648.087382166839,2566.58862034841,2601.701203829986,883336
2024-09-26,2727.40087890625,2731.522898279915,2638.3530869221704,2656.0335381819973,1117471
2024-09-27,2764.449951171875,2788.1398003049535,2727.4007634295094,2727.4007634295094,1416974
2024-09-30,2776.766845703125,2805.025642646879,2746.4220615859135,2765.2944012496146,890000
2024-10-01,2782.3291015625,2794.745114622148,2736.489278346382,2775.276951644773,442630
2024-10-03,2747.564453125,2813.965392514662,2733.609047490614,2770.2610235522034,972732
2024-10-04,2726.656005859375,2770.0623408124384,2712.650645548309,2747.5643787170143,708378
2024-10-07,2702.220947265625,2751.338643975018,2681.858686865351,2741.4555465734697,689611
2024-10-08,2719.802001953125,2726.7052564443293,2687.0237287572463,2697.0062513669495,553985
2024-10-09,2697.503173828125,2735.4961762764087,2691.7918074470103,2735.4961762764087,600020
2024-10-10,2704.157958984375,2721.043736915002,2692.884364513199,2699.688194238033,387246
2024-10-11,2707.237060546875,2713.345641657283,2667.456108254023,2704.157792466686,209760
2024-10-14,2708.577880859375,2719.1564690835694,2684.143313588485,2719.1564690835694,232099
2024-10-15,2717.41845703125,2729.486725285787,2682.5541937399507,2706.690972749291,491010
2024-10-16,2745.5283203125,2765.294516733008,2706.6909332246573,2706.7903583324037,756373
2024-10-17,2687.669677734375,2771.0555749824766,2668.002664066801,2765.294496281837,529505
2024-10-18,2742.3994140625,2747.415532134962,2656.6792063349526,2681.858979307447,345996
2024-10-21,2699.986328125,2746.819434609155,2693.778321300469,2741.455813712867,322456
2024-10-22,2637.509033203125,2727.6987619653482,2628.5695034138967,2699.8374214557994,377094
2024-10-23,2615.507568359375,2658.715293307493,2608.306280868022,2632.1947382186986,944905
2024-10-24,2648.782470703125,2677.835940792259,2598.522596151646,2627.128895777669,844303
2024-10-25,2597.628662109375,2657.0766324384713,2582.5308380179385,2647.193534077648,656546
2024-10-28,2629.165283203125,2648.037623558009,2576.8691317987746,2582.5307854051875,763794
2024-10-29,2667.952880859375,2671.9260050304238,2632.1947633199343,2642.1275737475567,611947
2024-10-30,2654.59326171875,2690.401091302984,2648.1369350322816,2673.56478386653,469403
2024-10-31,2677.73681640625,2685.831959965956,2626.682024921536,2657.0268095077413,321800
2024-11-01,2680.76611328125,2700.731159270442,2655.0402312357087,2700.731159270442,62294
2024-11-04,2573.194091796875,2681.8589461712636,2560.728365602581,2678.531357515722,477329
2024-11-05,2633.138427734375,2643.518166509318,2570.2142168832434,2573.194060120084,896947
2024-11-06,2628.171875,2649.626842102559,2601.9493529859838,2633.13828011631,455842
2024-11-07,2545.481201171875,2645.0576226334624,2534.604822589586,2613.471237949089,481689
2024-11-08,2527.75146484375,2564.3537273067473,2522.933954583907,2547.7659816959535,558297
2024-11-11,2502.571533203125,2536.690833285395,2489.2119519664884,2511.064134435418,354984
2024-11-12,2504.260009765625,2529.1417473262622,2493.13531106094,2506.2962843165406,520250
2024-11-13,2486.0830078125,2517.619680703067,2455.4404333544157,2504.260099269948,1449201
2024-11-14,2506.99169921875,2521.9406277691864,2473.3195680654962,2486.083084269489,581846
2024-11-18,2500.2373046875,2535.6479197147632,2462.393442081543,2480.222788476628,1436348
2024-11-19,2491.2978515625,2534.8533240562847,2483.2027077353887,2500.2373813103477,424096
2024-11-21,2517.818603515625,2538.478655658393,2463.4859352836484,2474.3625569408555,686930
2024-11-22,2581.189697265625,2592.3641090507786,2517.8185604309137,2523.3310762447186,828921
2024-11-25,2612.130615234375,2636.1679687097467,2582.878536123839,2597.430006848526,967944
2024-11-26,2599.615234375,2621.96405902145,2584.964338217883,2612.1306731771188,256368
2024-11-27,2604.283447265625,2631.648388265207,2577.5642844385975,2602.1977025933984,348482
2024-11-28,2553.17919921875,2618.2391072992737,2536.8894871727357,2604.3828852997317,1057792
2024-11-29,2588.738525390625,2612.7758763397683,2541.8059996065645,2547.765685420414,650252
2024-12-02,2675.4521484375,2690.7982917452996,2574.3360917795794,2588.3414512062604,1103892
2024-12-03,2695.764892578125,2710.6143964524426,2664.9731786245798,2674.9557021321534,522667
2024-12-04,2699.042724609375,2706.1445873244948,2676.9919331544625,2690.1031948979025,572817
2024-12-05,2688.61328125,2715.3821579097707,2651.464423283147,2714.6371970982727,714805
2024-12-06,2683.745849609375,2701.724332794614,2675.253491019353,2696.6585026705256,342192
2024-12-09,2663.3837890625,2695.814561802139,2651.067200679158,2683.746051188361,387874
2024-12-10,2637.459228515625,2689.8050915083695,2623.354686063158,2684.739261137996,637387
2024-12-11,2652.805419921875,2681.7594661364938,2643.2203545884604,2648.0873348354276,319450
2024-12-12,2642.177490234375,2664.973243425192,2621.268874170362,2664.973243425192,376376
2024-12-13,2674.60791015625,2681.858910525501,2602.8930648266946,2623.255326925129,412267
2024-12-16,2667.1083984375,2699.737776511328,2654.295170449741,2662.092523353303,329525
2024-12-17,2582.232666015625,2666.959587057964,2577.912039000432,2666.959587057964,887083
2024-12-18,2576.719970703125,2600.3103959321793,2558.9403366884885,2589.483729353475,369646
2024-12-19,2521.990234375,2576.5709781846044,2510.2694697829766,2552.7322335907606,510040
2024-12-20,2471.978515625,2545.9779542987317,2463.0886986736436,2513.001071738812,734974
2024-12-23,2509.2265625,2536.541791619825,2478.236241962287,2478.931490203467,347378
2024-12-24,2485.040283203125,2525.317635638771,2478.236211034451,2498.101831964587,364336
2024-12-26,2465.373291015625,2501.3300167058856,2455.887408440505,2483.4509577162275,559646
2024-12-27,2463.635009765625,2503.664284141176,2458.2711466543637,2465.37325158404,428996
2024-12-30,2427.082275390625,2473.269844781116,2419.632667424417,2472.2765637189545,763318
2024-12-31,2426.28759765625,2430.558754715876,2396.8866237695684,2413.672976689652,530535
2025-01-01,2425.7412109375,2457.2284141147093,2409.650106482741,2423.605753687427,487637
2025-01-02,2526.857177734375,2542.302745945089,2428.57207026206,2428.57207026206,970593
2025-01-03,2493.13525390625,2536.7401918250725,2484.2951502052433,2524.1255719089413,595091
2025-01-06,2444.017822265625,2510.9648703964044,2429.3172137071583,2500.088491015401,393162
2025-01-07,2450.672607421875,2480.222717897425,2440.0942615122403,2444.0673856097933,495162
2025-01-08,2419.38427734375,2459.7115843038864,2416.8016496565533,2452.2619765526483,543301
2025-01-09,2394.20458984375,2422.4139176814297,2380.298654888633,2418.6891136755944,766796
2025-01-10,2348.216064453125,2408.6073643918808,2336.395873264242,2383.8747607492196,413994
2025-01-13,2272.77587890625,2332.4224529195644,2261.651179933385,2314.295074224859,422845
2025-01-14,2295.075439453125,2314.7919240696815,2278.735771124442,2292.492811556116,865382
2025-01-15,2301.978759765625,2333.9623640466316,2281.3184635063735,2311.265792945673,583299
2025-01-16,2334.905517578125,2343.894758817785,2297.607768815928,2314.344650088119,1395232
2025-01-17,2359.886962890625,2371.210270259967,2332.8695233773456,2347.2226290563744,443089
2025-01-20,2385.861083984375,2394.4528680735584,2357.0559335116245,2364.0586134197065,681711
2025-01-21,2351.5927734375,2410.196352585467,2345.7819825727306,2388.7413859311982,316019
2025-01-22,2372.10400390625,2380.348284986969,2354.3740829527956,2364.9524289628293,336546
2025-01-23,2444.61376953125,2459.1157711090414,2349.507100811189,2371.955351472641,596720
2025-01-24,2474.0146484375,2497.1581442159163,2436.965218672082,2449.7786890602515,1510105
2025-01-27,2441.53466796875,2467.707479578086,2414.070299922949,2458.8673747461435,458264
2025-01-28,2395.0986328125,2443.4216586618154,2383.6759007925966,2441.484809123709,740041
2025-01-29,2437.1640625,2447.444618836535,2380.8947854509634,2386.8544720228056,200039
2025-01-30,2474.958251953125,2491.6951340247156,2430.0619986590245,2442.179978519343,397046
2025-01-31,2491.993408203125,2501.379866186467,2459.165419038918,2474.9584916775398,431982
2025-02-01,2424.350830078125,2497.158382765304,2413.0769926615944,2483.20273489514,432668
2025-02-03,2457.029541015625,2463.0886523434992,2401.7535482877634,2401.7535482877634,427217
2025-02-04,2468.00537109375,2475.05776353359,2430.0620835659174,2448.437782951149,337002
2025-02-05,2473.269775390625,2483.103160630029,2457.6753116522686,2482.209304699266,464164
2025-02-06,2482.20947265625,2491.4470354002824,2459.264582211421,2482.20947265625,595946
2025-02-07,2470.885986328125,2505.7997175198075,2449.877947051126,2487.175698214091,738201
2025-02-10,2456.63232421875,2474.2630626216137,2421.718592775997,2468.3033764009274,717668
2025-02-11,2474.7099609375,2524.9203652452393,2439.5479096568442,2443.4713212050706,1710410
2025-02-12,2468.253662109375,2482.109884062654,2417.3977215620794,2462.3436884447437,454023
2025-02-13,2473.369384765625,2515.931334755906,2457.5263570881025,2464.3304296800316,708830
2025-02-14,2414.96435546875,2490.900646074425,2389.337654922552,2482.2094365626513,677910
2025-02-17,2447.295654296875,2454.546412086859,2389.387319581996,2414.9643070611005,646841
2025-02-18,2446.64990234375,2466.2672036303547,2396.5886330225953,2463.3370729508893,596040
2025-02-19,2446.64990234375,2464.8269945675934,2429.8635491289883,2431.5520784612004,289053
2025-02-20,2437.213623046875,2461.300688105771,2426.8338847483496,2434.531812756863,427274
2025-02-21,2414.716064453125,2436.86628146298,2384.9176314802976,2423.6058817899648,504415
2025-02-24,2377.61669921875,2403.740038216775,2365.002078923199,2395.793790156554,543080
2025-02-25,2363.313720703125,2387.3510743244165,2351.195740034566,2375.928341911381,497013
2025-02-27,2324.22802734375,2363.3137350553898,2301.5317000419127,2357.05601571715,1045684
2025-02-28,2291.151611328125,2345.8814935704113,2286.1852061337345,2331.379493402689,1153007
2025-03-03,2361.475830078125,2366.8891629481377,2302.325898901541,2312.854774346159,790068
2025-03-04,2378.560302734375,2388.046184996129,2335.7997487302446,2340.1700882276837,521061
2025-03-05,2375.58056640625,2392.7643773618997,2360.383560084456,2387.847684581304,755361
2025-03-06,2377.567138671875,2398.7737865384793,2337.687000670108,2385.5133872401184,754593
2025-03-07,2391.075927734375,2398.7738562586005,2364.0090177620987,2364.0090177620987,317388
2025-03-10,2367.932373046875,2408.7066097239035,2357.3540265857187,2391.0758706218007,650796
2025-03-11,2397.33349609375,2408.706515470871,2348.066659643193,2356.0626204935693,445250
2025-03-12,2382.78173828125,2422.512979021278,2351.6922364023767,2397.333450702434,561893
2025-03-13,2354.274658203125,2395.595246216158,2347.421116068869,2385.8610435832534,479648
2025-03-17,2383.22900390625,2388.344304355692,2354.920493748572,2365.7471602824576,646714
2025-03-18,2383.22900390625,2383.22900390625,2383.22900390625,2383.22900390625,0
2025-03-19,2441.683349609375,2448.0404936238438,2409.6997493342546,2409.6997493342546,415476
2025-03-20,2451.566650390625,2460.5558928472396,2431.6515583323812,2448.239304205208,317002
2025-03-21,2452.80810546875,2497.8534976749593,2442.9250076115623,2463.2375563984992,1372022
2025-03-24,2496.31396484375,2526.9070706456446,2458.370676040869,2461.996054987248,594207
2025-03-25,2552.18603515625,2578.4582713524196,2503.0683340068435,2512.752824584846,993289
2025-03-26,2564.25439453125,2585.411086391529,2542.7994273627764,2565.595178416623,555486
2025-03-27,2601.105224609375,2611.2863561056793,2557.6988880959184,2566.6384181902345,1246219
2025-03-28,2593.605712890625,2619.9276606768894,2581.885190518078,2597.3802293751214,435022
2025-04-01,2601.403076171875,2614.3157298527585,2578.7562196776585,2593.8540431737174,317974
2025-04-02,2598.919921875,2615.7062749722345,2583.5737778304438,2601.4031245521214,413523
2025-04-03,2634.08203125,2646.100829465019,2577.663859216575,2577.663859216575,298330
2025-04-04,2599.31689453125,2634.081728763967,2592.5627778805133,2617.3948023324538,290533
2025-04-07,2492.24169921875,2542.7996100911587,2448.9345463592776,2532.8667991142397,974267
2025-04-08,2572.647705078125,2582.530803306109,2517.1231473068856,2532.8667493963762,1296141
2025-04-09,2540.564697265625,2569.369848754513,2512.4547940367606,2545.2827824232877,494024
2025-04-11,2633.436279296875,2642.127488139439,2595.2446729401718,2632.1946780336516,669041
2025-04-15,2700.333984375,2707.8827749243,2652.060427900748,2657.0268331964426,815058
2025-04-16,2684.64013671875,2703.7110848495245,2664.178449583487,2671.9260904648127,462016
2025-04-17,2742.15087890625,2753.3750029957127,2668.846690716054,2682.85205017728,1061496
2025-04-21,2738.37646484375,2768.572354650936,2716.623706570039,2736.489327824664,322964
2025-04-22,2730.9267578125,2753.4744311188206,2719.305418300145,2731.8208562366817,211167
2025-04-23,2667.5556640625,2745.329375670349,2657.1262131188914,2731.622291287524,603774
2025-04-24,2710.862548828125,2717.9149411678973,2655.0402032310617,2671.925980804922,562050
2025-04-25,2716.425048828125,2721.490636654604,2657.2254015795393,2707.6841271370226,649356
2025-04-28,2734.89990234375,2755.0635558364206,2705.002288716913,2716.6236283160574,416635
2025-04-29,2727.251708984375,2737.0853368020043,2700.731153658504,2734.602134196581,890929
2025-04-30,2719.10693359375,2732.41680295352,2700.6318086612823,2716.623730914669,662477
2025-05-02,2705.697509765625,2753.176391219712,2677.6870333848415,2707.286856404354,798849
2025-05-05,2736.5888671875,2754.368501952611,2700.0360740528063,2711.6574144719175,661587
2025-05-06,2710.365966796875,2745.9254770727284,2699.737908006394,2735.496025993233,288396
2025-05-07,2681.759521484375,2708.9755688870036,2664.377102386083,2680.8656655022837,417883
2025-05-08,2680.567626953125,2691.3945363256826,2658.5168352726987,2666.9597245309906,966461
2025-05-09,2617.09716796875,2665.96655103005,2608.952311208579,2658.9141580119394,444671
2025-05-12,2724.371337890625,2743.3428606227,2653.1531344403693,2653.1531344403693,498304
2025-05-13,2690.500244140625,2729.5362366362365,2684.5405580344323,2722.5832695123454,313964
2025-05-14,2718.808837890625,2728.543040667539,2687.1232694384908,2701.625027248765,330652
2025-05-15,2805.8203125,2810.4886848583465,2701.724411668034,2715.928378950016,1353535
2025-05-16,2785.35888671875,2825.884805184188,2756.4545514347815,2825.884805184188,700214
2025-05-19,2708.677490234375,2801.152055272918,2702.717803787215,2801.0526301653604,575525
2025-05-20,2702.519287109375,2735.4961713944685,2691.9904103646113,2735.4961713944685,520661
2025-05-21,2688.71240234375,2731.4234878924535,2674.111219272501,2698.7446380425026,304264
2025-05-22,2656.629638671875,2684.1434757264133,2630.506298110966,2681.85888077237,541069
2025-05-23,2641.531494140625,2728.44358492231,2633.1880304256847,2657.026775325804,990691
2025-05-26,2638.5517578125,2678.481851136407,2622.3614702461373,2654.543680163638,435977
2025-05-27,2596.63525390625,2640.538227503345,2577.5643063822013,2638.1544500004343,874537
2025-05-28,2560.281494140625,2603.1911897267246,2552.8318857923346,2603.1911897267246,849149
2025-05-29,2556.30810546875,2576.471515980487,2535.051746345184,2560.2812295105105,616258
2025-05-30,2528.695068359375,2587.397835764268,2518.960865096724,2557.6988279274697,1203864
2025-06-02,2507.140869140625,2532.4695366615565,2494.1287900023153,2528.893627776143,1209305
2025-06-03,2535.25048828125,2545.7793645494867,2495.221455441292,2525.9137432888588,1493898
2025-06-04,2532.568603515625,2555.811525207943,2524.7217803482854,2539.124355339158,529006
2025-06-05,2537.237060546875,2581.5374931352176,2521.8412040083617,2537.932551293984,950620
2025-06-06,2557.1025390625,2560.7778728053295,2519.0600703213995,2542.600781794425,414844
2025-06-09,2590.9736328125,2597.3305345664703,2557.400684642499,2568.525383962076,552351
2025-06-10,2689.80517578125,2723.576732641133,2648.683435899028,2691.7917379494784,2885229
2025-06-11,2703.90966796875,2715.5310079348965,2660.2053010873205,2689.904550445539,812149
2025-06-12,2671.031982421875,2710.6637965549944,2658.0199045735308,2699.837130864563,545570
2025-06-13,2645.902099609375,2669.641419615622,2618.090230313234,2634.280759867824,538879
2025-06-16,2686.725830078125,2695.7647846834675,2634.2807843468327,2647.094012962948,494993
2025-06-17,2653.450927734375,2688.116582242254,2647.094025947962,2686.725843257548,241142
2025-06-18,2657.424072265625,2678.1837920865014,2649.3786411151677,2653.450947993717,342289
2025-06-19,2675.1044921875,2693.778224545017,2652.0604201825945,2661.993230745076,609547
2025-06-20,2694.37451171875,2714.5379248182803,2664.9732930362416,2664.9732930362416,1232377
2025-06-23,2705.399658203125,2719.1069857546536,2660.1061859679744,2681.858944853905,728851
2025-06-24,2762.21533203125,2782.975052657003,2718.9084212885527,2727.5499184149407,1562447
2025-06-25,2812.7734375,2823.898137201373,2767.7777556495344,2773.1413765322586,948185
2025-06-26,2863.92724609375,2875.4491605568655,2812.971880687184,2820.9181289377125,1392932
2025-06-27,2841.87646484375,2876.5418759481345,2825.2884775671896,2876.5418759481345,678859
2025-06-30,2825.387939453125,2870.582227111806,2817.6402987830143,2844.0616716451145,447868
2025-07-01,2828.9638671875,2850.716625272227,2823.401396284427,2823.401396284427,535639
2025-07-02,2830.652587890625,2859.55692301937,2815.951978795799,2850.7168180401914,917118
2025-07-03,2798.6689453125,2830.7517310824746,2791.914585281879,2829.2618094213203,393434
2025-07-04,2787.047119140625,2801.0524785333914,2766.982891021393,2798.6687010836754,286779
2025-07-07,2760.427490234375,2800.9531634731875,2756.354940889174,2791.11977798147,278677
2025-07-08,2801.84716796875,2822.2094290114005,2759.5332992409953,2761.3212535886933,846061
2025-07-09,2779.100830078125,2810.985247375307,2774.829915751921,2794.0994702709327,659109
2025-07-10,2756.454345703125,2790.9211497237015,2750.3952342829693,2779.100959699182,780215
2025-07-11,2743.442138671875,2788.6364244465203,2737.879668037974,2756.454216851047,476850
2025-07-14,2765.69189453125,2790.126707445623,2736.5889512839967,2755.3618677302093,2913912
2025-07-15,2759.930908203125,2793.205824411036,2744.237018625908,2770.260934443684,450965
2025-07-16,2743.83935546875,2765.294322210134,2739.469016040068,2765.294322210134,372782
2025-07-17,2747.71337890625,2759.0366857186896,2723.874634037744,2743.4422219505923,720281
2025-07-18,2710.16748046875,2755.3617705040547,2698.248107272626,2752.3819272050237,797380
2025-07-21,2723.477294921875,2733.0128902853235,2694.970176439849,2709.670784916723,616378
2025-07-22,2704.406494140625,2740.4626477928664,2699.2414807456016,2734.4035358773745,664321
2025-07-23,2690.89794921875,2717.6171140490214,2683.348915790728,2717.219898605555,373864
2025-07-24,2717.517578125,2724.8680035315588,2649.378642330671,2690.8978394912115,997645
2025-07-25,2690.401123046875,2717.517501449787,2676.09773056486,2716.6236455135218,360857
2025-07-28,2708.876220703125,2735.9928437665585,2678.8791793931414,2685.931572341968,547126
2025-07-29,2724.56982421875,2731.5227913239382,2686.8251456477283,2708.8759356812757,743512
2025-07-30,2740.0654296875,2775.227484785241,2714.736760803454,2721.5903036190266,772901
2025-07-31,2727.947021484375,2753.176506050037,2709.3727140582473,2716.6237143369685,581498
2025-08-01,2703.90966796875,2747.9120676698776,2697.7513738627827,2729.5363679583675,329586
2025-08-04,2769.06884765625,2773.5386122004074,2702.5190199987906,2711.657156789019,570201
2025-08-05,2778.40576171875,2805.9195988697275,2765.9897483383215,2780.193716145584,782631
2025-08-06,2747.216796875,2781.186960535778,2739.4691561277414,2781.186960535778,393906
2025-08-07,2725.26513671875,2754.0702868340486,2700.5325358612326,2745.4287902995097,591589
2025-08-08,2673.515380859375,2730.4301912302262,2654.6430408410492,2725.2651782515777,1162918
2025-08-11,2740.363037109375,2776.2205806067614,2701.7245006262583,2707.6841870246985,1236332
2025-08-12,2731.889404296875,2753.322634586421,2696.6992255506807,2748.4379492222406,553341
2025-08-13,2737.372314453125,2757.4099898232503,2717.0357654603285,2751.4286232509653,479944
2025-08-14,2756.313232421875,2761.3974912207736,2722.618396368512,2737.372238799783,618912
2025-08-18,2837.061767578125,2856.501209008308,2767.8773913282935,2786.319938326159,1279195
2025-08-19,2819.5166015625,2845.1367400688337,2794.4944536924536,2837.0617977282795,372899
2025-08-20,2856.002685546875,2874.6448056394684,2798.681257218926,2819.5164963275824,930944
2025-08-21,2872.252197265625,2889.398732870065,2846.1336117467467,2871.055972620186,1138327
2025-08-22,2805.0615234375,2872.15256552198,2792.6998867949833,2872.15256552198,671902
2025-08-25,2802.6689453125,2823.9028456674296,2782.930630007499,2816.9245845524483,591824
2025-08-26,2787.51611328125,2809.7469074021446,2771.7651328549146,2794.8932779783568,425619
2025-08-28,2775.653076171875,2797.2856355823974,2763.590556798043,2766.3819097438177,528080
2025-08-29,2766.980224609375,2789.1112318577684,2754.120140677626,2775.653157308856,542362
2025-09-01,2795.192138671875,2808.0522225895284,2764.7868591687698,2769.3726708074537,499161
2025-09-02,2771.167236328125,2811.242344477164,2765.086082839935,2806.257872235183,468533
2025-09-03,2772.761962890625,2800.475675648065,2761.8959113773185,2780.3384576182425,500510
2025-09-04,2801.073974609375,2856.3018278211007,2792.301255085068,2792.301255085068,1177036
2025-09-05,2795.2919921875,2828.6879557175575,2777.44767917665,2801.2733587898983,495200
2025-09-08,2795.391845703125,2815.1301612562015,2786.419795585386,2786.419795585386,229922
2025-09-09,2787.217041015625,2814.9307548613397,2777.8463307214474,2795.3917700520606,388718
2025-09-10,2777.1484375,2809.248388148707,2766.9801634088767,2787.2169247992574,421783
2025-09-11,2790.307373046875,2797.684294114968,2762.394330372594,2773.758828965584,217951
2025-09-12,2793.298095703125,2809.248406028339,2780.4382553563896,2790.3074125171474,168095
2025-09-15,2793.69677734375,2811.0428859837243,2776.3509120861986,2786.3198561152335,291664
2025-09-16,2834.1708984375,2839.653817868174,2795.2920152018114,2803.1673839401706,546549
2025-09-17,2856.501220703125,2872.052871263913,2841.149143735561,2846.1336159175535,785107
2025-09-18,2869.859619140625,2874.046526902918,2843.142800807187,2869.062054951993,513800
2025-09-19,2868.96240234375,2882.3209338264683,2839.45447304362,2867.168187063436,790137
2025-09-22,2845.236572265625,2901.9597696193987,2839.952982957402,2851.118152219677,751168
2025-09-23,2804.762451171875,2864.8752333851166,2799.3793186558823,2850.0213604950027,702680
2025-09-24,2798.681396484375,2829.8842416120656,2789.21089915893,2804.76255001474,316532
2025-09-25,2769.970947265625,2824.401236853109,2762.59378248955,2801.2733348645206,723479
2025-09-26,2738.26953125,2801.273207380072,2727.7023534706173,2766.3819040853023,523045
2025-09-29,2738.369140625,2757.1108040941544,2692.113337638613,2731.5904533846533,541455
2025-09-30,2748.338134765625,2760.4006546252645,2737.5718697135485,2738.4689773404125,440278
2025-10-01,2781.036376953125,2787.5161908279474,2723.515616310033,2759.304029434926,353196
2025-10-03,2782.73095703125,2798.083276965382,2757.4099363855953,2791.3043463050135,708063
2025-10-06,2798.681396484375,2805.3607840409004,2756.5129557307096,2756.5129557307096,298274
2025-10-07,2799.279541015625,2816.2267462140812,2781.634558397247,2791.304385628116,245369
2025-10-08,2769.572021484375,2814.6316004701425,2756.1139468507376,2810.2453623869646,339604
2025-10-09,2801.87158203125,2808.5507260350973,2769.5720564730173,2772.762069972213,404859
2025-10-10,2802.270263671875,2824.0026110847707,2779.640808618247,2801.8716032498673,582587
2025-10-13,2789.310546875,2803.267068553431,2769.8711059657567,2782.432072829314,280622
2025-10-14,2767.1796875,2799.279640397876,2749.3351306574605,2789.310695809564,316183
2025-10-15,2808.05224609375,2816.12694485238,2765.5844465219584,2771.3664828244805,459912
2025-10-16,2850.918701171875,2866.071447627193,2808.351358260993,2816.9245042140046,517682
2025-10-17,2827.391845703125,2877.037235448682,2817.5226885062175,2853.111769873225,334522
2025-10-20,2845.13671875,2865.0746074588296,2829.186407782936,2840.1522465727926,374581
2025-10-21,2861.78466796875,2866.9684701044566,2852.6132882852044,2866.9684701044566,48792
2025-10-23,2855.703857421875,2905.448791705935,2847.1304680432836,2875.04351184763,511585
2025-10-24,2832.47607421875,2868.0651552053987,2814.2328582359546,2855.703762143161,456226
2025-10-27,2914.819580078125,2924.8883113590896,2838.7567283775625,2850.121227735391,764132
2025-10-28,2923.79150390625,2950.4087792332875,2905.050083792838,2923.5921737016774,1056504
2025-10-29,2949.511474609375,2968.552255402627,2930.869597613962,2936.7511773446386,711559
2025-10-30,2941.2373046875,2956.6891687505517,2913.5238335255235,2950.8075888150092,446894
2025-10-31,2882.719482421875,2945.224712508702,2871.055866640134,2941.2371349161463,576935
2025-11-03,2890.89404296875,2910.831931449882,2863.5792331025705,2887.0062520679003,297012
2025-11-04,2873.0498046875,2900.8630624874695,2863.0808601882372,2899.866168037543,229856
2025-11-06,2691.714599609375,2791.304250330708,2683.639657817952,2788.4133539958316,1986853
2025-11-07,2716.138671875,2729.496959935885,2667.390388029302,2691.6149714488274,1101889
2025-11-10,2754.319580078125,2780.338622590515,2720.225838545721,2729.497005612345,489522
2025-11-11,2767.1796875,2771.466382349461,2728.9985810502794,2766.382123256448,399693
2025-11-12,2758.805419921875,2785.023790887991,2746.4440269177535,2779.7402019782353,531304
2025-11-13,2769.17333984375,2776.3509309168526,2737.671379145368,2758.0081711319876,687031
2025-11-14,2774.755859375,2781.3354599666027,2752.425521493831,2768.5751625848934,510972
2025-11-17,2781.634521484375,2790.3074541767137,2762.4941974848352,2781.335404484827,459047
2025-11-18,2753.42236328125,2781.634523790052,2741.459630348819,2779.3416179681844,437943
2025-11-19,2736.176025390625,2765.385080140694,2730.5935627507247,2761.3975025197265,468941
2025-11-20,2740.064208984375,2755.715403323464,2736.4752915768736,2751.428708470736,519341
2025-11-21,2726.306884765625,2748.3381052264326,2714.543482035516,2741.4596311412665,471626
2025-11-24,2680.35009765625,2731.789949370355,2671.0789304611867,2726.406573233332,917195
2025-11-25,2678.4560546875,2703.5777461299194,2671.677123756705,2679.7520661478984,558631
2025-11-26,2735.478271484375,2738.0702943132414,2678.455959691142,2678.455959691142,444974
2025-11-27,2731.49072265625,2739.9643252630303,2703.577678775091,2739.4658780508666,399328
2025-11-28,2730.892578125,2739.465967808087,2719.029631439795,2738.6684035660082,297155
2025-12-01,2723.01708984375,2744.550106523326,2691.6149158257826,2741.459636489223,288096
2025-12-02,2726.50634765625,2732.587501214235,2708.662034178129,2708.662034178129,388195
2025-12-03,2711.85205078125,2735.478400829125,2698.7926359899147,2735.478400829125,435124
2025-12-04,2721.92041015625,2733.982929916509,2701.5838614671793,2711.8519226060675,276879
2025-12-05,2738.468994140625,2741.858337843379,2708.462374500201,2722.0202360760745,173909
2025-12-08,2735.677734375,2761.2978733759496,2721.5218816888564,2738.469087545527,715725
2025-12-09,2737.47216796875,2770.9679189429003,2718.0327261350317,2731.4908012506826,419760
2025-12-10,2738.26953125,2771.1670457850682,2732.3877083794314,2762.294539774948,344470
2025-12-11,2789.111328125,2793.9960135546767,2734.1823468283524,2748.4379860746126,453706
2025-12-12,2827.890380859375,2836.3639835142394,2787.9150602464706,2805.260925975222,927504
2025-12-15,2812.2392578125,2841.049410211664,2808.251679992135,2827.890452080946,736238
2025-12-16,2790.4072265625,2823.9027325431352,2777.547142707744,2813.2360110854547,545921
2025-12-17,2797.884033203125,2806.158062350795,2771.366543740976,2776.550346153502,420053
2025-12-18,2798.880859375,2811.24225277893,2778.244950260363,2801.2733086201392,252763
2025-12-19,2803.765625,2822.30795901964,2781.4352867974176,2791.3044444444445,546550
2025-12-22,2800.97412109375,2849.1241688448335,2789.4102921901717,2803.9648042660856,796031
2025-12-23,2821.011962890625,2833.871803940847,2802.2702985567685,2802.2702985567685,399009
2025-12-24,2818.120849609375,2854.009050143757,2811.2423751932597,2822.0088840300614,444617
2025-12-26,2808.949462890625,2831.578918388668,2800.575646804566,2819.217524474498,506240
2025-12-29,2833.572509765625,2841.1490044638294,2803.7654649314104,2812.2390672254255,607462
2025-12-30,2832.874755859375,2848.2270755840987,2818.419787120321,2838.1583448335823,729640
2025-12-31,2820.21435546875,2855.1056606795687,2794.7935473865823,2835.66621920497,327956
2026-01-01,2842.84375,2846.0337634463767,2813.535151599178,2824.2018731460116,449775
2026-01-02,2847.529052734375,2873.0496466012196,2836.2643407759833,2848.0274999319117,698682
2026-01-05,2840.052490234375,2884.015632661799,2833.6724631320994,2862.0839548468803,861522
2026-01-06,2856.401611328125,2871.0559105282946,2836.6630532667577,2851.1180222607372,720656
2026-01-07,2828.289306640625,2871.055980666328,2820.314151138774,2871.055980666328,287536
2026-01-08,2783.3291015625,2823.105089865817,2778.444416466449,2812.2390385056633,437229
2026-01-09,2768.276123046875,2799.179851244648,2758.107848251837,2791.105152164369,556140
2026-01-12,2797.9833984375,2812.8372706799396,2729.795920423453,2754.4191628517246,476367
2026-01-13,2765.58447265625,2806.05848377395,2750.531512827397,2790.307503139762,875758
2026-01-14,2787.117431640625,2812.3389088130652,2746.5438779540505,2765.3850848925263,452326
2026-01-15,2787.117431640625,2787.117431640625,2787.117431640625,2787.117431640625,0
2026-01-16,2800.874755859375,2818.51973902214,2782.332421658373,2802.070980527922,678922
2026-01-19,2771.366455078125,2812.837359816436,2760.201286381633,2787.3167656109486,586951
2026-01-20,2705.1728515625,2782.1330537059484,2697.5963564604144,2774.357228392215,411054
2026-01-21,2727.1044921875,2743.4534634393267,2699.889225650588,2710.4561605486224,939481
2026-01-22,2778.94287109375,2790.3073696729994,2733.982837201929,2733.982837201929,870158
2026-01-23,2750.431640625,2796.2887828753624,2743.9518270461444,2781.235580131514,606097
2026-01-27,2847.329833984375,2857.9965557527007,2764.3882657441945,2789.310626596558,1521231
2026-01-28,2830.282958984375,2882.2210106552493,2822.307803867242,2861.1866850632637,508906
2026-01-29,2822.90576171875,2844.0398738574586,2799.977191023023,2817.821746420017,680590
2026-01-30,2810.245361328125,2830.7814836698712,2799.179735947222,2828.687908041346,1083570
2026-02-02,2765.9833984375,2773.2605331116165,2704.574603850041,2731.4907536119103,929579
2026-02-03,2800.1767578125,2860.0902123499404,2792.401175712479,2860.0902123499404,1232908
2026-02-04,2836.06494140625,2854.9063926599897,2800.176740979053,2800.176740979053,566105
2026-02-05,2855.005859375,2868.3643907601454,2816.2267634192954,2821.3110223628646,762775
2026-02-06,2828.089599609375,2870.0589508105977,2811.9399591566016,2855.1055349501744,361882
2026-02-09,2917.212158203125,2930.670232726793,2837.659935675625,2851.0182234054073,681768
2026-02-10,2944.726318359375,2952.8012604827404,2910.134130797254,2933.8602665768753,624992
2026-02-11,2923.49267578125,2969.748479553244,2885.9095614112744,2969.748479553244,1015218
2026-02-12,2916.41455078125,2931.3679666970656,2898.5702384746783,2931.2681799046586,420088
2026-02-13,2879.031005859375,2924.888147919462,2868.4638279447345,2920.202792950676,419620
2026-02-16,2903.654296875,2908.937885920017,2852.414021597302,2861.0869542804826,285131
2026-02-17,2891.392578125,2907.9411234206486,2871.255358823051,2893.0874934033905,458126
2026-02-18,2924.68896484375,2929.772980472363,2890.993884001999,2890.993884001999,350421
2026-02-19,2855.40478515625,2950.8075341200647,2838.058675919464,2919.00669892627,388104
2026-02-20,2824.00244140625,2881.0247511257508,2813.933710840007,2856.0026048962245,597887
2026-02-23,2864.476318359375,2874.744379523449,2830.8810252075364,2835.167719873986,593878
2026-02-24,2870.358154296875,2877.7350756573383,2838.5570762459934,2841.348429300535,593814
2026-02-25,2869.460693359375,2901.6604305920036,2858.1959815425707,2883.0185543149296,595400
2026-02-26,2854.607177734375,2880.9250931253146,2837.7597593535547,2872.551277332496,662746
2026-02-27,2791.10498046875,2855.7037860493483,2775.3540003249045,2836.164558521679,1153378
2026-03-02,2768.6748046875,2777.6468540894725,2688.0259034780943,2721.322321732643,900872
2026-03-04,2674.866943359375,2733.6837115951066,2636.785626839164,2718.5309657430626,928520
2026-03-05,2715.64013671875,2723.4157183451985,2648.549094815395,2676.6614682636914,1101224
2026-03-06,2709.957763671875,2750.830435943071,2678.854705644427,2693.1103448935505,1457401
2026-03-09,2672.873291015625,2684.4373637305343,2622.8292394188957,2650.7422833959877,1019315
2026-03-10,2735.37841796875,2744.450254266077,2685.832815487579,2692.611746012595,1035360
2026-03-11,2727.1044921875,2754.2199719287282,2706.3690394268797,2718.132442343403,1492588
2026-03-12,2664.798583984375,2718.929756538949,2652.337403675785,2702.7801155355014,952036
2026-03-13,2560.623046875,2655.726675047377,2555.1401276885285,2646.754625469514,1309585
2026-03-16,2646.156494140625,2653.134755194142,2557.034228895825,2562.018701076908,1531881
2026-03-17,2674.966796875,2690.6179903058896,2641.7701646204546,2646.854423422316,603520
2026-03-18,2714.643310546875,2724.412681222042,2678.3562073875814,2690.6180575117864,933801
2026-03-19,2599.80078125,2691.6148518838963,2592.02519971716,2691.6148518838963,1270396
2026-03-20,2608.1748046875,2654.4306063823915,2600.1996496792485,2613.9568407449656,1510096
2026-03-23,2523.239501953125,2589.9316396630743,2494.7282248871606,2582.953378894159,1936926
2026-03-24,2541.482421875,2592.623151980994,2515.1645077320777,2557.532518662959,2303237
2026-03-25,2639.5771484375,2660.113027883937,2553.844226547838,2553.844226547838,1656810
2026-03-27,2620.037841796875,2646.7546606828896,2596.511279731371,2642.7670830396764,2406056
2026-03-30,2549.7568359375,2611.9631944234275,2532.1118531960446,2611.9631944234275,1978678
2026-04-01,2584.747802734375,2605.184137568603,2567.999928437646,2593.91918237374,651446
2026-04-02,2556.136962890625,2566.9032274287965,2506.391787575918,2566.9032274287965,522088
2026-04-06,2606.28076171875,2617.1470572906996,2525.1336505617646,2537.0963840030363,720478
2026-04-07,2612.8603515625,2624.623754740489,2568.5983353674483,2583.950412533384,632051
2026-04-08,2747.640380859375,2786.220146645932,2682.14446544744,2689.621173676712,816578
2026-04-09,2731.9892578125,2763.889880417864,2714.543604825192,2731.590597382907,788928
2026-04-10,2734.082763671875,2770.4694104014893,2718.730443405813,2741.459685107921,611392
2026-04-13,2704.574462890625,2730.4937168659867,2674.567844589258,2685.7332563922714,1259991
2026-04-15,2732.88623046875,2784.525409436752,2723.5155203943013,2730.4937812445064,665607
2026-04-16,2708.861328125,2746.7433170916374,2687.6274277382668,2737.372363265167,803379
2026-04-17,2712.05126953125,2728.1013670457546,2683.938895564552,2711.5528223212646,427517
2026-04-20,2751.5283203125,2763.291479481757,2688.9233035544758,2722.0201488319267,702964
2026-04-21,2769.073486328125,2783.3291247193247,2746.4440324504794,2763.3912370064354,686149
2026-04-22,2767.97705078125,2801.2732259358477,2747.0422686657153,2765.7836884251165,924150
2026-04-23,2726.50634765625,2759.8025252618563,2718.531191977548,2753.721615086308,859207
2026-04-24,2730.79296875,2760.3008979347123,2723.615377509526,2752.1264122613265,1109759
2026-04-27,2769.572021484375,2802.1704202538117,2743.6527666344064,2757.4099582697213,986204
2026-04-28,2774.357177734375,2839.354645402942,2763.3913390872035,2771.3664944669645,1561588
2026-04-29,2794.494384765625,2829.784593203703,2768.3757996820564,2789.3105824668323,976666
2026-04-30,2785.821533203125,2792.700007537073,2718.5311580049815,2774.3572470582562,1130223
2026-05-01,2785.821533203125,2785.821533203125,2785.821533203125,2785.821533203125,0
2026-05-04,2847.13037109375,2856.8999847690848,2796.2887573242188,2796.2887573242188,977675
2026-05-05,2862.582275390625,2870.9560910145956,2814.8311308869997,2822.2080521089533,947423
2026-05-06,2905.747802734375,2914.2214050087996,2863.3797913622534,2876.5387485707583,362970
2026-05-07,2951.40576171875,2965.7609442302874,2890.9938616026334,2893.2867674797008,603383
2026-05-08,2959.380859375,2971.14401877263,2922.994213207175,2951.405704050545,505248
2026-05-11,2974.932373046875,2997.9607322260704,2918.9069535574035,2944.9259960906534,567800
2026-05-12,2893.984619140625,2974.932400665384,2884.713451980497,2970.745492607324,467500
2026-05-13,2936.452392578125,2960.078742393231,2900.9628527652058,2901.261969777029,1332833
2026-05-14,2929.573486328125,2974.035073340195,2923.9910237905137,2945.822913512308,1652596
2026-05-15,2924.68896484375,2959.1813665337627,2915.2184676375364,2929.772980472363,1586864
2026-05-18,2934.657958984375,2946.321575485754,2876.239846296105,2896.9752997332434,800447
2026-05-19,2926.08447265625,2960.7764473828784,2910.8319392508224,2945.823030981955,637116
2026-05-20,2961.873046875,2978.7204648688466,2871.6541037456054,2899.16824313462,1306216
2026-05-21,3144.703369140625,3170.1241762140394,3011.6179674033374,3051.1946262097767,4417489
2026-05-22,3145.5009765625,3177.700714641171,3132.242232249821,3168.130430964332,906466
2026-05-25,3161.75048828125,3182.3861544150222,3118.385580346649,3170.1243041846146,620009
2026-05-26,3155.1708984375,3186.2739562479805,3145.2019540506517,3158.560242176056,984415
2026-05-27,3160.1552734375,3187.569869658172,3148.1925405412067,3148.1925405412067,317539
2026-05-28,3160.1552734375,3160.1552734375,3160.1552734375,3160.1552734375,0
2026-05-29,3112.703125,3180.3924040033794,3101.7372860793353,3165.139870282696,1635193
2026-06-01,3092.96484375,3148.1926993881925,3074.7216264861777,3141.6130986102776,644142
2026-06-02,3087.980224609375,3094.6593684860336,3051.493791816844,3066.4472079805987,461140
2026-06-03,3091.9677734375,3105.2262742731937,3050.4968689768716,3089.375750640302,460368
2026-06-04,3093.86181640625,3129.052237926022,3076.21683394035,3090.4724727488183,957529
2026-06-05,3078.11083984375,3114.8963898264383,3056.6776098980995,3099.34473958267,697168
2026-06-08,3040.627685546875,3090.272831614047,3025.4746960668176,3050.4968426849464,687274
2026-06-09,3085.88671875,3099.843240818325,3058.2727916198714,3060.665240907184,923351
2026-06-10,3061.662109375,3122.273339091317,3055.9798598290013,3080.4037732414336,792811
2026-06-11,3079.9052734375,3099.344714393005,3036.3410364854954,3048.5030995863003,613443
2026-06-12,3095.855712890625,3110.3106824082274,3065.4504321811855,3110.3106824082274,536817
2026-06-15,3154.67236328125,3165.139754595661,3121.276400516225,3158.161493719387,1033542
2026-06-16,3130.547607421875,3173.114950637383,3124.0677936678244,3170.1242673662828,308307
2026-06-17,3140.615966796875,3190.062025545802,3106.223110583959,3140.217306396649,395269
2026-06-18,3135.332763671875,3159.058656358508,3099.5441076679026,3148.691051657581,667101
2026-06-19,3139.718994140625,3157.164646592589,3120.279552837008,3125.3638117616943,534084
2026-06-22,3165.339111328125,3170.224040011909,3118.485073623345,3147.2954683691446,368611
2026-06-23,3134.53515625,3176.105604658976,3116.391726582231,3175.1087102444567,705875
2026-06-24,3118.18603515625,3132.9401216092438,3087.382094178543,3125.264083064169,706788
2026-06-25,3116.89013671875,3146.1987348040698,3105.425851088127,3122.1734823469255,785517
2026-06-26,3116.89013671875,3116.89013671875,3116.89013671875,3116.89013671875,0
2026-06-29,3070.634033203125,3135.232837968758,3062.758664921767,3135.232837968758,1286143
2026-06-30,3090.372802734375,3119.1829550585053,3070.9333609107234,3075.4193859469506,868872
2026-07-01,3130.647216796875,3135.2330285954886,3073.924020246165,3105.3261952543553,490262
2026-07-02,3159.357666015625,3164.043020992761,3124.665692414464,3143.2080255030355,449711
2026-07-03,3171.021240234375,3209.3021305070756,3155.1707169241213,3170.124132644141,425942
2026-07-06,3203.021728515625,3208.006200548796,3162.1490578436237,3172.317332114808,386276
2026-07-07,3180.990234375,3211.993747477989,3163.0461352270786,3191.0589651387468,571660
2026-07-08,3125.064697265625,3178.896996303463,3111.7061659193714,3164.142910112903,477890
2026-07-09,3181.9873046875,3211.9939250522907,3126.560119173538,3129.2516855180447,936756
2026-07-10,3203.6201171875,3235.9194001689293,3192.0560441592456,3194.8473973090763,515666
2026-07-13,3134.53515625,3206.3115540954004,3115.494375579708,3192.4545757041246,654390
2026-07-14,3103.63134765625,3143.706453387946,3083.4941296898173,3128.254590369867,1058130
2026-07-15,3076.515869140625,3140.217323201167,3070.4347160189186,3110.310491551632,726262
2026-07-16,3063.356689453125,3095.3570968898825,3050.49684910887,3077.113880782453,536911
2026-07-17,3100.04248046875,3108.316752701174,3055.880009680443,3069.836531341064,622540
2026-07-20,3134.03662109375,3146.098897141482,3075.4191824884747,3125.2639018156783,349776
2026-07-21,3169.9248046875,3185.1773374091968,3125.8621216778124,3140.3170902173933,659160
2026-07-22,3156.466796875,3167.233305103815,3136.8280258125114,3153.276783461905,396629
2026-07-23,3103.332275390625,3170.124200366909,3086.3850705458963,3156.1676787300735,327446
2026-07-24,3079.805419921875,3090.372597770445,3056.8768490351913,3090.372597770445,341560
2026-07-27,3102.734130859375,3110.3106258907987,3076.5160020201492,3090.372737263294,266078
2026-07-28,3106.5224609375,3116.8903093288077,3092.0674912983873,3099.0457525034763,388153
2026-07-29,3103.332275390625,3139.2204738853447,3095.4569069628083,3122.073938836574,304356
2026-07-30,3095.157958984375,3105.824680998526,3075.917847286456,3105.3262337699916,301353
2026-07-31,3091.170166015625,3126.161012993979,3082.995680713077,3106.02379503919,309447
2026-08-03,3249.875732421875,3249.875732421875,3093.463098972085,3110.3105169190953,393816
2026-08-04,3128.254638671875,3209.102872161329,3105.326067387792,3209.003085367994,770936
2026-08-05,3213.987548828125,3218.6729038363464,3126.0615113362965,3140.2173631540304,692531
2026-08-06,3210.0,3222.76029712369,3173.7131408312307,3213.0904700237775,365593
2026-08-07,3323.0,3349.60009765625,3183.0,3220.0,1071215
2026-08-10,3380.5,3411.10009765625,3290.199951171875,3324.0,2568033
2026-08-11,3322.199951171875,3402.800048828125,3301.89990234375,3360.0,755928
2026-08-12,3307.800048828125,3393.89990234375,3270.60009765625,3325.10009765625,2309486
2026-08-13,3257.0,3299.300048828125,3201.0,3299.300048828125,1041544
2026-08-14,3248.699951171875,3264.800048828125,3221.0,3264.800048828125,476082
2026-08-17,3250.5,3272.199951171875,3223.5,3240.0,1324345
2026-08-18,3278.699951171875,3297.699951171875,3250.5,3257.0,1498859
2026-08-19,3270.0,3278.699951171875,3223.0,3278.699951171875,978120
2026-08-20,3300.0,3310.0,3250.0,3280.0,1182213
2026-08-21,3308.0,3343.10009765625,3258.0,3280.0,1465361
2026-08-25,3258.300048828125,3288.60009765625,3244.0,3287.89990234375,333968
