Date,Close,High,Low,Open,Volume
2021-08-04,845.400390625,851.7412383924914,841.051266472353,846.3352732006289,3122161
2021-08-05,862.6344604492188,872.2675915435294,840.3196335390078,845.4410952518831,7896314
2021-08-06,853.529541015625,869.8287074230426,847.8797587310593,862.6343496430038,11584782
2021-08-09,854.0172729492188,867.186600899989,848.2861195586019,859.9109714320169,6321578
2021-08-10,864.7072143554688,871.698440104166,851.9443473191467,855.6025052990476,5871606
2021-08-11,867.3494873046875,877.1452641933703,859.3828892091758,870.6011842989168,5011239
2021-08-12,891.3714599609375,895.151577654341,868.203118320366,870.6418911246367,6540144
2021-08-13,910.0278930664062,913.6860517134381,886.249861860699,893.4036340195674,7270809
2021-08-16,913.4424438476562,918.0760728381107,905.8822078801495,911.247488614867,3159376
2021-08-17,929.1317138671875,936.4480319756321,904.4188965324623,909.8654492085161,5295838
2021-08-18,922.059326171875,941.2850044396104,919.9050570728497,941.2850044396104,4871006
2021-08-20,908.3206787109375,927.3431215641607,900.0694796540985,900.3133965656874,3467046
2021-08-23,945.5121459960938,957.7872819435053,915.3933630083031,917.7914497778416,9383780
2021-08-24,937.2202758789062,953.560031508095,934.8627759883285,949.4547248417146,3947317
2021-08-25,938.3990478515625,951.0400590899012,926.9775221697838,942.9108169389215,3447912
2021-08-26,949.0482788085938,952.7471234609854,938.9274126258006,942.9107608897823,4654833
2021-08-27,945.3901977539062,950.9181222358492,942.5856488416048,949.048356805038,3050466
2021-08-30,945.7559814453125,951.405764627038,938.5616225228422,946.2437160913619,2956868
2021-08-31,961.1201782226562,970.1436156520954,944.6584656241497,947.8694760423987,7199002
2021-09-01,946.7721557617188,967.7862257388338,944.4146558186393,967.3797636532652,3200410
2021-09-02,953.356689453125,960.8762369930452,938.1143633586921,952.7469964093476,5224479
2021-09-03,954.9824829101562,959.7380685326482,941.5692367147806,953.9663278953551,4533364
2021-09-06,975.6306762695312,983.7192296946788,954.372695613311,955.1856195448385,4331916
2021-09-07,961.0391235351562,987.6623959050944,959.3320022528774,986.890157468851,3721585
2021-09-08,966.404296875,968.3146488353991,948.7231961064131,963.3151453230171,3118518
2021-09-09,974.3304443359375,979.5330803880485,961.68943197357,969.0057505600131,3388292
2021-09-13,982.3375854492188,987.7028651166512,956.3645987150661,969.0056092337845,3723138
2021-09-14,1006.9286499023438,1008.5138125085451,981.1995773439318,988.515895650556,5593286
2021-09-15,1035.0555419921875,1047.8184098260426,1000.0998079999125,1006.9283898358796,6063895
2021-09-16,1026.8045654296875,1052.9807849303734,1020.382444226176,1046.3960193420394,3616292
2021-09-17,1026.96728515625,1041.3560052542507,1023.0652089090356,1028.3492167420977,4817180
2021-09-20,1037.413330078125,1055.8260846949124,1016.1553405079154,1022.6587346871661,5453683
2021-09-21,1056.3948974609375,1068.995221362934,1038.1041046999749,1047.8591941724883,4645597
2021-09-22,1069.4017333984375,1080.0917059583996,1056.4762193965553,1056.801408907616,5367303
2021-09-23,1079.807373046875,1086.4326266167723,1068.1012434355137,1078.628573287172,3037295
2021-09-24,1104.113525390625,1120.0062319943586,1086.8795733452785,1089.3183457611617,7951730
2021-09-27,1052.8994140625,1112.0396512928535,1048.7129337006784,1110.4544887513787,7653504
2021-09-28,1031.6007080078125,1060.825290420541,1019.4068462110299,1060.825290420541,8572321
2021-09-29,1041.518310546875,1057.9800234663012,1023.3088902107766,1032.4136003788258,4639821
2021-09-30,1040.1768798828125,1049.8505955003989,1031.478534077762,1049.8505955003989,3589722
2021-10-01,1035.462158203125,1043.794630918793,1024.8128714571992,1035.6653892449706,3372796
2021-10-04,1039.445556640625,1051.5987338360196,1035.4622081814077,1041.7623707827079,2706626
2021-10-05,1060.98828125,1067.8574526117513,1026.073119363344,1032.4139692618326,3710314
2021-10-06,1036.8441162109375,1072.9379700160555,1033.8770223109498,1066.5565349850685,2861608
2021-10-07,1061.923095703125,1071.3123122072532,1043.835529297083,1043.835529297083,2421641
2021-10-08,1074.8077392578125,1087.6925678417417,1051.9645893315355,1061.9229106738833,5197831
2021-10-11,1059.158935546875,1077.0432675335217,1004.4897843604207,1056.8014355745806,5264998
2021-10-12,1016.4398803710938,1064.1179104932244,1005.0183534772005,1062.4513759818465,12811641
2021-10-13,1028.6336669921875,1033.0641636394816,1010.8306062936451,1026.7233148754258,5705730
2021-10-14,1017.0900268554688,1051.3141122679028,1011.3182854827616,1048.1843742703131,10360519
2021-10-18,992.90576171875,1034.4461736794465,987.7030263422612,1008.0261338801678,23861603
2021-10-19,1001.6036376953125,1018.5937690936113,995.8318971585586,999.8965171469608,10189780
2021-10-20,1002.2542114257812,1027.0483981750388,992.0926594793643,1007.2130289288516,8222562
2021-10-21,992.2554931640625,1015.3674769013255,974.4708259301674,1015.3674769013255,5998795
2021-10-22,978.568603515625,1002.6230127470726,972.0120299577313,986.1496416919395,3812305
2021-10-25,955.1289672851562,975.2904129556674,948.3675001365141,970.4140009090422,6690819
2021-10-26,956.2763061523438,968.7337560598367,945.1710695228481,958.8988955922241,5126660
2021-10-27,964.7587280273438,968.2008887259105,951.9324124905257,958.8987710838701,3536653
2021-10-28,944.146484375,971.1923472086588,939.8847520678407,969.7991155050695,4096585
2021-10-29,937.3851928710938,961.3576666559939,932.6726552894468,944.1466598360656,3558520
2021-11-01,974.6343994140625,976.4784353110709,937.1800214351864,937.1800214351864,4511112
2021-11-02,959.4317016601562,979.4701911908604,957.9564324727629,976.10996698111,3016082
2021-11-03,964.10302734375,973.40514495312,960.2919994117036,962.9966256977651,2063067
2021-11-04,969.6351928710938,972.9544980503973,965.4553974920437,971.1923990051544,256369
2021-11-08,969.4304809570312,977.5852803718542,957.7106642764676,973.2004912175945,3808317
2021-11-09,961.193603515625,976.1097664780864,959.2675302373354,973.6510517010635,3565461
2021-11-10,958.2020874023438,962.9965609092894,952.4240680187464,953.9812739560961,2401325
2021-11-11,951.2769165039062,957.0959561260712,944.3515750431142,955.620686917137,2861259
2021-11-12,960.8248291015625,965.5783848145471,953.1618539818912,957.9973468529543,3812518
2021-11-15,959.5953369140625,968.4057311463927,953.5715059828894,959.7182926566081,3619915
2021-11-16,953.4896850585938,963.4064820918952,951.0718886450086,959.6364724815535,3141207
2021-11-17,944.515380859375,954.596152949887,942.5074701801847,951.1129731687863,3172985
2021-11-18,918.0840454101562,946.6051764592808,912.5929558332547,940.8681753898305,5384530
2021-11-22,909.806396484375,922.7146489479114,903.1678866550568,918.0840494836661,3961223
2021-11-23,911.8553466796875,917.920196558881,893.3330484367682,905.6266224978247,4545069
2021-11-24,917.469482421875,928.2878886871688,912.1422664713099,917.92028686661,2675632
2021-11-25,921.854248046875,926.9355523475201,910.5441190610918,915.0517632148596,3106454
2021-11-26,909.7655639648438,922.837691963407,904.2334552430383,917.9202619884687,2207274
2021-11-29,928.6976928710938,938.40959751755,901.610808138573,902.4303798394617,3661152
2021-11-30,933.2054443359375,948.982201388844,928.574843685358,928.574843685358,7421904
2021-12-01,947.9983520507812,953.1616927259936,938.5732794227941,939.2289766672302,2918586
2021-12-02,970.946533203125,972.3398650919805,944.9661508602418,952.2603588508046,4011279
2021-12-03,960.0464477539062,975.0445519982547,958.6121970721977,973.6513199256074,2571036
2021-12-06,931.484130859375,961.0706452565046,930.0907991288199,958.816823383456,2493755
2021-12-07,942.2206420898438,946.6053307556978,927.2634582921888,942.5074721809978,2299958
2021-12-08,960.210205078125,968.4059222605013,948.285496604993,948.572326697301,2525711
2021-12-09,957.710693359375,966.9308763640292,946.6054551445027,966.9308763640292,1734844
2021-12-10,952.5062255859375,956.4402099122107,946.7692234699259,946.7692234699259,957733
2021-12-13,949.9656372070312,961.7264723278407,945.1711622676876,955.6207025398861,2225682
2021-12-14,952.6289672851562,955.5384862940449,938.8192067325136,947.4247079727505,1972685
2021-12-15,941.6058959960938,952.3012460843141,936.19674307322,949.2688709739455,1604301
2021-12-16,950.498046875,957.177574607313,942.1384575953384,947.4246537508084,2121810
2021-12-17,960.0464477539062,969.471523662277,954.8011681088658,960.5381708357002,6373455
2021-12-20,950.6212158203125,960.8248432630226,938.8193635673535,950.7031529795985,3091768
2021-12-21,987.5840454101562,995.7387450200764,954.8421911427217,957.9975226480251,6217986
2021-12-22,1002.1722412109375,1004.7948304402696,991.7636213577867,998.238257321573,3809814
2021-12-23,1005.9833374023438,1008.6469456769101,996.2714318564625,1007.9913482827081,2814281
2021-12-24,1036.921875,1052.1659857186557,1021.3090971509118,1034.4222418239203,15952929
2021-12-27,1038.5611572265625,1046.5929994329972,1027.7838700408176,1039.2168545662025,3372907
2021-12-28,1052.248046875,1056.4278422230545,1040.8559810886572,1040.8559810886572,3446067
2021-12-29,1058.8045654296875,1064.623503755228,1046.6748657844628,1051.5103582124386,2254162
2021-12-30,1079.4169921875,1087.1208864501173,1051.2646230907847,1058.8047430701452,4518139
2021-12-31,1081.0968017578125,1089.5793472140492,1072.7781305919425,1081.834436155171,2231508
2022-01-03,1086.8751220703125,1098.144233900303,1076.9992422302407,1078.8432787115119,2661272
2022-01-04,1092.857666015625,1095.521273608418,1071.3849309780219,1089.6203983440657,3367100
2022-01-05,1074.25341796875,1090.0301704355809,1067.0821668474632,1089.2105988788624,3510253
2022-01-06,1053.067626953125,1063.6401211855452,1046.5929909468082,1057.2474223346771,4409632
2022-01-07,1057.6983642578125,1064.2139196661883,1050.8548600942752,1063.435366520164,3898684
2022-01-10,1055.6903076171875,1069.418133863395,1049.0517967251114,1069.418133863395,2529949
2022-01-11,1101.2174072265625,1104.7825236997558,1049.0516545516969,1056.1409689450443,6772189
2022-01-12,1108.1839599609375,1112.2408000986572,1091.1778461762235,1109.7001476868843,3162044
2022-01-13,1093.5135498046875,1114.1257982399104,1082.7771804546157,1098.2260871188168,4598005
2022-01-14,1095.9312744140625,1100.6438118489903,1059.7062440628565,1081.8346807138212,5636243
2022-01-17,1031.6357421875,1043.3146373820755,1019.0553382501346,1043.3146373820755,11973283
2022-01-18,999.6726684570312,1040.815131375171,997.4188460850231,1040.815131375171,7799487
2022-01-19,982.8302001953125,1000.2871148936985,976.1097532473534,999.8773291030824,8464215
2022-01-20,971.3836669921875,992.9130773649359,966.9621082982369,991.7560085110122,6172404
2022-01-21,965.2680053710938,975.102941207603,954.5653433907695,971.3838554541325,5514748
2022-01-24,929.68896484375,962.4169046706733,918.2011001194659,960.763977397731,5878438
2022-01-25,928.6968383789062,941.8789895185265,899.5227422682862,921.5066474930339,4725254
2022-01-27,890.7207641601562,922.2916198304816,884.4809262927157,921.5065201007416,8304735
2022-01-28,892.952392578125,910.9279725830194,890.3077498975828,891.7540609324593,7654724
2022-01-31,908.6139526367188,920.6389355077503,903.2005765920364,909.6470319668754,7572995
2022-02-01,936.2178955078125,939.2757701108353,910.142931662611,922.9117524150419,6783774
2022-02-02,967.7472534179688,970.1440173947258,936.6309879036704,944.5650161658288,6982539
2022-02-03,956.0115356445312,967.6646493791001,951.2593711059912,960.3504684840676,4169794
2022-02-04,961.8381958007812,964.5654646320595,939.9781771904699,958.6975943611448,3625482
2022-02-07,956.5072631835938,968.0777491792328,947.1269250715984,956.218021211029,3824483
2022-02-08,960.3092041015625,966.8382857972069,949.2346741342543,957.82981365157,3267641
2022-02-09,975.970947265625,982.665282672518,963.6566186679192,968.6154005821624,3772972
2022-02-10,983.7804565429688,985.061514866212,970.3504294528652,979.3175350557024,2053245
2022-02-11,961.755615234375,974.4005481992609,957.086176777189,974.4005481992609,3912397
2022-02-14,947.4988403320312,962.2925540540327,936.8788067636009,938.3251175850075,3243813
2022-02-15,965.76416015625,970.2683467947913,948.8629176038398,953.325841590964,3000492
2022-02-16,965.1438598632812,977.4168194082562,958.6974059171173,973.5737449744519,1885868
2022-02-17,961.2183837890625,970.2681184746884,958.6976298387041,970.2681184746884,1644055
2022-02-18,962.830078125,967.0450222381706,950.5157505107028,952.7885253732296,2166690
2022-02-21,962.6231079101562,966.5488085004745,950.5980267998972,952.994790495523,1706058
2022-02-22,950.0610961914062,953.8628078716281,935.5566223367372,935.5566223367372,3254855
2022-02-23,952.9122924804688,957.8710728402976,948.8213390382676,955.3916826603833,1937649
2022-02-24,907.9114990234375,937.9946890760659,902.4981228585887,914.0686116131859,5469084
2022-02-25,933.6555786132812,942.9946545475921,921.5066080811264,922.002465899179,3213276
2022-02-28,931.3828735351562,936.6309967514152,914.8949693207542,925.3083878186209,4571884
2022-03-02,921.9612426757812,929.482039083207,916.5478673068241,929.482039083207,3867328
2022-03-03,941.9202270507812,952.0857664745658,926.052171297527,929.7712563228183,3969380
2022-03-04,940.8872680664062,954.4412887339693,927.8292061748799,932.2507654257658,3522375
2022-03-07,953.9039916992188,959.8545885600798,917.7875823911188,918.200814080624,5249845
2022-03-08,971.3426513671875,974.8963841027412,954.5654009354743,955.3918644860678,3805165
2022-03-09,977.4583129882812,987.6238541006317,959.6067220789397,975.226901957109,3781326
2022-03-10,985.2685546875,990.2685987008908,971.0946844352189,990.2685987008908,3834327
2022-03-11,986.3423461914062,997.6649511916618,972.1685847378338,975.2264578527285,2770879
2022-03-14,994.1114501953125,1003.987748056103,973.2846135051255,986.3426742949073,5740660
2022-03-15,972.6233520507812,1003.574464365015,965.3917978960496,997.5412416869841,3003066
2022-03-16,991.3428344726562,994.1940928082284,979.3591153398063,983.615421967768,1894018
2022-03-17,989.1941528320312,1004.1531215435382,984.1527458147815,1004.1531215435382,6987787
2022-03-21,965.3505859375,999.938058018758,962.9124584482187,991.6734242652129,4046440
2022-03-22,972.25146484375,976.6730234057678,960.5983522687849,966.9620794455244,4516870
2022-03-23,975.8052368164062,984.1938599947389,966.9621193276383,983.4913863246919,2338886
2022-03-24,985.2269897460938,986.797290368733,966.1357055620175,966.1357055620175,2351703
2022-03-25,974.689697265625,990.929725029978,971.4252068330745,990.929725029978,2489854
2022-03-28,961.9620971679688,981.5079780372621,957.2099323062865,979.2765670655677,3406258
2022-03-29,965.0613403320312,971.0945639349691,961.7142238564172,964.4828562656246,2443230
2022-03-30,962.9951782226562,976.8384411055691,960.4331616873283,973.0367293866967,3073672
2022-03-31,961.7970581054688,970.9295216541798,959.5242831024268,970.9295216541798,3006639
2022-04-01,966.6728515625,970.2679468611916,952.1271171701877,959.5239235995259,2479745
2022-04-04,981.0535888671875,982.6237888892281,965.3094180216723,969.6069880897064,2282137
2022-04-05,987.9955444335938,994.2353829104211,978.6152058444761,983.4913596537,2634464
2022-04-06,967.3756713867188,987.5414039791203,964.8962805160138,983.491712046301,2838968
2022-04-07,969.689697265625,975.8468101914401,961.1770825768748,963.3258675712535,3391918
2022-04-08,963.1190185546875,975.2267264802656,960.8049817695976,974.4002631527399,2656091
2022-04-11,936.7962646484375,962.0033983685763,935.349953697282,962.0033983685763,5679058
2022-04-12,934.854248046875,943.5733778114994,925.2672912155996,933.7385424516539,2906617
2022-04-13,929.85400390625,944.7303459500723,928.1184508451342,938.0360122076825,1971580
2022-04-18,910.55615234375,919.647250756077,896.3822832781088,917.3744761529953,4391701
2022-04-19,884.5224609375,922.2917982654798,875.0181317613436,922.2505356271365,3422431
2022-04-20,900.349365234375,904.8122883521401,879.9356560674349,888.4482705492212,2573318
2022-04-21,908.4486694335938,913.2835617807149,893.4896997572438,904.9775629713816,2547848
2022-04-22,910.80419921875,937.9947694114906,893.4897272460704,898.03527678897,9567571
2022-04-25,900.72119140625,907.4568888551375,890.3491354035137,906.5477992166755,3565801
2022-04-26,904.3989868164062,914.8950321969777,896.754199962005,912.4156418658206,3213714
2022-04-27,905.473388671875,909.0272220696664,888.1176552054334,898.3658227629495,3288792
2022-04-28,917.993408203125,926.2280811773012,901.8602927673327,917.5732739201945,5202061
2022-04-29,906.8596801757812,924.7153838623557,902.742344458394,919.2536392052858,2988180
2022-05-02,896.482666015625,909.1707024391751,892.3653290114639,901.6082843967051,2584604
2022-05-04,878.0385131835938,904.1288906956939,870.3501385962065,904.0448843614836,3385725
2022-05-05,900.8099365234375,903.4567003880818,879.8451747400504,889.8443909602044,2982126
2022-05-06,882.4500732421875,887.8698674429343,864.5943648740126,882.1980541965728,4075606
2022-05-09,904.2129516601562,909.9268187373896,868.9216731253267,877.2403521514766,4207192
2022-05-10,901.2300415039062,911.6913435416152,896.2303822704123,901.6081213088968,2473518
2022-05-11,891.44091796875,906.9018796775391,885.6850989623698,898.2470726540989,2895668
2022-05-12,890.180419921875,899.8854590141885,877.030198113637,882.3658822776144,3195189
2022-05-13,884.0885009765625,905.8094206512822,878.1645671689862,899.0872728171354,2496626
2022-05-16,877.7025756835938,896.524509591143,874.0473253471936,885.6430726401006,1415370
2022-05-17,909.9267578125,912.5315695870091,878.3746353491503,889.1720648064157,2620776
2022-05-18,902.1962280273438,922.0685981395281,899.7595314871945,910.4729546318952,2865869
2022-05-19,848.1670532226562,889.2562038137382,844.1337233520344,886.5672830427105,4729354
2022-05-20,864.51025390625,869.2577916004566,854.3850284082041,864.6363146997292,2005622
2022-05-23,855.6454467773438,871.3584787830754,852.6625037079323,859.5947191852325,2285466
2022-05-24,833.3363037109375,859.0905543324296,829.3450282457226,858.79642957923,3418456
2022-05-25,818.7996826171875,834.21858969049,809.1785976527099,833.5463851209638,3904551
2022-05-26,824.05126953125,828.5046820069645,814.2621216889111,820.9422660454404,4278059
2022-05-27,843.5455932617188,849.049341846546,831.0255717174316,831.0255717174316,2795530
2022-05-30,873.7952880859375,885.0968590860846,853.418775691851,856.2336548277991,3562969
2022-05-31,874.5093994140625,878.75279616419,857.4519599397008,878.080540367711,5185485
2022-06-01,855.3093872070312,878.4587244775429,849.9736510827922,874.5095032767346,2554081
2022-06-02,873.627197265625,881.3577297064043,846.4025261801654,849.8476581126381,3560227
2022-06-03,876.4000244140625,898.7931999146567,874.0472316419347,885.600923238956,3556955
2022-06-06,871.610595703125,880.0552329689245,858.0402382968336,872.1987426511274,1997494
2022-06-07,859.5106201171875,868.6275123075728,851.3180027096917,865.4765056123821,1839248
2022-06-08,865.6445922851562,868.6696410286418,853.7128202746214,859.6787062798888,1665512
2022-06-09,864.3422241210938,866.9049815358478,850.0996626063062,861.2331690881296,1654005
2022-06-10,853.1665649414062,860.2248405577857,847.1586761916005,850.3516860996133,2260855
2022-06-13,833.3782958984375,841.9490449364112,825.5638090319601,836.9074338888878,1738804
2022-06-14,837.6637573242188,841.0668347730024,821.9087216484392,830.1853465424126,2461791
2022-06-15,831.7818603515625,846.1504320800626,830.185329587986,831.0255981402005,2408630
2022-06-16,810.8171997070312,846.1504842489197,808.0443235709478,846.1504842489197,3198618
2022-06-17,805.607421875,809.3046237778943,793.2554647061473,800.2717374309256,4302066
2022-06-20,806.69970703125,811.6993145155215,800.0195626639236,810.859046073994,1305407
2022-06-21,829.0088500976562,840.184461751912,809.7247297838542,816.4888806947498,2128325
2022-06-22,807.750244140625,822.6230095240369,805.9436973121037,821.7407376974635,2575065
2022-06-23,816.1107177734375,821.3623954939874,805.4813015526787,808.4222410761865,2169033
2022-06-24,812.2875366210938,827.2863082300286,806.6577276397578,826.8241708307518,1922313
2022-06-27,833.84033203125,845.9822207529705,826.9921752951175,828.6307089437084,3626024
2022-06-28,841.9071044921875,846.1504505161413,826.1940719662323,831.7818784745763,2702471
2022-06-29,829.8070678710938,840.4784870617272,827.6643936573869,827.7483999850168,3150015
2022-06-30,817.791259765625,837.369504173265,815.0183841689919,831.8657561448433,3741119
2022-07-01,819.5557861328125,824.6814542863756,810.1868239847774,810.4388942545788,2827579
2022-07-04,827.3284301757812,831.4457667661025,817.9594662030792,819.5559457466893,2738846
2022-07-05,825.2697143554688,842.4952183250687,822.1607106988938,829.681123908659,2476050
2022-07-06,829.0088500976562,839.4281996162691,823.5051018888872,825.1436356588351,2998254
2022-07-07,831.7396240234375,841.0246305238467,827.6223397894427,837.7475633724185,2985141
2022-07-08,826.4461059570312,839.4282650582088,822.7489551807801,839.4282650582088,3141642
2022-07-11,792.8353881835938,822.748979640317,789.852445057847,819.2618446078733,5787815
2022-07-12,779.6011352539062,797.036707326934,776.7442530110834,785.6510789532978,5305354
2022-07-13,771.156494140625,786.4913958219831,760.4430696783063,781.4497843103037,12874342
2022-07-14,758.7625122070312,779.3910951665493,749.7716283279028,778.2147499501854,4916497
2022-07-15,742.0831298828125,760.442975687531,737.2095316618265,752.8805593547268,5591590
2022-07-18,756.49365234375,762.5435952575216,746.8725686257421,752.0402399509442,5156225
2022-07-19,755.98388671875,762.6115870752553,751.9902557789426,756.2387882974676,4636293
2022-07-20,779.5208740234375,780.7104321743901,760.5723749056531,768.6445877965917,4827089
2022-07-21,785.5112915039062,787.635558043826,776.2494686450659,782.5797933064218,3498709
2022-07-22,781.9424438476562,791.8415457886689,772.3832452676115,789.7172794375479,3514659
2022-07-25,790.779296875,791.9263797919302,776.6316643023865,781.9423294029225,2120224
2022-07-26,776.206787109375,789.9295660499085,774.167471028999,788.9523829568196,2780103
2022-07-27,788.9099731445312,789.6746778413369,774.1675349466291,775.017241406613,1742497
2022-07-28,803.9072265625,806.3713959355398,792.521191604298,795.2402625320057,2843497
2022-07-29,805.861572265625,820.5614826453524,804.7994392633042,813.1690265768069,3617725
2022-08-01,809.0479736328125,812.7441757468865,803.1425037502883,810.6199097360478,2489519
2022-08-02,808.113525390625,810.4926937156018,799.6164586142933,809.0482338532094,2545241
2022-08-03,813.3390502929688,817.2476793430361,807.2636282366145,808.0708597622931,4119614
2022-08-04,814.103759765625,824.1728126958194,803.652380408055,819.9667552369771,3513266
2022-08-05,813.8063354492188,819.9242321335244,811.4696427606409,818.1823443198866,2565683
2022-08-08,820.8589477539062,822.5158857887877,807.263643856571,813.8063942295573,1746911
2022-08-10,808.9630737304688,821.666196447107,805.6067226383581,820.8589648889584,3271939
2022-08-11,817.715087890625,822.9408039833725,814.6561650170969,819.9668310211197,3594584
2022-08-12,812.6593627929688,819.1171118093324,810.6200463341319,819.1171118093324,3022304
2022-08-16,814.188720703125,823.3655398773526,809.4728603362825,823.3655398773526,2784861
2022-08-17,833.2222290039062,835.1765955744775,811.4697618906832,818.267414346312,4649125
2022-08-18,827.189208984375,835.6437983289246,822.6007735210318,835.6437983289246,2829269
2022-08-19,824.2578125,838.7028235703889,821.4962662659551,828.039016946702,2880969
2022-08-22,815.2509155273438,824.2153087709639,811.6396628858215,819.966776251526,3616799
2022-08-23,804.587158203125,808.0709343361258,797.8744556694239,807.1787528251839,3753715
2022-08-24,806.4990844726562,810.450189262686,802.2505512390901,807.1363644576911,1494361
2022-08-25,801.9530029296875,810.5350698959382,800.9758715492034,810.5350698959382,3316314
2022-08-26,803.5250854492188,812.3195282159714,801.91062212743,805.989203528504,2195046
2022-08-29,779.6056518554688,783.4293308018988,764.8207391844865,775.4420695912366,4974880
2022-08-30,797.8319091796875,803.1850496273439,784.8738853692489,787.5929564756361,2998417
2022-09-01,786.8707275390625,791.0767852659859,778.5436138560253,779.435795346713,2953921
2022-09-02,785.5112915039062,796.1750991619081,780.8803800744861,791.2468111616895,1750283
2022-09-05,795.325439453125,800.6785810770483,783.8543994610127,786.828372792301,2279812
2022-09-06,796.854736328125,801.1882705463645,787.720391556286,795.3252750177921,2108615
2022-09-07,791.6715698242188,792.3937996166575,784.3640626833321,787.6779388342187,2709547
2022-09-08,791.119140625,799.4887798591689,788.5275464535529,795.6651010239954,3214686
2022-09-09,805.946533203125,809.7702120638673,793.8806917590566,797.8743222748913,2206526
2022-09-12,811.93701171875,818.6921885666022,810.1951238175975,811.5971602459703,2517615
2022-09-13,811.8096313476562,815.548308924898,807.6035736940353,811.4697279942841,2442828
2022-09-14,791.9264526367188,797.4070698969953,787.2955418706875,793.031060706844,6761712
2022-09-15,781.64501953125,795.9200781659359,778.586045055409,795.7501264958389,2995215
2022-09-16,762.1016845703125,780.030468716506,759.1277121950317,777.5662994322026,5095937
2022-09-19,762.8665161132812,770.8113033260767,754.1145491824872,762.9939928382132,2686561
2022-09-20,776.6317749023438,782.4522439366374,766.4352964572364,766.6901980459699,1836721
2022-09-21,765.5430908203125,776.419323779661,763.7586760315166,772.3832178557722,1819649
2022-09-22,762.7391357421875,768.8995084751359,756.0264329849438,762.6966089234155,2315711
2022-09-23,761.2095947265625,775.4421794886824,757.9382452424462,761.761924730777,2569608
2022-09-26,770.4288940429688,779.5207639667855,749.4411331172903,757.3009182435204,4182702
2022-09-27,780.6678466796875,782.9620646015073,771.1935984622702,774.2950479312819,3545337
2022-09-28,782.4097290039062,787.6354446847973,774.8048455131178,775.7820287256319,4154139
2022-09-29,784.3214721679688,791.076648334409,778.840855585311,787.6778227776554,2928360
2022-09-30,792.2239379882812,794.943009515764,773.2754909361604,783.3445453932793,3229901
2022-10-03,790.4393920898438,792.6486080227617,778.3310756832001,792.223754815511,1598950
2022-10-04,803.8222045898438,808.0707363265766,796.2173224087002,800.8482323741308,2331351
2022-10-06,819.5844116210938,822.4734345272813,811.8945780050568,811.8945780050568,3713623
2022-10-07,813.7640380859375,826.722064004943,811.4698198459151,819.9668860223121,2174327
2022-10-10,818.4797973632812,821.7936735035706,800.5934856650839,800.5934856650839,2758812
2022-10-11,797.5344848632812,825.9147021639063,795.3252687504283,822.6008261326591,3134969
2022-10-12,808.9205932617188,819.032121422278,801.5281362912399,801.5281362912399,3502390
2022-10-13,834.496826171875,840.4022973792876,823.6205921286979,825.957285264856,9698562
2022-10-14,851.873291015625,869.2498003291047,844.6083103882014,853.9550824347509,7424383
2022-10-17,845.1181030273438,855.4845331765529,842.1441301405526,854.5498767283499,2136170
2022-10-18,857.5238647460938,861.3050692841273,848.9417974327407,849.7065540761982,2487826
2022-10-19,854.4771728515625,863.7887343810631,853.0611047936183,863.7887343810631,2517099
2022-10-20,873.1434326171875,874.7740012300205,847.912021549837,849.6284426460918,3931399
2022-10-21,881.5537109375,883.8709419534651,868.165649194868,877.5201638252122,2071897
2022-10-24,885.3297729492188,891.5517979645219,883.9566573465185,888.2477090812102,398105
2022-10-25,880.9530639648438,890.1788266902428,876.1471061951798,889.1060635826382,3068136
2022-10-27,885.7160034179688,890.3502553403289,875.0312220676335,884.8148406763976,3313674
2022-10-28,883.9566040039062,892.3241543816132,880.0946576757339,885.6300721746481,2423629
2022-10-31,893.5258178710938,903.2664853833951,889.449318293354,891.6806444782399,2418565
2022-11-01,909.7459716796875,911.2906875344235,896.8298633222515,900.2627049043463,2275488
2022-11-02,897.00146484375,915.1526356887392,894.6843386771604,913.9511201807993,2799322
2022-11-03,896.9586181640625,900.4343074177557,886.617140966333,887.3895512767131,2396164
2022-11-04,897.1301879882812,900.2626767865081,886.9174636481204,896.9585878193406,1709158
2022-11-07,898.6749877929688,906.0126234187783,891.3801998274005,899.4902457196124,2213508
2022-11-09,904.0817260742188,910.9474094420408,900.4343317850633,910.4754565677116,2307691
2022-11-10,903.2234497070312,911.7627056294998,898.5891975817191,901.1208762339546,2321667
2022-11-11,936.0074462890625,942.9159790160866,917.5129652736199,919.1435864260368,3923101
2022-11-14,943.1732177734375,946.5631069061267,935.4922766945544,939.7403762164823,2170007
2022-11-15,947.3784790039062,949.2664999741024,934.5053230379922,938.4530699151369,2172420
2022-11-16,948.4940795898438,954.7161049072851,943.473569768862,950.4680053884568,2213697
2022-11-17,937.6378784179688,944.5464097522644,934.676989478683,939.8262522301168,2460883
2022-11-18,946.7349243164062,949.1808032639132,930.3001724575786,942.358071763706,2623894
2022-11-21,940.1694946289062,949.481056530656,937.6806635127214,943.0874309457434,1733741
2022-11-22,946.9493408203125,949.0948667398973,933.7328802032691,936.3933113911526,2529146
2022-11-23,946.9493408203125,953.9008238473655,943.8168520253173,951.7123455045859,2217599
2022-11-24,969.4344482421875,974.0688053610654,947.0351777232913,949.1807037262893,3295202
2022-11-25,968.2330322265625,976.2573841119902,961.7536058888711,974.2405056523023,1977441
2022-11-28,960.1658325195312,972.1378256335644,958.6210119026188,965.4866950675435,2368293
2022-11-29,968.8764038085938,977.286906024291,959.5219960478997,960.1656537247544,1785948
2022-11-30,961.88232421875,969.6920184421642,958.6210825701942,967.2031871590052,6053488
2022-12-01,975.2701416015625,987.499637570632,968.4044596540147,969.7775750911258,3919684
2022-12-02,974.5408325195312,978.7031318828192,964.4997082822088,975.2702903853432,2944923
2022-12-05,970.5069580078125,980.0330700230579,967.374469908398,972.5666833856455,2646466
2022-12-06,962.0110473632812,965.4868418989283,950.0390524285455,962.5689051576728,2807894
2022-12-07,949.0951538085938,958.2779656170985,945.7481114092747,956.0466389382323,2399879
2022-12-08,945.1900024414062,955.8318323465332,943.0016287801094,955.8318323465332,1752350
2022-12-09,881.8110961914062,922.5760860396707,875.97527654196,922.5760860396707,12415478
2022-12-12,882.5835571289062,891.809318519316,868.8950913804231,879.6656209460497,4275785
2022-12-13,896.5723266601562,898.4604523208861,884.9006866453103,885.758897010549,2284909
2022-12-14,906.44189453125,907.3860098974686,896.829978768872,896.829978768872,2425507
2022-12-15,894.5556640625,902.6658158758123,890.0500590868888,902.451263257926,1906369
2022-12-16,883.6564331054688,898.0743061722807,877.3914547574834,883.9567858181485,5159215
2022-12-19,886.7459716796875,890.3933661917985,878.2496670402484,883.6564349277153,3328172
2022-12-20,883.6991577148438,886.8316464526306,868.0797712103254,881.3820316688127,2629849
2022-12-21,892.8390502929688,903.9099839373135,888.2476462142128,888.2476462142128,2878658
2022-12-22,891.766357421875,905.111570324387,887.0462004773475,897.6880298137744,2623451
2022-12-23,884.4714965820312,896.057335400889,881.467760591957,883.5274862232645,2177675
2022-12-26,885.4156494140625,894.0407060496569,883.0985231822385,884.8149440241865,1680715
2022-12-27,889.4063110351562,893.1824576794048,884.2570487280926,891.6805895065113,554319
2022-12-28,888.6339721679688,891.0799557700478,880.9530305139839,883.956767101221,1397806
2022-12-29,896.3578491210938,897.6881172034006,882.326129426962,883.9567502098495,1277244
2022-12-30,891.9381103515625,905.6265243225645,887.6470583528771,901.1209197239448,1860560
2023-01-02,892.0667114257812,894.6842949128227,885.2439810096657,891.7663587539911,701880
2023-01-03,893.6973876953125,897.5164868693035,886.9604569428276,891.6806141882902,2484372
2023-01-04,889.6209716796875,894.25532927131,885.2441191394973,889.2776665317854,1219170
2023-01-05,896.0573120117188,900.9491733536348,886.6169991464709,894.0834912698183,2294943
2023-01-06,886.3598022460938,899.3187591995318,879.8802713883654,895.9717174635,1887689
2023-01-09,916.0966186523438,919.1433073743074,892.5817382956981,896.786885304144,4562242
2023-01-10,913.007080078125,920.5164208066273,906.5276546495936,910.5612014789573,2297082
2023-01-11,905.2402954101562,926.5238486763265,901.5929015180461,917.4268401566407,3594167
2023-01-12,919.701171875,922.1470504981401,910.5612104034682,910.5612104034682,4748542
2023-01-13,924.9791870117188,930.3000494487809,893.3970032068089,895.8858342545996,8253765
2023-01-16,938.6246948242188,944.4176151615334,925.6228907656352,932.874726912727,4508538
2023-01-17,953.5147094726562,956.0034358299579,939.7403906096011,942.2292217289148,4390338
2023-01-18,957.0332641601562,966.2160727259852,956.1321014147794,960.2944005355149,6905092
2023-01-19,962.4457397460938,964.1343506484315,951.4911222928349,954.6086147255908,2298287
2023-01-20,959.3282470703125,971.10549942994,958.6787650757378,962.1426690468024,4747128
2023-01-23,970.9321899414062,972.4044124779597,959.631267253803,962.0992775619035,1696834
2023-01-24,985.3508911132812,990.4168301916085,970.9323678057547,975.0025189301174,4861107
2023-01-25,972.2745971679688,982.7528860912016,967.0787409372782,982.7528860912016,2692236
2023-01-27,966.0826416015625,982.2764534976828,956.9033186909501,972.2743900997866,3864525
2023-01-30,982.6663208007812,987.1693539679195,957.596356486678,966.0828583339719,3508427
2023-01-31,971.7982177734375,985.220845674783,963.8312809159777,983.7487287695873,4582858
2023-02-01,980.3712158203125,984.6145185285184,965.0867212816416,984.6145185285184,2393911
2023-02-02,995.5260009765625,1000.6352805828029,982.8827723595684,985.3075474740439,3048359
2023-02-03,992.5385131835938,1001.6312620964209,986.000351443239,999.3364043240464,1814055
2023-02-06,992.1484985351562,995.7423194889626,976.8207681277671,983.0557520233286,2070175
2023-02-07,977.0374755859375,998.4703827614322,975.0024530163182,994.010584974841,1931191
2023-02-08,991.5424194335938,995.0063230822701,980.890873429934,981.930107950507,2848255
2023-02-09,992.7116088867188,997.6043946378296,985.4807301196615,990.6765863417336,1501083
2023-02-10,966.1261596679688,978.5528943076711,952.5736139278214,974.9158373384771,3185163
2023-02-13,963.8311157226562,970.9754164456679,956.903308960948,970.9754164456679,2009185
2023-02-14,974.6127319335938,989.2910898399953,968.1612524548016,970.7591806814245,3938046
2023-02-15,981.0642700195312,982.5363869932837,969.5467464838273,974.2230382092246,1648954
2023-02-16,976.9507446289062,997.7341664821048,973.356923458134,986.0001506101731,2369355
2023-02-17,960.8436279296875,971.3651508292539,959.1116760831809,971.3651508292539,1958807
2023-02-20,966.1694946289062,982.623040565399,959.1551093453435,960.8438261700728,1706036
2023-02-21,957.0765991210938,971.6683787738184,955.2580707272992,970.7590617219425,1313278
2023-02-22,946.1652221679688,957.3796732022687,943.9570471073536,948.2435854149771,2212194
2023-02-23,947.6807250976562,962.9218801185187,946.0786907907102,956.7302368703206,2139983
2023-02-24,948.1135864257812,956.470274063662,936.9858185032887,949.9754555435376,1684570
2023-02-27,938.6746826171875,943.9138799227633,931.7902154099938,943.9138799227633,1834553
2023-02-28,933.1756591796875,949.8890372378047,924.9488876846467,938.2849384080721,20793703
2023-03-01,953.5263671875,956.0377192950365,932.9594325559266,932.9594325559266,1655100
2023-03-02,957.7261352539062,967.2952125410957,944.1736951340807,944.1736951340807,4074162
2023-03-03,969.027099609375,978.2930001009246,962.1426330087332,965.5631957680546,3253621
2023-03-06,975.6951293945312,994.1404607144196,972.7508955248452,977.6869165039893,4091674
2023-03-08,970.455810546875,973.3568083621948,958.8950546500411,962.9650986643777,3209393
2023-03-09,966.9922485351562,975.6952450521269,964.7407317814612,971.5818585119241,1834324
2023-03-10,966.6890869140625,968.2911214314494,956.9035154673785,956.9035154673785,1193681
2023-03-13,951.361328125,981.6704918100036,948.2438352879659,970.7158729361432,3028387
2023-03-14,938.76123046875,955.5178432379035,923.130322960163,951.3178812031987,3683544
2023-03-15,934.9508666992188,950.7549262846579,931.3570457062943,948.2869162037154,1528510
2023-03-16,928.6725463867188,941.7921019910891,926.2911127384317,938.6745042835571,1812907
2023-03-17,959.8909301757812,967.3816427443365,938.7612030896111,942.3549184546299,5350523
2023-03-20,944.6498413085938,959.7611850203645,940.6663730915777,956.903422109269,2066169
2023-03-21,938.6314086914062,954.6519647110244,932.7427296002109,951.7076251654267,2421127
2023-03-22,936.5097045898438,957.5529637114388,934.431446754098,945.6024526060952,1382329
2023-03-23,923.0438232421875,935.6004750204526,918.8005197751268,932.6561355304538,2178855
2023-03-24,910.790283203125,943.9138661197111,906.7202381744842,929.1922737123396,2688253
2023-03-27,910.5738525390625,922.6975177178992,904.7718550588934,912.1326517746157,1459887
2023-03-28,901.5675048828125,921.2252215993054,900.0520470300189,915.1633901881311,2965015
2023-03-29,924.4293212890625,926.5942611515661,902.4335111440345,905.810838471531,2478745
2023-03-31,939.8003540039062,949.8889944724527,926.0746570063321,938.1983197163572,3131614
2023-04-03,950.9714965820312,951.9240489709645,942.1818196774249,943.8704304709904,1540702
2023-04-05,962.2723388671875,963.8311377081056,923.2601895763976,939.8868838997832,3342291
2023-04-06,945.5159301757812,960.4107816794881,939.973662307192,960.4107816794881,2378264
2023-04-10,955.2579956054688,956.9033709599689,945.2126962921321,945.5157667156049,711625
2023-04-11,941.3157348632812,961.1466026735023,939.5837831891997,956.0373240929738,2318905
2023-04-12,947.8106079101562,950.3651944917187,935.3405340007788,945.6456681935958,2715967
2023-04-13,928.1963500976562,943.0478595698811,920.5324836756506,943.0478595698811,3071057
2023-04-17,902.5200805664062,913.6046148600642,880.0480472526448,913.6046148600642,9509446
2023-04-18,921.2683715820312,923.4766522468378,905.1179011057357,908.8849805586341,3686404
2023-04-19,899.4890747070312,930.0147234736944,897.540629041074,930.0147234736944,4322881
2023-04-20,898.4500732421875,906.849997908035,893.5572878459132,900.6150131777108,3057560
2023-04-21,908.3655395507812,930.0582819872645,898.6666500300594,912.7387609074271,7708194
2023-04-24,912.7821655273438,916.9821285395446,905.8110155235026,915.336752780442,2033625
2023-04-25,912.2622680664062,916.8953236917238,904.4252496103012,909.6643403706911,1237595
2023-04-26,922.74072265625,923.9963455090889,907.5428023369495,913.6046340319483,1647101
2023-04-27,927.6766357421875,930.9240452021951,918.8003832181665,922.7406156469532,1654910
2023-04-28,937.2332153320312,941.3288430295739,928.1172101449483,933.5779753973094,2629188
2023-05-02,940.2718505859375,946.6574724349845,937.1450548118604,937.2331108512996,1905168
2023-05-03,932.6971435546875,937.1451026972243,929.2181234450861,935.3835517523047,1649820
2023-05-04,939.6113891601562,940.6241950180079,923.3170416687423,930.1430521043346,1403672
2023-05-05,929.7025146484375,942.3855943702748,926.663775014496,939.6112378789529,1641673
2023-05-08,947.4942016601562,949.0355587160757,929.2181108542551,931.8604372358311,1389075
2023-05-09,950.356689453125,953.5274594994305,938.9506906354394,943.310486009543,2981949
2023-05-10,949.7401123046875,958.9882535711531,944.2792405707653,954.8926266498423,2091411
2023-05-11,958.371826171875,962.3353160299196,951.2816477135212,953.1312548106334,2653108
2023-05-12,964.889404296875,971.8475511255518,948.9913660848265,956.5220383992754,1585037
2023-05-15,968.6329345703125,974.0937001059397,962.5115873561878,967.9282711066287,1523466
2023-05-16,960.6615600585938,973.5209652289996,958.3715658215743,969.0289252636175,1166324
2023-05-17,946.4373168945312,963.5242748656918,936.0000416434151,960.4856425245669,3602382
2023-05-18,951.1494140625,955.641347279123,945.0720420557594,952.954939194905,1515743
2023-05-19,964.7574462890625,972.3761760558522,953.3954205546664,958.8122115169818,1984436
2023-05-22,986.3363037109375,988.141936275694,959.1203225263174,964.7573065526136,1864932
2023-05-23,975.32666015625,996.4652706767082,972.376083941076,986.4684909547148,2138096
2023-05-24,979.3780517578125,982.0644594292253,967.0912793303044,968.0161364018442,1302744
2023-05-25,982.945556640625,984.9273017144972,971.5395557776253,976.9562396329684,1124803
2023-05-26,1003.3792114257812,1004.3921245570674,981.1837161496502,982.0644914783303,1635167
2023-05-29,991.9293212890625,1011.0861883405906,990.343989905067,1009.3687191287938,1288914
2023-05-30,1000.4287719726562,1007.6071133833708,993.5587879822356,994.3954816519455,1983735
2023-05-31,1008.575927734375,1015.8423250631766,997.125847095051,999.5040052762147,5967930
2023-06-01,1005.7575073242188,1017.4277820305215,1002.0142116637065,1011.1302160630588,1445692
2023-06-02,1001.4857788085938,1013.8606094994269,996.6854880464225,1011.1302270794359,1336554
2023-06-05,1002.586669921875,1011.5705358975498,1000.5608435172978,1007.6070466406591,1435758
2023-06-06,994.0430908203125,997.3020242967341,980.963597687781,995.2761978785118,1943605
2023-06-07,994.4395141601562,998.623197334488,983.1214641911091,998.623197334488,2459039
2023-06-08,992.4136962890625,996.3771856463297,984.9711870581394,994.4395227449444,1385218
2023-06-09,977.4405517578125,996.1570299960225,974.0935620544836,994.483535144358,1824218
2023-06-12,1003.7757568359375,1004.9207004038766,978.981906569753,980.258987957675,1670970
2023-06-13,996.4210815429688,1008.4435776706797,994.6595310461308,1008.4435776706797,2014656
2023-06-14,1000.4287719726562,1002.6747923736123,991.7972370847123,1002.3224606908007,836964
2023-06-15,1007.2548217773438,1010.2494799255921,1001.0454191264339,1004.0840515389496,2109652
2023-06-16,1011.306396484375,1016.635131320743,997.4341822168404,1012.8918354072813,2909817
2023-06-19,1001.9261474609375,1016.3268044401838,1000.0764330187588,1011.3063199088232,1278608
2023-06-20,1029.318115234375,1031.1677219318456,997.4780654177365,997.9184530845877,3504867
2023-06-21,1030.9036865234375,1035.5277581027726,1023.1529262908601,1034.911258232146,2019683
2023-06-22,1024.694091796875,1030.9034936747626,1020.6865208378532,1030.6393255724308,972005
2023-06-23,1026.2354736328125,1030.9916822721086,1013.7724802824208,1023.3729535972627,1699790
2023-06-26,1028.305419921875,1035.7479300615873,1024.3860118632654,1028.085226041806,1190307
2023-06-27,1030.5072021484375,1034.4266096115366,1021.8755603546006,1027.8648759890825,1504039
2023-06-28,1030.727294921875,1033.986120525575,1027.4243875465645,1033.5457328755335,1424076
2023-06-30,1046.31689453125,1051.6456276949339,1026.1031459502497,1030.815271941226,3036648
2023-07-03,1040.7242431640625,1052.5266556173885,1034.470759014747,1048.1227783972322,1749952
2023-07-04,1048.651123046875,1050.7650054160629,1038.0378444593343,1041.076476447432,1094468
2023-07-05,1052.3507080078125,1059.220693035051,1046.0090593097264,1051.6460445358416,1653610
2023-07-06,1039.8875732421875,1055.1690060417384,1034.8670885866582,1052.3505675630995,2334220
2023-07-07,1019.5856323242188,1041.9132683230957,1016.2387501474211,1037.6856107024248,2159585
2023-07-10,990.4317016601562,1023.372715286258,986.4682133031348,1021.6992209211039,3960400
2023-07-11,981.9765014648438,996.8175452475299,979.4222313366496,996.8175452475299,4982603
2023-07-12,978.1451416015625,990.4319151501721,971.0107750078914,986.2041503181097,3824027
2023-07-13,976.603759765625,990.3438338444278,957.4468957328792,968.8528936101346,12294227
2023-07-14,1013.7283325195312,1019.1451223528982,979.0258702068172,981.3598388398879,6605038
2023-07-17,1016.1947021484375,1032.2688545334506,1007.2988913729157,1014.6092632901501,3159479
2023-07-18,1028.041015625,1030.5072297798029,1009.720951605499,1020.7746184919372,2431478
2023-07-19,1029.670654296875,1034.8231695336958,1019.0572663811032,1026.1034704701688,2242397
2023-07-20,1026.783447265625,1033.0020697151974,1019.8540817298623,1030.5145773577005,1990001
2023-07-21,990.9373168945312,1012.6581390175086,972.7701013026598,986.0957191287235,5259150
2023-07-24,988.6719360351562,1001.8198126816042,986.9840029102071,994.9793728707758,2672505
2023-07-25,987.4727783203125,994.091125366222,981.7426973837435,993.646938089472,2506726
2023-07-26,990.5376586914062,995.7346283060219,986.1846015518222,986.2734173211683,1969964
2023-07-27,992.6253051757812,997.3780874415967,985.1629370908664,990.5376466228523,1769815
2023-07-28,980.3659057617188,993.6470636369529,974.9467335453294,989.6938397520522,2031899
2023-07-31,992.0478515625,994.5353437678112,973.6585411072095,984.319036082836,2526624
2023-08-01,1011.41455078125,1014.5238620923913,987.7838065054106,994.9796195652174,2710536
2023-08-02,1004.6629028320312,1010.0819664513355,996.3121595208204,1010.0819664513355,2701150
2023-08-03,999.8656005859375,1008.7938085890038,990.5821295023652,1000.3097878807336,1608187
2023-08-04,1016.6113891601562,1023.7183855221014,1000.3097379437762,1004.2629612924449,3315303
2023-08-07,1022.3416137695312,1026.7390250090323,1015.5455258541605,1025.6730187825392,1655404
2023-08-08,1013.9462890625,1027.760556939383,1010.0818813898144,1025.9838078076507,1667697
2023-08-09,1016.433837890625,1018.0773092402685,999.4214423170174,1013.5909740548675,1559337
2023-08-10,1007.6834716796875,1017.0114060860801,1002.6641329055072,1012.7471641226294,1676669
2023-08-11,1040.686279296875,1054.45608424071,1025.4507431627296,1030.514434506349,7391806
2023-08-14,1040.28662109375,1045.616868511822,1025.1842534092123,1039.9757116831947,1720940
2023-08-16,1045.750244140625,1053.8344317915614,1039.4871594612657,1044.5064979379797,2567226
2023-08-17,1045.35009765625,1049.1256888004618,1034.0233242236143,1045.4833755031088,2331256
2023-08-18,1042.6851806640625,1046.371956787395,1029.315208564479,1042.0633618479555,3406088
2023-08-21,1047.61572265625,1056.1885590354643,1038.465421111649,1042.0189194289055,1661946
2023-08-22,1047.8377685546875,1054.5005775959423,1044.8617355384251,1050.0587049017724,1805887
2023-08-23,1050.5030517578125,1061.6077351801994,1047.082830952552,1059.7865237212584,2347850
2023-08-24,1040.5086669921875,1056.2773148804363,1038.5098243021278,1056.232852776328,2464221
2023-08-25,1025.1396484375,1040.1088446057772,1021.63061275396,1034.9562294420552,2105159
2023-08-28,1018.47705078125,1030.2480146240741,1012.1252589346082,1026.0726972424002,2571967
2023-08-29,1028.337890625,1033.4460437256628,1020.120426941325,1025.0953021853152,1794652
2023-08-30,1039.8424072265625,1043.9733705587976,1031.9803141747234,1035.8447217652044,1497356
2023-08-31,1041.30810546875,1055.4776341904737,1035.7557653044157,1047.8376358131784,4483967
2023-09-01,1053.434814453125,1055.3891955115846,1040.375640654275,1042.0635743561352,1669640
2023-09-04,1094.9217529296875,1097.1426895482061,1052.7239571778334,1053.6123318252407,4517935
2023-09-05,1097.6312255859375,1103.0946423477324,1088.4364621798425,1098.6972316750293,2842400
2023-09-06,1097.897705078125,1103.716601965782,1086.2155576402247,1101.4512034048375,1767709
2023-09-07,1114.021728515625,1116.6868522680547,1092.9672942490954,1099.8077351693332,2582004
2023-09-08,1121.17333984375,1127.8361501313736,1114.288435879872,1118.4637536157784,2280777
2023-09-11,1138.4964599609375,1140.9394899992535,1128.591061934933,1134.054587163999,2691836
2023-09-12,1139.25146484375,1147.557744615851,1124.237914311097,1141.5612168232,2140769
2023-09-13,1132.899658203125,1139.2515579991143,1124.7710092862524,1138.8961864861055,2275523
2023-09-14,1140.317626953125,1146.625064991121,1133.2106300778246,1137.8745967772404,2655172
2023-09-15,1158.9732666015625,1163.7705102410034,1146.935858069755,1149.5565192762276,4286280
2023-09-18,1159.3287353515625,1164.925538141266,1145.7365619732275,1156.6636118220188,2761885
2023-09-20,1149.023681640625,1158.4404303209662,1138.4520026505509,1138.4520026505509,2220756
2023-09-21,1135.3427734375,1141.5613958272204,1118.7302112883433,1140.6730212001173,3112700
2023-09-22,1131.5225830078125,1140.317512446676,1123.8825838228781,1130.412114857556,1321467
2023-09-25,1122.4168701171875,1137.1195134539662,1116.3315256598025,1128.2357672551072,1246703
2023-09-26,1120.6402587890625,1127.303069258166,1116.7758504058188,1122.90565772623,903152
2023-09-27,1120.3292236328125,1126.1481208340124,1113.3999665888475,1118.0194712848242,1670373
2023-09-28,1103.272216796875,1124.682018686518,1100.2961841708538,1120.3289623282076,1807072
2023-09-29,1096.96484375,1110.2015366557978,1090.2575730943913,1097.2312910256803,2338327
2023-10-03,1100.4296875,1116.4204319545072,1086.215692429327,1094.9218077877847,2162636
2023-10-04,1101.1846923828125,1105.848658666768,1088.258799589616,1096.2541703621114,2253785
2023-10-05,1097.5423583984375,1113.9772885314724,1090.7463794501093,1109.5798776302995,2995200
2023-10-06,1099.541015625,1115.7983114707438,1092.7893914800893,1112.244813663512,2497711
2023-10-09,1110.11279296875,1125.2596221097863,1093.7223262388322,1098.0309210281455,3430211
2023-10-10,1120.9510498046875,1123.5717113477401,1108.869069177584,1115.3987088709666,1532394
2023-10-11,1106.559326171875,1132.188910444653,1102.472824899757,1124.6821888179632,2186131
2023-10-12,1087.1483154296875,1109.180046834035,1079.508316270555,1106.026273920295,3921609
2023-10-13,1115.7095947265625,1125.126343062574,1073.6450823893276,1075.8215566117467,5740821
2023-10-16,1128.8131103515625,1136.4975716712383,1119.618455719094,1122.0170235556839,2527113
2023-10-17,1134.587646484375,1136.2311178119235,1129.1241209843274,1136.1423020404116,1687345
2023-10-18,1127.7470703125,1138.4520274086783,1125.9259674849768,1135.342716370106,1743126
2023-10-19,1125.881591796875,1132.4555859004283,1123.705117280481,1125.393050805527,2279726
2023-10-20,1128.7962646484375,1131.2626477630074,1117.002447131701,1122.8769670696267,1625449
2023-10-23,1109.1099853515625,1130.500229600567,1105.2086379508016,1119.2893982875905,1646367
2023-10-25,1102.2490234375,1123.6841565298782,1098.9306608939967,1104.2220861151318,1420065
2023-10-26,1104.76025390625,1110.5001122095377,1087.0471396427736,1089.692852158171,4617424
2023-10-27,1137.8544921875,1139.0204624374228,1106.2399478560676,1109.423867744167,2675348
2023-10-30,1134.31201171875,1143.3255646771229,1126.4644291114844,1139.0205612831094,1158770
2023-10-31,1144.4017333984375,1147.8546477668453,1127.0921649551924,1140.8142671495395,2525870
2023-11-01,1129.1102294921875,1153.3256291336995,1125.8367537919505,1147.9893163383501,1572719
2023-11-02,1142.0697021484375,1143.5046665004425,1134.5360024494585,1135.432868854557,1368604
2023-11-03,1135.657470703125,1154.5365587270742,1132.7426538977666,1150.3212195046915,2052536
2023-11-06,1138.75146484375,1147.5408012127618,1134.6707875501827,1144.6259847970202,1175823
2023-11-07,1142.5634765625,1145.9267272405727,1136.419960553384,1138.1240294597708,1385282
2023-11-08,1136.9130859375,1148.706904853455,1135.343569223839,1147.9893677063194,937671
2023-11-09,1136.7783203125,1144.2223562614922,1131.6662249128728,1136.9128721873906,1483749
2023-11-10,1125.9710693359375,1139.91738801705,1121.6661755732005,1132.1146928040525,1469902
2023-11-13,1130.9488525390625,1133.2806839471082,1124.0430230843133,1130.0519858835994,730991
2023-11-15,1144.9847412109375,1150.6798220975706,1137.5855919262103,1143.5048894578354,2410620
2023-11-16,1175.8369140625,1182.0252055670535,1146.19543129957,1151.3973009929277,3936945
2023-11-17,1174.133056640625,1189.021021893958,1171.6666732273054,1177.9447400975735,2882039
2023-11-20,1188.7069091796875,1194.357102575186,1178.4826089411206,1179.334588344011,2831858
2023-11-21,1189.783203125,1198.2137710148243,1185.4783091571305,1197.8550024806386,1514256
2023-11-22,1192.5635986328125,1197.9896859211622,1184.222804071194,1189.7833337789398,1535630
2023-11-23,1191.9359130859375,1197.5413302844229,1188.9762090128154,1196.375359714816,1307344
2023-11-24,1174.133056640625,1195.2094239908101,1170.994023205491,1191.8461738817382,1795933
2023-11-28,1180.859375,1183.7741913122984,1161.7112958907508,1174.1328758177733,2152951
2023-11-29,1196.375,1200.7248900227842,1185.2090560902102,1187.4512222954509,1835524
2023-11-30,1202.6083984375,1207.8999330651009,1192.5634272249329,1199.1105969392024,4104385
2023-12-01,1198.8414306640625,1209.8729326263538,1191.0387357507768,1207.1823330727,1854324
2023-12-04,1199.9627685546875,1210.7700561818153,1193.7295887244416,1210.7700561818153,1547057
2023-12-05,1181.6663818359375,1208.079053808032,1173.37036754661,1208.079053808032,3932040
2023-12-06,1192.4290771484375,1201.7564025583551,1183.4604108075243,1188.3482901710058,2077245
2023-12-07,1191.0389404296875,1199.1107404777804,1188.6622218527014,1193.7295404457184,1985003
2023-12-08,1223.4156494140625,1228.662296880244,1191.935655136193,1195.5231213668512,4509751
2023-12-11,1233.460693359375,1240.3665224687297,1225.1646772112654,1228.796921295749,2824656
2023-12-12,1233.460693359375,1243.9539889111556,1228.7072565308458,1234.985322805091,2730422
2023-12-13,1227.9896240234375,1240.1870965644544,1217.0927831359884,1237.092841309843,1896931
2023-12-14,1268.707275390625,1272.8777263355444,1239.4694506223161,1247.5412487812168,5145574
2023-12-15,1337.497314453125,1342.6094107015545,1275.3444101654043,1275.3444101654043,7374290
2023-12-18,1349.1563720703125,1354.1788027689563,1328.2593380174965,1336.1965849541934,3075527
2023-12-19,1334.806640625,1349.470388034906,1325.2997668235937,1346.6452362724422,2590417
2023-12-20,1291.443115234375,1348.0354895890957,1287.0036690185798,1331.8470024338615,4368383
2023-12-21,1275.38916015625,1297.8108245907624,1273.640204641888,1274.581958340451,2841508
2023-12-22,1311.8468017578125,1316.0172535656466,1276.2412396375428,1283.4161728189206,2303438
2023-12-26,1307.76611328125,1316.0172425786313,1293.4162470382973,1311.846790805615,1363265
2023-12-27,1320.2325439453125,1323.775123281019,1307.2279780323215,1314.3131367037345,1402329
2023-12-28,1320.5911865234375,1329.784069209258,1317.0037201094588,1318.9320052031296,1928616
2023-12-29,1314.896240234375,1329.0218906869745,1307.228095677157,1321.9366218971302,1481617
2024-01-01,1330.7259521484375,1341.4883524354004,1304.9859219211032,1309.4253682471567,1222315
2024-01-02,1317.9903564453125,1335.2550385034733,1310.6359846333644,1330.9949221514596,1440888
2024-01-03,1289.4698486328125,1313.9094614829214,1287.4518989479411,1309.425128849874,1651716
2024-01-04,1273.5057373046875,1295.792960816825,1270.994576409781,1288.797357256519,3392241
2024-01-05,1285.0306396484375,1290.456617444695,1275.2547708128366,1278.035035660922,1776925
2024-01-08,1298.5731201171875,1302.7883491763416,1283.0125071254822,1287.003519543601,2025264
2024-01-09,1309.7838134765625,1328.2143537296079,1302.563994607411,1309.963142978089,3119270
2024-01-10,1338.2147216796875,1352.4749234718693,1314.851410871849,1322.7886589178165,4368914
2024-01-11,1331.66748046875,1345.2998080648288,1321.9812780583718,1345.2998080648288,2271368
2024-01-12,1381.8922119140625,1394.627674863261,1343.954707898776,1349.7843412663717,5862043
2024-01-15,1424.4033203125,1452.5649500873167,1413.0131596443312,1443.9550536511415,9712071
2024-01-16,1395.0311279296875,1423.3273133323592,1379.3808493416311,1423.3273133323592,4459799
2024-01-17,1413.3721923828125,1421.5336570983857,1360.1431779705867,1363.2373241574426,3846289
2024-01-18,1405.88330078125,1420.8160422794983,1378.5288691279295,1414.3586464684065,3205598
2024-01-19,1417.0902099609375,1437.0187212633186,1408.142823164304,1418.9430140776165,2374099
2024-01-23,1377.0526123046875,1417.045115253595,1371.0876508790757,1408.9110468572069,3196630
2024-01-24,1424.7274169921875,1429.0655209921235,1377.0978571959367,1382.8821061878912,2136023
2024-01-25,1401.0931396484375,1418.9428990472807,1388.892038287203,1418.9428990472807,2641656
2024-01-29,1423.0552978515625,1435.7534160993832,1401.0932692398637,1414.4241034416298,2521598
2024-01-30,1409.272705078125,1439.2331046716236,1405.3863834888107,1427.9810198793061,1939386
2024-01-31,1424.365966796875,1429.1560741402398,1397.5687043031648,1409.2727928778468,7025931
2024-02-01,1425.6309814453125,1443.345151597721,1415.644109559907,1424.3656599361354,2845408
2024-02-02,1431.3699951171875,1458.6191444768338,1423.461873597203,1432.3190138297282,2337374
2024-02-05,1405.7025146484375,1435.6630209080977,1402.1777297369435,1432.4545388023646,1452864
2024-02-06,1467.521484375,1470.4587868071592,1408.1428301073386,1415.3278796189375,4988311
2024-02-07,1459.9296875,1473.0798088729546,1445.1075852437198,1471.3625945906078,3320199
2024-02-08,1476.6044921875,1489.1670198092065,1461.6920344858556,1469.5549225983984,3496692
2024-02-09,1473.7122802734375,1488.3084348558434,1459.2969489452819,1482.2078841133039,3341297
2024-02-12,1506.5648193359375,1522.8781876723006,1481.304065041484,1481.304065041484,4885445
2024-02-13,1505.3448486328125,1513.8404529412562,1489.9804977671402,1513.8404529412562,3129897
2024-02-14,1510.6771240234375,1515.5575866925922,1469.0577669640234,1491.0197938125432,1386643
2024-02-15,1502.58837890625,1533.2718474317546,1491.3361850950448,1516.5518184441405,2555162
2024-02-16,1507.0167236328125,1515.6479172019986,1491.2909479936814,1513.8403466388477,1776881
2024-02-19,1514.0662841796875,1521.0253866773241,1499.9672559339365,1509.3214114789305,762624
2024-02-20,1503.040283203125,1511.8069570423788,1486.7269133670382,1501.187479089757,2240414
2024-02-21,1478.8638916015625,1504.6217719737042,1475.0228041776465,1496.261758168711,2890991
2024-02-22,1524.1434326171875,1528.6623587632741,1481.3039906872166,1485.8229168333032,3820901
2024-02-23,1505.480224609375,1534.0398153899653,1503.4014744809776,1533.7235126292119,2191549
2024-02-26,1491.0650634765625,1508.282107608994,1481.756030560344,1505.4803951850522,1844253
2024-02-27,1499.1990966796875,1512.3943399674158,1489.438171329667,1490.341956627804,2049420
2024-02-28,1492.9630126953125,1511.1290758119515,1486.0037994404374,1504.5313987551174,936575
2024-02-29,1503.7633056640625,1516.325944705086,1479.18038707868,1484.151206745423,3532888
2024-03-01,1485.913330078125,1517.6361707709323,1481.394403759339,1514.246976031843,2371138
2024-03-04,1480.355224609375,1494.8610241430856,1477.6891018584915,1490.3420972260872,1788071
2024-03-05,1463.5447998046875,1473.1249025500758,1452.428306078332,1467.7474237913298,3339546
2024-03-06,1486.0037841796875,1491.245783184053,1449.536068455985,1457.8057262278044,2366177
2024-03-07,1480.083984375,1495.3579776567758,1473.2603613876922,1491.245710506753,3181239
2024-03-11,1480.9879150390625,1500.102997633473,1475.02295367654,1495.7647837378047,2970902
2024-03-12,1478.231201171875,1504.802510815306,1475.9266148730453,1478.5023808895505,2414182
2024-03-13,1474.5257568359375,1492.3755169937738,1455.4106751588035,1481.078200438181,2564135
2024-03-14,1517.681396484375,1521.0705912063142,1455.0942672858978,1476.7851135063086,3513306
2024-03-15,1488.8056640625,1515.648045059528,1484.7837530249965,1515.648045059528,3931561
2024-03-18,1485.2808837890625,1503.2662345314548,1477.0112256738657,1491.1554886334131,1183544
2024-03-19,1445.2882080078125,1483.608724763169,1440.72404835442,1483.608724763169,1915379
2024-03-20,1434.397705078125,1463.3188362409896,1426.2636369385693,1450.3495385502144,1815178
2024-03-21,1442.260498046875,1464.0868228471895,1431.0083058639111,1453.2866335995197,2684744
2024-03-22,1407.9617919921875,1420.253248998389,1363.088833464723,1409.904952292788,7468824
2024-03-26,1411.9385986328125,1439.3233376188189,1405.883281194166,1411.9385986328125,4496344
2024-03-27,1397.4327392578125,1425.1337798268542,1391.8293147183076,1418.039087527938,2589697
2024-03-28,1395.037841796875,1410.8540845225189,1383.6952921692,1399.9634275441483,5301493
2024-04-01,1406.9224853515625,1418.0390883001166,1399.0595976345319,1399.9633829043216,1014857
2024-04-02,1381.2552490234375,1414.4241285467524,1378.3630695941297,1409.001416232835,2031775
2024-04-03,1388.0787353515625,1408.504262602905,1371.946188598139,1378.5889889877415,3343884
2024-04-04,1391.51318359375,1403.12680367179,1372.5788136710444,1392.5525588467278,3388449
2024-04-05,1396.5743408203125,1398.7885708432234,1377.1881887941101,1394.0436976581036,2773570
2024-04-08,1391.8743896484375,1404.4821485896184,1389.7052831840037,1404.4821485896184,1820136
2024-04-09,1392.2811279296875,1411.531797197704,1386.9036500142674,1391.8292353208171,2432095
2024-04-10,1391.06103515625,1402.8102429463843,1388.394802577898,1392.7782491291075,1829986
2024-04-12,1375.1092529296875,1394.49540234233,1370.3191469917751,1389.117924254308,4319991
2024-04-15,1360.2420654296875,1383.2433564326482,1350.2551940610103,1362.0947590389117,3295684
2024-04-16,1335.1619873046875,1357.1239025750863,1326.1241348497051,1343.341177581238,2446933
2024-04-18,1325.7176513671875,1338.4158809366945,1312.386816119462,1334.9363290557524,5180223
2024-04-19,1308.229248046875,1315.4595305922116,1296.9319315697862,1303.258428796956,5219506
2024-04-22,1324.85888671875,1331.546919970421,1310.940571103187,1312.476961975373,1939632
2024-04-23,1343.6124267578125,1356.9883828875948,1329.558521333505,1332.9929495741178,2783858
2024-04-24,1336.924560546875,1352.9215180876288,1334.2584377318715,1346.640253652083,1321471
2024-04-25,1359.4287109375,1369.2799929890816,1337.5570400015936,1337.5570400015936,4558032
2024-04-26,1332.0440673828125,1384.1020834845804,1324.0003553926547,1370.9068389309748,4328477
2024-04-29,1253.91162109375,1297.835560188256,1248.127373690795,1278.8560707983163,11493223
2024-04-30,1235.113037109375,1263.4015626914145,1231.3623058422147,1243.970177668547,7606726
2024-05-02,1229.7806396484375,1245.3258133331726,1227.3404634168528,1227.3404634168528,6555505
2024-05-03,1218.347900390625,1238.1859449403644,1205.2430126522052,1238.1859449403644,5964228
2024-05-06,1228.0635986328125,1233.6670237681346,1218.7545652390693,1227.3405262103495,2504082
2024-05-07,1219.041748046875,1235.482553085005,1214.6454060956328,1234.6123633795928,5096525
2024-05-08,1203.1964111328125,1221.8353310403895,1197.3803507713865,1219.0417347738219,6832455
2024-05-09,1209.0582275390625,1226.414837916191,1203.9748352806816,1204.432794518141,5653762
2024-05-10,1205.5316162109375,1211.668335876665,1193.9910680451292,1209.1037199258485,3357203
2024-05-13,1202.509521484375,1210.7527886731234,1192.2054374984396,1205.531985703036,2316566
2024-05-14,1209.97412109375,1215.3779505393115,1198.6624387163117,1210.844198904421,3200462
2024-05-15,1220.82763671875,1227.6054551234367,1207.4094100283019,1208.3253284125449,2975965
2024-05-16,1234.79541015625,1243.6340450548837,1216.797591281093,1231.9102448423562,5055915
2024-05-17,1221.1024169921875,1237.4058099134795,1218.3546616777978,1237.4058099134795,2487831
2024-05-21,1229.0709228515625,1236.3524294062015,1203.5167771400397,1203.5167771400397,4966721
2024-05-22,1230.124267578125,1239.1460415722408,1227.3306716998115,1235.5280967620936,2390777
2024-05-23,1239.741455078125,1244.2293660102998,1225.498878545838,1233.4215954507913,3326149
2024-05-24,1232.0933837890625,1245.649020796782,1228.109161120597,1245.649020796782,1769966
2024-05-27,1239.512451171875,1245.2826701743359,1225.498854525351,1237.4057940685718,1942325
2024-05-28,1244.1834716796875,1248.6714938213488,1232.459672428789,1243.679671879724,2147233
2024-05-29,1239.329345703125,1251.694245909222,1233.6964243590553,1251.1447171502432,3845920
2024-05-30,1219.8660888671875,1237.9097512442297,1213.683638703286,1232.8263586091034,4150461
2024-05-31,1212.767578125,1228.1550525644968,1205.119681549608,1219.8659460003635,10319045
2024-06-03,1203.928955078125,1240.8405131271677,1199.7157525932184,1236.9937003814814,5384064
2024-06-04,1193.9453125,1213.5917147827795,1131.1590700050813,1213.5917147827795,5447244
2024-06-05,1230.7196044921875,1242.8097953906279,1205.4402770593817,1209.0123814567949,3005139
2024-06-06,1279.99609375,1282.1027510061247,1237.314314344744,1240.1536393112701,5936709
2024-06-07,1311.1373291015625,1317.686168719631,1280.4540594369435,1288.6973259140052,5884025
2024-06-10,1299.459228515625,1320.7543312912996,1279.9959625378578,1318.9224944933922,3293739
2024-06-11,1308.6644287109375,1317.0449937404987,1296.3910981571455,1305.1838936054057,2269082
2024-06-12,1317.7777099609375,1348.2319993483927,1313.8850564302102,1348.2319993483927,5990861
2024-06-13,1322.7235107421875,1335.1341373311147,1316.2662416363514,1326.0207944489473,4232861
2024-06-14,1310.7252197265625,1324.4181566372622,1304.6343393143457,1322.7237297663416,3065114
2024-06-18,1316.35791015625,1318.6935468527652,1307.0614276267213,1310.725101311327,2223029
2024-06-19,1324.28076171875,1329.8221134535993,1310.0382959033311,1318.9685014189658,3117522
2024-06-20,1322.08251953125,1327.1200713019355,1309.3513417741383,1327.1200713019355,3163919
2024-06-21,1326.1126708984375,1357.3454715783137,1318.18995295632,1339.0729409439693,6489262
2024-06-24,1319.7010498046875,1322.5403745813471,1306.6492121544356,1316.9532945098977,1988692
2024-06-25,1326.203857421875,1328.173104127656,1306.5116139769318,1319.7924293235214,2079037
2024-06-26,1322.3114013671875,1331.1043077981906,1317.2738499690483,1326.2040547202953,1917424
2024-06-27,1332.569580078125,1337.7445409239128,1303.8097225994356,1314.3427832316054,6613193
2024-06-28,1336.8746337890625,1345.2094698622516,1320.7544903869627,1344.5683716283365,4943575
2024-07-01,1345.346923828125,1354.277129584565,1332.6614744225772,1341.8206598137976,3723295
2024-07-02,1356.2918701171875,1366.9622289201816,1349.1476626190347,1350.9794992281575,3811366
2024-07-03,1356.4752197265625,1363.8025673010477,1347.4991742252378,1363.8025673010477,2070876
2024-07-04,1394.3485107421875,1405.5227835631545,1360.138977014922,1360.138977014922,6822557
2024-07-05,1391.6463623046875,1400.6681356841148,1378.9609155280154,1394.94364600092,3061687
2024-07-08,1404.46923828125,1410.5142771075657,1379.5561917575637,1399.5232567664677,2939620
2024-07-09,1402.36279296875,1416.2848212524264,1396.775712480121,1404.469450241303,2658608
2024-07-10,1382.9908447265625,1403.736417368338,1362.7490718914355,1402.362539866319,3507096
2024-07-11,1384.7769775390625,1405.0187507392727,1381.2507142482343,1387.6163020664915,3304053
2024-07-12,1429.015869140625,1434.3282406805392,1383.4947685491409,1401.3551776763888,6430647
2024-07-15,1437.6256103515625,1498.8090089638094,1435.6106344370594,1447.151184815436,10337489
2024-07-16,1437.579833984375,1449.8988922948752,1424.2531759434812,1433.4123603546934,3540650
2024-07-18,1460.477783203125,1464.7825551190067,1426.08500129454,1427.0467603725208,4399468
2024-07-19,1460.477783203125,1480.536307456328,1455.02800143865,1475.0866374983025,5633838
2024-07-22,1444.494873046875,1460.4318754221783,1438.8162237414706,1455.0279345503902,2704495
2024-07-23,1475.182861328125,1477.444134585597,1431.5738950426269,1452.709268431197,2907674
2024-07-24,1461.66162109375,1474.8597224994933,1455.3394977572018,1471.1679584882304,2484299
2024-07-25,1465.2613525390625,1471.1681984532993,1442.418558993442,1449.0176107726975,2934731
2024-07-26,1509.33154296875,1513.6232411547635,1471.1679551223738,1479.2898809940486,2814159
2024-07-29,1506.5626220703125,1518.2378475033036,1495.1643239850164,1513.8076859223168,1639491
2024-07-30,1504.62451171875,1507.1625993784505,1493.3184848709939,1503.4708355097953,1783877
2024-07-31,1516.02294921875,1518.2380302759052,1494.4261060729661,1496.0874450317583,1984986
2024-08-01,1514.130859375,1527.9287818654811,1510.0237044440742,1513.6693888881787,1785188
2024-08-02,1485.2890625,1512.7003663550472,1477.7670704823338,1495.2106786917736,1692851
2024-08-05,1442.0029296875,1472.7367950182772,1418.5602075632808,1453.6319628576234,3279717
2024-08-06,1460.784912109375,1481.3203499829708,1442.5568268058462,1442.5568268058462,2138704
2024-08-07,1471.7218017578125,1490.5498220426714,1467.476295385664,1481.3204113798683,1897787
2024-08-08,1437.8037109375,1478.5515813584914,1434.7580730310513,1473.9368760483837,2373805
2024-08-09,1467.43017578125,1478.5516612449876,1454.4167286363677,1462.7693907644402,2021762
2024-08-12,1463.0924072265625,1477.1672592752645,1452.5708559492168,1467.476377536814,1273739
2024-08-13,1469.9219970703125,1484.4583177301981,1456.0778821561357,1456.4008889713941,1973825
2024-08-14,1500.84033203125,1504.1628966609492,1475.0902589896377,1476.797677082042,3932148
2024-08-16,1539.6962890625,1545.003199694665,1506.8856921755498,1509.0085014938934,3101056
2024-08-19,1549.156494140625,1555.1556107399185,1531.2053364589876,1536.6967904344,1631947
2024-08-20,1556.770751953125,1564.4312074180177,1540.5730921274398,1550.5409001222765,2786109
2024-08-21,1548.002685546875,1558.7087778761695,1544.7723922695375,1556.0784187402182,1410370
2024-08-22,1546.9876708984375,1557.0015588061515,1544.0803840442748,1557.0015588061515,1749127
2024-08-23,1533.4202880859375,1556.0323427142498,1529.4517093616355,1546.8953168933588,2158185
2024-08-26,1586.9508056640625,1600.3796418418806,1538.6348684214709,1542.2343607368987,2672708
2024-08-27,1579.7056884765625,1621.4687659614717,1573.7065723737578,1592.857596855788,3556487
2024-08-28,1586.9508056640625,1603.8406704790818,1562.5852541891195,1580.5826031025663,2516461
2024-08-29,1616.8541259765625,1620.6843535589992,1566.461571228936,1581.9208325741029,5112407
2024-08-30,1618.1461181640625,1630.1905418646652,1607.947576246621,1616.8539783831127,4792561
2024-09-02,1667.431396484375,1672.3691083499093,1624.3761758807066,1628.2524830531247,4445349
2024-09-03,1652.479736328125,1677.1223296395513,1649.3418269300632,1666.8315145336933,2553290
2024-09-04,1647.6805419921875,1657.2791516341395,1628.9909853612721,1629.0832569353506,2644961
2024-09-05,1652.572021484375,1659.1709593791074,1631.1136436386073,1653.9102408436872,2878565
2024-09-06,1620.77685546875,1657.3714928940146,1605.9637182996366,1650.21869931477,3351716
2024-09-09,1612.147216796875,1630.190758692684,1606.9787696493154,1622.8533100304692,1418238
2024-09-10,1642.0042724609375,1651.418338040681,1612.516353260748,1614.6390499132683,2307528
2024-09-11,1641.6812744140625,1658.3864836828104,1637.0203773818716,1641.1736118076558,2303930
2024-09-12,1668.30810546875,1674.399493449847,1640.1584053669324,1661.2937765007082,3349489
2024-09-13,1673.1075439453125,1679.7526742946245,1657.2790827509502,1665.9085588471414,1599349
2024-09-16,1672.2305908203125,1683.6750814964284,1668.861833713112,1678.8296413550793,836199
2024-09-17,1673.984375,1687.1362853204687,1667.9390658924779,1672.3230359993008,830317
2024-09-18,1621.14599609375,1668.769732968033,1606.0097399510246,1668.769732968033,2629136
2024-09-19,1602.6868896484375,1639.14305558055,1588.8427760033314,1639.14305558055,4167373
2024-09-20,1624.42236328125,1630.0060887714128,1588.7506708533147,1613.3008790893257,4644317
2024-09-23,1617.7310791015625,1628.06797355069,1598.9953311658564,1628.06797355069,1541597
2024-09-24,1638.7740478515625,1646.0653044212677,1604.394494955744,1615.1467803404646,1907389
2024-09-25,1645.0501708984375,1646.5730461829755,1619.7615632752456,1641.7276056090752,2240579
2024-09-26,1646.38818359375,1669.0464288780813,1641.8196709776237,1644.9115006132429,4303250
2024-09-27,1669.0465087890625,1687.6437922696366,1658.1096805906925,1670.5231918402706,4099016
2024-09-30,1657.6944580078125,1680.3987861355565,1651.2800625411662,1668.6774794372927,2117894
2024-10-01,1676.5223388671875,1682.0137927922178,1652.0644021867688,1652.0644021867688,1642542
2024-10-03,1641.496826171875,1669.8772630553035,1633.6056352412463,1640.9891635361219,3552386
2024-10-04,1639.697021484375,1668.585120967133,1631.0675453333595,1640.9891614670892,2982759
2024-10-07,1640.0198974609375,1665.1700386769787,1631.6673493525404,1647.4034251573898,3419048
2024-10-08,1651.5567626953125,1655.756189400576,1608.686197394205,1637.2973690059207,2353030
2024-10-09,1670.2462158203125,1684.3672576209124,1652.2027875903145,1654.8793389159846,2499596
2024-10-10,1669.27734375,1698.1653308633595,1658.5250580418628,1679.7527020791267,3753869
2024-10-11,1697.8885498046875,1710.0252473210535,1661.893848332339,1664.9856783619666,2977110
2024-10-14,1712.8861083984375,1721.7463188654901,1691.1969963677009,1703.7951626970155,1751092
2024-10-15,1725.9920654296875,1737.6672924502764,1688.9359590876895,1688.982151206483,5696544
2024-10-16,1721.515869140625,1739.7439556789054,1711.1789739919946,1724.9768982301719,2144442
2024-10-17,1723.8692626953125,1732.406467033612,1708.779087058279,1725.8074162826192,2399099
2024-10-18,1714.5474853515625,1729.4991974525303,1700.9802974423255,1723.1308818908421,2366406
2024-10-21,1701.5338134765625,1742.9738822431991,1698.2112487834188,1730.7911074804435,1284980
2024-10-22,1693.3126220703125,1720.4855169794096,1690.2934115248572,1699.8620318450353,2089660
2024-10-23,1714.67919921875,1732.5622140284268,1666.1395875924845,1666.1395875924845,2522186
2024-10-24,1713.8896484375,1730.6578105145184,1707.2008681055163,1713.982524538951,1621637
2024-10-25,1720.8104248046875,1738.647057529407,1709.523201035466,1727.9172037261842,4078295
2024-10-28,1738.8328857421875,1743.5243194149257,1714.0753386034114,1714.0753386034114,2418907
2024-10-29,1738.8328857421875,1742.6882077284597,1719.7421414088356,1738.8328857421875,1719955
2024-10-30,1708.2227783203125,1736.696163107448,1704.9713210844202,1728.8462617129542,1732047
2024-10-31,1640.638916015625,1712.960592086984,1631.8135320960184,1709.3375170606746,3616088
2024-11-01,1632.6031494140625,1654.8059800658266,1626.6576049338244,1650.8112872458057,242223
2024-11-04,1637.7589111328125,1655.5490492542572,1621.083626354254,1637.8054058811172,2843690
2024-11-05,1647.6063232421875,1656.7103354487508,1636.4119751279552,1643.3793834807566,1818350
2024-11-06,1707.85107421875,1721.4142724655287,1656.3851310340192,1663.909909005015,3477029
2024-11-07,1701.8592529296875,1730.286371969445,1685.3697185293736,1718.67402380021,2173869
2024-11-08,1707.0150146484375,1722.4826835839845,1698.236125648119,1708.362001544164,1521324
2024-11-11,1734.698974609375,1740.9231475456304,1703.7636353248058,1715.561735094185,1679869
2024-11-12,1739.854736328125,1758.5273679746251,1732.0512163171288,1756.7158871693173,2711052
2024-11-13,1732.330078125,1746.1255248963857,1727.0812741380737,1733.4913129273361,1254074
2024-11-14,1726.9417724609375,1762.2898025270745,1715.236549220459,1739.0651082396855,2462563
2024-11-18,1704.6925048828125,1732.6086318630128,1686.1127500612015,1726.9417159209622,2483933
2024-11-19,1691.2686767578125,1732.5621364728022,1688.2494666004202,1706.5504797321917,2354204
2024-11-21,1705.946533203125,1708.9193618719978,1690.943359229425,1704.692422493643,1841245
2024-11-22,1763.59033203125,1766.9346651840413,1706.0859687752322,1715.236475249475,2765950
2024-11-25,1757.3660888671875,1783.6099929174802,1745.1034958752145,1782.7274999119172,6531524
2024-11-26,1764.65869140625,1778.9650117553617,1754.9971963145915,1755.879689299125,2079873
2024-11-27,1756.762451171875,1780.8696395864515,1753.0928812651694,1762.0576363513833,1631975
2024-11-28,1710.173828125,1765.5414836479563,1704.6927768976584,1751.235047472098,3631255
2024-11-29,1716.8160400390625,1739.3439953816937,1703.7172206441455,1711.1956181907847,2482280
2024-12-02,1738.6005859375,1745.1499949802283,1705.11053196173,1716.815868412719,2014744
2024-12-03,1756.4837646484375,1761.6396925392785,1739.1117373401646,1750.213096706416,2954648
2024-12-04,1762.8935546875,1775.2955179646597,1744.2673056976816,1748.3548743116116,3730643
2024-12-05,1787.37255859375,1800.4712641234519,1750.2130459410732,1751.1420337573902,3881814
2024-12-06,1786.164794921875,1801.6324644481897,1779.290375934029,1789.2305000178403,2250408
2024-12-09,1774.27392578125,1789.277102310028,1766.0059111968048,1779.0117411582753,1379520
2024-12-10,1798.845458984375,1804.8374981860254,1776.4103814935652,1780.3585795450927,2695207
2024-12-11,1793.7825927734375,1797.4056679284859,1779.9406516641586,1789.4627767578736,1387117
2024-12-12,1798.7060546875,1810.5971433705201,1785.0499799827883,1788.2549423925188,2306173
2024-12-13,1828.9912109375,1834.750889889332,1776.5497820182993,1801.307329364767,2569918
2024-12-16,1815.6136474609375,1839.395710737584,1811.7583256898854,1830.8954503030534,1371189
2024-12-17,1812.08349609375,1823.7887191513905,1800.3782730361095,1807.159929022827,1987909
2024-12-18,1821.1409912109375,1831.9172257097202,1808.50678133644,1810.5970036341191,3460812
2024-12-19,1796.8946533203125,1807.9960121768104,1774.3666991556402,1774.3666991556402,1916115
2024-12-20,1775.6207275390625,1818.6329060701487,1761.7324059257794,1815.799448049168,3786921
2024-12-23,1767.8638916015625,1801.6790722715764,1764.2873110330252,1782.263203382868,2058339
2024-12-24,1762.2432861328125,1787.047327368182,1755.0901257408873,1773.06601621817,1310301
2024-12-26,1765.7734375,1773.3447102214668,1752.3496100884684,1770.2790053348926,1065107
2024-12-27,1757.6448974609375,1767.7708870452802,1749.0052656591977,1765.0767997757828,1328546
2024-12-30,1791.970947265625,1829.1304587641368,1733.1660883603279,1753.9289427297554,6262203
2024-12-31,1781.2412109375,1790.902706632299,1745.1500579822189,1779.1973697587334,1968650
2025-01-01,1776.17822265625,1799.4029182290549,1772.4158900145558,1781.2412743322218,880695
2025-01-02,1832.149658203125,1835.9585988305873,1774.4131582763305,1776.1781443405744,3487645
2025-01-03,1808.4141845703125,1850.6366361442604,1803.1653806428399,1839.395906065339,2853344
2025-01-06,1814.3597412109375,1833.2646210218284,1792.9465261979428,1812.6875177428683,1789037
2025-01-07,1779.84765625,1840.3247362082816,1773.34474198778,1820.8159934216214,2494547
2025-01-08,1795.03662109375,1800.8427946643728,1760.0138274764843,1770.9294337892552,2372138
2025-01-09,1797.405517578125,1806.3701585120818,1783.656453719971,1789.9736156876252,2742139
2025-01-10,1853.4234619140625,1860.1586231908454,1797.823567019882,1798.520307841618,4802079
2025-01-13,1848.12841796875,1869.3092725236954,1825.8327099729115,1853.2378510511296,5694121
2025-01-14,1684.765869140625,1801.307343226937,1670.0878165478216,1798.613255928026,15819311
2025-01-15,1696.0528564453125,1712.63537817802,1683.8367584946177,1705.621475442785,3350594
2025-01-16,1664.978515625,1707.4332160665028,1658.5220952674524,1702.834771455224,5362008
2025-01-17,1678.7261962890625,1682.6674830905263,1642.2688924424344,1663.8054141652738,2424374
2025-01-20,1685.57666015625,1688.2042612476018,1654.0460198216224,1679.8523662275752,3401004
2025-01-21,1691.394775390625,1708.6146224912652,1681.0722375093103,1681.0722375093103,4005357
2025-01-22,1715.1365966796875,1718.6556437932056,1692.9432311922842,1696.8375516893925,3009261
2025-01-23,1695.71142578125,1716.3095348003362,1693.0838249010083,1705.1425174400829,3750930
2025-01-24,1682.4329833984375,1716.7320092682198,1680.7907613714744,1689.1426563047783,3171259
2025-01-27,1606.515380859375,1670.1398000141753,1602.1518539761182,1665.68234023046,4174844
2025-01-28,1588.967041015625,1623.922908299152,1586.8556127904455,1606.5153097773027,5079829
2025-01-29,1613.131103515625,1617.9169844026792,1591.547615801338,1591.547615801338,3733620
2025-01-30,1607.594482421875,1626.2219482341068,1593.2836913376896,1615.9463768503208,2543744
2025-01-31,1619.183837890625,1631.1485975285875,1603.793964194231,1603.793964194231,2033832
2025-02-01,1589.6707763671875,1625.2834849518933,1584.0403013623452,1619.6999763930141,569018
2025-02-03,1587.7940673828125,1595.864392568976,1559.1724840168695,1562.4569280096825,2659929
2025-02-04,1625.8466796875,1628.9903387622348,1587.8409721052678,1590.7030615992098,3647768
2025-02-05,1607.3599853515625,1639.2191615824402,1604.685532374735,1623.4537842153752,2681942
2025-02-06,1617.35400390625,1621.999100133098,1607.359887499065,1617.6824253830039,2057798
2025-02-07,1619.37158203125,1624.3920660841331,1595.9112691184232,1617.0255507399675,2428098
2025-02-10,1627.06640625,1632.8376657376364,1606.6559354282797,1617.7761000689636,1823071
2025-02-11,1617.0723876953125,1641.2834762186028,1609.3774509519176,1635.4653644908951,1702553
2025-02-12,1611.535888671875,1635.0900203386902,1594.503678288202,1617.729388478944,2214307
2025-02-13,1598.2103271484375,1623.4066801989184,1595.5358743982404,1606.5622214202544,1838463
2025-02-14,1605.8585205078125,1617.2602562154532,1595.2544125792228,1605.6239173638376,1460459
2025-02-17,1604.591552734375,1614.21028083584,1589.7645894497305,1605.8583866958138,1127023
2025-02-18,1619.2308349609375,1622.0460725760536,1596.4743309054159,1600.931790462683,1511900
2025-02-19,1606.8438720703125,1624.9551657442344,1598.5388292736943,1617.072477330942,1294110
2025-02-20,1583.6181640625,1608.955303224316,1579.864513816305,1600.1810541319835,1681532
2025-02-21,1595.9578857421875,1599.1954771782684,1581.3656419929337,1585.9169191166263,1222563
2025-02-24,1542.7972412109375,1585.917253252102,1536.7444113650647,1581.2251903726578,4455420
2025-02-25,1535.3367919921875,1550.2106084046304,1530.785513911099,1535.242973645093,1951519
2025-02-27,1528.8616943359375,1557.7648469558023,1515.723918518238,1520.2283446195179,2266866
2025-02-28,1478.046630859375,1515.48919738269,1466.2225419022172,1512.7209263718523,4910121
2025-03-03,1475.559814453125,1504.6506014906618,1471.8530164056688,1478.046630449053,1784684
2025-03-04,1440.932373046875,1463.9234789665418,1429.2022169654124,1463.9234789665418,3246644
2025-03-05,1476.075927734375,1484.0055822609495,1436.7565347823277,1437.6479808555375,3112003
2025-03-06,1487.8060302734375,1496.486345769904,1478.1404503979445,1482.6917280450903,2011489
2025-03-07,1461.9996337890625,1489.2605613408923,1459.7943874372977,1485.1784900851062,2091986
2025-03-10,1453.882568359375,1475.6067266347575,1451.7241737345792,1461.108298968804,1855766
2025-03-11,1471.2900390625,1477.014332494823,1428.8268727492198,1435.724181825556,1846190
2025-03-12,1445.7183837890625,1468.615673429026,1414.2815626645433,1460.1699602910955,3113860
2025-03-13,1440.228515625,1452.615514212778,1434.9734287863155,1445.7182055774856,1983351
2025-03-17,1449.98828125,1452.2404944462066,1425.4957348030157,1433.894481922668,2029100
2025-03-18,1449.98828125,1449.98828125,1449.98828125,1449.98828125,0
2025-03-19,1449.3310546875,1465.19024791658,1431.1727967893628,1462.515795359107,4522829
2025-03-20,1465.80029296875,1484.6623608961072,1451.7710722212448,1452.5217334734568,4608677
2025-03-21,1470.2108154296875,1493.9996639060917,1427.7946163227189,1440.557003390561,8109210
2025-03-24,1505.3543701171875,1511.688654220074,1463.9234371115508,1493.0142233618444,2487843
2025-03-25,1524.826416015625,1556.7792912717086,1519.242793195392,1522.1049969946318,4906013
2025-03-26,1532.8031005859375,1543.6416969379036,1522.1051744763192,1524.8265938146374,3096513
2025-03-27,1529.753173828125,1543.6885766705861,1514.1755490955886,1525.5303175393603,3383080
2025-03-28,1494.422119140625,1525.4367025047868,1484.1933985230125,1516.5686343850857,2211077
2025-04-01,1436.099609375,1487.3838776570444,1432.1113560752888,1479.8765773281762,4126827
2025-04-02,1433.47216796875,1443.79470624483,1413.6247191910966,1421.6950443873868,3167863
2025-04-03,1379.5601806640625,1407.6187370667203,1374.7742998684969,1407.6187370667203,3966161
2025-04-04,1334.5164794921875,1366.5163248975466,1331.7012418104437,1359.759800282287,4421312
2025-04-07,1289.47265625,1298.5283602272689,1222.5169440188433,1262.1648740781764,6484139
2025-04-08,1316.9212646484375,1336.5341103828443,1287.5020533229856,1295.009353925452,3938359
2025-04-09,1295.00927734375,1303.1734204452107,1273.4727558349355,1295.6192683920913,3306801
2025-04-11,1304.90966796875,1337.2379357525062,1276.2411176304622,1276.2411176304622,4859622
2025-04-15,1338.6455078125,1340.8039025068701,1319.4080504622327,1332.5458262136349,3265147
2025-04-16,1343.5250244140625,1347.6540619987093,1318.9386646750484,1327.8535827215892,2553111
2025-04-17,1349.4371337890625,1353.2846020111017,1298.762860336622,1332.5457093049156,3549969
2025-04-21,1390.727294921875,1406.6803070768494,1341.9298459772479,1346.6219083757696,2840104
2025-04-22,1388.7567138671875,1407.5249643024429,1374.3051381215787,1398.2346574265296,2608145
2025-04-23,1495.82958984375,1501.4600650878292,1448.6273932266265,1459.231500757234,13293318
2025-04-24,1488.97900390625,1504.5567423782873,1479.031854744417,1496.7678731422686,3193118
2025-04-25,1481.0025634765625,1518.3514268428155,1471.5246201255204,1492.075876810925,3800415
2025-04-28,1470.656005859375,1489.7356862837348,1459.075220717647,1485.5590115748148,2618810
2025-04-29,1489.3558349609375,1500.556900336968,1469.5167187646914,1476.0664903532554,2231069
2025-04-30,1487.931884765625,1507.2963803162986,1475.1171603992225,1491.25422071247,3682256
2025-05-02,1492.5833740234375,1500.7468059601426,1478.0599714871676,1487.4574604298189,1370848
2025-05-05,1488.976318359375,1516.5991509404553,1483.9454210278393,1499.7976664694418,1012225
2025-05-06,1498.9432373046875,1503.4047299968138,1485.6538916985114,1496.760057193726,2055057
2025-05-07,1483.9453125,1498.2787976210511,1466.574193182647,1473.2188659025683,5469936
2025-05-08,1500.4619140625,1516.8837937233293,1476.8259576604175,1482.6162918959724,2789018
2025-05-09,1489.7357177734375,1497.6143319913983,1478.2499489865486,1486.5082819813285,2035161
2025-05-12,1585.5137939453125,1589.9751704621278,1513.0868189353025,1517.6432120420038,4028207
2025-05-13,1537.387451171875,1602.410322246675,1533.2107764244072,1599.4677045406977,3118470
2025-05-14,1554.568603515625,1558.9351954449921,1534.9194033290603,1547.2595098493312,1569126
2025-05-15,1609.9093017578125,1616.1742558186468,1542.5133345262059,1566.244308903532,4961582
2025-05-16,1575.6417236328125,1607.536128517188,1573.8381464904032,1606.0173694034354,2586263
2025-05-19,1565.8646240234375,1579.5336887353506,1554.948375573644,1576.6859717484479,1642018
2025-05-20,1555.13818359375,1581.432055575185,1553.3346064540299,1576.4960594943752,2421580
2025-05-21,1568.142822265625,1573.3636367465335,1545.740805122325,1561.4981492899233,1420835
2025-05-22,1550.1072998046875,1557.4163938155039,1532.0717586557046,1555.2332136218106,2202093
2025-05-23,1564.5355224609375,1585.9884144896923,1540.1401288648378,1550.1071374029464,1459454
2025-05-26,1588.6463623046875,1590.73475762256,1562.0676703870101,1568.522541916578,1078813
2025-05-27,1568.23779296875,1590.4500096534632,1558.1758823313398,1588.8363496369195,2740015
2025-05-28,1573.173828125,1582.1915985509136,1563.396620155765,1579.5336830231895,1775441
2025-05-29,1580.197998046875,1590.4498248250268,1571.559946971634,1585.229010717872,2374051
2025-05-30,1553.5245361328125,1580.1981290624824,1544.6966828894888,1580.1981290624824,4408910
2025-06-02,1548.683349609375,1552.1954873809045,1524.1929383073668,1542.6081971440656,1883100
2025-06-03,1547.6392822265625,1567.8580033166743,1534.9194565056011,1563.3017256602932,2380133
2025-06-04,1543.557373046875,1561.1182929350127,1539.8553181118948,1548.2086668947275,1659720
2025-06-05,1549.5377197265625,1569.9463576069004,1542.133609401811,1551.9108171545088,1409322
2025-06-06,1554.568603515625,1556.5620980372478,1539.665598144549,1548.3985502554897,1261281
2025-06-09,1564.6304931640625,1573.838063955866,1555.8025252253706,1564.345675150342,1299786
2025-06-10,1583.425537109375,1599.3727985016626,1565.295095562959,1569.3768695722647,3055223
2025-06-11,1634.49462890625,1637.816965348587,1581.43214655243,1590.9245363876787,5085821
2025-06-12,1614.8453369140625,1638.3865104120698,1608.9601014765112,1637.4372714141487,3607962
2025-06-13,1609.244873046875,1624.1478785342463,1580.1031671280296,1581.432124861516,1988422
2025-06-16,1635.5386962890625,1641.6138486897555,1597.948857378498,1606.112289101041,2116100
2025-06-17,1641.8037109375,1650.5367790475427,1632.6910399358933,1640.2849517495486,1777245
2025-06-18,1628.79931640625,1656.4221497108879,1623.1987828112426,1640.190185057557,1794428
2025-06-19,1626.900634765625,1632.4061510673155,1611.0482750180745,1632.4061510673155,2514527
2025-06-20,1651.5810546875,1654.1439537859997,1622.344445448925,1626.9008392617109,2719770
2025-06-23,1616.74365234375,1641.9934998486635,1612.9466967338549,1641.4238638080676,2221446
2025-06-24,1605.9224853515625,1644.6513645867021,1603.4543714079707,1632.5960763959326,3601071
2025-06-25,1629.9381103515625,1633.3553472552276,1614.655387064414,1615.6046259750926,1307518
2025-06-26,1636.5828857421875,1639.2408012089484,1616.2691486002234,1623.1986394339156,2971055
2025-06-27,1635.82373046875,1663.541464874876,1623.958242131554,1646.9297812028017,6478283
2025-06-30,1640.8544921875,1646.7398434399704,1626.3312051891958,1637.4372550040107,1855229
2025-07-01,1631.0772705078125,1656.4219031345847,1626.9954968324803,1640.8543617870805,1639826
2025-07-02,1631.362060546875,1650.2519391074688,1624.1478675944086,1634.5894961996328,2069447
2025-07-03,1625.0023193359375,1642.6581421268072,1619.8764053969353,1628.894176185843,1839063
2025-07-04,1638.29150390625,1641.2341214350274,1619.5914273302828,1627.944776322193,768500
2025-07-07,1623.578369140625,1637.9118545159413,1616.8387955799292,1637.9118545159413,1366412
2025-07-08,1621.3951416015625,1631.6469693337037,1601.8408410280892,1613.7063287394085,2139193
2025-07-09,1589.026123046875,1627.2805019883058,1586.1784059804827,1623.198727843582,2894808
2025-07-10,1579.248779296875,1594.6265196605889,1565.2950132181088,1589.9752256763688,2740853
2025-07-11,1555.13818359375,1571.4650468215598,1547.2594541341846,1559.7893616463275,2548153
2025-07-14,1537.5772705078125,1559.0300472255988,1525.4269658120238,1556.7518506109018,3334703
2025-07-15,1486.887939453125,1539.0960825808759,1471.3203972366161,1509.2899558749805,14685607
2025-07-16,1483.470703125,1494.102133199734,1480.8127876693677,1486.8879402294574,5218099
2025-07-17,1465.5301513671875,1487.2677481773114,1464.1062928321214,1484.2301137781612,4966082
2025-07-18,1481.6978759765625,1482.8458389456935,1463.71234424962,1477.1057905368714,3902458
2025-07-21,1464.0950927734375,1483.5155205541757,1459.8857004250685,1481.697931914697,3368842
2025-07-22,1454.2412109375,1473.087772892238,1452.5192665194224,1466.677982232691,3218227
2025-07-23,1463.5211181640625,1469.4524550590872,1452.2323091013636,1458.0680018751634,3471536
2025-07-24,1441.900146484375,1471.270131581955,1436.5427912035484,1463.712377648238,4654421
2025-07-25,1425.5408935546875,1446.683380274027,1422.1925322304887,1436.064314859312,2733655
2025-07-28,1402.5806884765625,1429.4632229283807,1400.0933577296337,1425.5408801988112,4404841
2025-07-29,1408.60791015625,1413.4869279726304,1397.7017947668448,1402.5808125832252,6223556
2025-07-30,1412.5301513671875,1419.9922605116933,1405.1638031150178,1416.3568500502006,1642426
2025-07-31,1404.3028564453125,1418.461572349329,1396.2667653746096,1401.528476378077,2306285
2025-08-01,1389.1873779296875,1403.346210909819,1387.1783843156165,1401.5285055326744,2152783
2025-08-04,1410.521240234375,1411.4779149609608,1378.1855877631428,1389.1873471188792,2384774
2025-08-05,1418.461669921875,1421.044761933848,1407.4599097942046,1415.7830505684403,2614394
2025-08-06,1399.8065185546875,1419.4183519253684,1393.3011999933678,1416.739732558328,1735697
2025-08-07,1411.5736083984375,1415.113258297849,1388.1350767781314,1394.8318000982188,1495363
2025-08-08,1411.764892578125,1417.9832785003246,1395.788470844493,1410.903978721859,2815614
2025-08-11,1423.5321044921875,1464.6691209526473,1402.102565584374,1411.095332073909,2374556
2025-08-12,1434.1510009765625,1444.4831343163667,1424.488609987096,1425.4452846747972,3422656
2025-08-13,1436.0643310546875,1442.1870723300158,1424.488590845369,1435.0120122686724,2916128
2025-08-14,1425.2540283203125,1450.5101472151196,1421.427329483938,1435.9687383495286,4227538
2025-08-18,1420.6619873046875,1436.8298137488491,1411.9562705367805,1433.1944030282975,2795155
2025-08-19,1412.1475830078125,1418.3659689175522,1405.5465038396178,1412.3389880278332,2515817
2025-08-20,1431.1854248046875,1435.299172938886,1394.8317843350496,1404.3985318270595,10219330
2025-08-21,1428.793701171875,1439.7954605046348,1421.714284853609,1435.0120868816957,2157601
2025-08-22,1402.772216796875,1426.8803735120002,1400.5718181840887,1425.0626681512094,2802805
2025-08-25,1439.0301513671875,1444.291862635263,1412.2432576388037,1415.8786685002913,2764914
2025-08-26,1428.1240234375,1441.2304199732146,1420.6619141455185,1436.829739757093,4092265
2025-08-28,1386.9871826171875,1423.5321135508148,1383.3517716360739,1423.5321135508148,4367902
2025-08-29,1391.7705078125,1399.2325009801284,1376.846287914066,1386.9871339428964,3404604
2025-09-01,1404.78125,1408.7035931849784,1383.3517118814798,1383.3517118814798,2105254
2025-09-02,1402.1981201171875,1413.3912846474257,1396.4580716755017,1405.3551934727484,1295198
2025-09-03,1402.5806884765625,1411.0951162632111,1389.6655806327974,1411.0951162632111,1800307
2025-09-04,1380.7686767578125,1402.3895021779256,1378.472634062406,1401.624115685596,2192155
2025-09-05,1357.5213623046875,1389.3786756591405,1342.0232792996746,1385.264927848617,3895199
2025-09-08,1342.2147216796875,1366.7055727888007,1340.3013721120756,1362.2092480175488,2929976
2025-09-09,1365.2705078125,1369.7669491914457,1348.0503623699672,1349.102681235138,2906889
2025-09-10,1400.476318359375,1408.1297170614887,1370.0540118058339,1372.7327480642123,3205017
2025-09-11,1404.1114501953125,1406.694542027328,1395.1188011862023,1400.4761563014292,1982922
2025-09-12,1403.633056640625,1415.8785393694243,1399.6150696604511,1411.0951659256086,2110883
2025-09-15,1402.9635009765625,1404.6855622147725,1389.091717298308,1403.6331265794308,1725617
2025-09-16,1418.8443603515625,1420.8533540580092,1397.7975149321212,1400.4762510617772,1724524
2025-09-17,1417.313720703125,1434.0555297563176,1411.3823836369165,1426.2108430840299,2656774
2025-09-18,1429.0806884765625,1437.7864047373657,1421.7142233469772,1427.9326087877762,2792406
2025-09-19,1403.824462890625,1429.0806980526554,1400.571745589634,1429.0806980526554,3197957
2025-09-22,1377.5159912109375,1386.4129962868212,1353.6947666603846,1361.3481646344362,4457129
2025-09-23,1367.853515625,1381.6295377070378,1358.8607502014188,1381.6295377070378,3106480
2025-09-24,1379.8118896484375,1382.1078153752596,1358.4779983143922,1363.357015656249,2894044
2025-09-25,1362.1136474609375,1380.0034197776533,1354.6515371959495,1377.8030209918868,2713246
2025-09-26,1334.848388671875,1364.6965955743235,1331.691315134566,1358.4782094045142,2568054
2025-09-29,1327.29052734375,1341.8319363472835,1323.081135227491,1336.570225397355,2990852
2025-09-30,1325.0902099609375,1344.128061375167,1322.0288973878787,1331.7869333983938,2782077
2025-10-01,1329.299560546875,1336.2833329104571,1322.124499946586,1326.0468430517603,2253527
2025-10-03,1333.126220703125,1339.153318144448,1320.5938052426413,1335.996244859644,2793839
2025-10-06,1356.277587890625,1359.434660909377,1330.543133547788,1333.126108358351,1970901
2025-10-07,1371.2977294921875,1379.4294655757335,1355.7995271228247,1360.391613035583,1592836
2025-10-08,1390.2396240234375,1395.501334860933,1365.36608188255,1371.1061300689087,1735807
2025-10-09,1422.0970458984375,1426.497726485028,1389.570103711726,1390.239729338229,2681316
2025-10-10,1430.70703125,1433.5770553849047,1410.0428808350023,1426.401995047643,2129445
2025-10-13,1429.941650390625,1437.116710756099,1412.53021728304,1425.4453259408936,1820492
2025-10-14,1430.6114501953125,1468.4957470896468,1425.6366714065782,1449.744945271399,5802489
2025-10-15,1430.8983154296875,1444.0048290109378,1421.7142615803032,1433.0030698582757,1710696
2025-10-16,1449.3621826171875,1454.0499120426946,1433.0987125812192,1434.9164178827316,2021043
2025-10-17,1433.1617431640625,1447.7229617012551,1426.4115530606123,1445.5049950102464,3210161
2025-10-20,1442.0335693359375,1456.0161067266026,1435.9583508323326,1436.7298482567198,2354881
2025-10-21,1432.968994140625,1449.3623137236605,1428.1474295573794,1449.072972763074,274400
2025-10-23,1469.5164794921875,1492.2742408174313,1451.7730982556657,1456.1125063872835,5011470
2025-10-24,1469.4200439453125,1477.9059268360006,1462.2841049432955,1470.5771723395956,1491451
2025-10-27,1478.7738037109375,1494.2028098142143,1472.3129544907802,1476.7487702026774,1394846
2025-10-28,1467.7806396484375,1486.9704898764082,1458.0411029138322,1480.2202995851405,1936466
2025-10-29,1501.7244873046875,1503.3637721065777,1467.684195732015,1475.3986987319204,2596355
2025-10-30,1494.4921875,1504.2317242993038,1483.2096558812607,1502.1101652795687,2183395
2025-10-31,1486.4884033203125,1502.592382401083,1482.727559295551,1494.4922478418825,1723467
2025-11-03,1488.4168701171875,1494.395562645935,1473.6628365639656,1485.1381829149193,2252136
2025-11-04,1474.53076171875,1486.8740133372978,1470.577102559581,1481.5702926395418,1666863
2025-11-06,1471.92724609375,1477.2309670869563,1460.2590834514915,1474.5308438593693,2474769
2025-11-07,1458.4267578125,1464.5983835103627,1437.30828314533,1461.030355386082,2238714
2025-11-10,1485.5240478515625,1489.7670482269107,1457.4625655245236,1463.8270072305563,1558896
2025-11-11,1513.9713134765625,1516.3820958228628,1486.1990537615907,1492.5636133270089,2270763
2025-11-12,1537.11474609375,1542.9006234316184,1517.3463318560323,1518.7928011904994,2331564
2025-11-13,1541.4539794921875,1547.72201256488,1523.6141930545236,1542.3218845373528,1944022
2025-11-14,1537.6932373046875,1540.971924516666,1517.9248240051934,1533.2574217656438,2543918
2025-11-17,1549.0721435546875,1550.3256795971333,1528.917981996301,1537.114640997858,2000978
2025-11-18,1538.2718505859375,1546.7578509686116,1533.3538784679217,1546.7578509686116,1640123
2025-11-19,1603.2666015625,1609.920384105191,1531.9074470708654,1538.3684141194399,6342672
2025-11-20,1586.680419921875,1608.8596159330084,1583.9802968001477,1603.2665542011332,2724035
2025-11-21,1550.6151123046875,1584.8482195726083,1548.6864865431146,1577.6158729667095,2958835
2025-11-24,1552.929443359375,1581.4730802901095,1545.6970969556094,1556.6902870321276,6392688
2025-11-25,1543.9613037109375,1561.1261197835458,1535.7646443632036,1560.5475556076767,2285950
2025-11-26,1560.1617431640625,1569.419122741588,1543.961240617917,1543.961240617917,1243303
2025-11-27,1570.86572265625,1574.9157897727193,1556.4010290774631,1561.3190013514552,2106176
2025-11-28,1566.23681640625,1578.483659702002,1561.2224368878728,1570.865564972418,1841289
2025-12-01,1584.26953125,1587.7410338060236,1569.9012469093266,1571.8298725197803,2034350
2025-12-02,1577.133544921875,1593.9126107646616,1566.043947999465,1592.080392947732,2326220
2025-12-03,1581.9552001953125,1595.5519875776963,1570.6727871514972,1577.133636037448,2371611
2025-12-04,1595.552001953125,1612.3310689164612,1586.3910299706451,1591.1161864307182,3935708
2025-12-05,1622.9385986328125,1630.6531017754521,1592.0805860622538,1603.3629998227739,3391204
2025-12-08,1628.3387451171875,1634.8961199458129,1617.0563312331458,1622.9386164010136,2702407
2025-12-09,1598.4449462890625,1626.7957674386714,1597.2878179621275,1626.7957674386714,2817704
2025-12-10,1606.545166015625,1611.3667301393214,1597.8663505929717,1603.941568474416,1482249
2025-12-11,1612.716796875,1617.5383610143572,1590.1518531600145,1607.9916404756361,1408684
2025-12-12,1613.48828125,1618.0206224635979,1600.759398181377,1617.5384660183624,1284337
2025-12-15,1623.90283203125,1627.760083413747,1600.7593237362678,1613.4882062129197,1689723
2025-12-16,1592.7554931640625,1621.9742197129704,1586.6803928149234,1621.0099068593954,1929309
2025-12-17,1595.9378662109375,1605.0988388568612,1587.5483909786828,1592.0806145705485,1394918
2025-12-18,1602.1092529296875,1614.163162504345,1592.2731920883905,1597.8662532166159,1822056
2025-12-19,1583.7874755859375,1621.0099286924765,1574.240754664169,1615.2240514930982,3487150
2025-12-22,1610.6917724609375,1613.777526441746,1585.3302978609083,1592.948392786367,1339691
2025-12-23,1619.94921875,1626.6994088603938,1597.0949330335684,1615.3204698744262,1614314
2025-12-24,1614.9346923828125,1620.0455976036985,1605.6773125107284,1616.1883461808325,989858
2025-12-26,1601.6273193359375,1616.5741692876468,1591.5984416319955,1608.473917383925,921138
2025-12-29,1572.6014404296875,1601.5308258848768,1567.3941275049592,1600.4699875803433,1516288
2025-12-30,1557.55810546875,1577.3265193663256,1553.6044462320297,1572.6014804595475,3323273
2025-12-31,1565.369140625,1573.4692746222004,1559.1011069232775,1566.526268992036,1359963
2026-01-01,1576.16943359375,1586.9696909781806,1560.6440194608895,1564.9834275068804,773806
2026-01-02,1581.666015625,1584.3661389059278,1567.1049139715212,1573.758696709966,950573
2026-01-05,1550.2293701171875,1575.2050973771966,1523.710765784238,1567.0084378561032,3245802
2026-01-06,1558.618896484375,1567.972683983436,1540.2969524525881,1543.1898909839229,2112043
2026-01-07,1588.8983154296875,1595.455690223662,1559.004615582644,1562.9583926368216,3816569
2026-01-08,1587.93408203125,1601.3380555313697,1577.0374163633985,1594.2986416497984,3266398
2026-01-09,1602.1092529296875,1615.2238830041229,1588.3195332906948,1588.3195332906948,3281306
2026-01-12,1608.088134765625,1617.345514868645,1582.9195921463609,1599.987883032742,4175707
2026-01-13,1605.5809326171875,1637.0175087160264,1567.97273059192,1624.8671900660424,7149266
2026-01-14,1608.9560546875,1618.0206193834642,1590.3447688512542,1605.5809595772776,2470615
2026-01-15,1608.9560546875,1608.9560546875,1608.9560546875,1608.9560546875,0
2026-01-16,1649.264892578125,1652.081682009063,1617.0178290309627,1622.0685339254821,3098089
2026-01-19,1667.525390625,1669.662199998777,1636.7351555873774,1649.264930539804,2087629
2026-01-20,1638.8720703125,1670.6334850729563,1633.5299283544177,1670.6334850729563,1739341
2026-01-21,1634.209716796875,1646.2538418405477,1621.0000809866287,1639.1633154048784,1728435
2026-01-22,1654.218505859375,1659.9491909105602,1633.2384812850246,1642.0772742114043,1853439
2026-01-23,1658.006591796875,1671.604771225789,1650.04199127234,1663.5429459948182,1874357
2026-01-27,1670.82763671875,1675.975566209131,1651.6931036445249,1670.6334244449179,2671530
2026-01-28,1679.9578857421875,1684.6201660350766,1642.465786823139,1656.1610721542709,2713867
2026-01-29,1672.1875,1675.489938664914,1647.4193878632143,1673.3531293582296,2235602
2026-01-30,1646.9337158203125,1664.028545737421,1634.695378411855,1664.028545737421,4448681
2026-02-02,1628.67333984375,1640.037484641112,1606.1391439517708,1622.0684627483904,1916380
2026-02-03,1646.6424560546875,1729.0085007948294,1640.6203339894569,1728.9113946545401,3200948
2026-02-04,1575.2520751953125,1597.7861546919391,1540.4795388093712,1594.8722589690967,5834470
2026-02-05,1563.7906494140625,1584.9650050129394,1554.2718762952904,1567.3844065854084,3184531
2026-02-06,1547.9583740234375,1565.7331840230888,1528.9209471121815,1565.7331840230888,3342992
2026-02-09,1556.020263671875,1573.4065312801788,1548.6384184689223,1554.4662097186297,1863558
2026-02-10,1527.94970703125,1556.4088016328246,1522.8018959178016,1549.22116873538,3234785
2026-02-11,1507.066650390625,1532.8060592999798,1501.724508918872,1528.8237593707415,2944646
2026-02-12,1433.7337646484375,1490.9432729051784,1427.3232179375632,1485.115481610435,5397659
2026-02-13,1413.4334716796875,1434.4136132707504,1355.9326502697174,1382.1577086918394,7214938
2026-02-16,1419.84423828125,1424.894943209499,1405.2747603343228,1409.4512728724128,2388700
2026-02-17,1440.047119140625,1467.3405830262284,1416.1531999737515,1421.9809909201456,2840341
2026-02-18,1425.089111328125,1440.6298873232702,1401.9722781753735,1440.6298873232702,2036245
2026-02-19,1408.771484375,1458.6962551084828,1401.583851168484,1427.8089128327592,2397127
2026-02-20,1395.2703857421875,1413.2394091575932,1389.9282436457154,1401.5838264016543,2392491
2026-02-23,1385.265869140625,1400.2238897093428,1374.8730226483146,1396.9214511058526,2629763
2026-02-24,1300.762939453125,1366.3255900015026,1284.542301484879,1362.0519713376468,10004684
2026-02-25,1338.6435546875,1351.4647661176937,1315.13817824888,1316.1094767557106,5703505
2026-02-26,1334.0784912109375,1364.6743939944429,1328.7363494550873,1351.0762149795514,2329520
2026-02-27,1349.2308349609375,1364.480293820491,1342.3346387501672,1357.8754160439462,8651443
2026-03-02,1331.6502685546875,1346.2197463288087,1311.2529996709177,1312.2242981891923,2088938
2026-03-04,1324.8511962890625,1342.3345698471294,1317.080808041033,1317.080808041033,3161598
2026-03-05,1315.2352294921875,1338.643498816475,1294.255206333629,1338.643498816475,2217963
2026-03-06,1317.7606201171875,1341.169008688996,1315.3323738808347,1317.080758597693,1871596
2026-03-09,1319.606201171875,1333.3014871677035,1289.8844889206318,1291.8270860425002,2256550
2026-03-10,1322.4229736328125,1325.2397631364865,1306.3965475843795,1321.9373243586176,1671877
2026-03-11,1311.54443359375,1336.506758028498,1308.2419949259765,1327.959283660933,1837000
2026-03-12,1319.1204833984375,1324.2684129307795,1302.5113025822084,1311.25298917672,2616965
2026-03-13,1287.3590087890625,1317.7605795932589,1283.0852718311662,1311.252927306642,2190786
2026-03-16,1290.4671630859375,1299.3059557205356,1265.0191898185524,1275.1207179295407,3618375
2026-03-17,1283.182373046875,1290.4671115039953,1260.4539653473184,1290.4671115039953,2285672
2026-03-18,1318.246337890625,1338.8379381853317,1288.427519984832,1288.427519984832,2564106
2026-03-19,1274.1494140625,1315.3323754260534,1271.6239431203578,1302.899825821349,1663249
2026-03-20,1295.4207763671875,1313.6812357960657,1290.7586146555914,1296.586405720121,5050431
2026-03-23,1319.606201171875,1325.8225356751977,1272.401114823816,1277.0633953429879,5166409
2026-03-24,1333.88427734375,1353.9901088650618,1320.965959868353,1340.3919298664168,3555664
2026-03-25,1341.6546630859375,1370.8907241704983,1309.3103756668886,1309.3103756668886,4167275
2026-03-27,1325.23974609375,1367.005583137401,1320.7717965419583,1337.4780839327325,8956139
2026-03-30,1303.093994140625,1320.188823374682,1297.8489587275135,1311.2529249424974,5541018
2026-04-01,1315.5267333984375,1359.5264850203223,1310.281697700231,1359.5264850203223,2469237
2026-04-02,1361.9547119140625,1372.2505708873946,1302.7055032991818,1308.3390820367895,6509389
2026-04-06,1363.023193359375,1381.4778643297457,1354.0871762758024,1356.9039655583058,2134581
2026-04-07,1400.223876953125,1404.98326325891,1348.2594078315547,1351.0761971608322,3459049
2026-04-08,1419.067138671875,1423.9236312751325,1390.8023754342585,1408.2857488059858,4239052
2026-04-09,1422.855224609375,1426.837524825088,1394.784673688786,1417.0274334936837,3101205
2026-04-10,1409.5484619140625,1415.7647965837057,1380.312398161064,1410.3255482102886,3450066
2026-04-13,1388.3741455078125,1406.2460622119338,1376.8156692623902,1399.6411847669165,2252652
2026-04-15,1409.6455078125,1432.5681278427714,1395.8529984877596,1403.526280064429,3993858
2026-04-16,1408.5770263671875,1426.5460484780597,1393.9104428440883,1418.0957990201716,5229848
2026-04-17,1400.90380859375,1416.1531469053489,1388.9567901746564,1401.8751070484177,3319268
2026-04-20,1387.3056640625,1410.228284438359,1383.129033178886,1404.400493568223,2352656
2026-04-21,1399.8353271484375,1413.2392936489045,1381.5749867966422,1388.9568315587173,3091487
2026-04-22,1248.4100341796875,1319.0233891002697,1244.2334031203575,1306.3965083504145,33066256
2026-04-23,1240.9310302734375,1257.15178754495,1235.4917819905966,1252.9751562640483,8304759
2026-04-24,1191.040283203125,1252.0178436546378,1185.9918485183598,1251.6218619302792,10903519
2026-04-27,1215.78759765625,1219.549242680999,1188.8625328408116,1196.7816837673115,6066942
2026-04-28,1183.9130859375,1220.2421431663045,1180.2505268992788,1215.4907250223948,6643295
2026-04-29,1188.0706787109375,1198.5636513231816,1180.0525618275544,1187.8727482542276,4777201
2026-04-30,1186.9818115234375,1201.4342390290972,1172.0344370426753,1187.8727402459547,5070033
2026-05-01,1186.9818115234375,1186.9818115234375,1186.9818115234375,1186.9818115234375,0
2026-05-04,1188.36767578125,1201.2362970100348,1179.359665088433,1195.7918803363182,3318673
2026-05-05,1188.0706787109375,1193.2181997887046,1177.9738086854425,1187.8727482542276,2459953
2026-05-06,1177.0828857421875,1199.751481633453,1174.4102203801453,1195.7919057864779,3541520
2026-05-07,1171.4404296875,1183.913068279637,1169.1636254523005,1182.9231744098379,3725309
2026-05-08,1186.2889404296875,1190.644498001188,1164.90725515838,1167.8769370248579,2813749
2026-05-11,1182.82421875,1194.1090331242458,1179.0625736796997,1184.804006505599,2505962
2026-05-12,1134.220458984375,1172.0343569639203,1131.0527260581548,1171.0444630813495,3959561
2026-05-13,1131.646728515625,1142.931543844691,1125.6083995174693,1134.7154964657793,2635034
2026-05-14,1112.6407470703125,1131.6466616749285,1092.2489568340422,1127.4891556166244,5837032
2026-05-15,1121.15380859375,1140.3577744488487,1110.4630269602867,1110.5619921830983,3729249
2026-05-18,1135.0123291015625,1137.8830455979364,1110.0670509907557,1117.5902205133277,2588569
2026-05-19,1167.48095703125,1186.1899769855322,1140.6548549643858,1144.3174142705511,5756760
2026-05-20,1157.9779052734375,1169.0646683575774,1150.652666418684,1154.4141906480702,1415960
2026-05-21,1156.39404296875,1168.6687518922563,1151.4445733090024,1161.8384595944722,2245247
2026-05-22,1152.236572265625,1164.1152998147552,1148.1780311870052,1158.0769708112805,2044782
2026-05-25,1153.9193115234375,1166.0950552567938,1150.3557175252993,1156.1961159082641,1419803
2026-05-26,1150.15771484375,1161.838390039478,1148.2768923183116,1153.9192390579726,1196820
2026-05-27,1153.42431640625,1157.9779249858127,1142.0405366306575,1143.6244635296307,1004168
2026-05-28,1153.42431640625,1153.42431640625,1153.42431640625,1153.42431640625,0
2026-05-29,1171.83642578125,1179.6564907792917,1165.1050990493613,1168.0747806951965,12446602
2026-06-01,1183.022216796875,1200.5434119372007,1178.072747125031,1178.072747125031,5970435
2026-06-02,1230.93310546875,1244.2966735618968,1190.0504377083842,1197.7716587190891,7663067
2026-06-03,1167.0849609375,1217.5695521230916,1164.907242593571,1216.3817277239782,4800922
2026-06-04,1156.4931640625,1164.610246215695,1146.4951383776315,1154.6123413674918,2025595
2026-06-05,1143.0303955078125,1170.5494932395648,1135.4082610957976,1167.0848647183482,1971395
2026-06-08,1139.6649169921875,1147.2870518319028,1120.856932535927,1130.3598899886003,1546444
2026-06-09,1134.7154541015625,1147.2870586092952,1124.9154800807084,1146.9900420972515,2225582
2026-06-10,1120.658935546875,1140.3578496517691,1118.5801823841139,1129.2710855592654,1600595
2026-06-11,1098.980224609375,1102.7418699870848,1078.4894679990384,1101.6530107998524,3435236
2026-06-12,1098.38623046875,1111.155885750722,1089.3782202838927,1108.6811510385824,2203987
2026-06-15,1107.98828125,1116.6003097726264,1101.7519013979902,1112.1457872602355,2361006
2026-06-16,1147.2869873046875,1150.1577036749375,1126.0042692485608,1129.4688977693256,8343470
2026-06-17,1155.00830078125,1161.7395070902196,1147.58409621033,1157.1860191207213,2263670
2026-06-18,1150.058837890625,1156.9880955312617,1124.6184909080034,1140.3578288590681,3368037
2026-06-19,1120.262939453125,1124.5195317901655,1080.370285607286,1098.7822889851088,10014063
2026-06-22,1119.0750732421875,1137.0910941981099,1115.6104445324595,1124.519489786046,2312385
2026-06-23,1098.287353515625,1114.4226734702142,1094.3277776579753,1110.2650463176826,3235632
2026-06-24,1102.642822265625,1110.1659916215428,1082.1519463516245,1086.5075036113628,3503015
2026-06-25,1089.576171875,1122.0447402631537,1086.4085597166397,1121.5497933111187,5877425
2026-06-26,1089.576171875,1089.576171875,1089.576171875,1089.576171875,0
2026-06-29,1091.259033203125,1097.0994312395699,1075.0247494674097,1084.5277065108403,5186504
2026-06-30,1060.9683837890625,1094.5256920198099,1057.8006506475288,1091.35807971494,3794233
2026-07-01,1023.7482299804688,1065.6207905687872,1019.5907239069678,1059.1864801751997,3819777
2026-07-02,1067.20458984375,1071.956128900288,1037.408807609325,1038.3987015097157,3726609
2026-07-03,1127.4891357421875,1147.2870134549564,1103.8306477080976,1115.7093743357589,12768463
2026-07-06,1122.7376708984375,1136.2992905292433,1114.6205888348386,1133.4285739039879,2747815
2026-07-07,1156.39404296875,1163.1253700406712,1122.5397188307415,1123.529612762691,5179529
2026-07-08,1134.0224609375,1164.6102075120768,1130.1618504469234,1153.2264273281507,3091794
2026-07-09,1138.77392578125,1150.1577052219316,1109.6710220003508,1132.5375461008239,2033525
2026-07-10,1152.33544921875,1179.4585658788042,1141.8425981881667,1161.1455289767832,3979475
2026-07-13,1208.8583984375,1224.4987706003656,1150.2567271120654,1150.2567271120654,9028077
2026-07-14,1154.9091796875,1196.88070575604,1152.2365144577,1187.8726953172163,9754723
2026-07-15,1156.196044921875,1169.6585774419905,1132.9335388810666,1145.3072123070285,3253196
2026-07-16,1175.4000244140625,1191.8322387544756,1162.8282995597583,1163.521297781958,5147444
2026-07-17,1203.9000244140625,1223.5,1195.800048828125,1197.800048828125,5037972
2026-07-20,1221.300048828125,1224.699951171875,1200.0999755859375,1205.0,3612829
2026-07-21,1239.5,1240.699951171875,1217.199951171875,1219.0,4642320
2026-07-22,1237.300048828125,1243.800048828125,1227.699951171875,1243.800048828125,2377718
2026-07-23,1244.699951171875,1248.800048828125,1228.800048828125,1236.0,1878476
2026-07-24,1271.0,1276.0,1236.5999755859375,1237.0,3674904
2026-07-27,1295.9000244140625,1303.0,1277.300048828125,1284.5999755859375,3847049
2026-07-28,1318.5999755859375,1342.0,1301.0,1301.0,5187064
2026-07-29,1344.300048828125,1352.699951171875,1323.199951171875,1344.0,3061520
2026-07-30,1352.699951171875,1369.9000244140625,1345.5999755859375,1349.0,3747919
2026-07-31,1346.9000244140625,1356.5,1294.300048828125,1317.699951171875,3369019
2026-08-03,1377.0,1377.0,1343.5,1352.0,2314332
2026-08-04,1369.9000244140625,1375.9000244140625,1347.4000244140625,1375.699951171875,3013099
