Date,Close,High,Low,Open,Volume
2021-08-25,2425.287109375,2444.955271973817,2402.9597075006236,2413.366983695652,1746570
2021-08-26,2444.9091796875,2473.7009998175936,2412.449852741006,2412.449852741006,2117291
2021-08-27,2455.49951171875,2466.5485938723205,2430.8800067244592,2447.2930100539866,1176229
2021-08-30,2464.43994140625,2480.9906212010574,2449.6774594419235,2468.0161132066914,1168190
2021-08-31,2497.816650390625,2510.0575685640406,2453.3910785585317,2464.6235050004275,2535891
2021-09-01,2505.88525390625,2544.4882096216547,2489.472248332538,2516.9802289770964,1775792
2021-09-02,2568.374267578125,2576.5807700986857,2503.3636077813917,2519.7309452780028,1946183
2021-09-03,2536.8779296875,2575.434998649448,2527.0667935123734,2569.4290440451523,1561823
2021-09-06,2549.623291015625,2590.3350155206563,2544.7635026745766,2558.2423693106657,1444978
2021-09-07,2546.964111328125,2575.3890272078484,2539.9037737688177,2556.9588128408677,1219915
2021-09-08,2568.236328125,2576.580503998872,2535.4103214329075,2557.233137360592,946711
2021-09-09,2577.177001953125,2589.0971279700484,2550.906967621583,2550.906967621583,879454
2021-09-13,2554.895263671875,2587.996396528044,2544.4879890194334,2565.1189727141855,1341412
2021-09-14,2533.07275390625,2571.0795737315634,2522.5280266958675,2569.2457081297575,1755061
2021-09-15,2544.90087890625,2553.6576311748436,2520.6939445858234,2543.571371231245,1362350
2021-09-16,2538.299072265625,2564.9360132896295,2523.398915153978,2523.398915153978,1259196
2021-09-17,2496.119873046875,2551.8235307886684,2474.8011892197687,2539.995189306219,3095032
2021-09-20,2567.732666015625,2575.6640446044953,2484.93359553053,2494.0570314432994,2671330
2021-09-21,2578.826904296875,2621.7852837889372,2564.3393252413985,2576.5804643224988,2277437
2021-09-22,2553.19921875,2603.9972030857475,2543.571424964087,2592.994010187561,1580594
2021-09-23,2551.181640625,2583.6409654118183,2542.5166722494127,2566.4943704101884,1054473
2021-09-24,2518.4931640625,2549.072959797082,2504.50994009239,2539.9954154197135,1635284
2021-09-27,2484.428955078125,2535.3187159221316,2479.8442919390254,2535.3187159221316,1465932
2021-09-28,2497.58740234375,2525.645410646024,2484.796011179194,2498.6417854796455,1078052
2021-09-29,2462.2392578125,2516.475733810821,2454.6286721443216,2489.426220987415,1503894
2021-09-30,2477.36865234375,2480.577916584812,2459.167449889525,2462.2392637787443,1620199
2021-10-01,2479.431396484375,2486.720965161037,2457.47090765927,2481.219370105371,956111
2021-10-04,2463.064453125,2497.7245522566104,2457.104390867413,2475.7181685362875,1025005
2021-10-05,2483.649658203125,2489.4263789617203,2462.881222176855,2463.0645639440045,562784
2021-10-06,2462.927001953125,2506.8938779743175,2453.7117840011974,2470.2624631907966,862471
2021-10-07,2447.660400390625,2479.6155989759154,2444.5429183210836,2473.884768803557,1082816
2021-10-08,2420.748046875,2456.0499533089546,2407.3148494611005,2448.6686008279357,1579941
2021-10-11,2425.37890625,2444.0842448033245,2416.576262306945,2422.7196669590294,1086252
2021-10-12,2453.849609375,2464.7612439499594,2406.9485864629964,2406.9485864629964,1174337
2021-10-13,2426.8916015625,2469.849987709411,2423.0864204364584,2464.806857905465,1660007
2021-10-14,2429.459228515625,2454.3997547075774,2402.363820802784,2426.891772026629,2158809
2021-10-18,2433.53955078125,2456.3710870149,2423.49918180767,2450.7779314820264,1758177
2021-10-19,2335.244384765625,2505.0602861874863,2311.1290085415667,2448.1186725685125,5431133
2021-10-20,2272.755126953125,2369.354075577072,2264.8237487133774,2355.60008520027,4864654
2021-10-21,2242.587890625,2296.9161467916283,2226.3123370898497,2295.448965097782,3254632
2021-10-22,2250.244140625,2290.7266210067373,2228.1459778030107,2254.7370203364626,1845622
2021-10-25,2251.849365234375,2258.909702579586,2209.807909446135,2250.2447329349848,1560381
2021-10-26,2248.15869140625,2277.7267994467798,2229.8918099489006,2277.7267994467798,1595060
2021-10-27,2211.025634765625,2265.0879618277268,2205.9974610781574,2264.9034933520934,3083879
2021-10-28,2204.61376953125,2228.923518028085,2184.64026932554,2214.162435127236,2015791
2021-10-29,2207.842529296875,2216.0073425309993,2189.252882525421,2214.1622073582007,2453400
2021-11-01,2220.71240234375,2224.2179787858063,2184.8705635346764,2207.704110013082,1941114
2021-11-02,2231.5986328125,2239.994087898703,2216.007330779524,2228.0007093391137,1350154
2021-11-03,2224.6337890625,2245.529858082858,2201.431075477528,2245.529858082858,1591607
2021-11-04,2235.2431640625,2241.8394327928854,2232.6137561147257,2240.9168651250698,245719
2021-11-08,2243.592529296875,2259.3685286769623,2214.2550536214926,2259.3685286769623,2555533
2021-11-09,2242.89990234375,2256.784588357693,2229.338205051423,2250.88024641318,1696949
2021-11-10,2214.30029296875,2232.613347921181,2210.4717279417973,2224.35641385111,1794509
2021-11-11,2192.205078125,2220.5740317221494,2182.9794021584476,2216.6531194363647,1282647
2021-11-12,2218.72900390625,2226.709349145272,2192.2051842187666,2203.0915274333993,1651974
2021-11-15,2236.99560546875,2241.839084973322,2217.944676178585,2217.944676178585,1007999
2021-11-16,2220.297119140625,2246.1290107154628,2214.254481836201,2246.1290107154628,1245209
2021-11-17,2205.997314453125,2223.4339763480716,2202.3532176657022,2217.8523976046927,956809
2021-11-18,2213.6083984375,2220.02042283556,2186.4850036762527,2204.936353918247,1236943
2021-11-22,2203.59912109375,2223.2958063131337,2193.081714190079,2222.834522463927,1629290
2021-11-23,2208.811279296875,2214.1622163670077,2155.579174392297,2202.9069368143873,1932539
2021-11-24,2190.867431640625,2219.697669450403,2183.7175326638003,2219.697669450403,999070
2021-11-25,2167.1572265625,2202.1686180698252,2159.7305131551993,2202.1686180698252,1363272
2021-11-26,2154.287841796875,2181.8725248495225,2145.1542867836642,2162.4986039100554,2450902
2021-11-29,2149.02880859375,2160.8838919689742,2107.790083240306,2153.641646446176,1724612
2021-11-30,2138.096435546875,2178.18194989089,2123.7504653319897,2142.201816029922,3931035
2021-12-01,2163.28271484375,2174.261179127797,2143.3551647008185,2158.808171914308,1263139
2021-12-02,2198.75537109375,2203.0913936974166,2163.4209875294982,2174.4917985531033,1673117
2021-12-03,2162.17529296875,2204.8440410611165,2156.8705296924018,2198.7552305291224,1890178
2021-12-06,2127.90234375,2180.903811665437,2122.828221534251,2162.498631584652,1079171
2021-12-07,2141.8330078125,2160.330307809702,2132.976268850808,2147.645003442618,895313
2021-12-08,2159.36181640625,2162.913566527393,2138.74234043503,2138.74234043503,839769
2021-12-09,2158.577392578125,2166.742205367051,2141.7867084684403,2159.730601998244,716666
2021-12-10,2152.16552734375,2165.265940907881,2140.356618196116,2165.265940907881,724539
2021-12-13,2125.91845703125,2169.878707242946,2122.8277658869124,2169.878707242946,1804894
2021-12-14,2138.78857421875,2144.9235588423635,2125.5958121085027,2126.518379735286,1219031
2021-12-15,2141.233154296875,2144.785129532136,2122.366692557421,2136.6664898774125,755122
2021-12-16,2130.669921875,2145.246535342089,2125.549626528378,2141.2332760940308,926493
2021-12-17,2057.556396484375,2130.162421789475,2053.6354841718276,2124.673189599155,2439222
2021-12-20,2093.3984375,2098.241917877189,2030.7097827148127,2053.635679928007,2175705
2021-12-21,2096.857666015625,2124.3961711894704,2078.313968874475,2112.6796087992666,1591415
2021-12-22,2101.285888671875,2137.9579487583514,2093.3057694645254,2121.90536349423,1661605
2021-12-23,2122.505126953125,2126.518386236396,2098.4724203909404,2120.936807030046,1423081
2021-12-24,2119.091796875,2133.8990532515572,2106.4988380819586,2131.1313501993504,895503
2021-12-27,2123.197021484375,2129.3784047009017,2101.839671267297,2119.0916406401966,584302
2021-12-28,2130.30126953125,2138.880969368551,2119.8300355336614,2131.1314904070323,783710
2021-12-29,2128.22509765625,2142.0636112628677,2121.029025533564,2135.6515864361554,1410236
2021-12-30,2145.523193359375,2149.5824005018867,2118.8146824860523,2129.2859143168903,963711
2021-12-31,2177.39794921875,2186.8083194384603,2149.5826246636298,2158.808301164332,1123597
2022-01-03,2178.458740234375,2193.8655728433496,2170.8013847352404,2193.8655728433496,879278
2022-01-04,2215.315673828125,2221.635352622563,2172.9699067945844,2185.516692283363,1484275
2022-01-05,2228.738525390625,2232.6132636935977,2206.781374692184,2217.6677158185908,1202512
2022-01-06,2206.228271484375,2225.2332558870316,2184.3634624003967,2212.3173082989642,1198901
2022-01-07,2229.0615234375,2234.3662869156815,2203.091336677933,2203.091336677933,1026186
2022-01-10,2220.666259765625,2237.2263021923413,2216.0072486045374,2237.2263021923413,919447
2022-01-11,2217.529296875,2231.0450459867716,2206.7814755188997,2229.983958212586,1321335
2022-01-12,2226.293701171875,2228.9231086751847,2212.7781772174794,2220.804469523497,1487554
2022-01-13,2227.2626953125,2234.366420914234,2217.1606249563256,2230.7684973033997,1586299
2022-01-14,2180.6728515625,2233.536016707784,2177.99749578815,2232.613449166806,1596037
2022-01-17,2204.521484375,2208.811333680341,2163.421052174502,2180.949836818986,912205
2022-01-18,2186.02392578125,2222.1885306139893,2174.8607677391096,2222.1885306139893,1667579
2022-01-19,2131.03857421875,2185.193466557672,2126.564256993739,2180.9495659710296,2145255
2022-01-20,2086.66357421875,2145.477262424906,2069.3192571985483,2144.969805165682,2829711
2022-01-21,2145.338623046875,2153.595783317832,2075.777115579289,2089.4311612090123,4596050
2022-01-24,2107.6982421875,2163.37506733587,2091.184145335836,2157.7934877442076,2231103
2022-01-25,2147.045654296875,2152.996170843873,2067.3818442545667,2106.6833179017785,1843543
2022-01-27,2117.61572265625,2145.5233937674066,2098.841381086976,2131.131248488314,2620474
2022-01-28,2106.729248046875,2139.1574084769786,2101.655126343169,2116.923664880657,1967721
2022-01-31,2097.68798828125,2132.8379023904786,2095.1509274927844,2112.6797111221827,1639875
2022-02-01,2127.1181640625,2140.35710088012,2101.9781938043175,2124.9502650718982,1270508
2022-02-02,2147.64501953125,2152.3502043716894,2118.7226604993693,2144.139442850704,1246111
2022-02-03,2120.198486328125,2151.3813139975136,2112.679651027034,2148.6597848218175,1448039
2022-02-04,2127.994873046875,2133.6685746436697,2106.222183941843,2127.441242299558,1014561
2022-02-07,2082.78857421875,2137.3121808433843,2063.783592747155,2117.523152102328,1207402
2022-02-08,2089.01611328125,2092.3833950526905,2072.59436433985,2092.3833950526905,1190660
2022-02-09,2101.285888671875,2103.777001244082,2080.9434543977854,2091.9680915652184,1049611
2022-02-10,2106.3603515625,2108.067191899897,2081.1744335725684,2103.454353405586,1195100
2022-02-11,2083.157470703125,2102.5313887211787,2074.854362981102,2102.5313887211787,2100036
2022-02-14,2055.98779296875,2063.091517484228,2036.1064188206558,2048.0997960044656,1661501
2022-02-15,2112.772216796875,2125.7341117924484,2050.452728424556,2073.8858561014426,1533070
2022-02-16,2109.45068359375,2125.364973684278,2098.8411568667316,2112.772016837564,995668
2022-02-17,2128.87109375,2133.899042555724,2099.7640384162682,2105.299444492937,869374
2022-02-18,2133.483642578125,2147.552797780108,2116.3699693999442,2116.3699693999442,890713
2022-02-21,2117.108154296875,2125.64190451936,2107.836304953848,2120.060325542813,737919
2022-02-22,2094.182373046875,2103.454222892399,2075.869540502473,2103.454222892399,902667
2022-02-23,2085.371826171875,2097.872662877861,2077.852989918128,2094.2285657072484,1324411
2022-02-24,2003.26318359375,2068.3965458271337,1993.0228184416958,2029.6487068776512,2997629
2022-02-25,2002.6177978515625,2025.9588072998577,1994.7297984316247,2025.0362395369707,2193728
2022-02-28,2003.9091796875,2011.1050267987432,1955.8433174978943,1996.4362920120016,2334036
2022-03-02,1982.690185546875,1987.948775995453,1958.6572537160741,1964.1003126435737,2034688
2022-03-03,1929.089111328125,2000.080652659017,1925.0299034360949,1990.8088019834302,2372998
2022-03-04,1863.1251220703125,1917.0491490136667,1822.3015089722135,1914.3276198543692,6320118
2022-03-07,1793.42529296875,1826.8223086278842,1777.7878167426256,1826.2226171468747,2976453
2022-03-08,1798.084228515625,1806.3873368053328,1754.3084415243552,1775.5274960424974,3211938
2022-03-09,1843.197998046875,1851.6395148775414,1799.9295511516395,1811.9229310414248,2879079
2022-03-10,1939.1907958984375,1950.307779804072,1890.3408896965675,1893.016245468416,4879791
2022-03-11,1932.2255859375,1946.8021997783435,1909.715025489989,1937.3920548449164,2481643
2022-03-14,1899.843505859375,1932.7791241690913,1887.665545954839,1932.7791241690913,1730325
2022-03-15,1880.377197265625,1919.6786662839345,1868.1993502519686,1886.6507018593952,2391023
2022-03-16,1911.6983642578125,1918.940610019928,1874.703538600609,1900.4892580005055,2808685
2022-03-17,1939.2833251953125,1952.7988508350625,1921.108787992415,1935.6392281162618,2995889
2022-03-21,1892.37060546875,1947.4478458328756,1887.5732990228782,1943.3886385101139,1674982
2022-03-22,1839.138427734375,1894.7231231299086,1816.5355225527887,1894.7231231299086,5356303
2022-03-23,1825.34619140625,1860.403760616855,1822.3016732433457,1856.2060329404437,3212162
2022-03-24,1813.6756591796875,1837.1549594464946,1800.2522556130125,1817.4581637989966,3054664
2022-03-25,1801.7745361328125,1823.9161586966566,1794.3939952781977,1821.9787892459435,2233647
2022-03-28,1822.1634521484375,1827.4221556393338,1781.7550542286372,1808.1865288900228,1794533
2022-03-29,1833.1881103515625,1840.3840705149553,1821.1947307944522,1826.683963313727,1249125
2022-03-30,1859.803955078125,1862.6638919725888,1840.568444096235,1845.1351084423861,1476829
2022-03-31,1890.01806640625,1894.9538932724129,1861.7414589209975,1863.0330761138428,2540524
2022-04-01,1917.233642578125,1924.3375928229545,1880.561695492296,1895.7839472795958,1714996
2022-04-04,1963.63916015625,1967.3294309264415,1909.899592065337,1917.0956651144609,1693019
2022-04-05,1974.1102294921875,1990.9009150538282,1962.3013189617668,1978.4462522395434,1277652
2022-04-06,1976.186279296875,1996.8055332148851,1957.0429986261718,1969.6821316602986,1736115
2022-04-07,1997.1744384765625,2006.5845831987992,1969.774225077371,1974.2485429142564,1824732
2022-04-08,2014.01123046875,2023.652016775644,1995.9749889647164,2009.0754037479765,1693462
2022-04-11,1995.5599365234375,2024.2057061865446,1973.2797933471386,2018.5779536071311,1380107
2022-04-12,1967.1448974609375,1997.3589883939171,1960.4562819108885,1975.1250176433941,1370233
2022-04-13,1985.5040283203125,1997.3591136157227,1965.7149957753902,1972.1729698147942,1071601
2022-04-18,2009.0291748046875,2013.8726545377579,1969.727931540936,1981.6751365019315,1828131
2022-04-19,1949.4315185546875,2035.9684047628139,1938.360707318754,2016.4559648177424,1775996
2022-04-20,1997.3126220703125,2000.7260770430842,1930.6571149226909,1950.676786209057,1511804
2022-04-21,2027.7574462890625,2033.1083835084473,2000.1265912405281,2015.8102407105875,2244813
2022-04-22,1962.25537109375,2019.500743286233,1955.8435704736473,2013.0427692327823,3520828
2022-04-25,1938.083984375,1994.5912527519934,1888.4959733502915,1937.3920586397714,2437310
2022-04-26,1981.9984130859375,1990.8549278851706,1956.7660963366463,1976.32448657574,1447088
2022-04-27,1978.999755859375,1985.734318833927,1940.6208554083446,1981.4906432150797,2214481
2022-04-28,2068.258056640625,2075.776891731748,1997.3586535996596,2057.3255415830213,5865359
2022-04-29,2061.7998046875,2112.679305733287,2050.4521808365444,2070.610143000634,2678692
2022-05-02,2057.78759765625,2077.6228065105915,2035.092338360951,2048.1006351925016,1543544
2022-05-04,2003.4019775390625,2076.561642786909,1982.27504160798,2068.3506549366375,1608395
2022-05-05,1998.835205078125,2031.4478370898294,1986.841825361155,2009.352386427738,1101451
2022-05-06,1982.7822265625,2001.9716775512509,1943.1118200488115,1960.4561358508793,1585602
2022-05-09,1952.752685546875,1973.7410991465922,1946.7559959469559,1957.2272286505406,1341414
2022-05-10,2011.566162109375,2027.711093962965,1954.9206055861223,1968.7591186034851,2162232
2022-05-11,1995.974853515625,2020.1460777829693,1952.152895788797,2015.8100554340838,1858636
2022-05-12,1973.187744140625,1997.220676583321,1945.8796514777882,1997.220676583321,1531515
2022-05-13,2024.2060546875,2046.2553345185963,1987.3492917148835,2001.9720811115212,2057239
2022-05-16,2045.5628662109375,2049.898888576567,2004.0935005754961,2029.648576238161,1396818
2022-05-17,2071.16455078125,2100.686718097508,2049.2997406598984,2064.6142298134505,2055096
2022-05-18,2113.971435546875,2123.75074278888,2062.953624390855,2062.953624390855,2137455
2022-05-19,2089.200439453125,2106.9598652076074,2071.5793087399024,2071.7178290173856,1734602
2022-05-20,2145.845703125,2166.1883603295064,2105.9446611385215,2112.679448532611,2599505
2022-05-23,2195.526123046875,2203.0911312980625,2127.763587024667,2130.2083007400443,2363306
2022-05-24,2130.8076171875,2195.710321187663,2123.7962403791926,2195.710321187663,3078655
2022-05-25,2120.706298828125,2149.5365390709167,2109.4510180845896,2149.5365390709167,1884260
2022-05-26,2103.638916015625,2118.2155313570597,2083.1579572318124,2112.818419982746,2299127
2022-05-27,2150.13623046875,2154.103091129157,2103.915501640559,2119.1378676905783,1011303
2022-05-30,2167.06494140625,2181.872195220209,2150.5048993904047,2160.8376106165097,939562
2022-05-31,2171.032470703125,2184.5479976046063,2125.5036639702707,2177.2598027661215,3123979
2022-06-01,2129.701171875,2226.8937604870093,2123.7506557885217,2186.4852537874876,2197599
2022-06-02,2107.88232421875,2128.3171047841256,2082.373197034353,2117.292467917809,1460335
2022-06-03,2114.478759765625,2144.923490479133,2089.753903108621,2107.1443924137075,1845303
2022-06-06,2103.91552734375,2123.7045584032867,2073.5631417313366,2096.258170795974,2131405
2022-06-07,2040.350830078125,2084.8647219230384,2036.153101965706,2075.777339918227,2034730
2022-06-08,2026.9271240234375,2047.1312637050473,2016.7327073311749,2043.4871668520366,1506843
2022-06-09,2027.5267333984375,2037.352213305358,2002.6635820680556,2026.880981137173,1497867
2022-06-10,2029.556396484375,2037.8135567883126,1995.3292732725188,1995.5137417473939,1641981
2022-06-13,2026.7889404296875,2045.332641755261,1989.0560106559958,2000.126823331261,1519441
2022-06-14,2002.8941650390625,2042.5183965410713,1992.745921918183,2021.207221128956,1592475
2022-06-15,1997.8216552734375,2009.3158223004025,1983.3490254335939,2009.1297251808,1432377
2022-06-16,1997.9613037109375,2014.0626820577506,1987.118589496444,1996.3791372522528,1353485
2022-06-17,1964.2230224609375,2010.7120870360616,1954.497117961761,2010.3398927606684,3252189
2022-06-20,2043.7523193359375,2050.267309486482,1962.0822642344667,1964.7348868285467,2022000
2022-06-21,2052.221923828125,2077.351171875,2021.6479144811628,2042.914794921875,1606187
2022-06-22,2050.220947265625,2070.742984376333,2034.584925523086,2037.516580188952,1741378
2022-06-23,2096.52392578125,2100.944811964209,2040.2157965035597,2055.0140404155354,1585753
2022-06-24,2144.26953125,2158.1372909061834,2103.457903649479,2108.0648874286912,1930048
2022-06-27,2159.85888671875,2170.2830533947563,2138.824910673951,2155.391646400277,1450391
2022-06-28,2157.066650390625,2162.9767681643098,2120.024458946331,2159.8587890758627,1404108
2022-06-29,2078.70068359375,2140.5465104291675,2070.83620502413,2137.1029181399363,1682914
2022-06-30,2076.048583984375,2093.1736129155265,2060.0401380238955,2070.7433379120807,2387212
2022-07-01,2124.21337890625,2134.125383670931,2050.9197138543154,2071.7675988013484,1235612
2022-07-04,2210.62939453125,2213.5146956198773,2118.302713618169,2118.302713618169,2410245
2022-07-05,2235.107421875,2244.879909041224,2207.279192167795,2219.285299796351,2463079
2022-07-06,2325.29345703125,2335.2522687193914,2233.7113812883754,2233.7113812883754,4770394
2022-07-07,2301.606689453125,2355.634625053916,2294.6729229831803,2331.4360868273643,3333262
2022-07-08,2323.850830078125,2330.3192399417867,2282.85287724535,2304.8641486646393,1346970
2022-07-11,2318.033935546875,2350.0503725041167,2308.168286657509,2314.683277789203,1587197
2022-07-12,2279.828125,2318.0339399396685,2275.0813977051125,2303.5147259287196,1116476
2022-07-13,2324.6884765625,2344.7919689512937,2290.856966946483,2293.2769117205485,2528792
2022-07-14,2324.73486328125,2348.0956221051606,2297.1856689370916,2329.3418469612275,1663307
2022-07-15,2390.536376953125,2395.562136339821,2328.690542605013,2354.7039259067183,2996964
2022-07-18,2376.575439453125,2424.50715479749,2357.542405698242,2402.1700447340963,1566888
2022-07-19,2390.0244140625,2396.585986188102,2347.9562317110817,2373.2715799842917,1473121
2022-07-20,2424.042236328125,2436.606863009035,2359.916195491061,2396.5862002476183,4012897
2022-07-21,2426.78759765625,2447.68205933035,2412.1288677174807,2435.6759523656815,1990695
2022-07-22,2457.640869140625,2460.0605866356937,2430.1382542048914,2435.6759511785335,1905780
2022-07-25,2441.81884765625,2470.1124334722404,2431.0224853916698,2462.2013725511724,1253821
2022-07-26,2370.619140625,2443.1215914391,2362.2427237400657,2443.1215914391,1685576
2022-07-27,2403.05419921875,2411.011840198826,2350.0501434093944,2359.683113104987,1404133
2022-07-28,2438.5615234375,2443.1219268109276,2405.8934022119042,2443.1219268109276,1442054
2022-07-29,2454.662353515625,2461.735863142762,2416.130926547679,2457.08229818408,1463059
2022-08-01,2413.338623046875,2455.220704819767,2401.2393549791504,2454.755348355624,1559918
2022-08-02,2452.661376953125,2456.2447128108165,2418.923031477534,2419.853744456171,1359934
2022-08-03,2444.378173828125,2479.419427322071,2417.8992072482,2434.0471686576752,1767904
2022-08-04,2445.8671875,2460.293239027102,2433.814499572328,2451.4980466055495,1189384
2022-08-05,2462.107666015625,2473.508898351791,2445.494578089244,2455.2204818616633,1176666
2022-08-08,2466.715087890625,2473.8349508660503,2444.0987184027517,2462.107877139054,1024511
2022-08-10,2459.6884765625,2491.239557844071,2448.8921143690263,2466.7154054852,1098949
2022-08-11,2432.6044921875,2482.909574652417,2425.996566305174,2472.0202781337725,810674
2022-08-12,2415.153564453125,2444.1454096642437,2405.986178077577,2443.0283723257335,1473527
2022-08-16,2461.2705078125,2464.853843722323,2411.0585873295126,2427.2529025034546,1584117
2022-08-17,2498.638671875,2507.3409296886975,2461.2706342100078,2467.320268969836,1711381
2022-08-18,2496.21875,2526.885696712183,2480.0242080950043,2498.964307798236,1465489
2022-08-19,2452.009765625,2511.9475867046986,2444.517481183829,2502.6870386077735,1324508
2022-08-22,2444.7041015625,2482.0257884835946,2438.5615313187377,2464.5283364205266,1410895
2022-08-23,2413.106201171875,2447.4960020805047,2406.125853468167,2421.761877769445,1305045
2022-08-24,2408.91796875,2429.160976890756,2383.835298360793,2397.5167342799186,1242489
2022-08-25,2395.84130859375,2446.2859066842084,2387.6975700156136,2420.9705590634285,1106593
2022-08-26,2393.375244140625,2433.5354222805295,2384.486888864015,2419.760823379198,1048791
2022-08-29,2397.33056640625,2427.2063170667802,2373.3181258060654,2373.3181258060654,1450034
2022-08-30,2475.556884765625,2482.211391344048,2406.4514495172953,2409.336523273569,2227943
2022-09-01,2425.437744140625,2471.042674863146,2414.269189677967,2466.3891105037055,1702269
2022-09-02,2423.20458984375,2441.260332138511,2405.8932362097025,2433.814627732446,937600
2022-09-05,2420.412353515625,2440.7017154276723,2406.91701482145,2417.0616957774732,1274074
2022-09-06,2394.8173828125,2438.4677256372224,2385.4170919115268,2411.663149467696,1250776
2022-09-07,2386.906494140625,2416.968340289085,2383.3697395276185,2393.607581856152,1344964
2022-09-08,2398.586669921875,2416.130699054169,2385.417173218734,2401.2392925885038,1004533
2022-09-09,2409.336669921875,2463.597282642268,2404.450426728119,2417.992346167213,1785443
2022-09-12,2401.61181640625,2424.507447878851,2395.6553438925766,2411.477465433437,1595709
2022-09-13,2407.382080078125,2428.229958165931,2400.3085711421754,2417.9921162572205,1342130
2022-09-14,2393.235595703125,2425.438360139052,2370.247027373951,2373.3184260762023,1610054
2022-09-15,2382.997314453125,2418.7368275905487,2374.2487037299434,2401.239378919347,1199906
2022-09-16,2352.98193359375,2386.2085688174784,2344.140160268356,2377.971668040198,2516820
2022-09-19,2400.541015625,2408.684752713967,2334.2743089860223,2355.634122534409,1166725
2022-09-20,2404.543701171875,2439.8642153192604,2400.867430137537,2418.550977759535,1253333
2022-09-21,2441.81884765625,2463.364763863094,2401.2396678064733,2403.101093905548,1960049
2022-09-22,2506.177490234375,2514.088550922145,2438.5146989733626,2441.3534191357107,2620240
2022-09-23,2496.21875,2535.029435145417,2488.7264651964556,2510.9704141412954,1789791
2022-09-26,2476.208251953125,2539.9155045237885,2459.920776200407,2483.6073740643938,2678551
2022-09-27,2493.61279296875,2525.7223913106077,2469.553771147301,2490.5879757336475,1898501
2022-09-28,2514.879638671875,2521.068789110069,2468.29740849411,2484.957079976139,1526197
2022-09-29,2513.43701171875,2538.05432487034,2504.6418194042685,2523.256079212632,2019666
2022-09-30,2509.620849609375,2526.7924578252405,2483.0489498545553,2519.439916524358,1340054
2022-10-03,2440.794677734375,2544.5691702290874,2436.1876941403398,2534.331327920192,1683197
2022-10-04,2483.095703125,2491.0533447206753,2451.6375582772425,2466.3894502184908,1327939
2022-10-06,2432.8837890625,2505.758662619022,2424.5539531332897,2495.520819589302,1752351
2022-10-07,2419.574462890625,2431.9529908377535,2396.585897974441,2430.929115680719,1025923
2022-10-10,2425.06591796875,2429.8124180009304,2365.872479442097,2391.93244381046,1043728
2022-10-11,2373.9228515625,2429.6726925816597,2368.6644143812155,2429.160755023565,1129783
2022-10-12,2411.80322265625,2424.1351699022425,2377.227098382573,2385.8361936297756,882873
2022-10-13,2388.58203125,2426.5085904290845,2385.324535369588,2404.0319597441926,753331
2022-10-14,2397.33056640625,2443.0284379054874,2392.118482769441,2410.5466454265525,1001536
2022-10-17,2411.05810546875,2429.1138430185265,2390.0704862446546,2395.2825688491293,778918
2022-10-18,2421.94775390625,2458.943593359713,2417.0615109595665,2438.4679086307524,1123374
2022-10-19,2404.03173828125,2436.141337573044,2399.750367485734,2434.0938143675244,1241979
2022-10-20,2420.691162109375,2429.1607406390854,2390.210313735455,2390.210313735455,1428125
2022-10-21,2470.018798828125,2481.9785501170427,2425.437743172406,2425.437743172406,2458302
2022-10-24,2394.8173828125,2457.0819830848345,2373.317824570579,2429.253759090583,719908
2022-10-25,2331.80810546875,2406.823659209532,2326.7823464902667,2406.823659209532,2923789
2022-10-27,2344.466064453125,2354.7039075293396,2315.6139612383386,2321.19823927991,1846329
2022-10-28,2349.352294921875,2374.1557055312574,2337.9510606492026,2351.0742048652405,1164951
2022-10-31,2373.9697265625,2393.79395993383,2365.9191495856394,2368.664707632814,1324443
2022-11-01,2390.92822265625,2413.4620965488507,2386.9930468593743,2407.0438460978403,1280132
2022-11-02,2359.540283203125,2402.359198201214,2343.705563094823,2402.359198201214,1338284
2022-11-03,2385.822265625,2388.3051119623005,2350.170980365437,2357.104375655982,730444
2022-11-04,2361.461181640625,2385.494052611196,2356.6826063748276,2384.5102013800715,889055
2022-11-07,2373.126220703125,2391.1157606130273,2358.3222450873786,2371.533438556047,1283685
2022-11-09,2350.639404296875,2384.463438301821,2335.5074009596337,2351.7637077299682,1436444
2022-11-10,2355.13671875,2377.9983927279977,2343.377855100694,2346.141834275377,1459152
2022-11-11,2345.251708984375,2386.2436029803034,2337.7091547392424,2384.5570335917323,1162847
2022-11-14,2302.854736328125,2355.277475157068,2300.3716611135987,2348.765664734966,2137131
2022-11-15,2302.5732421875,2313.3482543076043,2290.064767052659,2302.85437521008,1558333
2022-11-16,2321.640625,2326.4658654402274,2275.026981501953,2308.2420847371077,1330395
2022-11-17,2304.91552734375,2340.519913538491,2299.528021537967,2323.6077843461094,960476
2022-11-18,2327.12158203125,2331.6659179626067,2294.4687464064905,2314.285308458912,1075675
2022-11-21,2343.7060546875,2353.6378984658395,2314.3325660944556,2327.121948047723,1354881
2022-11-22,2357.104248046875,2364.881042072989,2339.583186234649,2347.922017585297,921265
2022-11-23,2349.28076171875,2365.817972083248,2344.267946991005,2362.070141632423,734152
2022-11-24,2388.4453125,2398.6113936957,2352.8409246248293,2358.3222179422173,999929
2022-11-25,2377.483154296875,2394.3014984426877,2359.4467194505132,2393.926806880716,783480
2022-11-28,2366.005126953125,2382.2145380949587,2362.81956282672,2367.6916962697974,830905
2022-11-29,2468.1337890625,2473.5212955351185,2367.8793207894287,2367.8793207894287,2542932
2022-11-30,2515.122314453125,2527.911694647924,2457.6398721502983,2467.946406116617,3698270
2022-12-01,2494.9775390625,2513.857142464212,2479.986218048923,2511.046269774166,1675569
2022-12-02,2450.238037109375,2492.3073440103817,2442.789040807247,2492.3073440103817,2101890
2022-12-05,2454.6884765625,2459.5137167355674,2422.175864621739,2436.089776576181,1640511
2022-12-06,2487.200927734375,2492.260407447323,2439.6972215426445,2442.4612008071144,1484562
2022-12-07,2536.67236328125,2548.3374401729443,2488.7937362807015,2492.3542210697833,2368561
2022-12-08,2534.8916015625,2540.1386550186576,2516.433584715747,2525.147335143222,1314703
2022-12-09,2550.632568359375,2568.7627875835333,2540.326035802867,2552.9280684970827,1883397
2022-12-12,2545.947998046875,2552.272461746136,2519.1509196139464,2531.846740641604,1163204
2022-12-13,2539.4365234375,2548.524967461279,2527.724552079682,2545.7140943354025,1265839
2022-12-14,2515.403564453125,2548.5251128422346,2502.942209217099,2548.5251128422346,886858
2022-12-15,2495.352294921875,2514.0914466719687,2481.4852768769233,2500.130870117913,990722
2022-12-16,2502.89501953125,2518.2610335119625,2486.029781808769,2499.8030135322433,1793864
2022-12-19,2546.74462890625,2548.5247569057906,2502.8949660154867,2502.8949660154867,1546941
2022-12-20,2505.93994140625,2535.4541051770434,2485.9826992018316,2535.4072115481604,827567
2022-12-21,2498.116455078125,2525.241333452075,2483.0315740758383,2518.4952840830792,779092
2022-12-22,2478.580810546875,2519.010438376079,2475.441911173368,2507.766947485057,852567
2022-12-23,2455.860107421875,2482.5165102824844,2443.6327627487135,2466.0728556357817,1189702
2022-12-26,2452.439697265625,2471.553770123414,2442.414296397516,2455.7190489630993,605144
2022-12-27,2429.76513671875,2468.7893266975734,2412.899901025725,2459.5135385661692,870960
2022-12-28,2420.7236328125,2438.994305151716,2415.570366255285,2429.5309423377967,822651
2022-12-29,2406.154296875,2420.4429019760137,2379.3103211896605,2417.5851352059226,1345863
2022-12-30,2399.595458984375,2423.3940920296754,2394.114165177963,2417.303867244519,696432
2023-01-02,2397.1123046875,2417.397574589378,2378.0453542016885,2411.6351479258137,681703
2023-01-03,2381.79345703125,2400.485718102652,2375.187859246769,2389.289118914475,821843
2023-01-04,2376.21826171875,2397.1122332067716,2367.738749685802,2389.7103596638617,1672649
2023-01-05,2420.8173828125,2428.547283259781,2377.5299860576115,2377.5768796889943,2008493
2023-01-06,2414.024169921875,2447.23926843855,2412.5718400080136,2417.350414886035,991782
2023-01-09,2458.6240234375,2463.683503774961,2407.9814114278147,2426.1116353443763,1267078
2023-01-10,2477.175537109375,2486.076634650193,2450.2380050779525,2458.6237301691544,1413088
2023-01-11,2429.76513671875,2480.923109820686,2424.9398968952273,2477.315731797696,1471687
2023-01-12,2426.767333984375,2438.52619885642,2410.557920042191,2423.066396823305,1703829
2023-01-13,2458.576904296875,2472.865508637777,2404.842290898694,2426.9076895815797,1348015
2023-01-16,2433.37255859375,2462.277561927778,2421.098323118427,2462.277561927778,930068
2023-01-17,2499.381103515625,2506.3613913603754,2437.7761459522812,2441.1959494351263,1892865
2023-01-18,2516.85546875,2523.6953050053735,2492.307225288396,2499.8028861163307,2038075
2023-01-19,2482.703125,2510.3902647563878,2447.2391922770157,2501.7703015431557,1649842
2023-01-20,2388.07080078125,2440.77466838064,2376.1714844242506,2389.2419978390144,4569549
2023-01-23,2432.716796875,2439.8377666491706,2391.115967929602,2398.611629271074,1388360
2023-01-24,2436.55810546875,2445.459202181672,2418.100087508677,2439.8374568893,1462462
2023-01-25,2457.03076171875,2475.4418863685496,2430.4679232551166,2436.558147426727,1591810
2023-01-27,2447.4736328125,2479.7051105733485,2415.6639689590274,2469.3516836418157,1581382
2023-01-30,2406.247802734375,2445.459573604007,2370.6903041094456,2445.459573604007,2744039
2023-01-31,2414.305419921875,2426.907453495928,2380.996532538842,2406.107041179538,2366794
2023-02-01,2411.962890625,2438.9004192665343,2386.2903461324786,2436.276892466349,2014615
2023-02-02,2468.74267578125,2473.33367624611,2401.422184759458,2407.5124087941585,1980667
2023-02-03,2481.766357421875,2489.9178425109067,2465.275812730749,2473.567978704578,1638238
2023-02-06,2471.3193359375,2478.2527303373595,2435.8554010187336,2465.13532458132,1697446
2023-02-07,2437.21435546875,2478.7685215087567,2431.6863964659933,2478.253149017107,1495745
2023-02-08,2419.974609375,2443.117420881396,2415.805192987625,2429.2503999334044,1061956
2023-02-09,2423.628173828125,2435.995968376085,2404.2331972927545,2423.909306857504,1102484
2023-02-10,2415.008056640625,2423.581126622247,2394.2545386526676,2422.035238182741,1523011
2023-02-13,2418.28759765625,2427.422934377346,2389.241911671227,2398.6114877954283,1146525
2023-02-14,2416.975830078125,2437.9635880682663,2408.168291703254,2422.035309437536,1944364
2023-02-15,2387.78955078125,2409.6676022484476,2377.0614320074883,2389.2418808116263,2009134
2023-02-16,2367.785400390625,2400.391338537645,2363.8033309977295,2398.6112107794006,1982857
2023-02-17,2356.917236328125,2385.728687338695,2348.8593081229487,2365.8183350143177,1395341
2023-02-20,2353.122314453125,2382.683374941272,2350.0772019998967,2359.2594329933636,632091
2023-02-21,2357.52587890625,2383.573347098075,2353.9187292349884,2368.6289184613074,862797
2023-02-22,2336.8193359375,2364.4595873600997,2326.2316684562447,2357.5259633129067,885515
2023-02-23,2333.633544921875,2357.2917262478927,2323.7488244366887,2334.8985292846232,757215
2023-02-24,2327.58984375,2352.9345906153176,2316.1121140396817,2335.0855039689836,732783
2023-02-27,2312.5517578125,2330.213499681786,2301.167814723951,2330.213499681786,853991
2023-02-28,2305.524658203125,2318.361160496719,2282.1007178854966,2314.0510639785084,1780454
2023-03-01,2310.771728515625,2314.285319587874,2293.6722519640143,2303.0418281566776,967339
2023-03-02,2300.55908203125,2314.2854202507797,2289.924521090245,2310.7718290257026,827174
2023-03-03,2315.22216796875,2332.9305746375862,2300.8397776918437,2310.537380093459,1176008
2023-03-06,2328.199462890625,2341.316870862725,2319.532604051916,2325.482148275311,1214503
2023-03-08,2328.43359375,2343.7058207487166,2311.6619142323125,2330.213721820577,1448340
2023-03-09,2306.227294921875,2334.8513947284646,2302.0109858136857,2328.199133162967,1038910
2023-03-10,2310.022216796875,2314.753898729146,2290.9552656680103,2295.5462667016423,772024
2023-03-13,2300.324951171875,2331.6192469936127,2290.861586859306,2310.537698648282,1314549
2023-03-14,2288.47216796875,2316.1593122939944,2285.9424280620037,2306.7897357879506,1250763
2023-03-15,2254.413818359375,2304.4472637094073,2242.139582051885,2297.326294305923,1738040
2023-03-16,2304.306640625,2313.6293224916835,2255.9595395760243,2272.0751636758823,1628035
2023-03-17,2293.110107421875,2326.653237719197,2285.98936638772,2315.831330893253,2127178
2023-03-20,2352.887939453125,2357.9943127536376,2272.1222380205863,2293.1099972967613,1561128
2023-03-21,2307.351806640625,2364.178191841623,2303.7444284912676,2356.4482918782055,1595161
2023-03-22,2320.235107421875,2324.9665604311444,2299.668704542479,2316.7215163262267,1063244
2023-03-23,2328.43359375,2342.4410651457583,2310.5376107798725,2318.9702297973176,1578627
2023-03-24,2324.40478515625,2340.4266251090366,2314.285595910074,2316.346857168687,1449326
2023-03-27,2341.45703125,2347.0787768232294,2308.663515406163,2328.3396249124653,1387736
2023-03-28,2326.278564453125,2355.0431193654704,2316.065588531859,2351.576421713068,1412387
2023-03-29,2371.299072265625,2379.6847964657045,2323.7015836712835,2328.33947772613,2613254
2023-03-31,2398.939697265625,2406.528917254898,2357.900904964468,2397.4873671058185,2146167
2023-04-03,2376.21826171875,2407.9810328704666,2356.4952584817374,2407.9810328704666,918048
2023-04-05,2419.92724609375,2425.361645934174,2344.2679197469993,2354.1059745660814,1489612
2023-04-06,2403.53076171875,2422.0356764615412,2392.053029789677,2412.6660993765836,797414
2023-04-10,2372.5166015625,2406.9966798162495,2365.8174476165204,2403.5299831676352,853322
2023-04-11,2387.133544921875,2393.9264870082975,2373.313421366739,2379.8721240708715,913184
2023-04-12,2369.5185546875,2394.863300072336,2359.867846969413,2394.863300072336,1109809
2023-04-13,2376.311767578125,2400.813345533759,2365.817888436723,2365.817888436723,1261711
2023-04-17,2390.9755859375,2416.4138958617837,2381.1841950233493,2410.792149690721,1566977
2023-04-18,2380.856201171875,2398.611502284606,2370.5027737422083,2398.611502284606,1474786
2023-04-19,2372.001953125,2387.3679662747263,2351.9978168528773,2387.3679662747263,1320243
2023-04-20,2335.460693359375,2372.7514242465463,2323.6549356542655,2359.071980020171,1401364
2023-04-21,2340.4736328125,2351.2955408844537,2328.9490064079446,2334.89877979042,1206288
2023-04-24,2342.159912109375,2346.985152561744,2319.0639972751146,2344.268066845747,1735797
2023-04-25,2333.446044921875,2342.159796485265,2321.8278620036335,2333.8209652172677,1701098
2023-04-26,2352.513427734375,2359.25947739244,2325.7163461418977,2333.0246619170675,1245903
2023-04-27,2313.301513671875,2363.0071620979274,2302.1049156521044,2355.464607365137,2743893
2023-04-28,2302.38623046875,2312.2242864405675,2266.5007043645164,2282.4758790972137,3761927
2023-05-02,2297.139404296875,2321.7814403132074,2295.5466217785947,2315.972347673293,1760370
2023-05-03,2329.276611328125,2333.0244417566496,2298.0289836305337,2302.0579470910807,1258140
2023-05-04,2348.718505859375,2351.1546871627665,2323.7953417533013,2330.1666992972782,1150227
2023-05-05,2343.096923828125,2361.133359210987,2337.4282841007675,2342.394205566455,1354871
2023-05-08,2357.666259765625,2367.5512073785035,2339.7233859589787,2347.781312152746,972810
2023-05-09,2357.197998046875,2365.817962298237,2342.440915707787,2365.817962298237,1651327
2023-05-10,2363.66259765625,2375.187220452108,2347.8750013103713,2362.069815684325,2025658
2023-05-11,2428.968505859375,2435.1525167938507,2364.506013539371,2377.0142587826963,1749356
2023-05-12,2458.0146484375,2473.5682371862463,2423.3472148102687,2430.468184568607,2170011
2023-05-15,2494.415283203125,2502.3794225240854,2457.6865923198716,2471.647168570969,1561055
2023-05-16,2507.20458984375,2509.5469836938037,2483.4997470807257,2501.676631857383,1477905
2023-05-17,2493.94677734375,2505.4245074169953,2480.1735470057365,2503.5505923029964,839404
2023-05-18,2461.903076171875,2500.927270115609,2456.5624634096835,2497.4605726208124,1434067
2023-05-19,2474.926513671875,2482.0005890356556,2436.698599279995,2462.933411093132,1174757
2023-05-22,2471.787841796875,2488.043918287293,2457.6865847047507,2468.88318184788,768232
2023-05-23,2462.60595703125,2482.7505474861255,2459.513950885963,2466.072654754992,703864
2023-05-24,2450.097412109375,2471.694332141238,2443.5856020562355,2454.8290940902366,628872
2023-05-25,2433.51318359375,2460.5911673681608,2417.866037057171,2445.4593932735347,1072231
2023-05-26,2485.139892578125,2489.2155213980545,2438.99472500857,2439.6036560249395,947073
2023-05-29,2483.21875,2510.6247595458312,2478.29972264562,2501.6767687989336,698267
2023-05-30,2489.07470703125,2496.9919528391506,2483.7340945705564,2488.090855821525,948051
2023-05-31,2499.381103515625,2511.046179007778,2471.6939627695965,2489.0745706913394,3388305
2023-06-01,2527.81787109375,2559.065499215518,2487.154001892024,2498.8659721401505,1541080
2023-06-02,2545.432861328125,2565.577451272608,2521.962025898736,2539.155290676707,1509260
2023-06-05,2525.850341796875,2550.398585147234,2514.9346485160127,2545.1984247215364,1000190
2023-06-06,2521.4931640625,2537.187202681926,2501.817055942623,2529.7853296984927,655372
2023-06-07,2544.964111328125,2555.0832988556526,2510.437362049412,2520.415868691495,1428490
2023-06-08,2510.95263671875,2549.9770588783986,2506.2678486143086,2536.3442797445905,923536
2023-06-09,2470.007568359375,2519.4320815390515,2454.9226883162682,2519.4320815390515,1413808
2023-06-12,2476.80029296875,2489.4961130247957,2467.009132703909,2478.2526228643524,775484
2023-06-13,2507.20458984375,2526.9744854379633,2461.8559364064695,2463.8236387402744,1787924
2023-06-14,2528.6142578125,2531.753157191345,2484.811491141732,2502.613685082793,1536248
2023-06-15,2520.134765625,2546.1822321862073,2509.312859789837,2542.855987016174,1830192
2023-06-16,2544.44873046875,2552.272417668782,2514.044503108003,2520.1347273058177,1748145
2023-06-19,2534.625,2561.215681534716,2526.831966831268,2552.3364390198453,1068263
2023-06-20,2527.870849609375,2531.932488012985,2501.4217702752153,2522.108636507365,1129279
2023-06-21,2528.343505859375,2556.917961609869,2520.644795113001,2537.175471993452,1201840
2023-06-22,2507.32568359375,2529.6656181838885,2501.9884986425827,2520.833422303501,830052
2023-06-23,2495.281982421875,2513.1822966173913,2481.9156119396744,2504.4446537175895,991214
2023-06-26,2505.200439453125,2526.0761834675086,2495.8013848354094,2495.8013848354094,758700
2023-06-27,2504.4921875,2514.17444143718,2489.9923296006514,2505.2006451051598,687747
2023-06-28,2513.843505859375,2538.7340730259034,2495.659762322393,2506.003196288723,1397573
2023-06-30,2529.807373046875,2537.128101107674,2504.4920076017515,2518.283176287608,1160181
2023-07-03,2551.438720703125,2555.972894531802,2512.14285501147,2538.1669049426578,980665
2023-07-04,2550.447265625,2556.7761071606037,2526.832013165509,2551.4391523518384,721907
2023-07-05,2603.20361328125,2606.5567943547785,2546.7631646422487,2550.399774845032,1717547
2023-07-06,2604.384521484375,2611.8468488053127,2584.122450947951,2607.029245191542,1265020
2023-07-07,2548.652587890625,2616.239255649272,2541.945763973456,2600.606143081461,1178930
2023-07-10,2509.40380859375,2561.1684840987655,2504.161176830301,2559.7986150680663,1518183
2023-07-11,2535.8056640625,2566.2693379928464,2499.4381773549544,2509.9234410943345,2476367
2023-07-12,2525.556640625,2555.1229821645047,2496.1321289676907,2555.1229821645047,2395826
2023-07-13,2507.65625,2538.5922290929466,2504.3501148297614,2536.230703971348,1495067
2023-07-14,2528.626708984375,2537.6950582794675,2504.208676033007,2507.9398398406797,1419016
2023-07-17,2533.160888671875,2553.470006059391,2522.108996496163,2522.108996496163,912701
2023-07-18,2534.199951171875,2551.486361639526,2529.0045957679067,2536.797628873859,1215904
2023-07-19,2523.6201171875,2547.51856520983,2513.5126058978612,2534.152426227333,1166542
2023-07-20,2553.517333984375,2565.844542304715,2510.9626015033023,2521.2117136611337,1430764
2023-07-21,2459.7646484375,2528.107279975843,2448.4293274769584,2503.2167121195757,5198952
2023-07-24,2437.329833984375,2461.6062636803936,2432.370631725517,2459.7643203934936,1777469
2023-07-25,2425.900390625,2443.328631856111,2420.374559786347,2437.282988709528,1653775
2023-07-26,2440.211181640625,2454.852637375737,2429.8204711189323,2436.6216173368666,1300033
2023-07-27,2427.50634765625,2439.927878172612,2411.5895752902356,2419.1464560588693,2276136
2023-07-28,2441.439453125,2450.0825436342548,2423.1138780906617,2427.6480528732664,966450
2023-07-31,2418.95751953125,2439.8332637607236,2412.5341249153757,2432.418213062982,2003252
2023-08-01,2409.794677734375,2431.2372787397494,2404.032464452663,2427.647714594634,1758897
2023-08-02,2426.65576171875,2430.906506628262,2395.530909004859,2397.420128964642,2082908
2023-08-03,2409.983642578125,2419.193590473485,2396.664548759299,2416.2652071007064,1475310
2023-08-04,2404.977294921875,2417.2099494932445,2394.6338605350475,2409.9837745344507,1359318
2023-08-07,2426.892333984375,2431.426508795648,2398.1290012451245,2399.3097639242214,803823
2023-08-08,2423.727783203125,2442.005849255998,2413.9982535880167,2426.8920884923928,1002061
2023-08-09,2410.83349609375,2426.6557129388793,2400.2539106551667,2423.727560430679,1212549
2023-08-10,2396.1923828125,2410.0781050909627,2387.5965693152134,2407.858409737453,1313334
2023-08-11,2363.225341796875,2396.1448618938593,2360.5803876759437,2394.586347642464,1472199
2023-08-14,2392.79150390625,2399.309220170674,2350.2840570922026,2363.2251669987254,1060479
2023-08-16,2411.2119140625,2413.526162761276,2384.573723858393,2393.6420733684345,1155882
2023-08-17,2402.37939453125,2418.815516366493,2392.697141982761,2411.2115903225526,1532873
2023-08-18,2413.242431640625,2425.5223618143514,2391.8471070850114,2391.8471070850114,1970819
2023-08-21,2420.799560546875,2432.276481141719,2398.4123470528325,2413.2426796633026,977004
2023-08-22,2423.6806640625,2432.371030942716,2411.589608542429,2431.0486690370512,960025
2023-08-23,2431.473388671875,2440.3999069457227,2420.563097173762,2432.3707220380243,1136112
2023-08-24,2438.27490234375,2448.1933087261655,2424.7669313374904,2441.8171903374696,1143934
2023-08-25,2421.55517578125,2437.755146132379,2410.1725783860866,2424.8140343786336,802955
2023-08-28,2414.139892578125,2425.7586424798965,2398.364950645038,2422.9248122900835,619841
2023-08-29,2386.2265625,2417.1625413385354,2382.4010763286196,2417.1625413385354,958564
2023-08-30,2391.70556640625,2395.531283546496,2380.4175215051932,2386.2267815427363,1227377
2023-08-31,2366.295654296875,2399.1208563423525,2353.1183890956854,2391.800127828613,3235414
2023-09-01,2366.059326171875,2375.221997637154,2361.5251517569636,2366.295478687051,813413
2023-09-04,2362.84765625,2374.7498359805163,2353.9684133903925,2374.7498359805163,1143301
2023-09-05,2368.184814453125,2383.676327958066,2363.509040547854,2370.9713681447347,844088
2023-09-06,2383.723876953125,2386.1799557585987,2368.5628368826415,2374.2304981712164,1094146
2023-09-07,2368.5625,2382.1650235285183,2361.5252010244863,2370.971301828584,1894798
2023-09-08,2374.560791015625,2381.409213881592,2362.989317897267,2365.303566397401,1018234
2023-09-11,2395.767333984375,2398.270458468714,2370.073985732606,2374.560883647412,1121083
2023-09-12,2360.43896484375,2407.8110675906596,2350.1898533407457,2407.8110675906596,3946716
2023-09-13,2367.712646484375,2370.026895256559,2353.968522510699,2355.8577428337417,1231305
2023-09-14,2362.28076171875,2374.7495677408706,2355.00731075732,2371.9157377077668,2081195
2023-09-15,2332.9033203125,2352.078949842382,2329.4083093619734,2337.720923661659,3750697
2023-09-18,2350.8037109375,2354.865580279929,2325.629945327959,2334.462141550995,1499641
2023-09-20,2330.21142578125,2342.6329558606117,2309.571603660966,2313.9639482061284,1795159
2023-09-21,2336.3515625,2345.4669580277728,2307.5879994831007,2329.4085857819123,2223720
2023-09-22,2344.947021484375,2352.0788730261215,2321.8513533727737,2331.297453264445,1176741
2023-09-25,2338.712646484375,2361.2414555130777,2323.740486468801,2344.9469338091803,1122778
2023-09-26,2341.64111328125,2351.13449071523,2324.921560977445,2336.9653395056166,1263548
2023-09-27,2363.17822265625,2366.059329468946,2332.242243125125,2338.8545135592585,1086791
2023-09-28,2324.071533203125,2362.4698412140833,2317.317432671498,2361.5252311216345,1612346
2023-09-29,2329.03076171875,2335.831908335393,2314.7670569193406,2328.9834850900697,1249567
2023-10-03,2332.1474609375,2360.580313260251,2325.440868526129,2352.078823536625,1585626
2023-10-04,2368.9404296875,2371.963135754009,2328.6053956574083,2330.4002931408627,1587335
2023-10-05,2379.992431640625,2384.951634682424,2357.1329132667297,2378.5282398571253,1909928
2023-10-06,2360.958251953125,2380.4173111084674,2355.85744996211,2380.3700344827253,1083342
2023-10-09,2372.199462890625,2377.111389437489,2343.577729860683,2347.35617037638,1468771
2023-10-10,2376.82763671875,2381.220211590912,2364.689536585054,2373.049196717411,1092373
2023-10-11,2414.801025390625,2421.932877349777,2376.8750243529425,2378.858797693367,1697398
2023-10-12,2415.367919921875,2425.33360216398,2398.553814754688,2413.478699804611,1625010
2023-10-13,2427.12841796875,2433.976841314084,2401.8600973497582,2411.6369043036275,1531977
2023-10-16,2416.59619140625,2438.983405824161,2411.211959678051,2418.201982536736,954899
2023-10-17,2414.564697265625,2427.647637676827,2405.4020266243865,2416.595747084089,1253538
2023-10-18,2407.1025390625,2428.8285700243123,2398.8844778222215,2427.695084097668,1084689
2023-10-19,2406.961181640625,2412.9120410078367,2385.1405952351524,2385.1405952351524,1272343
2023-10-20,2356.943359375,2402.662618062412,2347.402937514192,2380.4170082310075,3608160
2023-10-23,2345.939208984375,2370.924100278848,2342.963779383942,2355.8576151427546,922707
2023-10-25,2340.08251953125,2352.079021024989,2328.463769809878,2337.9571469218904,1435836
2023-10-26,2339.232177734375,2352.0789663438077,2319.63151968151,2324.685275571129,2650560
2023-10-27,2344.5693359375,2356.8019895190832,2327.3774797727606,2330.6363382038703,1784812
2023-10-30,2341.593994140625,2353.9684792763614,2326.007926761789,2334.1316662487516,875135
2023-10-31,2346.4111328125,2353.9680124672905,2331.108497635082,2333.375469284453,920414
2023-11-01,2335.312255859375,2355.8102483452603,2330.1641770787037,2347.3560343050044,1267131
2023-11-02,2366.28515625,2375.03926091012,2343.924009362425,2355.0569594361164,1595123
2023-11-03,2387.64697265625,2390.7394714750735,2365.3334507176373,2375.990630954531,1125583
2023-11-06,2376.37109375,2395.734986484967,2370.3765897293997,2393.1182567807336,1338677
2023-11-07,2375.467041015625,2383.7929986816816,2364.8098616648895,2375.038895368902,1473411
2023-11-08,2397.257568359375,2402.6336656182066,2376.6566294251475,2376.942137312586,745022
2023-11-09,2356.67431640625,2399.779037894486,2353.2012953376957,2397.923585100202,1823094
2023-11-10,2366.046630859375,2367.997330031977,2345.8740736778946,2356.9593973790047,771062
2023-11-13,2358.0537109375,2366.6651759675783,2351.250307423219,2357.1497963341376,760809
2023-11-15,2365.904052734375,2381.7473002380734,2356.008150196764,2380.6528921237327,1457029
2023-11-16,2370.471435546875,2384.363983366674,2355.3896975279267,2360.004517474422,1420578
2023-11-17,2406.24951171875,2410.721694174483,2345.5413365463196,2345.5413365463196,1756043
2023-11-20,2384.982421875,2411.6731097766415,2378.8450481126865,2411.6254864138623,944231
2023-11-21,2383.8408203125,2395.021392965398,2376.9421691011376,2383.60293578797,1088806
2023-11-22,2399.683837890625,2401.9200453459357,2382.6513988496476,2386.2196667193302,816610
2023-11-23,2397.78076171875,2405.250428716341,2384.7447362298585,2384.7447362298585,1023670
2023-11-24,2393.308349609375,2397.68551736679,2385.9339300524603,2393.2133351940906,735137
2023-11-28,2388.884033203125,2409.0565945439425,2378.8452597451787,2409.0565945439425,1880641
2023-11-29,2402.68115234375,2406.1065498709017,2386.5526291753827,2390.2635345737363,1265214
2023-11-30,2422.187744140625,2430.7039632772917,2394.212385917684,2394.212385917684,3095684
2023-12-01,2439.410400390625,2456.8235929635157,2418.80969477302,2424.0431539867304,1345599
2023-12-04,2476.187255859375,2481.991497973885,2450.210223340399,2452.1132992420225,2188039
2023-12-05,2439.030029296875,2509.205964012819,2432.416885978685,2509.205964012819,3108717
2023-12-06,2443.216552734375,2458.488784721016,2438.791993776988,2445.4527600494966,1573754
2023-12-07,2396.210693359375,2435.747145781318,2377.51306360873,2427.468811211775,3925967
2023-12-08,2400.064453125,2411.1497784060275,2386.742920518536,2396.924331120229,1605805
2023-12-11,2382.318115234375,2407.3436120884426,2377.8935562825754,2400.0644390234593,2012243
2023-12-12,2381.4619140625,2395.9728696870943,2375.990570138473,2378.8451843597045,1677929
2023-12-13,2390.168212890625,2394.735641759348,2376.9895509561466,2386.3146698320634,1513205
2023-12-14,2394.402587890625,2402.443037020629,2379.9866487163035,2399.1602775899255,2166569
2023-12-15,2400.635498046875,2409.2945881078767,2385.506134433826,2397.8761303443325,2543337
2023-12-18,2412.62451171875,2421.188353408937,2393.1179834244354,2398.018311023524,1969036
2023-12-19,2436.603271484375,2442.5503838900313,2412.148791734133,2412.1964150951935,1656220
2023-12-20,2433.55859375,2448.2598103471983,2423.5674440982407,2448.2598103471983,1468642
2023-12-21,2429.466552734375,2454.967815261696,2413.1001470944425,2419.047259050018,1945695
2023-12-22,2450.781494140625,2454.7302841239025,2423.3771518428653,2435.17613073748,1174984
2023-12-26,2459.48779296875,2466.0533121048866,2442.645617190292,2450.781313378341,893776
2023-12-27,2481.896728515625,2485.4173728192854,2455.82444670473,2460.67738365646,1073278
2023-12-28,2506.1611328125,2512.0606226614736,2480.517227084653,2487.177993887164,1635216
2023-12-29,2534.849853515625,2537.847337890644,2494.2192234523473,2506.1610729677977,1305681
2024-01-01,2526.095458984375,2540.0353975040516,2510.157197777863,2534.754547548559,526353
2024-01-02,2487.130126953125,2525.3342855910964,2480.659621945382,2519.672680825229,1310629
2024-01-03,2480.2314453125,2501.2129048853863,2469.7645272072045,2473.0472868784123,1008270
2024-01-04,2466.91015625,2495.884445034577,2462.628234785015,2480.23168969662,1376844
2024-01-05,2493.0771484375,2502.4496582207557,2469.2410754095913,2469.2410754095913,1150738
2024-01-08,2453.302978515625,2498.738920423555,2442.1224064230973,2497.739759008787,1189828
2024-01-09,2454.730224609375,2463.531951357175,2446.9276592515216,2457.3945775462025,1017205
2024-01-10,2452.493896484375,2468.5750277302213,2440.6949184571795,2454.9679881557595,881278
2024-01-11,2413.29052734375,2463.5317780863525,2409.1514766037876,2454.9679364475815,2399600
2024-01-12,2420.713134765625,2431.180054766577,2390.1212751410385,2410.7219838556252,2979841
2024-01-15,2448.49755859375,2453.778641006157,2408.3427010709,2422.61577120763,1391204
2024-01-16,2444.59619140625,2459.3450293364517,2432.464082786246,2448.497357537832,1599406
2024-01-17,2438.696533203125,2446.737214774277,2416.668522457147,2425.470248545435,3047652
2024-01-18,2424.518798828125,2445.4526346107855,2414.5752732931774,2445.4526346107855,1273095
2024-01-19,2441.07568359375,2449.2113805931954,2409.2944048265504,2440.6951612875596,1323064
2024-01-23,2260.426513671875,2360.290396714248,2250.8158853695477,2332.220021103254,4369332
2024-01-24,2323.32275390625,2327.3667905613916,2252.433170186705,2272.272831171449,1551469
2024-01-25,2310.619873046875,2348.3958868393197,2302.9123219857183,2335.835631151106,2364765
2024-01-29,2325.939453125,2330.3166209593796,2293.206638020459,2293.206638020459,1587091
2024-01-30,2339.498779296875,2373.6591324226742,2328.698962527643,2335.074220580043,1793711
2024-01-31,2361.289306640625,2365.428357794056,2323.418045593117,2331.268234546181,1445004
2024-02-01,2353.724609375,2389.8354318488737,2348.7290346210502,2355.151916447557,1727534
2024-02-02,2333.742431640625,2366.380002548617,2323.656034880075,2356.959868303827,1956115
2024-02-05,2302.246337890625,2345.3034351378046,2295.8234559808247,2344.5897815922713,1315445
2024-02-06,2308.764404296875,2323.0374748228087,2300.8665921440406,2307.4321116623337,1557511
2024-02-07,2307.90771484375,2321.65739200059,2294.681430030404,2321.65739200059,1149076
2024-02-08,2299.9150390625,2323.465605276218,2282.739731180173,2323.465605276218,1758661
2024-02-09,2306.6708984375,2310.762558563017,2289.4958222778605,2299.9151175875504,886474
2024-02-12,2270.03662109375,2312.0947881032084,2266.563600188382,2306.623444399983,1292460
2024-02-13,2277.981689453125,2284.594831271055,2264.755405817265,2274.1755379252168,957865
2024-02-14,2272.225341796875,2277.9821937190136,2255.1452794962665,2269.4183508854835,1397975
2024-02-15,2236.923095703125,2269.1325161126865,2233.0216971617856,2253.575009925062,2553695
2024-02-16,2260.140869140625,2266.563751307428,2243.3463146207005,2255.0976707552395,2363302
2024-02-19,2271.4638671875,2278.8859101258126,2258.760974142025,2273.700074434181,576683
2024-02-20,2287.593017578125,2291.732069250529,2253.43265773797,2255.2407196544727,1032995
2024-02-21,2290.447265625,2305.386366108225,2278.077271339296,2287.592651559068,1127778
2024-02-22,2272.367919921875,2303.0073961054027,2251.1009533608717,2303.0073961054027,2258516
2024-02-23,2278.077392578125,2288.9248336823293,2268.4191417555935,2272.796309813276,1210775
2024-02-26,2287.7353515625,2289.923935534392,2264.6605539019442,2275.2227191568054,831596
2024-02-27,2288.734375,2292.2073957416756,2273.366897068054,2287.544952511881,1120424
2024-02-28,2304.197021484375,2307.4797813093674,2284.6428680098106,2294.2534952803453,629152
2024-02-29,2295.39501953125,2311.095395544037,2281.0743270698945,2307.4795049095815,2848084
2024-03-01,2292.92138671875,2320.611239241331,2287.4976658364512,2299.82003816522,2326244
2024-03-04,2304.625,2310.2389811886724,2287.8778385379705,2299.1060332243937,1501261
2024-03-05,2283.548583984375,2302.721981943452,2275.222626405034,2288.4489118074393,1587199
2024-03-06,2284.45263671875,2292.112564616578,2260.188416020836,2287.497512070002,1354111
2024-03-07,2302.2939453125,2308.4313192997674,2286.545944054963,2288.401396798682,1820704
2024-03-11,2274.033447265625,2296.0614616093903,2268.0387107051133,2292.2553091657774,2040761
2024-03-12,2262.900146484375,2269.4182751248295,2246.3911005141035,2264.6605848205845,1012157
2024-03-13,2200.52685546875,2259.9027333065187,2192.200898030252,2259.9027333065187,2322669
2024-03-14,2221.4609375,2228.216718613334,2190.2980647766744,2193.152679071941,2292515
2024-03-15,2214.895263671875,2223.696991393977,2203.6670672510463,2217.1314712060007,2751403
2024-03-18,2188.489990234375,2212.3260659225875,2185.6829993222295,2208.329652394355,2487402
2024-03-19,2157.089111328125,2192.2483954119025,2137.963336127207,2172.5992278276485,4220638
2024-03-20,2133.30078125,2155.661926436658,2131.445328430375,2140.9607093608674,2995013
2024-03-21,2133.681396484375,2149.6670495560147,2125.735961002828,2125.735961002828,3504486
2024-03-22,2147.193603515625,2156.185593177154,2123.880917269888,2130.5416847686697,3507809
2024-03-26,2131.4453125,2149.667173922062,2123.8330078125,2123.928254544735,3027027
2024-03-27,2131.15966796875,2153.3305504113832,2127.6390237383353,2140.960556087323,2168861
2024-03-28,2154.614990234375,2177.023522487978,2131.540195586999,2136.202638489029,3186360
2024-04-01,2175.12060546875,2183.779694129453,2152.378940357657,2159.991244302335,1427873
2024-04-02,2175.882080078125,2186.6345068390233,2166.699830533969,2186.6345068390233,1221495
2024-04-03,2155.423828125,2171.267075188301,2151.4750383541527,2171.267075188301,1175309
2024-04-04,2155.186279296875,2171.4100511628735,2140.247176852801,2159.9915934004043,1890255
2024-04-05,2157.089111328125,2169.9824982200603,2148.668139067341,2155.186035249879,1153449
2024-04-08,2158.9921875,2178.022948283286,2157.3269959314625,2166.6521151770908,1127294
2024-04-09,2154.4248046875,2164.368563257449,2146.431977910618,2160.942933319301,1189343
2024-04-10,2151.33203125,2166.5566382590578,2148.287156310002,2166.5566382590578,2308993
2024-04-12,2124.1181640625,2155.0907700942194,2120.597520189178,2151.3320094297287,3388551
2024-04-15,2087.721923828125,2119.7887068675727,2083.8681485983543,2119.741083507388,4909564
2024-04-16,2113.17578125,2123.1193075676006,2066.7883005804556,2077.2075959305644,2821129
2024-04-18,2107.466552734375,2129.256681498311,2101.995208860857,2107.704437250615,3392171
2024-04-19,2123.452392578125,2135.0134868927034,2089.5775452774938,2112.414458340636,2337694
2024-04-22,2132.87255859375,2144.3386386629995,2121.025956224656,2140.9606320927674,1804108
2024-04-23,2153.092529296875,2163.3215624158415,2139.7233744330624,2143.8150341424634,1991778
2024-04-24,2150.7138671875,2158.4214182791357,2136.8213188005566,2156.232834312824,1404398
2024-04-25,2122.73876953125,2131.3026120529203,2107.752045118327,2129.589797086767,4951866
2024-04-26,2114.935791015625,2145.7181374858937,2111.082248057202,2136.202757718772,2307512
2024-04-29,2118.218994140625,2125.7360519827253,2112.414518980148,2125.7360519827253,1395292
2024-04-30,2122.358154296875,2131.683274339112,2117.1723180022423,2123.8807082132403,2119102
2024-05-02,2118.4091796875,2134.4900796001903,2098.188996387385,2098.188996387385,2140383
2024-05-03,2109.607421875,2127.305889730108,2097.1898042040793,2123.832868867289,2595307
2024-05-06,2146.860107421875,2151.9033055615523,2104.8021719664616,2117.1721666480007,1619256
2024-05-07,2264.08935546875,2273.7952286210457,2149.524276674114,2156.1850424716877,8277810
2024-05-08,2227.59814453125,2257.2860845113137,2212.325912736349,2251.7194941298253,1813439
2024-05-09,2212.944580078125,2247.6283310925387,2207.045090078051,2227.170261103702,1558987
2024-05-10,2248.05615234375,2256.096601996175,2208.519701911903,2208.519701911903,2610266
2024-05-13,2246.248291015625,2266.230590832508,2234.1161804125177,2258.951417394285,1170617
2024-05-14,2235.73388671875,2257.333753909957,2233.0219103629047,2246.200805229027,689430
2024-05-15,2210.70849609375,2241.633484090581,2205.3321664872997,2235.6863710142675,812282
2024-05-16,2229.596435546875,2234.3067350513884,2189.822328288699,2223.744569078208,1880021
2024-05-17,2207.9013671875,2237.922206273115,2202.905792515625,2237.922206273115,1264582
2024-05-21,2198.71875,2212.135528356664,2190.2025315947476,2195.1981059581112,1663959
2024-05-22,2252.1953125,2258.9513255632746,2198.718920673421,2199.0044285495906,1914851
2024-05-23,2267.039306640625,2271.130966541499,2240.872011390838,2252.195220775294,1614718
2024-05-24,2254.2412109375,2267.7530044687405,2250.101927593456,2263.23319883726,974100
2024-05-27,2268.942138671875,2283.6433528695225,2248.0083047231305,2254.240924474228,1116934
2024-05-28,2279.837646484375,2292.2552650545235,2263.280976596913,2274.1760412952726,1631747
2024-05-29,2258.38037109375,2278.9336864083803,2254.5742187991223,2265.802414530094,1592495
2024-05-30,2237.4462890625,2257.4762097868,2220.9372446734023,2253.2419122833867,1837380
2024-05-31,2216.179931640625,2262.2342842817607,2205.28486649673,2238.969223428317,5529186
2024-06-03,2241.728271484375,2271.7493417150577,2230.6905701180376,2265.6119681036826,1207445
2024-06-04,2375.32470703125,2388.4083564655443,2228.5975722008384,2258.9515459647555,7826048
2024-06-05,2476.615478515625,2591.9418352796642,2402.633400538643,2410.7690967329754,11061076
2024-06-06,2426.041748046875,2473.999177643706,2395.9730497334044,2473.999177643706,4102547
2024-06-07,2452.874755859375,2470.668470382015,2402.6335019120306,2431.4651503967925,3974253
2024-06-10,2441.028076171875,2467.9564154482496,2422.6157231372044,2454.0164768149452,1449122
2024-06-11,2432.46435546875,2451.8280151494614,2427.6590419168024,2441.6466046084306,1402423
2024-06-12,2406.154296875,2443.5497898876715,2395.021347798781,2443.5497898876715,1754677
2024-06-13,2366.855712890625,2384.364152841729,2327.8902752131453,2367.3791052932656,3123098
2024-06-14,2382.565185546875,2412.013876045768,2373.5815310828184,2376.0797273343774,1729552
2024-06-18,2388.81005859375,2400.099558116516,2376.2233738075015,2382.7088309801543,1820933
2024-06-19,2360.70654296875,2397.2172668730286,2355.4220960878674,2397.2172668730286,986976
2024-06-20,2384.9189453125,2392.4132989465716,2350.76215431065,2360.706616671376,2163310
2024-06-21,2345.621826171875,2380.88345103012,2331.4499008681246,2378.0010255446114,3646215
2024-06-24,2346.486572265625,2371.1314520893884,2331.9304166962634,2339.568797683873,1945519
2024-06-25,2336.878662109375,2350.810387000768,2332.747138158134,2343.748584437201,833789
2024-06-26,2349.75341796875,2370.314626534539,2337.070557805665,2341.4903708409693,1738656
2024-06-27,2365.65478515625,2385.879852968175,2340.5297342598874,2353.932967227559,3402726
2024-06-28,2376.12744140625,2392.8935023480167,2366.327241894727,2366.4712693367455,2129791
2024-07-01,2406.92138671875,2424.1197644648755,2354.0769209852706,2364.5977267940966,3312865
2024-07-02,2387.753173828125,2416.4334016689368,2382.1806721302996,2416.4334016689368,1305210
2024-07-03,2411.9658203125,2421.093501473132,2377.3286254147783,2389.1944701801613,1406405
2024-07-04,2398.129638671875,2437.426842313378,2395.1991261867634,2416.4811726317103,1977010
2024-07-05,2447.17919921875,2453.9048585805604,2398.12987938707,2398.12987938707,1754286
2024-07-08,2485.755859375,2493.2983006645486,2436.850795784378,2459.6699998848726,2818809
2024-07-09,2488.63818359375,2511.553561447393,2467.3563679406675,2485.755757930268,1479529
2024-07-10,2508.142578125,2523.0831976684753,2472.160345621092,2479.846813854659,1764036
2024-07-11,2506.60546875,2514.4840519117424,2488.542221172962,2514.4359645699687,1432671
2024-07-12,2519.480224609375,2536.0541721256345,2499.0630428864465,2499.0630428864465,1912642
2024-07-15,2517.6064453125,2526.2056340831227,2511.2169283337776,2525.0046235125783,920101
2024-07-16,2583.085693359375,2618.203292695142,2521.6901209853186,2523.035159123248,3298003
2024-07-18,2631.078125,2643.3765217541727,2550.9467831547245,2594.1831693098893,5569762
2024-07-19,2620.124755859375,2635.4976917206695,2609.5077751156914,2631.654457755346,1668862
2024-07-22,2628.099609375,2642.175360458866,2599.611495821651,2599.659583162453,1911629
2024-07-23,2657.932861328125,2701.121159308212,2624.9289933695,2638.380313247674,3906259
2024-07-24,2610.564697265625,2649.3812655791385,2570.258828910882,2640.3016724627655,3611927
2024-07-25,2601.1005859375,2618.058995803944,2565.358558553034,2610.5646429880785,2166670
2024-07-26,2604.800048828125,2620.1248981828116,2581.9327585778365,2617.2424725522474,2135309
2024-07-29,2605.32861328125,2613.3993114435107,2587.2653652435565,2604.9441491096536,957011
2024-07-30,2585.920166015625,2646.403254898648,2580.1553144294367,2609.1719217378477,1560399
2024-07-31,2599.611572265625,2603.4548064845294,2570.210971234448,2598.9871405340136,1751085
2024-08-01,2609.12353515625,2618.1550411098347,2589.570988606588,2607.634235086142,1886392
2024-08-02,2587.02490234375,2651.3509827327557,2576.071545001969,2605.712580239621,1738872
2024-08-05,2609.459716796875,2634.5369125284533,2561.707581161147,2571.075464055805,3118731
2024-08-06,2642.271484375,2663.120982084399,2602.493871399837,2613.495316474495,2296031
2024-08-07,2636.5068359375,2672.8254472458775,2628.291875648209,2672.6811852151554,1713875
2024-08-08,2626.081787109375,2651.1108958474742,2613.783391199029,2646.066651142138,1464161
2024-08-09,2639.533447265625,2649.9102274857096,2612.0544609220256,2647.988610206895,1284031
2024-08-12,2640.974365234375,2655.098203741582,2615.7050539259953,2630.693760855518,1297178
2024-08-13,2633.96044921875,2649.5735880618686,2623.1035003273,2634.5370281742244,1051237
2024-08-14,2615.369140625,2635.065717256974,2600.5246944192877,2633.5764169873905,946995
2024-08-16,2640.5419921875,2645.682411553872,2604.4635856599443,2630.5975302627953,1727926
2024-08-19,2635.0654296875,2651.591289168054,2629.7809828751347,2642.271493522543,1130327
2024-08-20,2643.232177734375,2648.2283348439128,2627.8592422758707,2635.0653057720447,1097889
2024-08-21,2681.80859375,2685.555887581203,2635.449584394862,2641.742926879829,1417729
2024-08-22,2683.345947265625,2699.8718060680067,2673.065343530661,2693.0980594265625,1552947
2024-08-23,2705.252685546875,2710.4409579614417,2662.736906606856,2689.495284360127,2111401
2024-08-26,2710.5849609375,2723.84416591014,2693.7229584562397,2705.252661115509,1152244
2024-08-27,2658.461181640625,2713.419620394313,2651.399379279982,2698.9113169229367,1357212
2024-08-28,2656.01123046875,2672.729205544788,2638.1400974654807,2651.83161941354,1723549
2024-08-29,2676.091796875,2699.871806559106,2637.419255873575,2661.391380337622,2129934
2024-08-30,2669.126220703125,2705.925236031188,2651.9278410437555,2686.1324855620223,4029712
2024-09-02,2679.742919921875,2698.814827377366,2670.0867478487517,2684.49887495121,957950
2024-09-03,2684.787109375,2717.118220016506,2666.243459302135,2671.0475015711477,2022116
2024-09-04,2729.897216796875,2732.3954127863854,2663.0248497469543,2671.0476947453803,1640986
2024-09-05,2727.20703125,2743.1084599551136,2712.9870175378533,2728.7444187868173,1945173
2024-09-06,2727.687255859375,2754.109489722698,2717.262624333097,2717.262624333097,1672730
2024-09-09,2807.290283203125,2823.0474485552013,2731.770642323624,2741.282787084872,3342754
2024-09-10,2784.99951171875,2822.4710418704444,2774.3344439235466,2819.0120375659517,1536584
2024-09-11,2790.33203125,2834.3851966953944,2784.5193272333395,2797.4902425402506,1913665
2024-09-12,2840.5341796875,2847.2598392446016,2780.7719373945893,2796.913567246111,2454564
2024-09-13,2818.00341796875,2840.534331776925,2804.1197811969887,2840.534331776925,1902001
2024-09-16,2754.734130859375,2795.9527214811214,2697.3736760288116,2795.9527214811214,1489057
2024-09-17,2760.88330078125,2799.6998714212546,2748.008560355651,2754.734220040867,1098661
2024-09-18,2763.141357421875,2780.1476218120856,2749.5457757201657,2761.363767778583,464796
2024-09-19,2797.63427734375,2819.3005569204092,2760.7393230916587,2763.5255740396533,1713010
2024-09-20,2860.903564453125,2872.193064647857,2781.924915858446,2810.172827301893,3641632
2024-09-23,2909.85693359375,2916.054102151715,2853.5534557825476,2863.209629130844,1300470
2024-09-24,2834.913818359375,2901.641927696049,2830.638267069139,2901.641927696049,1929308
2024-09-25,2833.376220703125,2844.3295785071546,2791.244908103834,2834.913608154621,1055354
2024-09-26,2869.070556640625,2875.5560144698934,2825.9301112254557,2835.4422567851584,1902889
2024-09-27,2849.998291015625,2911.2498345646336,2837.027375911129,2869.0704340908233,2977081
2024-09-30,2842.360107421875,2880.407986959027,2827.27545942713,2848.0287842912826,1627702
2024-10-01,2809.1640625,2846.5875094664507,2778.0818113655655,2846.5875094664507,1184642
2024-10-03,2779.955322265625,2808.5393746775317,2748.9692486426334,2794.7516790969526,1233447
2024-10-04,2737.103515625,2799.7962771500656,2706.6459297372667,2777.6976792178584,2456486
2024-10-07,2722.35498046875,2754.109751462268,2714.3323694403375,2733.5004540047285,1280975
2024-10-08,2708.327392578125,2772.893685109007,2689.01504543291,2732.5397229556534,1761488
2024-10-09,2660.4306640625,2715.1008087621585,2652.5039938931,2712.746640266062,1476282
2024-10-10,2646.7392578125,2678.1576503885535,2626.081874049611,2661.4396754977797,2065078
2024-10-11,2674.122314453125,2680.65585951984,2629.781093616551,2656.4435309289793,679307
2024-10-14,2679.791015625,2694.7794871149144,2656.6354375124847,2682.193036816241,874010
2024-10-15,2672.44091796875,2689.591444565931,2656.8758662364426,2683.6344784180606,1082666
2024-10-16,2672.248779296875,2687.9100055740655,2647.6041338219375,2679.8390730118053,1170797
2024-10-17,2631.318115234375,2672.969257705141,2616.713872890363,2670.5191491058513,1368242
2024-10-18,2610.613037109375,2632.615459345749,2587.889773879245,2631.318273958351,1137277
2024-10-21,2587.985595703125,2630.6934835378315,2575.398911430661,2608.594889629369,792345
2024-10-22,2576.600341796875,2603.791271733519,2568.9619604418804,2579.8672317373293,1272253
2024-10-23,2555.078369140625,2587.5056595460446,2518.27935266977,2518.27935266977,1431962
2024-10-24,2406.92138671875,2543.2600144821745,2356.478942154974,2543.2600144821745,9216267
2024-10-25,2428.971923828125,2440.4535382451563,2402.1173737371087,2404.231105477805,2761166
2024-10-28,2474.850830078125,2488.110035625909,2421.333838161093,2444.297069791252,852829
2024-10-29,2447.8037109375,2484.3625217211766,2436.6103856054533,2484.3625217211766,1695654
2024-10-30,2454.817626953125,2462.840471746598,2434.1121568907006,2456.7873312900288,1200637
2024-10-31,2429.1640625,2463.03256173984,2425.176801099299,2454.8176022437847,1901355
2024-11-01,2438.0517578125,2446.1705433526063,2412.9267074180943,2444.2489262035915,118532
2024-11-04,2425.849365234375,2447.179267173946,2405.384097122094,2447.179267173946,1097260
2024-11-05,2422.53466796875,2431.08577001099,2408.7469718081425,2421.23748263124,702046
2024-11-06,2430.650634765625,2451.4513228337587,2425.1103499635406,2444.744462450784,1219166
2024-11-07,2406.156494140625,2439.5927892011046,2397.019901101359,2430.650546317653,1322446
2024-11-08,2437.45458984375,2444.793147696757,2398.1863642528074,2414.3698717211782,1700877
2024-11-11,2421.27099609375,2444.452769822316,2405.719186544309,2438.7181349716725,1175577
2024-11-12,2392.548583984375,2427.005512880814,2387.202649711812,2425.110183644532,1624222
2024-11-13,2395.902099609375,2403.5323013697825,2381.7596248219456,2393.1320758129814,1262017
2024-11-14,2322.27392578125,2395.6590274804553,2316.9279912203806,2391.479431181601,2443393
2024-11-18,2355.030029296875,2357.0712993634347,2309.200882252652,2333.8892867149557,1374215
2024-11-19,2342.83154296875,2371.8452445208204,2337.728605593575,2363.7776960673323,1133370
2024-11-21,2316.05322265625,2356.828074767604,2309.540950041982,2356.828074767604,1291829
2024-11-22,2376.754150390625,2383.4123644935075,2311.2422405117045,2323.9751435738744,1696471
2024-11-25,2402.219970703125,2435.5105635219556,2388.758077739939,2400.8106354018087,4368045
2024-11-26,2409.7529296875,2425.061742768364,2391.4795053433168,2416.6054934792924,982442
2024-11-27,2417.237060546875,2423.1176358895655,2389.1466999635395,2405.816200610109,948232
2024-11-28,2393.22900390625,2468.023439226603,2384.48111118336,2416.3623676782477,2540530
2024-11-29,2426.22802734375,2437.2601873197295,2386.328105245208,2386.328105245208,1795164
2024-12-02,2409.704345703125,2420.736506211275,2391.62550835502,2415.390571345119,1006993
2024-12-03,2413.30078125,2421.659736640615,2396.922686625458,2410.530520207273,1641588
2024-12-04,2395.464599609375,2423.1662596170304,2387.7373419097,2411.599696499456,1321495
2024-12-05,2424.7216796875,2444.550142583365,2381.4195611129917,2396.5340239678508,2071795
2024-12-06,2414.22412109375,2425.8879784428123,2405.670578244081,2425.110340492518,1308086
2024-12-09,2333.50048828125,2407.5659358566236,2316.5393429808005,2395.9507252372305,3385021
2024-12-10,2330.196044921875,2345.4075655839893,2321.3995041053026,2341.2279687941573,2063838
2024-12-11,2334.083740234375,2341.859645105597,2318.191639733101,2337.631401911156,1718225
2024-12-12,2279.263427734375,2332.722772767621,2272.5081579587118,2318.240245124781,3231056
2024-12-13,2323.149169921875,2327.474470097073,2268.0858941577417,2279.263758833911,2260902
2024-12-16,2299.86962890625,2325.9676052312534,2296.807961204117,2323.343284729169,1247552
2024-12-17,2297.05078125,2313.3315812440496,2287.428194383181,2287.428194383181,2131569
2024-12-18,2293.114501953125,2316.2478684521607,2284.220904890491,2284.220904890491,988403
2024-12-19,2293.74609375,2320.086827512877,2270.5640838465265,2281.2559523920368,1655915
2024-12-20,2268.52294921875,2307.013773197231,2259.532059224196,2286.21332261703,2069691
2024-12-23,2273.3828125,2285.8729541778853,2250.395389459062,2271.536130079183,1066199
2024-12-24,2270.126953125,2290.9274044487324,2265.801653352284,2265.801653352284,683646
2024-12-26,2267.4052734375,2276.25046019758,2259.5807216577036,2266.919279380392,1033769
2024-12-27,2275.667236328125,2279.9438892300855,2263.031390488396,2277.368215575781,556816
2024-12-30,2277.85400390625,2293.0655220263493,2259.872224912324,2275.9100277987986,924180
2024-12-31,2261.670654296875,2286.7477579775477,2258.171402140518,2274.4522031674646,1878762
2025-01-01,2257.0537109375,2271.681942318693,2255.255437992742,2259.872381567988,559893
2025-01-02,2303.61181640625,2312.9914067295535,2250.6384645099884,2264.7322920787183,1650744
2025-01-03,2338.84619140625,2346.962386357394,2298.5573351226903,2315.129778453579,1274239
2025-01-06,2309.63818359375,2351.190676808784,2295.4957086180993,2350.2673355310308,900419
2025-01-07,2323.829345703125,2334.958562700219,2308.714882320198,2310.5615649077026,922768
2025-01-08,2333.74365234375,2341.519557890918,2301.668041961683,2324.0237704097904,953351
2025-01-09,2367.179931640625,2404.3584797296335,2319.5525105592806,2337.6802325968333,2425267
2025-01-10,2373.6435546875,2387.2027410371884,2346.184891237052,2367.1796915296013,1651911
2025-01-13,2382.343017578125,2391.5769052431565,2341.5681610860565,2349.344066488188,2595013
2025-01-14,2301.619384765625,2398.866850538961,2297.8773726189215,2395.9508859718553,2052741
2025-01-15,2306.52783203125,2318.0943958552334,2284.2693987793928,2307.40252642736,1215150
2025-01-16,2279.31201171875,2313.3315939832087,2260.892885353062,2310.3669829255227,2762596
2025-01-17,2288.06005859375,2312.6514057492745,2277.368189161069,2284.172106072775,1333005
2025-01-20,2279.506591796875,2301.6679693677006,2270.224057382351,2290.441458627697,1382273
2025-01-21,2274.938232421875,2310.7074432888235,2267.113680466325,2287.5740781905074,1842885
2025-01-22,2277.3193359375,2295.835755601157,2266.8704644841923,2276.93063564134,2658047
2025-01-23,2256.66455078125,2275.7156109970133,2190.71530564855,2250.152278472374,3408925
2025-01-24,2301.764892578125,2314.109092797453,2257.9281385744644,2267.502315356967,1688664
2025-01-27,2325.82177734375,2342.199634147266,2295.0095652975047,2298.7518143345746,2477358
2025-01-28,2321.93408203125,2339.5755727546903,2312.797250666414,2333.7436436161242,1892156
2025-01-29,2317.171142578125,2328.883647447392,2297.7800261125353,2318.3374809178226,699576
2025-01-30,2341.2763671875,2357.0711740237416,2317.2196613907627,2317.2196613907627,1419960
2025-01-31,2399.644287109375,2409.558518344911,2334.229440018275,2334.229440018275,2116148
2025-02-01,2435.850830078125,2529.113040989379,2366.936731276553,2405.670552055616,2970999
2025-02-03,2373.546142578125,2449.409856424974,2348.8090944646624,2434.830035851016,2528480
2025-02-04,2369.755859375,2381.371070811044,2335.5419224710554,2381.371070811044,1992474
2025-02-05,2324.072265625,2384.28688281628,2320.1356662382636,2384.28688281628,1357416
2025-02-06,2306.236083984375,2341.470652098705,2294.1835266397707,2332.7714061901434,1132113
2025-02-07,2297.63427734375,2315.2271204320805,2270.6616062511516,2313.3317910048513,855602
2025-02-10,2295.30126953125,2330.827482329024,2286.164676239331,2304.486509688912,1326354
2025-02-11,2250.395263671875,2311.3388650754578,2232.219135155264,2304.5835957957092,1389260
2025-02-12,2267.162109375,2274.354725969566,2240.5297319283436,2260.5525432249356,1341909
2025-02-13,2256.470458984375,2279.8954679957756,2248.5488505922667,2264.8296518793604,1334967
2025-02-14,2253.40869140625,2299.7238291391645,2248.597160502172,2256.9563530266864,1135380
2025-02-17,2264.14892578125,2270.564141993552,2235.572571312144,2253.4086473996276,1409168
2025-02-18,2231.684814453125,2273.042958104678,2223.908909176285,2264.149124063214,1035705
2025-02-19,2187.362060546875,2241.1130532602374,2185.029383883377,2234.357783007968,1521343
2025-02-20,2185.077880859375,2191.2985097365113,2164.1314899859503,2187.3619104978293,2206196
2025-02-21,2178.85693359375,2190.423733855982,2164.0341157208236,2185.077799541156,1781509
2025-02-24,2178.662841796875,2187.9453763046404,2156.647404610398,2167.533624682074,1627949
2025-02-25,2196.0126953125,2206.024219899787,2175.2606550849946,2180.169242301758,1988040
2025-02-27,2182.064697265625,2206.0727565313555,2170.546780346935,2206.0727565313555,1699658
2025-02-28,2128.896728515625,2186.5843115483717,2124.620076213195,2182.1617186640974,3683249
2025-03-03,2115.87255859375,2137.4020017993853,2098.0364806202697,2137.4020017993853,1306470
2025-03-04,2096.918701171875,2118.934137542599,2076.166659537152,2118.8854906754163,1800330
2025-03-05,2109.6513671875,2130.5004629205846,2089.7742594820816,2091.7182355374134,1145673
2025-03-06,2156.79296875,2167.3391346618955,2103.139272550152,2114.074138785248,1856868
2025-03-07,2142.796630859375,2164.3260745394045,2127.8765170889214,2164.3260745394045,1738356
2025-03-10,2184.7861328125,2203.6426060050444,2133.173472592118,2146.1496079412746,1242387
2025-03-11,2154.84912109375,2199.074582727622,2149.3088359977787,2177.2534958213787,1325891
2025-03-12,2131.47265625,2167.4848636040488,2123.794045012546,2155.237955656902,1526212
2025-03-13,2113.8798828125,2148.0451714730893,2103.819710507243,2123.794114513715,1845629
2025-03-17,2110.42919921875,2133.951264191827,2096.0923744917604,2100.4663210186386,1111886
2025-03-18,2110.42919921875,2110.42919921875,2110.42919921875,2110.42919921875,0
2025-03-19,2138.422607421875,2150.8641033799995,2132.007390619496,2145.177877700536,1341405
2025-03-20,2179.586181640625,2185.9041047576643,2127.1474672295594,2142.1646370243157,1426689
2025-03-21,2183.27978515625,2192.027678706935,2163.451321362083,2182.1134468098517,2152415
2025-03-24,2192.99951171875,2202.525042593678,2178.225340005486,2187.2162299631173,1454404
2025-03-25,2207.6767578125,2227.7968652873274,2180.509736169552,2187.702353641122,2229340
2025-03-26,2183.03662109375,2216.035569558241,2175.1150130163032,2208.3569585052783,1416907
2025-03-27,2181.773193359375,2197.5680014294758,2138.3740156444046,2181.3358461347175,3752627
2025-03-28,2195.5751953125,2231.684454700208,2177.5447703980153,2184.057042557216,2280152
2025-04-01,2171.27587890625,2220.652688338022,2157.8137477663568,2195.7212865784686,2495962
2025-04-02,2175.2119140625,2180.849492088161,2128.7024292797687,2180.849492088161,1351493
2025-04-03,2181.676025390625,2189.791983972201,2158.3969569161945,2163.110957010432,1310088
2025-04-04,2181.676025390625,2203.5457585235163,2159.7576453904135,2167.5335505043304,1120226
2025-04-07,2186.389892578125,2198.248336997428,2089.7743723315093,2089.7743723315093,3435185
2025-04-08,2225.123779296875,2241.598930289759,2189.2575129830993,2204.760675866648,2774874
2025-04-09,2284.172119140625,2288.205774983497,2225.3668369244515,2229.6921366684232,2989089
2025-04-11,2299.86962890625,2327.76587820031,2278.680477421297,2327.5228811667503,3836083
2025-04-15,2295.35009765625,2332.77164275884,2279.5066427888187,2332.77164275884,3042779
2025-04-16,2300.30712890625,2309.443722111737,2285.14401964844,2285.14401964844,1131979
2025-04-17,2308.4716796875,2313.2343263375133,2277.4653549947234,2291.0731880539342,1962402
2025-04-21,2285.143798828125,2305.9442472059845,2283.005472678344,2301.764888627587,1478430
2025-04-22,2331.508056640625,2338.603617987649,2289.1295133424655,2303.612042656163,2352346
2025-04-23,2355.90478515625,2369.706968604088,2326.35620477454,2342.49130202455,2226066
2025-04-24,2260.1640625,2417.723197131752,2252.193807236699,2355.904893997615,7065430
2025-04-25,2266.870849609375,2276.2990877598427,2230.1296479129974,2266.5792056868227,2859858
2025-04-28,2253.651611328125,2283.199953437859,2250.152359390653,2279.3120011970113,1555660
2025-04-29,2256.66455078125,2267.1620689143897,2247.81960213246,2262.7881228007286,1896387
2025-04-30,2276.49365234375,2286.6022346772866,2251.1246654676283,2255.012618257728,2083807
2025-05-02,2253.651611328125,2279.3120011970113,2245.2924190895933,2268.7174262614103,1424284
2025-05-05,2282.8115234375,2288.934859100469,2254.1378722660597,2258.997813142575,2074103
2025-05-06,2315.081298828125,2323.148847500318,2274.646499038448,2274.646499038448,1888125
2025-05-07,2304.389404296875,2320.038270117709,2289.3235889472185,2302.639778279785,1610400
2025-05-08,2288.9345703125,2305.4583672078948,2275.424031301092,2295.544136531012,2323073
2025-05-09,2267.551025390625,2277.0765565746965,2237.8083308384716,2264.73235471963,1805685
2025-05-12,2315.761962890625,2320.1359099349093,2280.3816861642495,2293.8922276692024,1274873
2025-05-13,2293.89208984375,2330.827640442929,2286.893822453739,2309.0552002736067,1929665
2025-05-14,2284.658203125,2303.611972519145,2272.9943450362957,2303.611972519145,1568111
2025-05-15,2289.226318359375,2303.514495923454,2274.4521467468458,2285.727303591603,3236681
2025-05-16,2314.692626953125,2320.135855846509,2283.2003038891703,2293.8921741926106,1473000
2025-05-19,2315.9560546875,2337.6314373045693,2308.4717935959884,2308.4717935959884,936655
2025-05-20,2275.521240234375,2327.522599114509,2272.9939764708975,2327.522599114509,1617408
2025-05-21,2297.6826171875,2309.1521244400974,2279.3121366782702,2280.284124796257,1570754
2025-05-22,2265.412841796875,2296.9054017400363,2248.305991922015,2289.0322024287943,2423653
2025-05-23,2293.114501953125,2298.266086846468,2264.3437937651006,2271.4391177464427,844118
2025-05-26,2327.036865234375,2330.147179774353,2297.8772214812275,2301.6678802484216,892618
2025-05-27,2313.5263671875,2342.005670151259,2294.1838960837363,2327.0371461384607,1865258
2025-05-28,2295.835693359375,2321.107381770613,2286.1158132012065,2321.107381770613,897517
2025-05-29,2300.404296875,2309.4438340900037,2289.518077103958,2302.6399170703785,1111275
2025-05-30,2282.519775390625,2308.374517293052,2277.8541849016656,2293.891989062484,3288892
2025-06-02,2305.167236328125,2317.2197947019963,2277.9515675984035,2282.1309268833143,1178205
2025-06-03,2286.40771484375,2312.84574439433,2276.9794774877073,2298.8492103092544,1643913
2025-06-04,2298.265869140625,2301.2791271801098,2276.4934305579545,2293.405928626477,3287896
2025-06-05,2309.832763671875,2313.332016264262,2283.1030870133595,2298.2661985112804,1787978
2025-06-06,2322.857177734375,2329.369450456811,2303.7090598811487,2306.8193742991416,997488
2025-06-09,2326.162109375,2331.79968838711,2311.67958013692,2326.939747394223,1293622
2025-06-10,2328.105712890625,2332.9656531051187,2311.776266309573,2326.356086953054,1778782
2025-06-11,2309.832763671875,2335.5904520882627,2304.875766018113,2328.106190084242,1977707
2025-06-12,2267.3564453125,2321.107431191998,2258.997490579552,2320.0381494311273,3339584
2025-06-13,2254.040283203125,2259.7749177653404,2237.516486387923,2240.4324505317823,1740682
2025-06-16,2262.205078125,2271.1475587596,2248.3058377118327,2255.0124608859933,1105297
2025-06-17,2263.37158203125,2267.745528476323,2248.3057664982202,2255.012389459953,1119284
2025-06-18,2232.9482421875,2266.09289301594,2221.4787354933574,2262.496584614853,2056563
2025-06-19,2229.93505859375,2243.154191716161,2226.144399912506,2235.6699307829094,1214549
2025-06-20,2241.59912109375,2248.2086882601934,2228.1856365828094,2230.712900802916,2685864
2025-06-23,2234.62548828125,2245.3314785900775,2218.517104573964,2242.777637332428,842856
2025-06-24,2222.839111328125,2260.0647671143856,2220.0888759075924,2254.171508269237,2440747
2025-06-25,2238.1611328125,2249.751254907696,2230.9909542436453,2238.455843673713,1047270
2025-06-26,2240.22412109375,2250.2426129211913,2231.187839049338,2248.179876457905,1874722
2025-06-27,2265.859375,2269.395425704689,2238.7505321874146,2240.223846681488,1050745
2025-06-30,2253.7783203125,2275.7797201777867,2247.295640814318,2268.8059358629935,1403754
2025-07-01,2254.662353515625,2261.636138264844,2245.9207831543013,2259.082297140465,759914
2025-07-02,2266.05615234375,2267.9222549022306,2246.9030627072866,2254.171318752975,1128034
2025-07-03,2272.243896484375,2285.503727857006,2263.011220929018,2268.9044793168537,1060039
2025-07-04,2297.683349609375,2299.7458462360423,2269.199266444391,2276.762233670115,1242346
2025-07-07,2367.51806640625,2372.723825559003,2299.3528119827433,2299.3528119827433,2701583
2025-07-08,2350.133056640625,2375.474114379278,2343.552299734942,2362.607071634493,1471046
2025-07-09,2380.286865234375,2396.29693113012,2354.45494224249,2356.3210447333263,1741690
2025-07-10,2365.5537109375,2390.6983748083844,2354.946038170592,2380.2868562218573,1053695
2025-07-11,2474.77587890625,2484.9907647872415,2417.218289383953,2455.5244711336377,7242235
2025-07-14,2471.828857421875,2487.445894661949,2445.7019852747294,2455.5240816011337,2427712
2025-07-15,2481.94580078125,2484.8924301255456,2465.3465513939755,2475.8561480958347,1700294
2025-07-16,2472.811279296875,2487.8388961282812,2462.890865236824,2481.356455874828,1284379
2025-07-17,2465.14990234375,2480.472229470397,2461.613851577524,2468.2929253596812,807474
2025-07-18,2445.309326171875,2470.1590393490687,2437.353331809416,2470.1590393490687,771112
2025-07-21,2421.048828125,2449.2384410834075,2411.717835071157,2446.5862827986753,1169960
2025-07-22,2435.585205078125,2440.7909641482383,2408.967467617087,2426.057819495432,861632
2025-07-23,2406.806640625,2442.755612873297,2398.5561747634065,2436.8623544586453,1320795
2025-07-24,2394.430908203125,2422.1291744035116,2377.9297369143965,2412.2087602925917,693984
2025-07-25,2372.42919921875,2385.3945590187477,2362.6071022777146,2382.9390347834888,769388
2025-07-28,2398.163330078125,2404.7440871927433,2369.384537540986,2372.429243771511,987995
2025-07-29,2409.949951171875,2413.7804732980653,2386.4749941452433,2401.3064573670335,732282
2025-07-30,2394.037841796875,2409.262092241855,2355.829980147422,2398.5561023639793,1224146
2025-07-31,2476.34716796875,2503.652646914568,2377.0459063535795,2377.0459063535795,5505507
2025-08-01,2508.268798828125,2678.976888284892,2491.767628330378,2504.6346709904583,4259653
2025-08-04,2498.44677734375,2537.2440606709806,2489.9999177635377,2501.688117328015,1293028
2025-08-05,2489.60693359375,2507.5814194600316,2472.516580355361,2492.357168773925,756361
2025-08-06,2490.4912109375,2517.501979853343,2481.651322928679,2493.535917373264,885487
2025-08-07,2472.712890625,2498.741447368421,2450.613172635303,2490.5890589949863,847151
2025-08-08,2454.1494140625,2484.892387860569,2442.362896885792,2471.2397680498043,839794
2025-08-11,2473.596923828125,2479.5884991865532,2434.4068509541976,2445.800579905625,992436
2025-08-12,2439.612548828125,2491.47326996814,2435.9784208260676,2473.2040732697083,1406211
2025-08-13,2450.71142578125,2456.9974717047967,2429.397284258838,2440.7910122672074,969803
2025-08-14,2436.469482421875,2464.3641420365734,2429.200986749531,2454.44372812859,1104362
2025-08-18,2522.412841796875,2550.798606380226,2476.445379598451,2493.830443434499,3089136
2025-08-19,2558.4599609375,2568.47845225644,2512.8852854397333,2526.439827717028,1400717
2025-08-20,2622.303466796875,2632.3219576313877,2542.449771391361,2552.762973091036,3156954
2025-08-21,2600.891357421875,2619.651659128844,2580.559664029887,2619.651659128844,2235686
2025-08-22,2583.11328125,2611.20457553655,2572.4072910777595,2599.9091636055095,1223445
2025-08-25,2584.782958984375,2595.980052850747,2568.674577169291,2595.980052850747,667598
2025-08-26,2644.697998046875,2656.877302702266,2577.9077368329176,2577.9077368329176,4348648
2025-08-28,2607.17724609375,2699.1121669118434,2599.7125964973993,2699.1121669118434,3198743
2025-08-29,2612.4814453125,2674.5570512791683,2594.4086426961376,2617.392493882605,1972773
2025-09-01,2602.364501953125,2625.7411398904956,2592.346011350618,2612.4813094408382,1096729
2025-09-02,2629.37548828125,2644.5014224406004,2598.043093323752,2601.8736154116664,1525106
2025-09-03,2617.294189453125,2639.099197248745,2611.00814317238,2633.304255827349,1010692
2025-09-04,2619.16064453125,2701.0768426775303,2608.2580202655204,2701.0768426775303,2494678
2025-09-05,2586.551025390625,2625.348310000531,2577.1219557941918,2620.1427902324845,944879
2025-09-08,2577.219970703125,2597.5519036054347,2572.210845043877,2583.2115458729263,903410
2025-09-09,2594.998291015625,2599.123524215233,2564.844498121878,2590.087242016731,1610956
2025-09-10,2596.471435546875,2605.704111140776,2572.407297029418,2594.9981209437656,1031486
2025-09-11,2575.353759765625,2610.418597093595,2567.4960823902916,2596.765978572866,1212707
2025-09-12,2534.59228515625,2582.131141611505,2523.296872918584,2578.300619467218,1368380
2025-09-15,2535.083251953125,2547.262556392294,2522.7073137348634,2534.5921470999765,752745
2025-09-16,2534.985107421875,2543.9233122758214,2526.8329581431617,2542.1552867248165,1040928
2025-09-17,2523.984130859375,2545.0035615909655,2520.8411078875088,2540.9764060412954,970247
2025-09-18,2540.780029296875,2563.468928857849,2525.162751622593,2525.162751622593,1550153
2025-09-19,2514.064208984375,2558.3617254823207,2509.3495541555926,2553.745387548905,2214708
2025-09-22,2526.439697265625,2541.1728425025335,2514.6531810760985,2523.2966742412086,1174161
2025-09-23,2477.3291015625,2529.484529270965,2473.4002630096147,2523.1982437079832,1430474
2025-09-24,2504.143798828125,2530.1723576313984,2465.3465130647555,2477.3294242524616,1882881
2025-09-25,2493.142822265625,2521.8232963129217,2486.758459490149,2500.7057886709636,1624258
2025-09-26,2467.1142578125,2500.1163583210514,2454.9347142199126,2489.901473834488,885612
2025-09-29,2453.461669921875,2472.6147602913434,2399.538449877524,2450.6133575294402,2403556
2025-09-30,2469.66796875,2481.3564080346573,2447.273779473271,2453.461508732884,1678088
2025-10-01,2491.080322265625,2504.6348647874647,2453.4616408468078,2470.650311487506,1483899
2025-10-03,2499.625244140625,2503.2596116860273,2463.676514803471,2491.080068139014,1242611
2025-10-06,2496.58056640625,2504.2418497280028,2475.3647417917477,2490.0978867192407,818923
2025-10-07,2472.418212890625,2513.8674143383946,2463.676642465363,2494.812642046405,1291750
2025-10-08,2455.62255859375,2480.0794841222178,2441.8716228402013,2466.328548368669,1225128
2025-10-09,2472.811279296875,2478.1151158494545,2453.854583800399,2456.506502076689,1259173
2025-10-10,2483.909912109375,2489.8031700666565,2461.908511654435,2465.3462454628498,1018875
2025-10-13,2448.452392578125,2486.5621769669815,2441.183896906515,2474.3826327864285,1114750
2025-10-14,2457.783447265625,2464.560598461446,2438.139252730148,2448.648848847169,1461017
2025-10-15,2474.186279296875,2486.75861164498,2458.07813584284,2458.07813584284,881070
2025-10-16,2515.93017578125,2522.8056437611326,2462.498063399367,2473.0076593520143,1446646
2025-10-17,2557.37939453125,2568.478412302955,2514.4568778185712,2519.85903126701,2050690
2025-10-20,2548.244873046875,2578.00587635619,2539.6016191065405,2562.585231279587,1011485
2025-10-21,2545.5927734375,2560.3259186012747,2539.11033344381,2547.8519036554026,82020
2025-10-23,2555.31689453125,2619.7497080594576,2549.914741090149,2554.727472782394,3386744
2025-10-24,2471.632568359375,2538.0300447047853,2430.478074931111,2538.0300447047853,3110800
2025-10-27,2467.1142578125,2480.0793772907623,2461.4173938576832,2471.6322783442465,2127832
2025-10-28,2452.676025390625,2481.0617908155573,2437.7462455795494,2474.186322669988,2294976
2025-10-29,2443.836181640625,2468.8825303347708,2439.8090257355866,2467.900320582059,1870143
2025-10-30,2425.665283203125,2452.5777343086565,2411.22660810764,2446.684475836149,1195631
2025-10-31,2421.63818359375,2435.389120349099,2409.2622445950133,2425.075917782587,1401937
2025-11-03,2416.23583984375,2430.8706683206365,2396.8863568906377,2412.405317967791,1049185
2025-11-04,2402.1904296875,2419.4774178690022,2397.86880254078,2416.236077610307,1251588
2025-11-06,2392.662841796875,2420.066396652233,2389.3234247182095,2420.066396652233,1329256
2025-11-07,2389.693115234375,2400.582354781839,2376.4281382767645,2392.662907838229,817896
2025-11-10,2384.54541015625,2404.8389919884094,2379.7936938785956,2380.7836246996762,780558
2025-11-11,2403.05712890625,2409.194651815599,2378.9029129343594,2397.8104470854564,1422399
2025-11-12,2400.08740234375,2410.283738675327,2391.870927758796,2406.126077343887,1680827
2025-11-13,2383.357666015625,2406.5219517661053,2380.7837490734196,2404.542090020514,1256059
2025-11-14,2403.255126953125,2405.729954130381,2367.91464319838,2380.882834280137,975973
2025-11-17,2400.582275390625,2413.847251909541,2391.672897873711,2406.9177360630524,920038
2025-11-18,2379.793701171875,2398.503297074712,2377.7147497683018,2391.474933232895,1229034
2025-11-19,2417.015380859375,2426.023607035294,2386.7233986621463,2387.7133295616327,1465143
2025-11-20,2403.947998046875,2434.239978963932,2400.5823298037967,2420.480036715518,1396929
2025-11-21,2409.19482421875,2418.5991679296735,2388.703302574577,2411.6696515110984,1840712
2025-11-24,2399.790283203125,2420.281803162537,2388.703106181435,2417.312010655888,4092327
2025-11-25,2389.792236328125,2399.7903932161203,2381.7736995196474,2397.612593614541,1240672
2025-11-26,2400.7802734375,2403.2551005876053,2384.7434418412868,2387.713234421413,1242683
2025-11-27,2427.013427734375,2434.932874570679,2400.5823222546774,2401.6713428676044,1872248
2025-11-28,2441.763671875,2445.129340285854,2422.5588672698223,2425.3307221458876,973225
2025-12-01,2439.6845703125,2462.9479451967945,2434.042012825968,2441.7635217623283,1924828
2025-12-02,2452.850830078125,2459.3842290026473,2435.2300117380223,2446.119251627908,2179406
2025-12-03,2423.350830078125,2459.879183417393,2378.903029581739,2453.2466947597763,3535932
2025-12-04,2437.40771484375,2457.9983250655837,2398.8004113086886,2415.431298091029,2587753
2025-12-05,2315.052490234375,2397.6126302941066,2263.674931718664,2397.6126302941066,4008271
2025-12-08,2290.699951171875,2331.3862051452247,2278.8207811571547,2326.4365509724244,1898154
2025-12-09,2283.275634765625,2306.934886746879,2274.960311827886,2294.659840185007,1471488
2025-12-10,2278.52392578125,2293.570827267341,2271.891437024881,2283.2756424827394,2857290
2025-12-11,2282.384765625,2289.710157566845,2268.9216087951613,2273.1783599753567,1108032
2025-12-12,2237.837890625,2285.750449542293,2222.097844295659,2283.6714979780418,3203114
2025-12-15,2270.406494140625,2275.8511140306505,2229.32436224316,2237.83786456232,1274115
2025-12-16,2258.13134765625,2279.513708903146,2253.0826036728013,2270.3073037063286,1256042
2025-12-17,2252.686767578125,2263.179889712154,2245.460223944765,2258.230235399214,808100
2025-12-18,2242.6884765625,2255.35964054673,2232.5912296171614,2247.1431656574155,1057295
2025-12-19,2257.04248046875,2261.7941971851546,2240.906558258753,2240.906558258753,1237214
2025-12-22,2266.44677734375,2271.8913972500136,2257.0424338692947,2257.0424338692947,790773
2025-12-23,2279.414794921875,2286.7401862916095,2257.7351650294536,2266.2486667249427,1128801
2025-12-24,2259.22021484375,2281.790687332576,2255.161643229268,2279.414949884213,519380
2025-12-26,2262.387939453125,2266.9417181800486,2252.092754960529,2259.3192987304974,533626
2025-12-29,2270.20849609375,2275.554026080165,2257.0423672814736,2265.8526552878384,1086695
2025-12-30,2267.1396484375,2274.8611576222947,2260.0121944524367,2270.208530832208,1556717
2025-12-31,2292.580810546875,2302.0842435941418,2263.773967171593,2266.941697626568,1324220
2026-01-01,2299.609375,2302.5791675634955,2276.8409653465346,2298.6194441455013,758866
2026-01-02,2324.357666015625,2333.959947048983,2298.61946358104,2302.5791870325143,973413
2026-01-05,2360.09423828125,2369.8944570321323,2312.8743433478985,2317.923087360375,1344113
2026-01-06,2400.285400390625,2403.65131045372,2343.958428959233,2374.646286801663,1584720
2026-01-07,2375.239990234375,2397.5134344101753,2358.0152900780245,2391.672939054789,892690
2026-01-08,2362.66796875,2393.7519432044614,2344.255399502143,2364.944858096775,1163828
2026-01-09,2348.7099609375,2361.9749372567057,2337.2266667489866,2358.0152139754705,1189464
2026-01-12,2381.9716796875,2389.5940992696505,2337.226851410769,2338.216782309291,1057665
2026-01-13,2365.439697265625,2397.8103867825116,2341.1863921461404,2390.782022961365,1519683
2026-01-14,2329.80224609375,2374.7450098298477,2317.428110518576,2374.7450098298477,1027639
2026-01-15,2329.80224609375,2329.80224609375,2329.80224609375,2329.80224609375,0
2026-01-16,2336.6328125,2349.0069488178538,2325.2486070875743,2346.1362458650515,1367606
2026-01-19,2389.593994140625,2400.978198972787,2329.30730174585,2329.30730174585,1505238
2026-01-20,2355.14453125,2414.441291216623,2344.6511677927724,2398.602397957309,1460806
2026-01-21,2344.15625,2376.329002586571,2336.2368032094596,2355.1445790948096,1020245
2026-01-22,2366.52880859375,2377.8139237153,2341.879385191128,2345.04711560399,1745964
2026-01-23,2385.238525390625,2409.7888602718917,2352.8678330006896,2375.8341817545133,1378097
2026-01-27,2376.724853515625,2397.216615218734,2356.5303610828705,2387.713182496065,2060117
2026-01-28,2354.451416015625,2395.8305735138733,2317.0322235644744,2378.902901138909,1797593
2026-01-29,2328.911376953125,2350.7887033771153,2288.720088416137,2346.6310422104034,1478536
2026-01-30,2349.10595703125,2360.985127484,2316.4382382861886,2317.428169157251,2090462
2026-02-02,2333.56396484375,2336.236729715009,2279.810673107486,2332.3760961990047,1375089
2026-02-03,2344.750244140625,2375.734885556113,2319.704945981085,2365.934667080886,1553270
2026-02-04,2347.1259765625,2369.3994200347297,2333.0690072409366,2336.830792697157,1232755
2026-02-05,2330.693115234375,2398.6024687612185,2327.921502178045,2338.7116518565326,1962066
2026-02-06,2399.790283203125,2404.5419995502302,2313.963328097432,2330.693062545289,1421995
2026-02-09,2410.481689453125,2414.441412967627,2377.813970458483,2400.58238066687,958484
2026-02-10,2428.89453125,2433.3492202602692,2405.6311553074825,2410.4817200012817,792532
2026-02-11,2438.1005859375,2445.723246803812,2422.360782146142,2435.2298831546827,1137856
2026-02-12,2385.436279296875,2454.6325895142136,2326.436546675471,2450.078811010715,4656164
2026-02-13,2281.988525390625,2375.834017414984,2277.13796094467,2375.834017414984,2791519
2026-02-16,2295.649658203125,2303.5691050619544,2265.0608913838323,2284.8595085309053,2036833
2026-02-17,2289.01708984375,2302.579093779329,2280.206560511637,2286.047297375419,1233244
2026-02-18,2300.1044921875,2305.4500224815533,2282.7807010907572,2289.3143418344703,830787
2026-02-19,2256.349365234375,2313.864200838222,2252.686669538672,2312.4783943638467,940180
2026-02-20,2291.195068359375,2307.7268660551376,2255.359618111006,2261.992106805432,1716316
2026-02-23,2321.78369140625,2326.3374699352266,2297.4315377942003,2301.589198978469,1300035
2026-02-24,2334.85107421875,2348.116051360412,2306.835981930553,2307.627974972371,1544803
2026-02-25,2350.98681640625,2356.0355607092815,2325.3477025655893,2345.0472309590837,1158620
2026-02-26,2359.30224609375,2363.261969498705,2331.485092501007,2354.0555642457175,1470677
2026-02-27,2314.557373046875,2354.946357613014,2307.1328918130507,2345.443166643118,3053227
2026-03-02,2297.233642578125,2330.29723651677,2267.139599527044,2279.810762828429,2273224
2026-03-04,2238.53076171875,2288.3243336403816,2229.4234459004774,2269.812432719107,2648737
2026-03-05,2232.294189453125,2254.86466241023,2205.961930722778,2252.5877729936083,1751288
2026-03-06,2203.2890625,2227.344430687897,2197.15153951635,2222.4938661562232,1674258
2026-03-09,2172.50244140625,2177.8479715726257,2148.545920373073,2176.8580406764563,1512817
2026-03-10,2168.146484375,2201.606195210621,2153.0995838952795,2201.606195210621,1084986
2026-03-11,2139.636474609375,2172.8982483412015,2134.290944612132,2168.1465318534633,1313256
2026-03-12,2115.383056640625,2143.2992989000727,2088.061111223958,2143.2992989000727,1791973
2026-03-13,2138.250732421875,2169.8294312879443,2098.950524241146,2114.492390950521,2298875
2026-03-16,2153.79248046875,2164.681719709848,2132.3110295750503,2147.7540473535414,1981511
2026-03-17,2136.46875,2162.8010077496438,2123.8966763186418,2150.921837339099,1705956
2026-03-18,2113.79931640625,2153.099521402979,2108.2556071724653,2143.2002132585976,2441148
2026-03-19,2056.383544921875,2112.1167039586576,2049.256090646583,2090.734099450428,2098905
2026-03-20,2061.72900390625,2078.656918696704,2048.166999131025,2078.5578289353593,2429744
2026-03-23,2031.5361328125,2075.8850852106953,2012.8265355843985,2041.534531517212,2599535
2026-03-24,2064.005859375,2093.7037854091727,2045.1971728866906,2049.1568963579134,1702418
2026-03-25,2113.304443359375,2133.0039707547157,2064.9957691670343,2076.874939459462,2069217
2026-03-27,2053.512451171875,2105.5829103672913,2048.6618866972776,2101.920214571949,2789151
2026-03-30,2034.505859375,2061.4319304866403,2025.5964816164349,2043.2172992976207,2482193
2026-04-01,2043.91015625,2098.5542902611737,2031.338082923151,2098.5542902611737,2028470
2026-04-02,2044.5042724609375,2049.0578094497764,2002.13518292342,2034.3079361718803,1431905
2026-04-06,2063.807861328125,2071.727308039528,2021.3398041699922,2044.5042099690797,1661298
2026-04-07,2089.34814453125,2098.1584324058085,2030.1502314824131,2043.9101735971367,2709707
2026-04-08,2123.995849609375,2170.720540058606,2108.552830795398,2108.552830795398,3794437
2026-04-09,2111.720458984375,2141.1213571449207,2093.7037656964103,2123.896656880212,2506245
2026-04-10,2133.59814453125,2148.1500806118274,2100.039341580484,2111.7205746871014,2144484
2026-04-13,2105.781005859375,2119.145073286812,2092.2190005842986,2109.5427916939393,1994541
2026-04-15,2135.875,2146.1701846556675,2119.342960674532,2119.342960674532,1552971
2026-04-16,2117.561279296875,2141.9134343634555,2107.6619703228953,2136.270876584757,1845734
2026-04-17,2218.237060546875,2222.3947217120526,2111.522468334881,2120.4318458384037,4882697
2026-04-20,2209.03076171875,2230.710151347242,2200.814287067127,2218.2371672517165,1460822
2026-04-21,2287.43310546875,2312.1813760556415,2204.773881708532,2216.1580861785023,3217281
2026-04-22,2344.9482421875,2383.753483110979,2287.136135627566,2287.136135627566,5558325
2026-04-23,2342.572265625,2375.8340388417187,2312.478464472606,2312.478464472606,2063531
2026-04-24,2303.8662109375,2364.5490228916565,2275.8511183860137,2364.5490228916565,1676706
2026-04-27,2304.856201171875,2339.0088177903613,2301.5893808110277,2311.3896002112174,1099681
2026-04-28,2266.44677734375,2310.8945777237636,2258.131454523486,2297.62960044326,1629120
2026-04-29,2291.095947265625,2326.0405558989446,2267.9316611922086,2281.7906936045574,1778765
2026-04-30,2228.2353515625,2344.948348918507,2189.331260792845,2288.720225829817,4434979
2026-05-01,2228.2353515625,2228.2353515625,2228.2353515625,2228.2353515625,0
2026-05-04,2286.04736328125,2341.978456380622,2245.955163802939,2245.955163802939,2554255
2026-05-05,2303.965087890625,2311.884535117792,2265.0609967330465,2278.3259741656116,1741424
2026-05-06,2293.768798828125,2315.84406275992,2265.258742886433,2306.5388097283676,1196175
2026-05-07,2249.32080078125,2304.4599000972157,2245.262229356629,2286.7402347777156,1859012
2026-05-08,2264.664794921875,2274.16822791307,2233.2840347907604,2249.3208664913536,1104526
2026-05-11,2283.968505859375,2293.7689667003274,2236.4518230397666,2254.1717310173203,1903862
2026-05-12,2239.2236328125,2283.770522059433,2233.2840475795756,2262.289070470158,983506
2026-05-13,2244.47021484375,2272.683243444049,2227.3443631814885,2242.193325602698,1308559
2026-05-14,2226.057373046875,2262.882750990242,2222.3946773716366,2245.1630860930386,1380764
2026-05-15,2249.32080078125,2275.7519058077983,2223.582599004531,2226.0574260984463,1038522
2026-05-18,2231.502197265625,2242.193499373944,2202.299235574,2240.312727327763,1118204
2026-05-19,2210.41650390625,2259.022205437637,2207.0508356806363,2219.424971337065,1145022
2026-05-20,2187.05419921875,2204.4768365637315,2178.83772511289,2202.4969749325523,1071994
2026-05-21,2157.059326171875,2206.5558687641624,2154.0895336163376,2201.6062145049336,1581812
2026-05-22,2181.411865234375,2202.101324725408,2153.4956200308816,2158.0493989217307,1382889
2026-05-25,2174.383056640625,2215.56427562462,2170.8192089984664,2192.696776899151,780722
2026-05-26,2187.153076171875,2197.6464396286196,2167.9485147687737,2177.451947396857,2302703
2026-05-27,2176.263916015625,2192.3009893676626,2164.9788008323703,2182.8966461541704,616538
2026-05-28,2176.263916015625,2176.263916015625,2176.263916015625,2176.263916015625,0
2026-05-29,2131.816162109375,2185.569457533162,2096.77270543257,2112.017544397656,17701621
2026-06-01,2063.31298828125,2145.6751894306544,2059.3532647482753,2136.7658114814612,1470488
2026-06-02,2072.6181640625,2075.88498419097,2044.9001003727778,2058.066228961863,2148903
2026-06-03,2069.549560546875,2078.4589383211337,2051.334687643431,2070.9353670832684,1544973
2026-06-04,2058.462158203125,2089.64498066566,2052.621662732285,2067.9655912455964,2142735
2026-06-05,2100.138427734375,2106.07801320051,2056.284440039605,2065.688783694319,1822999
2026-06-08,2088.853271484375,2103.603145099428,2070.440460223743,2084.101554867211,1601497
2026-06-09,2111.32470703125,2117.0663546833757,2088.8533235633454,2098.3565153522595,1460636
2026-06-10,2147.655029296875,2182.6984855334144,2112.017517863509,2113.403324412981,2325534
2026-06-11,2118.254150390625,2143.2003602893956,2113.7994614200466,2142.2104294070446,1178896
2026-06-12,2146.962158203125,2157.455280606382,2123.40175473256,2129.539277901612,1156153
2026-06-15,2134.39013671875,2188.7372471319904,2128.351461480678,2177.848007096508,1439449
2026-06-16,2177.748779296875,2186.7572467009,2138.3497248298445,2139.2405659215233,1337309
2026-06-17,2175.47216796875,2202.2003013528906,2161.0190806510564,2178.9369260000276,1511401
2026-06-18,2196.16162109375,2199.2305034441215,2174.68016968817,2186.460250293131,1120482
2026-06-19,2172.50244140625,2188.34133574496,2157.950263886682,2187.3514048487905,1508994
2026-06-22,2162.89990234375,2185.9653403900866,2160.524164883483,2181.5106513903265,765860
2026-06-23,2160.10009765625,2179.699951171875,2156.0,2160.10009765625,710082
2026-06-24,2157.800048828125,2166.0,2140.0,2160.0,942271
2026-06-25,2174.199951171875,2200.89990234375,2161.0,2161.0,1898262
2026-06-26,2174.199951171875,2174.199951171875,2174.199951171875,2174.199951171875,0
2026-06-29,2151.300048828125,2189.89990234375,2143.0,2172.0,1423514
2026-06-30,2118.199951171875,2151.300048828125,2114.199951171875,2151.0,2364422
2026-07-01,2182.0,2190.0,2120.199951171875,2133.5,2497576
2026-07-02,2210.60009765625,2216.0,2179.199951171875,2186.0,2585362
2026-07-03,2201.199951171875,2239.300048828125,2190.0,2224.89990234375,1536616
2026-07-06,2202.0,2221.39990234375,2190.300048828125,2202.10009765625,2131061
2026-07-07,2208.800048828125,2219.39990234375,2193.699951171875,2200.0,2552492
2026-07-08,2135.800048828125,2199.0,2130.0,2199.0,1326689
2026-07-09,2144.5,2166.800048828125,2137.10009765625,2139.0,2201039
2026-07-10,2150.60009765625,2178.0,2145.0,2151.5,1665179
2026-07-13,2130.60009765625,2143.0,2120.0,2143.0,1833988
2026-07-14,2120.199951171875,2145.0,2116.10009765625,2125.0,2681897
2026-07-15,2102.60009765625,2128.5,2091.0,2121.0,2029614
2026-07-16,2098.39990234375,2123.0,2096.0,2104.89990234375,2143092
2026-07-17,2143.800048828125,2154.5,2092.10009765625,2100.0,1059832
2026-07-20,2139.699951171875,2153.800048828125,2128.39990234375,2153.800048828125,689849
2026-07-21,2142.5,2147.699951171875,2127.5,2139.699951171875,1032417
2026-07-22,2154.60009765625,2159.89990234375,2130.0,2139.699951171875,819175
2026-07-23,2161.800048828125,2166.0,2139.89990234375,2150.0,833281
2026-07-24,2145.0,2163.0,2139.0,2148.0,1603494
2026-07-27,2174.60009765625,2181.300048828125,2152.39990234375,2155.0,698681
2026-07-28,2022.699951171875,2213.0,2016.0,2174.60009765625,9947304
2026-07-29,2117.800048828125,2123.0,2047.0,2050.5,5183374
2026-07-30,2107.89990234375,2132.60009765625,2088.0,2120.0,2602039
2026-07-31,2101.300048828125,2119.60009765625,2091.10009765625,2119.60009765625,1759019
2026-08-03,2138.0,2138.0,2105.300048828125,2107.0,740649
2026-08-04,2096.5,2119.10009765625,2070.199951171875,2119.10009765625,1657094
2026-08-05,2085.300048828125,2097.800048828125,2074.199951171875,2085.300048828125,1150148
2026-08-06,2079.5,2094.0,2075.199951171875,2081.0,1160270
2026-08-07,2096.0,2099.39990234375,2077.199951171875,2083.10009765625,1054665
2026-08-10,2087.199951171875,2097.0,2076.0,2096.0,1118008
2026-08-11,2064.89990234375,2086.5,2063.800048828125,2086.0,956661
2026-08-12,2063.0,2072.10009765625,2050.10009765625,2065.0,995523
2026-08-13,2092.0,2092.0,2052.89990234375,2063.0,1186057
2026-08-14,2077.0,2090.89990234375,2066.39990234375,2089.0,1148419
2026-08-17,2055.0,2076.0,2055.0,2070.89990234375,1024288
2026-08-18,2035.0,2060.0,2034.9000244140625,2055.0,1234596
2026-08-19,2020.699951171875,2041.699951171875,2008.300048828125,2035.0,1449442
2026-08-20,2028.0,2043.5999755859375,2018.199951171875,2022.9000244140625,1401471
2026-08-21,2015.0,2034.699951171875,2012.0,2028.0,857550
2026-08-24,2030.0,2030.0,2006.199951171875,2019.9000244140625,891171
2026-08-25,2024.199951171875,2029.199951171875,2012.0,2024.0,196807
