Date,Close,High,Low,Open,Volume
2021-08-25,1219.0003662109375,1249.765669611218,1211.8307391682056,1232.5783224849342,266306
2021-08-26,1234.027099609375,1248.5873117027531,1219.319663291021,1219.319663291021,402918
2021-08-27,1207.975830078125,1269.4083681115549,1198.3264101679774,1244.8304374319364,512728
2021-08-30,1218.48486328125,1231.105264229852,1204.2193395323714,1208.1232991406944,398176
2021-08-31,1264.6451416015625,1308.3501140197302,1193.7841342535462,1222.7570934970506,1794622
2021-09-01,1243.873046875,1297.620320560148,1223.2482273058133,1275.9887893912446,548468
2021-09-02,1222.609619140625,1246.2299923701198,1212.9356221644036,1244.1183800621525,352624
2021-09-03,1245.5179443359375,1255.4620519715945,1225.2368514517518,1228.1586763840987,379846
2021-09-06,1227.397705078125,1255.1675750533784,1219.83531928749,1255.1675750533784,315516
2021-09-07,1227.201171875,1236.2121805775546,1202.156751578186,1235.0336675781784,305420
2021-09-08,1245.395263671875,1252.2210480959227,1214.507072551855,1231.2770851884407,297660
2021-09-09,1239.03564453125,1249.2252847108293,1230.7120829166552,1245.5914368917047,238692
2021-09-13,1274.8837890625,1287.970799060805,1240.042602695665,1244.8550841982617,913070
2021-09-14,1295.1893310546875,1315.9614910339405,1262.8525181889872,1276.7743168690758,457656
2021-09-15,1290.45068359375,1358.3897426761405,1281.807854966622,1323.425790301713,1721172
2021-09-16,1262.60693359375,1298.037491387341,1252.5400595794897,1290.5241419256454,512412
2021-09-17,1224.426513671875,1275.7430195233583,1213.9423042664885,1264.2520987047249,500214
2021-09-20,1184.42919921875,1236.4332740283016,1178.7328931225595,1217.870914746272,502740
2021-09-21,1194.4715576171875,1201.69033984756,1137.9252294087892,1183.962769707451,511356
2021-09-22,1193.072021484375,1206.0607214817317,1184.011858039076,1203.1143190676885,143782
2021-09-23,1215.1700439453125,1219.5404929193737,1177.480646263916,1197.7125856016478,327552
2021-09-24,1179.02734375,1226.4398887525292,1174.9024287165662,1220.7926179935087,333752
2021-09-27,1164.8602294921875,1184.6992909053633,1160.882538321359,1183.4224685842673,345428
2021-09-28,1154.400634765625,1173.601287641305,1149.93187592072,1168.690616334568,378038
2021-09-29,1157.56787109375,1183.47165949133,1140.8961677522443,1150.0790981446867,331198
2021-09-30,1184.1346435546875,1196.7058887866597,1155.7017878753404,1167.8802753574253,380712
2021-10-01,1190.150146484375,1195.7482628804926,1173.6502457020028,1187.4492777181151,289824
2021-10-04,1180.5745849609375,1204.5877206745392,1171.686221577436,1198.2038477154,332762
2021-10-05,1153.29541015625,1188.2839334004684,1151.5520983535698,1178.560782963142,682024
2021-10-06,1118.7244873046875,1161.37371371112,1108.43665534082,1154.2040859582303,682586
2021-10-07,1160.366943359375,1171.1949965506528,1109.8116109872014,1118.0861393169246,686624
2021-10-08,1146.4942626953125,1166.9963128382028,1140.7733792938434,1161.3736188727075,266016
2021-10-11,1157.7642822265625,1163.8290087723497,1126.5324870893658,1148.1148618184613,313434
2021-10-12,1158.721923828125,1166.2843088645723,1136.8202842195726,1157.6906350097806,246686
2021-10-13,1160.366943359375,1162.8714334461338,1146.81356376062,1157.9361852689472,187572
2021-10-14,1189.4627685546875,1200.7327351178883,1160.8335311325561,1160.8335311325561,644914
2021-10-18,1186.2218017578125,1206.4045887748316,1173.6504353315415,1193.2931204416927,368236
2021-10-19,1150.152587890625,1203.5316695701456,1138.784434185589,1186.0004808166914,308140
2021-10-20,1133.9720458984375,1178.5609595111605,1120.4186667977115,1146.6416001910666,913830
2021-10-21,1116.735595703125,1166.2350570726876,1062.9146005449013,1160.3914072938794,673222
2021-10-22,1119.5592041015625,1132.818013767083,1095.6932987478617,1122.7755972014845,342218
2021-10-25,1092.0841064453125,1122.0883550548497,1082.311918836275,1119.5594073745033,356840
2021-10-26,1075.1915283203125,1113.7402997170445,1066.106786016624,1097.0440165643197,577558
2021-10-27,1066.7696533203125,1111.7759046863175,1062.669195115367,1082.3118789437472,621870
2021-10-28,1041.847900390625,1077.8921738756196,1022.4015972706331,1076.1488618716503,404124
2021-10-29,1052.06201171875,1066.5976445169208,1036.6671314628954,1039.5889564651573,287068
2021-11-01,1043.910400390625,1075.436882276744,1038.631429393148,1067.677998600242,318750
2021-11-02,1044.7696533203125,1049.4102126411951,1028.4416750468827,1046.4638105467418,499520
2021-11-03,1043.4930419921875,1051.841182946794,1036.15161260117,1043.5176193258228,365624
2021-11-04,1047.8388671875,1050.8834588380266,1041.0129634417733,1048.9191906906658,17228
2021-11-08,1041.5533447265625,1065.4682891070843,1015.2076421191197,1053.3389554165378,1113184
2021-11-09,1071.6312255859375,1078.8498882920296,1043.517632888128,1043.517632888128,520930
2021-11-10,1085.6019287109375,1097.0438152199877,1071.5574826878783,1073.3744068372612,720968
2021-11-11,1085.258056640625,1095.6686529345911,1075.4367167615244,1087.7133916104,264110
2021-11-12,1089.6531982421875,1095.0549357506582,1041.1112926565354,1085.7246618723907,926474
2021-11-15,1080.3719482421875,1108.3381891614015,1046.1690606793525,1080.3473709149682,959746
2021-11-16,1057.439208984375,1080.3474373710476,1041.5777203578184,1080.3474373710476,1681022
2021-11-17,1029.8167724609375,1055.695982368621,1025.0288686585793,1047.4460318389815,1264676
2021-11-18,1020.0199584960938,1030.749822373186,1004.2567768336661,1019.9463463883312,1277288
2021-11-22,1001.5830688476562,1037.6189099420872,996.6287394531233,1033.083529184075,518382
2021-11-23,1013.7346801757812,1041.4147781583215,988.371617409227,1003.3085031156899,1842742
2021-11-24,1015.9283447265625,1036.139937108347,993.8434587363647,1025.368589124681,1216842
2021-11-25,997.984375,1055.1683954955363,991.822303825912,1023.2735391690475,2324156
2021-11-26,993.892822265625,1027.8334991594063,983.860982162842,997.9844015280946,2295864
2021-11-29,1045.2598876953125,1054.9219433658511,968.6776167726392,988.3962451038889,2269278
2021-11-30,1035.326416015625,1063.326888518218,1001.2132177007421,1047.5519879931448,20863688
2021-12-01,1019.4283447265625,1054.4535800464753,1006.6112371617152,1049.4253542262402,695038
2021-12-02,1021.0552978515625,1035.696356386252,1010.5797757854933,1010.5797757854933,521258
2021-12-03,1005.1817626953125,1022.3862179640522,1000.3999591660371,1013.0445417590553,1526184
2021-12-06,993.7202758789062,1010.086712945351,987.5088599568018,1005.1570559763644,1730328
2021-12-07,991.6004638671875,1005.1323476927719,983.4665301591047,994.8047407824929,1482804
2021-12-08,1007.4492797851562,1017.2839807757358,985.9313167615412,990.860973345349,1702530
2021-12-09,1001.7555541992188,1007.4000473856536,992.3399216721994,1007.4000473856536,1469204
2021-12-10,1014.2522583007812,1027.932056514981,994.8540699854905,994.8540699854905,1394870
2021-12-13,1003.5302734375,1014.1043638639115,999.0689698605024,1010.0867414619439,1475510
2021-12-14,1001.21337890625,1007.9669852103581,992.8329616529727,1000.7204131854689,1004386
2021-12-15,996.3822631835938,1006.6359739625201,991.3540370414436,1005.5021287655264,454636
2021-12-16,973.5333251953125,999.6851803113422,971.2410225971272,991.8962979840509,945082
2021-12-17,982.16015625,987.3609682220176,951.4484306251777,973.1142480965553,803258
2021-12-20,979.0051879882812,984.945448623392,948.9836256083585,973.6072377533529,692280
2021-12-21,982.5052490234375,1004.0478246520227,977.3291095076175,983.4665080057862,598648
2021-12-22,995.9878540039062,1002.7414596279169,980.5087198948567,984.4524452639662,396878
2021-12-23,1001.7802124023438,1017.9741228540984,995.8399519247847,1004.442239093044,439442
2021-12-24,997.294189453125,1010.1605207986041,992.8328262180511,1005.6499332099426,214844
2021-12-27,1004.9844970703125,1009.9881107650907,977.0579792212517,999.709728180539,602364
2021-12-28,1027.0445556640625,1035.2525056973466,1004.6639639795884,1004.9844036775843,714830
2021-12-29,1044.9886474609375,1050.0168732056995,1015.5092764336812,1032.2701091515187,819208
2021-12-30,1072.9150390625,1084.2532487397548,1036.1890990209574,1046.0730841362827,857168
2021-12-31,1068.157958984375,1079.5947376136212,1061.108526353114,1074.665081277486,332122
2022-01-03,1064.6087646484375,1077.9927351464357,1060.5417976586316,1069.7355597428905,272364
2022-01-04,1070.4996337890625,1088.5421052514878,1064.8058561819444,1064.8058561819444,360918
2022-01-05,1067.3446044921875,1088.4682322307813,1045.7034590668227,1077.1300214783773,835834
2022-01-06,1060.4678955078125,1080.580922143857,1054.9467031878896,1060.0981711959475,402504
2022-01-07,1084.426025390625,1095.3698404096342,1053.664891954024,1060.8622396766573,705754
2022-01-10,1046.0732421875,1112.6236133917,1013.9319017950259,1108.1375772656413,1504551
2022-01-11,1042.42529296875,1061.7987482430538,1030.2982888913366,1046.0731909222086,312149
2022-01-12,1030.5941162109375,1052.9253656109452,1022.4108376431053,1046.5661563723784,339266
2022-01-13,1045.037841796875,1051.988705659608,1016.7416613978171,1025.3685603430108,407600
2022-01-14,1047.404296875,1051.6930747963243,1030.3477542683495,1046.7634173343504,237758
2022-01-17,1048.1436767578125,1063.6228723850757,1041.045018619281,1050.0169705411065,249850
2022-01-18,1034.0941162109375,1057.3128486288313,1030.298304423127,1054.9465892179387,314866
2022-01-19,1060.0240478515625,1067.369187802437,1015.5092261492849,1026.3544703120442,878015
2022-01-20,1052.5802001953125,1066.777634559483,1046.6646125729862,1057.9042531259936,214363
2022-01-21,1039.86181640625,1061.8481351261826,1027.7841565591787,1039.171712556171,361783
2022-01-24,1028.3262939453125,1044.9392114403806,1005.6498751910055,1040.1574689475597,554842
2022-01-25,1028.5234375,1034.6855078462972,1003.6780180049038,1025.3685056238703,526167
2022-01-27,991.3540649414062,1030.9884607690385,984.0088636631332,1020.4390424807116,406915
2022-01-28,998.55126953125,1009.6430575094856,976.0720465549757,985.9313601565411,222773
2022-01-31,1020.0939331054688,1024.3827105661223,994.4597170566534,1005.7485832908161,391944
2022-02-01,1022.9532470703125,1030.298388396644,1011.565690425796,1030.298388396644,86410
2022-02-02,1039.8123779296875,1044.1011546359343,1022.8542888532091,1032.71360098386,92474
2022-02-03,1030.9884033203125,1052.6296694783207,1025.3686425551814,1046.8126502240038,125055
2022-02-04,1022.065673828125,1036.9532119157766,1013.7838270999737,1035.227832195451,52032
2022-02-07,1005.94580078125,1039.1717011747908,995.790719342067,1025.0728339379737,174628
2022-02-08,987.2623291015625,1009.5936981557734,982.5298706767521,1009.5936981557734,162046
2022-02-09,1006.1430053710938,1010.4811276520061,988.4455245005104,992.832931316699,119278
2022-02-10,989.8751220703125,1014.5234069824219,971.2903393171728,1014.5234069824219,118579
2022-02-11,979.769287109375,990.9595839531916,962.2197209705346,975.0861131584119,325629
2022-02-14,950.9800415039062,980.0157308775755,928.8458713617691,976.0720056024142,851025
2022-02-15,975.1354370117188,980.9524563296452,926.7755139822995,926.7755139822995,940898
2022-02-16,967.839599609375,987.9525644111346,957.5366042659958,975.1847405251517,371411
2022-02-17,951.4730834960938,986.917329285447,941.712398762893,986.917329285447,1321278
2022-02-18,966.0648193359375,972.3255195798347,940.9235696478563,950.9307970256627,725178
2022-02-21,948.268798828125,969.17055633057,939.9376665476686,958.3253110410112,486916
2022-02-22,947.6773681640625,959.8043135573799,924.6558315737713,938.606786344762,385429
2022-02-23,941.7616577148438,964.1915964074838,937.1277682353549,946.4941162608529,177240
2022-02-24,923.5712280273438,942.5996917870074,912.1837325273139,921.845848097749,482719
2022-02-25,956.2055053710938,963.2056541325809,923.0289512148631,923.5712014275374,468020
2022-02-28,967.5437622070312,973.1142987272768,941.5644937026842,956.353464807962,413836
2022-03-02,970.9451904296875,973.1635359877157,945.6067424649144,952.4096929134575,277879
2022-03-03,955.07177734375,984.2553232670992,948.9097059767862,972.1283788522102,246294
2022-03-04,941.3179931640625,957.0928953799568,926.1839704212796,957.0928953799568,398094
2022-03-07,959.80419921875,970.600159873917,916.1767356178976,931.7051548656586,347123
2022-03-08,1001.9035034179688,1006.6359621154394,950.4378721638428,958.0295559996171,592426
2022-03-09,991.5018310546875,1008.7062840141648,982.1847682800708,1005.8471193640646,357348
2022-03-10,987.3609619140625,1008.5584859266378,978.3396659962607,994.0652830548381,176806
2022-03-11,1004.5162353515625,1010.4811687746861,966.212822529039,992.5372043209936,388470
2022-03-14,997.9597778320312,1027.3405215967189,981.8397632922618,1010.5796877510909,577886
2022-03-15,979.1777954101562,1019.453069088366,975.4805526547584,1003.1852009646154,250833
2022-03-16,986.0299682617188,990.8610561883522,955.4168103520904,984.3539330242733,366323
2022-03-17,1019.1572265625,1023.1996415314104,984.3045761039475,988.3962154304345,1091505
2022-03-21,988.8890991210938,1027.8333856767101,985.9313052054773,1020.4389008876691,286959
2022-03-22,985.6848754882812,999.2414316652893,981.1002706014668,988.9877214680897,210510
2022-03-23,977.304443359375,996.973785679683,971.4381398355674,985.684859771536,267686
2022-03-24,994.2131958007812,1003.6781126748663,976.5650005937672,977.3044491050699,214498
2022-03-25,978.8820190429688,1020.9320195841187,976.0721384725036,995.8893366072624,285071
2022-03-28,985.3890991210938,1011.51621970181,978.0438985333059,987.9032120265853,332961
2022-03-29,1044.2984619140625,1047.9464802051423,985.9313727862942,990.5652622736849,1234599
2022-03-30,1061.65087890625,1066.777673558515,1030.298215220562,1049.868927582632,673633
2022-03-31,1050.7564697265625,1079.5949653770454,999.9809987522084,1064.8059932485926,872732
2022-04-01,1012.9459838867188,1050.0169819001121,1006.6359986103423,1050.0169819001121,356187
2022-04-04,1015.952880859375,1049.0309247965338,1012.5514659455264,1012.9458625442343,249514
2022-04-05,1017.9248657226562,1029.5095601271312,1012.0586218037014,1021.2770566847556,319051
2022-04-06,1007.9668579101562,1027.340432360675,987.9031796788835,1019.3544127632011,576365
2022-04-07,987.4102783203125,1013.5374599233961,981.9876557234461,1009.5937343984024,511535
2022-04-08,1013.1924438476562,1019.8474809064751,988.9384949051852,1000.1288525840488,447291
2022-04-11,1022.7067260742188,1033.7491100094358,1012.6009288614417,1013.1924636520858,507718
2022-04-12,1026.6995849609375,1036.0167084094162,1008.0162340613066,1024.9742051022874,406540
2022-04-13,1028.474365234375,1037.39697220348,1022.4108630463924,1033.2561084596134,305538
2022-04-18,1008.6571655273438,1032.7138569836745,995.7907720426824,1027.3405786816584,256774
2022-04-19,1002.1006469726562,1011.6641329146629,994.4596790195955,1009.5937011528102,192001
2022-04-20,1011.7135009765625,1038.6786999175968,993.8188225125178,1013.5374499433218,382858
2022-04-21,1015.9037475585938,1020.4390079678599,1004.4669071121979,1015.5093509245369,488476
2022-04-22,1012.9950561523438,1019.8965751849532,995.790603276515,1015.4598843782758,409641
2022-04-25,985.2412109375,1013.3895396566062,983.1707791207261,1004.2203899050036,267628
2022-04-26,986.42431640625,1002.1006489534607,978.1424689895209,999.734389641117,130072
2022-04-27,990.9596557617188,994.7555278713414,967.1987323803567,984.9454981121063,278671
2022-04-28,1011.319091796875,1017.0867661781612,992.8328788100932,994.8047415286833,239380
2022-04-29,997.5160522460938,1019.9459906583485,992.4878263869034,1010.5796427499345,286940
2022-05-02,996.18505859375,1003.3823454024962,984.9454171502744,992.8328679382646,98194
2022-05-04,986.1285400390625,1022.8544223422334,978.7340549760469,997.4174659372278,307446
2022-05-05,988.0511474609375,994.0653047530986,979.5228170316921,991.3539934830059,181125
2022-05-06,979.2764282226562,990.2695881348623,966.2128363032501,981.0018082874835,250491
2022-05-09,973.1142578125,993.8188164893617,961.2830814257219,977.8960008648995,187582
2022-05-10,961.2338256835938,990.3680863733687,955.5154356273356,973.1142869591985,177671
2022-05-11,955.6139526367188,964.2901364056057,941.5644310219926,961.2337733179038,259418
2022-05-12,948.0715942382812,958.2267356288187,936.6348142610525,955.3675105462735,175466
2022-05-13,961.7267456054688,971.0930934130619,951.4237509818216,953.0998463090015,319208
2022-05-16,969.8607177734375,977.5016860254153,959.6070072743864,966.8042943667606,123049
2022-05-17,975.0860595703125,983.0720790614223,961.0858230194486,971.339532650736,76760
2022-05-18,974.5439453125,983.022931638169,966.2128125971572,972.1284012457112,286465
2022-05-19,951.2265625,972.4240867045074,948.6138805062593,966.3113002474477,105203
2022-05-20,972.621337890625,977.896046873977,952.4097439456094,952.4097439456094,158460
2022-05-23,964.2902221679688,992.4385524326609,961.2831433445967,975.9735457083519,242195
2022-05-24,942.0574340820312,963.8464935208212,905.0850073127207,953.4942140254143,1588320
2022-05-25,924.705078125,953.8393387704891,913.7119190158053,931.7051669489464,565141
2022-05-26,903.359619140625,925.7895578423431,895.6200819449081,924.7050574042788,1271410
2022-05-27,888.4721069335938,910.5569342312821,886.0565629635323,907.0568897896717,733877
2022-05-30,887.6832885742188,896.2116190305229,871.8591020556746,890.296030786097,673959
2022-05-31,889.901611328125,911.099135326654,879.6479614068138,892.1693015714724,472699
2022-06-01,876.7394409179688,894.6341187447133,863.1828850420935,890.0002294282104,612609
2022-06-02,867.4224853515625,874.5212038896835,859.7322320087983,868.6056151373294,290566
2022-06-03,849.0347900390625,875.5070222144857,844.7459526419254,875.5070222144857,247531
2022-06-06,851.5982055664062,861.9012002334451,838.0416494720062,838.0416494720062,231516
2022-06-07,851.8447265625,857.7603149414062,838.7318510245532,846.9150695800781,134547
2022-06-08,856.6758422851562,863.1829656425957,843.2178542156825,859.7322056428824,133105
2022-06-09,856.6264038085938,860.6687583288232,850.1192811634058,853.6193253161429,130208
2022-06-10,846.7178955078125,856.2321578268796,841.0487898157155,849.8728881021883,161247
2022-06-13,852.2883911132812,855.6898664001457,819.3582590419915,837.2036530763996,339988
2022-06-14,853.4715576171875,858.0068180776589,844.5488301268491,852.2884278781364,237443
2022-06-15,865.15478515625,870.5774077412749,854.8517902094075,857.7602998130342,165592
2022-06-16,855.49267578125,871.9083972544471,849.3306046179307,871.3661470273703,196892
2022-06-17,854.0137939453125,859.0420200337392,833.1120361509633,847.9010072068975,253368
2022-06-20,864.02099609375,868.4084030508594,840.457270709448,855.788492614422,212331
2022-06-21,877.38037109375,886.0565553207356,853.0278536404616,867.6196262280932,413608
2022-06-22,876.4437255859375,880.6339340145221,870.4295079707889,872.6971983203808,185149
2022-06-23,884.47900390625,890.9861870243377,871.2675597146323,884.3804348402914,503576
2022-06-24,877.1831665039062,892.2679046803338,874.2746568787691,889.1129122085998,146601
2022-06-27,899.5145263671875,905.0850630809244,880.23957872576,881.4227084905735,206321
2022-06-28,889.3594360351562,905.0850544079319,884.4297788760717,898.9722674953713,315204
2022-06-29,884.2819213867188,893.8454080921925,868.7041566911877,888.127017848044,404541
2022-06-30,884.8734130859375,895.0284942593166,874.8661855135954,881.4226532577472,434295
2022-07-01,900.0567626953125,901.387745960842,877.7253933187199,877.7253933187199,154987
2022-07-04,905.5779418945312,911.9864956477314,894.2397314080999,900.056750423902,134941
2022-07-05,915.0428466796875,916.669657450781,906.2188093847976,911.7892853139738,182221
2022-07-06,930.7684936523438,935.5995814143372,910.7048144331255,915.930238635471,378393
2022-07-07,942.84619140625,946.4448651082972,931.7051785551191,935.6489041786328,151827
2022-07-08,963.2056274414062,977.0579506294658,946.4940793181506,947.5292951821102,236653
2022-07-11,971.9804077148438,974.790348198259,957.3393510814586,966.114164260828,166600
2022-07-12,955.9590454101562,976.0227851710885,951.423785116461,973.1142755543492,218676
2022-07-13,961.1351318359375,967.0507198088966,956.353388961718,956.353388961718,396301
2022-07-14,976.5650024414062,995.790663771651,961.1351527391074,961.2830665122374,452427
2022-07-15,975.6283569335938,983.1707558438701,969.7620533563204,975.0861067255124,139901
2022-07-18,984.0088500976562,987.9032912752045,975.0861827057657,980.4595210259416,272801
2022-07-19,996.6780395507812,1003.6781281618704,980.1143445008397,984.0087854224209,342626
2022-07-20,1000.5231323242188,1010.0866785537265,995.9385876050427,1001.7062619917874,325932
2022-07-21,992.2906494140625,1005.650007577468,987.0158804252952,999.7837038313043,137275
2022-07-22,973.3607177734375,995.2976901415905,967.4451297191041,995.2976901415905,250787
2022-07-25,952.5576171875,973.3114604905178,948.5152624646513,967.4451568037757,332206
2022-07-26,970.5508422851562,974.1001710645997,935.1558828489603,952.4096814255095,389980
2022-07-27,972.0297241210938,977.2551481444945,959.3604704012035,974.7410352836243,474450
2022-07-28,981.2975463867188,984.6497373402952,956.9450278779739,979.1778299048364,237401
2022-07-29,986.1777954101562,995.6427119403548,977.0086462384379,980.5086903628097,194420
2022-08-01,983.6636962890625,1002.1991931882883,978.6847551265205,990.7624138737477,163659
2022-08-02,976.121337890625,987.2623503027447,969.959266846701,978.5368817751382,176681
2022-08-03,964.1915893554688,979.867861935499,954.6280430904017,976.1213347879967,78714
2022-08-04,1010.5303344726562,1013.5374733665301,958.3745998187277,964.1916191158383,448120
2022-08-05,998.2062377929688,1019.748874553509,984.2060001605983,1016.4952528580784,594365
2022-08-08,998.5020751953125,1004.6641467529237,988.3469933036654,1004.6641467529237,89624
2022-08-10,977.5509643554688,997.7625576679116,957.3393710430258,990.8610380002482,431161
2022-08-11,1002.0020141601562,1008.2133696000474,971.2409441525127,978.9312567867789,382876
2022-08-12,914.99365234375,976.0721165187816,905.4794501421562,974.4946503000499,3897119
2022-08-16,912.9231567382812,920.8598921676,905.6272405884192,914.9935885280254,455476
2022-08-17,906.9089965820312,919.8740188823144,901.7328566043976,914.7964479765205,385900
2022-08-18,911.937255859375,912.972471788851,899.3173460384097,906.9089696388851,405069
2022-08-19,906.9089965820312,916.6204572173833,892.3172235375217,912.9724989121363,547895
2022-08-22,890.3945922851562,905.0849937045456,887.8804793379387,892.2678859505596,229225
2022-08-23,909.669677734375,911.7893942490658,887.4368753633981,890.3453851804187,186859
2022-08-24,909.1272583007812,913.8597768414636,893.5495552710421,909.6695686752362,401021
2022-08-25,901.9300537109375,915.4866107769745,898.1835263388921,915.4866107769745,241600
2022-08-26,897.0989990234375,906.6624853992829,895.2257053051818,904.0498033123729,108071
2022-08-29,887.4368286132812,898.8243844186098,881.8170677773513,890.2960537424025,467127
2022-08-30,892.465087890625,898.331391575654,884.9719733749956,896.2116150602021,319017
2022-09-01,886.9439086914062,894.8807050081507,880.0423885387451,887.3383053421503,161221
2022-09-02,877.3309936523438,890.8875498064037,874.0281476781262,886.9438243797681,174167
2022-09-05,873.8802490234375,881.5705618796101,868.7041093114234,877.3310088314469,499504
2022-09-06,870.4788208007812,878.4648407368904,866.978716335678,873.88023584764,121036
2022-09-07,867.0773315429688,877.3803261115004,865.3026671610552,871.366108813966,180638
2022-09-08,857.908203125,873.140794605024,853.3728827306012,868.6055343871002,277356
2022-09-09,859.9293212890625,888.7678127998086,857.7602603196264,864.168813988681,577688
2022-09-12,862.6900024414062,872.5493167550222,859.9294064688895,864.5632962315849,296143
2022-09-13,885.4650268554688,888.9157869915797,864.5633278864962,864.5633278864962,520164
2022-09-14,866.0421142578125,878.9085062263239,863.330803069271,877.4296092143921,233166
2022-09-15,862.9364013671875,871.5140160210419,860.3730039655634,870.5773692170541,106978
2022-09-16,848.9854736328125,866.8801519634382,842.9713163818477,860.7180809372551,400708
2022-09-19,846.3727416992188,855.7883736365384,840.752921219537,848.8868544943083,126262
2022-09-20,859.1898803710938,862.6899246013244,846.372772919874,849.8728171501048,113859
2022-09-21,854.4573974609375,871.8590490494404,849.9220773100586,864.8096762592975,214863
2022-09-22,865.9435424804688,868.0140345404519,843.9572841460711,852.534899419767,334833
2022-09-23,861.65478515625,870.4788834887396,857.7603439730307,869.5915211312794,88030
2022-09-26,879.3028564453125,886.3522897166521,855.6405038833551,858.7954962602444,747578
2022-09-27,892.2185668945312,893.94394671773,870.5773622196873,883.6409523096204,328806
2022-09-28,883.0000610351562,904.78917918753,870.4294367775656,882.4085263171526,396813
2022-09-29,896.60595703125,899.9088028478598,883.5423671788981,896.803095151995,270063
2022-09-30,902.1272583007812,904.5428023391775,883.3945611338797,892.6129959322634,193371
2022-10-03,921.3529052734375,925.00086353614,893.1552909375863,902.8666912832,536643
2022-10-04,919.0360107421875,931.7052056049541,908.9794980749651,927.7614798669438,329783
2022-10-06,906.7610473632812,926.6768720696916,901.6834769928782,925.9374235794274,158172
2022-10-07,906.0216064453125,910.6061510173837,894.5354823966215,910.6061510173837,108057
2022-10-10,899.21875,905.6273043042919,890.0495997230013,902.1272597580129,137507
2022-10-11,884.9226684570312,903.7539932904555,878.464830169531,903.7539932904555,157693
2022-10-12,879.204345703125,886.4509175853433,874.0774902726442,879.4508285586627,94434
2022-10-13,876.04931640625,889.9509849819186,872.6478411070717,876.3450837852055,191386
2022-10-14,876.9367065429688,890.542547994891,874.5704470832962,879.4508196085721,54675
2022-10-17,880.4859619140625,886.3522653608107,868.6055014270014,873.0421924104537,90495
2022-10-18,885.218505859375,887.6833344218576,879.1057791656012,884.8734539312189,209411
2022-10-19,883.2958374023438,887.3381314863051,876.7886549988965,887.1902177271368,58692
2022-10-20,894.5847778320312,896.1623040828915,878.6620227870613,880.5846009365458,152726
2022-10-21,891.1339721679688,900.8454314778668,887.5353590662714,898.9228534275645,229217
2022-10-24,887.6832885742188,895.0777738797511,885.5635722258514,893.25382490831,6043
2022-10-25,922.9303588867188,926.7755154148819,878.5141613800562,887.6833113589719,307939
2022-10-27,917.6555786132812,926.5782450485215,906.0708855714267,922.9302871191962,268949
2022-10-28,888.5213623046875,917.606337707425,882.4085757779696,914.1062933806957,125324
2022-10-31,892.366455078125,899.6623712553336,880.9789598389004,892.0214031706993,162978
2022-11-01,911.6414184570312,922.5852320306208,888.3241186851075,888.3241186851075,489045
2022-11-02,914.1062622070312,937.9164678646107,909.0286917562418,911.6414338671282,454885
2022-11-03,895.6201171875,914.9443487587973,890.4439772834228,910.0146917072952,501897
2022-11-04,892.2185668945312,900.253871108116,888.3241261154454,895.2256454082402,146801
2022-11-07,892.2678833007812,894.3383150919942,878.0704476063999,892.514366141472,371764
2022-11-09,879.105712890625,897.690494780062,874.2746252017791,897.0003307993019,197160
2022-11-10,875.85205078125,885.6127947719525,863.3800558780983,877.4788615051908,301637
2022-11-11,855.3447875976562,890.4932666355862,823.5484994434718,880.2395558424053,782521
2022-11-14,856.9716186523438,863.6266558643376,842.9713801858904,849.8729002575877,269058
2022-11-15,857.365966796875,864.5633145394075,850.5137913449947,855.739216006568,262459
2022-11-16,861.3096923828125,865.1055645788398,846.8165481798288,856.7744317742772,275430
2022-11-17,855.5911865234375,868.3097246080937,853.816522184676,861.3095761378788,175616
2022-11-18,852.6828002929688,857.9082851794004,839.3234410267372,854.8025770055009,204335
2022-11-21,856.2814331054688,869.542222659784,844.2037732833134,853.0278714743878,367633
2022-11-22,856.4299926757812,861.184348073113,844.0488273416313,858.7576275766379,297427
2022-11-23,849.4468994140625,865.1462520804249,846.8716414116145,855.7860797422632,372691
2022-11-24,845.0888671875,854.250929903912,835.2334470934583,849.6946246044253,300720
2022-11-25,860.7880859375,871.6339983488447,840.9287097706467,845.0887932173838,334310
2022-11-28,869.4054565429688,871.6340663717601,849.8432147124662,865.245372771576,249828
2022-11-29,863.66064453125,870.098850977562,858.4110421352399,866.3845011046898,229351
2022-11-30,859.7481689453125,867.9692510965491,856.7766890987273,856.7766890987273,310446
2022-12-01,856.4299926757812,863.9577170169808,854.7956546697098,861.679594686479,278503
2022-12-02,860.2929077148438,866.6816013241582,849.3479692976751,854.052812276292,307444
2022-12-05,855.5880737304688,863.3139091382214,853.8547105095987,863.3139091382214,238502
2022-12-06,849.2985229492188,859.9463263100281,844.1974580874229,854.9938596305819,222011
2022-12-07,847.020263671875,853.8051177457812,844.7916540257869,849.496496611973,47232
2022-12-08,843.0087890625,852.4184750286878,840.5821289404118,851.5270673679955,97417
2022-12-09,850.8336791992188,855.9347434834826,846.2278615268289,847.8621995279759,321659
2022-12-12,853.408935546875,862.422460136362,846.8717044662916,854.5480269336762,187749
2022-12-13,851.081298828125,859.4014660536219,848.3574424745872,859.4014660536219,97899
2022-12-14,856.2318725585938,857.4204765086316,848.8526860093049,853.6565539243604,147208
2022-12-15,852.2698974609375,866.0872898772267,846.9212099272423,859.847134269613,279484
2022-12-16,846.2279052734375,850.0413406549504,836.2239473783851,849.3479832715016,194219
2022-12-19,845.9802856445312,851.2299483886043,838.8487823977001,846.2279089643494,129641
2022-12-20,864.552001953125,866.3844507234644,840.2354049570744,850.4374732569859,305740
2022-12-21,886.7885131835938,895.7524641817839,856.8260951231047,856.8260951231047,880489
2022-12-22,869.999755859375,895.4059328939163,863.7101476587335,895.4059328939163,528360
2022-12-23,856.1328125,888.3734160024691,851.824191064371,861.8777216873855,357473
2022-12-26,840.1362915039062,861.1842706804267,836.966701372226,860.6395115456622,194444
2022-12-27,847.6145629882812,851.5270232519811,837.2143843013084,840.1363513567252,226639
2022-12-28,841.919189453125,850.8336279296875,840.0372282594442,850.8336279296875,232581
2022-12-29,843.8012084960938,848.8526997971704,832.0638274243192,843.2563888545836,365882
2022-12-30,835.0847778320312,849.8926629986966,833.4009877860121,849.8431504305618,168630
2023-01-02,828.7456665039062,836.7191246149375,822.1093500211875,833.0047751419503,311461
2023-01-03,841.8697509765625,849.4469880755496,824.0903850259461,824.0903850259461,239476
2023-01-04,847.6145629882812,851.8241591234845,839.8392154852218,841.8697144712206,283506
2023-01-05,850.1898803710938,855.6375933961323,842.5631304999694,847.5651094592497,115624
2023-01-06,846.2774658203125,855.7366643656204,836.3725332168674,850.1898658347445,81757
2023-01-09,866.7805786132812,868.167293280804,844.9897281259136,850.833662211307,529133
2023-01-10,863.3634643554688,870.2969170959202,854.7956735728038,867.6720858050709,145096
2023-01-11,847.4660034179688,867.6720899690757,844.8907451411205,867.6720899690757,196091
2023-01-12,860.3424072265625,861.7291219495947,845.138360118956,846.8222107240923,219602
2023-01-13,862.4225463867188,864.5520707531817,855.1919572369083,860.3424741403911,70613
2023-01-16,857.8661499023438,870.0987773887065,852.2203869370005,863.908194790823,82383
2023-01-17,843.8507690429688,862.4225181982592,841.2754502204875,862.4225181982592,104272
2023-01-18,867.1768188476562,875.2493628167224,839.9382551488435,841.9192415996663,321116
2023-01-19,863.5120239257812,871.485482688131,859.8967597497019,866.6816144926223,113626
2023-01-20,853.9042358398438,867.8207148421061,849.7937249847428,863.512032784337,140417
2023-01-23,863.4129028320312,867.6720113446828,850.8336275628797,850.8336275628797,77510
2023-01-24,856.3309326171875,866.3844633502915,852.7156685047487,863.759632039212,66558
2023-01-25,854.201416015625,861.0357832719596,837.9573022858034,853.3099478950586,180221
2023-01-27,843.4049682617188,858.1137682473264,835.9762691871881,852.2698945816403,252075
2023-01-30,850.2393798828125,855.7861175740147,839.542005049212,849.1498010990682,207670
2023-01-31,841.7706298828125,855.0927756411132,836.966761998865,855.0927756411132,174004
2023-02-01,845.3364868164062,852.4184773690343,840.8297545638409,840.8792671359746,152975
2023-02-02,848.9022827148438,861.7291832227631,837.5116096032784,837.5116096032784,202467
2023-02-03,847.6641235351562,855.2909337615921,835.8277169352556,846.8717410146628,395022
2023-02-06,850.9327392578125,854.498551282573,841.9687873060408,847.119364371865,64958
2023-02-07,852.468017578125,861.7291050423058,847.2183551260092,854.1518076953151,249651
2023-02-08,858.1138305664062,860.7386619453275,849.149878456462,856.281442176911,208480
2023-02-09,868.3654174804688,881.4894526366347,860.3423861309242,864.700580477954,391064
2023-02-10,866.285400390625,871.4359775488124,858.856700774464,866.7311344585771,90108
2023-02-13,848.4069213867188,867.6720258320765,843.90018950791,867.6720258320765,150637
2023-02-14,841.077392578125,852.4680652938476,816.2159749865136,843.949786816099,670037
2023-02-15,835.530517578125,843.9001971170394,827.1608380392106,833.846667065666,327261
2023-02-16,854.300537109375,860.4911207116168,837.1650137893531,839.7402723859185,214016
2023-02-17,823.0008544921875,845.8812240762198,807.2519878479147,845.8812240762198,1640051
2023-02-20,824.1399536132812,835.9763608610047,811.2140278971124,818.0979685520573,325300
2023-02-21,805.8652954101562,826.0713821777638,805.0234003177189,824.0903956497596,518835
2023-02-22,812.2539672851562,818.692173328623,800.3185358647883,805.5186253614345,361131
2023-02-23,812.1055297851562,817.1570217375671,801.1110172197369,812.2540675161583,559242
2023-02-24,797.7927856445312,814.4825724184026,792.3945854402378,812.1054249350274,616458
2023-02-27,803.6366577148438,807.251982185121,794.8213042436817,798.3375431180461,233543
2023-02-28,800.26904296875,810.3225133031546,797.3470757554342,798.4365941614586,140848
2023-03-01,800.0214233398438,803.4881497721466,793.4346189365039,802.6461942227834,236744
2023-03-02,797.446044921875,803.1909538010186,795.4155459686843,800.3184993614468,181983
2023-03-03,793.3850708007812,800.8632825356995,790.4135911348607,800.8137699655825,369506
2023-03-06,792.790771484375,795.9603013205594,789.423070464796,794.3260238340719,225388
2023-03-08,791.7506713867188,795.2173973947132,782.5390972278856,792.7907375530401,265023
2023-03-09,792.4937133789062,794.1775641823674,785.8078831970091,787.7393573405406,194011
2023-03-10,791.0574951171875,795.9603885689828,783.777333117859,792.4441494587884,365691
2023-03-13,786.6992797851562,792.3946160882908,772.5847506860836,791.0574743556065,547114
2023-03-14,774.2190551757812,790.8098167303727,770.6532432851326,790.8098167303727,363548
2023-03-15,764.16552734375,778.3295684491592,760.7483136074851,775.5066869241498,186753
2023-03-16,773.8724365234375,792.394674122023,760.2036404858159,767.9294764675224,288791
2023-03-17,775.4571533203125,779.9638853059429,768.7217511715598,774.5161726858626,159274
2023-03-20,773.8228149414062,784.470616875,764.957888682456,784.470616875,69663
2023-03-21,772.4857177734375,779.9639297965925,767.3846533016974,777.6858073892283,152769
2023-03-22,775.4076538085938,778.181083405677,769.8609155242536,772.4857469447385,73714
2023-03-23,776.9429321289062,783.9258974742143,771.9904658620338,773.8228541988125,230059
2023-03-24,774.02099609375,781.0039617201128,771.2971395373387,773.6742871681681,63407
2023-03-27,782.5391845703125,789.3736122165675,771.3961354437514,774.0209667533056,319315
2023-03-28,784.0249633789062,786.4516840668206,773.8228944297275,781.7963534429487,511498
2023-03-29,778.9734497070312,787.2935569600231,774.3181192146305,784.47067530283,365256
2023-03-31,802.646240234375,809.2330450153027,775.5562720281297,775.5562720281297,407781
2023-04-03,802.646240234375,809.4806683460907,794.6232684988086,802.646240234375,249188
2023-04-05,802.5472412109375,815.1760314922574,797.8919103495853,798.1890462652212,115542
2023-04-06,822.505615234375,831.7171903264222,801.0614122876173,802.2995288444761,593132
2023-04-10,825.3779907226562,835.6791444249147,817.9492915493665,822.4065110533404,203531
2023-04-11,821.1189575195312,837.90783128718,818.9398601371818,825.378066679856,661503
2023-04-12,819.038818359375,830.1818664117343,817.2063697400441,822.1093229740632,349291
2023-04-13,812.1055297851562,824.1399878323411,807.2520881407481,821.6637544331364,162809
2023-04-17,806.9548950195312,813.1454780786984,798.9318631019031,811.709250717989,129716
2023-04-18,821.7627563476562,823.2980088078183,802.1509414594334,807.2520059242319,212743
2023-04-19,821.9607543945312,829.0923174956358,814.3340051504084,827.0618185351238,949086
2023-04-20,822.852294921875,831.9648452172285,813.4921213057505,823.8427882049588,1111532
2023-04-21,832.6581420898438,838.8982372287671,825.0808448429959,825.0808448429959,704817
2023-04-24,818.6426391601562,846.4259616468424,816.1664061318437,833.4505247604474,449803
2023-04-25,734.1041259765625,787.442165454638,732.9650345112353,787.442165454638,7916179
2023-04-26,694.7320556640625,732.9650745605234,680.2708165687026,732.9650745605234,7381480
2023-04-27,692.404296875,699.5358603922822,683.638455762137,694.335770810605,2037901
2023-04-28,703.3988037109375,706.568333738184,690.3737933277399,694.3357663167083,1263145
2023-05-02,701.6159057617188,710.3322951766899,700.2787639869904,707.1627045216925,516680
2023-05-03,701.269287109375,705.2312604828743,700.3283063421857,705.2312604828743,335910
2023-05-04,705.5778198242188,709.143631682792,699.5853479449086,704.6864122007568,313325
2023-05-05,698.0006103515625,708.2026788084504,694.6824216674157,708.2026788084504,368131
2023-05-08,696.6633911132812,704.3892866931081,695.1281386934113,704.3892866931081,739530
2023-05-09,692.9490356445312,704.8845273631026,690.37377744292,700.2787096874382,780807
2023-05-10,687.5509643554688,697.6539478863288,685.9166261905218,697.6539478863288,550035
2023-05-11,696.8615112304688,699.7339658262373,686.6594428862138,691.3642858053764,673887
2023-05-12,688.7890625,700.5758964542373,686.6594777307702,697.307280667093,301101
2023-05-15,688.640380859375,694.2862040555679,682.1031500774079,689.4327633094762,456133
2023-05-16,684.084228515625,693.4443419282132,683.4403836823644,692.6519593714484,319952
2023-05-17,677.3984375,685.272811399377,674.5259825553159,683.4404228534037,449524
2023-05-18,668.7315673828125,681.2117586260576,664.2247745597788,681.2117586260576,547219
2023-05-19,668.5828857421875,673.6839497190714,664.9675615113973,673.6343766969442,235886
2023-05-22,675.6649780273438,677.3983411721498,663.432350418196,668.087680669514,434439
2023-05-23,682.5488891601562,684.3813379852479,673.3373138268436,676.5069043864005,482981
2023-05-24,678.3887939453125,683.4402849127052,675.516339580384,683.4402849127052,268531
2023-05-25,675.2191162109375,681.4096976994952,673.5352659550704,678.2896204473032,169398
2023-05-26,677.943115234375,679.3793425340033,671.1086876457496,675.9621287396906,171176
2023-05-29,682.5488891601562,684.7774990208728,669.0286922780895,679.9241182638149,962650
2023-05-30,681.4098510742188,687.303298068828,676.5564099127968,683.4403501685199,681693
2023-05-31,694.2861938476562,700.2291528183961,679.2801982645764,683.4402816350752,924542
2023-06-01,698.79296875,704.6864155171866,691.9585413300847,698.2977221385543,346424
2023-06-02,707.4102172851562,710.1835860042338,696.316681953942,698.7929148200654,643392
2023-06-05,718.40478515625,719.6924143673785,693.4939146998892,697.9511345918133,741353
2023-06-06,740.9384765625,745.8414303269462,712.7094184425558,723.0600851775176,1511180
2023-06-07,738.9574584960938,753.7158317320716,735.9364662505155,740.8889323760237,693875
2023-06-08,728.804931640625,744.3556879781229,724.2486868076868,738.759376853941,440665
2023-06-09,721.0296020507812,731.5783193090815,719.14764061911,728.012567649498,924468
2023-06-12,723.6047973632812,735.3916906609868,713.155106162575,723.0600381926107,1543263
2023-06-13,727.864013671875,741.0871361601733,722.3172750968414,724.595397709626,1310904
2023-06-14,710.0350341796875,733.4602228036581,705.6273877543143,729.0030033538046,1769514
2023-06-15,713.7990112304688,720.5838660622861,703.2502335453239,708.3017251254449,420937
2023-06-16,728.3591918945312,730.488776577705,713.4027679052097,715.1361311038686,535841
2023-06-19,720.732421875,734.5993270735191,718.3057013742773,728.5572821069333,495776
2023-06-20,724.2486572265625,729.0030126091185,719.296191108294,721.3762026960034,191483
2023-06-21,730.2412109375,735.7879494293215,722.3172642606604,724.2487383541231,313244
2023-06-22,723.6047973632812,733.8068652632365,719.5437994129295,730.2411139143867,438986
2023-06-23,720.2866821289062,726.7744006330131,716.1761110813524,720.3361946989558,948572
2023-06-26,733.460205078125,737.768826260227,684.6289030430407,693.4442561356543,2894091
2023-06-27,728.9535522460938,733.9555312928017,722.0696117576955,729.0525773935877,725414
2023-06-28,738.9080200195312,740.8890066683772,727.121125276932,729.0525993505398,669067
2023-06-30,735.7879028320312,747.0300377407847,733.955514461023,738.9079808204091,244220
2023-07-03,739.6013793945312,741.5328534732495,730.488828694746,733.955555339399,418140
2023-07-04,738.9574584960938,748.515742300288,736.9269594756172,742.8699188262269,270282
2023-07-05,742.9689331054688,746.732855669758,735.9859680615664,739.8984283345043,215627
2023-07-06,752.824462890625,754.4588011094572,740.3937833678734,742.8700167570637,434971
2023-07-07,752.08154296875,758.6188349553737,747.6738357374859,752.7253877891832,428284
2023-07-10,747.8718872070312,755.7958328985538,741.8299027992085,755.7958328985538,154970
2023-07-11,757.9749755859375,762.9769545131963,745.4452115265967,746.9805244604812,448744
2023-07-12,757.6282958984375,764.6607736503045,751.1900899026772,758.0244569175389,167625
2023-07-13,761.9369506835938,764.660807185875,753.0225112215822,757.6778416982817,417921
2023-07-14,767.582763671875,770.999977508717,759.7083301665202,760.6988234261897,338658
2023-07-17,779.2210693359375,780.4096733535678,767.6817985327656,771.3961483035405,513770
2023-07-18,785.857421875,787.887921083829,773.0305213291082,779.2706171351081,418879
2023-07-19,787.3430786132812,798.5851523905526,778.8248007148372,790.6612066924138,479492
2023-07-20,777.784912109375,792.3946891913404,774.8629446019985,788.4327157453837,315248
2023-07-21,787.0955200195312,790.2650501954363,772.6837942322868,775.5562489659777,293537
2023-07-24,784.9658813476562,791.0574388675227,778.8248112574878,784.3716095942145,147925
2023-07-25,791.3050537109375,800.2690052164476,782.2915291807468,784.9658729524498,293742
2023-07-26,787.7392578125,795.6632036935862,785.0649139866515,793.2860562022059,110504
2023-07-27,818.8903198242188,827.0618893900486,789.3736321501432,789.4231447231961,1103966
2023-07-28,849.100341796875,857.5690470256518,817.8998043030266,825.427528849737,1094114
2023-07-31,865.1958618164062,884.7581036834629,849.4469948148874,849.4469948148874,1126798
2023-08-01,893.8211669921875,897.6345419678238,865.195886796021,865.195886796021,1051743
2023-08-02,879.756103515625,895.8516185861614,871.9806953470663,891.4439115989403,1054599
2023-08-03,886.0457153320312,913.135741706167,879.1617752263046,879.7561074429693,1862970
2023-08-04,899.6649780273438,903.082191721219,879.8056010928136,894.4153760617064,584186
2023-08-07,921.2577514648438,934.0351386248144,894.3658958887299,900.1602572433036,1291271
2023-08-08,901.7450561523438,928.8845342423032,897.1392384744859,924.6254254661138,805529
2023-08-09,903.2308349609375,934.0846639755936,894.7125565861164,901.6955220321357,1086827
2023-08-10,892.2858276367188,927.6464490521466,876.88366955977,910.2137918864851,1729523
2023-08-11,898.4268798828125,910.2137736028262,891.5429397843141,897.3868740733782,1458498
2023-08-14,876.041748046875,904.0231817522896,839.2449004257555,894.4648979152021,2052925
2023-08-16,881.1923217773438,885.9466771662223,865.2948571526334,879.5579837741782,391865
2023-08-17,880.05322265625,892.3848752897981,877.8741254894735,880.5484692643852,197980
2023-08-18,869.4054565429688,884.9562127726289,866.681600085557,883.5694980305277,232148
2023-08-21,878.5674438476562,886.1942533654998,868.6625121244583,874.0111994369474,463250
2023-08-22,876.5369873046875,888.2247952120354,874.9521618794265,883.22281654102,263267
2023-08-23,868.7120971679688,883.0247367930616,866.7311106580572,875.8931732663981,167935
2023-08-24,875.05126953125,910.0156689945625,869.6530692541234,880.548494950929,1350171
2023-08-25,875.5465698242188,893.4249619043825,870.5941032948152,878.5675623161721,941439
2023-08-28,885.1543579101562,889.3143813882874,873.169352758888,885.7486297056283,305486
2023-08-29,879.9542846679688,893.0783210833666,877.5770765315159,889.8592178116653,721700
2023-08-30,882.0838012695312,896.3964416273822,880.2514128360153,880.5485487367323,435866
2023-08-31,865.1463623046875,884.5600062939845,861.5310376724623,884.5600062939845,561536
2023-09-01,858.5595092773438,870.6435386280089,854.8451597098182,866.6815657559815,288410
2023-09-04,868.6130981445312,875.7446618856483,848.6546342750368,861.6301325780902,345178
2023-09-05,884.1141967773438,891.8400920194705,869.0091756372705,870.7425387189182,357542
2023-09-06,888.918212890625,900.7546197663372,881.5885383817143,884.9067271675359,348082
2023-09-07,888.9677124023438,896.3964119488815,885.8972074384062,891.443945584523,199959
2023-09-08,894.2667236328125,897.7830227080864,880.8455534311754,888.9676094187961,300163
2023-09-11,891.1467895507812,896.2477935178239,885.5999910751287,893.4249119359107,109609
2023-09-12,888.17529296875,904.8650797411639,877.6265158690343,891.4439085424237,348393
2023-09-13,879.8056030273438,899.8630907406043,877.6760184215033,890.4038925766903,320127
2023-09-14,892.8306274414062,894.6135031758814,881.6875785322997,886.7390698557975,164954
2023-09-15,921.901611328125,930.0731808080681,893.0782813444721,895.4059163477034,1953868
2023-09-18,918.7319946289062,945.9210462158302,915.2157557103948,929.4788825787545,1040865
2023-09-20,904.5679931640625,917.1472699834146,896.3964235570508,915.2653085586227,538630
2023-09-21,891.493408203125,910.4118649278421,887.4819227637571,904.3203074590516,273994
2023-09-22,885.74853515625,895.108707892718,869.6530208187727,891.4933835672605,474060
2023-09-25,883.7180786132812,892.5830051801369,879.3598841861951,886.4914475873771,135256
2023-09-26,896.4954223632812,900.3583702459708,877.2303768864132,884.5104781404312,365406
2023-09-27,913.9281616210938,922.149243754778,888.9677188720873,901.2498597270481,694015
2023-09-28,915.11669921875,920.3663011311183,904.8155456717229,913.9280952779534,745247
2023-09-29,926.7549438476562,938.9875101192523,911.7489483805608,920.0195420356199,914891
2023-10-03,926.5569458007812,937.4523718212076,917.2957974104719,926.7550565466805,438049
2023-10-04,912.739501953125,927.8940361235462,908.282282464477,926.5568944589152,286445
2023-10-05,918.1376342773438,926.0615794496733,911.1050966639589,913.2346811109841,225041
2023-10-06,925.0216064453125,929.528338330451,918.23669187865,922.6939111956916,325290
2023-10-09,927.2007446289062,947.258233752312,916.453916613886,922.0997404581235,659239
2023-10-10,942.65234375,949.04103666393,923.2386417204989,931.0635617941347,600190
2023-10-11,932.7969360351562,953.84491574394,928.2902042355506,946.6143277467271,328292
2023-10-12,936.560791015625,946.9114565807363,930.221671093885,932.796929116013,354535
2023-10-13,950.0316162109375,953.3992569571216,933.0446329471856,935.669464217589,416685
2023-10-16,954.6373901367188,960.7784604283771,945.3267897828335,950.8735278466413,517819
2023-10-17,963.8984985351562,970.4357295869504,955.8754672025998,959.1440827284969,415476
2023-10-18,955.28125,971.9710374814362,946.3172979631618,963.8985535729757,452642
2023-10-19,937.8980102539062,955.8259125139148,932.1531014831623,949.6353301789801,542285
2023-10-20,927.002685546875,940.820018448081,924.2292559971116,937.8981116340788,163420
2023-10-23,989.3046264648438,999.4076695062355,948.9420273247257,970.6833658236975,6124600
2023-10-25,984.1539916992188,990.394147047897,971.4756911862555,988.5121858387869,806195
2023-10-26,970.435791015625,988.5122933744259,950.8735487369227,988.5122933744259,681224
2023-10-27,973.6548461914062,986.5312581959721,970.6338539274707,970.6338539274707,239178
2023-10-30,970.435791015625,982.5693336948201,968.70242777574,968.7519403487543,184582
2023-10-31,974.3977661132812,990.1961460512846,972.6148902967628,975.2396612209695,392014
2023-11-01,969.4452514648438,982.5197742269223,962.8089347150476,982.5197742269223,175757
2023-11-02,966.028076171875,977.0225877649467,964.2452003731073,974.5463545847384,121667
2023-11-03,960.5802612304688,975.5862568919317,957.2126207357352,970.8319017814867,178554
2023-11-06,975.2892456054688,976.6263873696994,961.7689879675235,969.6929343153506,249994
2023-11-07,996.9314575195312,1009.7583572159559,974.9920078193777,980.2911829872365,701972
2023-11-08,1043.93017578125,1052.3989403237772,1001.239946478077,1005.3505171093026,931525
2023-11-09,1036.4521484375,1048.8333139126473,1032.292004291959,1048.8333139126473,309979
2023-11-10,1040.7608642578125,1047.941940884859,1021.1986210324098,1035.2635779242103,1089417
2023-11-13,1044.4256591796875,1049.7248953028384,1015.8004982395645,1023.1796252952342,396417
2023-11-15,1047.298095703125,1057.2526020089354,1032.0940473071971,1045.2180838972358,166090
2023-11-16,1061.66015625,1067.9497641487778,1041.0083963558277,1048.9323422843213,337724
2023-11-17,1070.7728271484375,1081.6186803872918,1057.8468412579007,1057.8468412579007,243023
2023-11-20,1050.66552734375,1081.3212395938197,1049.031189591093,1070.7725850926124,248129
2023-11-21,1064.68115234375,1072.8031481243281,1035.6102014475207,1059.8277115388526,261943
2023-11-22,1081.947998046875,1093.6079892490352,1067.1124471978915,1071.7268509219593,457384
2023-11-23,1058.181396484375,1081.3029595467754,1052.9220688468747,1081.3029595467754,205070
2023-11-24,1083.436279296875,1088.745271222071,1054.906519600291,1058.1811671626115,241174
2023-11-28,1089.2415771484375,1103.3327508976847,1083.6844996614896,1098.2221777729578,559276
2023-11-29,1112.2637939453125,1120.5498052107457,1089.5888587707932,1096.5352358303521,414405
2023-11-30,1124.2711181640625,1129.282481673021,1107.74876048536,1116.3324012454473,298026
2023-12-01,1140.8927001953125,1144.167469072582,1115.3399574991988,1124.3206786289986,304454
2023-12-04,1133.7977294921875,1150.8162577906196,1125.4123866655327,1146.1523098323996,252860
2023-12-05,1135.8319091796875,1152.9497676903165,1127.5955629832342,1139.1066783923259,205227
2023-12-06,1117.8707275390625,1147.889004954115,1111.7678138540816,1138.21369239885,201245
2023-12-07,1123.6756591796875,1126.4542583588418,1101.4472291520467,1117.8704970704093,360818
2023-12-08,1110.7257080078125,1129.9769983911233,1099.7106420823688,1127.2977300572147,242631
2023-12-11,1100.355712890625,1117.0766104928966,1096.3368102952645,1111.3211136422665,120663
2023-12-12,1083.1883544921875,1106.359460260098,1079.020455430815,1106.359460260098,131343
2023-12-13,1091.02783203125,1111.9166311190322,1074.8031022031428,1074.8031022031428,231051
2023-12-14,1095.9398193359375,1102.687655570737,1088.0506472604725,1102.4892361155248,467652
2023-12-15,1105.8135986328125,1111.81730161043,1084.0813373701628,1101.1496510107588,352260
2023-12-18,1115.935546875,1122.3360888480354,1096.88255385269,1110.4280136347936,362010
2023-12-19,1099.1649169921875,1125.3130396746967,1096.5351929810756,1122.3360210512187,179963
2023-12-20,1053.368408203125,1112.4126100760275,1047.166286157652,1101.993045039633,526670
2023-12-21,1056.1966552734375,1065.7727568783903,1033.0255492648084,1046.9183040099642,374400
2023-12-22,1054.509765625,1077.6312070591243,1050.3418663651576,1060.8110982491098,444857
2023-12-26,1050.4906005859375,1066.6657833536865,1047.0670776668771,1056.8415977950315,221122
2023-12-27,1050.9375,1058.7768874100393,1045.6780506741904,1051.9793840953357,333776
2023-12-28,1091.325439453125,1104.8708987777195,1048.4564185874738,1055.8492999119119,1535682
2023-12-29,1104.622802734375,1107.550155975122,1081.6997831815834,1087.6041550950358,314635
2024-01-01,1110.7755126953125,1117.2257212895818,1095.4934557987674,1095.8408716312563,254640
2024-01-02,1104.8212890625,1134.1449732175806,1101.5466410054419,1110.7753267682863,443895
2024-01-03,1101.744873046875,1114.198781583578,1098.6189795560704,1106.3592757109022,164353
2024-01-04,1101.34814453125,1111.4204162808376,1096.684196595585,1101.6954391842953,106228
2024-01-05,1104.8709716796875,1110.4280493978,1083.783754477093,1099.512313434104,190888
2024-01-08,1079.7646484375,1117.57276135642,1071.8755974083679,1111.4203045531522,192371
2024-01-09,1094.600341796875,1098.7184545957623,1074.1085030033764,1084.428859990281,116079
2024-01-10,1107.6990966796875,1114.3973890896207,1089.638564117358,1094.60026219879,265183
2024-01-11,1135.5838623046875,1139.999846459635,1110.5272859644715,1116.3821141680396,683798
2024-01-12,1126.6527099609375,1147.1445463701082,1119.805542680304,1147.1445463701082,236286
2024-01-15,1130.8206787109375,1138.7593957852694,1124.3208056522446,1130.0267585494207,272849
2024-01-16,1125.8590087890625,1132.209885699714,1113.2066781343792,1131.2672114775678,219948
2024-01-17,1114.8936767578125,1127.5460082029945,1103.6801894542689,1121.3438849455524,219441
2024-01-18,1073.1160888671875,1114.8935626254893,1054.261636094705,1111.420373956874,408875
2024-01-19,1091.52392578125,1096.5352893586467,1067.6582303998634,1072.5207188059617,314207
2024-01-23,1073.71142578125,1084.8752460585504,1052.921960030047,1066.7650487198187,525982
2024-01-24,1090.035400390625,1100.5046317709325,1054.0135450886248,1056.841688761085,326644
2024-01-25,1106.9051513671875,1112.2638094003469,1070.932841094633,1084.6271759421286,931856
2024-01-29,1123.923828125,1126.3551328723988,1102.4893165840704,1107.69909958323,689193
2024-01-30,1095.2452392578125,1132.2595571978575,1089.6881613636385,1126.2063094714322,154768
2024-01-31,1111.6683349609375,1120.5497251124393,1094.4512687067693,1095.0466481851324,253038
2024-02-01,1105.912841796875,1116.084322908699,1088.9935239456483,1116.084322908699,158837
2024-02-02,1100.2564697265625,1111.7180399171395,1094.5505173469207,1105.4662523340614,87784
2024-02-05,1125.660400390625,1137.717350750786,1094.748997641223,1101.4969553714545,463804
2024-02-06,1189.964111328125,1194.727268950201,1125.6604537808078,1125.6604537808078,2350648
2024-02-07,1216.1121826171875,1222.909684665893,1183.7122703750904,1194.7768811677631,922586
2024-02-08,1206.4368896484375,1254.2676107448829,1200.73093684936,1220.5777291939776,820166
2024-02-09,1186.441162109375,1214.6236300399567,1180.884084761069,1210.4558523125274,256840
2024-02-12,1159.2510986328125,1192.6930165945641,1142.5302002195406,1189.7159977268525,576271
2024-02-13,1151.759033203125,1173.2927550456686,1138.0646976479595,1173.2927550456686,334482
2024-02-14,1145.8544921875,1198.2500717283367,1125.362776274803,1135.236506879683,1103355
2024-02-15,1143.5224609375,1182.8687484845157,1136.2287894419214,1155.5794107468275,777977
2024-02-16,1231.93994140625,1237.9933098421818,1146.1522318971229,1146.9461520269774,2036820
2024-02-19,1226.4820556640625,1250.8937062445466,1216.0129457743305,1238.4894614923505,305423
2024-02-20,1225.9364013671875,1239.7794907317093,1198.9446907888534,1231.9399834389342,267316
2024-02-21,1211.0015869140625,1237.2985858858651,1204.005665529101,1230.5010839635906,191023
2024-02-22,1221.2723388671875,1226.5317873804267,1204.0552704477484,1215.6160514085943,180032
2024-02-23,1208.3719482421875,1226.23406201449,1205.097300065059,1225.539472710763,89570
2024-02-26,1205.196533203125,1214.6734255370704,1196.8113114179628,1208.3719717035474,163516
2024-02-27,1185.6968994140625,1215.3182110623934,1181.4794562827283,1205.6925657814284,212369
2024-02-28,1179.1971435546875,1199.4407736010446,1165.353934059082,1185.845770129787,314291
2024-02-29,1184.1092529296875,1192.9906440848401,1159.5985127415217,1174.9301114341085,448113
2024-03-01,1183.910888671875,1192.6434050640603,1177.0140553021643,1190.3114310726614,114577
2024-03-04,1192.5938720703125,1210.654405734562,1189.1206832014018,1192.8419569895204,236014
2024-03-05,1180.5865478515625,1198.4983287283776,1173.09445544729,1190.807695693689,112283
2024-03-06,1189.517578125,1202.2195750400977,1159.4993014886295,1180.5865206133526,270547
2024-03-07,1178.4530029296875,1198.1509208072646,1162.1786083995844,1162.1786083995844,134051
2024-03-11,1180.5367431640625,1207.6772050152206,1174.9300006064268,1185.7465256836433,218941
2024-03-12,1168.231689453125,1184.8533762642014,1148.1864797828,1175.92232066422,265483
2024-03-13,1124.56884765625,1172.498898617984,1113.653112095501,1159.1518583648547,189961
2024-03-14,1174.1361083984375,1206.784103856417,1136.3279957288573,1139.1561392224307,1341365
2024-03-15,1156.6710205078125,1185.7466194172237,1135.137299512044,1174.1361733460883,231007
2024-03-18,1156.125244140625,1171.804136389635,1144.1675040784403,1159.5984325745144,254407
2024-03-19,1135.3853759765625,1156.1252978145503,1127.0496991211983,1152.1559394201108,191008
2024-03-20,1152.0565185546875,1159.0028952023135,1120.500194465161,1131.8624335275567,241592
2024-03-21,1165.155517578125,1169.7699207551138,1132.0610175082195,1163.021963298958,309808
2024-03-22,1186.887939453125,1199.8875652173758,1161.2358614552604,1167.3884402391404,748972
2024-03-26,1191.70068359375,1209.662006635038,1176.9147989082487,1176.9147989082487,484695
2024-03-27,1196.06689453125,1211.5969114048125,1175.922353440179,1195.7691442155406,383672
2024-03-28,1227.921142578125,1235.462899908758,1193.1395883876519,1196.1662728615947,668011
2024-04-01,1231.543212890625,1247.8174867948771,1212.1429236205086,1231.4935474523547,349243
2024-04-02,1224.1007080078125,1238.0430083693057,1215.9139053315382,1238.0430083693057,198825
2024-04-03,1214.9710693359375,1230.5012096362118,1206.5361820118183,1230.5012096362118,1653542
2024-04-04,1266.374267578125,1272.1297648624698,1214.6237306443015,1221.3716887130765,1879382
2024-04-05,1304.4801025390625,1311.4760242144087,1262.652963116949,1280.0189065549978,2753390
2024-04-08,1284.5836181640625,1327.750390964477,1275.1563919202938,1309.7890683481273,1531611
2024-04-09,1312.0218505859375,1326.6588599561253,1276.644918965866,1296.4917113322224,1078562
2024-04-10,1320.6551513671875,1334.6967811355432,1306.2166826613063,1319.8116869221358,453328
2024-04-12,1328.7427978515625,1337.7730644837056,1309.8883444093074,1309.8883444093074,623680
2024-04-15,1317.479736328125,1325.7657480262474,1296.6406040612453,1311.8729931816608,443344
2024-04-16,1331.2235107421875,1350.3260471430724,1305.9685175649674,1316.5368368993754,719341
2024-04-18,1341.9407958984375,1364.069894753228,1324.7732735622415,1344.1735598426435,985533
2024-04-19,1327.7008056640625,1337.1776979141252,1313.9569255377762,1320.407133357028,243803
2024-04-22,1318.7696533203125,1342.933219311742,1313.956830522555,1327.7007096549899,269676
2024-04-23,1313.8079833984375,1325.666514465934,1300.5107294800432,1325.666514465934,260533
2024-04-24,1336.929443359375,1345.9101646376532,1309.1439362789797,1312.0217451679173,564608
2024-04-25,1318.2734375,1343.6277616634607,1311.872895804354,1338.6163984409905,209171
2024-04-26,1328.24658203125,1333.6547845088594,1319.8116952570508,1319.8116952570508,196893
2024-04-29,1323.7811279296875,1339.6585627474349,1314.4035664445412,1335.0938244643753,384574
2024-04-30,1329.2388916015625,1352.558872155976,1321.4490499838314,1325.0711137437918,358148
2024-05-02,1340.65087890625,1344.6202375410576,1322.3918049590927,1329.7351426605292,291150
2024-05-03,1327.45263671875,1348.63918412287,1313.9072980639262,1347.5971790870194,278430
2024-05-06,1326.0635986328125,1341.5440738316374,1314.4531513822803,1322.04457436624,194153
2024-05-07,1283.3929443359375,1334.1510215747987,1263.9926553232112,1326.0635501682423,360488
2024-05-08,1306.365478515625,1318.174344530004,1240.424557493362,1240.424557493362,532186
2024-05-09,1274.4122314453125,1324.7734701027778,1270.1947878138992,1306.3655206221702,117602
2024-05-10,1302.89208984375,1309.7889220063155,1274.114244525469,1274.4119948276661,316687
2024-05-13,1288.3546142578125,1304.2320486357373,1281.5569907565948,1291.033882855003,417644
2024-05-14,1280.068359375,1295.0527835502778,1270.1946292656476,1290.0910857797087,280228
2024-05-15,1266.5230712890625,1285.0797732283163,1256.798094821361,1285.0797732283163,139522
2024-05-16,1277.63720703125,1283.9882045592615,1260.0728449498333,1274.809063460202,87052
2024-05-17,1291.7283935546875,1296.6405471975854,1267.068779014026,1284.0377617458469,160999
2024-05-21,1296.9381103515625,1304.7776169264841,1273.816671804117,1299.71670951122,321671
2024-05-22,1308.3997802734375,1314.5522374224608,1283.8890402764364,1299.964893559502,173094
2024-05-23,1298.774169921875,1317.7278328281113,1291.0338722720019,1317.7278328281113,170445
2024-05-24,1287.80859375,1308.9454736792268,1275.3546844971843,1300.7090073263823,318132
2024-05-27,1286.66748046875,1300.857984974929,1281.4081533543392,1292.075803883014,132016
2024-05-28,1309.6402587890625,1315.544631278183,1276.5952998461157,1286.6675715645079,422797
2024-05-29,1284.08740234375,1344.12394627095,1266.324499830811,1316.8346081222228,2025821
2024-05-30,1239.8291015625,1281.705783589895,1221.718904138639,1281.705783589895,644782
2024-05-31,1143.3240966796875,1230.4018967558231,1137.8165634344653,1222.6615994060846,2421958
2024-06-03,1118.66455078125,1165.403724691003,1115.3897814385996,1165.403724691003,1217343
2024-06-04,1131.1182861328125,1139.3547533928668,1065.3757866273158,1119.3590859200028,1033914
2024-06-05,1167.338623046875,1177.4108938585457,1128.786255174122,1136.9233911529452,410432
2024-06-06,1152.8505859375,1170.9111190750339,1141.1905950747794,1169.67069451517,312305
2024-06-07,1160.739501953125,1172.9949920796537,1144.6636499912024,1161.4342123065394,323013
2024-06-10,1167.68603515625,1177.1132619721743,1160.739657502411,1160.739657502411,162598
2024-06-11,1164.708984375,1172.895786386451,1155.1825480796263,1170.960772546919,542486
2024-06-12,1170.4149169921875,1179.3956390121605,1164.0143748937855,1170.5142478624077,942555
2024-06-13,1190.609130859375,1200.7309465830997,1175.9224559512174,1176.468291199202,1053240
2024-06-14,1172.30029296875,1204.4024529049846,1166.7432157641256,1190.807449642314,285975
2024-06-18,1153.942138671875,1178.80029537777,1151.6101647196056,1165.9990896557833,524432
2024-06-19,1124.7177734375,1162.4266797988882,1121.3934598668934,1160.0450404332323,373279
2024-06-20,1116.8284912109375,1130.6717005292478,1115.4393127576575,1130.6717005292478,558269
2024-06-21,1127.69482421875,1135.038161997305,1115.43945353212,1119.3591467710717,799558
2024-06-24,1116.779052734375,1133.2518664966894,1114.5958328498405,1128.6871283893313,278691
2024-06-25,1093.3101806640625,1128.7863222195335,1081.6501900828937,1121.343775040064,772609
2024-06-26,1098.8177490234375,1110.4280745390643,1087.4553872864817,1097.2299086664186,513552
2024-06-27,1079.8143310546875,1105.7640351269174,1071.726739304194,1105.7640351269174,1755171
2024-06-28,1121.0458984375,1130.1258292008386,1043.9411667964414,1043.9411667964414,1057281
2024-07-01,1126.5537109375,1139.1068331106883,1122.1378474658713,1129.183435524804,437651
2024-07-02,1122.9315185546875,1137.2212336760888,1104.7717757242324,1127.2978372216728,956188
2024-07-03,1144.614013671875,1163.8158810097348,1119.3590203980036,1123.3283786263653,950710
2024-07-04,1168.777587890625,1172.1019012057077,1140.1981599699354,1153.098574312502,734508
2024-07-05,1183.613037109375,1189.6167400379995,1165.5028397274878,1166.0486749519819,1038443
2024-07-08,1179.0484619140625,1191.0060828525316,1172.5982537375144,1183.6132003965758,156248
2024-07-09,1211.3985595703125,1215.5167931131157,1171.506556339179,1181.4299522807748,650186
2024-07-10,1216.8565673828125,1222.5625207059124,1190.9068597820192,1218.841246799543,674743
2024-07-11,1214.474853515625,1222.5624458707898,1205.0972922996777,1220.6274320120103,218538
2024-07-12,1214.17724609375,1220.4785787422022,1187.9297892619384,1220.4785787422022,240195
2024-07-15,1218.146484375,1230.352188372489,1214.1771261055335,1220.577667860968,218636
2024-07-16,1208.8680419921875,1227.5240747677187,1196.8112128628181,1225.2913106866943,375405
2024-07-18,1217.8487548828125,1223.951667553552,1203.8567909706412,1215.119821025874,224631
2024-07-19,1184.655029296875,1218.741869361969,1180.8840904698654,1218.6922039292972,178305
2024-07-22,1204.501953125,1210.2574505930647,1171.9531631375428,1173.8386327582873,130975
2024-07-23,1231.69189453125,1237.3483030768741,1182.4223290407526,1204.5018857048065,401104
2024-07-24,1227.474365234375,1241.565659609481,1217.6006351071055,1233.4780680017377,460105
2024-07-25,1248.9090576171875,1254.7637643751962,1209.3146831731444,1212.6886620552684,476137
2024-07-26,1275.4541015625,1286.0720865389492,1250.3478619128673,1260.2712576423344,502512
2024-07-29,1282.350830078125,1297.9801785584734,1275.4541184091318,1282.2516203465602,282161
2024-07-30,1281.308837890625,1294.8542976029548,1277.0418503089827,1289.0988006273249,119839
2024-07-31,1297.9305419921875,1312.7164263802817,1282.2019834304574,1287.9079361771726,335687
2024-08-01,1294.8046875,1305.1249218656592,1281.5568576586231,1297.9304601603533,492218
2024-08-02,1290.3392333984375,1303.0907730616793,1270.2443564507153,1278.7287873697414,714731
2024-08-05,1273.6678466796875,1309.8385757959024,1266.274965287439,1279.8699690339906,670628
2024-08-06,1311.28662109375,1320.8279253584321,1279.4821926619652,1280.4264594255935,605194
2024-08-07,1332.307373046875,1341.7493126544434,1311.9326612621223,1313.5228584048598,595353
2024-08-08,1353.0299072265625,1366.149306495346,1330.5183113979822,1336.0841833252464,773760
2024-08-09,1357.3037109375,1384.4865342767157,1351.8373247648353,1364.3602942773593,718448
2024-08-12,1373.5040283203125,1381.5048784844078,1344.9297367689264,1357.3037201657396,421300
2024-08-13,1388.3128662109375,1405.059860025706,1349.3027499127131,1381.554498474844,1419861
2024-08-14,1340.8050537109375,1401.3824967981484,1330.667320301249,1397.4566865602244,1065886
2024-08-16,1329.7728271484375,1361.4282671506658,1306.0686150181145,1361.4282671506658,452124
2024-08-19,1344.9793701171875,1359.5894799031855,1329.8723161707915,1329.8723161707915,301798
2024-08-20,1375.839599609375,1378.5230494455734,1331.0648839004932,1353.4771132268766,411449
2024-08-21,1397.7548828125,1421.310109941138,1372.6592015072038,1381.504832251943,1340817
2024-08-22,1394.3756103515625,1406.4513780537486,1383.4925814624355,1406.4513780537486,220679
2024-08-23,1378.274658203125,1399.146313384135,1368.6339898158865,1395.4192321018118,198363
2024-08-26,1384.2877197265625,1400.438405149415,1373.603420139137,1387.2693847277046,158074
2024-08-27,1384.486572265625,1397.9538089175148,1380.1134389426454,1392.2389504892828,247309
2024-08-28,1388.5118408203125,1401.3826470990684,1380.560733602729,1387.219737367748,514593
2024-08-29,1359.192138671875,1394.8726354014289,1347.7624219985287,1388.2136316084038,522773
2024-08-30,1376.1875,1389.3565203686785,1357.6514583860271,1357.6514583860271,309172
2024-09-02,1371.864013671875,1393.3319758208995,1366.5963573646964,1385.4802343028266,159446
2024-09-03,1390.8472900390625,1399.9413921099972,1374.0505537607887,1376.5352744728336,463174
2024-09-04,1403.7679443359375,1408.4889140473065,1373.3549847759705,1390.2013439531506,517883
2024-09-05,1435.3238525390625,1451.0769582663488,1397.4567315231282,1411.9674768409398,1431782
2024-09-06,1414.20361328125,1446.107401798343,1407.4451246606716,1444.9147844296522,480697
2024-09-09,1395.1707763671875,1414.203762603496,1380.3121940105596,1414.203762603496,165970
2024-09-10,1434.4791259765625,1439.2994602827744,1401.9292820173132,1401.9292820173132,332545
2024-09-11,1427.372802734375,1446.0578312420673,1414.3031464416183,1446.0578312420673,347495
2024-09-12,1447.8966064453125,1454.0089227790802,1428.8138772037619,1437.460778700863,245021
2024-09-13,1465.1405029296875,1470.8553608154677,1434.9262734947981,1455.1022550821256,242695
2024-09-16,1450.9775390625,1468.9171499052497,1446.306191304218,1466.1839571073228,93526
2024-09-17,1447.9959716796875,1459.127472749163,1443.8215677854373,1457.0403314641692,104559
2024-09-18,1437.8582763671875,1452.070928785762,1416.3406899165302,1447.1014868665773,291649
2024-09-19,1445.4615478515625,1461.3637620048698,1419.719814426043,1441.0884146945498,597198
2024-09-20,1425.8818359375,1450.0829911340018,1418.9742396416593,1436.1685553040663,446166
2024-09-23,1447.6480712890625,1452.6671344767503,1423.1983217221011,1426.2297296074155,154450
2024-09-24,1470.9547119140625,1499.7774731610273,1437.1625090727935,1462.1090816113494,1459827
2024-09-25,1489.2919921875,1510.5612277515943,1471.30263680206,1472.9425768913873,540865
2024-09-26,1470.0106201171875,1498.1375877715168,1453.511976363378,1495.652866883806,267429
2024-09-27,1469.06640625,1479.303505205458,1456.891273462092,1470.9548184574676,304761
2024-09-30,1488.9442138671875,1495.802068212217,1446.1076473413793,1446.1076473413793,321482
2024-10-01,1482.2850341796875,1495.603161658203,1464.0472081482148,1488.8944156363943,128841
2024-10-03,1461.860595703125,1481.8377264584024,1450.5302447104395,1453.064708429263,213150
2024-10-04,1482.2850341796875,1502.7591088850963,1444.2190637780943,1465.9852418025907,360133
2024-10-07,1477.365234375,1495.6031819785214,1455.1518548436118,1495.6031819785214,283712
2024-10-08,1528.351806640625,1534.5636088136075,1461.3140861195018,1461.3140861195018,571910
2024-10-09,1602.3468017578125,1608.1114029060943,1530.5881090700773,1535.5575509826426,753305
2024-10-10,1580.3321533203125,1616.0126465329006,1573.9215009365007,1608.1112830107272,720245
2024-10-11,1644.9349365234375,1648.9601114835566,1586.7427260094837,1594.9920477154346,1850010
2024-10-14,1671.9189453125,1697.263098411404,1650.0037798391816,1650.0037798391816,933357
2024-10-15,1692.84033203125,1698.2073533857654,1666.1544541002772,1687.3242031593916,391243
2024-10-16,1645.5311279296875,1691.9954042539898,1628.5356628866111,1681.6589420474768,776695
2024-10-17,1637.2322998046875,1652.1902464247428,1618.894987262652,1636.48688355479,463806
2024-10-18,1639.7667236328125,1663.3219510930533,1620.0878064535113,1620.0878064535113,406426
2024-10-21,1604.4835205078125,1656.9608702200308,1594.7931097780863,1635.9401088337743,644123
2024-10-22,1578.6922607421875,1627.9890980545679,1576.1577969499444,1605.129666274803,284357
2024-10-23,1556.23046875,1592.3582869778074,1552.6027519102306,1555.5346740917587,239154
2024-10-24,1571.28759765625,1576.2074173426188,1534.3150028777386,1548.8257472231005,168167
2024-10-25,1573.1761474609375,1587.1403272808764,1551.559075890646,1578.7916408923252,197761
2024-10-28,1583.7113037109375,1598.1226844304388,1560.1561989266975,1576.0086691884455,195920
2024-10-29,1575.412353515625,1595.6876995309792,1535.4580915369847,1588.332901689965,155038
2024-10-30,1552.6522216796875,1575.2135584185187,1547.7325232259445,1574.3190347021327,154019
2024-10-31,1579.0897216796875,1586.2456686476457,1546.5398810479767,1552.4534676864803,542097
2024-11-01,1597.27783203125,1608.1609815020772,1588.2334729395611,1590.221249501438,39326
2024-11-04,1575.660888671875,1600.3589901751352,1562.392503318848,1600.3589901751352,327462
2024-11-05,1587.0408935546875,1591.6623771123707,1557.5223381090555,1575.660799670745,149251
2024-11-06,1573.92138671875,1595.1906192401345,1564.1316118561756,1590.0224489411428,260678
2024-11-07,1548.8756103515625,1582.7174354691294,1542.812915754037,1575.9590675646418,146213
2024-11-08,1549.1241455078125,1566.8650288002602,1539.383990868216,1554.739639111531,111886
2024-11-11,1521.9412841796875,1556.528526085463,1506.3371642358422,1548.478054687307,300848
2024-11-12,1549.96875,1600.16010740622,1530.5381858803669,1530.5381858803669,840592
2024-11-13,1495.6527099609375,1557.323524453165,1483.1794852078685,1549.968727132349,368252
2024-11-14,1527.1591796875,1547.8817273432753,1480.1482126040464,1485.8133276209885,1239370
2024-11-18,1557.124755859375,1585.2518433654038,1498.0381447727304,1534.662904475287,376265
2024-11-19,1564.8770751953125,1596.8802288385489,1546.341034765081,1547.4840305361076,337791
2024-11-21,1563.9329833984375,1577.7976766573147,1544.899998183673,1560.255523892935,151571
2024-11-22,1581.624267578125,1588.0845421229953,1557.025529888042,1563.9331270036555,295562
2024-11-25,1597.32763671875,1611.8881248621751,1585.5003414535554,1590.7679980758483,643318
2024-11-26,1556.5782470703125,1607.4652815196587,1548.4780328390686,1604.135779847405,313481
2024-11-27,1521.150634765625,1566.28107992314,1513.7366258817863,1558.568596168701,253630
2024-11-28,1505.67578125,1526.4746316054445,1496.2715759535774,1522.5436801084682,531041
2024-11-29,1535.0828857421875,1537.7697670135171,1507.2184279027579,1507.6662009548477,188397
2024-12-02,1525.5791015625,1552.199610999419,1523.2901867387814,1535.530693875367,328827
2024-12-03,1495.4754638671875,1534.5354618420918,1488.7581393746882,1533.6397942805465,346276
2024-12-04,1481.3939208984375,1500.7000331539891,1469.850098785439,1497.6647490840367,696120
2024-12-05,1486.120849609375,1496.2217389872076,1463.3814879818349,1496.2217389872076,256747
2024-12-06,1530.7537841796875,1534.6847357823442,1492.7387525400895,1493.2363321242697,574891
2024-12-09,1516.373779296875,1528.0668994981797,1496.2716127340475,1520.105626169632,190260
2024-12-10,1526.92236328125,1547.2236335161717,1510.5022378893757,1510.5022378893757,311718
2024-12-11,1544.68603515625,1550.4580070090162,1520.9018278676745,1534.5354600820942,347320
2024-12-12,1552.9459228515625,1564.2409554120536,1547.4725472823964,1554.4386616431532,571035
2024-12-13,1526.6240234375,1558.3695048189456,1522.5935800749553,1542.1981677756658,111607
2024-12-16,1558.5186767578125,1562.549119793898,1526.5740932356553,1536.9237724009265,125142
2024-12-17,1550.6072998046875,1573.7447507276281,1545.3329075616798,1563.1960877210045,485729
2024-12-18,1505.8748779296875,1587.5277402414333,1496.271688673255,1553.8416250562454,3843702
2024-12-19,1587.2291259765625,1594.7426265686909,1471.3428851056533,1478.756772593731,1726013
2024-12-20,1574.8394775390625,1608.5753996476271,1570.3612610152547,1600.166231287505,683300
2024-12-23,1578.1234130859375,1595.9864710603767,1561.752972342378,1589.2691468641756,246768
2024-12-24,1574.043212890625,1617.183460156493,1562.4993907976839,1578.1234626770827,409991
2024-12-26,1586.6817626953125,1592.2546296030455,1560.7578184153328,1574.3417650200113,343179
2024-12-27,1624.74658203125,1632.0609773595145,1580.1137192328747,1586.6817452117368,473894
2024-12-30,1654.89990234375,1673.6089434353337,1627.9311129829625,1639.7237249170284,974673
2024-12-31,1686.9937744140625,1690.9247260185875,1640.5198898213143,1652.9593794317277,686957
2025-01-01,1684.754638671875,1709.683424034329,1666.8915804758446,1695.7511958990085,814926
2025-01-02,1735.607421875,1738.1450049042662,1678.2861557450024,1681.8190194367596,1046987
2025-01-03,1726.60107421875,1741.5284610275576,1707.4940676952301,1735.6073128518178,499010
2025-01-06,1710.6787109375,1727.5964177937753,1694.8556549348687,1717.4955273454725,342710
2025-01-07,1727.646240234375,1747.4001267729216,1703.762418570585,1704.8072628807363,434214
2025-01-08,1685.650390625,1740.83204128361,1667.886823158717,1723.6655450428652,578696
2025-01-09,1653.90478515625,1701.2744602972284,1648.9787957041121,1670.3747185210332,219126
2025-01-10,1624.4481201171875,1664.3042952649807,1613.650666931594,1645.9933414152679,359313
2025-01-13,1572.003173828125,1626.8364186356732,1565.1863579541575,1610.565590847322,210145
2025-01-14,1580.4620361328125,1592.6029292307023,1566.9278959222002,1590.11503134348,201246
2025-01-15,1557.9715576171875,1580.7606064569097,1537.471180604905,1580.5118166531624,270570
2025-01-16,1542.7952880859375,1571.3065007208538,1533.838855682243,1566.131721701586,155260
2025-01-17,1535.7794189453125,1541.501584284004,1520.6032413079135,1535.0330495533092,175258
2025-01-20,1539.6107177734375,1547.9700790439017,1493.7339046254558,1523.5886795346921,416211
2025-01-21,1538.317138671875,1574.2920465384282,1530.3060585267824,1547.2735714644232,265316
2025-01-22,1551.7020263671875,1554.936293858413,1513.6869924466962,1539.4118341964102,225920
2025-01-23,1575.8843994140625,1586.1344662842293,1545.4822372688195,1555.3343376425873,206974
2025-01-24,1508.5120849609375,1579.3176880235962,1502.690427798129,1577.3273695761816,699633
2025-01-27,1435.56689453125,1505.7753003660391,1423.177090104365,1494.828549608468,541410
2025-01-28,1376.056396484375,1436.910406421201,1367.647349758619,1435.7161424825558,355223
2025-01-29,1436.3133544921875,1447.409282640056,1369.7868632814796,1378.7931028372784,791584
2025-01-30,1447.707763671875,1472.1389692309058,1428.7499334008285,1446.9613943144227,344361
2025-01-31,1436.3133544921875,1466.4666060476886,1422.0327224651367,1448.454248415488,295083
2025-02-01,1410.48876953125,1462.8341155075757,1403.124567668561,1444.9212511558712,111487
2025-02-03,1421.6844482421875,1428.0534915946564,1384.316292133743,1397.2035555393015,189537
2025-02-04,1460.9434814453125,1465.3220846497663,1418.1018301940103,1418.1018301940103,393939
2025-02-05,1484.2301025390625,1494.0325175935325,1445.4188947251216,1460.9434750342111,520151
2025-02-06,1507.5667724609375,1517.070470412941,1452.9325053277337,1491.8432077156306,622678
2025-02-07,1499.95361328125,1525.031575009407,1477.064953068632,1507.5666049956722,217861
2025-02-10,1440.940673828125,1493.6841099193255,1429.396851734231,1492.7387572981263,162035
2025-02-11,1413.0264892578125,1440.542663815115,1400.6366850589777,1439.995277695556,208407
2025-02-12,1412.927001953125,1423.873752542627,1382.723824734034,1421.8834342536265,204290
2025-02-13,1483.682861328125,1517.4684672519254,1405.3140750806976,1410.5386608305262,2202647
2025-02-14,1456.8135986328125,1510.5521962243108,1436.0645533030854,1489.7533443420923,1260734
2025-02-17,1469.601318359375,1486.2204280656385,1429.5959679343403,1436.2136792946492,507336
2025-02-18,1465.9193115234375,1474.0795683904487,1444.5730737467036,1469.6013519801486,234360
2025-02-19,1460.744384765625,1465.9192854129908,1423.2766171709316,1465.9192854129908,245262
2025-02-20,1489.45458984375,1496.6198083161569,1447.4091174886353,1454.0269498593407,251702
2025-02-21,1437.9552001953125,1500.7000347215476,1410.2400414892047,1490.9474262224494,487901
2025-02-24,1431.7354736328125,1455.9676970178755,1417.6540683213816,1437.9552185510745,372729
2025-02-25,1410.5386962890625,1455.6193358617684,1382.2761502741157,1431.7355146907253,417539
2025-02-27,1362.1241455078125,1427.7051606266793,1340.3799414352195,1411.0362441428395,759594
2025-02-28,1348.7890625,1368.3937725735175,1330.5279145948218,1356.6508448551913,283716
2025-03-03,1348.5401611328125,1362.9202839646905,1311.172007348727,1343.4648736836634,188261
2025-03-04,1336.0509033203125,1344.4101426082373,1316.1477212454763,1344.4101426082373,109593
2025-03-05,1358.193359375,1364.0150165475275,1329.0849520329646,1336.0510666105458,150870
2025-03-06,1355.55615234375,1389.8393387931021,1338.5886390944895,1363.3681279048437,194079
2025-03-07,1326.6466064453125,1359.3873659833957,1316.943804967759,1355.5560276445467,133695
2025-03-10,1320.576171875,1350.8787189377997,1304.6536257182554,1318.5858536054068,140769
2025-03-11,1287.7359619140625,1320.5762144203716,1276.938509249533,1293.8064085360172,280154
2025-03-12,1309.57958984375,1317.093089759785,1271.813349990937,1287.7358958437187,304976
2025-03-13,1293.0103759765625,1332.9659200187084,1287.039420874347,1319.5810775896653,120840
2025-03-17,1311.3212890625,1323.561796372593,1290.2737682059596,1297.0407781869915,219037
2025-03-18,1311.3212890625,1311.3212890625,1311.3212890625,1311.3212890625,0
2025-03-19,1352.719970703125,1362.3729665051576,1335.453861124528,1340.5292703089044,215189
2025-03-20,1395.4122314453125,1408.0010200704385,1350.5803807730674,1360.4324815005311,217469
2025-03-21,1400.23876953125,1427.3568571227365,1383.8186430997075,1407.1550772242945,314521
2025-03-24,1445.96630859375,1471.7409560090907,1404.169622454082,1413.673441346645,164425
2025-03-25,1439.74658203125,1456.9130783437015,1390.4363947564793,1456.9130783437015,227617
2025-03-26,1426.3118896484375,1457.6095971560658,1408.1502346782063,1452.9323976185026,153103
2025-03-27,1462.933837890625,1486.718045706424,1392.526324137423,1397.4523136103765,169854
2025-03-28,1494.629638671875,1503.3869668139394,1413.6236548512566,1454.1763925740222,325369
2025-04-01,1384.1170654296875,1486.7179484571775,1376.8026700473229,1486.4194736028408,424983
2025-04-02,1409.0955810546875,1428.6007980101347,1380.1862799946339,1399.143989334313,162222
2025-04-03,1490.350341796875,1507.8154337412807,1424.0229591275447,1424.0229591275447,547719
2025-04-04,1392.4764404296875,1484.5286617909496,1351.9237050732395,1473.830700930046,945827
2025-04-07,1294.751953125,1344.1615112660859,1162.5449534264053,1162.5449534264053,258829
2025-04-08,1352.96875,1360.9300236650113,1299.727732365238,1319.5811099756013,444011
2025-04-09,1288.581787109375,1343.265854696562,1263.8521067958995,1337.0461100765035,425780
2025-04-11,1324.507080078125,1348.7889886968899,1301.071153957402,1321.5216024974422,139931
2025-04-15,1361.377685546875,1369.1399753281507,1310.6245700769257,1339.4841847559164,172458
2025-04-16,1402.1793212890625,1418.1018685854608,1345.7538428992098,1369.9361387179772,180252
2025-04-17,1397.6015625,1410.9367196725052,1373.916725664682,1402.1792703856506,63964
2025-04-21,1416.90771484375,1422.9781616562693,1370.931287003984,1401.8807137689541,163712
2025-04-22,1436.51220703125,1467.8597196890153,1393.222784789574,1422.0823996173579,289294
2025-04-23,1463.7796630859375,1471.9399197753544,1423.0776283022535,1439.0001751923485,189070
2025-04-24,1438.7015380859375,1467.0635739303825,1429.5461224752755,1462.883954081904,175211
2025-04-25,1412.130859375,1457.3111098975342,1394.3174859721364,1439.9953160786645,136108
2025-04-28,1404.8662109375,1416.6091382304307,1386.2567822655358,1393.4218799999167,258262
2025-04-29,1385.65966796875,1416.6090942030542,1372.3245106470051,1398.1986493539102,500749
2025-04-30,1394.4169921875,1421.8834826949555,1378.3949537110789,1394.715588532778,474031
2025-05-02,1372.7225341796875,1399.7908140414922,1358.5912015846827,1384.4653390770557,289995
2025-05-05,1381.47998046875,1392.2277486353923,1362.970043274552,1380.2858379966328,166707
2025-05-06,1376.30517578125,1388.7446658009649,1364.5622486108814,1388.7446658009649,165278
2025-05-07,1357.795166015625,1373.4191160496393,1339.8823013491376,1363.3680329493213,389521
2025-05-08,1342.96728515625,1371.2298295695325,1331.6224464470477,1354.4116154854808,189791
2025-05-09,1355.2078857421875,1363.268651195844,1318.585977547597,1326.5472513742993,153304
2025-05-12,1364.9603271484375,1380.086819795445,1328.836121268628,1380.086819795445,175258
2025-05-13,1397.4024658203125,1408.548321474943,1360.382593078834,1365.1594057135885,145767
2025-05-14,1411.5338134765625,1415.514450219881,1392.2277009755899,1397.4024801501466,83765
2025-05-15,1399.3927001953125,1418.6988113397665,1386.3561400728204,1408.4487453335648,130599
2025-05-16,1385.858642578125,1408.74730359931,1379.290616320098,1407.6526528028708,70932
2025-05-19,1429.8447265625,1457.0124986836367,1386.8537780565923,1395.2131392782458,262223
2025-05-20,1450.1458740234375,1473.33313095786,1421.6843464480592,1435.815679355687,420205
2025-05-21,1464.177734375,1486.7677989262327,1437.1093320825505,1459.5004133916805,207145
2025-05-22,1435.815673828125,1471.5417902195973,1428.4514718036992,1470.248156208972,170022
2025-05-23,1452.9324951171875,1472.8356799818066,1422.8787345633727,1443.876570299666,124632
2025-05-26,1458.604736328125,1483.2847321573872,1436.1141635446625,1462.6849860791278,156729
2025-05-27,1452.5343017578125,1473.3331527284797,1445.0706079749934,1470.8452548008734,113639
2025-05-28,1487.56396484375,1502.6903355234888,1438.6020611562778,1452.7333941528082,230209
2025-05-29,1462.884033203125,1506.6710382785927,1451.3402107063807,1495.7242870097257,514745
2025-05-30,1417.90283203125,1482.787161233047,1402.1792685754117,1475.9205386737408,330987
2025-06-02,1408.9464111328125,1426.361696727154,1362.372913065903,1421.0873044982538,921489
2025-06-03,1393.322265625,1420.4901583099188,1377.4992112528842,1409.1453199971158,441727
2025-06-04,1389.1427001953125,1419.2959499523902,1378.295441020644,1394.2179876317127,278309
2025-06-05,1379.2906494140625,1393.5214745473938,1363.3681022346793,1387.251923003754,386732
2025-06-06,1364.2637939453125,1386.9533511897098,1354.4116934078916,1381.2809922484596,594779
2025-06-09,1362.6715087890625,1383.2712551480722,1358.4917673606924,1374.3148225607824,119187
2025-06-10,1364.2637939453125,1376.1062129153681,1348.54022973574,1368.0453260796805,464243
2025-06-11,1382.6741943359375,1387.2519022857653,1360.58158756685,1372.822094119952,306157
2025-06-12,1376.30517578125,1412.6284866388173,1371.329379773364,1387.0529437500415,232111
2025-06-13,1361.77587890625,1372.5235254206825,1346.649386119404,1362.2734585081978,279721
2025-06-16,1355.9044189453125,1363.4676046193301,1341.8726984286197,1357.496649379938,108052
2025-06-17,1352.520751953125,1361.3776925234604,1337.891961305044,1358.3922151275756,207646
2025-06-18,1355.2078857421875,1367.9458509772726,1341.5741314263207,1359.885085523616,231621
2025-06-19,1355.605712890625,1362.0742472098407,1314.6052054898128,1346.450297522874,238552
2025-06-20,1347.8436279296875,1419.9926690279237,1322.566560269737,1357.8947114281839,475316
2025-06-23,1333.5133056640625,1365.7564874998782,1326.6466830031975,1347.445534230702,356112
2025-06-24,1327.9404296875,1356.1033615005415,1321.2727903159591,1333.5132967811548,133867
2025-06-25,1351.1275634765625,1362.0743144029466,1322.0689641546453,1331.721959561609,142718
2025-06-26,1337.991455078125,1368.4433002693363,1330.726744811346,1361.3776947169022,81886
2025-06-27,1325.25341796875,1365.955452313682,1317.5907409522495,1345.3557060884355,395278
2025-06-30,1383.072265625,1390.2373630705433,1325.2534205571646,1337.9915065485652,335012
2025-07-01,1365.2589111328125,1382.3756005347834,1348.5401882216004,1373.319676240957,193130
2025-07-02,1368.443359375,1382.7736758131666,1356.40195763465,1373.3196636359626,153083
2025-07-03,1408.8468017578125,1426.9587717114662,1371.0307529386534,1371.5283325283792,386564
2025-07-04,1415.9124755859375,1424.769294764705,1396.7058555568844,1408.8467484954424,104201
2025-07-07,1450.7431640625,1460.8937395466098,1411.5338663755194,1416.012082879579,384948
2025-07-08,1458.107177734375,1462.1874275441082,1439.000170125298,1454.9227169593262,150291
2025-07-09,1448.4542236328125,1458.107219334588,1435.0195743583067,1457.9082360852424,139629
2025-07-10,1437.407958984375,1451.8377672459253,1418.8980223378514,1447.9566221072848,141349
2025-07-11,1442.5826416015625,1464.2771590927125,1424.5702857561982,1440.293848504395,119065
2025-07-14,1449.7479248046875,1463.4810484380157,1411.5337884504784,1442.582705906116,197274
2025-07-15,1463.7796630859375,1468.0587746750152,1447.5585198498964,1460.5950808202833,352116
2025-07-16,1454.7237548828125,1487.7629914524061,1444.6725498640674,1463.879170853839,147361
2025-07-17,1466.964111328125,1473.3331543255795,1444.772134677455,1465.8694605346698,110093
2025-07-18,1463.879150390625,1475.8210605229754,1445.170109258186,1466.9641195456038,97684
2025-07-21,1459.5999755859375,1466.0685104991132,1440.7915635603742,1463.8792088125663,124091
2025-07-22,1453.13134765625,1462.883955954368,1433.626252539403,1462.883955954368,122866
2025-07-23,1452.8328857421875,1466.4665176777378,1441.4880469929305,1453.1313606033266,241445
2025-07-24,1533.34130859375,1544.4870427849778,1452.8329068743506,1452.9323984961775,1267102
2025-07-25,1501.6951904296875,1587.2788792149447,1487.1658908155105,1544.487034822316,780651
2025-07-28,1475.6220703125,1518.612897994237,1460.89366596038,1506.6709879182665,171072
2025-07-29,1481.29443359375,1492.6392724969303,1459.998002929779,1474.8258989492358,90330
2025-07-30,1522.095947265625,1552.9458814697666,1471.9399009088202,1480.7968417987906,501364
2025-07-31,1466.76513671875,1512.0448793167827,1453.6289626817954,1495.2266649130636,302398
2025-08-01,1443.1798095703125,1482.1901227282237,1432.3326715766334,1476.9157304264547,151739
2025-08-04,1436.2137451171875,1456.4155259791041,1411.7328524748464,1443.0803680664703,126388
2025-08-05,1422.0628662109375,1451.460802127702,1407.1147632024133,1448.9694516262812,115437
2025-08-06,1382.500244140625,1422.8601215406093,1370.2427512340337,1415.286318833593,132650
2025-08-07,1386.6856689453125,1391.7679995647811,1363.366604261194,1365.5590656593768,114551
2025-08-08,1382.001953125,1402.1320158518877,1372.036551448725,1395.0566049913264,55816
2025-08-11,1332.0751953125,1391.6683460809923,1317.426103486625,1375.2254332916357,488727
2025-08-12,1371.9368896484375,1390.7715243753703,1338.652543195864,1338.652543195864,376991
2025-08-13,1359.878662109375,1392.5652276344554,1337.2572494010076,1391.5686874861049,113370
2025-08-14,1361.17431640625,1398.1459343901797,1345.8275726257575,1371.2393483399055,95383
2025-08-18,1379.0123291015625,1405.121632767559,1354.098824974478,1360.3769550257218,119136
2025-08-19,1378.71337890625,1390.6718614121228,1358.98183411237,1379.0123896280868,121085
2025-08-20,1365.65869140625,1392.4656466643046,1355.1950194825015,1375.5244635496642,81465
2025-08-21,1354.397705078125,1376.2219588787134,1350.810184837144,1365.6586575282822,63277
2025-08-22,1413.49267578125,1427.7431279727791,1335.8621681267225,1360.7756736867136,437422
2025-08-25,1395.056640625,1423.2586551004351,1385.3901277633215,1416.0836143694344,121663
2025-08-26,1429.536865234375,1457.5396195127184,1363.8648440982665,1385.1908279371078,276774
2025-08-28,1413.59228515625,1433.2240785961635,1388.1805098503041,1430.0351985895093,205145
2025-08-29,1379.6102294921875,1409.9050748539562,1375.4246878081713,1403.1285530691505,156601
2025-09-01,1365.3597412109375,1379.6103151217374,1352.4047182549293,1370.3424423478639,160654
2025-09-02,1362.8682861328125,1374.029608812423,1359.0815065479187,1362.4696457428322,35637
2025-09-03,1347.3223876953125,1369.5452834296552,1343.5354861712976,1362.2704911090918,103658
2025-09-04,1334.5665283203125,1356.5901630873482,1325.3984075438582,1348.4184608189735,325213
2025-09-05,1330.381103515625,1348.6178369645768,1327.3914830582864,1332.9720835823914,105496
2025-09-08,1315.8316650390625,1337.85517847051,1312.4434041308466,1325.398426343224,98181
2025-09-09,1315.53271484375,1335.3638894722237,1301.4815221274062,1323.9036769879472,83745
2025-09-10,1308.457275390625,1338.353481225902,1304.471114612588,1312.6426955483746,127010
2025-09-11,1307.6600341796875,1320.9140678272618,1303.474613895178,1310.4503954680115,117956
2025-09-12,1310.2510986328125,1329.882891838911,1306.4641972280347,1309.4538178166572,237370
2025-09-15,1305.7666015625,1317.3264429229612,1297.196258991155,1314.4364521708542,108722
2025-09-16,1306.96240234375,1315.4329935903545,1296.897371192084,1300.484891390464,105808
2025-09-17,1306.6634521484375,1319.9174853719503,1301.4814918050338,1303.5742018803326,123604
2025-09-18,1336.1611328125,1343.2365438181446,1304.4711061729447,1304.4711061729447,163404
2025-09-19,1436.014404296875,1501.6864267133285,1329.1853452942837,1341.1438274952293,995320
2025-09-22,1394.458740234375,1416.7811432313574,1378.314716124661,1401.1355108659411,222708
2025-09-23,1390.372802734375,1400.0393154153287,1362.3700481619055,1395.9535250296751,202440
2025-09-24,1343.73486328125,1383.3970912345255,1333.1715612292912,1383.3970912345255,118793
2025-09-25,1345.8275146484375,1358.7825370034393,1337.7555635106846,1353.2019363185711,105951
2025-09-26,1366.455810546875,1375.1257828757175,1300.8835414004757,1349.1161091851257,339048
2025-09-29,1312.4434814453125,1361.9714821618484,1306.5638697652787,1360.2774124319299,116499
2025-09-30,1334.3673095703125,1353.8994728938758,1313.439965656215,1324.6011670845448,131478
2025-10-01,1322.7078857421875,1333.8690875729612,1311.4469325708008,1333.370817461802,253514
2025-10-03,1308.556884765625,1334.3672997323117,1302.7770247159854,1332.374219374235,124762
2025-10-06,1318.6219482421875,1321.4123094703946,1300.484965202764,1318.4226888607332,86344
2025-10-07,1355.0953369140625,1399.1423626340973,1311.546459618224,1316.4295306550162,720078
2025-10-08,1347.4219970703125,1356.2912292916753,1340.8448559970236,1348.4185372828706,49362
2025-10-09,1334.8656005859375,1363.4662557242966,1331.8759799799218,1357.8856549226623,92193
2025-10-10,1329.8829345703125,1356.889150425697,1325.9964033506278,1344.8310379937332,93288
2025-10-13,1318.9208984375,1333.6697414275336,1315.6322672585968,1333.6697414275336,59274
2025-10-14,1301.5811767578125,1326.295423247926,1297.7943968531513,1324.4019724716065,202965
2025-10-15,1292.8116455078125,1313.1409681969203,1287.4303041174128,1310.450358325707,96247
2025-10-16,1283.9423828125,1310.350697388561,1274.7741402350475,1300.3852956617454,146327
2025-10-17,1281.8497314453125,1292.5126631218227,1275.5714794108967,1292.5126631218227,50853
2025-10-20,1266.6025390625,1287.0316122731856,1257.6336776529308,1287.0316122731856,104949
2025-10-21,1276.866943359375,1280.5540932566469,1271.8842426074036,1274.076582279084,11900
2025-10-23,1272.382568359375,1287.5299306489976,1266.6025865749814,1282.9458700861885,122938
2025-10-24,1264.310546875,1285.536902529445,1247.2697331943216,1274.9736003731396,123050
2025-10-27,1293.5091552734375,1297.7943267120374,1267.499480872187,1274.0766217388982,84801
2025-10-28,1281.4510498046875,1303.4745635908093,1275.5714383763273,1300.4849430321149,63010
2025-10-29,1285.437255859375,1295.601917458037,1275.6711130308754,1287.8289767202295,84127
2025-10-30,1284.440673828125,1290.619174340238,1268.894671210573,1285.4372140170447,59139
2025-10-31,1266.8018798828125,1291.516126015132,1263.6129998357926,1291.516126015132,106443
2025-11-03,1305.1685791015625,1315.4329912531032,1265.6059840086673,1266.801783523347,126927
2025-11-04,1290.3203125,1318.4226977613466,1280.6537994747184,1310.8490164953362,118746
2025-11-06,1300.28564453125,1314.4364660907806,1281.052370856481,1284.5402614033483,226767
2025-11-07,1313.739013671875,1329.3846463831612,1271.6849436235925,1300.3853504655674,281388
2025-11-10,1340.1473388671875,1360.9749321833597,1295.5022882736437,1319.4192535956188,260140
2025-11-11,1317.4261474609375,1347.72099394092,1312.0448060388396,1341.143852935233,48376
2025-11-12,1336.2607421875,1354.298094987616,1310.5499570671784,1323.704360338401,155242
2025-11-13,1297.495361328125,1360.177765248764,1289.423409907522,1335.3638895389304,562442
2025-11-14,1474.4808349609375,1542.644208016858,1300.4849428049095,1305.1686330201906,4131703
2025-11-17,1459.732177734375,1513.0470800456271,1427.6435093358255,1454.9487359706231,1187071
2025-11-18,1417.97705078125,1465.9106092560164,1415.0870599208315,1444.9832654121167,322615
2025-11-19,1442.392333984375,1453.6531654443245,1405.1217055501172,1425.0525098841613,326575
2025-11-20,1433.2239990234375,1463.3195846252174,1423.2585974959543,1449.368022486741,165761
2025-11-21,1439.0040283203125,1450.4642404572126,1421.9632154724295,1422.0628451614168,174552
2025-11-24,1423.2586669921875,1462.3231158761785,1402.7299631727708,1431.1313589129081,275733
2025-11-25,1401.334716796875,1436.3133735431459,1394.060046656777,1420.0697203633115,154045
2025-11-26,1404.0255126953125,1410.3036429691474,1381.5037284955117,1401.135521784512,104259
2025-11-27,1391.1700439453125,1412.0973870132577,1383.6959928496178,1402.1319855523316,100045
2025-11-28,1448.072509765625,1453.95212115128,1391.1700898746997,1395.255880278978,454494
2025-12-01,1415.6849365234375,1466.4088553394593,1403.1285547522655,1453.952103255366,235351
2025-12-02,1424.35498046875,1431.0317512618258,1401.534185175439,1420.0698088775082,122952
2025-12-03,1438.8048095703125,1449.6670005840635,1410.403413472538,1434.8186487144844,148078
2025-12-04,1449.5673828125,1465.0137562558539,1428.042138343615,1430.035218787919,825619
2025-12-05,1454.0517578125,1458.4365589506922,1411.10090022151,1444.8836367809838,237723
2025-12-08,1442.691162109375,1454.9486549161445,1421.066288979741,1451.9590343923442,152080
2025-12-09,1445.9798583984375,1464.8144928753316,1390.1736061101449,1425.0525137903278,196937
2025-12-10,1460.9278564453125,1479.6628598801965,1423.7568602790245,1445.082843768188,213881
2025-12-11,1466.8074951171875,1475.8759863009893,1425.0524378193213,1464.91404447161,219440
2025-12-12,1460.8282470703125,1482.7521306232804,1453.8524659398227,1473.1853694024883,98690
2025-12-15,1435.2171630859375,1459.6323982531055,1430.0352026484222,1455.2477186435044,81169
2025-12-16,1426.148681640625,1448.8698472700626,1420.069810640461,1435.0179139103604,109669
2025-12-17,1390.4725341796875,1433.024750360839,1379.610222103965,1422.062808598691,145513
2025-12-18,1400.8365478515625,1425.0525240167726,1372.933421507178,1394.259406685696,95493
2025-12-19,1419.8704833984375,1430.0351444769954,1388.2800870090139,1413.3929722910505,169772
2025-12-22,1422.959716796875,1444.7839705998447,1416.1831950591964,1422.959716796875,80833
2025-12-23,1430.234375,1441.7943380614388,1413.0939330746428,1424.8531555069474,79812
2025-12-24,1409.8052978515625,1429.5368414290451,1406.2177776505569,1417.578359660381,49771
2025-12-26,1434.818603515625,1440.9971039883367,1393.2628049139005,1415.4856996442784,99953
2025-12-29,1429.636474609375,1444.1859364672268,1399.142370354323,1427.643394309725,146230
2025-12-30,1381.4039306640625,1448.172121844742,1356.9886965756052,1435.017840301169,595590
2025-12-31,1413.9908447265625,1447.5741991594734,1381.2046494257518,1381.3042791112682,337075
2026-01-01,1393.3624267578125,1431.629593882438,1386.2870158310336,1415.0870512745967,104562
2026-01-02,1399.1424560546875,1410.1043983742043,1388.2801434266623,1399.0428263631961,70796
2026-01-05,1408.111328125,1413.094029215322,1389.1770639817764,1402.1320868166135,118954
2026-01-06,1464.515380859375,1469.8967220017205,1401.5340920063527,1414.5887436484354,647078
2026-01-07,1508.9610595703125,1516.2358513876532,1441.096699095766,1470.3950040897023,425525
2026-01-08,1538.6580810546875,1544.6373223023093,1495.8068521133976,1518.2290067919794,407694
2026-01-09,1569.55078125,1577.1244622775487,1516.0366223199028,1539.6545758928573,726762
2026-01-12,1522.51416015625,1568.55426855372,1497.7999146354773,1568.55426855372,568045
2026-01-13,1502.5833740234375,1559.5854252520544,1495.8068519510118,1524.507258595671,147033
2026-01-14,1511.75146484375,1520.3216861289586,1485.243520178721,1494.8102816516973,299342
2026-01-16,1504.676025390625,1512.3493360321656,1476.5735196381363,1506.7687354157752,107415
2026-01-19,1482.0545654296875,1511.7515126229341,1478.2677855852712,1504.6761013957575,128836
2026-01-20,1474.5804443359375,1495.806798665732,1462.920972978877,1469.8967541851796,136112
2026-01-21,1475.7763671875,1482.4531376904079,1427.0455283763395,1474.5804459905812,178953
2026-01-22,1480.4600830078125,1495.8068262745342,1466.8075310541028,1485.8414243673087,88339
2026-01-23,1457.739013671875,1492.3189090145602,1450.9624918365273,1487.8344782362192,47636
2026-01-27,1449.8663330078125,1478.0683471285174,1427.7430680108805,1462.821355354927,62993
2026-01-28,1442.09326171875,1470.7936673941722,1436.0143909858778,1452.258044484115,73729
2026-01-29,1474.5804443359375,1504.5764008414146,1429.2378664949708,1443.0897992199373,100371
2026-01-30,1465.7113037109375,1495.8067676316816,1439.0039789874406,1474.580413742278,238850
2026-02-02,1434.918212890625,1459.4330767050699,1386.9846551174442,1404.1250973557142,499424
2026-02-03,1430.334228515625,1464.9141255409731,1418.874015968876,1464.9141255409731,207460
2026-02-04,1401.5341796875,1445.9798488511944,1393.7611173680484,1430.3342161685764,117017
2026-02-05,1437.210205078125,1447.9728877273033,1387.4829472020135,1406.118199988455,193684
2026-02-06,1411.7984619140625,1430.3342070736662,1398.943190568367,1430.3342070736662,110797
2026-02-09,1446.976318359375,1449.965938851853,1411.1008724496385,1412.7949420695218,111733
2026-02-10,1421.265625,1461.9245149754822,1416.183294165059,1458.9348942904608,112117
2026-02-11,1427.7430419921875,1470.694020309428,1398.1458478284912,1419.172820925256,255356
2026-02-12,1467.8040771484375,1483.0510691390334,1407.1147549597435,1427.7430883314798,200360
2026-02-13,1480.2608642578125,1498.6968582921952,1423.8567122443774,1452.9556379529695,408095
2026-02-16,1489.92724609375,1524.70652380959,1445.9798470900098,1469.8968121693758,193985
2026-02-17,1486.4393310546875,1504.775694978725,1466.4088974577442,1504.775694978725,287861
2026-02-18,1485.4427490234375,1496.6040718857962,1470.9929165978244,1485.8413894199448,75106
2026-02-19,1458.835205078125,1496.2054621162217,1445.9798123274252,1491.222761177809,86586
2026-02-20,1444.7840576171875,1459.9314202810497,1431.2310133255492,1454.9487191879402,93974
2026-02-23,1468.6011962890625,1495.8067915229178,1459.9313454903895,1459.9313454903895,229030
2026-02-24,1510.057373046875,1538.6580273573475,1452.9555724656816,1466.7078755144628,150387
2026-02-25,1519.2254638671875,1527.795684856884,1495.1092408139536,1526.5998853319843,102371
2026-02-26,1517.531494140625,1542.0463591982398,1497.7999491453877,1529.5896064608364,727749
2026-02-27,1523.6103515625,1534.6719235650949,1498.6968463098199,1516.7341997831652,191057
2026-03-02,1507.7652587890625,1519.723740682961,1466.7078529458643,1466.7078529458643,115864
2026-03-04,1470.29541015625,1499.7929752400141,1456.2442179071836,1499.7929752400141,87330
2026-03-05,1495.7071533203125,1501.7860239782885,1465.0136676747074,1470.2953791919474,61774
2026-03-06,1489.0302734375,1515.2393285691435,1475.8759918519577,1496.2054356506806,45541
2026-03-09,1497.4012451171875,1509.6587379492732,1443.0898054893096,1445.9797963312128,90825
2026-03-10,1486.0406494140625,1506.370093164723,1482.6525101622606,1499.6933227003253,57079
2026-03-11,1528.593017578125,1544.4380308852615,1482.3535285593516,1486.3396893084187,191040
2026-03-12,1555.4000244140625,1561.379265735519,1514.342494351276,1544.2387009585582,278221
2026-03-13,1555.898193359375,1571.244814434892,1532.080859314586,1561.5784235862386,590960
2026-03-16,1551.613037109375,1569.0524899991722,1528.7922429982752,1560.1832581999101,181093
2026-03-17,1559.8843994140625,1618.3812595834122,1540.1528551023175,1564.468459933042,496282
2026-03-18,1538.2593994140625,1556.6953927667819,1521.4178460217138,1554.602682715797,253243
2026-03-19,1539.056640625,1580.5126867680099,1503.878724473435,1512.3493157959622,263738
2026-03-20,1539.554931640625,1570.3480471967778,1500.2912246467454,1534.6718604822238,196016
2026-03-23,1524.6068115234375,1544.6372443626758,1483.1507652946523,1538.2593630241008,178461
2026-03-24,1525.5037841796875,1545.5342178354351,1498.995717587174,1544.6373073273921,123364
2026-03-25,1564.568115234375,1587.8871802623673,1521.7168866005672,1525.5037880227444,657174
2026-03-27,1580.5126953125,1613.8967907052925,1542.8434285683109,1589.1825460538287,327103
2026-03-30,1595.66015625,1608.3162900696293,1548.324495662199,1588.4851153043028,450008
2026-04-01,1502.9818115234375,1614.3950493938814,1495.1092416256317,1596.4573266228383,527064
2026-04-02,1483.1507568359375,1503.7790893225267,1427.543767696832,1499.6932990290438,196356
2026-04-06,1450.9625244140625,1480.5597195564515,1421.0663185538826,1460.927926367456,234598
2026-04-07,1437.210205078125,1470.4946715619465,1409.1078205412298,1434.0213251476873,83654
2026-04-08,1440.0006103515625,1460.927954861862,1422.2621458693566,1458.4366043249215,375454
2026-04-09,1444.8836669921875,1459.8317700613227,1437.5092451484861,1438.7050447348272,82607
2026-04-10,1451.1617431640625,1460.927885464143,1445.282253494554,1450.9624837897627,79984
2026-04-13,1445.9798583984375,1462.9210421288121,1426.4476944271303,1431.0317551069306,96475
2026-04-15,1465.81103515625,1468.601274785803,1439.1037085786731,1466.6081943441325,191431
2026-04-16,1456.3438720703125,1484.844897450164,1448.3715504732647,1469.3985243558836,187941
2026-04-17,1463.219970703125,1469.8967411392819,1451.1617374065902,1455.9451788505023,114570
2026-04-20,1463.5189208984375,1483.7487357214084,1442.691206281994,1454.948699464066,168951
2026-04-21,1471.3916015625,1485.8414344257958,1457.0413983893563,1464.8144605888015,199229
2026-04-22,1489.6282958984375,1508.761818517677,1461.4261604069839,1471.3915621144981,310159
2026-04-23,1520.8199462890625,1535.7680490079406,1481.1577200637555,1489.4289305794184,248305
2026-04-24,1550.516845703125,1567.7569173314548,1510.7548693375368,1529.68913221182,230855
2026-04-27,1535.9674072265625,1580.4130743211592,1523.2116444366652,1551.7126688678752,240783
2026-04-28,1531.6822509765625,1568.4546078117098,1524.9057291185188,1542.6441929158873,99425
2026-04-29,1536.7646484375,1546.7300506342908,1517.332114153758,1537.462299580061,128566
2026-04-30,1525.6033935546875,1584.498894158925,1519.0262526632448,1536.7645949675616,348783
2026-05-01,1525.6033935546875,1525.6033935546875,1525.6033935546875,1525.6033935546875,0
2026-05-04,1524.70654296875,1568.6539425247245,1519.7238418479371,1532.6788647620506,127756
2026-05-05,1536.4656982421875,1553.606140679657,1508.3631921763256,1529.6891763587387,183380
2026-05-06,1558.987548828125,1575.5300921964813,1536.6650235085226,1542.6442648451316,241418
2026-05-07,1554.7022705078125,1584.8974858445033,1549.719569735947,1566.7603820461327,97347
2026-05-08,1547.228271484375,1604.927972696379,1540.2524901687125,1554.7023228940136,247633
2026-05-11,1529.689208984375,1563.5715758283286,1519.9230663525166,1551.8123527938847,533066
2026-05-12,1503.8787841796875,1539.4553421355254,1493.8137525382108,1529.6891995638116,507486
2026-05-13,1501.0885009765625,1533.5756860644462,1488.8310082733572,1512.7479722616843,251461
2026-05-14,1578.4200439453125,1588.285816235129,1504.7756989833535,1504.7756989833535,543561
2026-05-15,1599.447021484375,1648.9750207801844,1579.3169580974682,1587.1895283614735,1114457
2026-05-18,1640.6041259765625,1652.263597274013,1579.516165065929,1579.516165065929,634585
2026-05-19,1650.4698486328125,1656.4490898982103,1628.3467046100302,1645.2878881953243,256508
2026-05-20,1640.903076171875,1672.4934736389157,1629.6422448513758,1642.1986270967345,273088
2026-05-21,1631.3363037109375,1654.2567282591058,1613.3985801515014,1644.2913262816414,220532
2026-05-22,1596.5570068359375,1642.7964957720362,1590.9764061268158,1642.7964957720362,100242
2026-05-25,1565.564697265625,1612.2028285677384,1559.7847152874394,1604.330136441581,109349
2026-05-26,1572.5404052734375,1594.3646595621499,1560.1832827021508,1560.7811824810256,136241
2026-05-27,1566.9598388671875,1586.8906429187978,1561.578497443658,1571.543899469463,74100
2026-05-28,1566.9598388671875,1566.9598388671875,1566.9598388671875,1566.9598388671875,0
2026-05-29,1519.1258544921875,1613.0995192260066,1477.7694375729093,1571.4442132454913,979166
2026-06-01,1485.2435302734375,1558.7881236417763,1471.9894970268535,1524.706497647665,270268
2026-06-02,1502.483642578125,1512.7480555138588,1464.914124904725,1504.7757337456699,383375
2026-06-03,1549.3209228515625,1556.6953442926113,1493.9133148302217,1502.4835357923193,274172
2026-06-04,1608.4158935546875,1621.27128655024,1532.7784675393425,1549.3210106403596,396358
2026-06-05,1636.2193603515625,1644.8892113350992,1604.7287147144755,1609.3127752534485,242278
2026-06-08,1643.693359375,1662.2289819666169,1604.429652857466,1604.429652857466,924718
2026-06-09,1628.3466796875,1664.2221267307987,1620.3743581223225,1643.6934230300612,116776
2026-06-10,1624.559814453125,1653.1605916937344,1615.3916931082465,1635.820767573835,172179
2026-06-11,1608.0172119140625,1636.3189773872612,1600.6427902442333,1624.559754590941,86082
2026-06-12,1577.5230712890625,1634.3258603373738,1563.1728686735798,1624.1611993773897,131987
2026-06-15,1570.248291015625,1607.419287869184,1560.5819000639442,1607.419287869184,118009
2026-06-16,1544.8365478515625,1578.4200251123186,1539.6545875429692,1570.1486929084006,83984
2026-06-17,1533.3763427734375,1553.3071465874705,1527.2974719397519,1549.5203668515876,94273
2026-06-18,1538.2593994140625,1545.6338210847446,1524.706477278955,1540.651120178604,125608
2026-06-19,1580.3134765625,1603.5327899213944,1537.1632378237216,1545.633829409784,262446
2026-06-22,1591.773681640625,1599.3473626955288,1576.9252085966855,1597.4539120198099,86624
2026-06-23,1619.3778076171875,1635.7210910513493,1594.3646731952795,1605.525874656283,179904
2026-06-24,1615.5909423828125,1633.3294068084394,1597.0553187766923,1609.4124417300975,116670
2026-06-25,1612.7010498046875,1649.2740263831176,1600.4435567198109,1621.6699115795805,167145
2026-06-26,1612.7010498046875,1612.7010498046875,1612.7010498046875,1612.7010498046875,0
2026-06-29,1641.5009765625,1659.1398111749027,1610.408970834295,1612.7010619643502,333883
2026-06-30,1695.1148681640625,1729.9937749164096,1630.1404962445938,1643.2947781320042,919073
2026-07-01,1690.53076171875,1760.5874623909313,1675.8815482916161,1713.8498259298024,222143
2026-07-02,1713.451171875,1718.7327617232497,1685.2490367463845,1708.9667411643136,172457
2026-07-03,1772.745361328125,1782.11286340677,1713.4512202570065,1723.0179817136766,571448
2026-07-06,1776.2332763671875,1806.2291120501218,1754.3093919726482,1792.2775492535966,393648
2026-07-07,1786.896240234375,1793.7723920668934,1761.3848349879077,1763.876185532445,139839
2026-07-08,1756.302490234375,1800.1502594694014,1735.0761351045928,1773.8415735987905,166406
2026-07-09,1764.2747802734375,1790.9819844306633,1755.9038183309146,1768.8588408271132,96723
2026-07-10,1781.7142333984375,1793.1744456051,1734.9764740694982,1781.8138630880314,146840
2026-07-13,1816.9918212890625,1832.139183886371,1753.9107770682692,1781.7142733752535,341668
2026-07-14,1834.0325927734375,1844.0976243780328,1806.0298377217714,1816.6927691116746,241497
2026-07-15,1871.50244140625,1874.8907023177296,1814.2013815655368,1833.6339149028222,291486
2026-07-16,1883.66015625,1903.2920703332213,1861.3377540498234,1874.3924057779539,794803
2026-07-17,1894.0242919921875,1938.1710717957815,1840.4105018755781,1881.4679097208907,157265
2026-07-20,1832.23876953125,1921.6284975887365,1815.1979566069444,1894.422901734725,301713
2026-07-21,1792.7757568359375,1838.5169747390553,1778.9238242128363,1823.6685019509537,437799
2026-07-22,1782.3121337890625,1788.6900153488778,1722.2207115388862,1783.8069440773954,193000
2026-07-23,1765.0718994140625,1791.0816951542495,1754.4089682604772,1781.8138229194735,162968
2026-07-24,1756.601318359375,1782.710743941274,1740.9556862661996,1758.893409421776,79195
2026-07-27,1771.4498291015625,1793.77235383443,1743.5467035974714,1756.6013558430052,119666
2026-07-28,1782.8104248046875,1797.9577872450122,1719.0318517541007,1783.806965008603,238234
2026-07-29,1768.360595703125,1801.7446926070725,1753.9107627148494,1773.9411965276229,155850
2026-07-30,1752.7149658203125,1783.8069716388502,1735.9730416731156,1763.8761674864609,140552
2026-07-31,1741.7529296875,1774.140484690029,1734.9764079816298,1752.9141307522614,138035
2026-08-03,1719.6297607421875,1760.886549734492,1708.0699186445497,1746.8353571137438,159711
2026-08-04,1688.836669921875,1724.7121180064435,1677.8747274515902,1719.3308981121395,222711
2026-08-05,1758.8934326171875,1771.8484550670591,1676.6788670699252,1696.709300528209,290079
2026-08-06,1728.199951171875,1778.8242415514064,1722.121080334263,1768.8588396379532,151963
2026-08-07,1735.800048828125,1745.0,1711.699951171875,1725.0,79829
2026-08-10,1685.800048828125,1745.0,1674.4000244140625,1737.699951171875,239283
2026-08-11,1748.4000244140625,1751.9000244140625,1683.0999755859375,1686.0,233132
2026-08-12,1766.5999755859375,1784.4000244140625,1744.0,1758.5,149151
2026-08-13,1796.300048828125,1905.0,1767.699951171875,1781.0,1835473
2026-08-14,1734.199951171875,1805.0,1720.0,1800.800048828125,390591
2026-08-17,1884.5999755859375,1945.0999755859375,1805.9000244140625,1805.9000244140625,6964903
2026-08-18,1882.0999755859375,1919.0,1862.300048828125,1877.0999755859375,804532
2026-08-19,1903.699951171875,1937.9000244140625,1863.0,1882.0999755859375,753334
2026-08-20,1900.0999755859375,1928.4000244140625,1880.4000244140625,1922.0,236586
2026-08-21,1911.199951171875,1922.0,1889.0999755859375,1900.0999755859375,194059
2026-08-24,1920.4000244140625,1938.0,1898.0,1920.5999755859375,277434
2026-08-25,1931.699951171875,1939.0,1911.5999755859375,1916.0,66476
