Date,Close,High,Low,Open,Volume
2021-08-04,297.2559814453125,306.6517482087183,291.6088110139173,299.69011175427676,1345097
2021-08-05,297.9375305175781,306.2135730319553,291.1219660939734,299.54405047472727,1960000
2021-08-06,301.92950439453125,305.67807070175786,298.27830923427854,300.27428403648247,985333
2021-08-09,293.7995300292969,310.5950292604663,291.2193578292385,304.2176196986706,1331023
2021-08-10,295.2112731933594,306.60298279699884,293.06922709002623,293.7994660279582,1737643
2021-08-11,299.154541015625,304.12017156102485,287.2273054503153,296.7690820171641,2076948
2021-08-12,306.60302734375,316.14483534716834,298.18094297864553,301.88080891632643,3039844
2021-08-13,323.6419372558594,326.6115938527805,308.1122048011179,309.52398245327475,3008613
2021-08-16,340.14532470703125,375.1480955137606,328.1207168271922,329.38645251412254,6806499
2021-08-17,349.4349060058594,354.9597557398196,343.47001158019737,347.0391601806049,2092633
2021-08-18,352.90631103515625,366.59622081085246,349.5816246293856,353.0041020733097,2777906
2021-08-20,324.7930908203125,351.9284466411306,319.3171211548116,351.9284466411306,3614664
2021-08-23,324.64642333984375,335.06052703588233,319.8060505732737,335.06052703588233,2047082
2021-08-24,308.1207275390625,327.2376946779664,296.7287741094229,326.406515706355,2883740
2021-08-25,314.13446044921875,316.8235492157101,302.9380607393581,311.640953711487,1306229
2021-08-26,311.4942626953125,316.6279777849933,308.02290538084657,314.18335155181194,885839
2021-08-27,327.72662353515625,330.9046379940144,309.09858148988656,311.5432079967005,1925459
2021-08-30,328.21551513671875,340.29197480874575,326.11314252504803,331.98024553899194,1580313
2021-08-31,329.340087890625,331.39358022960874,322.98405864811514,330.46464001452983,941828
2021-09-01,322.64178466796875,331.29573772654055,319.75711375402545,331.0023945129591,699580
2021-09-02,322.690673828125,326.11315067175667,318.6814807001163,322.690673828125,851350
2021-09-03,322.3973388671875,328.41111379247013,318.3881456364556,324.30412953823145,1073408
2021-09-06,322.3973388671875,326.6020843033023,318.779279888852,324.2063385147247,846764
2021-09-07,322.10400390625,323.9619142061736,315.84576560257534,323.66857094257716,852973
2021-09-08,322.4951171875,330.31792201767956,319.21934153816807,330.31792201767956,711712
2021-09-09,322.2506408691406,323.1796108399775,318.97486535874214,320.0504771039668,509732
2021-09-13,320.1971740722656,323.4240689459586,317.6058462451992,320.73497993733764,1408510
2021-09-14,322.4951171875,324.59751985891654,317.9481178482846,320.6372070086588,806165
2021-09-15,323.8152770996094,327.58000853920834,319.26827697925825,322.4951725894075,2075403
2021-09-16,317.9970397949219,326.94436717500594,315.7968758567881,326.60211348296957,1059689
2021-09-17,312.3743896484375,320.2949557249373,304.3071221069687,319.6593587960572,8357693
2021-09-20,307.33843994140625,317.5081103292904,303.18257477919894,305.67611178150304,1027298
2021-09-21,311.88543701171875,313.5966754311618,299.4667234025371,307.3384081953233,736528
2021-09-22,330.6112976074219,336.2828192155981,309.9297631493453,314.7701057696942,4529467
2021-09-23,340.43865966796875,342.2476891360137,330.6112736737153,336.8695111638764,2884658
2021-09-24,361.0713195800781,367.4273482253605,347.1369490884976,349.09265021012294,5668307
2021-09-27,342.687744140625,361.5602482020797,336.5761780790618,361.5602482020797,2315706
2021-09-28,333.54486083984375,345.3768596077757,327.5799659394846,345.2301581377796,1403944
2021-09-29,341.2698669433594,345.9635379904545,322.8862871936653,327.57995824076045,1628189
2021-09-30,334.180419921875,343.2255373594093,332.4691814877469,343.2255373594093,656587
2021-10-01,330.56231689453125,335.4026883274525,327.57988510115626,332.4691371175914,715129
2021-10-04,333.59368896484375,341.1231496805819,330.5134658871795,333.25143532474135,760487
2021-10-05,334.0826416015625,336.5761784624997,328.5577918439415,333.44704469876206,983394
2021-10-06,328.3622131347656,338.727435260796,327.57994460668584,336.9673161518008,572636
2021-10-07,331.6380615234375,337.3584941313837,329.5356884703661,331.6380615234375,655406
2021-10-08,343.0788879394531,347.0391709208082,330.5135017991758,334.91382948585124,2110387
2021-10-11,338.5807800292969,345.67019708406195,332.46921360277526,345.67019708406195,822735
2021-10-12,332.4202880859375,339.5585847708179,329.73119922166177,337.3584211545923,785527
2021-10-13,333.59368896484375,340.29197079508424,330.12233165918906,335.40271834113184,935211
2021-10-14,331.93133544921875,346.64797226456153,331.00236561792406,339.46076574293716,1301163
2021-10-18,329.53564453125,337.3095685569929,326.74876441777815,334.13155418094965,1274211
2021-10-19,338.09185791015625,346.35470773355087,329.53566483216963,329.53566483216963,2118081
2021-10-20,333.3492736816406,342.7366456946715,330.5135128239628,340.29201912052974,645950
2021-10-21,330.3179016113281,337.9451537545368,323.0818135587689,337.358437460193,670780
2021-10-22,322.44622802734375,332.1758532130397,317.80143778282553,326.3087497462799,473538
2021-10-25,299.76007080078125,317.80142518240365,296.3865043461308,304.4537712930687,1907265
2021-10-26,316.43243408203125,321.1750150699847,299.22225897031467,299.22225897031467,1010879
2021-10-27,318.4859313964844,322.6906767631092,311.39651501305246,318.77927462052605,305739
2021-10-28,309.53857421875,324.3041232322397,307.4851119731902,322.9840190446441,341727
2021-10-29,301.86248779296875,309.00078513312565,293.59963840576256,309.00078513312565,1167197
2021-11-01,302.6936340332031,306.9962004433112,299.27115701529164,302.1558281527553,431162
2021-11-02,319.9037780761719,325.3797467241527,309.9786016876226,316.6768834337407,1506192
2021-11-03,337.1140441894531,340.3409397098695,318.82822332939674,323.66859645165766,1604013
2021-11-04,340.9275817871094,344.4967302582136,339.6563880330054,341.02537280857047,424551
2021-11-08,346.8924560546875,349.0926196237447,337.74954814383517,343.61665099465444,850320
2021-11-09,365.1783142089844,374.6145664196057,341.02539273657965,348.4570631774451,3263137
2021-11-10,390.7491149902344,400.91875550295845,364.7382824453744,370.06758027834735,5717263
2021-11-11,394.75830078125,407.47035863356547,386.34877961831484,395.6872409500937,1951823
2021-11-12,420.133544921875,425.9517684907801,389.7223823547227,397.39851627484325,3407736
2021-11-15,413.6307678222656,423.8981982292013,398.1318311920416,423.8981982292013,1426928
2021-11-16,427.3206787109375,449.7134497276927,406.6391461100728,413.4351893424885,3087752
2021-11-17,456.0695495605469,488.82754722396294,429.3253275894012,430.1076260355977,5651248
2021-11-18,439.4949645996094,478.5111976150452,432.94335363560793,463.5011849198829,3089988
2021-11-22,421.5513916015625,442.72185072012917,414.70643753189734,441.9884627840936,1324504
2021-11-23,453.2825927734375,461.0565162783024,412.6529159479186,412.6529159479186,2807173
2021-11-24,469.074951171875,488.8764260926864,459.63866887951565,464.479041352367,3004591
2021-11-25,465.0168151855469,481.59139387589744,461.34987563826843,471.32396314351786,1156680
2021-11-26,453.13592529296875,474.20862191758596,446.584344709706,461.5454457387378,1788409
2021-11-29,432.06329345703125,450.7891264734478,416.5643554830559,444.92202287509497,1676835
2021-11-30,483.69378662109375,496.7480979185796,434.1656603855302,435.14351097198414,4415491
2021-12-01,495.3791198730469,519.238668542058,487.0673897739744,492.7878217516625,3519248
2021-12-02,478.3645324707031,499.53499230278993,472.30184672515577,496.7481120836007,2007792
2021-12-03,486.8229675292969,493.0323253222942,474.4531623823355,480.12468439577435,1380149
2021-12-06,477.3866882324219,499.48608853831337,474.5020169449442,480.1246580524835,1472124
2021-12-07,487.4585266113281,493.2278392127245,480.22243810237507,485.94287011017246,908320
2021-12-08,496.2102966308594,502.6152060948314,489.12087981337396,495.7213713331018,1215141
2021-12-09,490.29425048828125,503.5930236839903,486.9695646497615,503.5930236839903,695098
2021-12-10,489.2186279296875,494.3523434189905,484.18270346564987,489.26753836313577,610808
2021-12-13,501.4906311035156,515.0827776329141,488.92527539906416,493.8145281530548,2734103
2021-12-14,505.4998474121094,519.2386355304533,496.79695375307824,503.1041016580381,1463312
2021-12-15,492.39666748046875,514.7405899445462,488.9253097181232,506.52662086797557,1080257
2021-12-16,494.05902099609375,505.45100448266936,485.89396242941524,497.77484137964893,825434
2021-12-17,470.9328308105469,501.63733210975755,469.07492073402204,497.6281388867531,1486547
2021-12-20,446.6332702636719,476.11546046053354,441.9395992287527,468.19486447767883,1730426
2021-12-21,470.8350524902344,473.7686042191455,453.9182494568328,454.70051798122324,1406999
2021-12-22,490.587646484375,495.57466055444917,475.9198878273771,479.1467827952641,1304382
2021-12-23,502.41961669921875,508.4823022394961,493.8145435210491,495.0857373399952,1215889
2021-12-24,527.1592407226562,532.9285832031152,500.46393096858435,506.5266166958049,3335832
2021-12-27,543.5872192382812,547.5963831703277,515.1317285171473,532.9286229068367,2788256
2021-12-28,568.326904296875,581.7234723679678,549.5521567557525,549.5521567557525,3277276
2021-12-29,557.0325927734375,579.669797321662,549.8453553810774,571.5536496482537,1536114
2021-12-30,584.412353515625,591.5995305506655,547.6940208563302,557.032540531462,2011683
2021-12-31,599.3734741210938,606.1695470124429,588.1770739928901,594.6308634003069,2305039
2022-01-03,594.6798706054688,617.0237331053108,588.7149460919563,602.3559739982115,2048224
2022-01-04,594.6798706054688,599.8135862929536,578.4963953106909,596.8800344715337,1295393
2022-01-05,581.0387573242188,595.6576336895878,577.9096239044976,595.6576336895878,1052466
2022-01-06,616.4859008789062,637.5585686261393,581.6743849415095,585.732488661131,4532927
2022-01-07,695.4962158203125,733.3879252938269,632.8648989368721,643.4256731244508,10670785
2022-01-10,729.0364990234375,783.2583264422672,704.1501894488874,708.9416812367587,6956266
2022-01-11,710.5062255859375,749.0335632889903,704.6880622338944,736.3215054263834,2970622
2022-01-12,698.4786376953125,721.9470509546813,690.0202662263717,716.764454963223,1924412
2022-01-13,677.99267578125,726.9341450576944,672.761199051466,698.4786573692517,2968214
2022-01-14,668.7030639648438,701.1188330481128,660.1468717902677,681.5618223633677,2705409
2022-01-17,712.8041381835938,715.7865702898163,671.2943722731679,672.369983956311,3855318
2022-01-18,698.5765380859375,720.5781780212458,695.887448760511,717.7423872229432,1515300
2022-01-19,683.6643676757812,695.1051735692818,667.8720543761547,694.2740243148899,2392297
2022-01-20,670.0721435546875,692.7094094904397,666.3074425061617,687.4289922202778,1765278
2022-01-21,658.6312255859375,696.0828896898394,652.1774358334545,669.8276263127815,3585597
2022-01-24,617.1703491210938,683.2241365514524,596.4887877701856,660.0490684342218,3347587
2022-01-25,634.0383911132812,647.3371362012074,582.0167241223917,611.694467747131,3173710
2022-01-27,619.0283203125,644.7457795679372,612.9656345587002,634.6250495690708,1879733
2022-01-28,625.2376098632812,647.3370064519331,622.0106555890461,630.7135485823216,1737782
2022-01-31,631.9359741210938,644.4035697420514,628.904661019893,639.5143165573622,1424905
2022-02-01,609.1031494140625,643.3279196724129,601.3781059681583,640.4921291205587,3213931
2022-02-02,615.7036743164062,638.5364627004592,612.6234209522783,622.89085258835,2586617
2022-02-03,608.0275268554688,620.9351674702439,606.4141090806642,617.7082722373669,1211245
2022-02-04,609.6897583007812,616.485830895316,601.3780294386215,610.1786835279671,1092654
2022-02-07,612.916748046875,623.8686867732782,607.2452264674072,612.7701062658996,1483326
2022-02-08,600.3026123046875,617.9039261860441,592.0886419534113,615.752642552779,1260852
2022-02-09,593.261962890625,609.1031543319,588.6660531964585,601.5736928776182,1129625
2022-02-10,596.1036376953125,599.6801856006588,588.4116853810386,596.7405768477144,867617
2022-02-11,566.5604858398438,591.204164791731,564.894695937362,584.0021487921383,1717365
2022-02-14,528.884521484375,554.116159146668,526.2388620788768,534.5677521809929,2203862
2022-02-15,565.1396484375,572.1947197290948,522.1233599871125,539.9080126381664,1942044
2022-02-16,580.4257202148438,595.7607030228144,574.105609286194,580.7687104508085,1755003
2022-02-17,565.7275390625,585.6679159990355,563.4248700379795,582.9732753162451,809128
2022-02-18,549.9517211914062,562.3960749952525,546.8651085440857,559.505448196513,791720
2022-02-21,529.7174682617188,547.5021249685284,520.4087073002852,541.181954249204,1310508
2022-02-22,560.2403564453125,566.3645404904078,499.9783854415753,501.693156974202,3263475
2022-02-23,559.8484497070312,585.961997428052,553.6263019178083,567.344475770639,1699117
2022-02-24,532.4120483398438,552.6463766559585,520.8496006477006,520.8496006477006,2762058
2022-02-25,554.8021240234375,576.1632672068849,542.945667164709,559.0155509209657,1560537
2022-02-28,557.0557861328125,563.1309887256372,538.9282011838995,554.6061124910675,950006
2022-03-02,552.6953125,568.177236761536,546.9631005426196,553.1362656828326,1236561
2022-03-03,555.6840209960938,567.8344278440866,553.6263187781,562.4451450949193,843878
2022-03-04,535.2047119140625,552.8913437355325,534.0288565987864,550.6866374468219,1089982
2022-03-07,531.28515625,550.1966221285644,517.4199814759057,519.3307386075497,1281374
2022-03-08,542.6517333984375,547.747066912409,523.6423004127415,537.7034042364659,1291579
2022-03-09,565.6786499023438,568.3243095113667,543.0436883944001,549.6578075137134,1487687
2022-03-10,577.633056640625,596.4465625586654,573.32160701961,582.0424692867366,2331416
2022-03-11,566.1685180664062,577.6330018195407,561.9061101689563,577.6330018195407,954117
2022-03-14,554.1162109375,570.2350764265111,552.6464066644562,566.2175755296314,829227
2022-03-15,549.8536987304688,566.8544076919848,546.767086416815,557.2027187091894,713192
2022-03-16,565.1396484375,567.7363261413822,554.6060529096228,560.387306005654,1070459
2022-03-17,572.9786987304688,588.4116435872535,569.8431043220781,575.9183072746182,1361414
2022-03-21,579.8867797851562,589.8814610195429,577.1921385595687,578.1230265806151,1227301
2022-03-22,588.9015502929688,596.4465571581858,571.2638998682208,582.9733519726146,2576748
2022-03-23,586.5989379882812,607.2251803343122,584.7861434122931,593.8009553558921,1948422
2022-03-24,590.2243041992188,594.6337164621027,579.6417267295935,582.0424187006822,883667
2022-03-25,580.376708984375,595.7606725223183,577.1431515059959,593.2130356742596,804734
2022-03-28,562.9840087890625,582.924388981144,559.603447055615,581.6015292733665,1079193
2022-03-29,560.9263305664062,573.1257183101021,556.9088295654171,566.2666315248182,873135
2022-03-30,585.5698852539062,587.9215955587322,564.9436479043495,565.1886152358323,1361207
2022-03-31,588.9505615234375,602.6197532536598,586.0109529709806,590.1753984202945,2496193
2022-04-01,596.005615234375,600.6599952958026,587.0888268287614,591.645184057635,1516439
2022-04-04,610.5076293945312,621.7271462005822,602.6196925348434,605.5593007911108,3451282
2022-04-05,610.1647338867188,622.2171164648187,603.1096617072377,616.8768158661462,2453214
2022-04-06,609.0869140625,617.3178425524636,602.6197986821669,608.4990162302856,1981390
2022-04-07,589.489501953125,610.7037017986096,587.921734583499,610.4587344091998,1836392
2022-04-08,602.9136352539062,604.334457857917,591.2041838578273,592.8209923048881,1168261
2022-04-11,586.7947998046875,603.9425152847367,584.9820652336765,602.9136643172308,1491101
2022-04-12,558.4276123046875,583.0223110850077,544.0725012268076,583.0223110850077,1939425
2022-04-13,560.5343017578125,570.9699352269643,551.9114626383854,562.8370308280329,911053
2022-04-18,536.33154296875,552.1564592002794,530.1093956119807,552.1564592002794,1593625
2022-04-19,535.1067504882812,551.1276539085582,529.1295700089256,544.8074831943752,1202528
2022-04-20,533.6859130859375,547.453066722263,530.1093657162746,537.9483212167002,660802
2022-04-21,534.2249755859375,541.4759755252622,530.5994457130248,537.5564967018973,746925
2022-04-22,531.481201171875,545.2483546610805,528.1496211972027,533.0489683326127,683058
2022-04-25,513.79443359375,527.1696732026144,512.4716339869282,527.1696732026144,867300
2022-04-26,510.90399169921875,527.1698018101711,509.5321504484925,525.9449649100545,1100622
2022-04-27,574.7423706054688,582.0424094189043,495.127983795223,495.127983795223,10369157
2022-04-28,562.2001342773438,587.9217090482026,546.914193764686,582.4344636863483,3102545
2022-04-29,542.70068359375,562.396095881142,536.5764993886816,562.2001100252825,2188778
2022-05-02,526.6309204101562,538.8792902224378,524.2302279656504,529.3745432868087,955537
2022-05-04,519.5267944335938,543.6805404960289,513.5005733925451,531.0402604729176,1061141
2022-05-05,537.3604736328125,543.5336397042905,523.4463143595432,528.6396109020092,1031973
2022-05-06,531.7261962890625,538.6342641493511,514.5294391007764,517.3710845102645,1016778
2022-05-09,512.6676635742188,527.1207367035969,509.5320696458713,520.3106326576109,933661
2022-05-10,499.1944580078125,523.7401735437494,494.34409270874005,509.238118959774,697814
2022-05-11,474.2078857421875,509.0422366549683,469.2105450032316,504.63282363293297,1456362
2022-05-12,470.3863525390625,491.84551901463794,462.0084800789916,465.48700492422694,1126248
2022-05-13,486.652099609375,499.243426554146,474.99166049484256,485.0353211860692,1171080
2022-05-16,499.14544677734375,503.652851820981,489.10178582176974,499.7333743749034,589068
2022-05-17,494.1481628417969,506.49455407472493,487.974997128576,505.61264762719924,1464328
2022-05-18,505.7596130371094,522.2214069406273,496.5488167853944,496.7937841345732,1369032
2022-05-19,491.9924621582031,494.3441428830438,482.73268379404226,487.97499138901054,781813
2022-05-20,497.43072509765625,504.3388227285649,491.1595665379696,501.448195861957,490768
2022-05-23,488.4159240722656,500.71327332471697,486.9951014528069,497.5776792212695,607359
2022-05-24,477.14739990234375,490.2286320204397,473.5708527925974,489.9346831718326,600672
2022-05-25,447.3104248046875,485.035400390625,443.537921265445,480.1360529119318,1413681
2022-05-26,451.0339050292969,460.44065792089424,431.5345085591247,448.780217209846,1072712
2022-05-27,466.515869140625,474.89374130034787,453.0426636828437,459.5587897963219,1332350
2022-05-30,511.1979064941406,514.4314637334538,475.8246131977251,476.2165549989687,2204359
2022-05-31,519.6246948242188,521.9764051437271,503.6528366731178,513.4515299936064,1767883
2022-06-01,532.7550659179688,538.9282318855417,520.3107111476776,521.9765012802579,1493360
2022-06-02,526.18994140625,533.7839303185376,521.6825654583271,531.0892890915968,752461
2022-06-03,541.1819458007812,561.7592065521911,532.3141382477816,535.0087795366567,2653372
2022-06-06,527.5618286132812,539.8101988930613,514.9704680817702,539.7121760469257,864218
2022-06-07,519.6737670898438,526.6308764463271,514.5294521981397,525.2100537054159,768545
2022-06-08,518.0570068359375,530.060407984442,514.9214125338062,524.328135633713,717182
2022-06-09,514.92138671875,516.6851397357477,508.7482212560161,513.1576337017523,461921
2022-06-10,499.7334289550781,511.49186257755053,497.18576235622714,509.5321236404718,731367
2022-06-13,477.3923645019531,488.90582949036184,474.74670526672503,479.05812447322586,1019122
2022-06-14,460.8816223144531,487.9750078329639,457.59905353010873,474.7467696688173,1151215
2022-06-15,471.5621643066406,475.23667467786123,463.4782414899554,467.15275186117594,573447
2022-06-16,460.2936706542969,494.4911082198644,456.178207034143,487.1910988145516,1976162
2022-06-17,459.0688171386719,466.0748774174505,446.3305148488048,455.63927421447687,977849
2022-06-20,445.30169677734375,468.3776110508751,442.46005136510985,461.4205317680063,913763
2022-06-21,460.93060302734375,464.8500809950988,449.17216912407866,453.48358890796044,1131883
2022-06-22,465.3890686035156,474.15888339542994,452.7977385301145,460.34271634802576,1103784
2022-06-23,482.9286804199219,487.97500227403475,468.37761262447515,469.3085005941266,995301
2022-06-24,486.21124267578125,501.69316833094683,482.14476045519183,491.89447363698304,1122557
2022-06-27,494.24615478515625,510.2180450912627,491.9924669650075,494.88306396013365,956794
2022-06-28,505.9065856933594,509.189184238771,486.9951172464928,493.8052218936311,957846
2022-06-29,513.8925170898438,515.4113026935188,496.8427656637012,501.49714529829095,1344232
2022-06-30,507.22943115234375,523.0542864628137,501.6931449852839,515.2153310724187,871481
2022-07-01,489.2978210449219,504.58379060823324,485.4273247149377,501.69316373867616,940281
2022-07-04,489.98370361328125,499.1945003113996,485.86826988956676,492.09044684091526,504958
2022-07-05,492.4334411621094,499.73348143058,488.75893026923745,493.854264001985,605554
2022-07-06,493.85418701171875,497.1857370545622,485.03536224365234,494.3931032306928,562495
2022-07-07,497.0877685546875,504.0448776529759,492.38440707526576,499.6354351490589,496666
2022-07-08,497.185791015625,512.4717615866206,494.8341101362206,500.71332728635394,809698
2022-07-11,488.17095947265625,493.16826961732085,480.3320040730358,491.8944513261792,1371697
2022-07-12,481.7528381347656,493.21732335173374,479.2051714306345,486.0152764797022,864420
2022-07-13,484.6924133300781,489.7877463879398,480.1360264070677,484.055504173656,439289
2022-07-14,473.57086181640625,488.3179140028248,470.33730480715326,486.7990985141074,629049
2022-07-15,480.8219299316406,483.81051966141723,471.1211988806466,475.530611211738,479651
2022-07-18,493.26629638671875,497.38176021520525,483.2226340917932,486.01526812517733,977023
2022-07-19,495.7159729003906,497.2837700773424,489.9347488446723,491.3065601607886,504848
2022-07-20,521.780517578125,532.5590822604901,500.2723697279261,501.7911555173252,3726059
2022-07-21,523.6422119140625,529.129456428507,519.4287258047258,524.8670486187581,1155556
2022-07-22,522.956298828125,532.9019371276698,516.5381663656292,525.9448884687472,911884
2022-07-25,519.8697509765625,531.0892687066632,517.3710957142401,524.2301822104517,981604
2022-07-26,509.9241027832031,534.0288681380314,499.73343623925876,522.5643832277157,3483599
2022-07-27,516.5872192382812,533.9799030948185,511.8348162161228,512.7657042148128,2704456
2022-07-28,525.2100830078125,532.5591046916904,520.5557026080231,524.2302134499621,1439333
2022-07-29,536.9195556640625,550.0988136565725,526.5329020901411,529.1295804352449,2607171
2022-08-01,535.6946411132812,542.2597783998358,531.0892427297887,538.9281983420365,1217632
2022-08-02,521.4376220703125,534.7638244651238,519.8208133371473,531.7262526830176,1109694
2022-08-03,526.77783203125,530.1094123345063,512.5207424223685,521.2905866209933,1262612
2022-08-04,509.7771301269531,534.4208730744275,505.8086704361337,530.1094231594072,1735339
2022-08-05,525.1121215820312,527.1698237372192,510.5120412027718,513.4026683685772,1390318
2022-08-08,520.70263671875,527.9046530747636,517.3710567489098,525.1120491342236,548772
2022-08-10,513.2555541992188,522.6623358546619,510.56091348340846,520.8005601647833,475492
2022-08-11,539.5160522460938,541.3778279752977,517.4200098710224,517.4200098710224,2792400
2022-08-12,560.2610473632812,570.8301559307818,543.3505216617692,543.6946081700248,4350472
2022-08-16,554.2637329101562,569.9453529648466,551.854947257749,565.3244282453921,1430894
2022-08-17,555.5418090820312,572.2066009568817,548.1188660368756,555.4926624409591,2595353
2022-08-18,572.5999145507812,575.1561400589098,545.8575999686423,557.950614501592,2556656
2022-08-19,561.2933349609375,582.4315486333678,557.1639974977262,575.5984861655434,2297524
2022-08-22,550.2327880859375,561.3917775238388,546.9391225631954,561.2934842280447,1179825
2022-08-23,546.300048828125,553.9687854877715,536.5666130625004,545.611815792799,1308038
2022-08-24,558.1472778320312,566.1601011129094,545.6609697655044,545.6609697655044,1090404
2022-08-25,556.57421875,568.9622347207621,553.526406412433,567.9790617075962,876543
2022-08-26,557.0657348632812,568.2739298003032,555.492682244241,560.4085466888804,667910
2022-08-29,541.0892944335938,545.5627800686706,530.3727435919858,533.1256162848703,1226458
2022-08-30,552.1007080078125,559.2287112489636,543.0555056863851,543.6945920491803,1014001
2022-09-01,560.6543579101562,569.257120964455,547.8731099437695,550.5768354751206,1677721
2022-09-02,554.7061767578125,567.8806579591356,551.5600113935175,563.6530263796672,1046948
2022-09-05,547.4306030273438,559.1795299887281,545.4642574273834,554.7061057504393,841598
2022-09-06,551.8057861328125,556.4758573740256,545.7592488383132,550.4785267306596,651538
2022-09-07,539.5652465820312,551.4616740389047,536.3207881876506,547.9222157838553,1564784
2022-09-08,549.5444946289062,554.4112123984952,543.7437506193986,546.6932692666512,1033841
2022-09-09,563.3088989257812,565.914270985056,549.5936256053847,552.5431441685621,1809385
2022-09-12,583.7589111328125,591.3785011307566,565.3244192023026,565.3244192023026,5154807
2022-09-13,595.5078125,604.5530148014155,587.9865161279062,588.9205423452674,3824826
2022-09-14,594.4755249023438,601.7018217981451,572.8457208507764,580.0720177465779,2901814
2022-09-15,584.0046997070312,604.2580373434582,582.0383539167718,598.7522931339764,1245331
2022-09-16,563.1614379882812,586.757588127523,555.9351410113836,584.6929489935845,1537309
2022-09-19,561.637451171875,566.0617286865769,547.6272390419857,564.3411763197483,1164363
2022-09-20,564.7345581054688,578.1056860238637,561.4408927669612,569.4537761938367,894635
2022-09-21,589.4121704101562,592.7549823690222,564.2921140982185,572.2066441679916,2434486
2022-09-22,653.7608642578125,662.6585674421713,590.8869421850815,590.8869421850815,16988105
2022-09-23,649.8281860351562,672.1953710858603,639.9473096956991,659.2666225368224,6875574
2022-09-26,634.5398559570312,661.2821126129852,626.2811790433236,640.0456005607592,5347168
2022-09-27,641.1270751953125,663.346820511465,638.2759095628938,640.0456089223462,3374301
2022-09-28,634.5398559570312,648.8941572505394,629.4764911812997,638.8657810004988,1936990
2022-09-29,638.1775512695312,652.2861194037558,631.6394870193338,642.2577431011276,1988504
2022-09-30,648.7957763671875,656.759452309615,630.2137858240467,635.1296499880408,2612142
2022-10-03,647.1735229492188,662.6584952036056,642.208512101021,648.7957821410167,2048822
2022-10-04,643.92919921875,661.3805208052894,639.0624806338375,658.4310016639025,1229492
2022-10-06,652.925048828125,658.6274992174173,646.534425468083,648.8940642504182,1340458
2022-10-07,669.9832153320312,681.4863507894701,651.0571361419068,653.8100083861201,3789910
2022-10-10,646.583740234375,661.6754216126348,641.5203753376585,661.6262749648071,2176544
2022-10-11,634.687255859375,649.975582507336,631.6885905052914,649.8772892202297,1504923
2022-10-12,661.331298828125,663.6417312224688,632.6717837654203,632.868430354072,2818472
2022-10-13,655.1864624023438,670.9663758753693,651.6470038611061,662.6585526425456,1502500
2022-10-14,658.4800415039062,676.373800060767,655.383022904563,671.507082265275,1739517
2022-10-17,663.1500854492188,665.3130777147222,643.9782149284481,658.4800144249284,1102947
2022-10-18,649.139892578125,667.5743840371781,647.861779838586,663.6416925259135,1313671
2022-10-19,638.6199340820312,656.415399267275,604.9462628429194,649.8772755927871,8694486
2022-10-20,641.9136352539062,647.6651729382336,633.3108720459979,638.6199699065816,1898979
2022-10-21,699.969970703125,706.2130947267842,645.1580805456578,646.4361933369448,10885981
2022-10-24,700.8546752929688,714.6683005248304,697.069484184629,707.8843845034314,1020778
2022-10-25,720.468994140625,729.1209025184417,702.4769444440974,706.9012219108552,4280540
2022-10-27,721.4031372070312,751.3407649196646,713.7835470014375,720.8624040972892,4151722
2022-10-28,709.5558471679688,736.6422467762029,694.1200216536527,725.4832590998866,2929332
2022-10-31,697.3153686523438,722.6320704398628,694.9557297252143,715.7498602451974,1650152
2022-11-01,705.2791137695312,710.7849184668491,696.1356170497677,700.8056887085405,1114062
2022-11-02,696.7255249023438,708.9168333004231,691.4163670462017,705.8198745577683,998536
2022-11-03,687.4345092773438,706.1147945294014,683.7967575161101,688.2210356021237,1192540
2022-11-04,683.2559814453125,693.579296330065,675.8821850990606,688.2209923168336,1118419
2022-11-07,678.4384155273438,700.8547445845734,673.5716979011029,684.3374526480941,1170259
2022-11-09,663.9365844726562,685.025653181479,660.692126211631,679.4707028194633,930521
2022-11-10,652.7285766601562,663.4942729699646,646.9278319750659,659.7090809350597,763477
2022-11-11,677.750244140625,682.3220223280572,665.1164958284304,672.490292899699,1590280
2022-11-14,671.2612915039062,682.2236932446367,664.6248744879395,680.355640748009,728161
2022-11-15,679.1757202148438,680.797979247264,665.4113017854423,672.4901575507549,705309
2022-11-16,665.4605712890625,680.0607252522532,661.0362931198738,680.0607252522532,543274
2022-11-17,684.0917358398438,691.8588262529024,659.8073516455155,662.6585772422371,1787535
2022-11-18,674.7515869140625,689.5483278829787,668.0660228226843,686.0089292487535,928162
2022-11-21,671.7037353515625,682.3219906394299,667.1319573764544,674.4074608187937,593612
2022-11-22,671.9004516601562,682.0762681986841,669.0492259592138,671.9987449568298,622028
2022-11-23,714.7667236328125,722.632107111578,673.5717536595329,675.1448663601542,6881215
2022-11-24,706.1639404296875,721.0590339734958,702.6736886115739,720.6165941637379,1366119
2022-11-25,706.26220703125,717.6670483260165,703.9517747904192,709.8508120093333,1064805
2022-11-28,702.870361328125,710.4899516404314,698.0527899016147,704.9350005062785,648702
2022-11-29,706.0164184570312,709.2609369552599,693.6776108612762,702.8703132594072,1232529
2022-11-30,702.8211669921875,712.2105167738863,700.5598811840749,708.4744115165265,852155
2022-12-01,700.5106201171875,717.5194975584118,697.0695153166118,710.8830811573016,2004198
2022-12-02,706.9013671875,709.654239508721,698.5935435687219,700.5107428666116,760559
2022-12-05,706.11474609375,709.8507908862666,700.0682091210463,709.8016442458601,556824
2022-12-06,703.3618774414062,720.8131954432616,700.2648589758618,706.4588358988424,1112308
2022-12-07,698.298583984375,706.7047006600719,694.2183922605589,703.9026817708777,559608
2022-12-08,702.0836791992188,705.9180771591754,694.6607364897651,701.0022131121059,560349
2022-12-09,685.517333984375,706.9013454783301,681.8304354509345,705.6232326550269,1273739
2022-12-12,672.4902954101562,689.2042355007595,668.6558969155368,686.2547166612413,890689
2022-12-13,666.0013427734375,678.2417973041331,664.1824369136477,672.4902598742427,666285
2022-12-14,671.8511962890625,679.3233465461022,659.9056812197349,669.344117324496,967720
2022-12-15,683.5509643554688,708.8676667390047,671.851182745852,674.7024081825824,3242482
2022-12-16,690.7772216796875,696.5288188676514,675.4397491946677,679.4707338838524,1889828
2022-12-19,698.1019287109375,707.6878648026881,688.8109324973104,691.1214248935236,2281423
2022-12-20,692.4977416992188,706.3605142646057,689.6957232061851,698.9375715831097,770442
2022-12-21,692.4977416992188,715.7498025575235,683.3050999690644,696.2338463674048,2344372
2022-12-22,699.0851440429688,717.2738443971281,682.3712031769845,698.544410898928,2301597
2022-12-23,639.5047607421875,692.9401785008789,612.0742155768854,691.1704794597865,2857330
2022-12-26,677.6519775390625,680.6997897786466,639.9964643470026,639.9964643470026,1618098
2022-12-27,685.2224731445312,695.005057049982,677.4062353504024,683.0103337692941,741070
2022-12-28,688.2210083007812,691.0722336241284,675.4889076455948,683.7967303902763,662900
2022-12-29,689.84326171875,696.0863853809998,676.4229281668472,687.2378296346311,625008
2022-12-30,692.3994750976562,706.606334689141,689.3024566371072,695.1032004175264,662649
2023-01-02,685.0256958007812,696.872916858936,682.4202636972545,695.8897439909048,404987
2023-01-03,680.1098022460938,691.4654363824448,677.4060769751479,685.0256663750861,524130
2023-01-04,669.6881713867188,679.3723993863061,664.2807210298089,679.3723993863061,838579
2023-01-05,671.2122192382812,678.3893701381189,665.8047677371803,671.2122192382812,571885
2023-01-06,704.5909423828125,707.8354012256078,667.623602211234,671.0155610047494,2688877
2023-01-09,703.5585327148438,741.9022774213914,698.1019348928425,708.1303108946393,6183258
2023-01-10,707.3438110351562,715.1108415566121,694.1201224792193,706.9013711934258,1393835
2023-01-11,691.2197265625,710.7357455138131,689.2042340280921,709.8508658606027,836999
2023-01-12,680.8963623046875,699.0359138427349,678.4875767602881,694.7099291912376,867422
2023-01-13,680.7489624023438,687.1887331079915,665.6080752400196,683.5018346114626,1673248
2023-01-16,681.5845947265625,692.5469962721089,676.4720837814452,684.1900268452416,634770
2023-01-17,690.4331665039062,696.0864106582636,680.355644315704,681.5846104362164,956920
2023-01-18,680.945556640625,696.0864439732319,673.9650527452691,691.6621657276394,619850
2023-01-19,683.6983642578125,685.3205633139514,674.4073696340956,677.4551812000076,632608
2023-01-20,685.0256958007812,691.0722329424174,675.1939671204686,687.1395414702923,470408
2023-01-23,686.0580444335938,689.6957962013531,678.4384543829017,688.4668300641447,389484
2023-01-24,690.4822998046875,695.3981641917464,685.9105819295887,689.4991269272757,830672
2023-01-25,695.1032104492188,703.558473022868,676.1771329369876,689.0566733706389,908511
2023-01-27,685.6649169921875,705.770758090399,676.8655060914365,695.0542077265029,986918
2023-01-30,697.3645629882812,712.6528903932465,676.5212844001843,688.221066534517,1172465
2023-01-31,750.0626220703125,759.3535578778673,689.8924291777419,697.3645191413473,4110246
2023-02-01,730.1041870117188,765.8917053334997,721.9930104147978,761.9590136501441,2995906
2023-02-02,774.2485961914062,799.3195031156995,728.1869735513887,730.1041125449964,6672636
2023-02-03,765.2526245117188,787.4723686895658,757.7313876173262,771.7907484862168,2260046
2023-02-06,763.237060546875,805.759285701741,760.0908954702114,770.8075033853166,3855942
2023-02-07,765.7442016601562,778.6238028652427,762.1556565214513,766.7765812284958,1266458
2023-02-08,789.6844482421875,796.3700116469848,765.1542735361309,766.8748260304299,2132640
2023-02-09,803.498046875,816.0335012618538,792.4864984708082,793.6663179441343,2842171
2023-02-10,842.5501708984375,847.0315467098202,802.7101285680274,805.6156557802767,3862427
2023-02-13,807.93017578125,859.6384957370232,804.3844864587619,847.0315268945695,2963766
2023-02-14,821.916015625,834.227519753595,810.14620565511,811.9683443350018,1685164
2023-02-15,831.3220825195312,842.8948976500025,799.1644663322345,822.4085645909314,2129885
2023-02-16,853.0888061523438,861.8053274180357,833.3411045579782,835.2124773148506,1946554
2023-02-17,843.1903076171875,862.9380091955638,835.212476638599,848.1149094841603,1084471
2023-02-20,815.4156494140625,848.2627217638873,812.6085901149789,842.1069690660361,1033309
2023-02-21,809.7029418945312,832.7501005992449,805.3693287113058,818.7149865442013,1319818
2023-02-22,799.115234375,820.438787532654,795.4217824503331,801.7252977810089,1365678
2023-02-23,811.1311645507812,815.5140722519004,800.0015763123263,802.7101073493948,1319393
2023-02-24,821.128173828125,832.9964529767578,816.5975037850458,817.3854882202055,1386710
2023-02-27,804.48291015625,820.4386314584675,793.1563264086242,820.4386314584675,968555
2023-02-28,817.1392211914062,833.5381095273809,803.5472717910775,808.6196358180608,1357971
2023-03-01,831.2728271484375,837.1823496163173,813.5934937424092,818.3703938061416,943939
2023-03-02,833.4396362304688,843.3380740104994,822.506983961296,830.2386450006479,854661
2023-03-03,824.8215942382812,849.6908341343192,822.3592932584755,839.1521739177966,890758
2023-03-06,822.6055908203125,837.1824017932877,817.5824603406878,829.204570010344,592045
2023-03-08,809.801513671875,823.393402309047,806.4527604778215,823.393402309047,682924
2023-03-09,813.2979736328125,821.8667926440861,809.6045223447434,814.3321279705184,619748
2023-03-10,810.6879272460938,819.0105163415992,803.0055604328458,812.5592999828707,880339
2023-03-13,780.7463989257812,813.4950016311161,776.1172611068853,810.589474480922,892370
2023-03-14,766.7605590820312,785.9172735765922,756.4188945086705,780.5986791786689,1070179
2023-03-15,834.5230712890625,841.9099745403786,768.7796323523493,778.136376470683,5697021
2023-03-16,803.3995971679688,827.2346833119349,794.3875512953139,827.0376872053358,2959393
2023-03-17,856.0927734375,865.5479846764295,813.0517424616984,813.0517424616984,8212277
2023-03-20,876.1851196289062,881.5037135667242,839.2013724960715,855.304856293218,5786626
2023-03-21,864.169189453125,891.0575045507737,860.6726739152225,885.4434462059354,2081037
2023-03-22,881.3068237304688,891.3037905377748,866.9270089274739,868.6998537489045,2187204
2023-03-23,868.1580810546875,878.5489790416999,862.8394869562852,874.6092975213336,1052678
2023-03-24,872.688720703125,900.118790298788,863.7752029803866,868.9952691510424,3318023
2023-03-27,859.343017578125,880.4203374133411,853.9751895714455,878.0565044938664,1341967
2023-03-28,875.5449829101562,891.1067128749609,861.9530937032958,863.5781762597383,1838926
2023-03-29,882.439453125,895.1941844540221,876.7761607690239,879.7801559957613,1565811
2023-03-31,911.1498413085938,932.3749240976209,887.4625176253802,890.3188108416788,2707463
2023-04-03,798.9674072265625,914.4493193168277,748.5394728238939,914.4493193168277,11793483
2023-04-05,803.4488525390625,830.0417045385167,729.8260493183516,759.0289645414392,13319603
2023-04-06,784.1936645507812,804.5322355212288,780.0569866893227,803.4980810845574,3822053
2023-04-10,787.78857421875,799.9031434816061,751.6912768795994,778.0871321236236,5533042
2023-04-11,824.3783569335938,830.5341093001828,788.6749932073777,789.9061436806955,3923132
2023-04-12,838.6104736328125,851.9561328234514,818.518073737658,827.283889207992,3867334
2023-04-13,855.9943237304688,858.3581568140758,822.8517872499419,829.3030040590381,3121347
2023-04-17,845.652587890625,856.8807039189178,810.5894475003096,844.7169616505735,3010498
2023-04-18,853.6797485351562,862.1500398482357,842.402398040062,846.0466155081617,1689374
2023-04-19,840.4818115234375,858.850601296619,833.3411385195378,855.895840053626,1049644
2023-04-20,843.48583984375,858.6043436732473,839.447630205562,842.1069272619746,1114666
2023-04-21,835.9019775390625,851.9069344609863,832.2577599400393,843.0918846256493,624965
2023-04-24,836.8868408203125,850.9711899269366,828.0225575919069,837.1823049049724,893943
2023-04-25,839.1521606445312,846.637531458833,835.2124791391578,842.1069217735612,578268
2023-04-26,891.8455200195312,900.709804591785,842.1070343641073,843.3874190015886,6855859
2023-04-27,905.6834716796875,934.4923911493219,893.322733639601,895.2925742870974,4410295
2023-04-28,902.9749145507812,928.2873781585345,896.7699287144251,917.945715059686,1332189
2023-05-02,921.196044921875,935.6743869320942,903.46747759053,907.4563932171285,1823170
2023-05-03,908.4906005859375,924.2985609756759,904.5016248759651,921.8854939738372,795104
2023-05-04,895.5388793945312,920.9005798558006,892.3378880741768,912.528756402566,1267402
2023-05-05,871.2112426757812,900.02016156102,866.7791013088214,896.3267104218869,1413402
2023-05-08,869.8324584960938,883.4735817265661,861.3128731548295,875.5449846827431,892457
2023-05-09,867.2716674804688,889.2353809165188,864.316906207957,874.7078046600025,1369218
2023-05-10,882.7349243164062,886.4283758825836,869.5369666740236,870.7681171960827,1315511
2023-05-11,884.2122802734375,895.6866268648041,878.3519919289831,890.3680327119882,754565
2023-05-12,885.0987548828125,897.2132639629506,881.848469421873,885.4434529821139,978246
2023-05-15,907.01318359375,911.0513330239489,881.5037222231723,887.3147763932323,1318656
2023-05-16,913.21826171875,920.9006292769288,906.6192826196931,911.0514246857318,1253828
2023-05-17,919.0784912109375,924.3477912815518,913.5136669298236,914.991047523241,933709
2023-05-18,926.8594360351562,940.5006211987625,917.4042231634137,925.3328212641156,1292090
2023-05-19,929.5186157226562,934.6894477571399,917.9458011692881,934.6894477571399,620820
2023-05-22,924.6431884765625,932.5717850646246,920.9005032669868,930.749706510484,434700
2023-05-23,912.2333374023438,939.61411402714,910.0665003784878,927.7950685676792,688310
2023-05-24,964.8773193359375,972.8059167419473,898.050432365805,909.4755453757842,2376849
2023-05-25,1004.9142456054688,1013.1383667975265,969.1616480509338,969.6541082379515,4131582
2023-05-26,991.6178588867188,1001.6640591131679,976.2531245037527,1000.7283726987116,1263515
2023-05-29,978.7647094726562,1004.6188716096698,976.0561782011596,997.3304361422781,755851
2023-05-30,995.7545166015625,1002.6489593475674,979.0108699326935,979.9957903249799,849973
2023-05-31,1047.0196533203125,1057.6075473574756,988.7615890606185,995.80373367694,3647832
2023-06-01,1083.707763671875,1101.5347955670775,1033.279776385841,1044.015430805118,3471313
2023-06-02,1098.038330078125,1134.6281418584404,1087.3519692810055,1092.4243326763642,3605727
2023-06-05,1098.777099609375,1127.0443853083234,1095.2314104559637,1112.9106823440827,1246760
2023-06-06,1113.9942626953125,1119.11580066595,1068.6879244505303,1103.6033044190951,1602421
2023-06-07,1135.8101806640625,1142.5076876143085,1103.1601649128572,1119.6082878410045,1472527
2023-06-08,1112.122802734375,1132.4614313765856,1104.0956780850847,1130.6885267097925,1004343
2023-06-09,1122.4644775390625,1125.616174501589,1113.5017265866907,1116.2594313715185,844970
2023-06-12,1125.025390625,1132.4122940434177,1110.3008779027734,1122.8093195994747,1039973
2023-06-13,1076.271728515625,1129.605190309527,1034.2648509156647,1129.605190309527,1666475
2023-06-14,1024.021728515625,1088.2877869205838,1014.5665163824136,1087.3028664852586,4250112
2023-06-15,1047.6107177734375,1061.7443029551769,1024.4650859372161,1026.2378707060882,2023195
2023-06-16,1068.047607421875,1073.366201137857,1053.8647309224334,1057.8044121595267,951731
2023-06-19,1055.4898681640625,1077.7983371026817,1046.4285292266557,1072.824441474084,598534
2023-06-20,1042.489013671875,1060.759336312059,1035.249872330697,1053.8155989714003,713778
2023-06-21,1047.1181640625,1083.4124573373942,1039.091038628137,1052.5844002322494,1454526
2023-06-22,1046.182373046875,1056.9673232786183,1039.0909944467314,1051.4024991202707,678274
2023-06-23,1051.254638671875,1068.5400377082653,1028.1583061568258,1047.9551797739432,867763
2023-06-26,1059.1341552734375,1071.1502565995174,1036.2347553857965,1055.7362278980568,809402
2023-06-27,1065.8316650390625,1073.3170362447804,1058.4939357138858,1063.0738397492769,636643
2023-06-28,1078.24169921875,1089.9129829013093,1060.3161945124145,1071.3965499508352,982284
2023-06-30,1073.3663330078125,1086.170298601415,1064.2065249144175,1082.9200130896827,615804
2023-07-03,1060.119140625,1083.412534155248,1058.001537535059,1079.5221463289658,731607
2023-07-04,1044.7542724609375,1064.797377752367,1042.0457414694056,1061.7934427903897,559178
2023-07-05,1039.681884765625,1053.7662936910922,1034.2648229065273,1043.9170903109145,393246
2023-07-06,1069.3773193359375,1073.5632310165065,1041.0608579673828,1044.0156191536669,827247
2023-07-07,1063.1229248046875,1073.8092852994844,1058.7892517284529,1073.563055240943,365571
2023-07-10,1044.902099609375,1068.4908956213799,1040.6668937035101,1065.142142141108,359010
2023-07-11,1038.5001220703125,1054.8497771093857,999.9404633149429,1019.3926417443644,1655599
2023-07-12,1048.2509765625,1052.3383006110753,1039.0911674683493,1039.0911674683493,400805
2023-07-13,1031.7532958984375,1065.6837517319173,1029.2417010719535,1043.966211287344,655494
2023-07-14,1047.1181640625,1056.4749080122322,1016.8318612778411,1035.1020628524868,1063926
2023-07-17,1074.2034912109375,1083.2647110766845,1048.9402581311654,1048.9402581311654,1904514
2023-07-18,1051.0084228515625,1092.7690674095595,1042.04567221209,1081.0484918520056,1090064
2023-07-19,1067.998291015625,1072.578194404027,1046.2808707873096,1054.8496292072664,739084
2023-07-20,1044.705078125,1066.077924128011,1041.4549127624784,1048.9402841716908,820217
2023-07-21,985.8068237304688,1034.1170958074806,978.5676229321824,1034.1170958074806,3300062
2023-07-24,1040.864013671875,1065.6839617312824,946.5085833861019,989.8450846025311,5088736
2023-07-25,1040.6669921875,1090.3070101934375,1023.184653044832,1062.0890133904877,5582911
2023-07-26,1048.0045166015625,1073.5631508628612,1044.0155412060851,1073.5631508628612,1085934
2023-07-27,1068.49072265625,1078.487687365866,1044.0154781806555,1048.890785387897,1132793
2023-07-28,1055.34228515625,1080.4577571781674,1050.2699206823843,1068.4909494041674,865723
2023-07-31,1066.422607421875,1073.2185825102326,1049.432729815754,1060.7593148865014,587693
2023-08-01,1075.9271240234375,1099.1712226061163,1063.4678562804247,1071.9874422219818,1803367
2023-08-02,1083.116943359375,1106.7058596775653,1065.2899077114887,1075.9270963940792,1881642
2023-08-03,1064.89599609375,1092.2768340749153,1058.8388312047498,1091.2919135752986,708017
2023-08-04,1128.965087890625,1134.6283805888768,1073.5633114946836,1073.6617794956999,3232540
2023-08-07,1133.6434326171875,1166.539799538348,1122.8093077181527,1138.075574621338,1749988
2023-08-08,1129.8021240234375,1144.4281673638345,1124.0896580574176,1139.6513276505784,823381
2023-08-09,1122.2183837890625,1143.6895774424531,1116.5057970922671,1127.733914258303,937273
2023-08-10,1103.7508544921875,1127.3889394702903,1098.7769593529047,1121.8241162524585,627851
2023-08-11,1124.9268798828125,1148.6141438067925,1108.0354706619244,1108.7248668629634,1141520
2023-08-14,1112.5867919921875,1130.6528014145335,1092.9906778322218,1128.3327591676518,683774
2023-08-16,1121.0274658203125,1135.2926161412088,1100.049232695964,1111.599552847827,628546
2023-08-17,1139.4385986328125,1148.7184037780119,1124.235649500967,1125.4202541964712,806270
2023-08-18,1137.9088134765625,1150.0021485477814,1131.2944272953803,1140.623643798673,607371
2023-08-21,1116.930419921875,1143.585113829548,1111.5994570385121,1143.140796625602,841533
2023-08-22,1118.065673828125,1133.3180329494442,1112.7839994798073,1124.433135478586,597113
2023-08-23,1162.2926025390625,1186.627372677919,1120.9778549715284,1120.9778549715284,2494389
2023-08-24,1158.2451171875,1180.852269508883,1151.976352459887,1170.6839496606249,806837
2023-08-25,1132.8739013671875,1157.99837023295,1128.6782550982275,1157.99837023295,743352
2023-08-28,1136.37841796875,1143.3875911032185,1118.5099251724132,1138.402248473027,565953
2023-08-29,1140.82080078125,1151.087817422696,1133.8116280531442,1139.882998704842,380847
2023-08-30,1140.8702392578125,1150.1006365739822,1136.77329014158,1148.422426338001,452111
2023-08-31,1160.861328125,1166.833881799053,1140.8703072843934,1144.374833694174,600600
2023-09-01,1185.3441162109375,1203.7063359280837,1155.0367888440724,1166.8833200117037,1370201
2023-09-04,1163.2308349609375,1195.907496797886,1160.0223990303925,1185.7885834784752,592639
2023-09-05,1151.0384521484375,1169.0057620768098,1147.5339259065984,1169.0057620768098,827361
2023-09-06,1152.519287109375,1164.810134801083,1145.1646142987845,1155.7277224511604,479574
2023-09-07,1149.607177734375,1161.1574979115578,1144.128108632109,1152.519401900243,573192
2023-09-08,1149.607177734375,1163.3294343570365,1146.1519393298493,1154.0990358639194,463159
2023-09-11,1151.927001953125,1174.7809581397735,1147.139053242367,1155.5797545486246,619542
2023-09-12,1129.8133544921875,1175.7680655430515,1115.5482066025595,1159.4790873050497,754731
2023-09-13,1122.903076171875,1140.179268247634,1097.9267107906978,1130.5046729907003,507021
2023-09-14,1154.2469482421875,1160.9600306366012,1125.519134851223,1131.689203041256,598321
2023-09-15,1154.69140625,1167.821240653837,1149.1136398242788,1162.4409887397667,531104
2023-09-18,1125.96337890625,1154.6417816846404,1120.5337192518164,1154.6417816846404,396231
2023-09-20,1114.3638916015625,1138.4024567863519,1108.6380192557042,1125.9636215447988,374334
2023-09-21,1063.818359375,1110.7108734944777,1051.8731325116544,1103.7017007489721,1334931
2023-09-22,1060.017822265625,1077.3434236993335,1031.635505720678,1070.5316436267149,1024376
2023-09-25,1037.7559814453125,1069.4948338892384,1032.6225333074763,1065.1017938775785,504621
2023-09-26,1072.7032470703125,1079.0214203857427,1024.7248255813365,1035.6335532866021,1243039
2023-09-27,1113.8702392578125,1119.4972938539445,1063.2756746105333,1075.0727980660895,1051809
2023-09-28,1127.789794921875,1141.8081419787593,1111.5995115050519,1120.7312126430818,1537776
2023-09-29,1137.5631103515625,1158.9855375871246,1125.6177626624776,1127.7896988373734,1058596
2023-10-03,1115.54833984375,1138.3528879989037,1104.047308521408,1137.661888558411,806736
2023-10-04,1124.77880859375,1130.3565747456355,1089.140516234168,1114.561199028666,879446
2023-10-05,1142.4991455078125,1156.9123995712328,1119.250282181448,1135.2924582215348,1081653
2023-10-06,1132.1336669921875,1148.9162546442672,1125.4205837276916,1148.9162546442672,399131
2023-10-09,1118.7073974609375,1132.3309567395806,1095.804151683465,1120.4844253700296,538664
2023-10-10,1150.150146484375,1159.972847070805,1116.5355659890047,1121.4222119070484,1224492
2023-10-11,1208.0499267578125,1218.1195502152202,1159.331093080489,1160.9600151627753,2853670
2023-10-12,1195.5616455078125,1222.1669274287208,1188.1081560262242,1216.1942540950672,882743
2023-10-13,1185.837646484375,1189.5890959865776,1174.8796299509738,1183.6658307783457,570022
2023-10-16,1213.43017578125,1220.1925456419215,1163.921530187561,1164.908740985006,1058192
2023-10-17,1183.3697509765625,1219.8965571579824,1180.8030265359148,1214.2695027877492,926161
2023-10-18,1189.4410400390625,1198.4246352123985,1159.9728184965327,1186.627513049219,920040
2023-10-19,1197.7335205078125,1201.2381671024013,1165.007457910347,1167.6729994145664,512074
2023-10-20,1180.1119384765625,1201.2382759192137,1174.7809754943394,1196.499615377428,419527
2023-10-23,1137.168212890625,1186.8742555528534,1124.4825774508813,1181.7900955258044,510509
2023-10-25,1133.169921875,1163.0824580893675,1124.136918720433,1148.1261899821836,824513
2023-10-26,1106.021728515625,1121.2248007633984,1077.244506137544,1121.2248007633984,960493
2023-10-27,1114.0675048828125,1157.4060876593028,1095.804103163422,1116.4861233933445,1093767
2023-10-30,1170.23974609375,1197.9309376670217,1113.5738201509105,1120.5337047305075,3037769
2023-10-31,1201.978759765625,1238.6535507424173,1184.653159109981,1184.653159109981,4684035
2023-11-01,1198.325927734375,1216.2438296842301,1188.601924464134,1208.3461424784884,1169151
2023-11-02,1205.4832763671875,1262.6428149208693,1199.46131362694,1216.0465059202563,2217527
2023-11-03,1225.6224365234375,1250.0559083751934,1214.2695102084801,1215.2567211923895,1375775
2023-11-06,1237.32080078125,1247.785212586199,1231.5456409156593,1234.1123652437943,579178
2023-11-07,1255.682861328125,1288.2115329253068,1235.1489468273207,1240.8746977658964,1710983
2023-11-08,1310.769287109375,1322.8626207693937,1264.6665857683083,1267.5294010029565,1411757
2023-11-09,1297.8861083984375,1325.8242247787423,1292.2590545311793,1312.5955747558157,808102
2023-11-10,1351.6890869140625,1359.7348796773056,1293.246251098606,1297.7381088003528,1439812
2023-11-13,1375.678466796875,1400.8523461677544,1357.5631698612292,1396.9035023448714,840457
2023-11-15,1375.2833251953125,1405.7881626581905,1356.4276232390123,1395.7679490542714,1329901
2023-11-16,1461.022705078125,1474.893066254253,1362.449722041073,1371.7295284874729,2299977
2023-11-17,1516.99755859375,1529.189588343467,1446.3625749181945,1461.0226317633658,2530940
2023-11-20,1603.23046875,1619.0258428263546,1473.41223805996,1519.416240955515,3968239
2023-11-21,1486.542236328125,1603.2305176744155,1473.1160715461963,1603.2305176744155,4639119
2023-11-22,1427.3094482421875,1470.697315470609,1399.5194396258466,1466.797880944872,4220073
2023-11-23,1427.951171875,1460.9240403548765,1401.938188510914,1431.455818807462,2311047
2023-11-24,1449.966064453125,1463.8857145700454,1417.7336032419205,1435.404703125,1609569
2023-11-28,1470.746826171875,1488.1217136637108,1458.554675322417,1463.885638208665,1138990
2023-11-29,1473.510986328125,1491.6262825005756,1443.6972649250667,1471.4378675102816,1052656
2023-11-30,1480.1253662109375,1485.2588147415145,1451.4962498084756,1468.0320325581736,1277831
2023-12-01,1464.0831298828125,1488.9113868716986,1457.1232450412565,1487.6773732834183,655282
2023-12-04,1478.1014404296875,1494.587813368244,1427.111976088626,1480.8162702584948,1382705
2023-12-05,1459.2457275390625,1486.7395253367224,1453.1743567700235,1482.691984993742,909831
2023-12-06,1443.4996337890625,1468.8710245374466,1437.5270805467007,1468.8710245374466,816079
2023-12-07,1440.2913818359375,1480.8164399461232,1436.3919467477394,1451.7924136213492,949044
2023-12-08,1459.68994140625,1465.5145095338435,1448.6332280694678,1449.176121732489,585545
2023-12-11,1444.5362548828125,1472.2275670191252,1442.3150305031875,1467.982512223299,459643
2023-12-12,1414.3277587890625,1456.1361174492506,1408.8980986900992,1456.0374204583716,794787
2023-12-13,1456.086669921875,1487.6281305077166,1427.161462834108,1433.9238334027157,2930070
2023-12-14,1463.984130859375,1484.66626833992,1457.123064362942,1478.0025957894798,1267288
2023-12-15,1499.178466796875,1530.0782165448034,1449.9166181883654,1474.3994970085698,3236009
2023-12-18,1474.3994140625,1499.1783824568015,1467.3902410837493,1499.1783824568015,1051979
2023-12-19,1482.05029296875,1500.5604964612824,1471.1415648401628,1479.5822658364125,750604
2023-12-20,1448.583984375,1525.1422428607186,1435.1085306103705,1491.1821615867052,1620470
2023-12-21,1497.0067138671875,1505.6448097096084,1407.8615165697452,1446.2640467595943,1600844
2023-12-22,1519.6629638671875,1526.1292429937614,1492.070469430289,1506.82922310414,1501194
2023-12-26,1508.161865234375,1538.0744001678636,1491.6754933592053,1527.5112929916716,754780
2023-12-27,1498.43798828125,1521.2919439222076,1477.0155607009262,1521.2919439222076,1347454
2023-12-28,1486.640869140625,1512.4070486748371,1482.7907226564005,1508.2608112359117,676529
2023-12-29,1494.4891357421875,1505.9901663586518,1472.9186025611987,1486.6408576118204,786524
2024-01-01,1471.4378662109375,1496.5130475095177,1469.2166416561072,1494.489216933681,813082
2024-01-02,1449.0775146484375,1479.3355532358717,1439.945813702537,1479.2861444865603,912412
2024-01-03,1443.9932861328125,1469.6607686601578,1436.490507649724,1454.0629092759468,645767
2024-01-04,1453.5693359375,1466.0081690274194,1440.3406859333368,1441.3278968215707,702692
2024-01-05,1487.2825927734375,1489.701211214895,1452.088500958017,1460.0848849481972,920923
2024-01-08,1486.83837890625,1499.8696356747273,1472.5238202158462,1494.8841722030306,474520
2024-01-09,1498.191162109375,1507.4709682027583,1487.233145774365,1498.5860705512687,527738
2024-01-10,1513.295654296875,1522.6741581045942,1498.5861873808333,1504.3613472027048,867995
2024-01-11,1521.24267578125,1525.9319278263704,1503.5716960606426,1520.304873575886,971670
2024-01-12,1530.47314453125,1542.0234641448094,1522.2792456538386,1529.1897221256784,1117378
2024-01-15,1519.1201171875,1563.7419997858137,1505.5952561212434,1542.0233608998997,971076
2024-01-16,1526.5242919921875,1538.0746115388533,1506.0396654264423,1520.3048149998936,658975
2024-01-17,1521.588134765625,1534.4218758447826,1485.752332625553,1510.3831951853583,699537
2024-01-18,1512.5057373046875,1528.5973225561374,1467.8838545537221,1509.4454077348487,535425
2024-01-19,1528.005126953125,1532.6449701244,1504.4600498453458,1520.7984389543565,451502
2024-01-23,1482.297119140625,1540.2463489213546,1459.4431634316672,1510.4326288945429,1188474
2024-01-24,1487.2825927734375,1495.0814622830223,1466.1562559346983,1482.2971296482206,362720
2024-01-25,1397.34765625,1485.3082461165143,1374.5431079735188,1480.915085192694,3520645
2024-01-29,1389.15380859375,1436.293127933898,1309.5846360711605,1397.3475865610037,3991414
2024-01-30,1438.6129150390625,1466.9952250801487,1348.7273249487705,1400.1116944615887,4649069
2024-01-31,1530.9666748046875,1539.9502696750476,1445.3754195443998,1479.8291032208836,3760276
2024-02-01,1505.1512451171875,1530.9668363521644,1497.0067545302484,1530.9668363521644,799018
2024-02-02,1556.9302978515625,1576.5758190092993,1518.3797842257318,1520.3047972913719,1741817
2024-02-05,1573.959716796875,1602.243333947124,1552.5865761331509,1569.566676376957,1490086
2024-02-06,1653.52880859375,1663.4503261014534,1579.6360986251366,1589.3108134138338,2360284
2024-02-07,1633.883544921875,1673.3225745067366,1621.9876046693616,1673.3225745067366,1190359
2024-02-08,1689.117919921875,1698.9900293311202,1631.1192771425588,1648.6422713439692,1760816
2024-02-09,1707.848388671875,1715.9040684240902,1652.0519019909063,1705.0314043960573,1244945
2024-02-12,1688.228271484375,1743.58001809042,1672.8088804898516,1707.8484646766783,1305970
2024-02-13,1570.21044921875,1690.1556856570162,1557.459754618829,1683.8792169609585,1741851
2024-02-14,1618.445556640625,1626.9459793026188,1537.048860604653,1537.048860604653,1125325
2024-02-15,1624.227783203125,1670.3377882178363,1604.4098331886903,1645.726005801432,1207061
2024-02-16,1654.2264404296875,1665.1979230839897,1624.227795106407,1639.7954736537529,732658
2024-02-19,1611.7242431640625,1670.3378380052852,1601.2469722916258,1665.4945359946848,723151
2024-02-20,1600.9998779296875,1626.5506158568808,1592.3511673682522,1625.8092978087577,683799
2024-02-21,1553.5555419921875,1616.122834287597,1541.9415590951567,1616.122834287597,931221
2024-02-22,1572.2366943359375,1576.9810572460237,1522.8154932481907,1569.6173465468412,1256999
2024-02-23,1565.3177490234375,1590.769667955,1553.3083728524387,1590.7201984902986,912832
2024-02-26,1572.97802734375,1595.6623105963301,1549.848880882803,1562.6489238236304,530867
2024-02-27,1561.66064453125,1587.804534973258,1551.825872772436,1575.5480517192757,372335
2024-02-28,1554.0992431640625,1565.6637567407297,1544.1160633408726,1565.6637567407297,406548
2024-02-29,1552.369384765625,1572.5826076061564,1508.3845161053648,1551.7762338309399,894886
2024-03-01,1560.375732421875,1577.4260481777487,1554.7911121153152,1561.7100808278435,313840
2024-03-04,1528.2022705078125,1565.5647447052231,1524.6934378209937,1564.625669542694,656766
2024-03-05,1476.06298828125,1510.2130864847843,1464.0042634826123,1505.369784648298,1654623
2024-03-06,1488.91259765625,1508.7305488413365,1451.0065580936302,1467.8097675538424,786342
2024-03-07,1478.97900390625,1503.9367120062263,1469.3912179051842,1502.4046064144222,389524
2024-03-11,1458.419677734375,1492.5203072713698,1445.0759531329422,1482.6360668258642,903550
2024-03-12,1439.4420166015625,1496.9187795545179,1433.2643661846726,1457.925498386003,750703
2024-03-13,1399.2625732421875,1451.797337235349,1339.3640981145588,1443.4945508303665,1901824
2024-03-14,1412.8038330078125,1430.2990103599025,1354.4374676758587,1369.01672180732,807970
2024-03-15,1412.8038330078125,1466.6235926874415,1388.1427022483338,1418.9321342574074,3445891
2024-03-18,1367.287109375,1411.4696184978566,1349.7425815540357,1410.5306638632921,1584029
2024-03-19,1342.2305908203125,1379.3954371745522,1324.4884247369234,1374.8485893399532,1419084
2024-03-20,1331.950927734375,1373.3164516760094,1322.1655051340265,1356.2166666947317,772885
2024-03-21,1342.4775390625,1358.5888998518294,1314.702846507271,1354.1409914856358,1728137
2024-03-22,1369.6593017578125,1381.273285565811,1313.0226701352826,1343.2684251123228,1426909
2024-03-26,1411.9638671875,1423.8744261956608,1361.4059488966952,1371.9326899938746,1694996
2024-03-27,1464.8443603515625,1476.705448289632,1411.5189340928828,1423.2317343002812,1986064
2024-03-28,1469.193603515625,1481.3511475276498,1455.1085601180034,1477.694026627654,1535307
2024-04-01,1471.516357421875,1489.6045664510639,1464.8444948441436,1479.6708561279913,605816
2024-04-02,1494.0030517578125,1543.8196513497924,1466.8708580288119,1478.6824779554663,1576132
2024-04-03,1488.2208251953125,1511.7947167184802,1476.755129343803,1493.508870193935,947682
2024-04-04,1492.6685791015625,1500.5759713736952,1480.2144604044,1499.3404413311744,827402
2024-04-05,1494.0030517578125,1519.8997153414623,1480.659326188027,1492.3227790230321,1231267
2024-04-08,1476.2608642578125,1507.2972845022937,1470.6762439559175,1506.210042122681,726683
2024-04-09,1480.1651611328125,1514.2657942273581,1474.4817222837216,1484.4154332306828,640593
2024-04-10,1473.0484619140625,1495.4856403772508,1463.8560696620677,1492.5203681227024,479928
2024-04-12,1457.6783447265625,1472.9989172597116,1436.229591443046,1472.7518112511125,732786
2024-04-15,1411.7659912109375,1437.1189692749645,1394.8144961549262,1401.5851761537024,974699
2024-04-16,1394.419189453125,1420.3653200383771,1388.735751324927,1402.1289450899203,425891
2024-04-18,1381.4215087890625,1403.4634146536523,1373.909509701996,1400.3993240512325,604718
2024-04-19,1392.986083984375,1397.6316288300393,1345.2451533505541,1361.0599384009647,723681
2024-04-22,1362.69091796875,1420.3654404266515,1351.4723284962713,1403.463412344254,1104738
2024-04-23,1357.7979736328125,1378.3572406883284,1345.788718796553,1378.3572406883284,1157542
2024-04-24,1355.3271484375,1371.7844346934105,1348.6059366008358,1354.1410877184549,928780
2024-04-25,1358.045166015625,1368.8684816839914,1346.8760467207853,1356.117787394102,515923
2024-04-26,1400.0531005859375,1439.1453173242207,1360.0713987899228,1360.0713987899228,1372375
2024-04-29,1491.0377197265625,1511.6958070613807,1390.7126759398564,1422.3422463947784,5381391
2024-04-30,1476.9031982421875,1514.2656763791895,1448.5354756747404,1514.2656763791895,3003671
2024-05-02,1494.69482421875,1512.1900025798445,1460.0506331026545,1482.586629411251,1216214
2024-05-03,1519.454833984375,1536.010936420048,1502.602156078007,1505.3697916137278,1728068
2024-05-06,1496.07861328125,1527.0163342126268,1488.0724026326734,1525.3854104037682,622922
2024-05-07,1492.4215087890625,1506.3582638705916,1468.0568316363492,1506.3582638705916,619783
2024-05-08,1481.894775390625,1492.3720463194686,1469.440656337198,1492.3720463194686,386513
2024-05-09,1479.0283203125,1501.4161494372008,1464.2019593898153,1482.6360922684669,740751
2024-05-10,1446.9539794921875,1472.7518228618787,1419.426394048665,1470.7749747775003,635873
2024-05-13,1425.702880859375,1452.8845423679843,1407.2192786391806,1452.8845423679843,390414
2024-05-14,1480.115478515625,1492.5697175085404,1420.5135833886789,1433.1159894566117,665046
2024-05-15,1475.9642333984375,1491.5319124046491,1462.867614551942,1486.5897920852167,500621
2024-05-16,1511.69580078125,1531.9090248032312,1484.563487593763,1484.563487593763,1287015
2024-05-17,1499.6368408203125,1522.12348676458,1490.5433883057408,1512.782928250621,464366
2024-05-21,1479.819091796875,1502.1574512136626,1460.0011413153052,1492.520316718296,759410
2024-05-22,1488.91259765625,1501.416186474267,1457.0359208861412,1468.9464793840689,643796
2024-05-23,1487.2322998046875,1489.6538905112543,1464.844470506591,1464.844470506591,619359
2024-05-24,1533.58935546875,1551.7269123287174,1482.6360483444212,1496.8199090754702,1761162
2024-05-27,1533.34228515625,1597.2932732673655,1522.173045069148,1548.86049456062,1682320
2024-05-28,1486.6392822265625,1546.8836814953895,1482.636116449255,1546.8836814953895,543748
2024-05-29,1458.765625,1489.9504523597511,1455.4544285300371,1484.6129383036441,675969
2024-05-30,1452.390380859375,1472.6036052214195,1438.1570498428846,1458.7656679720722,574944
2024-05-31,1440.380859375,1475.22280502123,1423.5776515456123,1475.22280502123,619866
2024-06-03,1427.48193359375,1512.2887634958192,1423.3306009372418,1507.3466433536762,795009
2024-06-04,1365.7550048828125,1440.2327369430925,1278.0818351734952,1440.2327369430925,1516268
2024-06-05,1425.999267578125,1435.9824465812026,1309.0193104038353,1359.0830105229065,1531081
2024-06-06,1459.21044921875,1473.740234251293,1423.330608532436,1450.0180574424191,1384239
2024-06-07,1507.0501708984375,1517.2309873500662,1441.3694379825629,1467.8592520180848,1811579
2024-06-10,1464.893798828125,1507.0499847905264,1452.9832416793606,1504.3318188622145,2163902
2024-06-11,1461.385009765625,1482.6361275944794,1454.663677724302,1479.3249310409656,856521
2024-06-12,1464.597412109375,1477.6940314516726,1455.4544891722994,1469.7866386412288,445042
2024-06-13,1470.1820068359375,1503.3435624634697,1465.8329167344082,1473.147279088266,1067007
2024-06-14,1462.818115234375,1481.5488232571295,1455.5038738366634,1475.7170972677595,619161
2024-06-18,1493.26171875,1497.4625212022174,1456.3441025072545,1462.8676774780738,881537
2024-06-19,1498.302490234375,1508.2855484627244,1471.3185875373845,1504.1342159423339,602415
2024-06-20,1534.6270751953125,1542.2380123744067,1489.5549650170192,1508.3350209794103,932609
2024-06-21,1570.3587646484375,1619.6811506089687,1537.3453760863006,1556.4713579947886,2620495
2024-06-24,1590.8685302734375,1603.2238310677326,1544.5114175617953,1574.0158517271252,946346
2024-06-25,1560.7711181640625,1612.1197017249635,1556.7679523095142,1592.3512197908744,576522
2024-06-26,1574.2137451171875,1611.1313629527856,1566.6028067751497,1566.6028067751497,845281
2024-06-27,1543.02880859375,1594.5256790782676,1532.0573254269782,1571.5942886638036,886087
2024-06-28,1615.8262939453125,1679.0359667393388,1547.674500662082,1561.0182259829335,4102178
2024-07-01,1643.551513671875,1699.545638047835,1625.9575177999625,1630.899637914856,2009863
2024-07-02,1644.3424072265625,1685.263191551701,1617.0619245622188,1667.125632360585,1000624
2024-07-03,1701.324951171875,1715.8053881048725,1655.6598068455812,1658.2790341371372,2052388
2024-07-04,1721.48876953125,1753.563081666958,1705.031484979566,1714.8662560068449,1335556
2024-07-05,1674.3409423828125,1726.6780704486273,1660.6512928400412,1726.6780704486273,847290
2024-07-08,1663.46826171875,1681.210546397575,1634.6063267667755,1674.340926628461,836199
2024-07-09,1699.6446533203125,1729.5444813584545,1671.721673416924,1711.9504846962573,868757
2024-07-10,1681.507080078125,1713.8286214924276,1641.673660071728,1709.9737432576817,731828
2024-07-11,1690.0567626953125,1720.401452076859,1676.3671143422998,1693.269140715131,895755
2024-07-12,1843.9547119140625,1906.3736001432032,1683.1875006030357,1698.5080748500905,6254949
2024-07-15,1819.1943359375,1869.4556712097074,1805.949430468613,1860.5105065813664,1700105
2024-07-16,1847.0679931640625,1864.0194899291434,1796.2136235260532,1826.6076633793625,1784986
2024-07-18,1836.78857421875,1860.2141773927337,1791.0244896044812,1838.4688469449973,1095617
2024-07-19,1798.63525390625,1886.9015726992893,1789.047588572925,1828.6340213233034,1929316
2024-07-22,1804.2694091796875,1832.4394965434844,1750.4496435587205,1779.1634124503291,860662
2024-07-23,1773.72705078125,1809.6068939415316,1685.8067751840217,1804.2693796600595,1082313
2024-07-24,1832.3900146484375,1863.6736619033225,1770.2181139146458,1789.0476414982834,2107689
2024-07-25,1753.414794921875,1826.4593563352935,1741.652645254759,1826.4593563352935,1828473
2024-07-26,1768.2410888671875,1793.9895826552408,1757.5661819267164,1784.1053425304185,621852
2024-07-29,1778.6690673828125,1817.7118171253082,1753.6618908038402,1779.1632794048694,982427
2024-07-30,1815.63623046875,1820.627699716306,1766.8080564145725,1779.1633575083806,690502
2024-07-31,1821.2701416015625,1887.889947112801,1808.9148409005625,1818.700263187201,1678695
2024-08-01,1819.1448974609375,1877.9067764913034,1809.8043389498923,1851.8123588326723,1107361
2024-08-02,1802.8359375,1853.2455623657625,1779.6079731010702,1797.1524994023896,700480
2024-08-05,1705.674072265625,1764.2382001895667,1692.1820591694209,1749.0659143862886,990245
2024-08-06,1672.364013671875,1774.171690245817,1665.494514826138,1739.3792121455763,893983
2024-08-07,1719.11669921875,1729.742258808574,1680.3210514140433,1709.9737758507617,527624
2024-08-08,1688.52490234375,1751.4874679103648,1684.2746305413439,1751.4874679103648,590227
2024-08-09,1742.5889892578125,1749.2292629052884,1715.3835391410635,1726.4837305770566,542188
2024-08-12,1787.3863525390625,1811.6186453195023,1700.7153311706852,1727.4748381296645,1157547
2024-08-13,1733.0745849609375,1805.2756769120374,1724.997153810267,1788.9226444283436,537720
2024-08-14,1771.628173828125,1777.5747312685376,1726.7812197983467,1754.2344449217098,676739
2024-08-16,1799.22998046875,1839.418722865631,1777.723193077187,1783.9671264128374,1030355
2024-08-19,1818.1102294921875,1829.0122508374077,1784.9582220674279,1815.583015315604,590083
2024-08-20,1811.569091796875,1882.085374221963,1804.8297328202243,1824.6515903686388,1145083
2024-08-21,1814.0467529296875,1838.4772155977098,1801.8067805696153,1825.5930086959468,369853
2024-08-22,1816.0784912109375,1852.3028608659333,1812.8574395749429,1830.5484220560347,419630
2024-08-23,1810.2310791015625,1837.7339055155064,1791.9454645276592,1826.5841110233669,385173
2024-08-26,1830.152099609375,1845.910500697842,1805.6721537114486,1828.5663751879295,543244
2024-08-27,1840.310791015625,1891.9963089318708,1810.5285225455075,1823.6109001752973,1048434
2024-08-28,1830.5980224609375,1903.8892873414995,1826.1875868681807,1847.3969971913355,1230446
2024-08-29,1841.3017578125,1859.290116558966,1821.9754479655385,1830.54842499169,466882
2024-08-30,1798.982177734375,1852.3525025271174,1790.9047469590696,1850.3703168636318,837332
2024-09-02,1750.5673828125,1808.0507692113672,1748.2878208207178,1798.9822452639082,1040685
2024-09-03,1753.5406494140625,1763.6993512512095,1735.4036016433163,1751.261087437887,510324
2024-09-04,1734.1151123046875,1758.8924335697313,1729.4570243000649,1744.323417059091,394125
2024-09-05,1707.5538330078125,1741.7465350822142,1700.1701189555636,1736.394609691358,714635
2024-09-06,1714.8880615234375,1733.0745917052307,1700.3685266105663,1712.6084995024205,697793
2024-09-09,1734.8089599609375,1749.278891467122,1691.9441939235703,1702.9453004325114,387867
2024-09-10,1740.705810546875,1759.140112382231,1712.6083539367025,1756.9101535880427,636244
2024-09-11,1773.412109375,1781.9850874126055,1725.1459320969116,1734.4126267920242,584091
2024-09-12,1821.67822265625,1833.4721305344203,1786.4448241936504,1787.4359170226069,1070697
2024-09-13,1809.78515625,1843.3831072477922,1800.07239787788,1829.55741031387,424813
2024-09-16,1742.1925048828125,1815.6820623338099,1732.479867750528,1815.6820623338099,724800
2024-09-17,1725.641357421875,1752.6981199106347,1715.6313437322676,1742.341247916623,613375
2024-09-18,1711.8651123046875,1743.7287713894625,1700.7153178259337,1724.5015460472753,578778
2024-09-19,1661.517578125,1735.4035992921822,1651.2597912121375,1724.501577823185,764506
2024-09-20,1647.1961669921875,1680.794235750181,1611.6159127143478,1666.5224758106879,1393739
2024-09-23,1677.8211669921875,1681.537765306018,1633.3210723179882,1665.0360445960075,921087
2024-09-24,1646.1060791015625,1686.74088447883,1615.481286949898,1682.8755983073172,2478741
2024-09-25,1640.010986328125,1663.4007547148983,1635.4519831567827,1657.1073389579242,793279
2024-09-26,1667.4639892578125,1671.2301901922929,1640.0603708425458,1640.0603708425458,515725
2024-09-27,1656.1162109375,1698.435828736412,1646.2052820868867,1684.857904604279,932127
2024-09-30,1613.4991455078125,1637.929608240513,1610.5258669841494,1623.2119037449836,990112
2024-10-01,1657.602783203125,1660.080515315536,1613.7965278488994,1626.8789050092255,581017
2024-10-03,1661.12109375,1698.0392996147061,1625.4417538539083,1652.6968051634228,2440970
2024-10-04,1676.185791015625,1682.2810362704665,1629.1088804032127,1659.1885243558038,631401
2024-10-07,1690.7547607421875,1704.2832020346589,1627.1762526421487,1683.8667139840152,1056320
2024-10-08,1698.733154296875,1712.0633048099078,1670.536610951606,1684.857854320121,604128
2024-10-09,1726.0377197265625,1752.1033878597154,1698.7826676398195,1714.045400021989,668805
2024-10-10,1716.3250732421875,1759.0411516335666,1710.0316577303524,1734.4125180735257,500994
2024-10-11,1773.11474609375,1780.9938860109426,1705.7204309859346,1719.5461281185226,779711
2024-10-14,1775.740966796875,1785.7014980849058,1742.3907900100594,1774.0561573869745,395373
2024-10-15,1774.303955078125,1785.1563732723268,1744.4224817846894,1783.9671102586929,428986
2024-10-16,1745.760498046875,1798.8335699501822,1734.4621360468248,1783.967176810098,498761
2024-10-17,1776.236572265625,1806.6631956054764,1739.3679663297892,1745.7604668726672,863815
2024-10-18,1770.438720703125,1786.395291682655,1753.2432836384914,1764.1453051874023,344483
2024-10-21,1710.6759033203125,1781.5885258552291,1699.724278670946,1774.0562442104917,512449
2024-10-22,1674.8477783203125,1729.4073653935102,1666.0270280383202,1719.347870071299,719299
2024-10-23,1619.9908447265625,1727.623502602581,1606.5614883951991,1657.5531664535258,1734704
2024-10-24,1398.2833251953125,1585.7485622334511,1381.038285384421,1585.7485622334511,10867415
2024-10-25,1361.3651123046875,1423.2093302386813,1326.5281744883844,1422.2182373903258,4221806
2024-10-28,1373.9024658203125,1410.3251281242956,1359.8289957178295,1373.6050895715641,1600468
2024-10-29,1356.558349609375,1373.6050983765572,1297.3901543703037,1373.6050983765572,3516672
2024-10-30,1372.9610595703125,1395.805678605153,1349.125226640318,1356.8061967093447,1052040
2024-10-31,1380.840087890625,1417.16366437231,1365.7755252406303,1382.5745003462566,1490812
2024-11-01,1411.56396484375,1415.5283361685701,1403.932598436676,1412.3072844671537,264384
2024-11-04,1391.097900390625,1427.1241012999967,1378.1146082491737,1417.3123788690998,1188723
2024-11-05,1377.6190185546875,1409.8295351755705,1365.7259047254383,1398.4815707900327,1105342
2024-11-06,1474.7957763671875,1490.554056029676,1382.376367319391,1395.904688050431,2696087
2024-11-07,1428.7099609375,1506.4611474227927,1422.218254310334,1497.4422265920618,1185243
2024-11-08,1409.680908203125,1445.2115631126,1403.3874927254296,1438.719977455692,669624
2024-11-11,1394.91357421875,1412.2576989803467,1388.5210737712525,1409.6808817837978,374499
2024-11-12,1378.015380859375,1418.2041191964122,1372.6634558241824,1417.2626294791196,503631
2024-11-13,1345.8544921875,1434.5573025869794,1327.073331004503,1385.5478093684058,1283088
2024-11-14,1344.86328125,1355.5671315225238,1329.0554000158688,1342.9306987483237,1185496
2024-11-18,1313.9412841796875,1344.318302802167,1311.4635521710516,1338.2230578643207,864715
2024-11-19,1293.5743408203125,1328.064420430673,1290.2047219130936,1310.3238341999588,1566382
2024-11-21,1278.7080078125,1309.531093707579,1271.8199605688844,1296.7954531897703,1017236
2024-11-22,1296.79541015625,1304.6746710188006,1273.6039339134622,1273.6039339134622,1208515
2024-11-25,1354.031005859375,1366.5188725796047,1296.795393662708,1296.795393662708,1165869
2024-11-26,1378.95703125,1407.3022629457123,1354.1797096658083,1362.7526871305417,1315079
2024-11-27,1400.6619873046875,1411.8117820028497,1365.6763608808035,1392.4854711927019,1031365
2024-11-28,1398.531005859375,1410.1763460926384,1383.6646140722305,1407.351755849682,933891
2024-11-29,1356.60791015625,1396.4497934133044,1343.9218735758984,1389.5121436234583,1813988
2024-12-02,1329.30322265625,1357.6484526389354,1328.0643566519104,1348.8773055248137,1447488
2024-12-03,1417.95654296875,1431.0390416478724,1353.585108445232,1362.6040295071687,5284048
2024-12-04,1444.1710205078125,1449.9688896841772,1413.893084500216,1437.0846821886923,2059361
2024-12-05,1479.8006591796875,1484.657038174055,1445.954815321107,1451.4554288423924,2083780
2024-12-06,1467.90771484375,1490.3559939112372,1461.366525700495,1486.540310326257,1481294
2024-12-09,1520.435546875,1539.5636876492,1467.3625963040743,1468.7996325716158,2490954
2024-12-10,1525.09375,1530.9411011207098,1504.4789700020228,1526.3326160820175,912142
2024-12-11,1535.0540771484375,1542.0413298638691,1513.4483264439784,1528.562491821847,816840
2024-12-12,1527.47216796875,1549.424897584776,1518.6019358425917,1536.1938329619952,1055627
2024-12-13,1519.4444580078125,1531.2880904191231,1493.6760433334175,1527.0759457127317,800589
2024-12-16,1520.683349609375,1541.1494419580258,1506.6593610373977,1521.3275841836462,884651
2024-12-17,1497.7890625,1536.1939102564102,1493.0813714846981,1520.3364247311827,1006052
2024-12-18,1507.10546875,1524.7964531255707,1496.4016168509372,1506.46123415721,853116
2024-12-19,1499.6722412109375,1508.4433891523086,1451.951094026368,1451.951094026368,751957
2024-12-20,1438.323486328125,1522.2195195636084,1426.0835139313408,1502.4967478197673,1208534
2024-12-23,1402.94140625,1461.713134388472,1395.508210542377,1454.329541712101,935669
2024-12-24,1420.5333251953125,1433.1201550658284,1402.3962789890368,1402.5449671021383,530205
2024-12-26,1439.264892578125,1443.6753280568712,1413.892941503506,1420.2359595179123,817454
2024-12-27,1447.5902099609375,1458.393146352746,1437.0846498209187,1443.0312069925915,412095
2024-12-30,1457.05517578125,1467.709423905275,1425.1915164974478,1447.986652018617,829082
2024-12-31,1451.653564453125,1455.7171416878612,1415.3301104026234,1455.7171416878612,615533
2025-01-01,1479.8006591796875,1485.8959041938933,1445.5088719471692,1454.924253697939,966551
2025-01-02,1471.326904296875,1486.6392400764582,1459.7806486690124,1486.6392400764582,507047
2025-01-03,1437.0350341796875,1480.6431197227803,1431.1380800960433,1475.6381734036656,855167
2025-01-06,1438.7694091796875,1452.8429999189293,1419.8891634070476,1441.6932056103979,1091378
2025-01-07,1460.474365234375,1470.6330667080908,1430.3947221405117,1439.0171813396319,876238
2025-01-08,1415.577880859375,1459.8796801951073,1405.3695767255006,1458.095664779263,924955
2025-01-09,1417.411376953125,1441.643547260686,1401.2565160927468,1422.2181527851005,864314
2025-01-10,1357.4503173828125,1387.480357510519,1345.854458694164,1387.480357510519,1963609
2025-01-13,1298.5299072265625,1369.5417397884219,1290.9481431058746,1339.957640053375,1057072
2025-01-14,1312.1573486328125,1323.1089731709922,1295.3583729846341,1305.2196985862229,566294
2025-01-15,1330.145751953125,1357.797267957029,1300.8094264186864,1331.830682466679,640880
2025-01-16,1308.0938720703125,1366.7170382634968,1300.8093638294702,1366.7170382634968,1195665
2025-01-17,1302.940185546875,1315.774789030206,1288.4206516984407,1315.1801575414083,1228331
2025-01-20,1322.2169189453125,1332.0287621488144,1294.2681495612874,1318.1038595084442,696049
2025-01-21,1300.6112060546875,1327.0733369722805,1292.385086939398,1318.1535012495392,781994
2025-01-22,1283.6634521484375,1314.585622651234,1257.6472640004927,1308.242604010941,1085424
2025-01-23,1332.7225341796875,1352.693079711045,1283.663437104237,1291.6913861393602,1519850
2025-01-24,1311.11669921875,1360.0271050715419,1303.9312763644823,1333.0198260675706,1437157
2025-01-27,1289.9073486328125,1315.4775926424043,1265.377800512442,1288.42070935279,2003383
2025-01-28,1247.885009765625,1301.8500891851095,1238.8660888355057,1279.5008965493103,1365219
2025-01-29,1357.8468017578125,1392.3863632367375,1212.3543236037046,1251.7502642235677,9955740
2025-01-30,1420.1864013671875,1465.826273907407,1398.0851041746166,1407.3517978015673,5161240
2025-01-31,1396.64794921875,1419.244913837864,1378.5110232588122,1417.2627282040123,1618605
2025-02-01,1403.83349609375,1411.2666928770125,1368.8974712124161,1402.3964597755275,541837
2025-02-03,1401.0089111328125,1420.929854395264,1380.146478000579,1407.3519299432453,828289
2025-02-04,1409.646728515625,1464.4519320003556,1406.7177519332088,1409.8452497901728,1523505
2025-02-05,1421.114013671875,1430.99293131097,1399.5195536693798,1416.19946090887,1390475
2025-02-06,1424.2911376953125,1438.3398497105682,1412.277571580193,1429.7021145805838,489797
2025-02-07,1437.4464111328125,1443.3538124796696,1413.2208783640185,1435.6592349754787,541048
2025-02-10,1427.666748046875,1444.1481335212754,1407.8594648448184,1437.3470229285654,467753
2025-02-11,1370.478759765625,1426.6739752658486,1352.7564336631608,1421.2629980101392,866368
2025-02-12,1343.4732666015625,1378.0243292592736,1312.893477617317,1370.4787032441886,962838
2025-02-13,1330.7647705078125,1354.7917824830495,1322.4745078549495,1350.2742722843327,637262
2025-02-14,1333.04833984375,1343.5725118917749,1299.1425322818307,1332.3037033139744,595239
2025-02-17,1301.029052734375,1340.9415248182327,1294.6747963655018,1331.4598917810576,794453
2025-02-18,1319.9427490234375,1323.7653137464795,1284.7463085998584,1295.6676450717273,537675
2025-02-19,1326.694091796875,1344.664629249845,1306.588905373012,1319.2477264547035,497257
2025-02-20,1332.45263671875,1338.8564623086947,1318.5527550188451,1325.94942930164,385983
2025-02-21,1300.731201171875,1335.3816488651728,1284.7463595773484,1332.4031024364774,1595171
2025-02-24,1272.5341796875,1294.228021582138,1244.2379906395608,1293.7315972128758,1341968
2025-02-25,1276.3070068359375,1285.739069508004,1256.003299352377,1261.0171125806964,534756
2025-02-27,1242.9969482421875,1286.1858690116824,1231.678569412206,1283.6541774091265,530052
2025-02-28,1188.8370361328125,1231.6287900899379,1183.4756290102425,1225.1752736565766,979584
2025-03-03,1196.432373046875,1204.3254717239158,1134.1311171930615,1186.4045042304522,1100500
2025-03-04,1205.9637451171875,1213.5093712944376,1152.9455982128582,1152.9455982128582,902775
2025-03-05,1272.5838623046875,1288.717654200495,1206.0133063418139,1210.2826043685695,1466330
2025-03-06,1317.311767578125,1321.9284172993252,1280.8245760821233,1290.7033726476761,1600892
2025-03-07,1296.0648193359375,1320.737087235386,1286.9802287756957,1317.31180742945,708924
2025-03-10,1245.0322265625,1304.950619287183,1241.0608319004186,1296.6106662573427,621553
2025-03-11,1259.8258056640625,1268.8607050678756,1216.2894121279267,1232.1253012435318,673514
2025-03-12,1225.076171875,1274.7186124145708,1220.7573037875302,1265.8822337590543,536599
2025-03-13,1197.822265625,1237.5859045385732,1191.4184399889996,1233.1180853886144,483157
2025-03-17,1241.3092041015625,1249.5994672880033,1206.3609750485139,1206.3609750485139,1351602
2025-03-18,1241.3092041015625,1241.3092041015625,1241.3092041015625,1241.3092041015625,0
2025-03-19,1254.067138671875,1268.2649232205097,1231.1820494038168,1247.9610950737601,1069437
2025-03-20,1272.4349365234375,1299.6390165719788,1256.0033623936731,1263.8964614943689,937523
2025-03-21,1313.93603515625,1318.5031150804614,1254.2161597329766,1270.8463759811675,1028101
2025-03-24,1374.6488037109375,1389.4918442433827,1321.4817039570864,1322.2760314466727,1342704
2025-03-25,1333.2469482421875,1403.8881625565525,1328.3819650235591,1389.9882797589628,1115012
2025-03-26,1356.8768310546875,1365.1670942603598,1329.2755860517875,1334.2895209496526,946785
2025-03-27,1324.609130859375,1339.402600879782,1302.6175076905256,1325.453028023515,980944
2025-03-28,1298.10009765625,1339.3530132214446,1290.7034226744831,1325.453130208027,673910
2025-04-01,1261.5135498046875,1303.5606685376474,1250.7411655140313,1297.2561034530345,745532
2025-04-02,1302.5677490234375,1319.297345876825,1257.3931350622668,1269.9526948315997,745673
2025-04-03,1202.4390869140625,1275.760942254055,1191.7659629400714,1272.633565675375,4334432
2025-04-04,1125.8905029296875,1196.3330745414503,1107.5228007213989,1192.361679469388,2596684
2025-04-07,1057.6817626953125,1077.141572867408,1013.3013533341989,1013.3013533341989,2787712
2025-04-08,1105.2391357421875,1118.5433326986567,1053.5117421789982,1082.2050941439363,2319254
2025-04-09,1070.638427734375,1102.0621149821204,1055.4974842627737,1102.0621149821204,1492684
2025-04-11,1110.9481201171875,1130.4080536222739,1092.183374690283,1121.919147874016,1271330
2025-04-15,1143.563232421875,1157.5623754801945,1121.9190813123057,1121.9190813123057,962970
2025-04-16,1140.981689453125,1161.136566752133,1135.123979019953,1145.8466723733013,853859
2025-04-17,1128.07470703125,1143.7617658402944,1108.1184712938204,1131.847580779458,1419614
2025-04-21,1157.7608642578125,1173.5471830921779,1128.8689908424758,1131.8475369924558,1225396
2025-04-22,1157.264404296875,1172.554298302525,1148.7259298357508,1159.6472653830224,765770
2025-04-23,1220.11181640625,1229.742400512562,1171.4622291199191,1173.4479265601774,2944078
2025-04-24,1204.9212646484375,1228.8488961952198,1199.3613356761662,1226.1682529470738,1137209
2025-04-25,1212.268310546875,1224.9768228874063,1169.178651026704,1211.2754618076883,1750752
2025-04-28,1222.3953857421875,1267.867908950931,1186.8514716630768,1212.2683765302168,5815225
2025-04-29,1255.755126953125,1265.8821355586522,1184.2700181215776,1220.2110938051635,4067879
2025-04-30,1244.63525390625,1277.7964286642834,1231.132534221998,1259.925149941706,2214690
2025-05-02,1227.6573486328125,1269.7541553890878,1224.2816390028452,1244.6350362102633,1083460
2025-05-05,1249.599365234375,1257.9393186583206,1224.2817230672185,1224.7781474234373,703377
2025-05-06,1232.5224609375,1262.3079233999947,1227.1610534547794,1254.9608184197746,894504
2025-05-07,1273.824951171875,1276.9027580692957,1203.3326896495032,1203.3326896495032,1379368
2025-05-08,1264.0948486328125,1307.1845041436056,1252.9749922675376,1274.2219775486274,1347598
2025-05-09,1235.3023681640625,1256.9465194261734,1226.3667294003692,1227.0617962448487,874619
2025-05-12,1315.6239013671875,1326.942401760849,1277.2007018490167,1290.7034210917348,1900130
2025-05-13,1336.4736328125,1345.3100106273087,1305.596061974104,1320.4887927190557,1308106
2025-05-14,1341.8349609375,1368.7411353228226,1336.5728145725323,1339.3528392931464,987041
2025-05-15,1383.23681640625,1391.8746731646443,1343.3243455280399,1343.3243455280399,2261019
2025-05-16,1355.0400390625,1393.959662059872,1351.8628503052018,1393.959662059872,1270996
2025-05-19,1335.977294921875,1357.720707456259,1326.6444921448606,1355.0400642276115,777521
2025-05-20,1308.2767333984375,1352.0614596959233,1301.128270964792,1344.3171910616772,996510
2025-05-21,1322.0772705078125,1329.2258536814484,1299.4403934513355,1303.709570032576,544598
2025-05-22,1310.7587890625,1323.2687794857804,1299.7381928681646,1320.389494051893,418410
2025-05-23,1319.4959716796875,1340.3457951599535,1310.7588543137765,1310.7588543137765,633833
2025-05-26,1325.949462890625,1335.0836226172948,1319.5952068559466,1326.4458872496257,461591
2025-05-27,1320.290283203125,1350.274266224161,1311.9503296722696,1325.9494724576227,767481
2025-05-28,1322.176513671875,1335.381449345081,1311.5530814757262,1320.4887194267342,534000
2025-05-29,1336.67236328125,1351.267191893291,1325.453123569099,1325.453123569099,1367054
2025-05-30,1328.2330322265625,1342.3314352121283,1316.5173691503567,1340.3457378227613,750022
2025-06-02,1322.0772705078125,1328.2330050071112,1313.538796147983,1328.2330050071112,425981
2025-06-03,1311.6524658203125,1342.331516585291,1307.2839070594096,1320.7867470835383,697264
2025-06-04,1308.87255859375,1321.4816892686097,1301.6247142232512,1315.5245967550022,488279
2025-06-05,1311.0567626953125,1319.4959769951308,1300.0361659079622,1309.5674895835798,609136
2025-06-06,1309.26953125,1315.524526534349,1300.631796045281,1311.0567073876286,508183
2025-06-09,1343.721435546875,1354.4441286346719,1303.4118031444943,1306.0924461171062,1104628
2025-06-10,1359.90478515625,1381.052510466926,1344.7142731082004,1350.27420146299,1528737
2025-06-11,1372.116943359375,1386.0168255641731,1349.9763682256473,1359.9048555147888,1193380
2025-06-12,1351.5650634765625,1381.4497868690812,1345.3100678188305,1378.3719799570854,685439
2025-06-13,1342.827880859375,1351.0685736349021,1320.4887848746534,1330.4172719789742,589415
2025-06-16,1395.746826171875,1404.8809862252801,1335.381573479153,1336.4736828685493,2803923
2025-06-17,1390.5838623046875,1414.9086554078804,1377.7760898598626,1404.8809077966464,1642441
2025-06-18,1411.6324462890625,1414.7102532728363,1380.854134056601,1387.6054330536922,1428464
2025-06-19,1383.0382080078125,1424.2414281315198,1338.4592781405245,1421.2628820984808,2691020
2025-06-20,1384.5274658203125,1397.9309228217999,1368.4433658974665,1376.0882521527094,1659325
2025-06-23,1380.3575439453125,1402.7958994782234,1365.1669109302052,1380.0596408676256,907773
2025-06-24,1296.759765625,1356.8271167365538,1292.0934248440383,1356.8271167365538,5151483
2025-06-25,1286.13623046875,1302.6174946524743,1275.8105797472786,1299.4404272907989,2330802
2025-06-26,1266.775634765625,1288.221141670732,1253.7693415053745,1285.73902001048,2513780
2025-06-27,1258.03857421875,1285.9375986863083,1253.0743306765742,1267.371376317511,1467520
2025-06-30,1249.6986083984375,1275.314153300224,1246.8194441304945,1263.8963932667848,1414394
2025-07-01,1238.3802490234375,1259.428593274027,1226.1681613665141,1255.9536227762271,1520826
2025-07-02,1232.720947265625,1254.067194758666,1230.3380860966986,1240.0680520375843,1581126
2025-07-03,1252.577880859375,1256.9464393271542,1229.8416216589321,1231.1323734325997,1025367
2025-07-04,1254.76220703125,1260.9178203524566,1243.6422291254808,1256.8471650144104,573508
2025-07-07,1259.7265625,1262.407205688661,1248.110159221964,1254.7623186711023,720422
2025-07-08,1262.208740234375,1265.3858079464285,1251.4859246108067,1259.8258788516528,480241
2025-07-09,1250.5921630859375,1266.6763842917005,1248.010780778054,1262.2085652674352,394008
2025-07-10,1244.238037109375,1254.8615917267657,1234.706713103038,1250.691554150808,676226
2025-07-11,1259.329345703125,1268.3642448516384,1231.033157070427,1231.1324177033516,1095318
2025-07-14,1258.1378173828125,1262.5063758787471,1245.1315237223544,1259.3293085348039,463763
2025-07-15,1282.661376953125,1287.2284571509022,1256.5494052786007,1258.1379391042587,1130498
2025-07-16,1277.20068359375,1291.596990777081,1274.1228766423028,1283.7534612446218,456473
2025-07-17,1272.9312744140625,1287.7247440555584,1265.8820729921642,1274.817711154462,395385
2025-07-18,1264.690673828125,1277.8954883111178,1256.847145160756,1275.8105303608922,334579
2025-07-21,1255.5565185546875,1265.981430542145,1247.3159465592078,1264.6907998716367,410123
2025-07-22,1247.0179443359375,1264.5913175247895,1242.3516040104353,1255.5564187599145,414910
2025-07-23,1264.988525390625,1274.6192306586106,1250.989382728138,1250.989382728138,752865
2025-07-24,1244.03955078125,1274.2221786470195,1242.0538531742568,1264.9886362955556,554957
2025-07-25,1218.4239501953125,1250.9894380130072,1216.2397314015348,1244.0394966907127,815783
2025-07-28,1190.088623046875,1227.0045161137768,1177.3176707822754,1218.3242195331604,1380560
2025-07-29,1215.63037109375,1224.7096607168746,1185.399199998029,1190.088589086244,504050
2025-07-30,1265.616455078125,1279.983745462015,1189.4898509629186,1215.6303663902459,4133160
2025-07-31,1223.6121826171875,1260.8273195081003,1209.2448922125334,1237.0814945353964,1955639
2025-08-01,1203.75732421875,1229.398852983946,1199.267553842468,1223.6121109079832,715193
2025-08-04,1214.2335205078125,1217.2267009199106,1192.3832791409316,1201.7619354574035,363103
2025-08-05,1207.548828125,1216.4284994561117,1198.1701715872778,1216.229002807728,336953
2025-08-06,1206.251708984375,1211.3400913386477,1192.3832820163127,1201.5624417112424,486218
2025-08-07,1206.7506103515625,1212.23810795961,1190.8867292715504,1192.2835712030733,392195
2025-08-08,1188.0931396484375,1206.2517189586422,1184.601095797027,1206.2517189586422,1236355
2025-08-11,1196.3741455078125,1206.052168252175,1183.1044525429543,1188.093086392785,628290
2025-08-12,1216.6280517578125,1224.2107508765607,1188.4920836742,1189.2903138099923,743202
2025-08-13,1213.23583984375,1224.1110867798623,1204.256298265959,1216.7278837906688,455057
2025-08-14,1210.2425537109375,1227.203908544479,1203.258466426538,1213.135985658752,704643
2025-08-18,1205.7528076171875,1226.6053215737647,1198.2698568045032,1212.3377799737857,663130
2025-08-19,1196.7733154296875,1211.2403542573077,1189.190615988948,1205.752856770969,596405
2025-08-20,1211.8389892578125,1218.6235804519654,1190.8867257258316,1199.167907172269,1116352
2025-08-21,1211.340087890625,1222.2153344084154,1205.453475390828,1211.8389512924243,560998
2025-08-22,1193.8798828125,1215.829872748789,1189.7892272283927,1209.74376353411,858810
2025-08-25,1200.265380859375,1234.6869566196813,1197.2722003584788,1210.6417642877138,1881697
2025-08-26,1197.3719482421875,1215.0317862666654,1188.492155067568,1197.2721999174264,921540
2025-08-28,1181.7076416015625,1203.358264358744,1173.3267121561682,1201.263062445601,1213402
2025-08-29,1187.793701171875,1194.6780401361384,1164.8459858195415,1177.3175702501576,730129
2025-09-01,1222.7142333984375,1225.2085504800336,1184.0023835749346,1189.290384505049,540595
2025-09-02,1203.3582763671875,1226.7051079863297,1201.76193783614,1222.7142007622995,1018542
2025-09-03,1213.6348876953125,1217.1269314487477,1200.3650727151303,1207.3491602220008,643844
2025-09-04,1222.1156005859375,1224.210802539788,1213.1360592470148,1218.2244416471729,504560
2025-09-05,1230.1971435546875,1246.5598874220086,1217.2266951636,1227.1042148353772,1009918
2025-09-08,1228.1019287109375,1235.3852611935945,1215.1314804563426,1230.197130608885,462820
2025-09-09,1237.580322265625,1251.6482455050048,1226.5055793662332,1231.1948465150865,963684
2025-09-10,1285.5709228515625,1288.963218174577,1237.5802903306844,1238.1789020246713,1543794
2025-09-11,1258.432861328125,1287.0675717657853,1254.1425873717767,1285.5709815660575,622590
2025-09-12,1250.0518798828125,1269.0086882912735,1247.158447925063,1262.6232126793336,454361
2025-09-15,1248.9544677734375,1253.9431018166406,1238.0792212006902,1243.1676035661926,347973
2025-09-16,1245.362548828125,1257.0360255180467,1241.1721449657875,1253.1448666214062,742090
2025-09-17,1293.951904296875,1296.0471062070055,1256.1380344223403,1259.1312148061902,1588234
2025-09-18,1298.441650390625,1324.9811582684624,1291.0584478911073,1300.2374855113815,1993365
2025-09-19,1282.2784423828125,1306.8226192452212,1277.98829019261,1302.0334818591846,714104
2025-09-22,1259.5302734375,1268.110699128112,1247.1584373801259,1254.1425246294546,761244
2025-09-23,1246.859130859375,1272.1016675682504,1243.7662021438518,1259.5303342708462,1018057
2025-09-24,1237.77978515625,1246.8590742481017,1235.185719957552,1246.8590742481017,391064
2025-09-25,1252.845458984375,1277.090268263059,1231.9930668821473,1236.183470607758,1018183
2025-09-26,1210.0430908203125,1257.0359979286516,1205.2539535460478,1257.0359979286516,643346
2025-09-29,1207.0499267578125,1225.6076208085362,1201.8616743418884,1213.1360358560578,428466
2025-09-30,1095.2047119140625,1217.2267540949772,1063.7763162140693,1212.936479933085,5978196
2025-10-01,1150.5784912109375,1160.6556292741175,1103.0867201302233,1107.4767423865362,3024116
2025-10-03,1155.0682373046875,1157.9616693072553,1139.4039756732425,1150.5784668226127,589353
2025-10-06,1154.070556640625,1166.1431485201413,1145.4901304017344,1155.1681535699076,733234
2025-10-07,1167.8392333984375,1170.333550428336,1141.4992212041454,1157.363101872864,645531
2025-10-08,1158.1612548828125,1181.308466661072,1148.882347432622,1167.3402922242012,1506566
2025-10-09,1159.7576904296875,1166.043296376917,1142.6965860117418,1158.1613518617955,575948
2025-10-10,1151.4764404296875,1173.2269327239608,1148.2837634841146,1159.757621334444,739324
2025-10-13,1152.37451171875,1157.0637791964914,1133.1183347971407,1142.3972432190205,415973
2025-10-14,1153.9708251953125,1187.2949256174256,1139.4040378614286,1157.1636241214078,599444
2025-10-15,1163.14990234375,1167.3403060071616,1145.4900656643617,1153.3721314053666,411190
2025-10-16,1159.2587890625,1170.8323955418439,1147.4855641481888,1167.3403517545441,693986
2025-10-17,1142.1976318359375,1160.6555767063935,1138.4062214697444,1157.3630297150776,804419
2025-10-20,1143.9935302734375,1151.775848069696,1139.404011328926,1142.3971917439756,312821
2025-10-21,1149.7803955078125,1152.6738276035628,1145.3903732031729,1149.3812804268773,78204
2025-10-23,1158.36083984375,1176.5194192792094,1154.4696808810588,1157.263364698587,1191842
2025-10-24,1176.0205078125,1177.7167164155528,1158.360792509458,1167.0409667852948,467315
2025-10-27,1204.2562255859375,1211.2403130582668,1178.6146960117992,1186.1973951946213,708504
2025-10-28,1187.59423828125,1226.0067194189621,1177.517100340737,1220.2198553616074,812079
2025-10-29,1191.385498046875,1195.975016777722,1159.657860200119,1187.993202709182,446515
2025-10-30,1168.8369140625,1196.8730120130751,1163.4491651320732,1192.6826082854204,879409
2025-10-31,1164.0478515625,1178.4151423683325,1158.7599724041324,1167.3403988404627,385752
2025-11-03,1161.35400390625,1167.3403647511275,1146.088735034683,1164.0478175693156,385914
2025-11-04,1152.7735595703125,1166.7417346551008,1146.3880837444165,1157.363078453893,473254
2025-11-06,1156.5648193359375,1158.9593879347767,1140.900557814596,1152.7735306978589,477984
2025-11-07,1150.3790283203125,1153.7713238812098,1138.4063064297281,1147.9844595836305,544548
2025-11-10,1190.1883544921875,1206.7505954368482,1144.5921654913463,1153.671577037616,2229653
2025-11-11,1209.7437744140625,1213.6349333872377,1168.0387444429052,1181.4083082465413,976816
2025-11-12,1241.4715576171875,1244.0656230465672,1203.7574342907003,1209.2449319190457,1128899
2025-11-13,1235.8841552734375,1248.8546038500722,1228.101959203151,1241.4715228637854,553299
2025-11-14,1219.421630859375,1241.1721235421126,1212.8366584210114,1231.294603988157,612843
2025-11-17,1213.23583984375,1224.2108351054944,1207.3492271175217,1219.421697546875,509828
2025-11-18,1192.38330078125,1214.5329093084586,1190.3878471369694,1213.2358157225462,881401
2025-11-19,1200.3651123046875,1216.12924477153,1187.2949153264653,1187.2949153264653,883112
2025-11-20,1193.8798828125,1223.3128238634329,1190.7869540436786,1200.3651071118582,966267
2025-11-21,1166.242919921875,1193.2812927484972,1160.4560555710143,1193.2812927484972,386138
2025-11-24,1195.4761962890625,1207.8480328977325,1162.4514637541993,1162.4514637541993,1478312
2025-11-25,1169.3358154296875,1196.8730508884091,1166.1431383708994,1195.5760791176365,450864
2025-11-26,1192.1837158203125,1194.7777810071511,1165.4445902505834,1169.834612301365,476916
2025-11-27,1216.1292724609375,1219.2222013135602,1191.285849728634,1191.7847131497936,750796
2025-11-28,1219.6212158203125,1226.1064397605132,1207.7482430173816,1216.2289204776441,462489
2025-12-01,1255.33984375,1269.1085226658636,1209.7437765191507,1215.5306408270528,1195256
2025-12-02,1250.6505126953125,1259.8295503098934,1240.9726116931386,1250.7502610142672,486300
2025-12-03,1255.838623046875,1264.2195521824447,1246.1607222000782,1247.1584489592456,573428
2025-12-04,1266.91357421875,1281.9792249547465,1253.1448952827488,1255.8387089997454,828119
2025-12-05,1264.119873046875,1272.101687557037,1255.7389434526403,1272.101687557037,435214
2025-12-08,1217.7255859375,1258.5326373053595,1210.6417498616888,1258.1335222180971,454257
2025-12-09,1203.3582763671875,1220.2198837472804,1191.2858063730603,1205.2539816571666,547606
2025-12-10,1195.97509765625,1217.0272311199408,1189.2903766389165,1204.156530705468,494500
2025-12-11,1229.6982421875,1233.3897825138563,1192.2834883684077,1195.276668673935,420052
2025-12-12,1235.0860595703125,1237.181261541778,1217.2267250652976,1230.995403951199,382004
2025-12-15,1204.6553955078125,1234.8864452959751,1202.2608267639912,1234.1880852340723,760377
2025-12-16,1173.6260986328125,1207.2494435075887,1162.9503486599851,1204.6553781528312,932672
2025-12-17,1166.242919921875,1175.4219580720408,1161.4537824044162,1167.3403950800516,514626
2025-12-18,1158.1612548828125,1172.5284225836272,1147.385757314386,1165.3448387332198,402540
2025-12-19,1221.816162109375,1226.206184198184,1158.859628109187,1163.8482618935573,1651986
2025-12-22,1226.505615234375,1235.584904839291,1213.2357999552353,1222.2153412377988,500071
2025-12-23,1227.4034423828125,1234.4873999916824,1214.333245855822,1226.5055857104278,260961
2025-12-24,1214.5328369140625,1233.6891420401796,1210.5419298633867,1232.0928035784727,189895
2025-12-26,1206.451171875,1233.3897948951683,1202.260768122324,1214.532856215306,283503
2025-12-29,1185.4989013671875,1214.9318411311056,1179.9116558044652,1206.3514152534085,281890
2025-12-30,1159.0592041015625,1190.687217535657,1157.3631172158762,1180.3108341951565,485220
2025-12-31,1169.834716796875,1174.3244875649652,1157.4628796551274,1159.358585004664,289565
2026-01-01,1160.5557861328125,1181.3085526670666,1157.3631090319232,1175.3221917582807,284550
2026-01-02,1164.94580078125,1166.3426426759536,1148.1840634232778,1160.555778451963,413208
2026-01-05,1148.383544921875,1171.53075792689,1144.5921343709467,1164.9457854162238,555257
2026-01-06,1137.308837890625,1151.5762584841184,1128.4290447449423,1148.3835813452065,345389
2026-01-07,1205.7528076171875,1214.9318452302857,1136.809911821554,1137.2090268901275,2462611
2026-01-08,1177.616943359375,1239.8749957393009,1167.340309015869,1208.1473578519958,1377247
2026-01-09,1179.712158203125,1190.2880376154953,1163.4491631212595,1171.3312289694816,473167
2026-01-12,1169.9344482421875,1178.5148745610627,1151.7758687814787,1167.440131184792,403250
2026-01-13,1170.93212890625,1182.805101989977,1158.759910863127,1170.0341504424216,266815
2026-01-14,1176.718994140625,1202.9591355004663,1165.1453877975848,1176.5193757080085,683650
2026-01-15,1176.718994140625,1176.718994140625,1176.718994140625,1176.718994140625,0
2026-01-16,1184.501220703125,1220.619004318756,1177.3176363846867,1177.3176363846867,734628
2026-01-19,1160.4560546875,1184.1022536968144,1151.3767648690218,1182.306296680928,527328
2026-01-20,1128.7283935546875,1166.242897407819,1117.2545351920676,1166.242897407819,757504
2026-01-21,1112.3656005859375,1127.2317538222371,1086.3249562392052,1127.2317538222371,1063983
2026-01-22,1106.678466796875,1138.6057229242172,1102.887178207443,1129.426685504733,497662
2026-01-23,1111.966552734375,1120.447230794709,1094.5063331983933,1111.4676893190613,749846
2026-01-27,1101.8895263671875,1113.7624999053094,1089.8170561818333,1096.0029137599347,919507
2026-01-28,1103.286376953125,1114.8599838185944,1086.624265822138,1107.476780920559,735524
2026-01-29,1040.4295654296875,1107.576506618239,1032.6472476002089,1106.4790314866004,2536989
2026-01-30,1039.5316162109375,1055.2956271656353,1015.9852263112351,1033.6450035119085,2183053
2026-02-02,996.230224609375,1009.0011156599373,982.3617975246506,988.7472734981378,1616312
2026-02-03,987.5499877929688,1060.583602718229,984.7563648945362,1059.5858759047594,1343955
2026-02-04,981.4000244140625,986.5,953.7000122070312,976.2000122070312,1305703
2026-02-05,959.5,988.0,955.5,981.4000244140625,891033
2026-02-06,958.4000244140625,960.5,943.2000122070312,959.5,887854
2026-02-09,964.0,971.2000122070312,955.0,959.0,960204
2026-02-10,973.5999755859375,993.9000244140625,964.0999755859375,970.0,1028511
2026-02-11,959.4000244140625,979.7999877929688,956.2000122070312,973.5999755859375,632882
2026-02-12,891.5,953.0,886.2000122070312,951.7999877929688,3179727
2026-02-13,861.7000122070312,873.5999755859375,812.9000244140625,870.0,6026791
2026-02-16,880.2999877929688,884.0999755859375,855.0999755859375,860.4000244140625,1230784
2026-02-17,879.2999877929688,891.5999755859375,872.0,879.0,1167303
2026-02-18,861.5999755859375,883.7999877929688,855.0999755859375,881.2999877929688,987144
2026-02-19,847.5,869.0999755859375,844.0,862.5,987912
2026-02-20,835.4000244140625,846.4000244140625,830.7000122070312,844.5,1311329
2026-02-23,812.7000122070312,841.9000244140625,801.4000244140625,835.4000244140625,2364931
2026-02-24,760.5,809.2999877929688,758.0,809.0,3617378
2026-02-25,788.7000122070312,805.0,764.0,764.0999755859375,5094300
2026-02-26,793.7000122070312,809.0999755859375,788.0,794.0,1399625
2026-02-27,771.0999755859375,808.4000244140625,768.0,800.0,2159691
2026-03-02,754.25,768.2999877929688,736.0,736.0,1681199
2026-03-04,736.1500244140625,753.25,725.25,745.0,1679348
2026-03-05,717.5,750.0,713.1500244140625,746.9000244140625,2330442
2026-03-06,698.5499877929688,742.4500122070312,695.4000244140625,717.5,2876869
2026-03-09,688.9000244140625,693.0,672.5,692.25,2067491
2026-03-10,693.25,703.4000244140625,684.3499755859375,696.9000244140625,1877386
2026-03-11,682.75,708.75,680.2000122070312,696.7000122070312,1785604
2026-03-12,671.25,683.7000122070312,665.6500244140625,682.0,1341404
2026-03-13,660.1500244140625,671.0,652.9000244140625,670.2000122070312,2471617
2026-03-16,631.9500122070312,664.0999755859375,629.2000122070312,660.0,3226454
2026-03-17,653.7000122070312,656.0999755859375,624.9000244140625,635.0,2692241
2026-03-18,688.25,698.8499755859375,654.0999755859375,658.0,4250732
2026-03-19,658.9000244140625,680.0,655.0,680.0,2473667
2026-03-20,660.9500122070312,679.7000122070312,658.0,671.0,1948255
2026-03-23,659.2999877929688,662.9000244140625,645.5499877929688,650.0,2233577
2026-03-24,665.0,681.7999877929688,644.4000244140625,680.0,1567450
2026-03-25,673.5999755859375,684.7999877929688,665.25,671.75,1220977
2026-03-27,660.0499877929688,682.0,658.0,673.5999755859375,1598377
2026-03-30,634.75,655.7999877929688,633.0,648.8499755859375,1656577
2026-04-01,674.2999877929688,683.0999755859375,648.7999877929688,650.7000122070312,1880678
2026-04-02,696.7999877929688,698.9000244140625,652.0499877929688,654.2999877929688,1767842
2026-04-06,694.8499755859375,704.4000244140625,684.3499755859375,696.7999877929688,1473246
2026-04-07,707.8499755859375,710.0,685.5,695.0499877929688,1906465
2026-04-08,721.1500244140625,740.0,711.0999755859375,740.0,2595624
2026-04-09,716.0499877929688,725.0,705.9500122070312,721.1500244140625,1769446
2026-04-10,716.4500122070312,723.0,706.0,723.0,1512797
2026-04-13,709.8499755859375,719.2999877929688,695.25,709.6500244140625,1240536
2026-04-15,728.6500244140625,736.0,720.0,723.9500122070312,1576485
2026-04-16,746.25,755.3499755859375,730.0499877929688,738.9000244140625,2570211
2026-04-17,747.7999877929688,762.7999877929688,740.0,749.9000244140625,1541544
2026-04-20,734.4000244140625,750.4500122070312,724.3499755859375,748.6500244140625,1674776
2026-04-21,744.7000122070312,749.2999877929688,730.0499877929688,734.0,745302
2026-04-22,735.9500122070312,743.9000244140625,721.25,743.9000244140625,1703203
2026-04-23,733.6500244140625,743.9500122070312,728.0,735.0,1046359
2026-04-24,709.5999755859375,733.9500122070312,690.1500244140625,733.5,2240743
2026-04-27,735.2999877929688,740.0,713.0999755859375,713.0999755859375,1703717
2026-04-28,734.4500122070312,739.7999877929688,722.9000244140625,736.0,1438774
2026-04-29,740.0499877929688,758.9000244140625,737.0,737.0,1272977
2026-04-30,759.0499877929688,767.2000122070312,727.6500244140625,738.0499877929688,2877480
2026-05-01,759.0499877929688,759.0499877929688,759.0499877929688,759.0499877929688,0
2026-05-04,768.5499877929688,777.1500244140625,756.5499877929688,767.0,2376007
2026-05-05,772.5,784.5999755859375,764.25,768.4500122070312,1260326
2026-05-06,748.5999755859375,795.2999877929688,722.5,783.9500122070312,11996230
2026-05-07,722.6500244140625,748.5499877929688,709.2000122070312,748.5499877929688,8691588
2026-05-08,729.1500244140625,735.7999877929688,704.0,722.5999755859375,4551374
2026-05-11,733.4500122070312,737.2000122070312,715.0,728.0,1990591
2026-05-12,712.0499877929688,733.0,703.25,733.0,2937642
2026-05-13,710.6500244140625,718.0499877929688,705.0,711.0,1300856
2026-05-14,709.0,716.7000122070312,693.0,711.0,1986342
2026-05-15,703.7000122070312,726.4500122070312,702.0,708.2000122070312,1215690
2026-05-18,707.75,711.7000122070312,690.4500122070312,702.0,1166215
2026-05-19,743.7000122070312,750.9000244140625,710.0,712.0,3215754
2026-05-20,750.7999877929688,760.9000244140625,741.5,745.0499877929688,3194714
2026-05-21,750.9000244140625,756.9500122070312,742.5,755.5999755859375,2354499
2026-05-22,751.0499877929688,764.5,744.4000244140625,752.0,1465191
2026-05-25,756.5999755859375,772.6500244140625,753.9500122070312,753.9500122070312,1495776
2026-05-26,784.7000122070312,797.5,753.9500122070312,756.4000244140625,2237901
2026-05-27,771.7999877929688,795.0,766.25,783.5,1268829
2026-05-28,771.7999877929688,771.7999877929688,771.7999877929688,771.7999877929688,0
2026-05-29,771.9500122070312,793.9500122070312,764.3499755859375,778.0,1432401
2026-06-01,786.0999755859375,805.8499755859375,776.0499877929688,776.0499877929688,2194206
2026-06-02,809.25,826.0,783.0,789.0499877929688,3897702
2026-06-03,774.25,800.7999877929688,770.5999755859375,800.7999877929688,2235273
2026-06-04,773.0,779.4500122070312,758.0,770.0,758769
2026-06-05,777.7999877929688,784.2999877929688,767.25,780.0499877929688,848126
2026-06-08,755.2999877929688,770.0,751.2000122070312,770.0,901646
2026-06-09,756.1500244140625,773.0,746.0499877929688,756.0,683944
2026-06-10,732.9500122070312,760.4000244140625,730.0,751.5,700519
2026-06-11,736.9000244140625,742.4500122070312,718.2000122070312,726.0,764143
2026-06-12,749.0,752.0,736.2999877929688,742.0999755859375,675160
2026-06-15,757.0,774.0,754.0499877929688,763.0,991468
2026-06-16,756.5499877929688,767.3499755859375,751.2000122070312,765.0,1065809
2026-06-17,752.0,767.7000122070312,748.2999877929688,760.0499877929688,981294
2026-06-18,745.9500122070312,758.7000122070312,741.4000244140625,752.0,724879
2026-06-19,760.0499877929688,769.8499755859375,711.0999755859375,729.9000244140625,2632393
2026-06-22,756.4000244140625,770.9500122070312,753.0,763.7999877929688,868628
2026-06-23,741.1500244140625,756.0,738.2000122070312,753.5,1050698
2026-06-24,736.0499877929688,753.7000122070312,733.0,740.1500244140625,1624553
2026-06-25,742.5999755859375,749.5,733.2000122070312,741.7000122070312,1108161
2026-06-26,742.5999755859375,742.5999755859375,742.5999755859375,742.5999755859375,0
2026-06-29,712.2000122070312,743.7999877929688,708.0499877929688,738.9000244140625,1861006
2026-06-30,671.5499877929688,716.0,669.3499755859375,712.5,5466149
2026-07-01,557.5499877929688,604.4000244140625,555.5,604.4000244140625,26085834
2026-07-02,558.7999877929688,570.5,551.8499755859375,561.0,9825945
2026-07-03,558.6500244140625,568.5,556.5,565.0499877929688,4156593
2026-07-06,558.0,562.0,543.3499755859375,560.9000244140625,4760308
2026-07-07,562.4000244140625,566.4000244140625,556.3499755859375,559.4500122070312,3766444
2026-07-08,554.5999755859375,567.7999877929688,551.0999755859375,562.25,2948579
2026-07-09,548.1500244140625,557.0,546.5999755859375,556.0499877929688,1950385
2026-07-10,561.75,567.4000244140625,554.0499877929688,554.0499877929688,4155099
2026-07-13,573.4500122070312,578.9000244140625,556.5999755859375,560.0,5545256
2026-07-14,555.5999755859375,576.5999755859375,552.5,573.4500122070312,3059510
2026-07-15,551.5999755859375,555.7000122070312,543.0,553.0,3117204
2026-07-16,551.3499755859375,562.7000122070312,550.0,554.9500122070312,1575224
2026-07-17,554.0499877929688,557.9500122070312,547.0,553.9000244140625,1542011
2026-07-20,561.2000122070312,565.9000244140625,552.4500122070312,555.0,1589210
2026-07-21,564.4500122070312,578.4000244140625,560.5999755859375,561.9500122070312,3564358
2026-07-22,554.9000244140625,564.4500122070312,551.0,564.4500122070312,1120151
2026-07-23,550.9000244140625,555.7999877929688,548.0,551.7999877929688,2116765
2026-07-24,583.2000122070312,587.0,546.1500244140625,547.0499877929688,9475364
2026-07-27,585.2000122070312,594.0999755859375,580.7000122070312,585.7000122070312,5068869
2026-07-28,602.4500122070312,606.4000244140625,587.0,587.0,8904454
2026-07-29,638.75,662.6500244140625,606.6500244140625,610.0,28550031
2026-07-30,589.75,621.0,580.1500244140625,610.0,15706759
2026-07-31,598.4000244140625,607.5,575.5,585.2999877929688,6237877
2026-08-03,619.25,622.5,598.4500122070312,602.1500244140625,4526739
2026-08-04,625.5999755859375,629.2999877929688,617.9000244140625,624.0,2142520
