Date,Close,High,Low,Open,Volume
2021-08-04,1839.8505859375,1909.5143165022905,1827.7790070036192,1875.6563614569059,1344796
2021-08-05,1902.853271484375,1921.3452947048286,1852.0902953462564,1865.2679357576546,1903292
2021-08-06,1906.003662109375,1930.4833365757281,1887.5596599964097,1913.2657487054507,986612
2021-08-09,1870.5823974609375,1911.3177815684444,1846.8241311454997,1892.4891247902622,497306
2021-08-10,1869.0916748046875,1890.0845516754416,1838.9367968028582,1880.2974256690384,427094
2021-08-11,1822.0557861328125,1882.0045984433618,1798.7062470626665,1875.3917078291609,473354
2021-08-12,1843.6741943359375,1856.4190400774016,1808.421446594193,1839.586224947166,363672
2021-08-13,1837.3016357421875,1863.6570363967692,1828.380220898915,1849.6857773874624,244252
2021-08-16,1849.5172119140625,1889.4110706526337,1834.175352945781,1846.7518213458716,839682
2021-08-17,1854.1826171875,1865.8933759969739,1822.2723640051233,1855.0963515594515,461372
2021-08-18,1928.7474365234375,1959.5514219591378,1857.096477348575,1872.1733077402064,1433950
2021-08-20,1855.7718505859375,1946.0159802753458,1846.9810605760304,1918.078127093175,811136
2021-08-23,1835.685546875,1873.7388301931214,1815.0693141650495,1871.64356173461,328968
2021-08-24,1845.439697265625,1859.5531536052515,1830.411082424545,1847.2701318679287,302448
2021-08-25,1838.64794921875,1859.2881717110035,1830.4110524429989,1845.3433531339813,245514
2021-08-26,1830.9892578125,1856.9040512302247,1827.4248197733775,1840.045000181442,351450
2021-08-27,1842.5496826171875,1856.8557676072596,1830.9891908919733,1835.2280613777657,385356
2021-08-30,1910.05810546875,1926.2668303321361,1854.4954480566953,1856.903883703522,601582
2021-08-31,1951.5797119140625,1966.7287501606645,1894.523889130606,1917.1149707664572,670558
2021-09-01,2013.2115478515625,2041.3902475882096,1949.460203202479,1951.5796973320596,1126072
2021-09-02,1986.9595947265625,2043.798681315104,1975.3991025390624,2018.7509482421874,589604
2021-09-03,1972.003173828125,2030.2149979910607,1960.4667895813056,2001.1211398488308,486424
2021-09-06,1973.97802734375,2005.504546929835,1967.0417790848967,1986.4779035759911,256782
2021-09-07,1965.8372802734375,1986.5740512496911,1944.1613605623038,1981.6607487023216,211810
2021-09-08,1966.3675537109375,2019.955254207071,1950.8572495366582,1967.5958795792708,607496
2021-09-09,1983.298583984375,2001.8435388817443,1950.8329177752332,1972.2197797599724,249504
2021-09-13,2008.852783203125,2014.4161771307197,1971.449695868191,1982.1431298165737,373074
2021-09-14,1995.00390625,2010.586298510509,1985.5385649149168,2008.8524128052554,187754
2021-09-15,2027.228515625,2045.002723798565,1987.922798520004,2002.3734125145766,482286
2021-09-16,1971.5694580078125,2040.9082942855268,1964.801730561875,2039.3910269219327,462476
2021-09-17,1917.668701171875,1979.2524487652076,1902.6641938726136,1979.2524487652076,946712
2021-09-20,1900.6171875,1914.706537492872,1866.7786631581448,1914.706537492872,395878
2021-09-21,1907.3846435546875,1917.1146996662812,1859.9384631734995,1900.2556507998693,468886
2021-09-22,1919.8125,1932.5289947000365,1908.5891650203694,1921.88366082506,205156
2021-09-23,1946.0643310546875,1955.50532877719,1920.9924909998258,1932.528874896137,460416
2021-09-24,1873.59423828125,1950.832814147823,1849.6785200808988,1950.832814147823,651390
2021-09-27,1828.91796875,1885.8052705672842,1806.8085746865602,1882.9151475472577,627100
2021-09-28,1755.2440185546875,1840.7434950755608,1734.07389000081,1828.9662667591876,749508
2021-09-29,1793.658447265625,1797.9214256549722,1721.1645299647635,1734.073769322937,423246
2021-09-30,1771.0675048828125,1809.4579508648408,1758.158264516616,1797.9215660463199,432914
2021-10-01,1785.6385498046875,1791.8763754951979,1749.9213735345638,1771.1638259935062,427650
2021-10-04,1812.444091796875,1816.9238055053008,1755.2678545231483,1787.0592042483206,292292
2021-10-05,1818.417236328125,1823.0413624830514,1789.4918989843015,1810.9028696271894,295660
2021-10-06,1784.6270751953125,1830.4114698221968,1775.0174384986303,1821.9578354351074,421614
2021-10-07,1775.715576171875,1822.3188080806701,1769.742702532886,1811.14368968547,403952
2021-10-08,1768.70703125,1789.0343234296424,1759.1215038302266,1788.9861076740037,223360
2021-10-11,1780.4364013671875,1800.5468429653154,1758.158367261477,1774.0540456504164,313814
2021-10-12,1777.0643310546875,1803.4849184639952,1764.4682590303896,1772.6087248848005,269412
2021-10-13,1817.020263671875,1822.077978802439,1781.7848953020405,1785.0843817561476,362718
2021-10-14,1774.19873046875,1820.7778655734546,1770.2007026408587,1820.7778655734546,375136
2021-10-18,1737.49365234375,1782.2423386168311,1734.0736267623222,1782.194122865219,346914
2021-10-19,1780.797607421875,1791.0575684689657,1737.5179647567759,1738.890820338915,434136
2021-10-20,1698.7178955078125,1789.37139069765,1691.9260598718417,1782.2423975874206,424054
2021-10-21,1694.8160400390625,1724.8973755359364,1681.087957861682,1702.7879849636997,477958
2021-10-22,1629.716552734375,1709.9414676026067,1612.7129698277822,1709.9414676026067,520728
2021-10-25,1682.7982177734375,1693.3953353969373,1582.3905518106565,1654.5954107601053,621816
2021-10-26,1713.09619140625,1723.958259843557,1645.467364547704,1682.7981175898597,409436
2021-10-27,1692.0465087890625,1778.7743022633858,1662.3505435117359,1722.0315333914734,830040
2021-10-28,1721.6702880859375,1737.9031214474999,1676.7529615519754,1709.941158996826,473840
2021-10-29,1690.1678466796875,1724.1989936335647,1680.00420171685,1700.35548191828,231926
2021-11-01,1758.6397705078125,1763.7937994514857,1679.1613913969418,1679.1613913969418,368414
2021-11-02,1734.146240234375,1768.0570919070651,1715.071496417945,1758.6400830070688,288764
2021-11-03,1742.3587646484375,1760.5665627433382,1725.018026957942,1743.7075122109122,226194
2021-11-04,1753.1004638671875,1765.335271005808,1745.8992641600282,1765.335271005808,19342
2021-11-08,1760.229248046875,1769.2367735784303,1725.451461860148,1753.3410987817822,143114
2021-11-09,1755.8458251953125,1774.1018371755295,1735.4464467005503,1757.531730075841,134266
2021-11-10,1751.2940673828125,1777.4255954459406,1738.9147310644923,1755.7496735502584,153116
2021-11-11,1720.5865478515625,1741.8289987995704,1691.2036308809732,1738.8906600627492,341940
2021-11-12,1751.41455078125,1764.4201043761602,1722.5133205703382,1724.4400692510656,182942
2021-11-15,1766.9969482421875,1786.9146395822406,1750.812214386723,1761.7223803343409,445684
2021-11-16,1737.2769775390625,1780.3157730423904,1734.0738049114193,1769.7186553457095,445502
2021-11-17,1759.04931640625,1777.4256346680013,1729.7627133232756,1736.9639129032012,327786
2021-11-18,1736.024658203125,1768.2735905223813,1710.976925512533,1759.1456422252102,212026
2021-11-22,1672.3216552734375,1748.355909724532,1662.302537928889,1735.5189928014452,254996
2021-11-23,1644.865234375,1660.3514285584438,1589.5675283536073,1624.8270027353897,740110
2021-11-24,1651.560546875,1681.8105204694832,1637.1581495321018,1645.0096728324904,251392
2021-11-25,1649.1519775390625,1664.2288061625238,1634.8217873846963,1643.1549971119855,181212
2021-11-26,1761.5782470703125,1789.9254672797997,1635.352097024493,1637.7364250646317,1208978
2021-11-29,1871.5712890625,1900.1112523281465,1791.0573300287951,1806.3267889649655,2601374
2021-11-30,1825.3291015625,1889.8510631076808,1761.2166210795094,1889.176748228129,1642914
2021-12-01,1793.2490234375,1848.4744072219744,1782.2906409582038,1844.8135379034165,478458
2021-12-02,1827.0635986328125,1865.7189951877783,1802.1843849944876,1811.143813665683,901992
2021-12-03,1787.059326171875,1868.440346629552,1762.011594376474,1847.2702199108196,910140
2021-12-06,1741.467529296875,1820.1269397888661,1730.3405100856444,1804.881589892382,575240
2021-12-07,1713.481689453125,1758.134066695716,1700.3557140402083,1753.2449889486493,537890
2021-12-08,1715.5289306640625,1731.1837643708102,1688.7230855259654,1705.17265605806,292604
2021-12-09,1705.53369140625,1786.5775503567836,1696.0685864199877,1786.5775503567836,767924
2021-12-10,1687.0609130859375,1713.2888707101201,1677.7162300473378,1693.1302178054527,253984
2021-12-13,1653.1021728515625,1701.2949983470633,1647.3701424949252,1688.3857585058763,367084
2021-12-14,1675.1395263671875,1693.0583851673648,1649.7787410805638,1649.7787410805638,376588
2021-12-15,1676.1748046875,1695.4903869598738,1654.643414701374,1683.9781122369118,220634
2021-12-16,1698.284423828125,1702.4269805105664,1650.766031769019,1678.800201412383,329334
2021-12-17,1643.82958984375,1700.8855263005587,1636.84512623488,1698.6697183917775,233692
2021-12-20,1631.233642578125,1642.5532913602262,1594.3845731385186,1642.5532913602262,275560
2021-12-21,1639.7835693359375,1655.5588243541506,1620.7810337575443,1646.5993958383947,291672
2021-12-22,1639.0367431640625,1661.8205675080371,1615.3859760817734,1652.1868250877008,225500
2021-12-23,1677.0902099609375,1685.8568930066276,1635.3279555008705,1638.699765718398,189172
2021-12-24,1693.0340576171875,1721.3572862141486,1657.5096294805435,1692.3115268754252,333656
2021-12-27,1703.2939453125,1713.8428466543394,1671.4543782716576,1695.5387353072722,209274
2021-12-28,1716.9014892578125,1728.7750294220832,1683.978128408917,1703.4864562694895,143972
2021-12-29,1764.4200439453125,1768.17722726393,1711.4344570400478,1721.7185248109672,376290
2021-12-30,1797.0062255859375,1811.143791315893,1773.0905042111174,1794.4051618615772,905808
2021-12-31,1841.12890625,1846.2107297465818,1795.1759942587632,1800.0650723150632,413568
2022-01-03,1859.9384765625,1866.5375665035501,1832.7231546250935,1845.8250206042849,321514
2022-01-04,1845.439697265625,1868.946052580851,1835.709640821037,1866.513509069855,316590
2022-01-05,1841.99560546875,1875.2079079841942,1830.4110070228455,1844.139089575517,638122
2022-01-06,1834.3370361328125,1850.5458807293958,1823.1860246597969,1840.0450764069815,203776
2022-01-07,1806.254638671875,1848.6670989060465,1798.6920562025166,1823.18589525649,225408
2022-01-10,1779.6895751953125,1824.2456387136376,1763.9866439095797,1824.2456387136376,299406
2022-01-11,1766.5877685546875,1802.666092030191,1762.9751146312628,1772.608858427062,214056
2022-01-12,1769.1407470703125,1795.729856620563,1761.6022719355278,1765.383563442694,277940
2022-01-13,1790.9127197265625,1815.9363421964078,1769.6221724524894,1781.7606644078953,321022
2022-01-14,1752.040771484375,1796.2114615675355,1734.0738164771058,1796.1392555316118,239410
2022-01-17,1687.1572265625,1759.5788090438225,1682.0512964350564,1756.712794415421,502406
2022-01-18,1620.9012451171875,1685.3749947120218,1614.3984690836771,1684.5080519870683,721142
2022-01-19,1572.8289794921875,1625.694144640114,1556.3794102239603,1623.285708870277,717582
2022-01-20,1536.2930908203125,1572.7086897576828,1523.1671147725647,1571.2636281744444,564494
2022-01-21,1451.5640869140625,1519.6745963334563,1446.0005773467785,1517.3143765652221,847980
2022-01-24,1382.947998046875,1444.5798490470222,1358.4782658469037,1430.6109208635064,756740
2022-01-25,1428.106201171875,1442.1714435678853,1339.5961802114211,1368.4974115454468,732980
2022-01-27,1366.8114013671875,1420.9770980774103,1357.779767269238,1420.9770980774103,693194
2022-01-28,1359.34521484375,1407.008133752777,1349.7114720587258,1367.9914754734293,553910
2022-01-31,1430.82763671875,1463.7268940901686,1375.6503476396654,1387.2590555260174,712562
2022-02-01,1435.9576416015625,1457.1036609135713,1421.6996546070761,1445.0614818977567,273096
2022-02-02,1546.8663330078125,1577.5256781557114,1430.6110730144926,1444.8930523433703,952500
2022-02-03,1493.8323974609375,1557.6559501134402,1483.5965446770456,1548.1426281142935,348412
2022-02-04,1486.582763671875,1512.497554203262,1454.935943462087,1497.5652535088986,334076
2022-02-07,1459.198974609375,1495.638559461157,1443.6404565740056,1483.5963810435953,337440
2022-02-08,1444.122314453125,1475.3837662814801,1423.8673444401077,1459.5121967704756,266684
2022-02-09,1425.673583984375,1457.1036714427685,1421.9405084624968,1446.6751913794774,361370
2022-02-10,1410.476318359375,1443.1106234486174,1394.773387503382,1432.5376138067438,695836
2022-02-11,1366.6669921875,1398.8918184501736,1349.6875185864394,1377.649483738707,492586
2022-02-14,1300.00146484375,1352.4089348219063,1288.1036976739238,1339.090331620907,572486
2022-02-15,1306.576416015625,1312.5975054903515,1252.916513656625,1300.5553265408987,568230
2022-02-16,1306.6727294921875,1330.5885674374786,1290.9456908292013,1319.8228124204913,401704
2022-02-17,1307.75634765625,1329.3841686590983,1300.5551491465937,1317.4141973762717,261788
2022-02-18,1314.7894287109375,1319.8230368461777,1288.1038850705247,1300.5555472571825,263138
2022-02-21,1293.040771484375,1324.1336965225555,1269.606741702047,1312.597314289321,655790
2022-02-22,1284.97265625,1300.001389147446,1240.3443896205017,1270.690679541314,600288
2022-02-23,1283.4315185546875,1313.5128625975485,1273.8940878651897,1305.6373469338087,408338
2022-02-24,1227.2667236328125,1263.465468023458,1201.8095092331407,1263.465468023458,818722
2022-02-25,1214.3092041015625,1250.4598484322441,1187.6237828812516,1240.3444182253577,937342
2022-02-28,1212.04541015625,1216.2601731324517,1195.9329969271107,1214.309316463584,519232
2022-03-02,1200.6773681640625,1218.6684293686105,1196.2699779987922,1211.4431224751206,312150
2022-03-03,1178.7847900390625,1217.632929907927,1173.3417016314668,1216.2600744672816,427556
2022-03-04,1132.3743896484375,1177.7010841480135,1127.4610861788533,1177.7010841480135,636704
2022-03-07,1120.404296875,1130.7364625932837,1090.250634622697,1117.514174011178,662984
2022-03-08,1174.281005859375,1182.541893021375,1112.8176816100333,1116.8879143003498,501022
2022-03-09,1259.4671630859375,1264.4285634452374,1176.5206728438066,1193.1388768205154,701408
2022-03-10,1243.957275390625,1300.073837862264,1230.4700329081709,1300.073837862264,668428
2022-03-11,1270.47412109375,1277.4344777410456,1223.4855103553,1252.4589489249317,516296
2022-03-14,1266.8133544921875,1274.9539395439072,1244.896584705861,1270.2092731108332,262198
2022-03-15,1261.322021484375,1288.513239982058,1253.1092313320835,1266.8373163188082,388870
2022-03-16,1300.2662353515625,1304.8904789946262,1269.534689504964,1286.1046802937067,325152
2022-03-17,1327.626220703125,1369.2680551083129,1288.0315568726226,1315.0060397390648,1404034
2022-03-21,1283.0220947265625,1329.4566945545716,1276.4711016556575,1329.4566945545716,639816
2022-03-22,1277.7232666015625,1286.0804673453272,1250.0262579591724,1281.0227527236732,475188
2022-03-23,1282.7808837890625,1314.307279016226,1276.4707361291992,1288.512912885135,390648
2022-03-24,1280.565185546875,1289.958084218368,1262.0924377865151,1271.6539739867405,267928
2022-03-25,1270.0164794921875,1289.9582819189825,1263.6100164093768,1286.1047844375219,268142
2022-03-28,1235.358642578125,1278.8791144738896,1229.3375544685493,1269.5344327675787,429276
2022-03-29,1259.6358642578125,1273.412044647532,1231.6739048075176,1240.3442725378795,453036
2022-03-30,1263.971435546875,1283.6965046595637,1259.154563109128,1276.3748820740734,310520
2022-03-31,1257.5406494140625,1290.8011714462539,1252.3866203042298,1266.3555479922386,475040
2022-04-01,1251.326904296875,1271.5095488825496,1245.7392863059197,1262.0203355284186,396880
2022-04-04,1315.82470703125,1324.1579178844875,1257.6850940692605,1268.763898038465,513190
2022-04-05,1338.5604248046875,1372.7602137502977,1316.475138700159,1322.231276840842,534764
2022-04-06,1300.555419921875,1352.8184803150318,1291.4033632631654,1341.4988312897858,706588
2022-04-07,1361.8017578125,1368.1119064187014,1300.555284686381,1311.8749325345773,817024
2022-04-08,1350.5302734375,1386.56049381984,1337.8859864369706,1369.0993355810137,545004
2022-04-11,1331.0220947265625,1360.7180622131332,1322.231303727283,1360.7180622131332,343962
2022-04-12,1278.3013916015625,1331.1424488257321,1265.8738395201824,1330.901605248959,710316
2022-04-13,1297.569091796875,1324.1340956574982,1283.190680851817,1288.51334829644,439012
2022-04-18,1299.086181640625,1320.0395734070582,1277.4343670018584,1290.9216076791029,330178
2022-04-19,1307.75634765625,1346.3154229128627,1277.4582765918124,1312.11563936123,556422
2022-04-20,1313.75341796875,1353.6612433233704,1303.4694684074182,1323.6762197856497,587430
2022-04-21,1339.355224609375,1358.3336512251594,1327.0239865649962,1328.0114687395433,625240
2022-04-22,1317.7996826171875,1342.702883885425,1315.00587372456,1326.084677788906,232322
2022-04-25,1312.3564453125,1319.6780653854842,1287.1400797144386,1298.1466764974077,421104
2022-04-26,1309.37060546875,1331.6245351129862,1298.1472679072156,1319.3415090159049,230578
2022-04-27,1342.1729736328125,1353.5408369544664,1298.3876605020514,1309.370150599355,865974
2022-04-28,1291.4996337890625,1367.9915809180222,1284.6838072830546,1346.3156579809408,638260
2022-04-29,1252.38671875,1316.52332232622,1242.7529747596154,1293.1375028690925,428104
2022-05-02,1199.6900634765625,1257.5165117857177,1194.5841326440489,1237.9359761674218,569566
2022-05-04,1151.73828125,1213.3701391531592,1142.2730565679333,1213.3701391531592,471538
2022-05-05,1179.5316162109375,1192.1517982427536,1152.2199735177908,1163.2264562732655,325824
2022-05-06,1146.535888671875,1173.8716356237198,1136.1796144962861,1173.8716356237198,264988
2022-05-09,1137.2152099609375,1165.201282004615,1124.041136220117,1146.4154820880462,287256
2022-05-10,1115.8040771484375,1163.27436513371,1112.6972188235488,1131.9647031321815,304446
2022-05-11,1100.101318359375,1146.4154938987563,1093.5262177611921,1115.5875142308905,300454
2022-05-12,1108.3140869140625,1117.5384678154137,1068.04510553815,1088.6372343688363,275494
2022-05-13,1100.775634765625,1134.5659436076282,1093.4781209841663,1134.3733157742247,275868
2022-05-16,1062.7706298828125,1091.021537897205,1036.229617395745,1088.6131018312067,1509336
2022-05-17,1052.2935791015625,1071.7536889304818,1038.493174524921,1064.8655405783788,694512
2022-05-18,988.3980102539062,1032.2556526120175,971.8520669661466,1009.1346673925228,3226870
2022-05-19,924.4058227539062,965.7104969811807,916.6747790675732,963.3743260005698,1641602
2022-05-20,945.6723022460938,953.4274536422274,927.2959256163263,927.2959256163263,916698
2022-05-23,953.8128051757812,972.3818092041859,933.7746318456528,945.5518589376039,1085950
2022-05-24,947.4545288085938,965.7827486304132,911.0389915428686,962.4109385354442,1125292
2022-05-25,884.353515625,946.4911591064073,877.0800512875044,946.4911591064073,851600
2022-05-26,968.2874145507812,1006.6056480490306,869.7101935569297,891.1211622876931,2335206
2022-05-27,1061.879150390625,1065.106430253655,964.3375182953192,979.9923481377757,2996032
2022-05-30,1009.7606811523438,1083.844179911392,997.573974124332,1083.7959641621183,1833518
2022-05-31,1004.1732788085938,1038.0359123700614,992.2756285300818,1012.9399622980545,1374546
2022-06-01,1028.185302734375,1035.1456583504487,999.500810180168,1004.2454755236744,669308
2022-06-02,1032.4481201171875,1036.614784241211,1002.8966860322971,1024.813449868091,578896
2022-06-03,1033.026123046875,1059.2298522520111,1026.1860726681532,1033.700437895778,585668
2022-06-06,1048.7535400390625,1087.6497845484917,1031.9185945731324,1044.779620321381,1654910
2022-06-07,1019.29833984375,1049.1147307438575,1014.4573599216742,1049.1147307438575,411032
2022-06-08,1024.042724609375,1035.627323539075,1001.547959287731,1022.3568196640788,512238
2022-06-09,1026.2586669921875,1042.8527671810286,1002.2224056323864,1023.5852795656748,392184
2022-06-10,1000.65673828125,1021.1766558585409,992.323645499275,1013.95134933124,394604
2022-06-13,990.46923828125,1007.6895545212766,973.5138735032589,992.2755651595744,346100
2022-06-14,981.9673461914062,994.5634760767393,968.311528167219,982.6417199159939,275888
2022-06-15,979.9202270507812,994.6839497353648,969.9733757934875,987.8681237055096,225392
2022-06-16,973.826904296875,989.3854230279549,945.9131569966634,988.9037358697134,430410
2022-06-17,951.3321533203125,969.539951723995,943.4324720340666,963.3743324762657,369056
2022-06-20,961.3272094726562,987.458739530976,949.8871387097973,961.4476312701601,334300
2022-06-21,970.5996704101562,981.100474483359,961.4476139646015,964.8435321129656,341886
2022-06-22,953.1347045898438,971.5659653040261,940.2110896858742,971.0828395132235,489220
2022-06-23,964.222412109375,969.1502712544421,952.1683890533011,961.1303954608587,370580
2022-06-24,981.15576171875,995.2388868889625,967.3625591327274,970.116351880115,509156
2022-06-27,1018.7189331054688,1037.1984917636494,987.2674017775744,995.19061634881,1021184
2022-06-28,1048.6484375,1055.6295797807409,995.238871555298,1018.2115205543769,559278
2022-06-29,1054.132080078125,1079.7861058813287,1021.0621444075898,1024.6855877159164,761082
2022-06-30,1043.744873046875,1075.0756266133183,1038.7928338724962,1056.5960657918558,466142
2022-07-01,1081.8394775390625,1086.0668284058556,1037.9716300969546,1047.3925834572367,421392
2022-07-04,1061.403076171875,1081.1388099290948,1055.629747140339,1081.1388099290948,242040
2022-07-05,1070.9688720703125,1079.785915902627,1055.363888711218,1061.3305381560683,246574
2022-07-06,1072.1524658203125,1096.2121478335764,1066.7173020199036,1070.3649244271876,282652
2022-07-07,1053.1656494140625,1084.4722178637242,1050.7983807021494,1081.235299315591,257642
2022-07-08,1052.272216796875,1071.0657640316888,1048.3830303522145,1054.6636660179192,228318
2022-07-11,1032.8260498046875,1055.122251623326,1025.5308052271982,1048.3826723199606,270438
2022-07-12,1004.0078125,1032.729735052884,1000.0703844949226,1032.729735052884,474206
2022-07-13,969.4642944335938,1008.7665622551286,966.734622161165,1008.7665622551286,659350
2022-07-14,960.7679443359375,978.2812511292932,955.6226437864146,969.4642070195348,531864
2022-07-15,949.7044067382812,973.3775675828321,945.9843621956898,966.2514630428908,383432
2022-07-18,974.7304077148438,978.3296710627023,950.7915025439004,960.4540178136555,332392
2022-07-19,976.9286499023438,1013.1631431921378,964.7297236831362,976.880349118321,891368
2022-07-20,1011.399658203125,1018.7915063562631,983.6441052478252,990.8909920743073,608864
2022-07-21,1016.1583251953125,1030.024009424364,1010.8439424074757,1018.4289924327203,353858
2022-07-22,1009.4912109375,1024.2265456748025,1002.4858878656676,1021.8109170293432,256332
2022-07-25,1013.5977172851562,1026.642111168235,1003.1139131988779,1011.520253187729,379142
2022-07-26,1004.6600341796875,1016.569037176176,987.7748121845376,1014.0326268951261,256052
2022-07-27,1048.4312744140625,1052.2237409156025,996.6884575749291,1000.5534637119138,539874
2022-07-28,1036.0631103515625,1058.9149805817551,992.8233582524882,1058.0453306924326,1307770
2022-07-29,1112.928466796875,1132.3017375904167,1027.8983392345697,1033.8890510416672,1402278
2022-08-01,1115.4649658203125,1125.683028534268,1095.0529023200666,1120.3686451377544,470490
2022-08-02,1123.267333984375,1146.9404950016801,1115.5856819773746,1123.267333984375,565850
2022-08-03,1139.66943359375,1151.3852327148459,1111.9380634729298,1122.7842126773874,789636
2022-08-04,1158.9219970703125,1164.3088016510737,1135.9735254427032,1156.6029700315048,500790
2022-08-05,1175.4862060546875,1186.625959964559,1103.3199742037816,1161.8762855010361,416202
2022-08-08,1171.1514892578125,1187.5947121325587,1152.7224367355177,1175.3894393928697,309704
2022-08-10,1175.8011474609375,1186.383962500103,1169.4321606272704,1171.1515813236492,375648
2022-08-11,1179.845458984375,1185.1489278539304,1169.6986179515009,1181.7828078497023,244714
2022-08-12,1180.499267578125,1186.1417484007932,1170.4007901227099,1181.7827138007085,243566
2022-08-16,1203.9898681640625,1209.8745187851316,1179.3612703129686,1191.421221220071,493230
2022-08-17,1201.4227294921875,1230.1439506406032,1193.8912619793073,1201.0837170832976,380386
2022-08-18,1222.999755859375,1226.825971955397,1199.4124426147341,1208.4211606903732,406190
2022-08-19,1187.1104736328125,1222.8061015162723,1181.8796082392537,1220.0454031338454,314826
2022-08-22,1214.40283203125,1241.5257131388062,1177.6900514542465,1186.1417112929505,882330
2022-08-23,1209.6077880859375,1220.5296144358185,1189.0476997777519,1209.8741971669344,390996
2022-08-24,1202.4884033203125,1223.4359910531102,1196.9670055286124,1208.4215351059026,407248
2022-08-25,1252.1329345703125,1262.4251016178393,1204.571038028198,1213.216387400278,981206
2022-08-26,1277.0517578125,1302.866951921787,1222.951321041826,1235.0597499630321,764582
2022-08-29,1258.0416259765625,1267.6557666147664,1218.5923850155393,1235.0598496779114,409646
2022-08-30,1242.9547119140625,1265.040419630009,1235.5443283183808,1258.308179134125,397146
2022-09-01,1199.655029296875,1239.8550258076027,1191.6393414572276,1230.2167606897403,334336
2022-09-02,1181.41943359375,1227.1650553284774,1164.927729422237,1199.7031616323536,306786
2022-09-05,1147.4915771484375,1176.8666968842012,1143.5685170957313,1166.1870388445875,491692
2022-09-06,1160.01171875,1172.047426021107,1143.5684961001707,1148.1212180272933,416802
2022-09-07,1226.535400390625,1260.9233394152386,1139.3305876443244,1139.3305876443244,739500
2022-09-08,1239.5399169921875,1260.7296684304638,1226.5354165252304,1226.5354165252304,699576
2022-09-09,1226.365966796875,1271.385083534072,1218.5438504779704,1241.356178703934,823012
2022-09-12,1208.954345703125,1226.3420069549902,1205.9998409628458,1226.3420069549902,276042
2022-09-13,1179.19140625,1197.959470992368,1168.7297946575634,1176.939285779466,844036
2022-09-14,1160.9805908203125,1175.9708045686443,1155.1443034992656,1160.9563503093248,444480
2022-09-15,1144.9007568359375,1185.6576927247884,1138.2168785462952,1157.5661297435638,302386
2022-09-16,1112.3773193359375,1145.675504701999,1105.475513641881,1142.406228320604,291102
2022-09-19,1104.797607421875,1121.9673408339195,1097.0239702088613,1112.0384263132653,259278
2022-09-20,1130.2008056640625,1142.0185855170862,1105.4027657821625,1105.4027657821625,312350
2022-09-21,1156.645751953125,1162.3367142368195,1128.990049641891,1135.8676144546098,536900
2022-09-22,1184.519287109375,1186.6262013368364,1152.7468360948856,1155.1442817095326,431844
2022-09-23,1218.0595703125,1229.7321440671467,1173.9607630910527,1182.0975334093941,1057866
2022-09-26,1243.3905029296875,1252.0117292017092,1203.5295255808728,1216.6551117039432,1116672
2022-09-27,1283.0819091796875,1288.337015356673,1231.8632477609024,1244.7224247025567,1011904
2022-09-28,1304.973876953125,1331.9271926624524,1263.6114124586175,1283.0091394046678,1551106
2022-09-29,1255.111572265625,1316.428718829768,1239.903429067037,1315.8959005265285,869134
2022-09-30,1219.9244384765625,1264.1202121781948,1214.8873784162508,1249.63857582,514410
2022-10-03,1158.4859619140625,1224.8643908321978,1151.2936263077627,1216.6548999297963,537814
2022-10-04,1170.88525390625,1176.9394692832213,1148.8479099340746,1158.486173515655,645706
2022-10-06,1199.58203125,1210.842869940446,1172.0958981023518,1176.7455820214727,374338
2022-10-07,1182.6787109375,1206.483834438899,1175.001919850971,1196.3127543412606,289946
2022-10-10,1150.05859375,1176.6245344438712,1145.6027154988753,1169.6742488550221,468004
2022-10-11,1098.1378173828125,1147.8792268991642,1090.485265554206,1143.035854633767,589346
2022-10-12,1115.71923828125,1128.0213560508316,1093.2459209097335,1098.1377740030994,411860
2022-10-13,1142.4544677734375,1162.4091342623333,1115.7190813346783,1118.8187917274956,870072
2022-10-14,1151.5118408203125,1171.1032594259982,1147.8793113540023,1150.4946852711848,351172
2022-10-17,1161.2469482421875,1166.7441046574293,1133.833414710144,1140.614135686625,250612
2022-10-18,1183.2840576171875,1185.6330216863728,1163.8620919306186,1164.830766164435,222958
2022-10-19,1196.86962890625,1204.5464195703742,1184.8581629061002,1191.6872453623578,267430
2022-10-20,1212.175048828125,1216.170831128727,1179.8940185103047,1197.9113405073765,328500
2022-10-21,1240.823486328125,1247.1683512583263,1210.8430594741033,1219.5611295023168,501964
2022-10-24,1235.4957275390625,1257.8237199628732,1227.964378606938,1257.8237199628732,59608
2022-10-25,1271.33642578125,1276.2282778640183,1242.4942456357219,1247.8945570841151,551950
2022-10-27,1257.60595703125,1294.4881926954804,1244.7467789149684,1273.0079058048482,549156
2022-10-28,1240.532958984375,1269.4236271790198,1229.9743838220736,1263.3936523724667,323972
2022-10-31,1241.3802490234375,1264.0956121031709,1230.2162550283365,1245.2307053849815,227018
2022-11-01,1265.258544921875,1285.9154826841327,1248.0886936915472,1250.6314644200188,903732
2022-11-02,1277.754150390625,1300.2758304287377,1264.1201053650323,1271.118754329749,453002
2022-11-03,1267.437744140625,1278.6501020933856,1256.8791704058815,1277.6329467590788,170228
2022-11-04,1248.8392333984375,1268.0916371555966,1236.028538069681,1260.729735343017,247908
2022-11-07,1271.5062255859375,1278.6501992369774,1236.0285259290781,1254.4333394029438,222078
2022-11-09,1165.2183837890625,1246.9260404771305,1158.050170044987,1235.0597798472259,1684868
2022-11-10,1142.9873046875,1161.2226711149176,1121.7491895322812,1157.5174206074887,868072
2022-11-11,1139.524169921875,1172.0958415517746,1129.9585117108636,1152.2380194428395,639128
2022-11-14,1203.190185546875,1215.4439376772125,1139.160845354375,1144.4885533896208,1227936
2022-11-15,1201.8826904296875,1210.8429280976097,1157.565839261315,1210.8429280976097,1080578
2022-11-16,1193.7215576171875,1209.7046842121279,1179.6757797004218,1205.9995521636706,491048
2022-11-17,1165.460693359375,1191.3242539910505,1153.691275090159,1191.3242539910505,426456
2022-11-18,1155.9190673828125,1183.671490949977,1146.135362542816,1170.933518745677,475030
2022-11-21,1176.2371826171875,1193.8912506869926,1148.6783237731697,1155.628610198444,642378
2022-11-22,1178.7315673828125,1189.5323119426469,1156.669981514889,1181.7829157736394,260422
2022-11-23,1181.44384765625,1188.127725186272,1171.6117780809504,1176.2372223505988,324682
2022-11-24,1158.824951171875,1190.2583805352808,1154.175267880193,1182.0731311375691,358648
2022-11-25,1175.9949951171875,1181.6132358470486,1147.9276772386695,1159.0189521314255,268212
2022-11-28,1174.0577392578125,1185.512267968057,1168.7300294862757,1180.7657392495896,155430
2022-11-29,1169.09326171875,1191.469618713604,1161.9976501554017,1168.2214310313873,306218
2022-11-30,1184.4952392578125,1198.734707269852,1164.806858875419,1165.3154366429349,419832
2022-12-01,1181.1771240234375,1195.80408105915,1176.987655331085,1189.7741077041821,445526
2022-12-02,1200.260009765625,1203.5777664001248,1181.2982584506658,1187.0860634969579,498386
2022-12-05,1207.5980224609375,1215.6864304404862,1194.1576645148325,1200.8415418454174,377068
2022-12-06,1204.11083984375,1212.4414165853555,1192.8015181773349,1212.4414165853555,492882
2022-12-07,1193.624755859375,1205.8785103295525,1185.003530288674,1194.0364897665356,277846
2022-12-08,1188.5391845703125,1199.4852520020224,1182.8724632833962,1199.218842907028,125688
2022-12-09,1189.58056640625,1198.734491588923,1179.8453420244914,1187.3040871180488,164290
2022-12-12,1175.462158203125,1191.4695265073078,1162.7967875674665,1189.0478404778214,397600
2022-12-13,1142.4544677734375,1186.5775102136554,1125.6237521835974,1175.9705741620603,857564
2022-12-14,1151.2452392578125,1176.4307726813884,1141.9702295359523,1152.2381541285952,483710
2022-12-15,1144.4888916015625,1154.1271553241093,1134.1967253101816,1150.3009384484599,224008
2022-12-16,1108.5751953125,1140.880461381873,1104.288763995806,1138.1923663991859,291388
2022-12-19,1104.8212890625,1114.919645579851,1090.3637808606002,1108.1389268982082,294106
2022-12-20,1107.7276611328125,1121.7249589611913,1092.1803896621273,1109.7133727116386,307194
2022-12-21,1177.0843505859375,1181.7823962990037,1119.2544361471028,1130.8785252910275,3563660
2022-12-22,1149.550048828125,1191.1546832703643,1126.3503453538922,1185.6574090141685,1204502
2022-12-23,1136.1583251953125,1169.6259576479479,1120.586811927283,1144.9732393447107,1105522
2022-12-26,1103.58642578125,1144.5612773149887,1085.4721456039879,1138.1680506479913,830614
2022-12-27,1090.8729248046875,1120.7565125754152,1087.6278885428826,1111.4815005758728,603518
2022-12-28,1100.6077880859375,1120.2719253847602,1092.6889459425272,1095.449644288362,914652
2022-12-29,1106.6378173828125,1128.1908211987084,1091.6959685624547,1104.773072001313,1173218
2022-12-30,1094.8199462890625,1118.4071431206628,1089.7586464470623,1113.9755052569972,531284
2023-01-02,1065.6142578125,1100.849782979797,1046.168169915624,1094.8440500436427,1002408
2023-01-03,1084.576416015625,1095.1833543790242,1062.175818441855,1068.1815529792905,564152
2023-01-04,1089.2742919921875,1099.542216315448,1075.252754612929,1082.517812140667,570440
2023-01-05,1098.1378173828125,1102.4000086256408,1066.2684042272194,1094.7232162864286,406224
2023-01-06,1077.6502685546875,1101.5038756226957,1075.1801015394458,1092.1803845352001,312546
2023-01-09,1079.514892578125,1098.9609816449547,1072.70993204383,1081.0162667793093,371782
2023-01-10,1079.8782958984375,1091.4539079744497,1074.429502259781,1082.4694290365426,211342
2023-01-11,1056.4844970703125,1088.7655161787343,1053.4331498146812,1085.278312849309,328998
2023-01-12,1051.9078369140625,1062.1515218025206,1041.3250213750202,1061.7882688880875,351086
2023-01-13,1052.1016845703125,1057.4293947925582,1041.3494203165164,1057.4293947925582,224208
2023-01-16,1042.1968994140625,1053.917837003517,1040.2110694262967,1051.496150797167,191418
2023-01-17,1035.34326171875,1047.4275682120822,1027.3033359740912,1047.4275682120822,274600
2023-01-18,1045.5386962890625,1047.185513726815,1031.61400170518,1040.792168051192,137186
2023-01-19,1030.8389892578125,1048.3962104131786,1029.700749691261,1045.5385503669654,203824
2023-01-20,1019.9655151367188,1038.9031442251041,1017.1079733672349,1035.028447183705,260380
2023-01-23,1043.2623291015625,1047.3307142841838,1016.2605301937574,1028.417441215826,253884
2023-01-24,1027.424560546875,1050.5031816041244,1022.7991164821101,1041.3250150048711,269330
2023-01-25,1002.3600463867188,1025.7293155984225,997.7346026136748,1023.4044734576189,299774
2023-01-27,993.109130859375,1019.5297472460729,980.12893012132,1006.9369807717746,239366
2023-01-30,996.9113159179688,1002.5780376991642,985.1418979130917,993.8599678061279,150144
2023-01-31,1017.7378540039062,1023.162407378361,988.314367022493,1002.5780749222283,174920
2023-02-01,994.1021118164062,1025.8261986977582,988.5322339670087,1018.5611406333263,173458
2023-02-02,979.0634155273438,997.2018201336077,955.621542196574,997.2018201336077,545116
2023-02-03,913.0240478515625,977.2471490252072,910.0453622340169,971.5804274099303,842454
2023-02-06,952.8366088867188,968.5533275700568,910.1180318492674,913.024055084882,718726
2023-02-07,927.457275390625,954.4590731052857,923.2677469699005,952.8365553811506,416616
2023-02-08,944.312255859375,952.2069762086538,925.3505009613046,933.8021618160145,397882
2023-02-09,953.2239990234375,956.5659374142317,932.9302592101125,934.867607944116,246320
2023-02-10,952.4005737304688,961.4092328026218,941.3092412855896,954.6285127727796,137776
2023-02-13,946.00732421875,958.5032466879084,942.0842050185408,946.879154762436,168330
2023-02-14,955.3551025390625,965.0176057823861,938.6697100755531,950.7296587482151,293318
2023-02-15,951.4561157226562,963.8309538802944,947.8720680168283,958.6727512723273,159252
2023-02-16,964.4364013671875,975.3097473152463,947.8962749880286,951.2624538339463,533788
2023-02-17,952.8366088867188,973.0334467249627,948.0900806192706,964.3153770181189,513834
2023-02-20,951.504638671875,965.3808516977715,938.1368850921767,958.4790468243541,480486
2023-02-21,960.2953491210938,978.3611504494628,952.9334472818407,956.5659763057866,626712
2023-02-22,939.517333984375,961.2882677016107,926.2222422321317,959.3266783719242,368048
2023-02-23,924.1637573242188,941.4788114341038,906.7760408130108,939.5172813375277,591600
2023-02-24,939.5657348632812,944.4575287001151,911.3288527918418,928.7892322922158,347062
2023-02-27,920.9187622070312,935.4973000755186,907.4541644225743,931.3804338831077,345562
2023-02-28,963.5161743164062,968.6743771996327,920.2406583396511,927.0213789800484,626062
2023-03-01,954.1685180664062,971.2171637420106,949.3009055899967,961.4093355082364,265180
2023-03-02,959.4719848632812,968.1900543875312,946.9034582817648,954.144275709573,360692
2023-03-03,948.6954956054688,964.1942860888765,945.4504599972828,959.4719983634633,233856
2023-03-06,948.7922973632812,959.8352087427633,946.8791891470177,949.7609717255799,228202
2023-03-08,925.1082153320312,952.2310962693022,920.7249403884291,949.2281704059055,468818
2023-03-09,911.1109008789062,932.3006525712882,909.1008897508764,925.5683539232418,474600
2023-03-10,886.603515625,911.0383045567359,880.089144586868,911.0383045567359,450370
2023-03-13,887.9595947265625,899.2204346383717,876.8198391148802,883.9396314362627,665400
2023-03-14,888.008056640625,898.397125533626,862.1202557561036,887.9596347430307,886932
2023-03-15,897.4041137695312,906.6791824013195,889.0008756931741,893.1177416389066,435158
2023-03-16,904.257568359375,905.7105799850194,889.2915367905986,901.8116418069292,343554
2023-03-17,885.5136108398438,907.502469551497,881.4935889552243,905.1776867688232,380790
2023-03-20,866.8182983398438,890.1875691874579,853.4264215153634,885.5137623164917,550600
2023-03-21,862.0475463867188,876.7714089682331,858.7782703140573,871.1531093198533,312164
2023-03-22,886.191650390625,895.5151404301222,859.7468541032339,864.5418036624698,611266
2023-03-23,885.9981079101562,896.0238648021777,876.8198820373188,883.9154341967429,418994
2023-03-24,880.0890502929688,888.7586973671279,873.8653295502128,887.7900230375724,224802
2023-03-27,885.1748046875,907.6238258817572,881.4938531692361,884.7147079189182,707532
2023-03-28,876.7955932617188,890.3085528637846,870.499210118062,890.3085528637846,242602
2023-03-29,871.8311767578125,880.791414713707,869.2641660184687,876.7956329225649,277084
2023-03-31,885.4168090820312,888.7587475322679,867.4721515880608,872.2912830003348,387134
2023-04-03,892.0037231445312,893.1177222608347,882.0022080978075,886.2401582441103,153468
2023-04-05,897.7431640625,898.9297664519139,883.9153145338054,892.0037214339627,172552
2023-04-06,889.2916259765625,903.7248998880701,886.33718053276,900.8188763453397,209964
2023-04-10,896.580810546875,906.0253858514606,891.6647761919008,900.3828457038261,248126
2023-04-11,901.5210571289062,906.6550197480353,895.0794076875293,904.7419114111922,270412
2023-04-12,928.3289794921875,938.0399628706771,903.2887728172519,907.0908075698884,915886
2023-04-13,924.2364501953125,933.2209287908089,912.9756104379217,929.8305684337449,269464
2023-04-17,915.6879272460938,925.5684182609597,912.1280605389599,924.5997438305453,241880
2023-04-18,919.5625610351562,930.8718223993288,908.6165525571339,913.5083462659856,462498
2023-04-19,922.129638671875,925.0114214618746,906.9456787534283,924.405999941018,724422
2023-04-20,921.6936645507812,925.0840248512833,910.6023311716432,922.1537612280013,276218
2023-04-21,924.6723022460938,929.9273486154548,917.0439919644826,920.6038582712634,407846
2023-04-24,928.1353149414062,932.349024545923,911.3045987840188,929.9273387678817,319634
2023-04-25,935.4730224609375,940.5828033581172,916.8018596498596,918.7876302627952,350622
2023-04-26,934.8677368164062,938.1612537675028,925.6169071609432,928.4745087621594,430308
2023-04-27,935.4487915039062,939.1297420514145,925.3503736628543,932.3490218921985,329472
2023-04-28,946.6370239257812,950.027384205894,927.5057052022876,931.3319807716246,273020
2023-05-02,947.5089111328125,955.112981709109,942.2053831894661,946.4191524062173,326874
2023-05-03,936.756591796875,951.2140457796411,934.3107243452511,945.9105769468057,209434
2023-05-04,950.5601806640625,952.7639385820771,936.4417394034482,937.4830762122156,162732
2023-05-05,942.278076171875,952.2069893363691,939.6142214204253,952.2069893363691,137844
2023-05-08,934.7708740234375,943.4647038398166,925.4716226565251,942.4960293589633,428712
2023-05-09,934.4076538085938,947.4363378568705,931.1626178333993,934.770906751632,166586
2023-05-10,944.3848876953125,946.8792361266276,932.8334571764117,932.8334571764117,209350
2023-05-11,923.316162109375,954.1199946271731,914.4770086620565,944.4574916312984,864094
2023-05-12,988.48388671875,997.2503789538798,916.462903527278,925.0841300640652,1545492
2023-05-15,972.98486328125,1006.4525468300275,969.1585881650072,978.8453306754021,945190
2023-05-16,984.8269653320312,994.7074553497966,973.5177043228686,974.9707158218579,640988
2023-05-17,975.2612915039062,989.5008158026496,961.4092605816248,988.0235638184755,283818
2023-05-18,957.123046875,980.782909180467,954.3138672389322,977.4167890179909,221116
2023-05-19,939.6868286132812,962.1842678611162,936.7081430143209,962.1842678611162,271624
2023-05-22,977.4892578125,980.758533726615,935.2550800231342,941.5272227572344,414380
2023-05-23,981.121826171875,989.5977270317605,959.9563145310378,976.8112724616872,421448
2023-05-24,991.05078125,995.6519847719153,961.8937046867198,981.1218683869196,460076
2023-05-25,981.0491943359375,996.2815749314815,977.7799183851415,985.6261570177758,216368
2023-05-26,981.2428588867188,1004.2973553122049,978.3610763951276,980.7827622277888,273924
2023-05-29,990.8086547851562,992.406991304765,976.9081998349004,981.2429944248493,173924
2023-05-30,984.6090698242188,996.2815840942187,982.2600463144589,990.4937784144112,150958
2023-05-31,984.6332397460938,996.7659096719897,975.721482993157,981.5092886055817,295494
2023-06-01,971.265625,995.7973168332001,968.626010820124,991.9226191023316,389758
2023-06-02,976.0363159179688,984.8754699459075,968.3111611154314,982.4537839108558,336478
2023-06-05,977.6588134765625,987.7814129825937,969.4735035180755,978.3610787204277,248144
2023-06-06,977.8284301757812,985.6020071217634,974.0263948043946,977.6589239725721,279750
2023-06-07,982.5748291015625,988.5322001599363,977.876782029844,984.9965150402198,240128
2023-06-08,972.306884765625,990.469528939329,968.7227778240425,985.5777352665162,315776
2023-06-09,947.1940307617188,976.4237681472422,944.4575138328979,973.5177450277563,415732
2023-06-12,949.107177734375,953.3209469035168,928.0143278718479,948.3322500288575,480080
2023-06-13,962.6928100585938,973.4450718322006,950.2695495358945,950.2695495358945,323042
2023-06-14,967.3666381835938,972.9122750442156,955.5972214871125,972.30685359117,822082
2023-06-15,965.9620971679688,978.7727921094116,963.8310017214338,966.2526876554073,732720
2023-06-16,981.4849243164062,985.6260303043044,965.0417028900868,965.7682085635298,1056554
2023-06-19,1027.3516845703125,1037.6438488690246,988.2415193583927,992.891144111056,2532464
2023-06-20,1076.802734375,1080.0720106403912,1030.6938542516484,1033.5756370881593,3280650
2023-06-21,1080.9677734375,1087.5789273674425,1061.6668932484677,1076.802427196467,735422
2023-06-22,1056.072998046875,1091.284287969251,1053.433384021248,1080.0476888556343,626280
2023-06-23,1021.8788452148438,1056.6784006055152,1016.6237395200109,1051.011679256038,628828
2023-06-26,1049.3648681640625,1058.2523835094573,1005.2659490380947,1021.8787361673312,765004
2023-06-27,1075.252685546875,1079.8054073399403,1048.589902483415,1057.2111271785113,915774
2023-06-28,1068.4237060546875,1089.2259667685105,1063.1928402372707,1075.688764621545,612828
2023-06-30,1094.311279296875,1109.1320429775692,1068.4962045093848,1070.3365910316393,831620
2023-07-03,1091.2840576171875,1116.6391513584172,1087.3367576662965,1098.9123667188553,629934
2023-07-04,1085.4722900390625,1100.6078278396562,1080.0719774503664,1097.9924542062693,323182
2023-07-05,1108.86572265625,1113.9755035063924,1082.517827610999,1085.4722134333397,512162
2023-07-06,1133.010009765625,1140.856248577377,1110.7062585650901,1113.975534590519,762570
2023-07-07,1142.8419189453125,1152.6981084179072,1122.8630126877142,1133.3003830567109,893424
2023-07-10,1158.7767333984375,1165.7996226917614,1143.0357746375394,1146.6198225645437,753248
2023-07-11,1179.8211669921875,1183.8654298706413,1156.3550535341435,1161.4405940837175,604372
2023-07-12,1153.23095703125,1188.6118083336828,1145.7237314511822,1179.33668126597,387620
2023-07-13,1140.6868896484375,1161.852523232286,1137.151322126498,1156.1130792062027,162286
2023-07-14,1141.36474609375,1156.4275606641709,1138.1923140796996,1142.987204614932,208482
2023-07-17,1132.719482421875,1142.7937206887966,1124.0498931023665,1138.3136012073933,343060
2023-07-18,1145.21533203125,1176.4550820485965,1132.8889736969393,1136.1340093517888,1127106
2023-07-19,1136.0369873046875,1154.538642157955,1131.9201216693052,1151.4630540612095,260558
2023-07-20,1137.2962646484375,1148.1212475652478,1130.5155443506465,1137.4415894469514,199346
2023-07-21,1107.630615234375,1138.2649409177052,1105.0637228572223,1137.1994228040824,386226
2023-07-24,1136.424560546875,1145.4331609168046,1107.703342857654,1109.1078733452043,240582
2023-07-25,1154.19970703125,1166.259655165531,1141.0741225347165,1141.0983630422909,553136
2023-07-26,1170.449462890625,1182.4609322704487,1141.8493242075324,1164.7342596071537,519908
2023-07-27,1202.1005859375,1210.3585581326583,1169.6742368508883,1176.915053715452,1191102
2023-07-28,1140.4444580078125,1208.1305768010786,1126.0839083673989,1208.1305768010786,1495570
2023-07-31,1126.7137451171875,1143.8834766267603,1121.2164701443562,1141.6071152479265,806212
2023-08-01,1137.562744140625,1146.9104756360914,1127.2463382569524,1127.5127473629861,443314
2023-08-02,1113.7576904296875,1141.631321403535,1104.7974517588877,1136.9816367406709,266562
2023-08-03,1126.2535400390625,1128.1908888127791,1105.7660531077318,1111.5538589199332,412548
2023-08-04,1138.168212890625,1144.00449997117,1119.3759053298816,1128.4572280963757,244538
2023-08-07,1149.937744140625,1155.628706968319,1135.335022991954,1135.7466387167547,299332
2023-08-08,1147.685302734375,1155.1198066814475,1137.0056454412963,1149.9374230749972,235576
2023-08-09,1154.296630859375,1159.1157623457532,1140.61410497171,1152.4318853425013,231612
2023-08-10,1143.278076171875,1158.2925308896586,1138.0956912572747,1155.6286760203743,164676
2023-08-11,1118.694091796875,1150.215172059646,1116.308760290202,1144.00831841717,420940
2023-08-14,1103.1402587890625,1119.0102572748901,1097.931394619943,1104.1382470709002,226504
2023-08-16,1110.97802734375,1116.9902034578397,1088.925537452928,1095.8138801410316,364266
2023-08-17,1099.391845703125,1122.3693466184163,1097.298530489212,1114.7750324448732,186746
2023-08-18,1091.407958984375,1103.0428351689682,1085.0794040318522,1099.1483398135695,177016
2023-08-21,1105.5743408203125,1107.1564797121964,1081.5744870902336,1089.9476291479348,185826
2023-08-22,1095.813720703125,1110.6371210980078,1093.3309321697423,1103.1159000947496,173232
2023-08-23,1088.2923583984375,1102.6289449724484,1086.4180850577081,1094.9129288768981,102598
2023-08-24,1075.197265625,1096.8847637806064,1071.960013397254,1092.8685648203307,243408
2023-08-25,1073.2012939453125,1079.7732551833724,1066.7023069585575,1073.4203355498,233716
2023-08-28,1064.5361328125,1084.6171276580542,1060.519933843389,1073.4934260033738,209860
2023-08-29,1057.087890625,1070.9620325855612,1054.824262371669,1064.5361379739447,137610
2023-08-30,1075.5623779296875,1077.8017606546603,1056.0898980623945,1061.5908973950218,303096
2023-08-31,1059.254150390625,1088.0004218687322,1053.9966760342356,1080.7226064646834,296564
2023-09-01,1071.5950927734375,1075.8546984800894,1050.1753612199877,1061.931825430105,222918
2023-09-04,1056.6497802734375,1082.32911254201,1053.9966787191233,1082.32911254201,243714
2023-09-05,1073.809814453125,1077.266107960013,1056.8687349591148,1063.099951639168,234226
2023-09-06,1090.142578125,1097.371665534443,1074.880973287407,1075.8545973574137,404978
2023-09-07,1090.7025146484375,1094.864781891108,1082.913521015599,1090.4591085974114,145234
2023-09-08,1079.456787109375,1104.965804994826,1076.3899668573322,1100.170659672825,330446
2023-09-11,1081.2337646484375,1094.8401356274487,1071.9599727219395,1079.7245999803952,248578
2023-09-12,1073.83447265625,1090.4590576239805,1061.4937389058437,1081.2339924914345,226420
2023-09-13,1090.7025146484375,1096.592988623516,1065.1448792906856,1075.854745535839,247456
2023-09-14,1125.1688232421875,1134.2721856833439,1092.9661317245457,1099.1973503344732,1285556
2023-09-15,1137.095458984375,1153.7444051107939,1129.4038058468532,1134.75873768492,817618
2023-09-18,1149.6552734375,1173.216926834523,1134.150263606942,1150.8235747040715,1219780
2023-09-20,1175.8455810546875,1182.8557447107191,1133.7850745208107,1134.2718864892609,1022824
2023-09-21,1163.943359375,1188.8924793424553,1149.8989016890519,1181.9797713362286,883738
2023-09-22,1138.945068359375,1170.7825162720408,1127.9430728491968,1164.4052334041016,355788
2023-09-25,1161.509033203125,1171.269637283941,1125.3388789050796,1138.9453689822562,446734
2023-09-26,1178.3526611328125,1180.5433148553682,1153.8172681298463,1156.7138942434601,462054
2023-09-27,1191.47216796875,1202.887883662934,1169.8090376420455,1175.6751450174797,587370
2023-09-28,1172.5355224609375,1204.8597942492447,1165.9148312028046,1195.0991891156116,444648
2023-09-29,1228.884033203125,1238.2064363236284,1170.344884798204,1179.0100441177897,992856
2023-10-03,1225.500244140625,1241.2730211991393,1207.34225513444,1237.8653378584838,819180
2023-10-04,1184.5108642578125,1234.9932418885253,1175.796977515741,1225.0866895874274,603630
2023-10-05,1187.8212890625,1204.0077881859952,1183.3426423984472,1192.2025970959273,305070
2023-10-06,1207.123291015625,1208.7541587055412,1185.3871834264974,1192.1052125893389,270498
2023-10-09,1206.880126953125,1226.2796359836204,1188.7463768775435,1190.4989479150233,439608
2023-10-10,1208.1456298828125,1214.595888609899,1193.2005258852637,1207.2937089188576,243048
2023-10-11,1214.6689453125,1219.3667525429498,1206.076760833077,1219.3667525429498,190980
2023-10-12,1240.177734375,1251.861220490883,1214.6687183783158,1214.6687183783158,749162
2023-10-13,1240.1046142578125,1260.8428492018995,1232.3887167805642,1234.5550060139062,460302
2023-10-16,1243.4637451171875,1253.5407283673471,1231.6585557335338,1238.9363703669508,216996
2023-10-17,1239.8614501953125,1250.4983400636804,1235.893979887754,1244.2914869889119,376800
2023-10-18,1219.171875,1249.208269242233,1215.56951388874,1236.5024290257907,258768
2023-10-19,1220.7540283203125,1226.7418395141462,1163.4806457466966,1175.6996741271983,604968
2023-10-20,1222.7255859375,1246.0925602043176,1206.6121812430201,1217.0299097300788,349632
2023-10-23,1188.9896240234375,1227.7886368993668,1185.947048914007,1217.0300437721846,188266
2023-10-25,1158.174560546875,1194.563760180033,1145.7364892767268,1185.8741178110076,355836
2023-10-26,1143.6429443359375,1156.1296229943755,1125.6552670128463,1148.9249013987985,317216
2023-10-27,1150.287841796875,1165.6711460568326,1139.8944785829665,1146.41771079098,170092
2023-10-30,1150.555908203125,1158.5153327082933,1134.393772019993,1150.2881378072739,363478
2023-10-31,1177.6956787109375,1182.5394348017996,1153.7445498016307,1153.7445498016307,374914
2023-11-01,1158.9532470703125,1187.3100446619683,1148.8275342030902,1177.6955081394756,973218
2023-11-02,1199.0908203125,1207.269284932716,1159.8538480205755,1165.8172944737742,1174770
2023-11-03,1263.1065673828125,1284.6237504634244,1187.3343355740847,1203.3504010475444,3073072
2023-11-06,1288.494140625,1290.5387274377697,1255.6099633134165,1265.711313216975,742324
2023-11-07,1296.112548828125,1307.9421038623543,1288.104515425622,1290.5385753565095,934718
2023-11-08,1301.9541015625,1325.5158695454627,1294.8709644331582,1294.9196931648567,681404
2023-11-09,1330.238037109375,1335.812010247911,1304.5587063730131,1308.5261762830455,688542
2023-11-10,1303.1468505859375,1328.6315034968957,1298.3761885960396,1326.538188359176,525986
2023-11-13,1276.95654296875,1308.5505927001852,1274.473754348618,1308.5505927001852,273628
2023-11-15,1281.6055908203125,1289.0538383447904,1268.33996354539,1288.9564997128903,203336
2023-11-16,1304.9725341796875,1319.7473258510838,1280.5102312936613,1282.5549367646036,593710
2023-11-17,1313.7840576171875,1324.128813976378,1309.4757233108842,1309.4757233108842,270228
2023-11-20,1313.0291748046875,1347.0574016023445,1259.9910363381405,1323.8607407502197,738292
2023-11-21,1321.2320556640625,1336.0310920646484,1313.345725492032,1324.0312245015525,310216
2023-11-22,1312.274658203125,1333.7918426660597,1300.8103312257347,1321.2320698898864,250626
2023-11-23,1270.4820556640625,1321.4512512744695,1266.5388306932402,1309.5243565770209,408316
2023-11-24,1308.307373046875,1327.5120844829694,1270.5794394985467,1270.5794394985467,1017056
2023-11-28,1288.859130859375,1316.7047534134088,1285.962623237382,1304.6561564462281,444716
2023-11-29,1299.3011474609375,1307.4552479554939,1286.4249946292016,1291.4148173199003,379714
2023-11-30,1313.3214111328125,1322.4247715808299,1299.3012020427884,1299.3012020427884,572776
2023-12-01,1335.349609375,1345.54829646266,1313.4916804267457,1319.2360854914562,551198
2023-12-04,1310.1085205078125,1345.9135693342787,1308.550745771061,1339.7310802802558,347528
2023-12-05,1313.56494140625,1327.9015321061247,1305.1674337795134,1316.826558279559,247260
2023-12-06,1306.40869140625,1324.2746674982154,1294.4330690265836,1321.5972015788298,244380
2023-12-07,1309.7432861328125,1314.392364376929,1301.5405754654764,1311.4471280866344,193772
2023-12-08,1284.4779052734375,1319.0415593966247,1269.1433263314602,1311.9584205914023,384504
2023-12-11,1247.0908203125,1279.7802032724967,1236.746063825083,1266.7823447737217,896714
2023-12-12,1227.253173828125,1255.8777460397732,1223.3830418140583,1252.7864419926684,414014
2023-12-13,1239.2286376953125,1241.8086461377181,1213.9630243402394,1229.2002632548617,584260
2023-12-14,1236.33203125,1248.6483984506656,1229.2246474581368,1243.8046428874243,396986
2023-12-15,1230.6607666015625,1251.5449543806335,1228.4701125470897,1251.5449543806335,225224
2023-12-18,1227.7156982421875,1256.9487873414544,1214.1336887852078,1225.3547309705964,399410
2023-12-19,1233.0948486328125,1259.7721711416114,1224.9163829136098,1241.3706529860528,724744
2023-12-20,1202.255126953125,1266.6847383360853,1198.1172252329648,1253.5408152249881,940214
2023-12-21,1261.2325439453125,1274.8632798434542,1191.0099134700647,1201.4763713918521,1680468
2023-12-22,1264.00732421875,1294.116693154296,1243.9993040132404,1266.1492494212716,1062684
2023-12-26,1265.7354736328125,1282.0436744637198,1263.7638614040352,1274.9605366013743,337146
2023-12-27,1251.91015625,1272.9647773352674,1240.1780571983948,1270.5794458392566,296266
2023-12-28,1248.136962890625,1259.9665156413794,1237.4758299915043,1253.5406224343521,411810
2023-12-29,1254.85498046875,1258.36000229375,1237.9626317179755,1248.1369526413405,241778
2024-01-01,1253.71142578125,1263.252870386603,1246.8960572700285,1255.9506898388659,194216
2024-01-02,1287.5205078125,1292.485966852889,1251.1313078041183,1254.0034513013309,568470
2024-01-03,1284.234375,1293.9462502867766,1276.0071811803032,1293.9462502867766,371458
2024-01-04,1284.5751953125,1295.8935745795832,1272.57532676957,1284.599559683192,237542
2024-01-05,1264.542724609375,1294.5302683696598,1254.514351250074,1284.8427584438898,270306
2024-01-08,1219.9266357421875,1270.1656156479871,1217.516939859247,1264.5672770600697,436120
2024-01-09,1210.555419921875,1251.4719937552545,1204.5189984462343,1231.6344040458207,453332
2024-01-10,1218.003662109375,1248.6240903272046,1206.0037934741529,1212.1131891848372,234188
2024-01-11,1218.8553466796875,1231.3420249077421,1211.5531678678271,1228.2264761549084,171060
2024-01-12,1194.3690185546875,1227.6912801162975,1185.874171922489,1223.821148029774,363520
2024-01-15,1209.5816650390625,1224.8189033057881,1192.6893136324247,1204.859612751123,280468
2024-01-16,1180.20263671875,1216.3970350622994,1178.5717690932393,1209.6060319101305,279696
2024-01-17,1186.604248046875,1188.6975634135465,1169.8092340745193,1180.202717797646,458518
2024-01-18,1195.5128173828125,1197.6061325498385,1159.4156397745683,1186.6041348770057,259216
2024-01-19,1191.69140625,1202.4012702016503,1186.8476506419843,1202.4012702016503,201172
2024-01-23,1154.2313232421875,1177.1114886544115,1145.371368065445,1172.340706989829,222128
2024-01-24,1180.324462890625,1184.6814066687155,1145.78505523525,1154.2556556337408,479050
2024-01-25,1168.592041015625,1199.4802342846453,1164.6975455654583,1189.768360025906,510542
2024-01-29,1182.5880126953125,1197.0463048568831,1150.482786105336,1168.3243977872019,338874
2024-01-30,1205.46826171875,1223.334239041041,1182.5880968320134,1182.5880968320134,491420
2024-01-31,1225.500244140625,1229.6868740707982,1204.8594668745945,1216.0561407081766,611036
2024-02-01,1216.835205078125,1249.4272415565147,1202.4742524667602,1220.1941600130958,985330
2024-02-02,1194.271484375,1226.766183888719,1185.898342128098,1223.3828644135865,693072
2024-02-05,1178.6937255859375,1213.5495173706613,1173.6065632198174,1194.2717118404548,1199052
2024-02-06,1223.4073486328125,1225.7926800171522,1170.1987704838716,1172.2433572205332,648422
2024-02-07,1217.71142578125,1224.7945637821279,1199.675137201939,1224.3321161763522,195086
2024-02-08,1177.1116943359375,1220.8760559440793,1172.024531503161,1218.5150884961643,329232
2024-02-09,1193.6141357421875,1198.5553481921831,1171.2207867348907,1187.7967568897539,236688
2024-02-12,1196.9488525390625,1219.4639046712157,1191.8373271901412,1206.319982345418,238108
2024-02-13,1211.7718505859375,1215.5141796213452,1189.8801692533884,1196.1174639347291,154044
2024-02-14,1200.8626708984375,1220.5529540244838,1183.9119531981073,1196.190791015373,172184
2024-02-15,1190.7847900390625,1211.2088670181597,1186.3086628577457,1203.4551274179073,216770
2024-02-16,1209.105712890625,1236.6965210456203,1192.1793598845636,1192.1793598845636,772142
2024-02-19,1223.3902587890625,1236.6964626652193,1210.793370373861,1220.0636779616523,550898
2024-02-20,1209.4481201171875,1234.8130461473224,1195.6037484072795,1225.4449221604889,356824
2024-02-21,1188.1925048828125,1213.1905329646872,1182.640041608995,1199.5174279318535,257106
2024-02-22,1195.7503662109375,1204.1400898939414,1180.438397916949,1188.192257794351,247602
2024-02-23,1197.560546875,1212.57894978122,1192.2771676344419,1198.5389460146037,174706
2024-02-26,1182.7623291015625,1197.5361330874173,1178.7019485479032,1193.6470201666064,192394
2024-02-27,1159.4520263671875,1192.644147756998,1156.4678610167152,1179.0200104791454,275790
2024-02-28,1131.54296875,1166.2516506578409,1125.158891154796,1159.476189561627,245714
2024-02-29,1150.4505615234375,1154.633241575996,1117.8209753208985,1125.15896859434,514920
2024-03-01,1138.905517578125,1158.6691315804762,1132.6682233295917,1144.726944436696,329854
2024-03-04,1113.051513671875,1149.4968879246185,1110.385399442101,1132.497199934245,535100
2024-03-05,1094.706298828125,1121.220890692287,1087.0992218985157,1112.928982162433,410738
2024-03-06,1074.404541015625,1105.0039975900982,1063.7889343775464,1094.7063228948048,402000
2024-03-07,1065.9903564453125,1085.1914397398334,1064.0090742823647,1084.1395889948167,290562
2024-03-11,1048.2811279296875,1072.202934144982,1043.462465395801,1066.4548403951458,392380
2024-03-12,1024.0904541015625,1056.671197119481,1021.4488238821649,1048.3792873065634,510078
2024-03-13,984.2205810546875,1030.5966623038985,978.3990944990697,1027.3190492240233,781282
2024-03-14,1003.51953125,1030.7434380701543,968.4927961648733,983.7802818979974,1097514
2024-03-15,989.2349243164062,1010.1971139877672,984.856552326461,1007.7511161330752,364412
2024-03-18,984.0003662109375,995.4965551131197,982.5572514907635,989.6261607800905,775732
2024-03-19,983.8047485351562,986.2751703563266,950.8571120866573,982.850773612069,968390
2024-03-20,1000.6087646484375,1007.261866539444,985.6881784758037,986.739969444436,588842
2024-03-21,1015.969482421875,1020.3233099282288,999.2877327339816,1015.0399317694925,544028
2024-03-22,1041.383544921875,1043.3158592629838,1010.2948895473166,1034.6570510909057,621918
2024-03-26,1109.259765625,1112.635194095414,1049.8220317668138,1049.8220317668138,2185680
2024-03-27,1112.806640625,1118.0410517552016,1098.6931862873564,1110.4339751103041,764404
2024-03-28,1106.9853515625,1129.0726655082076,1102.2889876760696,1106.1047684046075,1045056
2024-04-01,1119.3863525390625,1130.0509262929388,1107.0095804120153,1107.0095804120153,1131892
2024-04-02,1114.469970703125,1126.6266279882486,1105.8846136571283,1126.6266279882486,510188
2024-04-03,1121.049560546875,1124.1803894019365,1104.1476948612974,1120.2178258956715,223736
2024-04-04,1113.760498046875,1131.4939802448334,1106.5692891526046,1130.0263817181058,200806
2024-04-05,1117.478515625,1121.3431441571427,1101.8974627463833,1101.8974627463833,333656
2024-04-08,1120.658447265625,1129.7819718669512,1106.8385588159765,1117.7720980178144,275074
2024-04-09,1119.5821533203125,1135.921370741914,1115.5951052728194,1120.6583684584355,443846
2024-04-10,1127.262451171875,1134.3558440441725,1110.605184022992,1120.2668743145696,293056
2024-04-12,1153.7283935546875,1170.3856653328498,1130.0266946707197,1130.0266946707197,1333538
2024-04-15,1134.967529296875,1153.7282618575846,1116.3534610659349,1144.7025533355775,415118
2024-04-16,1138.56298828125,1144.2622347157828,1116.6957922179415,1125.1589683447971,461096
2024-04-18,1098.0572509765625,1138.3672422051968,1093.3608879796368,1136.8996436978416,706820
2024-04-19,1080.7396240234375,1094.7062950891286,1059.5084112865559,1093.3609963240767,491428
2024-04-22,1106.863037109375,1113.9074634128972,1089.2028841848114,1096.2962782205984,598976
2024-04-23,1100.4053955078125,1115.8641487171817,1096.149383404224,1115.8641487171817,350668
2024-04-24,1139.2724609375,1149.6189840202874,1100.4054597394704,1100.4054597394704,1082306
2024-04-25,1140.1529541015625,1146.1946166919224,1128.6079156660835,1142.281020049355,233490
2024-04-26,1168.379638671875,1174.0542810421593,1140.152732818888,1140.152732818888,533692
2024-04-29,1148.126953125,1189.170870359685,1139.8840116989004,1174.079015244499,851626
2024-04-30,1160.6014404296875,1164.123653278466,1151.1843491577574,1157.837510764826,395168
2024-05-02,1149.49658203125,1173.0759752118622,1146.1944852427785,1160.8459871064122,164282
2024-05-03,1134.16015625,1157.5684018160593,1120.7561367398168,1154.5109047167036,224274
2024-05-06,1144.53125,1158.8891843175813,1126.137300190483,1132.4968939795692,141722
2024-05-07,1136.2392578125,1150.4505282612138,1121.7590231649904,1150.4505282612138,192334
2024-05-08,1139.468017578125,1153.2879044501146,1126.1618141048875,1136.2392528718078,206766
2024-05-09,1091.67333984375,1148.1024393855764,1076.8260849097271,1146.683808385799,381968
2024-05-10,1148.591796875,1176.525144332982,1081.6937455288314,1091.4044062398682,1780172
2024-05-13,1220.210693359375,1242.5670931566335,1182.3955370707022,1182.3955370707022,3742758
2024-05-14,1218.8896484375,1231.8044688040695,1195.114502497356,1218.4982649101983,683176
2024-05-15,1210.1329345703125,1241.5151581829525,1206.8308375215254,1223.414774359971,373152
2024-05-16,1233.712158203125,1242.566716832683,1210.768749669642,1213.214747143722,692908
2024-05-17,1247.092041015625,1254.6256668449114,1223.1457452366512,1235.2289510893215,566068
2024-05-21,1250.6142578125,1252.889107547622,1222.9989650679638,1240.4878502684357,711064
2024-05-22,1265.0946044921875,1275.0497443381817,1235.8649294313118,1248.070435130703,1017286
2024-05-23,1262.7216796875,1265.0698610889758,1239.215620678871,1263.1130631599904,278582
2024-05-24,1284.73583984375,1289.040819788945,1249.8803717564779,1249.9048556207797,792148
2024-05-27,1287.74462890625,1295.400554956518,1269.619759641477,1285.2986308795196,219546
2024-05-28,1280.3331298828125,1294.5688855786811,1271.918920908119,1284.2222426965832,211884
2024-05-29,1298.3599853515625,1301.270698553738,1258.0255095781988,1273.3863264418721,332188
2024-05-30,1285.29833984375,1298.3354586007729,1276.3459652063423,1298.3354586007729,302410
2024-05-31,1295.3271484375,1299.3140772188226,1280.5532256572708,1295.1313969464993,431216
2024-06-03,1308.19287109375,1312.0086513019548,1287.0839592167413,1303.2275436538955,254622
2024-06-04,1293.688232421875,1308.1929515576537,1226.8880088236228,1308.1929515576537,482340
2024-06-05,1357.4066162109375,1370.1013221884325,1284.1489747017608,1284.1489747017608,763784
2024-06-06,1347.597900390625,1380.521052132936,1323.553791639447,1358.1156901216166,724680
2024-06-07,1368.9271240234375,1371.4219700672022,1341.8253973057851,1367.3127416224816,432102
2024-06-10,1364.760009765625,1416.3343627616707,1358.5338494159807,1387.4095696142363,750074
2024-06-11,1373.7069091796875,1383.781584352239,1357.9943513211456,1360.4456046628807,306898
2024-06-12,1349.0966796875,1383.463188133965,1339.070955314449,1373.7072453226456,723286
2024-06-13,1361.744873046875,1393.6111700461333,1349.2190628246456,1367.7504444044275,856434
2024-06-14,1348.28759765625,1372.6530361548605,1331.8152441610503,1368.1182166872775,472944
2024-06-18,1335.3692626953125,1350.0767819950456,1326.2505528534384,1340.198159717999,463244
2024-06-19,1313.4552001953125,1341.4240283818747,1309.9499553390722,1333.4819904649237,299660
2024-06-20,1323.1134033203125,1336.1540026271966,1299.3117033325536,1313.3818771829365,443212
2024-06-21,1310.6854248046875,1332.011333156662,1304.5572902207866,1331.6681815579893,583398
2024-06-24,1318.6029052734375,1323.6770485020795,1290.1194080067835,1290.5851222895276,271198
2024-06-25,1332.967041015625,1358.558102162133,1317.3035559794948,1318.6272088561907,506814
2024-06-26,1346.57177734375,1350.6408827069913,1324.7066646319727,1329.1678748624076,240194
2024-06-27,1347.184326171875,1369.4907320125928,1338.6785487257973,1349.1698653550593,356414
2024-06-28,1363.2401123046875,1390.3510002460985,1347.1598652326477,1347.1844017059357,652038
2024-07-01,1384.2230224609375,1406.0391813061692,1363.951105635441,1370.250875784778,467714
2024-07-02,1363.1422119140625,1396.2341375764252,1360.4458327860182,1394.4447702129546,214498
2024-07-03,1383.0218505859375,1397.214585330481,1364.8089640893998,1374.8836405637542,492008
2024-07-04,1424.9871826171875,1434.9392959980444,1383.5365807145215,1391.0618573215113,850956
2024-07-05,1414.373291015625,1438.3955756810549,1407.0195304037586,1434.8903309987777,470176
2024-07-08,1424.864501953125,1440.8957946428,1406.0389240675927,1416.6283864345203,724966
2024-07-09,1434.0570068359375,1470.1885847111037,1427.4386213724188,1438.3957740714077,1248556
2024-07-10,1445.602294921875,1451.6569392770218,1405.94105897937,1438.1505078086998,757016
2024-07-11,1444.4503173828125,1456.19179868167,1424.8402877596277,1451.6079063812017,674696
2024-07-12,1446.6563720703125,1452.4903077101721,1434.5226668586588,1444.450243850012,224948
2024-07-15,1469.2078857421875,1497.715916606124,1448.69084568612,1458.4958598701207,849670
2024-07-16,1469.7716064453125,1480.8022472541916,1448.862461854749,1473.2033613636304,616512
2024-07-18,1465.3348388671875,1489.0630450962758,1457.1476759306067,1464.869124629709,699694
2024-07-19,1467.7371826171875,1480.4591650076482,1451.1666841549725,1465.8496694477042,888316
2024-07-22,1503.2803955078125,1514.8747775636018,1465.3839895938443,1466.5360070118993,1401306
2024-07-23,1502.7657470703125,1517.3261713680308,1459.1088909641687,1505.0453653321792,639394
2024-07-24,1486.096923828125,1498.3777274125846,1468.815587199904,1495.264587690039,428376
2024-07-25,1479.9443359375,1494.112533629518,1453.1765992027583,1484.479155020704,319932
2024-07-26,1509.261474609375,1511.1979411393145,1457.0743060626376,1458.4959853655996,161430
2024-07-29,1509.0653076171875,1530.464824801787,1505.5355261332704,1517.2770077307337,157638
2024-07-30,1515.634521484375,1542.1815480668188,1504.089093972995,1511.0506297267648,460136
2024-07-31,1515.1689453125,1544.2897906312126,1505.0697324564514,1505.0697324564514,473230
2024-08-01,1519.2869873046875,1532.5237567971776,1505.3639146775229,1522.8167685646613,285848
2024-08-02,1518.1104736328125,1533.259173465827,1500.8780884862624,1513.4040187015214,187842
2024-08-05,1549.265869140625,1561.4486482281252,1495.33828631328,1495.33828631328,1080060
2024-08-06,1553.23681640625,1573.7047836073739,1525.1454267047682,1568.802276493332,789988
2024-08-07,1605.375,1647.2423621622452,1547.7949591776846,1562.8701682956873,1123804
2024-08-08,1562.1104736328125,1607.5076197719081,1545.4909019417166,1604.5906518436109,1738932
2024-08-09,1574.513671875,1600.6685955777148,1567.625745033566,1578.5827767757478,360476
2024-08-12,1582.0880126953125,1593.3147053585653,1521.492980947787,1562.1347143253518,667034
2024-08-13,1596.5506591796875,1620.9650510658971,1565.9589402043557,1581.0586874206933,430402
2024-08-14,1572.626220703125,1600.6440003553316,1568.802241301929,1596.550478821002,288740
2024-08-16,1618.195068359375,1626.995044868841,1573.8028416068573,1573.8028416068573,454020
2024-08-19,1623.1712646484375,1636.84933326684,1612.925071190786,1622.730086821125,173318
2024-08-20,1641.0733642578125,1645.2971032042076,1615.9760213503853,1622.2380665664682,319226
2024-08-21,1615.9024658203125,1662.511681847695,1613.4221806886553,1633.0678135613018,924184
2024-08-22,1623.9569091796875,1634.9829951667775,1615.2883228021042,1618.8490932819327,461226
2024-08-23,1622.70458984375,1632.9695043036597,1610.9909539416146,1615.8531998017584,408616
2024-08-26,1630.6610107421875,1637.9299182587029,1616.8600267856648,1621.7468535591522,563792
2024-08-27,1643.0870361328125,1652.1977223466195,1626.1426778031578,1630.661149376247,406676
2024-08-28,1651.55908203125,1668.331611664562,1633.878013896579,1647.77732199504,324290
2024-08-29,1649.619140625,1657.5510164792536,1634.688508461433,1636.5057054164022,437590
2024-08-30,1678.424560546875,1699.052474621146,1645.076147423107,1646.2548374072383,524892
2024-09-02,1664.598876953125,1695.8599394181488,1654.3585437989,1679.701455832319,222526
2024-09-03,1656.986083984375,1687.0684545346655,1652.0500955289274,1664.9671210691458,275426
2024-09-04,1671.4993896484375,1677.0737653872145,1647.8754708869587,1654.162096660977,679758
2024-09-05,1672.0888671875,1688.8122355448795,1666.0969733602938,1682.1572536693163,368320
2024-09-06,1659.2945556640625,1694.1901323054392,1652.1730143049006,1681.666042328982,275864
2024-09-09,1659.4173583984375,1664.9426922699781,1645.8864056915365,1655.1690385401762,214862
2024-09-10,1658.9754638671875,1685.595271978131,1645.837447105703,1659.0736680484051,247544
2024-09-11,1667.9876708984375,1674.5444481127022,1660.1539996321135,1660.1539996321135,148462
2024-09-12,1678.1297607421875,1687.608801323846,1672.3834378727859,1674.6426134081737,370898
2024-09-13,1660.9398193359375,1685.6686842582774,1657.6492002785424,1680.438083211683,462910
2024-09-16,1641.83447265625,1672.92370814726,1637.4633676581618,1660.9399210259862,293626
2024-09-17,1612.6607666015625,1647.261610903033,1609.6893408725716,1643.6762591931524,148572
2024-09-18,1589.454345703125,1613.839437412359,1576.5619002570972,1611.3592724048663,208820
2024-09-19,1608.3880615234375,1618.7756424214674,1591.2963361536342,1593.6538361886817,228052
2024-09-20,1616.7861328125,1628.598091435875,1602.3220621909138,1623.220124384976,363092
2024-09-23,1614.8463134765625,1626.1179704648814,1605.2936492287363,1618.0633095866824,179470
2024-09-24,1645.2969970703125,1658.8279492537022,1611.776639546533,1623.6622221888665,673780
2024-09-25,1636.088134765625,1666.7598523528727,1628.9420124682883,1655.144420922717,171592
2024-09-26,1611.5311279296875,1640.2628639978343,1582.5538214677958,1635.498822340668,348454
2024-09-27,1606.9390869140625,1622.4344833483813,1593.751908368751,1610.8682133445557,507724
2024-09-30,1622.090576171875,1630.5381733254146,1594.7340596172683,1594.7340596172683,201818
2024-10-01,1677.5650634765625,1680.4382851844773,1622.2872611130056,1625.6760847466373,224240
2024-10-03,1679.3822021484375,1700.7468251636503,1652.6640729160001,1677.1720687330705,548844
2024-10-04,1716.6842041015625,1731.2710596868046,1667.91390601316,1688.541816511556,1474390
2024-10-07,1699.2489013671875,1747.699891543448,1657.6247200970452,1733.7269602784945,712590
2024-10-08,1754.55126953125,1762.8024585933242,1682.157166727604,1699.3225129584212,575130
2024-10-09,1770.8326416015625,1778.6663129650449,1746.4965922694187,1755.8282669750201,305932
2024-10-10,1733.1622314453125,1794.6038725670553,1713.6884271021827,1784.8056377502132,323194
2024-10-11,1721.9150390625,1740.332818798135,1714.4005609488768,1733.162235165513,149244
2024-10-14,1679.7998046875,1728.4719077996128,1666.0724427818154,1725.9424606380219,212118
2024-10-15,1665.6304931640625,1686.0128375035868,1653.6465850296202,1678.7929714140053,170668
2024-10-16,1635.4251708984375,1665.3601773966807,1614.9445044884255,1662.4133327227125,416932
2024-10-17,1627.001953125,1643.6516966436639,1610.4505336831453,1635.4005079882334,567268
2024-10-18,1648.31787109375,1661.406726913868,1626.7076734781385,1629.0896346799436,425538
2024-10-21,1619.19287109375,1675.723100260266,1610.9416823975487,1660.0557580804007,216424
2024-10-22,1625.6268310546875,1643.0132867319473,1607.1600095428212,1627.6405562296466,347566
2024-10-23,1599.0069580078125,1639.4278667814194,1591.787212773691,1621.2064965124055,329950
2024-10-24,1497.537353515625,1658.0912215229998,1483.760831085173,1630.071616917143,2466024
2024-10-25,1541.02783203125,1544.3921943626012,1495.769256775736,1509.4720366781582,647570
2024-10-28,1521.38232421875,1539.5791157141034,1499.9440752321843,1524.9922572350795,539226
2024-10-29,1500.557861328125,1529.4123820230036,1484.595786050107,1522.5118301136386,481028
2024-10-30,1495.253662109375,1508.7846158324571,1490.7597715193297,1500.5580070058966,454036
2024-10-31,1528.9212646484375,1537.2706579985895,1479.340626353577,1500.4350991008598,798734
2024-11-01,1516.54443359375,1546.3320721529,1504.8060977106638,1530.3945787783623,39932
2024-11-04,1509.0301513671875,1522.511942733149,1500.4597681423725,1517.035770618741,154230
2024-11-05,1511.1954345703125,1527.9268964900502,1496.703059965302,1508.2920818822354,203262
2024-11-06,1525.6876220703125,1532.6015551517503,1509.8173415336198,1512.2039628004363,158078
2024-11-07,1511.73681640625,1537.3261114756267,1500.935205304413,1525.5156675974529,164830
2024-11-08,1505.9296875,1526.2288838272161,1498.5481615628305,1498.5481615628305,164880
2024-11-11,1481.103271484375,1515.6241618758154,1469.1698038098186,1498.64665116356,561832
2024-11-12,1491.0189208984375,1509.7680440789109,1481.8412720771253,1481.8412720771253,267682
2024-11-13,1455.21875,1490.0595805152013,1447.7880851085195,1477.4372177473517,412992
2024-11-14,1454.849609375,1471.3842767288327,1440.898596428359,1456.621223785065,298466
2024-11-18,1460.43505859375,1482.8994568092983,1435.9529950220074,1455.3663862278763,272580
2024-11-19,1496.702880859375,1512.3271118117784,1461.7636557374653,1462.2557574997456,426826
2024-11-21,1489.149169921875,1501.8452990962846,1481.767643591623,1486.6394029127773,130354
2024-11-22,1502.7066650390625,1507.1602105101772,1483.2932723918104,1483.2932723918104,97866
2024-11-25,1521.1357421875,1526.5242322319914,1498.5482001528812,1518.4291826075062,225830
2024-11-26,1524.5067138671875,1546.971232630031,1518.7245178439227,1521.6524994613385,228718
2024-11-27,1492.0279541015625,1528.7387946082836,1486.7378600152822,1524.5066712824455,182392
2024-11-28,1466.758544921875,1497.4410173845788,1461.5422182410375,1492.0278980577602,173024
2024-11-29,1477.732421875,1483.1947998183396,1462.0344227804535,1466.758648036425,145092
2024-12-02,1485.2861328125,1490.0841249585853,1468.4809058140495,1476.9450320330964,172316
2024-12-03,1462.96923828125,1486.959198491476,1459.6230425091385,1485.7782023533223,279264
2024-12-04,1461.9605712890625,1472.9098355204837,1452.2169323490994,1463.018542023151,187726
2024-12-05,1469.169677734375,1476.305152638796,1452.339823022697,1461.9604356291306,518610
2024-12-06,1509.7928466796875,1518.7983330227623,1466.3402367285912,1467.9395674675352,629502
2024-12-09,1543.625,1548.595156254901,1489.2723784673078,1512.6472147203845,363204
2024-12-10,1558.117431640625,1578.1705813727547,1545.6918603342133,1545.6918603342133,623940
2024-12-11,1551.818359375,1564.4899804162842,1543.8463344376287,1560.085693441993,216290
2024-12-12,1495.694091796875,1558.2402756618762,1491.5851140473333,1551.8183234486003,324726
2024-12-13,1477.2896728515625,1502.1161857969578,1470.3018509923995,1500.0493821684795,439878
2024-12-16,1465.7252197265625,1490.6009898879834,1454.160827360078,1477.289612093047,286464
2024-12-17,1489.5428466796875,1497.0228899339547,1463.879786619119,1463.9044157368048,248524
2024-12-18,1495.47265625,1508.5872405612918,1485.482966248263,1488.6078605578177,345884
2024-12-19,1487.3775634765625,1494.5130389671863,1473.647972485899,1481.693764143556,128524
2024-12-20,1449.8548583984375,1491.4620876122794,1444.3187134151597,1486.1473643999257,177060
2024-12-23,1449.8302001953125,1483.4161457534108,1378.007971414863,1378.007971414863,567540
2024-12-24,1438.9793701171875,1456.5228706373057,1434.9687886720549,1453.5456308436496,91984
2024-12-26,1453.9393310546875,1461.5422794902956,1431.228761932942,1435.4608852771692,192690
2024-12-27,1451.0604248046875,1472.6145057594981,1441.7843787834506,1445.79496004057,300698
2024-12-30,1454.111572265625,1483.3916295972385,1442.37501632801,1443.162307129013,1678882
2024-12-31,1476.5020751953125,1483.3669908727848,1442.374890165635,1444.8107698534325,173042
2025-01-01,1502.4112548828125,1508.291846700433,1467.3736347072797,1471.9993430481798,358328
2025-01-02,1476.79736328125,1506.9139665880032,1464.9869211890307,1505.1916104495544,744248
2025-01-03,1449.0673828125,1493.479566140215,1431.154927011929,1477.3140955958988,666292
2025-01-06,1476.5267333984375,1514.221777078873,1451.7986194286332,1468.9237850719492,2603778
2025-01-07,1525.835205078125,1547.118605235539,1467.5211491554992,1476.3298423463266,1038036
2025-01-08,1473.623291015625,1530.9285146673926,1467.1029429541197,1525.8598427119305,305970
2025-01-09,1478.396728515625,1482.4565680796607,1458.9833379014613,1480.9802627836475,192944
2025-01-10,1440.94775390625,1478.0030413220582,1431.351769363696,1478.0030413220582,307982
2025-01-13,1409.28125,1433.0005342654063,1402.4902206924478,1427.1199414035443,280780
2025-01-14,1379.385986328125,1413.4147780326487,1370.7495756357755,1408.3953636580827,726646
2025-01-15,1363.83544921875,1388.2683745925826,1343.4871127745844,1380.3454879064302,456440
2025-01-16,1384.5037841796875,1387.530282332722,1356.2079307001638,1380.050238864502,262712
2025-01-17,1382.8306884765625,1392.6234662493641,1374.4403287499135,1390.18758636538,101800
2025-01-20,1387.9730224609375,1397.101534192464,1374.440223979223,1382.8305830662923,125274
2025-01-21,1375.0799560546875,1402.8098178239882,1365.4347136136953,1385.6355146559074,259382
2025-01-22,1398.9715576171875,1402.490037197554,1375.0799927796786,1382.0185556153308,328576
2025-01-23,1416.0966796875,1441.3415257523902,1408.1985420060919,1412.3321490195772,502662
2025-01-24,1392.0821533203125,1411.64319886328,1383.1996922591868,1407.4603337786205,591898
2025-01-27,1351.65576171875,1389.9166702059679,1348.2849370433523,1389.9166702059679,232918
2025-01-28,1319.7923583984375,1359.1605012027953,1312.4108316226204,1353.3291671351224,423532
2025-01-29,1357.708984375,1371.4385777332075,1317.405891503835,1317.4550296028874,578978
2025-01-30,1416.195068359375,1423.1336309445771,1355.7156912390847,1357.7087273536747,1904936
2025-01-31,1403.9912109375,1444.3189336247794,1388.7360535465739,1421.1901466127304,465324
2025-02-01,1408.1983642578125,1424.0931540867748,1375.424340851902,1421.681903656939,152432
2025-02-03,1386.373779296875,1406.42692740455,1363.7617258885302,1402.490113052123,278502
2025-02-04,1392.7462158203125,1408.1490231528162,1370.3555883335212,1404.9749911968286,298602
2025-02-05,1377.1136474609375,1405.49429478529,1372.9465774236348,1403.4970244131882,194994
2025-02-06,1383.54931640625,1389.688975700631,1361.0864346819524,1361.0864346819524,230960
2025-02-07,1386.6314697265625,1390.4286794942805,1366.0178904767358,1383.2780443275249,130266
2025-02-10,1367.3988037109375,1397.1601698564236,1364.5878882910079,1397.1356088102223,145130
2025-02-11,1339.5360107421875,1367.1028961526301,1320.4512346582435,1357.1413449529996,362132
2025-02-12,1318.3797607421875,1342.8399115873744,1303.3881330611202,1319.6619917032,203870
2025-02-13,1293.7718505859375,1326.5414622874744,1289.6787042042652,1311.7717257703807,178694
2025-02-14,1292.1937255859375,1312.9059094821603,1275.7965800014279,1293.7717726604806,201854
2025-02-17,1296.7305908203125,1300.4538763413686,1278.5335069003952,1285.7087024998407,395890
2025-02-18,1295.57177734375,1302.8211383913724,1283.7856059759836,1296.7307215649087,101008
2025-02-19,1288.52001953125,1296.829479611079,1265.514624880749,1282.183028328478,202494
2025-02-20,1294.7333984375,1301.908714865932,1268.6212761335646,1288.0512292495473,232254
2025-02-21,1281.9361572265625,1296.9524655139294,1255.5527818037424,1294.7333030951875,354404
2025-02-24,1277.1279296875,1294.462005180884,1271.2595263112062,1278.2375108601216,419306
2025-02-25,1188.5343017578125,1290.4925013891857,1175.1946438209015,1277.1281620089408,1655332
2025-02-27,1163.1124267578125,1200.788827079803,1135.3728949901342,1183.060208189515,1757204
2025-02-28,1139.3922119140625,1163.014040998115,1134.2388464520332,1159.8331444369671,253896
2025-03-03,1158.748046875,1161.361751328996,1131.0578774809917,1138.6276153839851,313404
2025-03-04,1176.99462890625,1183.5041491429656,1139.540115802876,1146.5674647805633,373130
2025-03-05,1197.0162353515625,1200.714839390841,1168.5369842491177,1174.6519614351514,712416
2025-03-06,1241.9420166015625,1245.1968366900408,1194.8958159603837,1208.6792578553777,277216
2025-03-07,1229.539306640625,1249.3391193707657,1224.4845476340806,1232.8680503766418,154760
2025-03-10,1284.1307373046875,1295.9909525595833,1229.021532986372,1238.711948534401,800266
2025-03-11,1246.82421875,1282.8978920007912,1236.3201582245204,1261.79116557909,405496
2025-03-12,1244.3338623046875,1258.2405913876173,1230.1805595841267,1238.2928081827288,133736
2025-03-13,1245.2215576171875,1251.3365357016621,1229.7860237459518,1233.854488786916,110926
2025-03-17,1254.1719970703125,1273.3061334573363,1245.2214231059636,1245.2214231059636,244258
2025-03-18,1254.1719970703125,1254.1719970703125,1254.1719970703125,1254.1719970703125,0
2025-03-19,1262.3583984375,1272.2952677109313,1243.2489418368382,1243.2489418368382,274884
2025-03-20,1241.8680419921875,1277.7445038426517,1238.317405929741,1277.7445038426517,115676
2025-03-21,1249.5611572265625,1261.150117134643,1231.881780867454,1236.221500572062,315344
2025-03-24,1228.158447265625,1255.0102888187837,1222.1667568122966,1241.8926452476408,796254
2025-03-25,1234.2982177734375,1247.1694093023737,1223.0051937801054,1239.7722004690263,351612
2025-03-26,1207.1259765625,1241.473637607949,1203.5999011538293,1234.3476832523304,446850
2025-03-27,1226.950439453125,1260.114594217282,1188.4849513995302,1188.4849513995302,676666
2025-03-28,1222.41357421875,1235.3340096413285,1213.142380725616,1226.8272185569722,175304
2025-04-01,1183.2574462890625,1242.2379046905241,1171.7672118489281,1227.8133478377263,833222
2025-04-02,1231.46240234375,1237.7993916111004,1169.251935262916,1183.5778845719701,1977554
2025-04-03,1240.1915283203125,1270.4707242045442,1214.9177293429295,1225.4710333423748,202304
2025-04-04,1240.6104736328125,1253.0871227439168,1215.6079329255233,1237.7995584758878,203346
2025-04-07,1214.671142578125,1225.6436698205541,1159.660538098983,1174.8001358776187,782598
2025-04-08,1250.5966796875,1255.2815783194865,1210.0600019196609,1245.0240919721039,118468
2025-04-09,1315.593505859375,1324.5934426907625,1235.826942435983,1235.826942435983,1075014
2025-04-11,1332.38525390625,1338.8947734768478,1301.9580928941689,1316.7278288388873,348208
2025-04-15,1357.5357666015625,1365.031580681921,1322.3249809019646,1332.4838623564128,250222
2025-04-16,1367.1522216796875,1370.8014633747728,1345.7989204815601,1356.648160588044,162492
2025-04-17,1338.4510498046875,1367.201439244921,1331.9907724274112,1356.1549885877014,189744
2025-04-21,1344.9111328125,1353.4919670521563,1328.5386684756993,1328.5386684756993,130340
2025-04-22,1362.1219482421875,1373.4149711205011,1343.1357807778645,1351.173983931959,127388
2025-04-23,1365.130126953125,1374.1053823869981,1348.1165476558836,1370.456141073455,102642
2025-04-24,1374.9931640625,1400.9327580560964,1359.656356539296,1368.4836443203242,238666
2025-04-25,1435.6502685546875,1469.0856766134627,1342.987947248789,1399.058766214298,2362236
2025-04-28,1386.5821533203125,1420.264135900464,1367.2508044389017,1378.346618000624,936796
2025-04-29,1369.864501953125,1406.2587943265826,1357.4372149078004,1398.072501537854,425970
2025-04-30,1365.5740966796875,1405.4202981194323,1351.470037185796,1369.9630590411025,459734
2025-05-02,1373.1685791015625,1400.3902844408187,1342.6920536076773,1362.5659127518827,185646
2025-05-05,1360.3466796875,1382.6862740369731,1346.8837357764446,1378.9383068040638,141936
2025-05-06,1384.658935546875,1389.3438346347518,1348.0180691274977,1360.0508144153416,270446
2025-05-07,1406.6038818359375,1410.8942386990489,1358.6206318126108,1359.1137790473886,267370
2025-05-08,1368.631591796875,1431.606471762933,1359.4097622690392,1403.0039311627781,308424
2025-05-09,1368.1876220703125,1417.7982813974236,1335.4426942692949,1350.7302583469714,334690
2025-05-12,1384.313720703125,1404.8779373507873,1363.0590256535943,1395.9026813047385,317536
2025-05-13,1370.850830078125,1410.4012177696923,1356.1550170862427,1386.7301483805506,252394
2025-05-14,1383.9683837890625,1394.077902337713,1366.0178721835398,1385.6451566647659,1018226
2025-05-15,1377.2122802734375,1392.204028686232,1370.9986972552963,1386.0396881539832,183508
2025-05-16,1380.6151123046875,1392.450646502251,1356.500139138784,1387.7163846643136,243342
2025-05-19,1378.050537109375,1393.584674468361,1367.5958401726223,1390.67515404257,347016
2025-05-20,1391.31640625,1405.4697087108955,1371.4425473421054,1392.4506690417493,354244
2025-05-21,1398.1710205078125,1422.7297769590386,1382.5382771939912,1398.072415139991,309648
2025-05-22,1390.7738037109375,1404.7298944971749,1376.768470439719,1398.0724068455295,140140
2025-05-23,1405.37109375,1414.839497117268,1375.5849268354784,1395.5081484929956,181716
2025-05-26,1412.3243408203125,1433.1844932749977,1395.6066974444643,1405.469642302729,175972
2025-05-27,1404.8780517578125,1417.798486933189,1396.1000057418637,1417.7491240442928,129360
2025-05-28,1394.0286865234375,1406.6531840312728,1379.3822371082754,1404.8779261490806,230128
2025-05-29,1395.3106689453125,1407.639349205299,1390.675133326465,1403.9901080072502,70100
2025-05-30,1374.204345703125,1406.456131700309,1368.8783306621085,1406.456131700309,227602
2025-06-02,1364.0947265625,1380.8123710386617,1354.2810235442478,1380.8123710386617,203376
2025-06-03,1392.5491943359375,1407.3928539570245,1358.6206402920213,1363.5521126705767,237582
2025-06-04,1405.666748046875,1412.3735982084477,1392.2039256387493,1404.4832429111937,219956
2025-06-05,1408.921875,1424.209441722086,1403.0534701268907,1412.8670535089254,221144
2025-06-06,1406.549560546875,1425.723965917069,1401.0641785103428,1423.2530404995352,152980
2025-06-09,1420.6339111328125,1430.5176133296536,1410.8984885990565,1410.8984885990565,126272
2025-06-10,1462.8372802734375,1469.5087787471978,1399.5815910407473,1428.194858456836,412320
2025-06-11,1475.19189453125,1491.2529092389002,1454.8808399791608,1477.6133531038352,575230
2025-06-12,1468.5205078125,1497.2325900526007,1455.5727615274445,1472.6716144385728,330210
2025-06-13,1459.5262451171875,1465.3083073831338,1436.003106440757,1463.282100186441,282078
2025-06-16,1456.3634033203125,1467.729659946158,1429.430316967765,1459.526139512461,169750
2025-06-17,1447.0726318359375,1459.2789783780172,1433.6308226752135,1454.8807797159009,117372
2025-06-18,1438.8199462890625,1452.8054090178484,1420.7821897925655,1435.6077430773576,93768
2025-06-19,1423.1048583984375,1446.4303718087945,1418.3112868899525,1446.4303718087945,73404
2025-06-20,1439.2154541015625,1449.9392478577652,1416.0380978923008,1430.1718416156689,251726
2025-06-23,1385.6455078125,1431.1600022777984,1380.308405429502,1407.9333033458038,388362
2025-06-24,1352.73291015625,1401.0147707171463,1349.1253347646593,1387.4246803486378,250954
2025-06-25,1367.5089111328125,1381.6919986108223,1356.5380266322559,1361.4798773667997,488590
2025-06-26,1358.7125244140625,1374.3288225093863,1349.5207535471168,1374.3288225093863,419314
2025-06-27,1368.34912109375,1378.7764753142774,1354.0672194842725,1365.3840103941495,403450
2025-06-30,1381.8897705078125,1395.6774860511257,1375.1688051246608,1376.3054549446924,124912
2025-07-01,1370.869384765625,1393.0089000412133,1364.3461659689688,1393.0089000412133,581184
2025-07-02,1370.2764892578125,1393.3054428609782,1366.668913845427,1368.892746827638,404520
2025-07-03,1362.320068359375,1379.7153600980826,1355.4509435918876,1379.7153600980826,191874
2025-07-04,1407.933349609375,1412.875200608355,1357.8230287399824,1359.009024719474,459852
2025-07-07,1410.7501220703125,1420.2384514649123,1391.130998547745,1410.8984017242674,252398
2025-07-08,1423.253173828125,1444.5031344095867,1396.0235249157995,1412.875286102295,414414
2025-07-09,1464.6163330078125,1478.6017952413295,1431.604744732587,1432.0989298245795,680046
2025-07-10,1447.715087890625,1477.6132830834506,1432.1482589885752,1472.6714326383556,272338
2025-07-11,1446.232666015625,1456.8576454515846,1425.921610554528,1447.4681287407366,463172
2025-07-14,1431.9013671875,1446.2327354872195,1423.3025944679332,1438.078681109793,126738
2025-07-15,1469.854736328125,1473.6599373884333,1421.1775049958778,1433.1367600356996,420598
2025-07-16,1475.4390869140625,1482.654117003686,1455.7704957493575,1462.8867129488387,338502
2025-07-17,1473.808349609375,1496.343119334742,1459.3287010495926,1481.5670320848894,161692
2025-07-18,1484.2850341796875,1489.5234448046301,1455.8199225038225,1460.7124276687782,264208
2025-07-21,1469.509033203125,1480.0350805416404,1444.7503085419823,1476.921810568656,188992
2025-07-22,1484.531982421875,1492.340130827061,1456.6105253623425,1469.5088042288662,199262
2025-07-23,1491.0552978515625,1509.784986012577,1472.6716357899545,1482.2587787157047,276208
2025-07-24,1528.3662109375,1537.5086351457164,1486.3111319700986,1491.05523646613,460260
2025-07-25,1520.656982421875,1550.7033392493158,1507.3139850469558,1528.4650102911173,170942
2025-07-28,1498.5667724609375,1543.0434291899007,1482.9505964887155,1520.6074750557739,143122
2025-07-29,1495.5029296875,1508.45055521371,1487.4476884047583,1507.1162795700968,130726
2025-07-30,1531.529052734375,1541.857472801533,1490.0175053897183,1507.2645166809857,224152
2025-07-31,1557.127685546875,1569.0375939692328,1497.8749440380298,1497.8749440380298,542008
2025-08-01,1570.124755859375,1589.2496936408634,1535.927173677257,1576.4503487871461,408492
2025-08-04,1531.9737548828125,1584.4068403666442,1524.6597915358216,1584.4068403666442,183238
2025-08-05,1578.6248779296875,1588.3109544122551,1532.468036600001,1532.468036600001,348856
2025-08-06,1588.774658203125,1594.7655987444587,1568.3265030492937,1574.9609964626275,254856
2025-08-07,1590.854248046875,1597.9342967045386,1557.879536691301,1580.8528271301386,160162
2025-08-08,1579.5655517578125,1596.1519057602595,1569.5146921718353,1593.775329369444,120546
2025-08-11,1593.775390625,1598.7761011212538,1571.8417691196407,1579.4170537725226,103296
2025-08-12,1612.0946044921875,1616.7486376159936,1593.3792314070029,1593.7753476229582,125318
2025-08-13,1631.6021728515625,1639.2270175474273,1600.8060393045798,1612.0946872112063,196788
2025-08-14,1657.5462646484375,1666.062219723788,1614.0751370875332,1642.7918113056548,190960
2025-08-18,1697.6009521484375,1704.186006506002,1656.9025191087553,1673.4393134704305,239498
2025-08-19,1676.65771484375,1736.0715264381806,1664.3293972889892,1706.2161828141466,359150
2025-08-20,1708.592529296875,1730.773708382331,1679.5788590172222,1679.5788590172222,332108
2025-08-21,1675.172119140625,1711.6126331556457,1652.9910628299422,1710.6224031104298,219118
2025-08-22,1670.963623046875,1700.2249689118385,1648.2378921105155,1677.944793139843,210544
2025-08-25,1663.5369873046875,1684.6289365215464,1653.6842462841926,1664.0816622039433,176170
2025-08-26,1638.0882568359375,1680.9157116391139,1633.1866658511651,1648.7332311511777,229048
2025-08-28,1645.415771484375,1667.8939450596433,1621.5016918233205,1637.790927643538,284760
2025-08-29,1638.2862548828125,1687.9958818972366,1630.364413530175,1634.473892907397,575410
2025-09-01,1620.06591796875,1656.159754858078,1596.7459519932142,1638.2366151693825,137016
2025-09-02,1598.3798828125,1633.3844914175681,1584.3681032240734,1633.3844914175681,240404
2025-09-03,1652.49609375,1680.9156502065348,1588.477691497374,1598.3799928240694,416852
2025-09-04,1643.4847412109375,1691.015782904603,1636.008576971152,1682.8959449663444,565084
2025-09-05,1608.9259033203125,1651.208679936729,1598.9244826797076,1638.3356887288264,724518
2025-09-08,1581.892578125,1608.8763482369914,1569.5642617827102,1606.6483305213224,136998
2025-09-09,1572.4853515625,1589.6658191058586,1564.5635110004723,1589.6658191058586,82022
2025-09-10,1596.102294921875,1610.8567469626314,1571.5446620083962,1574.4657923286209,235914
2025-09-11,1625.908203125,1638.8307537945172,1585.1603327464027,1608.13362185033,161266
2025-09-12,1655.615234375,1658.6354846533604,1616.550703699469,1627.0966788669848,157522
2025-09-15,1632.8892822265625,1663.586412456413,1614.0749120856863,1654.6743423896821,203858
2025-09-16,1619.1748046875,1643.7819989908287,1614.1246552516827,1643.7819989908287,233190
2025-09-17,1614.71875,1629.5226417654849,1602.192314956598,1625.7102800247187,147826
2025-09-18,1626.6510009765625,1629.72081110961,1610.1142060064212,1614.5702416319004,310690
2025-09-19,1719.7821044921875,1752.707254902071,1622.0464432055064,1630.0177228833868,834152
2025-09-22,1677.6973876953125,1711.4642107503525,1664.6758373883317,1711.4642107503525,235074
2025-09-23,1648.8817138671875,1686.2629010190115,1636.3552786328241,1686.2629010190115,218380
2025-09-24,1636.05810546875,1649.0796553207997,1626.4529219519843,1648.8816576539848,328448
2025-09-25,1614.6197509765625,1640.4647326202403,1598.33039317308,1628.6809701593102,266386
2025-09-26,1581.64501953125,1603.6776391490746,1575.2085239125597,1599.3206025547292,214344
2025-09-29,1551.096435546875,1589.665849161395,1535.846868001112,1574.960956515647,241792
2025-09-30,1543.818359375,1574.4163742219466,1536.0449560171573,1562.038497381692,253684
2025-10-01,1568.8709716796875,1579.6149436571638,1537.3321684383113,1537.3321684383113,159610
2025-10-03,1548.5712890625,1568.8710057369763,1543.2735823010416,1560.1074936896316,100878
2025-10-06,1574.267822265625,1587.4873695970425,1534.064384501115,1548.571279281666,439510
2025-10-07,1557.928955078125,1584.665165897187,1546.4421900240802,1579.8624535479078,123510
2025-10-08,1524.7564697265625,1557.9291805436028,1516.0423958474214,1557.9291805436028,390350
2025-10-09,1529.0142822265625,1539.8078145555787,1495.643576011389,1515.5471769629023,379486
2025-10-10,1533.2723388671875,1537.7283743981307,1512.8240627552084,1516.5374256976609,79358
2025-10-13,1595.904296875,1601.6971185377588,1519.3594650537723,1534.8565896343284,346764
2025-10-14,1572.5843505859375,1594.2704133026741,1559.7609195256675,1594.2704133026741,216710
2025-10-15,1545.9471435546875,1593.7257446368378,1538.8175353712268,1584.6652361596841,230826
2025-10-16,1562.9298095703125,1576.9415910541218,1535.8470378178606,1537.8274982147889,232078
2025-10-17,1538.8671875,1585.6555613134465,1532.876246840531,1563.3258234492816,121672
2025-10-20,1558.275634765625,1579.417023411296,1519.1119856145976,1538.8671488102173,130908
2025-10-21,1552.829345703125,1566.5440083261426,1547.8781952343318,1558.2756112187974,12836
2025-10-23,1520.844970703125,1556.3942577078121,1515.0521484287913,1542.7785929752006,156520
2025-10-24,1509.209716796875,1527.578534057501,1486.7809801792212,1521.142038213186,277820
2025-10-27,1556.691162109375,1582.1400254491416,1515.1509399551032,1534.856541665573,555596
2025-10-28,1530.7471923828125,1568.5244952798978,1524.9543704110117,1564.5635748372717,220780
2025-10-29,1529.70751953125,1540.7484885357578,1516.5374107408281,1540.7484885357578,116694
2025-10-30,1529.6083984375,1543.323182126143,1520.0527746039497,1526.4397104451318,189218
2025-10-31,1552.433349609375,1588.774748511148,1516.5375059331895,1529.8560533736847,1056738
2025-11-03,1611.550048828125,1628.879076878533,1560.1571994836527,1562.0385401126744,729236
2025-11-04,1561.4442138671875,1609.1238144525028,1549.7595719257774,1609.0248156240746,289784
2025-11-06,1538.817626953125,1568.920647177169,1529.261881992451,1553.671078950742,199872
2025-11-07,1536.6837158203125,1543.2836346939703,1509.6390347621705,1542.2911693340386,122290
2025-11-10,1533.061279296875,1556.3842165677313,1525.9155767634763,1530.4313428655057,108604
2025-11-11,1520.5067138671875,1538.3214199150093,1511.0286205294203,1530.23280241244,153466
2025-11-12,1528.744140625,1551.8189624725549,1500.806213813868,1551.2235074291834,168398
2025-11-13,1559.957275390625,1575.5389348212275,1521.0525562467446,1526.4118940189278,264226
2025-11-14,1564.720947265625,1570.576517437527,1543.5318349097718,1545.814553821881,94512
2025-11-17,1567.251708984375,1570.2786556642716,1552.9601834653033,1565.3660005564145,134276
2025-11-18,1579.3101806640625,1587.8949091339036,1553.208293155916,1566.6065755569414,206506
2025-11-19,1591.964111328125,1642.133162653858,1579.3101779709568,1579.3101779709568,615380
2025-11-20,1551.9180908203125,1599.2587628862848,1549.1392604026453,1591.9641664578871,302952
2025-11-21,1559.262451171875,1570.8246979457053,1529.885497951859,1553.2084361301713,197220
2025-11-24,1548.7918701171875,1564.571972462607,1525.9154950482734,1563.1329461470118,145704
2025-11-25,1559.3616943359375,1563.6790160407386,1518.4721655283433,1553.2084568966388,176186
2025-11-26,1537.3785400390625,1553.2083143351622,1532.4162131562025,1549.7346855171602,208718
2025-11-27,1545.5167236328125,1557.575202312845,1537.3785559210737,1546.7573053663434,102160
2025-11-28,1514.4029541015625,1550.727162936065,1501.103893722111,1549.1887931302085,391568
2025-12-01,1514.5518798828125,1522.8884923650362,1498.622761671051,1515.9909062599538,239850
2025-12-02,1510.5323486328125,1518.4224001539483,1493.6604367229847,1513.509744852194,354882
2025-12-03,1486.316162109375,1523.0373819908928,1472.4216464785304,1519.7623188539594,222406
2025-12-04,1515.5443115234375,1521.449432091881,1478.376410240903,1486.7131436879567,91344
2025-12-05,1503.3865966796875,1515.4946257797212,1474.8532171831798,1508.597039892093,136630
2025-12-08,1472.6697998046875,1509.4406923397792,1454.2099670903335,1496.2905254304142,200828
2025-12-09,1446.270263671875,1463.2413984802172,1435.2539215086051,1456.4430344405398,226952
2025-12-10,1426.3712158203125,1465.821715232469,1412.4767003040813,1446.2205237006428,336578
2025-12-11,1431.7801513671875,1434.3605370289813,1410.0451361244943,1426.371142557285,347990
2025-12-12,1426.4208984375,1450.9844171268917,1415.7022236400862,1440.4643081001332,307950
2025-12-15,1418.779052734375,1446.5184139971109,1401.8574681104076,1438.0824575518445,323668
2025-12-16,1405.4302978515625,1422.5007762617001,1401.8574464659046,1419.2255918203493,467262
2025-12-17,1397.3912353515625,1422.2028695019808,1386.4741163253784,1409.3008197437634,278866
2025-12-18,1386.27587890625,1404.3883745431629,1377.045901162552,1401.8575390213366,474748
2025-12-19,1381.11474609375,1387.3673262103675,1337.8432814002333,1371.1900926708997,487016
2025-12-22,1404.63623046875,1410.69024475362,1365.5330722238468,1377.1448681284244,244020
2025-12-23,1400.4678955078125,1406.8196982697955,1387.2681784366055,1387.5658453649503,287712
2025-12-24,1397.1927490234375,1409.3007776671166,1386.8710852949196,1393.4213322849519,331053
2025-12-26,1393.917724609375,1423.0962330712548,1377.1450342732462,1391.4365609842248,232338
2025-12-29,1417.4390869140625,1428.1577620806622,1386.5734360915637,1398.383799007403,671315
2025-12-30,1447.0145263671875,1453.4655513475625,1399.6739761252747,1423.9893779743804,439848
2025-12-31,1471.42919921875,1475.796071272399,1427.6614986720551,1447.0145742536367,199004
2026-01-01,1498.42431640625,1508.5474150734922,1458.3286898281317,1472.1239831829294,239371
2026-01-02,1463.092529296875,1497.6303756854345,1449.5950233021233,1497.6303756854345,637719
2026-01-05,1490.7823486328125,1498.6228500253103,1450.98450777285,1472.322515240098,299517
2026-01-06,1468.154052734375,1502.5925522010862,1460.9090071598407,1498.6226907685866,284649
2026-01-07,1462.695556640625,1493.6604286955508,1435.4027581096432,1468.8487936673853,365429
2026-01-08,1442.44921875,1453.961793017501,1425.081074464808,1453.961793017501,357648
2026-01-09,1407.514404296875,1437.0899221494017,1394.314686956421,1437.0899221494017,328317
2026-01-12,1370.5947265625,1405.7280261874803,1366.624864935961,1405.7280261874803,285518
2026-01-13,1410.29345703125,1418.133958608688,1354.0207123784094,1374.5646994991423,639672
2026-01-14,1399.57470703125,1444.0372069494385,1390.8410838994898,1413.6677888890686,505949
2026-01-15,1399.57470703125,1399.57470703125,1399.57470703125,1399.57470703125,0
2026-01-16,1387.367431640625,1399.674027050286,1379.824718696176,1398.3837735470433,521271
2026-01-19,1372.9766845703125,1400.2694835867615,1367.716569390553,1387.3674331426218,146725
2026-01-20,1366.8232421875,1387.0695597150361,1346.4777023543033,1370.9916693802447,508684
2026-01-21,1387.8636474609375,1418.2330646430557,1335.0644151911665,1373.5721213897755,563399
2026-01-22,1407.216796875,1415.8511978978183,1370.1977868380363,1387.8637204474837,415641
2026-01-23,1366.029296875,1414.2630874156987,1360.6699598925775,1414.2630874156987,430231
2026-01-27,1390.841064453125,1399.5746874627741,1358.5859382883984,1369.6022802253153,212535
2026-01-28,1389.8485107421875,1394.0168167830723,1371.9841343088704,1391.138643016482,176222
2026-01-29,1384.6876220703125,1397.4904494468142,1370.2968743476256,1397.391227140907,172482
2026-01-30,1398.8800048828125,1409.3008917584914,1368.8082542956276,1379.5269292565515,434875
2026-02-02,1407.0181884765625,1419.2255616982488,1353.0281661268152,1413.8662241582265,222114
2026-02-03,1395.2080078125,1432.9216957164597,1379.527004907994,1432.9216957164597,291370
2026-02-04,1396.2003173828125,1403.3460195170187,1372.5795933465608,1401.361088796344,326387
2026-02-05,1403.861328125,1408.8360316265062,1377.9928699171687,1393.4144507718374,213161
2026-02-06,1436.0975341796875,1442.5646491958157,1388.8378475233662,1402.8664881139596,195854
2026-02-09,1437.58984375,1448.5341914654502,1414.805677397291,1437.58984375,181613
2026-02-10,1448.434814453125,1458.5831616763294,1426.9439967641954,1443.6590501994228,282978
2026-02-11,1436.4954833984375,1466.5426450483233,1431.0233093497498,1436.5949531815047,121088
2026-02-12,1428.03857421875,1449.927271748206,1422.367338805387,1445.6489777409006,156744
2026-02-13,1391.62353515625,1422.765228243652,1382.0721285439004,1422.765228243652,137684
2026-02-16,1413.61181640625,1441.6690959872308,1389.3352386705096,1398.5881144480686,141058
2026-02-17,1431.7197265625,1439.679252491965,1388.5392741046073,1403.861385809373,140237
2026-02-18,1398.38916015625,1431.620203976655,1393.5139264137201,1429.7297923475855,180612
2026-02-19,1401.4735107421875,1420.4768547031863,1394.4094557350386,1412.517328733953,192376
2026-02-20,1395.2054443359375,1409.5324937892235,1386.54938705079,1395.0063833168645,132907
2026-02-23,1388.937255859375,1410.427951286998,1373.0182042162876,1396.996251463143,145096
2026-02-24,1401.970947265625,1407.4431212373509,1369.4364342329993,1388.937248096241,252709
2026-02-25,1417.79052734375,1423.0637617458376,1396.4987716250253,1401.9709455902116,99166
2026-02-26,1398.7872314453125,1417.7905755711947,1392.4195863241312,1417.7905755711947,266623
2026-02-27,1392.8175048828125,1402.7669118446831,1370.0333386495845,1392.8175048828125,591288
2026-03-02,1398.7872314453125,1421.0739286430828,1352.1244857552658,1354.1143672648393,504704
2026-03-04,1352.6219482421875,1381.9727003371815,1343.1700111268503,1371.2272916670756,572198
2026-03-05,1332.424560546875,1365.55613502698,1316.107629938969,1362.9693134515358,354485
2026-03-06,1353.119384765625,1359.9845000524074,1325.7585148530848,1332.126159777821,272779
2026-03-09,1356.9002685546875,1366.0536750430754,1306.0586981261513,1343.170037369375,186273
2026-03-10,1371.227294921875,1382.9676443688313,1357.1986546184635,1365.1581806292193,247821
2026-03-11,1397.59326171875,1407.741730521946,1361.0789837617888,1373.1177428802466,325616
2026-03-12,1370.0333251953125,1385.0569052696553,1353.2188033043321,1384.9574354915576,256122
2026-03-13,1348.244140625,1370.033366606675,1336.503913042053,1367.0485444572053,250449
2026-03-16,1334.2154541015625,1357.8950909060786,1320.186814780748,1348.343563199999,205389
2026-03-17,1324.9625244140625,1341.0806371464187,1317.202059574981,1330.2357588755121,327294
2026-03-18,1340.085693359375,1355.2087438723868,1320.3858183267569,1334.2155187625665,171465
2026-03-19,1318.6944580078125,1338.0958020982657,1307.4515792614854,1338.0958020982657,101783
2026-03-20,1301.581298828125,1348.144569438527,1295.6116549782128,1348.144569438527,435450
2026-03-23,1300.984375,1319.7887776528798,1266.1614521067843,1288.5476168238515,367170
2026-03-24,1304.267822265625,1328.1463996944158,1287.652239266456,1323.2711658454925,366295
2026-03-25,1339.787109375,1357.099101678154,1297.502130033855,1319.2913554437187,282604
2026-03-27,1318.6944580078125,1339.7871527455743,1294.51734986785,1335.2104497122175,257866
2026-03-30,1305.461669921875,1319.8883100911305,1284.5679151939878,1306.3571408436146,521125
2026-04-01,1316.9034423828125,1329.14126116644,1295.9102186023317,1309.5408571574073,291338
2026-04-02,1321.9776611328125,1351.129472259711,1278.4988010704924,1312.3267849120464,167885
2026-04-06,1345.4583740234375,1362.1733051209162,1304.1683344568787,1321.9776760475047,328697
2026-04-07,1356.30322265625,1380.7788630053772,1318.2965334429864,1334.514116737378,344890
2026-04-08,1371.625244140625,1384.0620030666294,1348.741607716777,1384.0620030666294,492646
2026-04-09,1388.1412353515625,1398.5881128467552,1358.0940743750502,1373.0181850824683,254907
2026-04-10,1397.59326171875,1409.0350806611918,1381.9727400914653,1402.7670266339278,337894
2026-04-13,1372.8192138671875,1396.5981992172137,1358.5915134064128,1373.0181534242765,221024
2026-04-15,1430.4261474609375,1464.0551905653747,1376.4009421486064,1387.6436988069713,526477
2026-04-16,1403.662353515625,1433.4109825496098,1392.9169456396032,1433.4109825496098,348772
2026-04-17,1395.00634765625,1412.2188705506405,1387.5442923181135,1403.6624047201221,185175
2026-04-20,1411.4228515625,1417.6910265484064,1387.1462742120273,1397.3942119946432,257134
2026-04-21,1429.7298583984375,1442.4651485853046,1399.6826963159012,1411.4229242995889,914770
2026-04-22,1451.718017578125,1460.5730145042892,1430.2273217642478,1434.704555119336,388485
2026-04-23,1423.66064453125,1461.5678601814222,1415.8005888619223,1442.6639872451071,217043
2026-04-24,1401.7720947265625,1428.237495287743,1392.8176276714669,1428.237495287743,324606
2026-04-27,1408.8360595703125,1421.7702889307745,1387.0468335109895,1397.8917116499217,259248
2026-04-28,1404.5577392578125,1421.471731177669,1396.2998043097512,1408.8360328539238,121659
2026-04-29,1390.728271484375,1418.5866133367801,1382.1716836103794,1404.45838138285,203821
2026-04-30,1360.282958984375,1392.9170645053052,1356.104256371951,1379.0873636457425,295679
2026-05-01,1360.282958984375,1360.282958984375,1360.282958984375,1360.282958984375,0
2026-05-04,1565.439697265625,1632.2996626822014,1382.967551439788,1383.3655520041277,8280710
2026-05-05,1528.9254150390625,1574.1952195517956,1514.697835063841,1561.2609896910146,673275
2026-05-06,1578.1749267578125,1606.8292681706766,1529.422831314863,1530.2188324746135,945255
2026-05-07,1557.57958984375,1612.7987959991815,1537.1833064890411,1585.835928635451,620229
2026-05-08,1641.4532470703125,1651.6015938247724,1544.0485263728729,1550.1176404692744,885886
2026-05-11,1644.0400390625,1689.4093107496858,1621.0569331537997,1629.6133988941428,937712
2026-05-12,1578.970947265625,1650.3081494211099,1573.498773220281,1632.6977469835479,278094
2026-05-13,1567.72802734375,1605.237364962713,1560.067032461857,1573.498732039813,338898
2026-05-14,1592.0045166015625,1601.4564528170959,1563.2507074027124,1580.4632293026123,258732
2026-05-15,1594.79052734375,1631.6033345138596,1567.0316565654737,1607.5256958715036,553749
2026-05-18,1637.970947265625,1641.1547089717192,1573.399270588136,1577.0805026516025,482647
2026-05-19,1695.0804443359375,1711.198556759873,1639.6622951970774,1651.402644192806,540099
2026-05-20,1660.1580810546875,1698.3638294524226,1638.766855317589,1694.98100667322,221584
2026-05-21,1672.29638671875,1708.4126614639636,1660.3570982503707,1660.3570982503707,177452
2026-05-22,1621.852783203125,1672.2963487070674,1609.8140252283642,1661.5509407486825,194073
2026-05-25,1606.729736328125,1643.1445411047525,1579.9658076138946,1631.7027232284554,197958
2026-05-26,1595.8848876953125,1630.7078123021304,1583.4481289071632,1592.9000655861566,461696
2026-05-27,1609.01806640625,1628.519001469586,1583.9456091144225,1590.1141929306382,202603
2026-05-28,1609.01806640625,1609.01806640625,1609.01806640625,1609.01806640625,0
2026-05-29,1599.2677001953125,1629.8123310034714,1577.8764752158722,1608.8191065932626,414912
2026-06-01,1569.3199462890625,1603.0483373867637,1562.0568309145513,1603.0483373867637,129009
2026-06-02,1553.1024169921875,1567.9270575627982,1521.9607248160605,1557.1816495303865,160414
2026-06-03,1561.6588134765625,1585.3384494294996,1555.987700376155,1557.18158057012,108328
2026-06-04,1553.3013916015625,1585.8360257683369,1542.2575739845827,1561.65891787618,183231
2026-06-05,1529.1243896484375,1576.7820735789346,1520.2693931074634,1553.2019060628986,228362
2026-06-08,1538.078857421875,1576.3840744964311,1492.5105246326127,1502.459931664965,342382
2026-06-09,1567.82763671875,1577.2795735681648,1535.1935324891544,1547.1328211410466,126213
2026-06-10,1560.763427734375,1594.7904725509238,1554.196843403971,1562.1563690051207,184518
2026-06-11,1585.4381103515625,1616.579804903162,1547.1328908670723,1547.1328908670723,369662
2026-06-12,1593.3975830078125,1625.7331568122172,1577.8765318722435,1599.466697185171,192359
2026-06-15,1607.82421875,1619.8629772854913,1571.210351326088,1617.4750952443273,217507
2026-06-16,1633.692626953125,1793.878079413206,1611.803931585909,1611.803931585909,8683111
2026-06-17,1643.443115234375,1684.8326245270587,1629.7128848396185,1641.652173373242,642575
2026-06-18,1654.4869384765625,1661.1529926828,1619.664013468137,1632.6977125378887,321314
2026-06-19,1627.524169921875,1668.5156813109745,1614.1919392332566,1651.800627693493,226868
2026-06-22,1663.3419189453125,1668.018091677007,1631.7027559500696,1631.7027559500696,191369
2026-06-23,1661.153076171875,1684.3352445665598,1655.5814321810426,1670.5055436490206,178740
2026-06-24,1651.6015625,1676.3756102280445,1631.702748493976,1661.550969503012,510137
2026-06-25,1684.71337890625,1694.0884365371894,1655.5909837933807,1655.5909837933807,262380
2026-06-26,1684.71337890625,1684.71337890625,1684.71337890625,1684.71337890625,0
2026-06-29,1642.62548828125,1693.9887017885264,1611.8075358276665,1693.9887017885264,534232
2026-06-30,1641.8275146484375,1667.0603645573412,1626.5682256992425,1645.5177602051292,426427
2026-07-01,1618.7889404296875,1664.8663039540731,1605.8234690834206,1636.4420013872573,197681
2026-07-02,1645.916748046875,1659.5803112863148,1618.7889199108895,1618.8886299553792,243917
2026-07-03,1641.328857421875,1650.6042046722437,1615.996418988728,1650.6042046722437,501490
2026-07-06,1681.52197265625,1691.2959924887507,1631.3555210962413,1636.7412030091277,800054
2026-07-07,1676.3358154296875,1713.4369629011715,1649.7066580342669,1690.4980512907366,549913
2026-07-08,1649.1082763671875,1705.3585013738655,1631.555046610532,1677.2333279974805,187410
2026-07-09,1680.1256103515625,1691.9940278225536,1652.3995213164178,1670.0524607066702,253714
2026-07-10,1688.303955078125,1705.4582230087822,1670.1522214113118,1687.4063211378493,207591
2026-07-13,1720.51806640625,1733.383828029102,1668.057797686233,1687.5060051928886,334674
2026-07-14,1739.9661865234375,1747.34655591476,1712.8384804725097,1729.3943652718003,286027
2026-07-15,1718.722900390625,1779.261630255246,1713.4369286875071,1742.0606517314063,309031
2026-07-16,1728.0977783203125,1740.2654473104976,1711.442183392491,1723.0113486279784,209707
2026-07-17,1682.918212890625,1728.3970728589895,1661.7744480111137,1728.0978209742545,212534
2026-07-20,1688.8026123046875,1718.6230999499373,1670.551168747694,1671.2492608361968,209192
2026-07-21,1695.58447265625,1708.3505242731442,1678.5299149815912,1692.4927306736543,138917
2026-07-22,1694.4874267578125,1710.4449304824298,1681.821206874834,1707.8518604763979,181603
2026-07-23,1682.6190185546875,1703.164280367416,1664.6668267626953,1697.479468331722,151255
2026-07-24,1754.5274658203125,1786.64201474763,1646.5151867633847,1665.7638523641,1445810
2026-07-27,1822.3468017578125,1889.867059665298,1788.2376876467004,1795.6180571652349,2106429
2026-07-28,1800.4052734375,1832.1208601615963,1785.3454039443443,1822.346840625064,379442
2026-07-29,1877.5,1888.570493579069,1797.2138114209827,1800.3055533400254,1040066
2026-07-30,1878.800048828125,1919.800048828125,1869.9000244140625,1880.0,609085
2026-07-31,1905.199951171875,1916.0999755859375,1852.9000244140625,1883.199951171875,355875
2026-08-04,1889.4000244140625,1955.0999755859375,1871.0,1911.9000244140625,500176
