Date,Close,High,Low,Open,Volume
2021-08-25,737.082763671875,747.5368345059046,735.6507007705227,745.5796935282142,1693443
2021-08-26,746.0092163085938,747.441279003117,732.5000682486128,736.0802249849208,2576883
2021-08-27,740.0422973632812,749.4461525293822,730.3519830381878,744.57716261744,2907125
2021-08-30,755.6995239257812,758.1818010618451,747.5367776629291,748.4437624189759,3028708
2021-08-31,757.3703002929688,759.7570717285768,745.9137974020504,752.3103565036372,3324467
2021-09-01,735.0301513671875,766.1536274415449,734.0754427971668,757.3702969431979,6031309
2021-09-02,718.3704223632812,739.087608464096,716.031374884502,737.8464407976702,4879865
2021-09-03,715.9359741210938,722.7143816045791,711.3533264057832,721.7596730423538,4257842
2021-09-06,720.5662841796875,725.3875507436255,713.2150166286325,718.8955442031198,3682183
2021-09-07,718.9910278320312,724.3374309878202,714.2174848022852,720.9004450439296,2273976
2021-09-08,720.5662841796875,723.4781336275482,715.0767099709651,721.7596698772359,2380939
2021-09-09,716.7474365234375,722.2370106293446,713.6923575407757,716.0314051183192,3313559
2021-09-13,711.7828979492188,719.3728420443205,706.818402182746,719.3728420443205,3139833
2021-09-14,716.222412109375,718.4659540384223,710.9237909689094,711.0669622981825,3089381
2021-09-15,720.9004516601562,725.5785471805572,712.6899808819552,717.9408782628672,3336656
2021-09-16,722.6666259765625,726.5331838289858,717.3202233012903,725.4352457225076,2686018
2021-09-17,719.993408203125,731.3066801424475,715.219865904545,723.8599658108187,5504398
2021-09-20,704.6226196289062,722.237003679476,699.0375980310403,715.4585964178964,2933375
2021-09-21,705.0045776367188,707.3436253619135,696.5076477846362,706.579811864944,2380834
2021-09-22,718.4181518554688,724.6237571538882,705.0045089799651,705.4341394624738,2287017
2021-09-23,724.0986938476562,727.4878974638361,718.6568435904235,722.2370005661313,1890322
2021-09-24,744.1475830078125,746.6298019030004,718.4658999786527,725.101135984478,4967824
2021-09-27,774.602783203125,776.8941071038198,747.5845420388024,753.742424034981,9210666
2021-09-28,769.5428466796875,784.7704603317669,760.1867141595734,782.8610431533441,3853344
2021-09-29,775.3187866210938,778.755772347936,762.8121279812792,763.7668365269379,2291977
2021-09-30,766.6787109375,780.3788139769168,765.0079709281165,771.4522538214528,3264689
2021-10-01,790.35546875,793.3628240628854,751.3556468561862,763.76685830362,7704216
2021-10-04,803.0531005859375,813.4116647928854,790.5941076951938,794.7948485212172,6544700
2021-10-05,804.8670654296875,807.68346742534,797.2293967069892,803.0531540705194,2647442
2021-10-06,796.3223876953125,816.1803723875624,791.4533973408545,807.6834428834294,3288323
2021-10-07,838.4727783203125,847.5902332564873,799.2342804911773,801.6687756229203,9515673
2021-10-08,838.0430908203125,854.464088305593,833.0308713079054,853.2229789376294,3938358
2021-10-11,855.036865234375,861.6243768532546,839.1887282592918,839.1887282592918,5493159
2021-10-12,849.7860717773438,854.1300423717729,837.2794128638607,847.7812070959045,3433345
2021-10-13,892.986572265625,927.1651831860378,852.5546905944584,852.5546905944584,17519612
2021-10-14,889.2155151367188,903.3929129725457,880.4321853326575,895.9939221397455,3354982
2021-10-18,869.6917114257812,914.6107342677608,867.1617106166235,914.6107342677608,2885649
2021-10-19,875.945068359375,885.5876011169249,860.3833311151582,869.739462970453,3476818
2021-10-20,858.6170654296875,883.0099142003758,854.129982100165,871.6488597518146,3551282
2021-10-21,856.37353515625,869.834901865443,852.9366078217957,867.161729686336,2614538
2021-10-22,847.6378784179688,868.5937406582506,845.0124301668595,863.0564432737035,1999394
2021-10-25,850.3589477539062,864.8705298905115,843.0076800000877,843.0076800000877,2833933
2021-10-26,854.0345458984375,859.2377192972281,843.9623820652774,852.9366659973633,3410657
2021-10-27,846.635498046875,862.8655427750184,843.484971606745,859.2376620781783,3362019
2021-10-28,843.819091796875,855.4188234816413,838.1386227888187,846.8264469064909,2171227
2021-10-29,844.2010498046875,860.6697725744143,822.9587842031559,843.4850183799168,2482056
2021-11-01,830.9304809570312,847.6856609681018,821.4311784411909,844.2009517971272,4146270
2021-11-02,822.4814453125,839.4752464576026,820.0946738519298,835.3700111995793,3704926
2021-11-03,810.5474853515625,830.5009155430874,804.8192345716928,824.8681123012368,3288759
2021-11-04,833.3173217773438,835.3699684366734,814.366380658837,816.9918291310665,973315
2021-11-08,820.572021484375,838.472807293371,815.6075252325227,838.2341301492511,4481883
2021-11-09,851.7432861328125,864.3931748650039,823.5316008719366,824.8682161972379,15376349
2021-11-10,877.9977416992188,883.1054091356349,854.4641526231278,864.8704991309863,17083220
2021-11-11,882.86669921875,886.7332570502228,869.7394571379089,877.3294014860792,4935551
2021-11-12,895.3256225585938,896.9486386680303,883.1053653729942,891.6977419009477,6239600
2021-11-15,886.3513793945312,905.588720374692,879.3819608483183,892.652432077353,3757546
2021-11-16,916.806640625,922.2007674274076,883.6305173648722,886.3514717889667,7368780
2021-11-17,911.2215576171875,934.6596401045703,904.3476446262044,916.4724544717075,5416608
2021-11-18,881.8641967773438,911.7465592645281,876.6133003627313,911.7465592645281,3463426
2021-11-22,860.0491943359375,888.1176496792648,853.2230630041804,884.4420449829946,3731367
2021-11-23,860.5264892578125,867.3526783894438,853.1274983304397,857.1850094841603,3195288
2021-11-24,852.7457275390625,866.5890021475836,849.6906483850933,866.5890021475836,2708554
2021-11-25,850.8363037109375,858.1875714791404,843.4850359427346,850.5499027892232,2288825
2021-11-26,815.0823974609375,844.9170386564331,804.8192808896871,844.9170386564331,3934155
2021-11-29,812.2659912109375,828.4960359320313,790.8327734398069,806.9196468464198,3936245
2021-11-30,797.6589965820312,821.8131113354449,791.0237604799446,812.2660257988556,6067618
2021-12-01,796.8952026367188,804.5328706945365,785.9637785748105,798.1363120419576,5121634
2021-12-02,811.072509765625,821.0015004363812,797.2292379622152,797.9452692623915,4677008
2021-12-03,799.0433349609375,816.8486145090957,796.1792093023912,810.4998375951228,2933597
2021-12-06,784.9136352539062,802.5279608812689,782.9087123937461,800.0457420305379,1552749
2021-12-07,788.54150390625,795.8927710726545,785.2477478992031,789.0665819315396,1976433
2021-12-08,802.6712036132812,805.487605455555,789.4962374382818,796.704275248627,2346456
2021-12-09,812.552490234375,818.5672012092717,798.1364132554221,818.5672012092717,4078098
2021-12-10,820.7630004882812,829.2598721218574,811.5977629053501,811.5977629053501,3434165
2021-12-13,804.9147338867188,829.5939842133115,801.6687598651266,829.5939842133115,2683048
2021-12-14,798.9478149414062,803.8168634368561,788.589250635441,801.9551701377367,1979863
2021-12-15,807.8743286132812,815.0346422237675,800.2366607620959,805.773958300049,3208613
2021-12-16,814.6527099609375,823.1973622554955,807.8743032640141,814.2708615428286,3965285
2021-12-17,796.7997436523438,813.6503731035478,792.4081075693103,809.5928617093676,2675800
2021-12-20,777.4191284179688,792.4080636864351,760.9026828410707,788.5892296445727,2907378
2021-12-21,775.414306640625,789.5439817210155,770.9271647396856,785.1523456388625,1973119
2021-12-22,781.619873046875,789.7348954260592,774.2686058256927,781.7153205900814,1979912
2021-12-23,789.4007568359375,796.0359930435235,785.4864750120136,787.5391217433314,1495208
2021-12-24,775.8439331054688,794.3652441715025,771.4045150016622,793.3628118395808,1071730
2021-12-27,781.4766845703125,785.8683789337159,770.402088519756,771.4045208592897,1492196
2021-12-28,800.714111328125,801.9552208490909,781.9540641035185,786.6798833091083,1677680
2021-12-29,794.98583984375,805.2489569964317,793.2195940224442,805.2489569964317,1575343
2021-12-30,791.7398071289062,804.8193262198513,789.6872186615176,804.8193262198513,1874659
2021-12-31,799.2343139648438,806.7287530368116,792.5990776555313,796.9907138312037,1528983
2022-01-03,792.2171630859375,801.9552021953239,788.8756830767903,797.1816593251136,1537088
2022-01-04,794.1742553710938,803.8645701124732,788.2551091911679,799.9980122785591,1886453
2022-01-05,801.477783203125,808.6380969303715,792.408052481946,792.408052481946,2634010
2022-01-06,801.8119506835938,804.1032745069767,790.0213234247827,801.0004717261543,2962301
2022-01-07,791.453369140625,811.2635710823233,785.247763713105,802.9098714683541,2531717
2022-01-10,803.8167724609375,808.3993612603392,792.1215942200882,798.0885218939909,3403434
2022-01-11,803.2918090820312,810.3088937193273,797.7067290199917,803.8646109121339,2117911
2022-01-12,840.6685791015625,844.1532885222585,804.3419314197871,808.4471664185739,9022415
2022-01-13,855.4188842773438,868.307450056076,828.6870441436768,840.6686251208594,5658001
2022-01-14,841.2891845703125,855.3711356603185,839.8093979743334,849.4996547788832,2027852
2022-01-17,860.0014038085938,863.0564826579997,842.673479523007,844.1532660415496,3617269
2022-01-18,851.7432861328125,868.8802585911135,848.0676231236276,861.1471423725793,3468168
2022-01-19,853.891357421875,867.7823552839883,840.9072860730613,867.7823552839883,4215758
2022-01-20,840.6209106445312,856.9464041698578,833.3173666474817,855.4188937393526,2486026
2022-01-21,835.5609741210938,844.8216591481139,826.013888169689,836.1337759698627,1872843
2022-01-24,815.9893798828125,838.5682013127699,809.6405449461845,831.7420703891572,3386669
2022-01-25,815.7984619140625,819.3786190026262,806.9674077622718,807.7788867273653,4742388
2022-01-27,819.1876220703125,823.7702112458015,803.100807049557,807.3014895142625,2927566
2022-01-28,830.2622680664062,855.418813664407,821.4312144655181,825.2500484550914,4208702
2022-01-31,845.6808471679688,848.5926966781909,832.601327988565,839.0933929388938,2335040
2022-02-01,830.3099975585938,854.1777101578934,825.0591007867479,851.5999855430125,2921070
2022-02-02,829.9757690429688,840.4298382415504,825.9660401631004,836.0382026727519,1341479
2022-02-03,817.4215087890625,842.4348855739543,813.5549506424769,828.687058529663,2630289
2022-02-04,803.5781860351562,822.3859558398486,798.2795653169542,822.3859558398486,2080640
2022-02-07,791.9306640625,806.4422442443836,784.9613039895237,802.9098113038729,1801701
2022-02-08,794.365234375,799.759360970454,780.1401119961643,792.4080935090443,2729631
2022-02-09,802.1461791992188,807.6357536617087,795.4154952080627,800.0458086202822,2165223
2022-02-10,814.4141235351562,818.9012654107422,792.5513325251347,805.7740227416688,6949276
2022-02-11,814.9869995117188,822.911069041288,797.7544630919244,814.3664156287747,5146850
2022-02-14,787.6822509765625,807.1106042767517,745.34095151938,803.6258948783806,4202165
2022-02-15,815.8938598632812,819.1398920679006,783.2428758170608,790.4986371004915,2728328
2022-02-16,825.1068725585938,838.7114695316455,815.8939116509847,815.8939116509847,4401342
2022-02-17,823.1974487304688,837.5658007798704,820.0946459373415,832.5058571098507,2041741
2022-02-18,813.4116821289062,830.3577588399252,808.781368983787,818.3761782279815,1616856
2022-02-21,803.0053100585938,811.9795934235578,794.3174858652559,806.9196499393902,2255753
2022-02-22,814.6050415039062,817.2304899236376,786.0592335592415,789.5439429519256,2768989
2022-02-23,811.7886352539062,830.3100036757281,807.3969994115937,817.2304854207948,2265060
2022-02-24,759.757080078125,794.2220949495388,754.6971362331859,781.0470698635627,5677898
2022-02-25,771.0226440429688,787.6345970341871,765.6762991774765,775.891692878017,3470318
2022-02-28,755.0311889648438,770.4497544470347,751.1169074488284,770.4497544470347,5026913
2022-03-02,743.0973510742188,774.029930340641,734.1708497464729,749.9235402806951,5779175
2022-03-03,727.5355834960938,757.2270521035631,725.6261665414313,756.1291140463197,2763929
2022-03-04,699.133056640625,721.7596608368909,696.9372386387968,716.0314095604077,4829850
2022-03-07,659.27392578125,687.2468724456188,650.8725028550983,687.2468724456188,7008637
2022-03-08,668.91650390625,671.2077692412702,640.7526044162919,659.2739135251862,4000294
2022-03-09,701.5675659179688,706.38889078947,668.2959957248395,673.0695385514455,5490287
2022-03-10,705.3864135742188,727.9652948811423,701.7108088362487,727.440216814402,4064470
2022-03-11,701.519775390625,708.2027347119553,695.6960770046353,700.7560202652006,2364792
2022-03-14,709.5393676757812,712.2125398171853,692.5932918289246,701.5197929807869,3563695
2022-03-15,726.72412109375,734.3617890857583,711.2578317557767,711.2578317557767,4811450
2022-03-16,738.6102905273438,740.8538323039708,730.3520382893527,734.0276428861548,2277631
2022-03-17,758.4204711914062,763.671368048603,741.8085196439616,749.446187799884,3787641
2022-03-21,748.01416015625,755.2699219368793,744.7681277291974,753.8378590903773,3008019
2022-03-22,750.0189819335938,753.3127379463102,734.1708439804308,747.5367631166156,5436875
2022-03-23,739.0398559570312,758.2295325332904,737.1304388810324,754.2197450195358,3277274
2022-03-24,730.9725952148438,744.6726390479903,728.1084696800439,738.6579870790671,2248114
2022-03-25,730.1133422851562,737.9896875925803,723.8600131194794,737.9896875925803,3148869
2022-03-28,734.4096069335938,737.7033633312303,717.2725755271341,730.2566477392628,4719388
2022-03-29,738.3237915039062,747.5367517915142,735.7938489539266,736.0802498483492,3519610
2022-03-30,757.41796875,758.9932610907656,740.75835196281,744.0043259156971,4407033
2022-03-31,770.0202026367188,776.1780847045843,761.8574558354961,761.8574558354961,7059986
2022-04-01,789.1143798828125,791.9307819005708,771.1181461220191,774.2686728407027,3406177
2022-04-04,795.9404907226562,798.1363086257236,773.3138875440624,780.9515555691888,4163250
2022-04-05,798.661376953125,813.4116348017498,795.9404810605165,799.0910074284795,2669967
2022-04-06,790.35546875,800.7140917282151,785.6774317053626,800.7140917282151,2049292
2022-04-07,796.5133666992188,802.2416182515624,785.0568635945316,788.5892970393011,2913537
2022-04-08,818.567138671875,821.669941476787,789.5916990543019,792.4081009467639,4145522
2022-04-11,818.0419921875,822.3381806332386,807.8743811617229,816.2280809173259,2922901
2022-04-12,821.8131103515625,828.1142217606391,805.1057106825335,811.5022696385475,2961076
2022-04-13,826.873046875,835.3699762272253,823.2928898340261,823.4361194239791,3695363
2022-04-18,834.5106201171875,836.324589452851,819.2352851500121,826.8729526335999,3076843
2022-04-19,832.983154296875,847.5901824831109,825.9182881899413,838.3294985118431,3301212
2022-04-20,841.3368530273438,849.5951047370029,833.8901384930027,833.8901384930027,2208791
2022-04-21,869.7394409179688,872.6035664094659,840.8595088787058,841.3368631272887,3206906
2022-04-22,878.952392578125,885.0624919374143,848.7835694019742,862.8655195966516,4924905
2022-04-25,863.0565185546875,885.9695234720687,854.5595892561781,872.9377286169941,5476626
2022-04-26,897.5693359375,900.1947846528435,865.5388149936764,865.5388149936764,6384561
2022-04-27,884.87158203125,898.0943301986115,881.1482537085891,887.8789372237086,3154605
2022-04-28,881.1005859375,902.1996225859568,876.8998448097369,902.1996225859568,2869224
2022-04-29,880.3367309570312,896.7100059036176,876.4224492089655,886.8287957159483,3467791
2022-05-02,879.6206665039062,891.4113516201515,868.4983472727339,873.5582907452987,2740823
2022-05-04,855.5143432617188,882.1030124268201,850.6930765416116,876.3270371177496,2408261
2022-05-05,858.3306884765625,879.286552272279,855.0847144512742,868.7847584883539,2690817
2022-05-06,853.3662109375,873.3673666398194,847.1128816123987,849.6906063419752,4247088
2022-05-09,854.75048828125,861.0515991954373,835.3699178414838,840.1434602291495,1790691
2022-05-10,848.115234375,869.6916804633112,844.0577234331931,854.7504698045811,2436623
2022-05-11,846.8742065429688,857.7101835341164,836.8020430074752,848.3539931394239,3048794
2022-05-12,826.0615844726562,848.7359128531539,815.0347122196663,844.821631051572,4908042
2022-05-13,849.2132568359375,864.011239389009,830.6918876224887,839.9525722292132,4956950
2022-05-16,862.4358520507812,867.7345305467902,852.2682420555088,854.4640598288462,2856221
2022-05-17,869.5484619140625,875.4676660760392,857.471434743639,865.9205813860061,3469290
2022-05-18,871.9352416992188,880.9572484745722,864.2021263322193,868.7847153745442,3203522
2022-05-19,842.5779418945312,871.6488262307535,840.2866765470828,860.1923246811707,2658159
2022-05-20,862.8656005859375,870.0736386910329,848.4018006010349,856.2781463644569,3426756
2022-05-23,899.2400512695312,900.719837941459,869.0235008511485,869.7395322992543,6613972
2022-05-24,903.9657592773438,916.9021066322467,900.3856022464558,906.0184059500335,4546511
2022-05-25,886.3513793945312,910.6009399130943,881.5300549362049,910.6009399130943,1363358
2022-05-26,887.6879272460938,891.2203602531548,873.3673001397228,887.974328134065,2384886
2022-05-27,909.6940307617188,914.6108031684861,881.1960034702637,897.4260490379717,3269005
2022-05-30,953.13330078125,965.9264192393626,913.7038475334203,928.2154298052585,11690785
2022-05-31,987.5027465820312,995.7609986906075,947.0708635676726,952.7513909861719,13301109
2022-06-01,999.9140014648438,1009.3656396538138,968.8382490416953,988.1233738866846,7889745
2022-06-02,997.2409057617188,1010.033907653195,988.1233920972346,997.6226959650172,4081658
2022-06-03,982.0609130859375,1008.6973033069958,979.2444531110851,1002.5393636119067,2660682
2022-06-06,989.0302124023438,1001.1072980945456,971.8932416442016,981.4403265326515,3443406
2022-06-07,995.3314819335938,997.6704713502728,971.9887871048072,987.9324903996563,2162861
2022-06-08,997.67041015625,1009.0791304308832,987.4072934967479,1009.0791304308832,4293398
2022-06-09,997.7658081054688,1001.77565364225,985.2591503387448,989.0779842547865,2757706
2022-06-10,989.5554809570312,996.2384412722258,980.1038423457974,986.214000799434,2425545
2022-06-13,958.8137817382812,982.3950944944927,953.3242075950905,977.2874270782728,4047155
2022-06-14,973.0866088867188,978.576182593953,953.8014861219306,954.7084708233689,3614327
2022-06-15,979.0535888671875,992.2286130814422,973.8026919985678,978.2421099321689,3333753
2022-06-16,959.7207641601562,990.7010098061464,951.8444186696601,990.7010098061464,3255301
2022-06-17,952.4649658203125,962.2984517934536,938.6216924614953,954.7085075046352,5318310
2022-06-20,938.192138671875,962.3462542320741,934.7551528014307,959.4821284754311,3722583
2022-06-21,952.7514038085938,959.2434102581996,937.3328375038428,938.1920985023609,6263423
2022-06-22,939.2421875,958.4795866092438,928.5972229497945,950.0781636704374,2629024
2022-06-23,981.1539306640625,984.8773173190681,940.5788755414168,941.3426307276065,7303072
2022-06-24,1023.4953002929688,1025.834289515629,984.8772713071572,989.9372730046888,7273273
2022-06-27,1033.662841796875,1045.405802911964,1023.4952895497499,1040.4413653503777,6316257
2022-06-28,1061.6357421875,1070.65768996267,1030.5599371102646,1032.9944901500673,11020641
2022-06-29,1061.397216796875,1064.9295917697668,1041.3005554614936,1055.9076427050538,5052023
2022-06-30,1043.6396484375,1066.886777735778,1038.7706582635296,1059.0582144397133,4165189
2022-07-01,1057.1964111328125,1062.924662008007,1015.8098218678439,1042.923565985411,2839545
2022-07-04,1041.77783203125,1052.0887300861048,1030.5123420514533,1051.134021619602,2784613
2022-07-05,1032.9468994140625,1052.0888530207708,1029.1758471473602,1041.5870586621243,3675577
2022-07-06,1054.5233154296875,1061.6358471052688,1031.6579770351705,1033.662841567614,4957228
2022-07-07,1081.9713134765625,1087.365323885547,1064.1181925586916,1068.3189337476952,4917004
2022-07-08,1082.257568359375,1140.7812479763813,1075.1450364139662,1131.2818281598613,10482265
2022-07-11,1112.283203125,1115.0040990871462,1071.8035387403766,1077.8181324659258,4520273
2022-07-12,1094.716552734375,1111.7102945425559,1090.2771347879145,1111.2807223232335,2452632
2022-07-13,1088.7017822265625,1104.1203473504474,1086.5536881655694,1100.9697627776995,3379695
2022-07-14,1102.0599365234375,1110.4508413773976,1091.0166015382179,1094.4888137727203,2423203
2022-07-15,1130.8494873046875,1134.1287332453835,1099.8897935444738,1102.397410651819,3879759
2022-07-18,1122.0728759765625,1137.6009364284814,1118.0702717716972,1137.6009364284814,3480683
2022-07-19,1144.111083984375,1147.2456348994008,1119.758034567637,1120.6260875986047,4056414
2022-07-20,1124.242919921875,1152.550303408575,1121.2047930648273,1152.550303408575,3028752
2022-07-21,1133.405517578125,1138.0832089154176,1123.4232011145318,1125.6414282541941,2062279
2022-07-22,1139.14404296875,1143.773580807666,1128.727759432246,1138.083141553093,1983433
2022-07-25,1095.5013427734375,1142.905418047707,1091.7881293080204,1142.905418047707,4380502
2022-07-26,1095.6461181640625,1105.2908903309997,1085.1815639097426,1093.717163730675,2598868
2022-07-27,1097.671630859375,1109.4383249808304,1086.7731076198381,1099.5041613417545,1647876
2022-07-28,1108.3289794921875,1111.0777159196616,1095.019147259954,1101.5293682516708,1929675
2022-07-29,1123.08544921875,1142.133874271066,1112.2833514725698,1117.6362471251894,2230572
2022-08-01,1193.7816162109375,1204.3425941203632,1142.1820876572835,1147.1491686256095,12673841
2022-08-02,1209.936767578125,1215.0002733810625,1182.642013013434,1193.733501915107,5626351
2022-08-03,1209.1651611328125,1215.1931443436406,1187.2715732047036,1215.1931443436406,3820503
2022-08-04,1216.9774169921875,1220.0636970373232,1195.035559990133,1219.9672728610446,3075648
2022-08-05,1191.99755859375,1233.0842694048977,1187.5127154515294,1232.794879111574,5766297
2022-08-08,1231.3480224609375,1234.530844387739,1198.507643686201,1200.7741416115118,5412651
2022-08-10,1223.0054931640625,1234.2415595751622,1215.4825230947338,1231.6375179464194,2530492
2022-08-11,1221.220947265625,1233.5180312002958,1209.4543728688068,1231.6373478097817,3077633
2022-08-12,1214.7108154296875,1223.8251960076589,1204.9214656099218,1220.0637112167835,3355489
2022-08-16,1242.5360107421875,1252.566479329118,1229.3708735543014,1235.1094657401336,4085782
2022-08-17,1228.985107421875,1248.0335326693398,1224.9343501590668,1248.0335326693398,2197165
2022-08-18,1216.3505859375,1232.9395486152168,1210.129636632821,1228.744095853578,2659857
2022-08-19,1195.373046875,1227.441913282667,1191.611562305941,1224.8860251950991,2513148
2022-08-22,1183.1241455078125,1203.088894379952,1175.7459890441874,1195.3730767058578,2443323
2022-08-23,1227.8758544921875,1231.63733898028,1174.7331862787635,1176.6138696557953,4449168
2022-08-24,1223.24658203125,1237.9065896021855,1216.2058507895254,1229.6602617597573,2570071
2022-08-25,1214.9036865234375,1232.0713094494743,1212.0584082413886,1228.743910318127,1769049
2022-08-26,1229.3709716796875,1252.8559695795789,1223.728803215687,1234.4344773304133,4325600
2022-08-29,1231.444580078125,1235.3024890160464,1198.0254203565735,1204.6320658659563,2554692
2022-08-30,1262.2113037109375,1268.287557353088,1238.3887632253725,1238.3887632253725,5078317
2022-09-01,1265.4425048828125,1278.6075260104049,1234.5309599254358,1234.5309599254358,4913035
2022-09-02,1269.2037353515625,1283.381620956035,1264.6224686114776,1271.807894454768,2316436
2022-09-05,1273.6405029296875,1277.4018700864099,1254.8813494328683,1272.1455160711655,2271837
2022-09-06,1259.9930419921875,1279.8612488342162,1254.399027119193,1277.9322944275332,1930221
2022-09-07,1243.8863525390625,1265.3459729095573,1235.6882953188733,1245.1402201487106,3162428
2022-09-08,1274.942626953125,1284.6355536379335,1255.7495042249957,1258.6429362623805,4026323
2022-09-09,1255.0260009765625,1290.4705393326728,1248.0818119840824,1290.4705393326728,3415016
2022-09-12,1250.9752197265625,1268.8662014375088,1248.9979943407488,1261.5361981449416,3077887
2022-09-13,1253.67578125,1263.4169783274538,1245.14018078446,1263.4169783274538,2460291
2022-09-14,1251.9395751953125,1267.1782430811545,1234.5307160511381,1238.3403535890927,2955136
2022-09-15,1250.9752197265625,1267.5641807431114,1243.2594020009053,1258.6427664978203,2555055
2022-09-16,1205.6929931640625,1250.926999979201,1190.6471715299333,1245.3812557618683,9047956
2022-09-19,1242.8736572265625,1252.3254638298122,1205.6930113835922,1215.1449357208837,4476773
2022-09-20,1256.66552734375,1265.394093143882,1250.49296741808,1253.8203666822,3780649
2022-09-21,1260.2342529296875,1276.003432804155,1247.6477774172542,1262.4524800182492,2887754
2022-09-22,1263.85107421875,1273.6405423354004,1247.06914569507,1250.9270548851553,2010645
2022-09-23,1227.1043701171875,1271.2773545694981,1216.2057308282072,1258.6427269871613,4639618
2022-09-26,1192.479736328125,1214.2286284208103,1173.0937664853313,1205.5966038309975,3345338
2022-09-27,1191.852783203125,1208.3935918860318,1177.8195918686786,1198.459428938082,3588217
2022-09-28,1198.2666015625,1216.9292134669176,1168.223110609712,1189.2969157248824,3361451
2022-09-29,1213.6500244140625,1222.9089832333864,1201.4493626452117,1210.4190489060236,3474302
2022-09-30,1223.14990234375,1237.1348213366864,1189.2486239377527,1212.2995341595754,3320684
2022-10-03,1206.8985595703125,1230.7693710396445,1197.9289919616524,1224.8378125216698,3150821
2022-10-04,1215.5789794921875,1232.5537569558005,1210.4190493227609,1220.0638226241374,3011962
2022-10-06,1212.25146484375,1231.6374337944112,1209.9366959241104,1222.9571386462908,3531469
2022-10-07,1194.842529296875,1217.1219285782474,1189.1520903956857,1215.2412451733771,3501889
2022-10-10,1198.84521484375,1202.2691561551412,1174.7332837326528,1190.164919643755,2230590
2022-10-11,1185.8731689453125,1204.8733255851541,1181.9669885968433,1204.8733255851541,1569478
2022-10-12,1203.5711669921875,1214.6143842566537,1186.4034250886295,1191.7563208448953,2884899
2022-10-13,1203.8604736328125,1228.888729269913,1196.4340457948526,1210.4189661205482,2137351
2022-10-14,1186.596435546875,1226.8150907197794,1184.3780907263279,1222.716062311321,1696759
2022-10-17,1186.3070068359375,1194.7461826975753,1153.9970192513815,1183.4135751119472,2158727
2022-10-18,1209.2615966796875,1222.330192490766,1189.6826618395444,1192.2385500429182,2722206
2022-10-19,1204.0533447265625,1219.8707941523724,1199.809621553682,1215.192985604588,1449579
2022-10-20,1205.5965576171875,1209.4544666015624,1180.0861815516232,1197.1091107579468,1831346
2022-10-21,1212.1068115234375,1223.8252339244411,1199.954421443673,1208.5864459340107,1750934
2022-10-24,1225.8023681640625,1232.6019801717734,1216.2058661945275,1216.2058661945275,318933
2022-10-25,1235.881103515625,1238.2440255541514,1214.855453531954,1225.8022461687326,2809493
2022-10-27,1248.17822265625,1253.6756957379814,1233.6146401245094,1237.7136683254253,3279938
2022-10-28,1265.0565185546875,1269.1555465757172,1244.1755640301658,1254.4472695590814,2111224
2022-10-31,1300.694091796875,1310.242440823369,1269.8308175191069,1271.422228645864,4306893
2022-11-01,1305.950439453125,1318.0064048196136,1301.4173258349033,1312.6535091032779,3405472
2022-11-02,1304.310791015625,1312.653542810272,1291.0492287719503,1305.950472987994,2298917
2022-11-03,1287.9630126953125,1306.8667442685503,1281.3563667231256,1292.3995847379022,1931917
2022-11-04,1290.760009765625,1303.9733016009516,1283.7192784251972,1290.470619483782,2204968
2022-11-07,1303.298095703125,1307.4452770489556,1289.120210132963,1297.2218422110507,2599224
2022-11-09,1290.03662109375,1316.366779955178,1283.7192478742306,1316.366779955178,2459869
2022-11-10,1252.0843505859375,1291.435070476755,1244.754346846993,1291.435070476755,2792546
2022-11-11,1241.378662109375,1271.9043910411713,1233.1324521481677,1258.7392528496525,5308986
2022-11-14,1232.7467041015625,1263.1758927589492,1223.00550676381,1257.6784191553402,3794391
2022-11-15,1245.8153076171875,1250.2519974780882,1229.9497027908617,1238.9193889638418,3192070
2022-11-16,1240.992919921875,1248.99812876744,1230.6730596967207,1243.162993890776,2478281
2022-11-17,1214.6142578125,1239.35311990051,1209.5990237983415,1234.7235825535747,2319979
2022-11-18,1183.5582275390625,1211.335100446682,1174.009879647617,1205.644779115387,4525364
2022-11-21,1174.9744873046875,1191.033058123094,1159.301730958534,1174.733367976285,4120736
2022-11-22,1184.8121337890625,1191.5634751266657,1172.7561671147707,1177.2892812247342,2469455
2022-11-23,1191.804443359375,1196.2892859404187,1180.5201070765222,1190.7435419733517,2396267
2022-11-24,1209.502685546875,1212.3478462068895,1194.6497130489258,1197.7842639639396,2133523
2022-11-25,1216.012939453125,1222.6677381571396,1201.7386293464067,1213.312356113788,1370326
2022-11-28,1206.2716064453125,1226.815018231002,1201.7386106256515,1214.1803902535748,2126619
2022-11-29,1212.4442138671875,1220.0636069753411,1204.1980047924746,1211.3833125383624,2435651
2022-11-30,1259.221435546875,1269.252022186953,1212.974799917188,1217.266676454829,7536690
2022-12-01,1247.5029296875,1270.1681428417435,1242.2465762836378,1268.28745948213,2613761
2022-12-02,1219.677978515625,1247.8407865119148,1215.2414064515792,1240.751784120377,2892150
2022-12-05,1215.04833984375,1224.355449994551,1208.1040338423245,1224.355449994551,2764806
2022-12-06,1218.1829833984375,1220.497634508017,1204.1497929429338,1204.1497929429338,1686075
2022-12-07,1221.60693359375,1223.8252784936399,1207.9114029269106,1217.1703615280167,1731982
2022-12-08,1229.08154296875,1236.4598173758739,1224.4038519178407,1227.7312512906428,1906386
2022-12-09,1220.449462890625,1239.015648845555,1211.86559233089,1235.9775221424873,1308941
2022-12-12,1219.09912109375,1231.9267143191228,1211.8655424480196,1219.002696925279,1723401
2022-12-13,1237.7618408203125,1240.26945809429,1221.992661513337,1222.9571387521005,2164600
2022-12-14,1240.7518310546875,1245.1402500598276,1231.1070576227755,1241.282340687063,1436837
2022-12-15,1241.2340087890625,1247.5513821704396,1236.2187739443068,1240.2213782688564,2417555
2022-12-16,1207.1396484375,1241.2821651037095,1205.5965084534862,1232.5535992888927,2136354
2022-12-19,1244.802490234375,1248.9015182306732,1200.8223545738413,1206.4645225042927,2767603
2022-12-20,1229.949462890625,1242.2465463267006,1218.231042187089,1242.1982753764787,1286604
2022-12-21,1220.73876953125,1238.870988350034,1213.7945806450118,1234.434416687491,1251993
2022-12-22,1190.11669921875,1232.2644272309096,1185.6319740289011,1220.738853030021,1557590
2022-12-23,1181.0987548828125,1186.3069553065748,1165.0884569189775,1176.6621833122124,1913648
2022-12-26,1193.1065673828125,1203.0888828562502,1173.0936654823226,1181.0987556020987,1677560
2022-12-27,1190.406005859375,1204.1498062105973,1180.4718434241756,1199.0863008180418,1304940
2022-12-28,1207.863037109375,1210.4189253192071,1181.4846083793057,1186.162299404449,1959508
2022-12-29,1217.5078125,1222.571317977281,1194.5533249767482,1203.378197478494,1289676
2022-12-30,1204.824951171875,1220.4012825332748,1200.7741937564335,1220.4012825332748,1372710
2023-01-02,1217.9901123046875,1225.8506257015888,1198.4594473397328,1206.5610800571894,1718385
2023-01-03,1204.9215087890625,1220.0637549385565,1202.4137736825871,1218.1348003852938,1510751
2023-01-04,1192.286865234375,1211.1907156759682,1187.2716300564337,1207.8631981438268,1344532
2023-01-05,1208.1524658203125,1210.4189638392593,1187.2715095506996,1195.9518049089095,2745160
2023-01-06,1219.96728515625,1229.6602107836545,1203.8122913765376,1208.152438959147,2214972
2023-01-09,1263.802734375,1267.2266756881922,1226.477512089004,1227.7312618670173,3634805
2023-01-10,1268.1910400390625,1279.2825273686396,1259.3660504865497,1263.9473169922446,3139930
2023-01-11,1265.9727783203125,1273.1099333114414,1254.3026274784315,1268.7697858115162,2041750
2023-01-12,1273.013671875,1279.8614374812546,1263.4653226077191,1269.2521866807317,2448619
2023-01-13,1280.970458984375,1289.506058939147,1265.008313704191,1277.9323321573445,2600139
2023-01-16,1268.8662109375,1287.818211914846,1256.6655505206515,1285.6481381632575,1651972
2023-01-17,1273.9296875,1276.8231191032405,1257.7746943819063,1272.0971572711408,1607137
2023-01-18,1275.1837158203125,1277.9324526433395,1261.6327623420602,1273.447609545744,1179938
2023-01-19,1272.676025390625,1281.5008982007907,1265.6835652014292,1270.7952240786233,2066881
2023-01-20,1268.04638671875,1277.9322779253423,1265.0565309738065,1277.0160716876123,1332666
2023-01-23,1281.2598876953125,1298.1382413095293,1265.6836726900049,1274.4121220614977,1681075
2023-01-24,1276.8714599609375,1287.6735581107978,1274.1227233341822,1287.6735581107978,1408040
2023-01-25,1264.9119873046875,1284.6837720852793,1259.6556330785877,1277.8360067568592,1359090
2023-01-27,1273.302734375,1292.2065814154178,1240.9445954121225,1271.277355830393,1914769
2023-01-30,1284.2978515625,1294.3284382672653,1258.6427808783765,1273.2063634551425,2402331
2023-01-31,1329.77294921875,1336.2831703663303,1287.8664616660863,1302.3336197718206,5265862
2023-02-01,1304.021484375,1340.6233481166566,1275.0388965541151,1337.2959487707012,3010838
2023-02-02,1304.359130859375,1329.2425746885303,1283.2370543325708,1300.1636781293357,2029111
2023-02-03,1338.6944580078125,1342.5040961513216,1302.5748311443742,1310.9174653878088,1803085
2023-02-06,1327.12060546875,1342.4558162444466,1311.688970521439,1342.4558162444466,1504382
2023-02-07,1318.151123046875,1335.8011053227374,1312.6536493460258,1333.775726471585,1413825
2023-02-08,1324.275634765625,1330.9787050634484,1311.6891586132535,1324.7578734268798,1241238
2023-02-09,1323.4556884765625,1336.7655221544014,1314.5825445140326,1323.2628401124377,1866387
2023-02-10,1316.9453125,1337.6815717780862,1302.8158160628539,1329.580057689221,3282665
2023-02-13,1304.9376220703125,1334.8364145937269,1277.980532033943,1326.156119990155,4401219
2023-02-14,1314.7271728515625,1328.0851590746781,1302.0442736026255,1309.7600915202709,2373179
2023-02-15,1330.351806640625,1334.0168676572616,1311.7374644615268,1315.7399512691586,2007214
2023-02-16,1319.549560546875,1347.3747053971379,1314.7753275644936,1331.0750164808157,2646301
2023-02-17,1293.84619140625,1323.7932561988312,1284.9730480705407,1311.6407490323115,2150027
2023-02-20,1298.427490234375,1306.8183951667866,1285.262352301904,1294.4248861234278,1497314
2023-02-21,1303.8284912109375,1314.003772857715,1293.3639370419316,1306.3843793611456,2118816
2023-02-22,1272.8687744140625,1304.7929459292795,1264.574294107896,1299.0543537292658,2196484
2023-02-23,1267.2747802734375,1279.1378970246597,1258.6427563560271,1278.1734198167242,1847879
2023-02-24,1234.7237548828125,1273.6405069436196,1232.7948003413715,1273.3028457116338,2824384
2023-02-27,1212.733642578125,1239.7390039053694,1204.0533478657965,1224.9343025817043,2019964
2023-02-28,1224.500244140625,1247.310153738793,1215.2412864572814,1218.8098050461213,3407211
2023-03-01,1226.9598388671875,1259.1734047098744,1223.9699827398288,1230.624782020901,2338935
2023-03-02,1207.091552734375,1233.1324385577943,1205.5965658990442,1233.1324385577943,1563750
2023-03-03,1223.5357666015625,1231.5891277684075,1208.7310649562069,1213.2159075351672,1493291
2023-03-06,1225.3199462890625,1238.629778032743,1222.9570243687117,1224.4520110425838,1570410
2023-03-08,1244.12744140625,1246.0563959990636,1213.6018291622129,1224.8861664365536,2370800
2023-03-09,1203.812255859375,1248.8051413517665,1200.7258581401575,1245.1400808520814,3596577
2023-03-10,1183.1241455078125,1212.058461785666,1181.822124822116,1204.632034367964,2664696
2023-03-13,1151.05517578125,1187.2713388570548,1140.445927424282,1179.2661316395513,3842775
2023-03-14,1119.5653076171875,1150.0427670412128,1115.7555516054053,1149.9463428571016,5379592
2023-03-15,1119.131103515625,1132.6820553666196,1112.2350679392612,1125.5449004885231,2226887
2023-03-16,1125.5931396484375,1133.5018054282664,1099.6486799680254,1118.793528438025,3604480
2023-03-17,1129.8851318359375,1144.111171694734,1111.0778249039693,1131.2354235727335,3683701
2023-03-20,1126.171875,1137.2633632813443,1104.3264419251532,1128.3901020158457,2082268
2023-03-21,1119.0828857421875,1133.2606527726255,1115.3214013053282,1129.0169297601183,2209422
2023-03-22,1122.7479248046875,1138.5653749926466,1117.9738095889304,1126.0271709478313,2211909
2023-03-23,1123.567626953125,1133.2606695608529,1112.8138007440898,1119.7579892426809,2594282
2023-03-24,1109.9205322265625,1128.9689590438857,1106.3518955494717,1119.3241859718235,1839876
2023-03-27,1097.4786376953125,1109.7274511339829,1085.5190967784015,1100.9507320946648,2446528
2023-03-28,1088.2197265625,1108.1843585125837,1083.4937644981014,1102.9761578239413,1903339
2023-03-29,1103.6513671875,1111.5117626085573,1091.7882498875094,1093.6689334363675,4003003
2023-03-31,1117.539794921875,1121.6870943851025,1105.1462852246182,1106.8341204913197,2343070
2023-04-03,1128.342041015625,1138.083238407729,1114.2606956804407,1120.0475596045476,2546562
2023-04-05,1114.405029296875,1131.6210398920464,1111.0293594129625,1130.3671725558415,2028469
2023-04-06,1129.6439208984375,1133.2607103997132,1107.5092162442436,1113.0066891925694,2029418
2023-04-10,1146.377685546875,1148.6924545941256,1129.644028080075,1129.644028080075,2586918
2023-04-11,1159.0123291015625,1161.4235223615174,1145.9918854978052,1157.3727647784115,2443384
2023-04-12,1164.461669921875,1169.8627193724767,1156.0224933634197,1160.7484557829644,2469405
2023-04-13,1161.7611083984375,1178.7840375245023,1156.938722190705,1170.3448616609705,4470196
2023-04-17,1169.862548828125,1175.6494119103052,1160.6518623960733,1175.6494119103052,1956198
2023-04-18,1161.9056396484375,1174.6368093716128,1159.8802610684422,1169.910847528935,2075066
2023-04-19,1172.3221435546875,1174.685065816651,1160.651991916789,1161.8575885267794,1818732
2023-04-20,1175.31201171875,1181.3882657893687,1171.4059493025338,1174.733348886797,2172677
2023-04-21,1169.6697998046875,1178.5429435238545,1166.1012810279453,1178.5429435238545,1015815
2023-04-24,1164.8472900390625,1173.8651279386365,1153.5146834085851,1167.4031780599757,1389756
2023-04-25,1166.8726806640625,1171.839761636736,1156.7939413304282,1164.8473021537184,1360260
2023-04-26,1170.4412841796875,1174.009802515782,1162.4843477485886,1168.9462975141735,1708865
2023-04-27,1180.5201416015625,1181.484618841433,1167.0657311989835,1167.0657311989835,1340045
2023-04-28,1183.317138671875,1185.1013980030375,1168.4641657625066,1181.484608385531,2333102
2023-05-02,1193.3477783203125,1196.7234487796138,1174.2510811997913,1186.3070471258673,2607580
2023-05-03,1191.563232421875,1197.880604766063,1186.4033032830935,1193.347609313457,1307304
2023-05-04,1187.946533203125,1194.0710576776662,1184.3780146175166,1191.1293550917208,1541188
2023-05-05,1168.1746826171875,1198.2181695313075,1165.1366737672654,1189.0074833448268,4753718
2023-05-08,1188.043212890625,1195.8071846959388,1170.586079166996,1173.7206304649667,3513667
2023-05-09,1201.2081298828125,1205.5965484126498,1190.2131835485195,1194.9872987866183,1846359
2023-05-10,1204.29443359375,1211.1904688586799,1191.1292967668892,1205.5964542174993,2108081
2023-05-11,1206.8504638671875,1216.0611512225964,1199.9544277894663,1205.5965963134045,4100467
2023-05-12,1230.6246337890625,1233.3734879908002,1206.8503650437617,1211.7691752071332,2427624
2023-05-15,1239.980224609375,1242.0056033277488,1227.3937491535553,1234.4344803118527,2647630
2023-05-16,1217.604248046875,1245.815207398025,1214.132153519695,1241.282211450601,1571371
2023-05-17,1218.231201171875,1226.5256820448126,1215.916432205603,1220.063731509092,1643851
2023-05-18,1201.2564697265625,1224.8378924722176,1197.1574412268933,1224.8378924722176,1900447
2023-05-19,1215.6270751953125,1217.6041827966255,1193.492253019402,1208.3934962621454,1588996
2023-05-22,1220.59423828125,1224.3556053919767,1206.850437384862,1214.5179844755467,917769
2023-05-23,1223.4876708984375,1225.6094737692458,1211.9139438197587,1220.5942391287679,1803955
2023-05-24,1230.383544921875,1232.6018896259272,1209.9366749105836,1215.241299631196,1369297
2023-05-25,1232.4090576171875,1235.3024893213437,1212.8783936141335,1234.5308604399538,2040166
2023-05-26,1236.3150634765625,1246.8761593562108,1223.2946214008005,1244.175576128366,3508112
2023-05-29,1282.8994140625,1302.0442635764275,1251.891447497928,1274.5566624564808,6185862
2023-05-30,1281.2598876953125,1287.8666517258328,1273.11010118664,1282.706603719388,2493657
2023-05-31,1272.1455078125,1281.0669224806315,1256.9549909451407,1277.932371381018,5629378
2023-06-01,1272.049072265625,1290.181173977854,1266.165784570349,1272.1454964440973,2364455
2023-06-02,1293.749755859375,1297.2218502761325,1273.3993102308464,1277.7876109054862,2313841
2023-06-05,1345.83154296875,1351.232591880566,1298.5238880009445,1301.851405066768,5105293
2023-06-06,1361.0701904296875,1364.6388267438865,1338.7426372255711,1345.8315211658648,2335838
2023-06-07,1356.4407958984375,1372.2582459715295,1345.445731961408,1372.2582459715295,2491079
2023-06-08,1331.9912109375,1365.265672508489,1328.567269972092,1362.5168184523598,1776230
2023-06-09,1321.960693359375,1337.729871980471,1314.5824192569444,1331.701889500386,1881329
2023-06-12,1332.3289794921875,1335.6082258927786,1320.658827588773,1328.953308907412,1389300
2023-06-13,1324.3719482421875,1339.1766503583256,1319.59771525443,1334.0167206610447,2516583
2023-06-14,1329.676513671875,1331.9430115422474,1317.4758535602534,1325.1916711506503,905086
2023-06-15,1343.275634765625,1357.2122833620945,1322.7804940449146,1332.714656405508,1720070
2023-06-16,1353.9813232421875,1359.7200333479325,1343.9025833756957,1349.3036322668402,2132678
2023-06-19,1352.7275390625,1365.072776537443,1346.4101663317288,1359.4306084846503,1476764
2023-06-20,1346.843994140625,1359.8162817272942,1331.6534798727034,1352.7755518301415,1042428
2023-06-21,1325.432861328125,1353.5473967233702,1321.9607667735822,1344.5295579791698,2008628
2023-06-22,1329.724609375,1342.5522026577985,1325.8185475292357,1330.0139996157357,1296616
2023-06-23,1324.4683837890625,1330.5927907808023,1319.887116850779,1327.9887492989726,1258590
2023-06-26,1348.0015869140625,1354.9940466388953,1321.2854977387638,1326.1561547096746,2281046
2023-06-27,1352.5830078125,1366.664353040847,1344.0955603612529,1356.7301896195493,2737379
2023-06-28,1345.44580078125,1363.5297497164818,1340.7681095368118,1358.9002116954455,2611913
2023-06-30,1401.9639892578125,1409.1011438549447,1350.2680365482015,1352.8239245927593,4114865
2023-07-03,1415.8043212890625,1444.835180480768,1407.4616873271668,1417.7815467301587,3615176
2023-07-04,1412.4285888671875,1434.1775968272805,1410.162090993319,1434.1775968272805,1595700
2023-07-05,1422.94140625,1425.4972943638322,1405.3396974393504,1411.9463426790069,1456527
2023-07-06,1493.782470703125,1497.7368040369975,1420.3375016773234,1425.3527364811553,5628945
2023-07-07,1508.587158203125,1535.3995558959448,1484.6199213873024,1491.9499251546185,6905845
2023-07-10,1496.2901611328125,1522.9097120331946,1491.0336890163974,1511.3359840126764,2276342
2023-07-11,1513.6988525390625,1520.0162259524704,1495.3256306005594,1502.8967538644906,1563376
2023-07-12,1515.0491943359375,1523.536641956258,1486.8865033182312,1513.264934817475,2658457
2023-07-13,1511.239501953125,1538.148442117163,1503.0895981436806,1520.016221819104,1859405
2023-07-14,1507.2437744140625,1527.076546094891,1503.4915287446345,1522.9832196285622,2174792
2023-07-17,1497.254150390625,1519.3771699997694,1490.6269284891903,1519.3771699997694,1520990
2023-07-18,1495.6947021484375,1502.9554276540644,1487.2158650527647,1496.9617095157578,1059058
2023-07-19,1505.1968994140625,1510.118598451455,1485.2666950887494,1491.3090710643153,1081196
2023-07-20,1506.0740966796875,1514.2606300742991,1491.6503178109258,1510.6547150990666,1538263
2023-07-21,1484.7794189453125,1513.1398028257267,1480.2475774306467,1509.5825457672115,1668783
2023-07-24,1507.535888671875,1517.4279443441123,1476.4466218310542,1483.31748959007,2129706
2023-07-25,1525.95556640625,1529.6102580070951,1508.7054696373907,1512.0189615145632,1996604
2023-07-26,1505.5867919921875,1533.995953035425,1493.0634053686601,1530.2438266262043,2100855
2023-07-27,1410.613525390625,1461.8766425283886,1401.7934887269068,1460.9020581000364,11879512
2023-07-28,1430.4951171875,1433.6137398706512,1413.1474662219198,1422.8933108165538,4714146
2023-07-31,1437.7069091796875,1441.4103776153227,1420.554246938074,1439.2663394480558,2460789
2023-08-01,1455.3956298828125,1465.7749778211885,1432.8339766101512,1437.7068987438654,4184243
2023-08-02,1447.55029296875,1458.9528831456844,1428.0098276748256,1455.3956262035008,3188395
2023-08-03,1431.8106689453125,1463.3872267230963,1410.8083279211492,1447.2578076100783,2222395
2023-08-04,1427.425048828125,1464.2642673435212,1379.7678484229539,1443.3594797912024,8066091
2023-08-07,1488.093017578125,1492.0887900217174,1443.1159215053285,1451.1562432020492,9257291
2023-08-08,1461.584228515625,1495.0125221988578,1447.2578849187119,1491.114184461703,3426948
2023-08-09,1495.7435302734375,1498.4724144038287,1454.323689884696,1466.7496420013185,3713003
2023-08-10,1506.122802734375,1516.502150713083,1492.8684782727344,1495.4998086480346,3600607
2023-08-11,1507.14599609375,1519.961804732866,1494.0866603227305,1509.1927185057004,2402812
2023-08-14,1507.535888671875,1511.336791709462,1485.266658433158,1505.6841544773763,1875450
2023-08-16,1530.6822509765625,1533.0212773547753,1499.4955498479212,1519.4258724186377,2361632
2023-08-17,1533.5086669921875,1538.9176583999788,1520.497988082007,1533.0213747560922,2377711
2023-08-18,1513.1884765625,1542.3285736100436,1505.3430246377616,1528.8792614441554,2202570
2023-08-21,1499.447021484375,1513.1886390621976,1492.819799335153,1506.7076283807062,1487526
2023-08-22,1511.0931396484375,1515.4787695281007,1495.7434350696158,1498.9108344271503,975607
2023-08-23,1503.247802734375,1515.3326742338554,1497.059215001123,1506.7564020813265,1405076
2023-08-24,1503.004150390625,1515.4301026174544,1489.2138750543318,1510.654733798665,2111147
2023-08-25,1481.4171142578125,1507.92576323556,1469.8681935580441,1491.9913315572226,1455320
2023-08-28,1509.8748779296875,1513.5295694205613,1485.3640565373291,1489.1649594814023,2132512
2023-08-29,1521.1800537109375,1524.5910991485298,1500.8599925405601,1515.3813240541601,1325882
2023-08-30,1542.9620361328125,1548.614673465759,1520.1568554360238,1529.1229846870838,3140040
2023-08-31,1535.3603515625,1549.5892606021366,1527.3200299273003,1548.5658993523439,3512885
2023-09-01,1551.48974609375,1563.7208291472584,1534.9705864175332,1536.9197554161588,2147299
2023-09-04,1536.3349609375,1565.085202402703,1524.4449591881423,1565.085202402703,2200142
2023-09-05,1531.218505859375,1543.8393279172465,1525.4684333472328,1537.5045284815287,1078759
2023-09-06,1536.919677734375,1540.7205808831493,1519.0847347112644,1536.919677734375,1301466
2023-09-07,1525.95556640625,1537.7967909865536,1520.5953520583437,1532.2415883725735,1514369
2023-09-08,1527.7099609375,1537.8943212445402,1520.3518004698876,1525.3221575624725,1223910
2023-09-11,1541.8900146484375,1548.6146710602,1524.250060124703,1527.8073171148508,1921950
2023-09-12,1518.353759765625,1549.0531692021357,1474.5950141875257,1541.9874321096054,3770868
2023-09-13,1497.887451171875,1528.7330713320894,1491.2115718023574,1524.2500068701534,2382637
2023-09-14,1526.19921875,1535.3603361937887,1499.2519354427454,1505.7329457016283,2220196
2023-09-15,1560.4071044921875,1569.7630912111094,1531.900509961953,1539.502316090479,5425897
2023-09-18,1599.731689453125,1627.5561246807595,1561.3818129435856,1567.8628237007017,6887528
2023-09-20,1592.470947265625,1622.6830643802116,1578.9241999916487,1578.9241999916487,6116670
2023-09-21,1543.0108642578125,1614.1067538553366,1535.0679770227803,1596.1744947568436,2898266
2023-09-22,1566.303466796875,1576.8289077731033,1526.2967264086435,1539.8434744393662,3827771
2023-09-25,1549.05322265625,1578.8268255020785,1542.133696782492,1571.955957470632,3231962
2023-09-26,1554.6571044921875,1565.7673912833116,1541.7926370295163,1549.0532437697352,1479841
2023-09-27,1548.8095703125,1558.9452724512435,1543.0108403848426,1554.3159962839748,1991198
2023-09-28,1516.502197265625,1556.3139486813175,1504.7584069301072,1555.388022063195,2369699
2023-09-29,1514.7479248046875,1536.432429438372,1510.7033754277597,1533.995968243576,1254881
2023-10-03,1498.326171875,1557.3859663289525,1494.0867532696104,1556.6062511741966,3436776
2023-10-04,1483.4149169921875,1498.8133983644923,1463.5821479042138,1492.8684572156794,2580901
2023-10-05,1498.862060546875,1511.3855655130799,1474.5950036729298,1494.0379152569521,1991367
2023-10-06,1509.485107421875,1514.5042411523355,1501.2011395648642,1505.7329810684416,1743027
2023-10-09,1476.6903076171875,1502.078280067751,1475.5208538670397,1500.8600495080852,2123175
2023-10-10,1498.7647705078125,1504.6122775896529,1480.588745534858,1482.781560690548,1956653
2023-10-11,1516.745849609375,1519.523391539489,1500.8600752517216,1500.8600752517216,1536986
2023-10-12,1526.832763671875,1530.1463746199338,1516.0635578326414,1519.3771687807002,1731806
2023-10-13,1522.739501953125,1534.3858580898218,1510.8983954717144,1520.8391097683598,1465554
2023-10-16,1534.531982421875,1537.1633128310311,1518.889854523482,1523.129273057268,1089610
2023-10-17,1536.52978515625,1543.6442990666922,1528.7331097334425,1534.9704738652536,997962
2023-10-18,1534.82421875,1539.3072831970303,1522.0571869018713,1536.5297414502263,1212994
2023-10-19,1529.6590576171875,1538.7713983508947,1513.8707182854944,1513.8707182854944,1239578
2023-10-20,1518.646240234375,1534.970529997844,1505.8304307459064,1526.199269826428,1435102
2023-10-23,1525.3709716796875,1534.8731706650176,1507.1949467500783,1508.9004696448812,4069167
2023-10-25,1529.220458984375,1536.5298424658831,1507.6821661190968,1533.9959466525263,2510769
2023-10-26,1467.821533203125,1518.5973563782397,1461.8765921884562,1514.5041495072408,3343802
2023-10-27,1472.4022216796875,1494.9637563242254,1468.9911761347287,1470.01441841752,3341111
2023-10-30,1459.732666015625,1476.9339867281697,1426.011948196397,1463.923307853809,2637486
2023-10-31,1421.5289306640625,1459.2454222679296,1418.556519313997,1456.224115137801,2555737
2023-11-01,1417.630615234375,1447.2580083572764,1413.1475502478456,1427.6688833508563,2627536
2023-11-02,1432.3468017578125,1439.9486084963999,1415.583995831486,1427.7663021639428,2091122
2023-11-03,1431.66455078125,1450.279089901178,1423.3318061831048,1442.384979684309,2456723
2023-11-06,1450.47412109375,1454.2749053703187,1436.099000093802,1444.1393220090272,1271868
2023-11-07,1442.1412353515625,1458.9528158954479,1437.511959549623,1450.425202576086,1940908
2023-11-08,1449.5970458984375,1451.5462149479263,1436.5375894732947,1447.3067960588555,1342202
2023-11-09,1512.6038818359375,1519.0847734196727,1449.5969717409084,1449.5969717409084,4831782
2023-11-10,1485.3641357421875,1511.5804812282352,1476.7878639669798,1510.6058967787005,4872228
2023-11-13,1501.103759765625,1504.0762900453635,1474.595109241656,1487.4595769143225,1968032
2023-11-15,1504.904541015625,1511.3855511379315,1494.5739700596164,1509.6312516121955,2782942
2023-11-16,1529.6103515625,1543.6930498052989,1499.3982324809854,1504.9533164669049,3224223
2023-11-17,1544.27783203125,1555.4367763546834,1532.6802533262678,1534.9705029815955,2035309
2023-11-20,1512.7498779296875,1549.3943470244672,1501.4447225350063,1549.3943470244672,2918577
2023-11-21,1520.108154296875,1531.4620873692097,1509.7775825234937,1513.5297090066015,2213144
2023-11-22,1504.2222900390625,1524.8835513239824,1495.9870991973864,1520.3517099335002,1269475
2023-11-23,1506.5614013671875,1521.2776032875825,1496.084618160228,1517.0381845741467,1552635
2023-11-24,1513.724609375,1519.8645393590318,1508.169525269703,1509.6314020308691,1239270
2023-11-28,1526.248046875,1532.046776846543,1502.9554544003702,1513.7245413429255,2596766
2023-11-29,1577.9495849609375,1582.140345485899,1527.417407399477,1535.9450209357638,3581220
2023-11-30,1605.8714599609375,1617.8101189714193,1572.6868132467137,1574.0025973731479,5214960
2023-12-01,1584.18701171875,1623.6576816508382,1579.9962510277182,1613.911837223162,2489755
2023-12-04,1614.7403564453125,1632.4290894770947,1597.7825618118038,1620.5878636314992,3001010
2023-12-05,1643.1982421875,1664.5903243542157,1598.9033053255937,1618.687418243167,3423953
2023-12-06,1659.132568359375,1666.9779016918808,1641.3464023946628,1645.1959633314013,2279220
2023-12-07,1649.63037109375,1662.6410495342304,1638.9099422866711,1659.717296223209,2461051
2023-12-08,1626.1429443359375,1664.736465063814,1620.2954375902643,1655.8189934830966,1942667
2023-12-11,1610.2083740234375,1631.8928779459864,1605.2380171426212,1631.4543625324368,2037178
2023-12-12,1593.83544921875,1627.556047731477,1585.161623733681,1620.733956513441,2051527
2023-12-13,1623.803955078125,1628.0433737723824,1588.1341869051728,1597.3439626536574,2247441
2023-12-14,1660.25341796875,1666.3932287361567,1628.579422760272,1633.403568289508,3326228
2023-12-15,1681.109375,1695.3870607784934,1654.8443720414782,1683.9844704663983,3858594
2023-12-18,1667.319091796875,1687.834022684484,1655.5753018186251,1676.285220973089,1739425
2023-12-19,1656.16015625,1680.0374766437196,1648.314822358479,1676.2853500897022,1660221
2023-12-20,1605.091796875,1668.4397855146299,1598.9032094706938,1666.539393442572,3047660
2023-12-21,1592.32470703125,1611.1342336433318,1579.2165943652385,1593.4455028910681,3211338
2023-12-22,1592.714599609375,1610.0134731862856,1581.5068787003904,1588.5726157951851,2751274
2023-12-26,1620.0029296875,1626.5813744313054,1592.9582124074109,1599.1955764025095,1203594
2023-12-27,1645.0498046875,1648.802050062456,1618.0538625190072,1627.5560610792,1793638
2023-12-28,1690.367919921875,1695.7281342960569,1645.4883782241945,1646.024328280917,2963938
2023-12-29,1685.4462890625,1713.3193791735796,1671.4122498763875,1686.0310159102917,2273255
2024-01-01,1660.009765625,1686.0311232346103,1655.819004841389,1685.4463963495978,1307485
2024-01-02,1614.106689453125,1661.6664573443036,1607.5282445340201,1660.3020153452944,2857334
2024-01-03,1613.180908203125,1635.5475737066215,1606.163947761824,1629.5051977137139,1927812
2024-01-04,1599.975341796875,1631.89298448575,1596.5642960133312,1624.5349428190925,2835768
2024-01-05,1600.2677001953125,1619.2720973657197,1594.9074856087875,1606.06643020633,1709313
2024-01-08,1575.0745849609375,1611.377853471586,1565.2799642588554,1606.261285426461,1492195
2024-01-09,1588.47509765625,1595.1997536417598,1573.9537666655858,1583.699610422029,2542484
2024-01-10,1591.301513671875,1605.5790804758972,1580.142450506104,1603.1913961963526,1954233
2024-01-11,1587.257080078125,1609.2826661283125,1584.5281958731805,1602.1194938001274,2228002
2024-01-12,1583.1636962890625,1592.3248141097986,1560.7970302673066,1588.572687690109,3061539
2024-01-15,1593.981689453125,1599.1956926131725,1575.0259499887272,1593.4456204034714,1405514
2024-01-16,1579.1678466796875,1598.3184543932696,1576.4390816748332,1596.3692855464485,2236688
2024-01-17,1557.0936279296875,1573.9539875819412,1550.5639592835098,1571.0302340446374,2548169
2024-01-18,1576.146728515625,1582.0430121253385,1540.4769608337408,1559.3351464677694,2328588
2024-01-19,1613.4732666015625,1616.8355352269305,1581.0195581807643,1583.6508884990674,2836976
2024-01-23,1554.6571044921875,1605.725354695581,1547.8837899887037,1577.8522625479056,2772880
2024-01-24,1586.720947265625,1590.8142734085914,1534.9705358505164,1554.46222519465,2543323
2024-01-25,1593.932861328125,1600.9985985611602,1563.136016630117,1590.1319581954097,2038472
2024-01-29,1598.318603515625,1603.191526087319,1583.699835800543,1593.9329732011006,3075670
2024-01-30,1579.1678466796875,1617.3228506497749,1573.4177747880005,1608.0155218190741,2569098
2024-01-31,1609.5750732421875,1616.1535185954444,1568.1552321290878,1574.0027391097608,3154787
2024-02-01,1609.18505859375,1659.3273784720054,1603.727409738021,1617.079168453628,4065784
2024-02-02,1618.5411376953125,1644.1727565131453,1608.0643547778207,1612.9372770650261,3304158
2024-02-05,1660.25341796875,1669.316982140016,1622.7805737952524,1634.0857298299431,3525423
2024-02-06,1683.7408447265625,1686.031094384907,1662.641067641995,1667.4652130705895,2219874
2024-02-07,1677.2598876953125,1707.4720065323577,1672.0945423715236,1687.4442479096997,1213661
2024-02-08,1643.0518798828125,1699.577775637707,1632.9649550373572,1685.0564441415918,2550690
2024-02-09,1604.555908203125,1646.804121526392,1586.6235300162546,1643.1494297342783,2033950
2024-02-12,1618.2486572265625,1632.4776849734865,1598.8545223873969,1611.9626352867278,1197925
2024-02-13,1604.89697265625,1636.7171793295652,1582.1891069650396,1627.5560615369288,2075130
2024-02-14,1614.935302734375,1636.960888769315,1582.627802577312,1589.5473287741165,4368695
2024-02-15,1720.1904296875,1739.5359083356157,1625.7043904619047,1638.3253311937287,9887134
2024-02-16,1788.898681640625,1817.2590676702475,1731.6904983485388,1742.557139651679,7188957
2024-02-19,1801.5682373046875,1809.2673597327394,1773.7438020534728,1789.3859309719028,2682236
2024-02-20,1806.53857421875,1812.7271619727785,1774.231074393249,1790.7015761638804,1830562
2024-02-21,1812.3861083984375,1841.6723015526627,1799.7651676091737,1802.8839094228788,4466234
2024-02-22,1861.7974853515625,1868.2784961034436,1805.9050877828276,1823.3988320606163,3360123
2024-02-23,1880.8990478515625,1898.3441317805455,1852.7823127117827,1877.3905679307402,3323441
2024-02-26,1880.7530517578125,1901.4141937698218,1876.2698682743062,1885.8208431289622,2436063
2024-02-27,1901.0244140625,1907.2130015579664,1866.3780080691674,1877.04966026391,2821465
2024-02-28,1853.318603515625,1903.5097043258088,1848.8355386931362,1902.340131567008,2010429
2024-02-29,1883.2869873046875,1901.3167993647971,1844.449821336341,1854.4879696431656,5539065
2024-03-01,1922.8062744140625,1931.9187338705951,1881.435213575256,1884.456401468862,3384932
2024-03-04,1872.2254638671875,1924.7554693865554,1870.276295010281,1917.0075707674828,1645331
2024-03-05,1889.962890625,1917.9821935026428,1874.1746701558595,1876.0750622421685,2208384
2024-03-06,1920.56494140625,1929.5798479030493,1873.1513823619505,1895.5668255431808,1673183
2024-03-07,1849.3228759765625,1883.0434760728924,1836.4096312788417,1881.0943070619157,18323831
2024-03-11,1846.2039794921875,1865.0621642997676,1825.6890487512233,1864.3800027902153,3250782
2024-03-12,1846.98388671875,1850.102509612242,1828.954073002624,1843.913921670815,3186510
2024-03-13,1806.587158203125,1853.0749081273814,1797.3773826825704,1847.8121282722807,4270994
2024-03-14,1842.500732421875,1847.4223126549473,1797.7185042782464,1806.5871992342484,2388133
2024-03-15,1753.7646484375,1834.2652970312304,1743.336642821917,1827.345771503369,5504948
2024-03-18,1808.8775634765625,1819.939073480763,1755.2754173199833,1761.99995502718,3404076
2024-03-19,1797.0362548828125,1817.5999625692534,1780.3708849176999,1808.8774795049121,2189225
2024-03-20,1797.523681640625,1811.8013684072237,1774.2798650309974,1804.8817232596775,1550415
2024-03-21,1818.4283447265625,1827.345816102709,1798.1082830450657,1812.6782727649938,2072960
2024-03-22,1831.0491943359375,1857.0217730816594,1800.3010093313485,1818.428255140471,3786990
2024-03-26,1816.57666015625,1868.7657056776925,1813.799118233424,1830.4644887382094,4092744
2024-03-27,1833.339599609375,1851.6130584226257,1808.1466148524064,1822.3755243214248,4196597
2024-03-28,1872.517822265625,1913.060511874647,1822.814014969183,1833.339574689679,3790854
2024-04-01,1867.2550048828125,1913.937623218673,1843.7188858984848,1888.7446393103944,2765845
2024-04-02,1921.831787109375,1927.240778474273,1853.1235823647803,1867.255057099484,3431715
2024-04-03,1938.7408447265625,1952.3850266799893,1906.4820050767,1917.0075644564738,3615370
2024-04-04,1951.8001708984375,1963.7876068549551,1913.3040862975588,1948.1942561305484,3007920
2024-04-05,1962.130859375,1975.921133736725,1941.6158097573061,1944.6369976642043,2767027
2024-04-08,2025.283935546875,2033.9576415271895,1965.6392989235062,1966.7113179692708,2781568
2024-04-09,2037.7584228515625,2045.3114519369803,2017.4872577192145,2041.7543140581058,2853137
2024-04-10,2023.4322509765625,2055.0089309084956,2017.3898747841486,2045.1167556692908,2280814
2024-04-12,2018.3155517578125,2034.4449714539544,1999.5060249136475,2031.0339259928342,4008660
2024-04-15,2001.2603759765625,2030.9364246652183,1983.2793405985615,2003.0146755602916,2024919
2024-04-16,1979.6734619140625,2021.0445246691638,1976.2136394926567,1995.0231671647146,1981730
2024-04-18,1973.4847412109375,2033.9577541280378,1965.2495501673159,1979.6734476639324,3539862
2024-04-19,2029.9617919921875,2033.9576832859836,1947.4145392562111,1982.3047090578298,3253248
2024-04-22,2037.5150146484375,2078.7887639020555,2012.5170170922386,2070.5535723635585,2449171
2024-04-23,2010.177978515625,2060.271523990905,2004.5741179371255,2042.7290039190805,2886136
2024-04-24,2006.13330078125,2037.709979522208,2000.7730863402744,2002.7710320372237,1929834
2024-04-25,2043.5574951171875,2060.2227464178504,1990.0040083148515,2007.6439630314164,3084498
2024-04-26,1992.927734375,2049.5510662393062,1986.9827931167063,2046.188797526615,2952484
2024-04-29,2009.641845703125,2015.7817751205357,1950.1434194273206,1993.5124260062892,2724604
2024-04-30,2101.54541015625,2113.873809073628,2020.3624726217513,2020.3624726217513,5745143
2024-05-02,2129.61328125,2147.9842947344996,2110.073051857421,2110.073051857421,3347541
2024-05-03,2137.263671875,2153.8316073158917,2117.138598410767,2153.8316073158917,3859227
2024-05-06,2168.401611328125,2183.0691547990623,2134.3399325937257,2144.52429244751,2111447
2024-05-07,2135.8017578125,2180.047795334881,2109.829178176948,2179.170764530573,1727823
2024-05-08,2126.93310546875,2139.2129652728295,2105.1025079677956,2135.996788854078,1993202
2024-05-09,2156.31689453125,2199.393480075541,2129.4670450714775,2130.0031141116024,3998822
2024-05-10,2137.3125,2174.9313174370204,2127.5178785788244,2155.6347354557906,3045912
2024-05-13,2128.736328125,2151.931488272226,2105.102652512304,2151.8827114570217,2575573
2024-05-14,2212.209228515625,2222.3938267378785,2119.721256013707,2119.721256013707,3830189
2024-05-15,2243.785888671875,2258.2583253919124,2198.662579805924,2223.3196146577243,2569084
2024-05-16,2311.470458984375,2333.0574074135798,2228.0947192854683,2260.49964929969,7444517
2024-05-17,2450.690185546875,2492.938279251578,2363.708522234318,2363.708522234318,9796445
2024-05-21,2458.53564453125,2472.4722513231077,2404.3001089542845,2439.3851531060295,3747292
2024-05-22,2456.97607421875,2470.5714791500204,2426.7151807035702,2457.60945891094,2974921
2024-05-23,2542.8857421875,2550.8772872249856,2436.7048121585253,2455.9528553702567,4715263
2024-05-24,2514.184326171875,2538.792584427845,2507.0210350300295,2523.9789478371267,2919241
2024-05-27,2484.313232421875,2523.929993796639,2476.4190034703192,2515.548472636608,3328559
2024-05-28,2487.919189453125,2516.3282305156995,2483.2411365851435,2485.190305452165,1549203
2024-05-29,2469.255859375,2482.2666572876988,2437.046032831752,2446.4506778392015,2720451
2024-05-30,2430.12646484375,2467.1118992461165,2415.0204050061407,2454.003785232229,3367101
2024-05-31,2442.552490234375,2503.9025391101836,2431.7345067243027,2453.760212384079,8769724
2024-06-03,2567.055419921875,2586.888308488472,2505.0717542438047,2509.6037146599574,2701157
2024-06-04,2507.50830078125,2571.9284297588733,2385.9776643248315,2567.2991535022024,6372249
2024-06-05,2671.287353515625,2683.7133059642506,2506.4364795381275,2507.508379733077,4242881
2024-06-06,2631.23193359375,2691.7047086225334,2603.01752329884,2675.2343265223963,4992660
2024-06-07,2784.826416015625,2794.7185913954677,2600.5326308807257,2600.5326308807257,6447821
2024-06-10,2736.194580078125,2812.6506814728177,2728.836420001348,2788.2860705799485,2021106
2024-06-11,2763.483154296875,2782.438775424983,2741.8959646438216,2749.302902092426,2298974
2024-06-12,2716.702880859375,2776.2013080168344,2711.3426664836697,2763.482933592803,2580846
2024-06-13,2788.96826171875,2805.9261738416844,2717.774820346528,2777.565671286914,2492637
2024-06-14,2854.16796875,2871.1256421341723,2792.1843057414812,2801.9301497405786,3515019
2024-06-18,2886.62158203125,2936.91023473406,2881.5050136780546,2889.642888995018,4887512
2024-06-19,2859.28466796875,2901.337891579048,2852.0726003173045,2899.388722689845,3512298
2024-06-20,2798.226806640625,2879.653384483652,2784.6801780499923,2870.1999629686625,4024418
2024-06-21,2767.77099609375,2846.663557878604,2753.2497833045445,2811.4324260139856,8400461
2024-06-24,2841.693359375,2849.6361273913108,2741.5548081073534,2764.408765651379,2699784
2024-06-25,2835.455810546875,2872.1002798378304,2817.5723292380153,2846.9559542663724,1910886
2024-06-26,2779.027587890625,2838.915755374817,2772.303050290403,2833.165802234665,3282318
2024-06-27,2815.52587890625,2831.168007914045,2722.0633193614285,2769.76918364603,6900180
2024-06-28,2793.79248046875,2822.396629885815,2782.438666548343,2782.438666548343,2548169
2024-07-01,2802.7587890625,2820.496178486606,2766.114318524363,2768.794425765072,1718501
2024-07-02,2792.330322265625,2817.523423492206,2777.565464182908,2816.7437084063604,1507890
2024-07-03,2804.80517578125,2821.421887680974,2792.281908782121,2798.031861669111,1019710
2024-07-04,2829.023681640625,2847.7356547830764,2811.724808309893,2816.5489535671086,1502213
2024-07-05,2827.94384765625,2833.2450418842777,2788.0859040025466,2833.2450418842777,1966103
2024-07-08,2799.228515625,2865.2492115158757,2795.4487962716403,2827.943836886087,1631998
2024-07-09,2872.023193359375,2886.2581399680607,2785.3863631375443,2803.155599258146,2902129
2024-07-10,2682.060302734375,2876.440954250263,2648.5835391021665,2876.440954250263,14481615
2024-07-11,2648.73095703125,2707.535917202375,2641.809779795213,2707.535917202375,4314565
2024-07-12,2654.52294921875,2672.537615254935,2638.029997807824,2640.4842989202284,3398732
2024-07-15,2681.127685546875,2688.9323151964877,2658.5972491327693,2673.077625784521,2017720
2024-07-16,2706.357666015625,2716.273137755717,2689.913849599279,2704.5905213905417,1925983
2024-07-18,2767.91162109375,2774.2928038948958,2686.477959282388,2705.6215076858252,4122844
2024-07-19,2699.0439453125,2768.4023957439463,2692.859058853137,2768.4023957439463,2042568
2024-07-22,2753.48046875,2767.4699853485163,2675.1882618214636,2700.7621278195834,2208103
2024-07-23,2769.77685546875,2802.320789789075,2693.2515610591026,2772.3783185722014,2572524
2024-07-24,2754.216796875,2778.6615408691914,2713.1316990615255,2771.3969052140883,2276082
2024-07-25,2760.0087890625,2775.3237240191347,2730.9500074249318,2748.6209756005046,1857122
2024-07-26,2835.012451171875,2844.436823976795,2739.000140255312,2770.022603306405,2352661
2024-07-29,2879.385986328125,2891.166631345492,2822.9370622865745,2846.989212530366,2388937
2024-07-30,2868.685546875,2896.0754527433633,2851.505438257031,2891.166850281086,2290006
2024-07-31,2854.646728515625,2925.1343036764656,2820.4336754884894,2883.3129172789145,4238740
2024-08-01,2776.697998046875,2873.0048691313327,2768.5499101329756,2873.0048691313327,4971708
2024-08-02,2699.387451171875,2758.9289383234236,2683.876460311529,2758.9289383234236,3041513
2024-08-05,2629.97998046875,2679.3114336229023,2587.6188384572683,2630.667136855726,3731770
2024-08-06,2584.82080078125,2698.50407638214,2577.7033275465906,2639.15912334734,3069277
2024-08-07,2631.84521484375,2655.308236395616,2612.3579691464033,2648.1907635371754,2479171
2024-08-08,2633.90673828125,2666.8435061249684,2607.9402812519706,2611.8671629101705,2673182
2024-08-09,2698.896728515625,2714.4570938033226,2655.5538657280244,2684.023759297752,2279076
2024-08-12,2667.972412109375,2706.603206631563,2659.1860622577274,2698.89660543868,2321474
2024-08-13,2668.365234375,2688.588531211646,2654.6702824574263,2668.4143683315465,1292521
2024-08-14,2695.068115234375,2721.2800037988536,2665.665635148355,2678.918861468604,2609359
2024-08-16,2788.527587890625,2793.043597481342,2725.4029199182264,2738.018122592985,4376092
2024-08-19,2714.60400390625,2807.6220096035563,2709.5482398371046,2807.6220096035563,2500718
2024-08-20,2720.641845703125,2732.324222820636,2698.25857220948,2728.9373353099154,1762399
2024-08-21,2718.776611328125,2730.115530848931,2704.639932235855,2723.2926214236886,1497501
2024-08-22,2682.99267578125,2725.0103561561505,2674.2554602339214,2720.4454522412325,2346622
2024-08-23,2708.566650390625,2718.3838546327074,2675.4827200303735,2682.9927854044317,1943539
2024-08-26,2742.04345703125,2747.8355117565275,2702.774639428442,2714.4078828365687,2765969
2024-08-27,2729.968017578125,2748.817000503154,2723.243137259337,2746.8044258350783,1604159
2024-08-28,2746.853759765625,2775.3236522006514,2729.968216325936,2731.047964990906,1851275
2024-08-29,2707.1923828125,2750.4369764777425,2691.5337500429873,2738.3620068008913,2237121
2024-08-30,2754.118408203125,2769.9733370104705,2714.4569985618205,2729.182805063964,4895220
2024-09-02,2726.237548828125,2796.725121432708,2706.1122806426815,2796.725121432708,2270687
2024-09-03,2733.9443359375,2746.952132113552,2721.918260227565,2729.1828958056926,1592710
2024-09-04,2699.33837890625,2729.0843138645914,2681.176552372882,2710.5298950610895,1697000
2024-09-05,2673.322998046875,2709.548386032478,2662.3275374917184,2705.8178004639667,2360312
2024-09-06,2648.780029296875,2688.8340317222633,2631.1090612817297,2673.224772513355,2835519
2024-09-09,2659.33349609375,2664.6838245286763,2611.4254909324723,2639.011691347949,1269082
2024-09-10,2640.827880859375,2665.3708909045367,2628.065515635891,2642.055031361633,2034126
2024-09-11,2605.7314453125,2658.498918303193,2595.767078842137,2632.4833269682467,2034245
2024-09-12,2690.79736328125,2701.3019633612635,2587.4223963352224,2616.284880382758,3730285
2024-09-13,2689.030517578125,2708.1249319484978,2662.1803680274284,2704.6397764969356,2102332
2024-09-16,2706.99560546875,2733.4040267709247,2682.1091383270973,2690.1100633328533,1234752
2024-09-17,2736.69287109375,2742.4360315019494,2695.11715453385,2714.456999141897,1387175
2024-09-18,2756.8671875,2795.9397074711533,2726.87558125571,2730.6553006780246,2526756
2024-09-19,2746.36279296875,2799.8665542616172,2741.1596269625015,2760.5977386338245,2807727
2024-09-20,2896.909912109375,2905.89255843746,2747.3447043200113,2747.541000476228,12492909
2024-09-23,2994.051025390625,3001.0210966602967,2902.112763006091,2908.5922137369566,3925490
2024-09-24,3018.103271484375,3041.9099927448433,2964.7958023346428,2964.7958023346428,3697722
2024-09-25,3034.547119140625,3091.4377726742428,2979.0799123587594,2989.3388433766495,4218815
2024-09-26,3122.950927734375,3138.7564827089113,2989.97670494125,3015.8451339108715,4753617
2024-09-27,3125.4541015625,3163.2014432400074,3094.9227404801004,3113.035434190961,6803795
2024-09-30,3038.326416015625,3120.889198774761,3030.570920609527,3105.3288343284207,3554400
2024-10-01,3107.635986328125,3127.221260751505,3039.210121059753,3048.7327611884357,4028211
2024-10-03,3072.6376953125,3113.035393973697,3016.286800444908,3028.607439422534,3237011
2024-10-04,2962.292236328125,3099.8804971341337,2954.4876069169604,3069.8888903378543,4281562
2024-10-07,3004.2607421875,3010.887354936121,2928.37370677513,2972.6493930111255,2732276
2024-10-08,3107.979736328125,3118.8275553971826,3009.954854980851,3017.808618464167,6060165
2024-10-09,3095.364501953125,3145.7268077225635,3087.510738548233,3106.9488509109083,2432656
2024-10-10,3135.90966796875,3161.434399559666,3097.328006513066,3098.3097269588707,2507231
2024-10-11,3077.0556640625,3151.8135822988374,3063.9495998612897,3141.505517320131,1652856
2024-10-14,3097.229736328125,3115.980692700389,3058.059186440363,3093.40112246343,2425178
2024-10-15,3098.113525390625,3134.5843451945766,3030.129382443112,3118.9259515415138,2245701
2024-10-16,3011.918212890625,3090.357577648553,2996.357848546768,3080.6386414767867,1972106
2024-10-17,2910.408447265625,3009.267645429169,2898.2349702749216,2999.1558771875357,3622197
2024-10-18,2910.064697265625,2934.215114989751,2861.4204034838876,2891.5102775667756,3407751
2024-10-21,2943.39404296875,2946.535500299975,2840.018837347831,2905.6469416830264,5059952
2024-10-22,2834.423095703125,2953.947554603794,2825.5876120882913,2950.06980695285,4195638
2024-10-23,2742.43603515625,2871.4340044433493,2730.409959827571,2823.575133237383,7913897
2024-10-24,2774.685546875,2790.245671399686,2712.493463698298,2712.493463698298,3992102
2024-10-25,2671.114013671875,2773.409230170158,2630.3234836132146,2773.36009621519,4532596
2024-10-28,2730.16455078125,2783.079186764521,2664.291013213809,2680.0968082102886,2813985
2024-10-29,2696.687744140625,2746.804619857546,2653.148587024644,2711.511818454433,3156567
2024-10-30,2658.204345703125,2705.474327953416,2620.2609471641945,2640.091651805168,5677865
2024-10-31,2678.673095703125,2701.694389861402,2622.7641699822184,2658.204130635555,3833325
2024-11-01,2766.14453125,2788.969531722226,2729.1828521628886,2729.1828521628886,1061709
2024-11-04,2831.232666015625,2917.427770136258,2753.2350235878307,2753.2350235878307,7559263
2024-11-05,2846.44921875,2854.8429762615774,2770.5132882053153,2822.9370626685577,3562624
2024-11-06,2880.90771484375,2899.8058329838336,2832.656012253405,2856.806430526933,2902347
2024-11-07,2838.497314453125,2918.212961313713,2805.707709979046,2917.4275370747373,4251557
2024-11-08,2920.52001953125,2936.276680412533,2799.1303838922495,2856.806459316597,4455563
2024-11-11,2877.030029296875,2954.585944379327,2836.239496909713,2908.199653396468,2628672
2024-11-12,2845.565673828125,2892.049990315717,2827.354712725525,2877.6187485717464,2414528
2024-11-13,2747.786376953125,2842.0806731284115,2732.02971595928,2823.4279847728194,3949602
2024-11-14,2755.8857421875,2790.442255883566,2686.2327205843026,2763.543210030082,2478112
2024-11-18,2794.85986328125,2822.1517398249316,2748.866403840112,2792.012969837153,2405351
2024-11-19,2895.04443359375,2943.1978689448433,2792.9946421441227,2792.9946421441227,5230405
2024-11-21,2882.57666015625,2919.6366070003196,2864.6602620130907,2908.3468218690136,3821808
2024-11-22,2957.87451171875,3007.5005272244816,2843.7495121137736,2890.1849362326993,4827125
2024-11-25,2989.927978515625,3092.0758023332205,2967.1518717229924,3018.790464647948,6299837
2024-11-26,2930.6318359375,3012.0166049529284,2898.529625196046,2997.683390528747,2144702
2024-11-27,2949.87353515625,3013.881657936467,2931.4662774734134,2970.636825951356,3593911
2024-11-28,2845.713134765625,2945.1123343200793,2839.135655422037,2940.252865832988,4457143
2024-11-29,2911.881103515625,2936.963869106319,2849.934447655827,2849.934447655827,3542836
2024-12-02,2961.26123046875,2970.931271991799,2907.757470262702,2929.4535863274773,2318823
2024-12-03,2971.962158203125,2986.0988358225145,2933.036801278433,2986.0988358225145,2308865
2024-12-04,2976.330810546875,2996.063486377434,2948.1063491621226,2948.1063491621226,3364025
2024-12-05,3015.45263671875,3042.3516812367334,2960.9180176658206,2994.1982451228287,3797063
2024-12-06,3016.826904296875,3042.351635670685,3009.9057272772543,3019.2812053905104,2688767
2024-12-09,2995.474365234375,3016.8267838968404,2984.4300107537892,3007.402172202275,1879542
2024-12-10,3010.83837890625,3024.9261633596884,2950.3645424572314,2992.2348241495138,2061909
2024-12-11,3015.894287109375,3058.059131533149,2992.087566743507,2996.210744603265,2409385
2024-12-12,3011.378173828125,3029.589135067483,2989.338598924331,3028.411118530567,1958999
2024-12-13,3025.0732421875,3036.559562979972,2945.161294923057,2995.229036936749,2467964
2024-12-16,3028.46044921875,3035.626816816291,2984.4301908283187,3032.9270855581403,2300493
2024-12-17,2985.902587890625,3037.1974786410065,2972.6493625292824,2999.2540811628137,2564201
2024-12-18,2995.42529296875,3006.0279214240363,2969.2625396870594,2970.78425427129,2014105
2024-12-19,2959.54345703125,2989.3387685428725,2916.2005950596395,2951.051671014737,2372390
2024-12-20,2853.22314453125,2969.704172655344,2833.588736778157,2959.5432707719865,8046336
2024-12-23,2856.119140625,2888.613941295677,2838.251877699895,2864.660059968986,2142508
2024-12-24,2875.16455078125,2896.2715398454807,2847.774646889965,2856.217298708955,1858546
2024-12-26,2921.25634765625,2929.89553551185,2869.912560101066,2871.532302964935,2162163
2024-12-27,2993.707275390625,3007.9913553825945,2923.612533541682,2932.595179479213,2290315
2024-12-30,2948.008056640625,2988.9459885539695,2936.374813851943,2972.698468200385,2336275
2024-12-31,2952.131591796875,2963.7157010927885,2916.887684662137,2939.663550632152,1536411
2025-01-01,3025.662353515625,3030.5218216896947,2940.4489725868207,2952.131589465177,1686613
2025-01-02,3152.402587890625,3169.0918353025186,3028.656678998046,3043.3333515805843,4298090
2025-01-03,3132.22802734375,3177.8780253197983,3117.6493837318803,3156.2310428601063,2257218
2025-01-06,3048.928955078125,3175.865448932379,3033.61426086215,3150.929846997364,2657204
2025-01-07,3052.021484375,3074.061058863132,3025.4167663353974,3053.150366935373,1978328
2025-01-08,3029.6875,3077.6935329198636,3001.119339756307,3077.6935329198636,2715102
2025-01-09,3069.348876953125,3100.1748021075236,3028.9511777541743,3047.0638714721445,2434207
2025-01-10,3036.31396484375,3092.026596256265,2999.155752691321,3053.1503734435382,2341303
2025-01-13,2944.8173828125,3010.789182764896,2938.730764514391,2997.8302822670753,2207294
2025-01-14,2993.756591796875,3022.1773516437347,2944.817730193295,2945.1614282310625,2851530
2025-01-15,2906.137939453125,3007.94230138878,2897.0570253614296,3001.2176601654187,2440803
2025-01-16,2926.115966796875,2942.608678037748,2891.1666241281305,2923.7105600362315,2598449
2025-01-17,2864.022216796875,2916.053400031339,2850.032700549873,2915.66056804928,2002830
2025-01-20,2835.306884765625,2882.2820637831305,2824.7042561299218,2856.8064664253184,2905527
2025-01-21,2769.727783203125,2853.861172658985,2757.554306564996,2847.087397841659,3381309
2025-01-22,2774.78369140625,2799.768428684023,2754.560394136537,2795.939814836809,3133157
2025-01-23,2833.686767578125,2846.399998674208,2758.6342918094792,2774.7835442654673,2650506
2025-01-24,2750.19140625,2843.0622510683224,2738.999889668722,2822.446122866515,2665366
2025-01-27,2779.839599609375,2794.8597300903016,2703.8051623647325,2721.6235315538484,2022141
2025-01-28,2818.126708984375,2871.5322034962132,2733.109625481524,2783.1773664655607,2432787
2025-01-29,2870.894287109375,2879.8769333347136,2804.088162707664,2831.2326372154953,1808565
2025-01-30,2917.133056640625,2953.8984379622825,2865.64186920793,2870.8941692586673,3055352
2025-01-31,2935.197021484375,2994.1002492505822,2901.0822354031134,2915.709774427249,2412370
2025-02-01,3020.508544921875,3042.302692061388,2935.344291644237,2935.344291644237,2674573
2025-02-03,3115.29345703125,3129.675565314545,2989.0932490921373,3000.7267319414286,3664084
2025-02-04,3130.755615234375,3210.7658310462475,3080.491576672178,3166.0484170955774,3862456
2025-02-05,3120.643798828125,3159.8143478876204,3084.5655732341233,3130.7555671342566,2264208
2025-02-06,3082.552978515625,3122.705487417903,3064.1948546348776,3112.053725011634,2341341
2025-02-07,3139.983642578125,3161.090631696618,3053.150519000636,3110.0903035993615,4790111
2025-02-10,3079.90234375,3211.1583140977627,3071.6068542547955,3150.537079026741,3852783
2025-02-11,3029.5400390625,3096.346160628624,3014.9616348396075,3089.3269555966203,2470280
2025-02-12,2932.59521484375,3018.7903163652927,2901.082132908884,3012.458267539704,4609887
2025-02-13,2923.5634765625,2991.302187067138,2916.7405674254996,2969.655203383348,2481783
2025-02-14,2888.810546875,2964.7956100155234,2853.910338695708,2944.179481601508,1959802
2025-02-17,2780.18310546875,2900.983851519186,2741.2088525903373,2887.043469440685,4773279
2025-02-18,2739.04931640625,2792.9948096984217,2705.523417678201,2792.0130892029215,2301836
2025-02-19,2706.99560546875,2731.7840443817954,2678.1331229619163,2699.730970727738,2671072
2025-02-20,2787.546142578125,2792.5038788907027,2640.877200127496,2694.920959974802,3799854
2025-02-21,2620.555419921875,2763.739195051548,2604.8478936758556,2763.739195051548,8940621
2025-02-24,2659.677001953125,2667.138173263195,2583.0536727006315,2620.2118876985546,6167313
2025-02-25,2727.072265625,2752.695025729798,2678.280567200661,2689.9140504798966,4916248
2025-02-27,2676.7099609375,2788.0860988888826,2654.0812564598923,2785.140937516817,2669767
2025-02-28,2537.845703125,2649.6635696793805,2525.1813651542047,2645.8349556869607,7549863
2025-03-03,2564.155517578125,2646.6691683738372,2547.564538037763,2566.020930218075,4340806
2025-03-04,2565.5791015625,2579.2740531981335,2503.387018391332,2514.1859427843924,1984876
2025-03-05,2676.7587890625,2686.8703168756883,2594.343174341658,2613.2904249393628,3665710
2025-03-06,2692.27001953125,2716.2732758598654,2645.736566879168,2697.76774982707,3706264
2025-03-07,2677.986083984375,2715.389487347467,2658.5971061207692,2671.5557674408788,1886774
2025-03-10,2653.19775390625,2684.6617022291084,2616.3832374493873,2645.7365826998557,2520931
2025-03-11,2597.239501953125,2635.9191885886594,2565.382484263118,2635.673758496612,3616140
2025-03-12,2604.798828125,2629.0472744685117,2587.9132849026664,2597.239628856158,3447155
2025-03-13,2595.177978515625,2637.2447951658023,2570.4386714072766,2628.1638811119838,2446428
2025-03-17,2655.700927734375,2677.2007489774355,2586.833335379007,2586.833335379007,2527623
2025-03-18,2655.700927734375,2655.700927734375,2655.700927734375,2655.700927734375,0
2025-03-19,2738.116455078125,2780.1338963264516,2728.7409773514337,2743.9085095491537,2438912
2025-03-20,2776.403564453125,2794.957984177692,2749.798845690803,2752.4985767959975,2354374
2025-03-21,2750.63330078125,2840.1170161875116,2730.4097653893937,2787.202384380623,3824316
2025-03-24,2723.979736328125,2770.562324628297,2659.873341792051,2763.837683224999,5395134
2025-03-25,2685.987060546875,2751.22233431209,2675.2372699177536,2723.979592744043,3576766
2025-03-26,2692.122802734375,2743.9085545236862,2687.017904521991,2701.007420408203,3111504
2025-03-27,2683.0419921875,2700.712960302895,2646.2766092385386,2685.005433089211,4325599
2025-03-28,2617.070556640625,2689.6196057140783,2586.833517307306,2685.790991635506,6074446
2025-04-01,2589.68017578125,2678.1332806655682,2575.199799721933,2604.307953708888,3300417
2025-04-02,2589.336669921875,2611.3762448043003,2577.310595110276,2583.004621323987,2243574
2025-04-03,2563.713623046875,2603.9150244313164,2552.718402792353,2560.081305598215,2361203
2025-04-04,2549.086181640625,2583.3972620765476,2510.308225398169,2567.1497413355974,3598415
2025-04-07,2445.711181640625,2478.5005502819954,2380.6721988875124,2380.6721988875124,3937471
2025-04-08,2477.5185546875,2503.386982713336,2409.141825717069,2464.1181672982248,4253527
2025-04-09,2476.97900390625,2524.9359048688784,2469.9595587668746,2493.5699839123226,3347213
2025-04-11,2533.182373046875,2556.399965030181,2485.765228985748,2502.4053421128774,3600209
2025-04-15,2597.632080078125,2640.827776043143,2558.3632655644724,2558.3632655644724,3287861
2025-04-16,2586.44091796875,2616.285125214501,2570.4388259277393,2611.37652272817,3070954
2025-04-17,2630.421630859375,2633.7596241364395,2554.829157560036,2583.8881782319568,2638979
2025-04-21,2713.47509765625,2723.2923013380746,2617.1682336664235,2650.546726184626,3120955
2025-04-22,2765.604736328125,2770.415070593739,2705.621521813021,2714.457005737664,3193757
2025-04-23,2864.464111328125,2869.569009972046,2774.342121854602,2778.2690038388264,3906215
2025-04-24,2848.363525390625,2874.477384384929,2812.628998040581,2864.4638840552207,2488496
2025-04-25,2811.843505859375,2885.8653674078996,2779.3487046096484,2848.363456597495,2299310
2025-04-28,2877.030029296875,2891.166707820514,2829.612883912162,2865.5437083588454,1864672
2025-04-29,2856.413818359375,2915.218775408589,2848.756351178754,2896.075227295955,2051228
2025-04-30,2875.2626953125,2894.995131133049,2834.2267355153,2855.628287723201,2689753
2025-05-02,2863.874755859375,2945.161254416847,2857.002712932402,2896.0752335098996,2868096
2025-05-05,2966.26806640625,2988.356774496318,2883.9998523396766,2894.9950724311684,4049197
2025-05-06,3012.310791015625,3101.9419118141695,3000.1375538801763,3093.008399946684,5683215
2025-05-07,3062.86962890625,3067.8764992241245,2966.6610218905817,2966.6610218905817,2942902
2025-05-08,2977.656494140625,3079.657156497106,2953.5060743772847,3070.2325439851065,3323894
2025-05-09,2927.588623046875,3001.2176561236265,2900.9839032240056,2907.4633540058962,2308852
2025-05-12,3047.947509765625,3055.310413325634,2978.24535606421,2989.044281285556,2166730
2025-05-13,2997.977783203125,3054.1321417307536,2979.5213918845507,2994.247197775249,2681662
2025-05-14,3045.100341796875,3053.150401028007,2962.8321254992043,2981.975673029766,2236302
2025-05-15,3086.823486328125,3112.740808888301,3016.8267742201233,3028.607418961627,3590003
2025-05-16,3078.282470703125,3091.928287898128,3058.0589353239143,3077.6933426133137,2269659
2025-05-19,3070.821533203125,3099.291425934228,3046.8676503625748,3058.0591674960788,2011149
2025-05-20,3007.500732421875,3077.988311804448,2993.364053183869,3071.0180004281015,2667772
2025-05-21,3034.203369140625,3074.7484719586632,2992.3822214705006,3007.0097604116813,1395136
2025-05-22,2951.345947265625,3033.3195967996235,2926.017514204586,3020.36093606634,3870830
2025-05-23,2957.629150390625,2975.398386398419,2929.650117578763,2964.795757607829,1828093
2025-05-26,3023.895263671875,3044.3150968426344,2972.354940361898,2982.466708870662,2164190
2025-05-27,2984.233642578125,3028.6073555734906,2959.4943370743217,3023.8950498399504,2599143
2025-05-28,2943.00146484375,2989.142323671785,2938.2891589853202,2984.1354537576103,1491995
2025-05-29,2953.99658203125,2973.532721448396,2932.5950301115436,2944.1793783688,2093429
2025-05-30,2922.38525390625,2962.2429572382302,2902.9471425877837,2950.0697204857256,3700191
2025-06-02,2970.587646484375,2982.957419328864,2908.1503731874645,2922.3853189107717,2967741
2025-06-03,2990.811279296875,3008.7768110371803,2971.6677309803513,2986.393537377677,3204094
2025-06-04,2997.585205078125,3030.571108937703,2984.528514491649,2989.437116870881,1584653
2025-06-05,2986.0009765625,3038.424752018599,2940.056412182838,3021.7355045923255,3504632
2025-06-06,3049.71435546875,3055.9972700193157,2971.6675853867396,2986.000798782365,2028071
2025-06-09,3030.96337890625,3083.5836866864515,3021.7353032858637,3072.7847626006346,1364639
2025-06-10,3011.42724609375,3050.1069329434326,3003.868047152405,3045.2965989838017,1787253
2025-06-11,3024.385986328125,3066.8945275553515,3019.7719483867672,3028.6074319808768,1749787
2025-06-12,2964.01025390625,3037.442989500061,2952.033312678307,3031.5526669606293,2278398
2025-06-13,2951.051513671875,2963.3230186355804,2878.404204286739,2878.404204286739,2003184
2025-06-16,2968.330078125,2989.3388000935997,2933.47900180207,2946.1430998623623,1673726
2025-06-17,2952.2294921875,2987.3751298864354,2939.2708310483035,2987.3751298864354,1455355
2025-06-18,2985.510009765625,3018.6919676039824,2932.006247867874,2945.1612053807753,2161043
2025-06-19,3038.228271484375,3050.106944242543,2978.735920751199,2982.466506120358,2482920
2025-06-20,3126.1904296875,3144.450525488101,3033.8106813779277,3043.333321577619,8315834
2025-06-23,3077.693603515625,3126.1904977604913,3065.61839407344,3105.7709041907647,1731432
2025-06-24,3092.517578125,3157.801985785037,3079.4606486574257,3097.426180204702,2834887
2025-06-25,3156.721923828125,3166.53912775855,3102.727302210788,3121.8708498751166,2078771
2025-06-26,3157.0166015625,3178.810747137262,3125.306983789831,3166.9318340825685,2907261
2025-06-27,3144.7451171875,3182.246789866743,3128.8412940769963,3146.4139939913343,5098406
2025-06-30,3125.012451171875,3160.943515083767,3103.218305377805,3146.806596965945,2083572
2025-07-01,3118.04248046875,3159.176472288376,3110.286744949462,3129.7248581899757,1407074
2025-07-02,3107.34130859375,3144.1558229593034,3096.0515241883136,3110.0901736019437,1559309
2025-07-03,3116.373291015625,3162.121559715934,3106.9489185313428,3107.3415108389963,2102806
2025-07-04,3129.634033203125,3143.9833433948866,3101.5292740206287,3128.2486792052878,968006
2025-07-07,3127.35791015625,3140.0249358418173,3119.342233504586,3129.634055972186,853459
2025-07-08,3125.081787109375,3135.0769206505447,3090.5445780276677,3117.263983601394,1513129
2025-07-09,3143.290771484375,3155.8587400966553,3108.35757373584,3112.3160042659083,1245661
2025-07-10,3129.53515625,3159.421500758814,3104.9930796517356,3139.134543800721,1701384
2025-07-11,3041.26220703125,3129.535161826987,3030.5743960014,3125.180984772034,3041614
2025-07-14,3059.9658203125,3072.5337887734927,3021.8659269192276,3040.866344914149,2958843
2025-07-15,3096.08642578125,3115.5816471288067,3050.861165298589,3054.0281028929153,2826720
2025-07-16,3163.28076171875,3176.640464607285,3050.366435478723,3096.0865008688934,2892812
2025-07-17,3161.79638671875,3204.3495149281107,3138.0458035321303,3153.1868486342855,3267180
2025-07-18,3159.223388671875,3218.2041016911044,3143.68659677222,3174.6613647678546,2040381
2025-07-21,3212.958984375,3219.7874218573347,3120.0349262838326,3143.9833821647176,2436535
2025-07-22,3223.349853515625,3237.897037037319,3177.13522652753,3212.9589736282123,1854072
2025-07-23,3234.82958984375,3268.6741237306283,3214.2457020517954,3226.12099405445,2159800
2025-07-24,3227.011474609375,3252.345526975859,3209.9902714272507,3221.1728861422243,1469406
2025-07-25,3212.662109375,3225.1312621387847,3180.5989188444473,3222.1624392524955,1475856
2025-07-28,3176.442626953125,3223.0530014793826,3165.952689407803,3212.662121338676,1939520
2025-07-29,3166.150634765625,3192.375237623125,3153.48385006437,3169.7133189649976,1824673
2025-07-30,3175.5517578125,3207.9121198884804,3119.1441241362027,3161.7963086977184,2199654
2025-07-31,3169.812255859375,3204.54733826723,3103.0137416864754,3191.484566038547,4465859
2025-08-01,3126.467529296875,3171.6925510488663,3084.310146329548,3171.6925510488663,3781457
2025-08-04,3166.9423828125,3189.5054857640957,3127.1602032313194,3137.056279823824,2684012
2025-08-05,3178.817626953125,3188.5158301887236,3137.155290086832,3161.796423790494,1805644
2025-08-06,3193.958740234375,3206.427893460397,3145.567022035327,3178.817694632329,1866321
2025-08-07,3177.729248046875,3196.0369897244937,3128.248865134392,3164.7652910824318,2374621
2025-08-08,3111.524169921875,3181.489378973416,3103.013689517573,3173.6715755689474,1721037
2025-08-11,3153.087890625,3196.432754627634,3097.768918850372,3118.1546917661226,2046761
2025-08-12,3202.864990234375,3219.193515597844,3151.999256349542,3152.988863947328,3315978
2025-08-13,3248.090087890625,3265.705151879021,3205.0421563431287,3221.172808898852,2436029
2025-08-14,3231.464599609375,3279.0648223883254,3228.100030369916,3239.183587303721,1508721
2025-08-18,3347.941650390625,3396.333366577235,3300.638357628684,3315.1855413851217,5787481
2025-08-19,3319.14404296875,3368.525367837259,3303.409378046853,3364.6659946612253,2596242
2025-08-20,3360.311767578125,3368.8222482404235,3300.341448513982,3319.243050902464,2957816
2025-08-21,3340.02490234375,3374.562112958166,3334.977806647806,3374.562112958166,1964795
2025-08-22,3367.634765625,3384.4580953386717,3340.3214983896687,3344.8737901300324,2509867
2025-08-25,3363.577392578125,3393.3646799063404,3346.6552464855345,3392.375072242326,1859862
2025-08-26,3296.18505859375,3378.5203629975526,3283.6170903326915,3359.717818505182,3122442
2025-08-28,3261.05419921875,3339.9258820990385,3253.1373378685894,3339.9258820990385,2936428
2025-08-29,3166.24951171875,3245.912923406001,3153.8794167362576,3237.006455018606,3017625
2025-09-01,3280.945068359375,3290.3463409260357,3157.93703216465,3157.93703216465,3525726
2025-09-02,3200.885986328125,3295.3935181550955,3189.5054982023644,3290.4454798395473,3073407
2025-09-03,3251.8505859375,3259.470516165726,3199.203509738441,3235.027256673672,2672659
2025-09-04,3445.319091796875,3513.1072169693825,3427.407096387291,3490.346240634088,7600320
2025-09-05,3524.289794921875,3540.6183212518445,3445.319055623519,3474.5124814861915,3700943
2025-09-08,3524.289794921875,3524.289794921875,3524.289794921875,3524.289794921875,0
2025-09-09,3657.88671875,3685.1009284831944,3634.9278701321355,3663.7253071059336,2879258
2025-09-10,3566.941650390625,3670.355647883923,3554.076751180932,3663.527451867841,2298202
2025-09-11,3558.33203125,3609.98950011751,3542.795240109867,3582.3795444686366,1949934
2025-09-12,3552.59228515625,3603.16133099115,3544.7744816287554,3557.5403232378085,2839264
2025-09-15,3493.61181640625,3565.951988201145,3489.95031654635,3552.6913427831005,2550444
2025-09-16,3570.50439453125,3582.280628902883,3492.2263329210805,3508.159112697694,2465043
2025-09-17,3595.4423828125,3607.0207437300232,3555.7592619239435,3570.504318927813,2237804
2025-09-18,3604.348876953125,3612.06786482055,3565.853236624216,3598.3124153465765,2480472
2025-09-19,3554.769775390625,3598.906132105082,3547.2486605263475,3563.577186931337,4018342
2025-09-22,3547.54541015625,3579.014980488307,3532.2064921947313,3562.587397513958,1664133
2025-09-23,3577.035888671875,3640.9643975484637,3569.3169007236124,3572.4835968655225,2523224
2025-09-24,3537.748291015625,3588.614269182967,3530.92009487263,3576.9368505933635,1320014
2025-09-25,3493.31494140625,3546.8528109456597,3485.2002071434986,3542.6962656079877,2106344
2025-09-26,3361.202392578125,3510.6331481439415,3356.353411721004,3473.522861165676,3046760
2025-09-29,3382.577880859375,3422.0631280026523,3369.6139244791875,3383.4684310702914,3175716
2025-09-30,3391.38525390625,3418.104659174843,3357.837652821495,3384.4580006884667,2611078
2025-10-01,3427.406982421875,3464.616326095866,3380.0048734020083,3383.666373326554,2364844
2025-10-03,3426.021728515625,3456.105704822511,3368.822357286734,3426.1207859232754,2357702
2025-10-06,3435.917724609375,3443.8345857259865,3389.5052229546113,3426.0216482136107,1156082
2025-10-07,3456.50146484375,3484.804097169995,3429.089382713881,3432.0582055063596,1508939
2025-10-08,3390.890625,3473.2259334573673,3387.0312517924012,3463.6267875383046,1444911
2025-10-09,3407.1201171875,3438.8866197262,3388.416629048204,3414.1464282173783,1997853
2025-10-10,3418.995361328125,3437.7979066120465,3360.4106369746974,3389.4061893384833,1416272
2025-10-13,3423.745361328125,3433.938367916688,3396.3332791614043,3396.3332791614043,1090517
2025-10-14,3423.844482421875,3450.8608186930082,3392.3749118731953,3433.8393743938705,1518505
2025-10-15,3460.855712890625,3463.6266625413427,3424.0423578265845,3425.0319654444534,1319445
2025-10-16,3523.794921875,3536.065959931471,3461.944444567332,3466.5955521401834,2125552
2025-10-17,3609.296875,3618.00547040481,3523.1021959816767,3523.9927462011838,3339579
2025-10-20,3561.697021484375,3637.797753805917,3555.660318124227,3635.818538488286,2827250
2025-10-21,3583.567138671875,3590.395576351884,3566.8428661924645,3570.702239348197,286950
2025-10-23,3585.9423828125,3612.0679281721536,3562.5875455944533,3594.3540478507093,3724956
2025-10-24,3587.32763671875,3617.312796044284,3577.5306178832875,3592.2756748383617,1654500
2025-10-27,3574.067138671875,3597.5207920058906,3555.6603394660515,3589.10912685547,1440893
2025-10-28,3541.90478515625,3587.228621583207,3524.9823979464113,3567.5355262764774,2851093
2025-10-29,3497.966064453125,3546.2589654355247,3485.4971531951483,3542.7953387077378,2526473
2025-10-30,3465.705078125,3513.107188334678,3459.6683747656434,3503.21111174782,2103351
2025-10-31,3450.959716796875,3490.0492186098318,3447.496090053955,3479.5595225790444,1915577
2025-11-03,3512.018310546875,3552.691279496686,3474.5122791957842,3474.5122791957842,1776510
2025-11-04,3543.98291015625,3595.046762147062,3500.4401730365735,3511.721845343277,3494428
2025-11-06,3580.895263671875,3636.511165003907,3549.0299458214304,3587.327713364805,4535984
2025-11-07,3651.85009765625,3679.3612386164023,3529.732610423156,3578.0255120102433,2595934
2025-11-10,3625.8232421875,3677.184022342986,3607.2188123173178,3651.8499707699816,1620889
2025-11-11,3710.13818359375,3719.935202809737,3631.8601208597324,3661.449293322911,3044040
2025-11-12,3715.283935546875,3741.7064106763514,3701.132498262247,3721.9142582792274,1984901
2025-11-13,3661.053466796875,3715.086140620868,3651.8500674176107,3709.2473105786376,1599079
2025-11-14,3660.162841796875,3678.1736521691637,3622.4586948147216,3661.5481958241962,1847028
2025-11-17,3696.08544921875,3715.4818554531103,3644.032232722067,3671.4443158159647,2094008
2025-11-18,3656.40234375,3693.9083765328937,3649.672963500951,3679.8559964149363,2613743
2025-11-19,3683.814453125,3707.565036570265,3629.6829633433517,3656.6002429273,1626043
2025-11-20,3678.07470703125,3719.935158976492,3672.5330491493955,3705.882778657256,1815617
2025-11-21,3710.6328125,3739.727179760446,3687.277976127923,3691.236406590755,3184145
2025-11-24,3652.44384765625,3710.5337665570346,3638.985087399685,3706.17958967584,4059935
2025-11-25,3631.167236328125,3657.3918378821536,3615.036584032699,3648.6832426303204,1714176
2025-11-26,3648.089599609375,3669.4652218147176,3631.1674534999597,3642.745814859756,2116524
2025-11-27,3642.943603515625,3678.9654666475294,3626.9120080354446,3663.032686969495,1993274
2025-11-28,3718.252685546875,3729.7319887502154,3651.751103116328,3653.6312609158435,2944457
2025-12-01,3702.716064453125,3755.5610161015616,3691.236519119585,3750.612977872179,1830158
2025-12-02,3677.876708984375,3709.049348923298,3666.9910251961796,3684.111285292844,2285922
2025-12-03,3611.473876953125,3701.1324221086757,3602.171662159246,3697.1739917106984,2002476
2025-12-04,3633.443359375,3639.974624570385,3582.5773837929173,3636.807928572312,1984001
2025-12-05,3678.470703125,3682.8248801562563,3604.6458755795147,3621.2713324684196,2393280
2025-12-08,3643.4384765625,3686.288536597189,3633.443584150162,3681.3404982930315,1500195
2025-12-09,3598.1142578125,3636.214151276697,3567.0406751090436,3619.9846829099406,3901255
2025-12-10,3592.275634765625,3656.5010722003694,3588.515077515985,3621.963863152118,1593915
2025-12-11,3627.10986328125,3630.969478028106,3578.322158450149,3585.74421572861,981456
2025-12-12,3641.3603515625,3656.6002125050477,3623.2504835154705,3627.307729858224,1078982
2025-12-15,3570.50439453125,3627.307776893784,3566.1502175207543,3594.25497808689,1704069
2025-12-16,3583.369140625,3595.73923569758,3540.716956173376,3543.7848363927437,1394406
2025-12-17,3575.25439453125,3609.9894764159635,3556.6497232840943,3609.9894764159635,1209367
2025-12-18,3549.326904296875,3574.363784630838,3503.31014844008,3562.5875502034824,2446168
2025-12-19,3566.150146484375,3577.4315768072106,3523.003157243062,3533.888841155892,1647819
2025-12-22,3579.11376953125,3587.3275609570214,3539.7273386102656,3562.5873708814556,1400786
2025-12-23,3587.4267578125,3599.697795925624,3567.535547577148,3581.5879277656427,1413628
2025-12-24,3598.906005859375,3619.984696617994,3574.5618032170546,3586.931898544481,842897
2025-12-26,3585.447509765625,3609.0990355397744,3577.0358448898123,3598.9060286048693,829910
2025-12-29,3554.769775390625,3602.369758918262,3550.8113447469914,3585.051624852364,1034692
2025-12-30,3622.260986328125,3627.9017017007536,3538.045277353218,3552.691519123215,2063179
2025-12-31,3670.652587890625,3684.903082782974,3602.5675343474286,3615.0366871778056,1868363
2026-01-01,3721.914306640625,3734.7792058659184,3682.4290587366722,3686.28843186289,1498161
2026-01-02,3762.884033203125,3772.384363288245,3704.299308620699,3720.8257080615326,1478292
2026-01-05,3750.909912109375,3799.9943064302024,3745.6649432604777,3766.3476464379023,1574098
2026-01-06,3746.2587890625,3779.4106450948616,3719.044578886681,3748.6337507637454,1299489
2026-01-07,3709.841064453125,3769.0196479756655,3679.855905486684,3760.508925870485,1046776
2026-01-08,3685.298828125,3717.7580068330376,3654.8188646844837,3691.2364739275645,1261005
2026-01-09,3639.084228515625,3709.544244271811,3628.990278892714,3673.522622761523,1235928
2026-01-12,3643.7353515625,3678.371619162904,3561.400043758797,3637.105028656823,1665237
2026-01-13,3623.4482421875,3678.3714642116447,3593.760014066341,3678.3714642116447,1700985
2026-01-14,3611.572998046875,3643.7352455976416,3597.322745004212,3624.932700875655,1573135
2026-01-15,3611.572998046875,3611.572998046875,3611.572998046875,3611.572998046875,0
2026-01-16,3620.1826171875,3691.1374365932747,3612.1669402725083,3612.1669402725083,2089943
2026-01-19,3619.390869140625,3650.6625670612407,3576.4419944048045,3650.6625670612407,1715818
2026-01-20,3520.529052734375,3639.28196526512,3503.2109196569745,3608.1093257257994,1753439
2026-01-21,3516.372802734375,3549.425600584723,3480.549055228708,3506.179795932712,1587467
2026-01-22,3536.560791015625,3582.3796732790793,3496.6795546194844,3562.5875203880346,2107171
2026-01-23,3506.57568359375,3558.6291431183336,3498.065202685171,3536.560843993548,1922549
2026-01-27,3358.2333984375,3461.3504622774726,3309.346879524775,3401.479202337744,7139715
2026-01-28,3413.3544921875,3420.974422401524,3340.915264048367,3343.8840868540974,3964878
2026-01-29,3349.22802734375,3443.4388687187356,3286.4869991001624,3413.354651256634,5592638
2026-01-30,3396.135498046875,3416.5212701733335,3248.683961824134,3248.88183502858,5291090
2026-02-02,3427.208984375,3436.0166369574567,3308.950876438082,3320.133490613888,2950641
2026-02-03,3491.236572265625,3605.9322386217978,3476.4915155957556,3600.192466193384,5492214
2026-02-04,3536.857666015625,3582.379616949234,3482.5283038253615,3512.1174752908373,2395062
2026-02-05,3534.87841796875,3561.3999505003985,3491.434740100369,3554.670570364992,1251428
2026-02-06,3540.816162109375,3552.6914538772094,3493.9088562678,3539.8265544620554,1462031
2026-02-09,3572.087890625,3581.489163354068,3520.133488701202,3556.4520413443897,1294690
2026-02-10,3637.599853515625,3660.5587027085476,3563.57715286658,3578.7181982544303,1917432
2026-02-11,3636.708984375,3747.6440963860227,3628.0006305100783,3666.199340082087,4787745
2026-02-12,3555.75927734375,3660.5586288770432,3544.9724091984667,3659.766894451167,2554236
2026-02-13,3496.679443359375,3559.123780385089,3483.7157285902877,3493.3148741163254,1632115
2026-02-16,3473.225830078125,3512.6122618390673,3432.9488480968375,3498.262951289225,1562001
2026-02-17,3452.93896484375,3479.2626249811024,3426.0216850783213,3473.2259216733587,1991583
2026-02-18,3493.809814453125,3508.1591254032937,3447.0013242053374,3454.8193696161084,1682427
2026-02-19,3396.135498046875,3509.6434443889307,3385.744617977487,3498.1638992899516,2479531
2026-02-20,3377.3330078125,3414.047306356405,3367.1400007826123,3407.2191102702523,2260853
2026-02-23,3411.276611328125,3421.667491605521,3381.3902671523006,3389.406185721949,1789276
2026-02-24,3397.52099609375,3405.23998422174,3354.76999317399,3379.5101848640634,1929400
2026-02-25,3455.01708984375,3464.517177917708,3389.8018035199216,3399.3021331972996,2273269
2026-02-26,3448.386962890625,3470.5540779246185,3425.625986616811,3468.5748625964607,1998012
2026-02-27,3362.0927734375,3451.850376302902,3345.96236279303,3424.042306020157,3765500
2026-03-02,3299.648681640625,3339.8266053924835,3248.881763245469,3265.6060351081674,2997529
2026-03-04,3230.376220703125,3244.0328542576663,3174.5622056548746,3206.328707079345,4537215
2026-03-05,3313.206298828125,3325.6754514328254,3242.152423668773,3243.241088687893,2304760
2026-03-06,3297.867431640625,3332.008894923926,3280.5492980911245,3280.5492980911245,2084605
2026-03-09,3154.473388671875,3216.2248083508407,3110.2377341788933,3216.2248083508407,3961149
2026-03-10,3259.470703125,3275.0074950744342,3195.3440784027953,3243.9339111755658,2672336
2026-03-11,3135.27490234375,3258.678927739324,3123.201737357793,3241.9546551280514,4574950
2026-03-12,2999.698486328125,3110.1387903021673,2988.6149296118374,3082.726708308199,6968585
2026-03-13,2900.638916015625,2993.562972470107,2892.2272514648826,2934.1865168178074,7217643
2026-03-16,3004.5478515625,3012.0687246622333,2865.903724597869,2871.841370436124,5378638
2026-03-17,3096.38330078125,3106.6753653742326,2993.0683580506643,3020.282568613201,3491894
2026-03-18,3181.19287109375,3202.568251524639,3107.4671006412204,3107.4671006412204,3746758
2026-03-19,3013.7509765625,3115.1857585298594,3001.084192194682,3103.7064549960965,3059501
2026-03-20,3034.236083984375,3074.315193435271,3011.5739240488488,3027.4076463010542,4471960
2026-03-23,2925.082275390625,2988.3181061833743,2904.498388405939,2983.766056056275,3978740
2026-03-24,2999.797607421875,3025.5274053754365,2935.077124530479,2998.5110692035128,3944279
2026-03-25,3095.591796875,3125.0819116600796,3050.861337663877,3067.684667769683,3328790
2026-03-27,3009.69384765625,3072.929680971652,2998.5112326921894,3067.783769421052,3155168
2026-03-30,2923.99365234375,2992.2765796615304,2914.394506534255,2949.0307740142885,5416854
2026-04-01,2999.99560546875,3047.89251931878,2978.818098297808,3047.89251931878,3522875
2026-04-02,2980.4013671875,2997.323754961852,2897.6703110550015,2944.0828140707426,3297975
2026-04-06,2990.198486328125,2998.5110937089194,2930.2281678125773,2974.8595681919905,2554900
2026-04-07,2975.3544921875,2985.646315227388,2918.8477980653565,2970.4064538792013,2292715
2026-04-08,3176.739501953125,3197.4222044678622,3076.6900754226504,3092.5237972646455,4227961
2026-04-09,3133.889404296875,3166.645270981537,3098.4614038024047,3146.8531189291425,3039565
2026-04-10,3225.923095703125,3236.017045506035,3146.952356180181,3146.952356180181,2801451
2026-04-13,3186.734375,3215.4329956683746,3150.0200776587176,3161.4005651651423,3183080
2026-04-15,3222.6572265625,3267.5853160368797,3191.4845864161102,3216.2247770084828,2591177
2026-04-16,3188.812744140625,3253.829917715905,3167.734053104809,3238.985803127785,2678634
2026-04-17,3166.9423828125,3208.802835119479,3151.9003947125802,3176.6405861938406,2180404
2026-04-20,3188.1201171875,3201.8755669471675,3129.7332655571854,3173.6717487867613,3201466
2026-04-21,3213.552978515625,3228.3970933041956,3178.6197800591704,3178.6197800591704,1972188
2026-04-22,3116.967041015625,3216.1256752207364,3110.3367183490554,3180.6979160641167,3096787
2026-04-23,3016.027099609375,3082.330810247336,3000.688181476712,3072.731664639838,4540875
2026-04-24,3006.82373046875,3056.8979732567013,3003.459161163512,3016.0271297610398,2300917
2026-04-27,3070.15869140625,3081.63823684254,3018.3033469395464,3018.3033469395464,1816150
2026-04-28,3056.00732421875,3111.326292381494,3043.0433680257934,3083.5182221981677,2645344
2026-04-29,3119.540283203125,3158.8276590885207,3059.8668928263487,3067.7837541273225,3917359
2026-04-30,3065.3095703125,3084.903849300557,3015.3343860346044,3073.127373785892,3331158
2026-05-01,3065.3095703125,3065.3095703125,3065.3095703125,3065.3095703125,0
2026-05-04,3074.216064453125,3139.0353634139105,3049.4758740100774,3098.956254896173,2873467
2026-05-05,3177.43212890625,3188.5156857003535,3038.2932037703235,3081.638064950621,6454419
2026-05-06,3266.496826171875,3281.2418828236437,3209.7922621668504,3211.2766735721993,6007370
2026-05-07,3335.67041015625,3363.6763545741546,3270.6532367954046,3277.481432842049,4916193
2026-05-08,3295.7890625,3328.0503669806685,3283.1222784715983,3322.904455768703,2071348
2026-05-11,3212.167236328125,3257.788243672193,3190.6927995674946,3201.3806100484644,2320887
2026-05-12,3142.993896484375,3227.7044079680213,3133.3947505998035,3206.3287860860755,2638081
2026-05-13,3079.461181640625,3156.4527063326373,3071.3464471046937,3142.9939454412633,2692484
2026-05-14,3140.91552734375,3147.9418380845846,3068.872285916473,3104.39910282029,2167959
2026-05-15,3090.643798828125,3155.7597899787575,3078.669449426206,3137.056301729692,2196383
2026-05-18,3051.653076171875,3079.3620905006983,3018.3033465325134,3067.783729262555,1962357
2026-05-19,3060.163818359375,3125.972727814335,3043.043557503789,3066.893198774704,3151874
2026-05-20,3089.7529296875,3110.138943741903,3001.479976394474,3046.0123202578934,2330606
2026-05-21,3066.7939453125,3124.883862977568,3047.7935277570946,3114.2951100027226,1877207
2026-05-22,3049.278076171875,3099.1542046964078,3040.668538005589,3062.835652549064,2407171
2026-05-25,3106.37841796875,3140.7177551541217,3079.065150146767,3102.123056746737,2423710
2026-05-26,3075.0078125,3126.368351446088,3070.7524514042466,3089.5549962243176,1791919
2026-05-27,3089.1591796875,3108.654401079787,3071.7419892924127,3078.5701850885835,1408612
2026-05-28,3089.1591796875,3089.1591796875,3089.1591796875,3089.1591796875,0
2026-05-29,3013.94921875,3118.055897394715,2973.8701080836618,3087.1801863872597,11402867
2026-06-01,2939.33251953125,3037.0067438006217,2930.2281777016965,3018.303256329002,5763247
2026-06-02,2967.140625,2977.4324477787886,2882.8261026863,2882.8261026863,4045354
2026-06-03,2979.8076171875,2998.016300851683,2934.186609019719,2964.8644454040736,3110137
2026-06-04,2984.755615234375,3035.225603447048,2943.2909113289693,2953.978721859396,2788572
2026-06-05,3008.902099609375,3027.2098413764443,2981.390958254931,3008.308238370151,1685633
2026-06-08,2935.17626953125,2974.7605752565532,2917.3633319548635,2953.9788147507693,2415904
2026-06-09,2959.02587890625,2984.5575625448273,2943.093099379871,2964.7654098926428,2527267
2026-06-10,2921.816650390625,2968.8230147914906,2912.6132507240845,2949.030861359547,2281551
2026-06-11,2969.71337890625,2980.8959932150333,2870.257814144833,2899.5502960293647,3177902
2026-06-12,3011.27685546875,3018.303166037614,2951.6037107475267,2993.6620335529688,3557496
2026-06-15,3101.727294921875,3134.087416643578,3046.0123361000738,3057.887627858748,5286854
2026-06-16,3105.289794921875,3130.129043951227,3075.7006223839435,3130.129043951227,3551761
2026-06-17,3100.341552734375,3132.1080533289364,3057.887483344838,3112.315901333177,3186836
2026-06-18,3103.904296875,3118.2536073499523,3082.6277330673124,3104.3991006844813,2432013
2026-06-19,3042.845703125,3097.471998028327,3027.209853664106,3077.679844686293,3408840
2026-06-22,3031.56396484375,3069.762916604703,3022.0638764081914,3052.939586629758,2186778
2026-06-23,3005.7353515625,3060.0647146873603,3000.292509509417,3031.563966161438,2828392
2026-06-24,3032.652587890625,3065.7053861539853,2993.5630864314376,3012.365631437123,2179193
2026-06-25,3149.12939453125,3175.1561238735576,3053.929187556116,3057.887618129747,5346892
2026-06-26,3149.12939453125,3149.12939453125,3149.12939453125,3149.12939453125,0
2026-06-29,3060.8564453125,3141.311595154009,3053.4343879766307,3110.73257396817,3700623
2026-06-30,3036.907958984375,3090.445587082442,3029.980705538518,3072.731707055121,3882185
2026-07-01,3097.471923828125,3133.3947296040697,3055.9084028055113,3055.9084028055113,2754707
2026-07-02,3142.39990234375,3156.8482700644095,3079.1640728230127,3104.2011936304143,2624368
2026-07-03,3136.89990234375,3197.0,3127.300048828125,3194.0,2414988
2026-07-06,3201.199951171875,3212.699951171875,3124.89990234375,3157.89990234375,2637740
2026-07-07,3196.39990234375,3217.10009765625,3181.0,3210.800048828125,2426521
2026-07-08,3102.5,3200.89990234375,3088.199951171875,3175.0,2933765
2026-07-09,3085.39990234375,3139.699951171875,3080.300048828125,3101.0,2922682
2026-07-10,3129.39990234375,3135.0,3105.199951171875,3109.0,1814898
2026-07-13,3160.39990234375,3169.0,3082.0,3088.800048828125,1770170
2026-07-14,3093.300048828125,3130.0,3082.199951171875,3121.0,2376410
2026-07-15,3082.89990234375,3119.89990234375,3079.39990234375,3088.800048828125,2377390
2026-07-16,3117.800048828125,3146.0,3089.39990234375,3117.0,1978238
2026-07-17,3179.199951171875,3183.199951171875,3119.0,3119.0,1627877
2026-07-20,3165.5,3183.5,3140.5,3179.199951171875,1768417
2026-07-21,3201.699951171875,3212.0,3143.0,3153.800048828125,1776773
2026-07-22,3175.300048828125,3219.89990234375,3166.89990234375,3198.0,1784375
2026-07-23,3229.699951171875,3250.0,3156.0,3156.0,2705691
2026-07-24,3161.39990234375,3217.0,3135.10009765625,3215.300048828125,2135688
2026-07-27,3238.60009765625,3246.800048828125,3179.0,3183.0,2264570
2026-07-28,3271.199951171875,3284.699951171875,3222.0,3225.0,2208579
2026-07-29,3221.800048828125,3321.199951171875,3211.800048828125,3280.10009765625,3693381
2026-07-30,3283.699951171875,3327.0,3197.5,3220.0,4851980
2026-07-31,3398.5,3457.0,3243.300048828125,3379.89990234375,6131873
2026-08-03,3428.60009765625,3465.0,3386.199951171875,3465.0,2169303
2026-08-04,3433.0,3434.10009765625,3384.60009765625,3401.0,2450782
2026-08-05,3455.39990234375,3485.800048828125,3435.0,3470.0,1970549
2026-08-06,3406.0,3449.0,3406.0,3449.0,1656879
2026-08-07,3502.0,3504.89990234375,3402.10009765625,3405.0,3299237
2026-08-10,3517.0,3534.60009765625,3491.10009765625,3509.0,2434928
2026-08-11,3460.10009765625,3514.60009765625,3455.10009765625,3505.39990234375,2269936
2026-08-12,3403.60009765625,3471.800048828125,3403.60009765625,3460.0,1834082
2026-08-13,3428.199951171875,3440.0,3396.5,3405.0,2288322
2026-08-14,3428.300048828125,3430.0,3378.300048828125,3425.0,1032969
2026-08-17,3390.39990234375,3451.89990234375,3388.300048828125,3428.300048828125,1756791
2026-08-18,3421.5,3435.0,3390.199951171875,3390.39990234375,1371664
2026-08-19,3415.0,3425.60009765625,3371.10009765625,3396.199951171875,1601024
2026-08-20,3424.800048828125,3456.39990234375,3401.0,3424.0,1279093
2026-08-21,3412.199951171875,3453.89990234375,3412.199951171875,3431.199951171875,1730623
2026-08-24,3414.10009765625,3444.699951171875,3400.0,3419.89990234375,1168624
2026-08-25,3406.800048828125,3423.0,3396.800048828125,3414.10009765625,170436
