Date,Close,High,Low,Open,Volume
2021-08-25,6409.15185546875,6530.001581223786,6398.217401901048,6530.001581223786,722194
2021-08-26,6310.93505859375,6399.507406448806,6294.127705797067,6398.218119987915,1199429
2021-08-27,6326.4521484375,6393.060453659324,6302.721354323096,6331.131348306599,1428388
2021-08-30,6490.7529296875,6503.26297080377,6354.146395501754,6388.668028586964,819447
2021-08-31,6537.73681640625,6562.470130655048,6458.904768693175,6512.812324078496,938326
2021-09-01,6479.29345703125,6512.812570998833,6400.46187261743,6493.665852521586,1108476
2021-09-02,6486.93359375,6550.008844452308,6406.048937296837,6544.040357422645,741052
2021-09-03,6553.9716796875,6644.597091457095,6447.493873464812,6465.065005628706,1196077
2021-09-06,6538.50048828125,6640.776562242934,6530.001457091917,6613.08278595518,897444
2021-09-07,6567.38818359375,6617.762209404429,6544.994702129389,6570.014317640752,743783
2021-09-08,6475.80712890625,6549.43446340088,6451.694446140553,6543.4659775677865,847767
2021-09-09,6495.8623046875,6511.332809014603,6436.416176058473,6445.965754954702,515702
2021-09-13,6564.09375,6584.86408257282,6506.413924675425,6527.614174782192,508397
2021-09-14,6583.9091796875,6641.731689621846,6542.511664611768,6598.758587388492,817280
2021-09-15,6597.8037109375,6625.4974882739,6570.109933601099,6625.4974882739,310138
2021-09-16,6618.76513671875,6636.001938978706,6560.5602706553045,6601.909758043943,556648
2021-09-17,6698.50390625,6746.5380969279795,6636.956689712935,6641.73147869834,980793
2021-09-20,6637.33935546875,6699.459647203425,6595.1304956764125,6665.510613775815,550405
2021-09-21,6471.7490234375,6627.120844320893,6437.370542569306,6601.145805594174,1085249
2021-09-22,6523.31689453125,6537.641261888587,6479.388834635417,6512.812358469203,548623
2021-09-23,6538.31005859375,6570.014379249327,6513.767455481877,6558.650474160611,432740
2021-09-24,6639.10595703125,6720.802417590586,6539.551597504405,6541.461513274705,1649962
2021-09-27,7069.98291015625,7112.5260960334035,6659.876073272953,6659.876073272953,2646138
2021-09-28,7089.4638671875,7182.762968559647,7003.183332922259,7112.526005809638,1346961
2021-09-29,7051.45556640625,7128.7595825540875,6962.596934548139,7057.615230390621,643556
2021-09-30,7007.52783203125,7074.3748774041005,6972.194393762743,7052.124547388045,625717
2021-10-01,6839.6943359375,6894.795589700028,6770.651070771912,6894.795589700028,901588
2021-10-04,6847.333984375,6889.973224779189,6810.568107692117,6856.597261898617,466994
2021-10-05,6931.3232421875,6971.192734883581,6833.344467477967,6842.082239086685,546004
2021-10-06,6874.98046875,6953.525753822013,6841.556943187442,6943.403107108319,726695
2021-10-07,7155.02197265625,7214.706840629692,6899.809477201811,6909.072755226502,1646727
2021-10-08,7095.33642578125,7230.892871467326,7067.785800103224,7208.690102705628,630622
2021-10-11,7353.93896484375,7462.8041558959685,7085.595818478196,7085.978174635092,1069536
2021-10-12,7347.2548828125,7400.923703149261,7286.376316867239,7341.620724476742,406814
2021-10-13,7145.13818359375,7400.876189894481,7101.592009941546,7391.374172240533,1084436
2021-10-14,7159.2236328125,7219.481568260214,7109.661412129271,7200.382410672224,831546
2021-10-18,7312.11279296875,7358.237073986559,7071.463397144259,7071.463397144259,913963
2021-10-19,7310.82275390625,7418.685426374589,7243.35507706567,7324.71766998377,658869
2021-10-20,7248.8466796875,7321.996548087756,7176.508618759881,7272.004408763339,488082
2021-10-21,7234.04443359375,7305.427532687659,7147.859487864984,7305.427532687659,563128
2021-10-22,7075.18701171875,7281.553493156161,7053.843610845143,7257.67954727696,224520
2021-10-25,6933.56640625,7062.9151550829565,6894.460699458659,7023.7143255459805,248058
2021-10-26,6968.66162109375,7007.433002288773,6885.437139382229,6937.768642004238,292203
2021-10-27,7024.90869140625,7125.179265761071,6917.7146726316905,6956.867944522621,1218064
2021-10-28,7037.7529296875,7190.546182995989,6909.167484419671,6923.444290540885,961511
2021-10-29,7145.3759765625,7209.931215538025,6966.273832021511,7018.9396601595345,819875
2021-11-01,7272.529296875,7320.707108438571,7067.643270226175,7067.643270226175,1005690
2021-11-02,7440.79296875,7553.716736652549,7287.092313364472,7303.470213832764,1302733
2021-11-03,7385.8828125,7489.018261153715,7364.2531102760595,7440.792889329524,656492
2021-11-04,7398.4404296875,7467.72290218815,7387.07652441359,7424.511059032606,53365
2021-11-08,7338.46875,7527.550393030866,7326.436188549529,7410.424912966565,428433
2021-11-09,7236.240234375,7414.769780206256,7199.140497165062,7361.769622720075,632879
2021-11-10,7173.30908203125,7238.580544712481,7123.985602052126,7229.030966157452,562432
2021-11-11,7117.73095703125,7226.6437161153735,7106.796502851749,7173.643554074488,486991
2021-11-12,7142.94091796875,7204.2013652173455,7106.795673375859,7190.831956533219,349666
2021-11-15,7165.14404296875,7238.437054942512,7116.345605582693,7116.345605582693,314414
2021-11-16,7687.74462890625,7762.613227270117,7195.654594126563,7205.156610764636,2619355
2021-11-17,7902.037109375,7973.897684314481,7654.034380510526,7673.0859752654915,2377268
2021-11-18,7751.53515625,7991.0863995219415,7640.712496605466,7863.122061862293,1337493
2021-11-22,7510.17041015625,7819.051712755226,7454.926005365347,7790.54612772115,672298
2021-11-23,7500.2392578125,7595.687485302803,7453.446321266432,7495.5600574155,567198
2021-11-24,7324.001953125,7542.209830309196,7292.631493278768,7511.221260360167,571078
2021-11-25,7231.41845703125,7371.701674613908,7100.111750152175,7295.878113135523,1007618
2021-11-26,6847.525390625,7181.283165399903,6808.849596981557,7181.283165399903,1154876
2021-11-29,6827.47119140625,6885.246141693693,6675.8240703901165,6843.227996030098,733010
2021-11-30,6749.451171875,6923.444685521526,6699.554622244862,6827.471417811883,1287938
2021-12-01,6945.6474609375,7047.589215511463,6808.897304820493,6867.102174626413,1669583
2021-12-02,6995.0185546875,7024.144768549609,6919.290118873214,6956.867802802093,618573
2021-12-03,6884.0048828125,6998.886126369923,6826.754972832172,6975.967137826755,603798
2021-12-06,6725.62451171875,6875.6960339806055,6704.758590913588,6869.011329503124,609507
2021-12-07,6862.900390625,6934.712943396367,6771.797502170968,6807.894723503765,637151
2021-12-08,7100.01611328125,7160.13089719543,6828.999258623648,6899.570551351493,930339
2021-12-09,7087.4580078125,7132.579763580229,6995.065841240485,7132.579763580229,615037
2021-12-10,7091.18310546875,7138.310371547209,7026.532734786225,7047.589370169686,431682
2021-12-13,7177.84521484375,7234.665207903197,7090.56215909911,7147.859631091831,883009
2021-12-14,7155.64208984375,7215.947582870003,7121.884237676662,7178.226749010745,749704
2021-12-15,7227.07373046875,7295.878259740753,7117.348696175994,7139.26516620705,529018
2021-12-16,7115.19970703125,7277.733718354743,7072.41778219856,7249.56246199843,595582
2021-12-17,6967.9453125,7143.084483174788,6914.849564527893,7143.084483174788,1081907
2021-12-20,6958.39599609375,6991.77149333685,6718.940314069738,6875.696552633636,867425
2021-12-21,6985.65966796875,7071.415160766318,6955.912824859741,6977.399376007372,415744
2021-12-22,7089.3681640625,7118.2556383124265,6976.444401085515,6976.444401085515,368978
2021-12-23,7054.4169921875,7162.18408193123,7023.71518968056,7144.039882257005,249919
2021-12-24,6987.52197265625,7114.29262352752,6925.497275601773,7105.841153545169,357447
2021-12-27,6961.16552734375,6999.841321823127,6862.518563989341,6949.324142785448,190180
2021-12-28,6968.7568359375,7027.534300762427,6928.314280709897,6990.290947354391,214533
2021-12-29,7018.9873046875,7033.2641101363715,6914.32430413052,6968.995637505308,287776
2021-12-30,6954.24169921875,7062.056345614662,6928.600988071894,7018.940092589215,296041
2021-12-31,7091.94677734375,7113.9583688542,6961.690156040078,6961.690156040078,313398
2022-01-03,7185.00732421875,7263.361896127811,7085.787296172802,7085.787296172802,456599
2022-01-04,7286.42431640625,7304.472927335681,7181.283359074953,7257.679990554474,495182
2022-01-05,7425.130859375,7456.310136758437,7263.026780774238,7281.409717522779,710043
2022-01-06,7527.07373046875,7543.642343233292,7337.848916504502,7431.482351756145,739981
2022-01-07,7549.89697265625,7586.949151754379,7482.572442353661,7527.073572662339,523116
2022-01-10,7759.60498046875,7861.212394349,7567.2285504110905,7591.914302122758,827930
2022-01-11,7777.03369140625,7794.796000928344,7705.841302895928,7735.15869582618,688923
2022-01-12,7802.7216796875,7830.654196179971,7749.482780731764,7830.654196179971,288174
2022-01-13,7713.2421875,7887.951914296136,7593.824893763061,7806.780496291878,684931
2022-01-14,7720.0703125,7778.131562324804,7592.869742424127,7592.869742424127,299536
2022-01-17,7893.2041015625,7991.947116187678,7735.254166582435,7758.841345681879,862249
2022-01-18,7558.63427734375,7877.399476657773,7536.049618213243,7877.399476657773,785199
2022-01-19,7654.65576171875,7696.960207610138,7505.968639183088,7571.86073029042,681632
2022-01-20,7674.37548828125,7773.356774592011,7637.322844521448,7639.662677731706,522850
2022-01-21,7820.72314453125,7872.672759927216,7502.196663997429,7611.014300900038,1041476
2022-01-24,7689.6064453125,7957.472106083666,7594.588144967647,7820.14936205022,1153538
2022-01-25,8215.1201171875,8273.754902848908,7532.612014104111,7630.113304912601,2162832
2022-01-27,8422.919921875,8567.54848347471,8021.693984026149,8266.115646955204,2899559
2022-01-28,8165.796875,8527.77345536686,8138.48452140921,8398.854147810922,1045088
2022-01-31,8210.0595703125,8327.23309405717,8167.563942710946,8236.512091312281,561419
2022-02-01,8173.8671875,8394.843890480719,7974.853584087123,8301.449192488248,819689
2022-02-02,8131.705078125,8291.899262306964,8060.08323720907,8193.252299933967,580433
2022-02-03,8206.57421875,8401.719489930452,8138.819770151295,8164.889933951507,810019
2022-02-04,8165.41455078125,8289.03402935872,8109.597078665123,8250.740593106028,404421
2022-02-07,8128.2666015625,8226.961113157173,8021.645194488712,8160.114069869767,446099
2022-02-08,8212.1123046875,8393.219497755304,8056.071822102491,8228.585327268998,998182
2022-02-09,8546.3466796875,8584.878851226858,8233.645583151112,8233.645583151112,1403525
2022-02-10,8408.8330078125,8642.367741880389,8393.983601135838,8642.367741880389,811887
2022-02-11,8343.611328125,8465.702330498292,8282.636702724574,8344.422669361995,671572
2022-02-14,7989.55908203125,8227.008772652187,7950.023457213646,8117.141067425344,995540
2022-02-15,8234.31640625,8273.994724023447,7980.106404051352,8031.19665626421,682766
2022-02-16,8196.35546875,8342.893933835963,8159.159674868679,8327.232252440881,422704
2022-02-17,8167.22900390625,8268.310913767995,8141.01522584274,8188.76311573038,305313
2022-02-18,8183.1279296875,8256.516990950131,8136.287439439859,8164.888610033462,385273
2022-02-21,8224.765625,8331.290986183309,8063.2816937303305,8159.207395855715,626049
2022-02-22,8234.4111328125,8269.744576568022,8007.1787046316895,8112.367694680266,620828
2022-02-23,8307.03515625,8394.032380494707,8265.351803456302,8298.584151864548,557954
2022-02-24,7840.34765625,8200.461892636235,7787.68135718053,8023.555948869504,947351
2022-02-25,7979.72314453125,8084.673388264514,7839.774254144717,7887.952065564007,1344343
2022-02-28,7939.6630859375,7964.300811655418,7748.6234905741585,7926.150059492417,961303
2022-03-02,7462.23193359375,7829.699533451532,7414.292862265849,7828.4582747425075,1783011
2022-03-03,7253.43017578125,7582.318044355104,7218.049172662652,7567.086279576484,1050154
2022-03-04,6920.865234375,7180.518624106775,6808.848874884032,7144.9940086791485,2511658
2022-03-07,6464.1572265625,6713.210512788305,6426.866309159033,6677.065265028225,2469925
2022-03-08,6499.72900390625,6546.235634682425,6242.129140674217,6402.991966527448,2840376
2022-03-09,6710.345703125,6759.287293240871,6471.749389565929,6564.380301590113,1827539
2022-03-10,6886.96435546875,7066.544446401038,6854.018311943077,6928.218718224784,1535070
2022-03-11,6782.63525390625,6875.696076906799,6761.101142291686,6875.696076906799,1024452
2022-03-14,6987.18701171875,7004.61499039287,6696.163641804335,6732.452035755928,1023874
2022-03-15,7085.8828125,7276.778792823152,6988.3815230813425,6991.246396621824,1586111
2022-03-16,7148.623046875,7253.620845470571,7104.886165329434,7229.030681659115,584457
2022-03-17,7346.490234375,7393.23560443012,7190.83211553929,7232.850258047089,1133271
2022-03-21,7358.47509765625,7582.36514672169,7305.42737687921,7490.689195325559,1354525
2022-03-22,7416.8232421875,7457.265800118558,7197.1829381758125,7367.4522014498525,1093502
2022-03-23,7300.509765625,7508.642553615776,7268.184348468348,7448.671385895823,808597
2022-03-24,7216.56884765625,7310.20227751073,7187.347044445438,7257.01093921795,565485
2022-03-25,7081.4423828125,7202.578413183139,7052.363729733937,7176.508250365679,686637
2022-03-28,7140.55419921875,7199.427257630188,7079.102568087622,7090.562062329772,599515
2022-03-29,7104.07421875,7222.441424477517,7067.642671967662,7195.607017062063,446257
2022-03-30,7256.3427734375,7286.280795132398,7152.634258224862,7182.237951416447,589206
2022-03-31,7220.72216796875,7308.053244584529,7188.922260002266,7256.294345729787,434317
2022-04-01,7353.22216796875,7380.868381089256,7178.751668439545,7232.849931216202,449386
2022-04-04,7424.60595703125,7442.941333899398,7287.903836797998,7305.427406252296,491029
2022-04-05,7412.23974609375,7544.167080967239,7381.82424504769,7430.527095823555,488132
2022-04-06,7395.384765625,7495.464161751089,7329.301495915353,7390.418798291716,393628
2022-04-07,7296.35498046875,7399.012942696404,7277.780864973763,7314.737917890911,458566
2022-04-08,7217.5234375,7382.301218152812,7176.889703638547,7361.578447531297,849846
2022-04-11,7224.63818359375,7273.48418543501,7147.859664027334,7271.861036827216,496254
2022-04-12,7275.20361328125,7364.157848439927,7162.184252518894,7200.382568532328,598047
2022-04-13,7133.0576171875,7357.902628117564,7104.886360783855,7275.2031855529885,527991
2022-04-18,7232.373046875,7256.724471275253,7023.714763288523,7042.336440771069,551783
2022-04-19,7100.20751953125,7332.166698353624,7018.94050962479,7238.58082489196,425990
2022-04-20,7321.375,7352.219949785376,7136.01760160494,7161.228393744712,542622
2022-04-21,7524.30419921875,7543.975958214643,7339.853714495054,7362.53396379723,772708
2022-04-22,7548.46337890625,7655.561795098256,7382.77821270469,7438.165761060255,960818
2022-04-25,7555.96044921875,7637.752491608346,7458.220425038908,7458.220425038908,701521
2022-04-26,7550.61279296875,7704.122263543857,7477.319779801475,7639.662610269706,801963
2022-04-27,7437.59326171875,7510.7431227067145,7372.274241232783,7497.373713460956,570519
2022-04-28,7532.85107421875,7582.36573464783,7416.871716904296,7490.689776143272,561932
2022-04-29,7370.17333984375,7588.572381664646,7282.5083977316535,7561.3560835614,1162749
2022-05-02,7290.86474609375,7400.923642847056,7204.488618482342,7319.752222248088,544053
2022-05-04,7064.68212890625,7398.057986064062,7025.146969727672,7305.42708059766,599211
2022-05-05,7073.99365234375,7198.472505361757,7047.7323106221465,7114.436211852625,524174
2022-05-06,6951.376953125,7028.394210730402,6834.29902706139,6984.561738524745,650559
2022-05-09,7028.7763671875,7090.084850205262,6808.849751762882,6877.1292408584,570578
2022-05-10,7177.3671875,7233.805286358093,7019.082933214342,7019.082933214342,663616
2022-05-11,7063.29833984375,7219.051595758012,7015.69359666038,7180.328240558281,605312
2022-05-12,6926.9306640625,6994.064487946179,6886.01062250973,6896.22885912433,571754
2022-05-13,6782.06298828125,7009.390514571743,6744.246564727049,7009.390514571743,703097
2022-05-16,6921.15234375,6976.30115749054,6827.9483678763545,6834.633072572178,369545
2022-05-17,7193.50634765625,7243.021005723325,6928.2668032815,6952.093188292295,811448
2022-05-18,7225.736328125,7296.021321036676,7171.351756874725,7225.211287808555,576970
2022-05-19,7071.033203125,7186.0580665999405,7052.411524414209,7114.436225404593,363255
2022-05-20,7244.88330078125,7304.376988179092,7114.435965524895,7181.808055166441,742204
2022-05-23,7541.73193359375,7596.546420014692,7425.847707165571,7448.766695184474,1161175
2022-05-24,7451.20166015625,7584.227566382957,7440.36279546827,7562.311097548178,581609
2022-05-25,7436.4951171875,7505.490818136718,7349.402779439521,7486.8691410639185,454335
2022-05-26,7453.44580078125,7486.821763175668,7276.778603709561,7448.671011671204,476799
2022-05-27,7585.18310546875,7607.099109694941,7480.185296919032,7568.041424496787,431411
2022-05-30,7652.9365234375,7696.960173019693,7592.869768694736,7620.754724074974,389517
2022-05-31,7607.5283203125,7735.158339659279,7544.1667757170735,7652.936378124559,2494005
2022-06-01,7581.79248046875,7705.459525622989,7525.1636648399735,7615.836635548972,522004
2022-06-02,7568.4228515625,7612.923980632632,7501.766980143918,7568.040961680082,352848
2022-06-03,7357.9970703125,7634.887258140746,7335.030522799133,7591.914159126821,591905
2022-06-06,7363.25,7426.611546056077,7249.51489408092,7343.625802867748,606990
2022-06-07,7457.64794921875,7467.770595969613,7214.706758638162,7272.0517926201355,991192
2022-06-08,7536.95703125,7564.220890489563,7372.943025702521,7471.589981970755,813596
2022-06-09,7572.6728515625,7649.2126325242225,7477.415802861589,7494.509455686653,687937
2022-06-10,7577.6865234375,7628.394881170987,7473.500523318905,7473.500523318905,442921
2022-06-13,7545.69482421875,7608.48330105391,7442.702529795037,7496.371345939681,565826
2022-06-14,7459.796875,7545.504347544355,7400.923813022404,7453.446498147079,553462
2022-06-15,7499.71435546875,7571.861238771823,7463.950995363926,7463.950995363926,604566
2022-06-16,7480.75732421875,7663.536149211508,7453.445438578919,7580.454822734075,1319566
2022-06-17,7341.85888671875,7496.132602651767,7301.75065819056,7453.445801488708,1317656
2022-06-20,7315.884765625,7433.4877354232,7282.508801165815,7352.984506274789,1043423
2022-06-21,7430.14501953125,7486.869421636558,7281.696637659747,7367.452130960989,954884
2022-06-22,7432.19775390625,7514.562863446505,7369.027389238191,7400.922886225748,796824
2022-06-23,7898.4560546875,7943.147893726574,7451.535799144791,7458.220503821712,1676430
2022-06-24,7986.50439453125,8012.097080693333,7867.229775329341,7935.700445835709,1156788
2022-06-27,8068.20068359375,8161.738997874379,8013.29060348644,8063.66463349793,921090
2022-06-28,8107.30615234375,8155.245224742396,8003.549604985932,8036.209351206591,691242
2022-06-29,8125.64208984375,8145.791329598121,7992.998057296163,8012.049654951538,655413
2022-06-30,8089.20947265625,8245.678948469758,8055.642330099649,8117.1419906830115,1130302
2022-07-01,8024.12841796875,8069.393792866837,7931.49750697371,8059.84421441374,530569
2022-07-04,8063.0439453125,8086.201675919406,7945.250253585767,8024.129408313267,625431
2022-07-05,7972.65771484375,8125.307371866276,7959.574604263927,8115.710230874262,610290
2022-07-06,8241.333984375,8262.725413706128,7992.997376649157,7999.682081743128,976098
2022-07-07,8218.7490234375,8308.132698752313,8189.909111922042,8303.357909844985,547662
2022-07-08,8094.17431640625,8267.021668916623,8064.61818756954,8231.735793587855,686327
2022-07-11,8124.44775390625,8141.0159000389585,8037.020614220944,8071.017674181987,536114
2022-07-12,8040.4580078125,8114.705973370164,7998.964906783094,8112.3661403518745,424358
2022-07-13,8060.03515625,8105.825570105639,8003.501466949524,8073.213387613801,413855
2022-07-14,8181.84033203125,8200.557133347398,8069.3940422706155,8083.670849014458,606496
2022-07-15,8382.66796875,8402.674523177542,8189.910090558314,8208.818070375513,631246
2022-07-18,8312.716796875,8444.692156525085,8292.85386037135,8405.538885189844,478682
2022-07-19,8323.26953125,8402.57953177836,8277.05012792718,8308.086260018612,478458
2022-07-20,8354.974609375,8466.132087032991,8327.424445734445,8380.23343349674,398132
2022-07-21,8400.763671875,8434.092071749588,8329.189399056859,8396.943840718071,421090
2022-07-22,8433.185546875,8488.620665753759,8395.034792737235,8451.377308124735,415294
2022-07-25,8233.2646484375,8459.589670485368,8107.592561967932,8430.845810757819,623462
2022-07-26,8141.826171875,8236.89296208915,8089.780974422859,8233.645732703968,429454
2022-07-27,8268.1201171875,8315.247846226677,8078.943341754369,8170.189377024582,1298855
2022-07-28,8328.2353515625,8375.124343684449,8240.14048587687,8308.133674417199,725196
2022-07-29,8378.3701171875,8540.187908658783,8336.781890035914,8369.9191133878,821432
2022-08-01,8597.8681640625,8675.792354169138,8425.211033011696,8451.377251997455,1009408
2022-08-02,8759.8759765625,8782.603787025533,8550.692644670833,8580.296338213919,848311
2022-08-03,8612.2294921875,8790.348060630595,8512.403603377958,8790.348060630595,753729
2022-08-04,8619.197265625,8697.346310311994,8487.794862959207,8674.27642619976,643264
2022-08-05,8498.5615234375,8636.980836691355,8468.57048448929,8619.293548955833,558385
2022-08-08,8576.181640625,8649.284148984296,8498.36865538677,8498.561092166401,520993
2022-08-10,8535.5693359375,8650.72632512073,8483.950280072844,8592.186115954684,445375
2022-08-11,8472.271484375,8649.28518128097,8385.903969937228,8608.624692966381,508318
2022-08-12,8362.064453125,8473.376459828552,8338.80213148187,8473.376459828552,712782
2022-08-16,8654.763671875,8689.656685201799,8367.687414858114,8398.543949281862,963726
2022-08-17,8597.712890625,8718.493722140833,8574.306946140709,8660.819011740783,623749
2022-08-18,8600.9345703125,8663.127327604567,8532.97434134666,8579.114114736842,442229
2022-08-19,8438.7236328125,8620.446847901112,8377.251815283029,8608.38340853223,572597
2022-08-22,8293.6240234375,8427.66986139726,8268.824083711463,8411.857189279273,488485
2022-08-23,8382.5390625,8417.624513538502,8232.104183389714,8273.43772844877,558231
2022-08-24,8366.6787109375,8432.0433883667,8260.941732743207,8324.383919659782,442582
2022-08-25,8397.3427734375,8492.601802435665,8343.608788357848,8383.019843694561,525721
2022-08-26,8382.634765625,8490.438793506395,8368.793397561825,8458.95801226756,398063
2022-08-29,8491.8330078125,8516.537198575317,8257.09672912037,8269.208043830324,459057
2022-08-30,8730.26953125,8808.851329172287,8526.245230222412,8540.471471950148,1016312
2022-09-01,8674.7578125,8875.802633272524,8594.493833626517,8603.097166410662,888864
2022-09-02,8573.9228515625,8795.298386067063,8557.101059500821,8676.680345414276,632909
2022-09-05,8603.193359375,8667.35648352181,8531.052086935184,8555.083219574437,386455
2022-09-06,8544.2685546875,8673.075415756617,8526.245206590142,8636.115348848427,397902
2022-09-07,8444.4443359375,8529.658169808985,8420.508952128219,8520.478464801887,496785
2022-09-08,8449.970703125,8540.759563551264,8439.733066003853,8486.834081975856,428924
2022-09-09,8599.30078125,8640.634330723928,8391.671788543763,8492.266488505722,632296
2022-09-12,8581.6611328125,8663.02997621371,8558.927308220138,8622.273742737512,383641
2022-09-13,8580.5546875,8640.680382880444,8565.559638897992,8624.579526888103,405093
2022-09-14,8619.6787109375,8651.207367823687,8483.66250621005,8516.488468714979,509547
2022-09-15,8852.828125,8963.611636105757,8680.044297483646,8680.092172001223,1392132
2022-09-16,8833.5078125,8954.86502566078,8670.480054402491,8852.588155280833,1056382
2022-09-19,8921.171875,8981.346385969342,8718.493706062656,8819.712634884883,727024
2022-09-20,8940.3974609375,9064.542659808254,8891.518515718595,8977.069342518482,747257
2022-09-21,8889.5,9033.782531296694,8854.462424167225,8939.580500219115,440725
2022-09-22,9037.4833984375,9069.349054385284,8829.998983951587,8842.495172367804,511112
2022-09-23,8981.345703125,9084.727425723213,8917.806838886001,9033.733560992096,574213
2022-09-26,8492.5546875,8911.03246995095,8458.958975190531,8911.03246995095,865432
2022-09-27,8434.013671875,8563.68603118446,8334.476914289264,8545.470246010213,686285
2022-09-28,8388.546875,8507.020350502764,8324.431629925883,8382.058469647922,663740
2022-09-29,8290.595703125,8458.958183827028,8270.649864225636,8430.505699967853,817007
2022-09-30,8486.0185546875,8528.168788010124,8226.530183409175,8332.07473562576,658982
2022-10-03,8215.7626953125,8622.369413472928,8180.19662303842,8622.369413472928,1123076
2022-10-04,8353.7021484375,8419.114702331835,8295.546808700952,8361.872733359165,503140
2022-10-06,8365.716796875,8482.988708769604,8353.7012321317,8395.515397438383,474445
2022-10-07,8438.8681640625,8502.79097595438,8373.40773519049,8410.89630156317,428616
2022-10-10,8518.9404296875,8532.44573794554,8322.461521627645,8338.802691166531,411218
2022-10-11,8347.5966796875,8507.018797715396,8329.188461265978,8469.530240301736,422610
2022-10-12,8349.9521484375,8382.058113487032,8257.672609573423,8360.910719164014,380365
2022-10-13,8314.3388671875,8444.972475335182,8259.019389443929,8329.190294405451,355605
2022-10-14,8283.3388671875,8426.852601542982,8272.765168975271,8420.508758102087,274160
2022-10-17,8385.7109375,8410.607564407106,8235.035747917264,8276.321418228757,304671
2022-10-18,8466.0224609375,8543.787572407677,8412.865789596613,8425.361977084736,369973
2022-10-19,8381.43359375,8511.826890489387,8358.027646844179,8508.366782993804,385416
2022-10-20,8369.9482421875,8400.51565696179,8277.283813786271,8362.834651020852,328270
2022-10-21,8366.0048828125,8453.190007292269,8306.119496590003,8391.670316540994,356203
2022-10-24,8425.7470703125,8448.191770630296,8406.906100840377,8448.191770630296,30052
2022-10-25,8656.0126953125,8667.547637271828,8456.458574902515,8478.18234010619,727441
2022-10-27,8691.53125,8725.174832101095,8557.004796112564,8699.269086140048,849108
2022-10-28,9124.6689453125,9179.844801385028,8700.231268024647,8742.526061505265,1873029
2022-10-31,9158.3603515625,9390.40534264045,9084.82508605815,9276.017151855905,1932020
2022-11-01,9088.1884765625,9263.42422718929,9011.673734262527,9261.597485826074,805517
2022-11-02,8871.716796875,9088.188464271392,8853.068264566382,9078.960885866392,788679
2022-11-03,8881.0400390625,8949.192698363508,8809.23577450708,8853.068179584092,616860
2022-11-04,8871.8125,8962.650170648463,8834.852434622582,8899.112238940545,465775
2022-11-07,8971.5908203125,8990.335104183916,8895.652439500098,8917.472896160307,469017
2022-11-09,8894.8828125,9113.421541938405,8862.681097017345,9112.94091931926,617256
2022-11-10,8744.6884765625,8892.239624563526,8719.455788386429,8844.417672686972,445700
2022-11-11,8735.3642578125,8881.906286835816,8699.269685699583,8843.456476070294,461074
2022-11-14,8797.65234375,8807.937855382244,8644.045544813942,8747.331531797994,282822
2022-11-15,8807.12109375,8846.868207890902,8776.168810093866,8833.843522975098,359888
2022-11-16,8780.927734375,8893.921928988178,8747.187461909194,8805.006740830231,350737
2022-11-17,8638.18359375,8814.235119032459,8622.370919760382,8748.294062512736,409572
2022-11-18,8505.1455078125,8674.22891604039,8493.562690754485,8660.819357593697,515615
2022-11-21,8521.630859375,8583.150550186763,8445.500054252247,8482.988615840664,520644
2022-11-22,8529.849609375,8588.678003467689,8515.719117165498,8531.051165877236,455948
2022-11-23,8588.24609375,8640.633962361491,8557.005621642229,8593.53294287593,621006
2022-11-24,8619.58203125,8646.305400561821,8575.269000066432,8621.313023698047,455343
2022-11-25,8669.951171875,8728.106507081877,8600.741516752765,8651.206890279394,545439
2022-11-28,8637.1728515625,8751.271903927363,8603.144396563435,8678.121520913375,439956
2022-11-29,8564.888671875,8674.999141115592,8543.548836946771,8636.78963771003,606692
2022-11-30,8626.3603515625,8670.433075467407,8526.246272660299,8578.153521670858,1087650
2022-12-01,8610.9794921875,8675.238361517413,8583.920062975123,8669.51876454971,694489
2022-12-02,8474.193359375,8582.862883265487,8415.461651488851,8478.18290255366,971612
2022-12-05,8451.31640625,8510.096930816879,8425.314909077015,8501.2532864663,519621
2022-12-06,8379.5107421875,8458.95803604656,8357.979412234465,8437.041832514558,551379
2022-12-07,8323.5673828125,8408.829087571408,8306.120405617703,8382.058782199556,546450
2022-12-08,8346.2041015625,8373.407153682594,8272.524279591205,8329.189873339417,476001
2022-12-09,8279.5419921875,8424.113663638724,8214.27399826287,8369.562991790313,790406
2022-12-12,8324.142578125,8356.39216473974,8185.290530292296,8275.359387404731,445039
2022-12-13,8286.6064453125,8360.285324546128,8276.320934224796,8326.305683188755,330236
2022-12-14,8306.697265625,8341.398785256755,8262.91272860052,8314.772101880913,343670
2022-12-15,8251.474609375,8337.457254570749,8242.678838975811,8306.12103178892,472176
2022-12-16,8156.93408203125,8255.17352622298,8118.676711979422,8227.778038857195,624222
2022-12-19,8270.41015625,8287.328637081515,8123.484184836411,8169.431523307264,464106
2022-12-20,8193.9912109375,8251.714743678494,8105.2684551804105,8251.714743678494,694906
2022-12-21,8026.78271484375,8234.940186085476,7967.0888215611685,8193.990575186668,800720
2022-12-22,8011.35400390625,8059.080206234224,7966.800661888031,8032.790524034522,580858
2022-12-23,7826.07470703125,8007.125350351202,7808.051357935649,7978.047680476966,503012
2022-12-26,7936.8095703125,8022.552834116483,7763.064491859762,7831.26502990019,315102
2022-12-27,7983.57470703125,7992.754411606836,7911.817372215117,7977.32661278285,423308
2022-12-28,8094.6943359375,8125.886932856942,7966.415966235359,7992.754462258883,538632
2022-12-29,8108.8720703125,8121.5606946955395,8010.056251496973,8045.622323896517,452134
2022-12-30,8069.26953125,8160.972709621956,8038.17362085232,8141.74780335665,433976
2023-01-02,8077.63134765625,8126.366665508423,8014.477352257044,8040.81584539602,398159
2023-01-03,8057.87841796875,8076.382388568601,7982.324918694218,8055.234993597343,493207
2023-01-04,8096.37646484375,8206.198736838582,7988.957306021673,8051.390373993023,566744
2023-01-05,8133.19189453125,8146.5535791327175,8064.895606546161,8117.668346810689,417716
2023-01-06,8058.166015625,8155.156027332078,8026.397050968851,8132.134018107362,368978
2023-01-09,8052.3505859375,8119.589871625819,8002.461587386753,8098.345790675194,613406
2023-01-10,7971.75146484375,8084.072597444286,7942.673795869589,8055.235239783961,493677
2023-01-11,7963.38818359375,8011.642881581054,7929.456414930253,8011.642881581054,327536
2023-01-12,8044.853515625,8052.351040441836,7939.885352041251,7992.753838041526,283772
2023-01-13,8125.79052734375,8170.632052573714,8027.358643641693,8071.575922722942,705220
2023-01-16,8055.3310546875,8184.330356752662,8020.245602580562,8151.359831967988,500575
2023-01-17,8150.734375,8164.143933717315,8018.85228026335,8083.92783143725,409248
2023-01-18,8164.86474609375,8206.535289472042,8136.26770089368,8144.630722023126,402883
2023-01-19,8172.17041015625,8188.847638441065,8128.769815057738,8150.397831475736,184776
2023-01-20,8112.71728515625,8170.584435608119,8085.994855568882,8134.104991472989,346337
2023-01-23,8090.89697265625,8153.282164515826,8053.216910041616,8151.3596740266685,410827
2023-01-24,8361.6796875,8380.135783369002,8090.8009736885615,8122.522065779773,1039571
2023-01-25,8443.673828125,8490.679095240223,8343.896761245098,8408.877501859331,1131883
2023-01-27,8398.8798828125,8544.508529707618,8286.029321547305,8486.305320952473,743546
2023-01-30,8475.2998046875,8521.439579058033,8380.136520048272,8438.772483310826,1036998
2023-01-31,8550.5654296875,8597.233702898513,8487.988733945924,8513.65417210065,643670
2023-02-01,8429.0146484375,8680.476957535555,8337.745167108296,8590.64840529921,707460
2023-02-02,8526.3896484375,8593.53225144814,8411.952654228107,8425.31433824865,456995
2023-02-03,8595.7431640625,8615.641128371291,8502.358751768174,8593.53248774287,351157
2023-02-06,8562.7734375,8589.688306859003,8478.18384808599,8580.98922432727,205161
2023-02-07,8422.86328125,8574.307276398795,8413.34657818104,8562.77233387449,318669
2023-02-08,8492.3134765625,8511.345944497312,8336.927808634046,8433.004457741818,391645
2023-02-09,8460.111328125,8490.678737330412,8362.83312745099,8461.168322344369,392186
2023-02-10,8469.8671875,8531.050817582349,8432.955936487879,8456.842503290718,276298
2023-02-13,8468.041015625,8520.86162274648,8416.374090391455,8446.460874923801,253037
2023-02-14,8434.3974609375,8504.135606898448,8425.313506777991,8473.375762949001,227030
2023-02-15,8502.55078125,8550.950045575917,8403.206454486259,8434.399052369961,452568
2023-02-16,8463.861328125,8535.858982643003,8449.34689835946,8535.858982643003,247514
2023-02-17,8466.408203125,8530.09070358846,8410.65597630416,8446.4623633572,214587
2023-02-20,8356.73046875,8506.059548669344,8339.04317997443,8466.408180561919,298434
2023-02-21,8333.8515625,8382.05838615911,8303.66902557763,8357.066010237077,323478
2023-02-22,8323.375,8381.097591286112,8252.290723843476,8339.283421631226,363931
2023-02-23,8359.2294921875,8408.445439597246,8282.089556382061,8356.53819307396,317544
2023-02-24,8324.8642578125,8401.28325307791,8275.64831462792,8373.407141597447,242982
2023-02-27,8297.662109375,8308.09124569894,8199.422649095133,8295.547181909847,220225
2023-02-28,8290.1142578125,8371.484035480937,8271.80272539541,8314.77057146746,370998
2023-03-01,8424.498046875,8436.12873907041,8285.934166732593,8285.934166732593,333441
2023-03-02,8217.4453125,8431.082068833162,8179.33156293659,8431.082068833162,603893
2023-03-03,8267.9111328125,8294.585689875199,8218.647311210216,8259.067488313354,437977
2023-03-06,8296.9404296875,8327.267529321653,8258.009997396432,8305.158888761292,275417
2023-03-08,8356.9697265625,8374.415763100797,8276.368756140771,8290.739559119776,348171
2023-03-09,8210.908203125,8398.39888203406,8203.31399094775,8386.863940225156,431466
2023-03-10,8268.19921875,8293.624344359274,8151.4557907862845,8199.422306141007,516128
2023-03-13,8188.2724609375,8302.56396557974,8152.417259740692,8268.19944559302,479314
2023-03-14,8182.26318359375,8213.791836402703,8117.715197037966,8213.791836402703,349510
2023-03-15,8146.505859375,8367.592273392229,8112.910149153947,8314.77165760446,509229
2023-03-16,8110.45849609375,8202.690160727037,8085.033372824308,8132.230136632358,340261
2023-03-17,7994.5322265625,8181.110493857707,7972.135399855803,8173.468406334374,471602
2023-03-20,7901.05078125,7994.531878261122,7814.923585608427,7994.531878261122,488199
2023-03-21,7909.51025390625,7954.303904030463,7896.629192943837,7925.46654848715,287497
2023-03-22,7932.58056640625,7968.3381382367415,7898.552109542466,7916.815769038791,218120
2023-03-23,8029.47314453125,8050.428100979263,7913.54641664757,7943.729889730464,540553
2023-03-24,7923.44873046875,8061.48317085726,7892.784631957188,8029.4738922450715,391840
2023-03-27,7957.5244140625,7994.484482477367,7910.615832578759,7930.27348611483,364326
2023-03-28,7890.669921875,8031.780538645472,7824.536435568204,7984.007400079298,360349
2023-03-29,7973.8173828125,7996.69483158385,7870.195334577998,7930.128599288335,339851
2023-03-31,7970.78955078125,8045.622112144369,7937.049281920083,8003.27944994253,478757
2023-04-03,8173.51611328125,8246.522876672352,8065.183587479878,8086.811605282084,627265
2023-04-05,8119.68701171875,8216.724913549815,8103.2979669191545,8191.684660956355,272888
2023-04-06,8186.5888671875,8204.227340171194,8052.446355778771,8135.9789346466305,309551
2023-04-10,8204.373046875,8224.222198725238,8077.391981850948,8128.866478975933,308275
2023-04-11,8323.9501953125,8334.908765435654,8213.839751859032,8247.483331884201,409240
2023-04-12,8286.943359375,8372.398439490084,8258.058126712245,8335.918993696729,408458
2023-04-13,8334.765625,8366.679156954033,8285.934551119459,8293.672388102048,480202
2023-04-17,8338.4658203125,8507.019786009927,8314.77075129784,8507.019786009927,489356
2023-04-18,8394.2197265625,8409.74327600419,8353.222236188407,8356.05809776326,276111
2023-04-19,8343.560546875,8403.013187617058,8326.738755702838,8353.268748007951,280819
2023-04-20,8376.916015625,8401.187457382672,8329.334377327781,8333.996041149278,369060
2023-04-21,8226.76953125,8366.678588515804,8218.646821209804,8343.032331042958,424157
2023-04-24,8138.046875,8244.60053581946,8117.4758510972815,8244.60053581946,543745
2023-04-25,8140.68994140625,8194.615422246883,8093.684675110705,8180.196744084572,906406
2023-04-26,8177.21826171875,8218.647559896803,8108.008598056462,8196.538917338015,959058
2023-04-27,8211.8701171875,8237.871612889876,8142.94864652198,8237.871612889876,536521
2023-04-28,8256.6640625,8278.676954512974,8204.324070177296,8259.980546401144,387567
2023-05-02,8436.705078125,8484.911903362605,8272.476701069285,8288.529684641904,865562
2023-05-03,8456.3623046875,8485.87272040038,8377.29988610425,8430.12049817754,537008
2023-05-04,8459.53515625,8481.019552301794,8404.16780151033,8455.738988223022,271926
2023-05-05,8601.8466796875,8639.671300381582,8449.344763056755,8459.533586033218,951591
2023-05-08,8724.501953125,8767.469802325824,8612.757195978516,8695.424285136345,678780
2023-05-09,8758.43359375,8785.781207681228,8701.04706704634,8730.990230784311,415394
2023-05-10,8812.8408203125,8824.231200787885,8708.881773326604,8775.015257327863,366827
2023-05-11,8901.99609375,8953.99908384988,8787.75153791539,8884.741554578442,644550
2023-05-12,8935.16015625,8968.226432151316,8874.842012195639,8902.045067109597,403028
2023-05-15,8850.4736328125,8946.79059928778,8829.422924043842,8883.829032352154,259316
2023-05-16,8719.791015625,8871.61987828715,8706.093271923859,8861.814989789453,448981
2023-05-17,8765.9794921875,8778.090805723461,8682.01416418788,8728.442117697034,290482
2023-05-18,8702.44140625,8795.394009370935,8693.59776223507,8790.539908617173,272497
2023-05-19,8753.0517578125,8764.82701264405,8613.286316815258,8708.882348884814,543472
2023-05-22,8801.7861328125,8814.330194782142,8722.194280213382,8737.71876549767,182115
2023-05-23,8844.12890625,8877.099428892396,8801.881991933995,8813.657245643137,269008
2023-05-24,8911.46484375,8957.076120869588,8804.045681730848,8812.696889410243,470365
2023-05-25,8922.134765625,8933.237900377007,8858.885009414695,8863.403050297466,218979
2023-05-26,9035.6572265625,9050.123779433256,8950.39458749314,8971.301671104682,346760
2023-05-29,8971.7822265625,9121.063420914452,8951.163328929139,9069.348616019413,236834
2023-05-30,9019.7001953125,9038.493290827448,8939.580779618153,9016.48039922777,372004
2023-05-31,9004.6572265625,9083.719647588247,8908.436014765362,9083.719647588247,1614766
2023-06-01,8966.7841796875,9014.125509843687,8864.603993915944,8975.627824028423,378706
2023-06-02,9117.7470703125,9156.005381453679,8951.788644520406,9025.131467853695,445105
2023-06-05,9210.748046875,9266.404524223737,9120.82373843138,9182.295561996601,434649
2023-06-06,9358.8759765625,9391.365877525572,9238.527886274132,9255.83030037807,542318
2023-06-07,9331.2880859375,9420.20326986222,9276.49710773524,9408.668327082796,453747
2023-06-08,9284.283203125,9386.56007549134,9252.466360127179,9355.800226805653,273746
2023-06-09,9254.6767578125,9337.440536419723,9238.62377451986,9300.52834362204,161389
2023-06-12,9180.3251953125,9324.079239556464,9168.021443440635,9251.985843374327,316879
2023-06-13,9148.6513671875,9245.30438616567,9137.260986834546,9216.419155092592,561014
2023-06-14,9163.0693359375,9226.992138018784,9122.697039886163,9151.053771636507,328167
2023-06-15,9223.00390625,9321.96429564356,9173.163713930997,9184.698657299663,459978
2023-06-16,9231.51171875,9269.673345082618,9181.815148763157,9223.196571379465,682099
2023-06-19,9162.58984375,9268.471384919294,9141.442447971307,9264.481841592793,395006
2023-06-20,9124.2353515625,9169.22237870455,9054.929946882225,9160.666920784246,612713
2023-06-21,9074.9716796875,9167.395784298413,9031.908081005568,9133.752201153771,356331
2023-06-22,9038.63671875,9126.398219986733,9010.520295938792,9073.241546825333,288487
2023-06-23,8965.822265625,9061.658600870784,8944.386685170537,9054.92988439618,309138
2023-06-26,9103.185546875,9151.055375697926,8939.581406931798,8965.823216221825,405168
2023-06-27,9094.341796875,9131.83036363096,9030.94748150215,9122.217910616611,339375
2023-06-28,9170.904296875,9203.922693662991,9066.993128613023,9108.230922747796,482586
2023-06-30,9409.677734375,9471.63017918918,9171.241035129036,9198.155902436825,845006
2023-07-03,9298.125,9406.601147438223,9282.312328410004,9364.498794604566,398066
2023-07-04,9273.517578125,9339.939247821983,9247.226957937835,9324.078701577033,247673
2023-07-05,9605.05078125,9647.970757405497,9300.04784934493,9321.195244971348,815044
2023-07-06,9477.302734375,9628.121565845755,9434.815502363062,9612.405579934179,652120
2023-07-07,9468.5048828125,9559.58285927467,9434.62099183317,9472.10955206562,457050
2023-07-10,9358.9716796875,9548.384863191812,9343.063258985407,9472.11043021088,272008
2023-07-11,9516.47265625,9570.974511633538,9358.972056838771,9416.358586724436,568772
2023-07-12,9454.6162109375,9564.390610511922,9425.01004382607,9511.522119700048,552967
2023-07-13,9273.662109375,9515.319558574005,9239.490025954818,9471.102273805598,519564
2023-07-14,9231.462890625,9350.320297021195,9219.302763292522,9325.953106555204,498441
2023-07-17,9314.033203125,9323.117157972321,9184.697849719098,9273.132407769768,444583
2023-07-18,9291.060546875,9387.809318273685,9229.58872525716,9333.883835114815,320985
2023-07-19,9235.2119140625,9291.39688849437,9156.486488758359,9276.978209275725,450254
2023-07-20,9393.7685546875,9405.784119479886,9204.355379043525,9247.17866422039,466813
2023-07-21,9391.4150390625,9463.460566517311,9326.963725436004,9343.304896551372,328483
2023-07-24,9319.0810546875,9434.62293130932,9304.854811520552,9391.414765903091,358506
2023-07-25,9380.408203125,9396.125127334768,9244.103804508799,9251.024958555185,240998
2023-07-26,9378.2451171875,9429.816302524137,9348.350764130771,9383.195905921444,209861
2023-07-27,9375.6005859375,9446.300919701544,9316.052198175857,9391.365382331804,256672
2023-07-28,9295.529296875,9372.14072728121,9176.431579477929,9361.567030050432,381151
2023-07-31,9440.1484375,9456.441730761167,9233.721038680855,9295.52891493799,600060
2023-08-01,9340.1796875,9508.637915841202,9276.064442236913,9381.7535441377,1394528
2023-08-02,9279.6689453125,9413.907216180136,9151.390582570195,9338.497340698606,672815
2023-08-03,9260.1669921875,9372.96332807518,9232.901244832257,9313.67797569376,614897
2023-08-04,9189.0439453125,9330.31793097119,9146.932938359547,9275.981636864037,540470
2023-08-07,9240.857421875,9256.382078186783,9142.081985601246,9208.061774926324,366329
2023-08-08,9259.0517578125,9337.111871468775,9222.617514113135,9256.529379806005,430636
2023-08-09,9181.9609375,9256.625023968285,9137.716044248353,9256.576698925328,404602
2023-08-10,9118.40625,9217.764426629057,9064.506774888987,9181.960309994127,523490
2023-08-11,9078.8681640625,9187.686693112311,9066.400302084849,9118.407527537453,498504
2023-08-14,9044.7138671875,9085.805313780398,8982.85781328388,9081.924149613897,336864
2023-08-16,9139.7041015625,9157.363586696716,8979.218543924619,9056.695898728738,336363
2023-08-17,9096.76953125,9193.265166103542,9072.22135708785,9135.19362552758,402798
2023-08-18,9175.1201171875,9188.655866289304,9059.26793910335,9072.220945069164,400745
2023-08-21,9158.3828125,9187.685791205702,9133.59206611755,9174.63518730227,375347
2023-08-22,9209.9052734375,9225.574904134852,9130.147165879405,9140.335221104533,435930
2023-08-23,9315.716796875,9353.606475921522,9165.369997049242,9236.2012494084,546842
2023-08-24,9289.275390625,9374.612675922182,9271.130758918092,9374.612675922182,385559
2023-08-25,9223.2958984375,9338.808859368613,9203.210684029329,9270.160767023322,346449
2023-08-28,9312.5615234375,9382.713368732031,9227.466818680623,9232.269948332787,325938
2023-08-29,9335.4130859375,9397.026569731917,9223.587038578342,9314.794400415747,317224
2023-08-30,9505.359375,9526.268957075858,9324.496748945374,9373.011300188586,543634
2023-08-31,9706.5966796875,9765.978676949999,9479.839489004844,9479.839489004844,1581818
2023-09-01,10024.3193359375,10089.037938002293,9655.705389757473,9701.940136966878,1193178
2023-09-04,10054.5927734375,10156.958480157857,9980.704730277697,10091.997304250464,819552
2023-09-05,9957.2236328125,10103.350036812939,9941.408077845917,10042.512597077191,507107
2023-09-06,9876.4462890625,9955.1857837109,9829.193874815148,9955.1857837109,663758
2023-09-07,9975.3203125,9994.872057353865,9848.454750079032,9848.454750079032,445805
2023-09-08,10025.046875,10091.026664730933,9993.997562185443,10090.056373705478,439721
2023-09-11,10220.8994140625,10236.56999264462,10036.690047764545,10037.66033875911,598050
2023-09-12,10191.548828125,10254.424447033833,10095.878508353628,10230.748966081754,568773
2023-09-13,10162.24609375,10223.3744264813,10129.837995472533,10188.055455216629,301707
2023-09-14,10176.55859375,10265.679448886978,10121.154405510115,10154.144301659657,501196
2023-09-15,10212.556640625,10236.57134591518,10166.128589417287,10177.674485249076,544616
2023-09-18,10209.4990234375,10308.032837076504,10182.282549140917,10188.104295409697,430213
2023-09-20,10039.3583984375,10182.28207314479,10030.431531732707,10182.28207314479,545106
2023-09-21,9978.7646484375,10037.661508179137,9903.276189775772,10035.769251009324,577252
2023-09-22,10222.162109375,10252.822927459916,10002.19693936912,10069.68049222126,986206
2023-09-25,10273.63671875,10401.52090000689,10217.165585547813,10222.162963880754,756801
2023-09-26,10243.0234375,10318.02674648818,10213.817108235358,10316.037839336816,452503
2023-09-27,10363.435546875,10387.935394503545,10212.312724374166,10236.569999253916,458359
2023-09-28,10251.4638671875,10386.965387389017,10219.153365674574,10334.084526705905,598144
2023-09-29,10295.3701171875,10387.451119366377,10198.292684494627,10227.83823728373,481725
2023-10-03,10039.5048828125,10391.622937679576,9997.199624340154,10391.622937679576,623006
2023-10-04,9828.90234375,9978.376436976747,9790.236624703099,9978.376436976747,407793
2023-10-05,9906.8173828125,9965.810888187581,9808.67206567377,9879.454986135454,377196
2023-10-06,9995.986328125,10025.96869940811,9955.18578059073,9977.50247386106,335700
2023-10-09,9940.4375,10027.376146089266,9881.395668981024,9945.483202939753,230083
2023-10-10,10066.7685546875,10107.520774378765,9964.984655533939,9984.29382435994,348342
2023-10-11,10102.767578125,10129.83907882112,10032.858293915722,10042.464554820772,193526
2023-10-12,10266.552734375,10308.905369288213,10110.626776404359,10149.244169873451,569237
2023-10-13,10408.845703125,10425.825796727091,10216.970645421372,10221.094382439022,625954
2023-10-16,10386.48046875,10489.670542142745,10348.15397255535,10411.174565301839,304196
2023-10-17,10431.404296875,10477.05629893073,10251.415316313143,10411.222433578025,474718
2023-10-18,10467.9365234375,10488.700183091074,10392.83561818386,10435.480098752889,267435
2023-10-19,10451.68359375,10477.881450347795,10382.113540608116,10382.113540608116,286284
2023-10-20,10407.0029296875,10478.173401580216,10377.942522252037,10443.339572692983,232512
2023-10-23,10240.1123046875,10406.032070767402,10217.60136328833,10363.678488300757,227925
2023-10-25,10274.265625,10331.125246952648,10189.607734024989,10207.461467703257,401105
2023-10-26,10114.4599609375,10279.26351892812,10083.749869781055,10225.897510476068,506129
2023-10-27,10246.9521484375,10522.805684714953,10129.83783756792,10129.886162606994,1116713
2023-10-30,10088.794921875,10382.113701713448,9940.631296640588,10382.113701713448,991168
2023-10-31,10083.5556640625,10178.353290799461,10014.374100509174,10178.353290799461,439996
2023-11-01,9923.8935546875,10112.566824954123,9885.95555645061,10081.419916016492,699116
2023-11-02,9997.490234375,10037.6606618629,9897.93875414823,9984.585553241875,569194
2023-11-03,9971.001953125,10061.918416076282,9936.750867795294,10011.463280335109,517582
2023-11-06,9979.296875,10031.790185907497,9947.423195108551,10031.790185907497,490459
2023-11-07,9948.685546875,10019.225899360334,9931.753777668735,9993.998330758419,264935
2023-11-08,10015.634765625,10033.24592658652,9955.767620423781,10013.403285798013,287006
2023-11-09,10091.3662109375,10139.153045472434,10010.250257630123,10042.464110217452,310536
2023-11-10,10080.1591796875,10106.939780424182,10013.4033468849,10066.769353094072,206395
2023-11-13,10089.474609375,10119.165135825991,10055.756996135959,10119.165135825991,261891
2023-11-15,10145.412109375,10185.145719597329,10066.818529943983,10185.145719597329,436538
2023-11-16,10173.0166015625,10230.45802172844,10099.95387437662,10168.650291799799,488715
2023-11-17,10210.8583984375,10291.683457617579,10187.232189154904,10188.056557570557,403772
2023-11-20,10252.337890625,10278.632399274375,10188.056108038565,10188.056108038565,234246
2023-11-21,10222.162109375,10303.520634698165,10188.056000031145,10303.520634698165,312242
2023-11-22,10182.767578125,10237.783269245318,10110.43257107321,10236.570405453202,378891
2023-11-23,10176.8974609375,10212.313083507383,10085.253283709028,10176.218067707016,453820
2023-11-24,10203.2412109375,10252.580130610753,10151.18471835042,10193.82919847131,380306
2023-11-28,10224.4892578125,10242.779810834201,10193.876767708784,10226.818335123144,268026
2023-11-29,10284.357421875,10318.608506463874,10212.992704586952,10255.976408634455,343341
2023-11-30,10293.5263671875,10332.628905152196,10232.785581786311,10266.649116857488,665660
2023-12-01,10271.2109375,10439.362199724588,10220.124730818026,10292.848240048186,591519
2023-12-04,10284.5517578125,10377.359529102869,10115.284293010849,10377.262879016886,625235
2023-12-05,10403.3642578125,10450.034879507899,10249.57312239913,10334.473591475911,580996
2023-12-06,10310.0703125,10429.610361549301,10275.382406830106,10403.364177678279,464163
2023-12-07,10378.8642578125,10608.046248406134,10319.045434875294,10469.440549346913,704413
2023-12-08,10303.0830078125,10428.687363606308,10237.540042185537,10411.222126116085,548373
2023-12-11,10228.5654296875,10321.955940997996,10188.104104368207,10314.193612785175,579749
2023-12-12,10031.2568359375,10308.371566034624,9995.064223660733,10304.490402041389,1088687
2023-12-13,10071.6689453125,10103.543573319837,9955.185699806692,10052.214800194672,603469
2023-12-14,10045.6171875,10183.204264759246,10005.931905723648,10129.838258607577,635475
2023-12-15,9980.8017578125,10165.496271316022,9540.48294236714,10148.273606003224,1244681
2023-12-18,10013.0146484375,10043.385514849706,9922.390037351457,9989.145868800551,652498
2023-12-19,9929.5693359375,10068.70944067709,9902.983931770581,10013.014359730334,585734
2023-12-20,9781.74609375,10002.77819291022,9693.207040452573,9935.779789212647,964051
2023-12-21,9715.3779296875,9799.211451705904,9605.88096857573,9702.910069268415,739806
2023-12-22,9913.609375,10011.753744142874,9732.019029737263,9751.424850334944,652545
2023-12-26,9965.5205078125,9975.756889245818,9814.203423647832,9964.889439587509,395273
2023-12-27,9982.83984375,9999.188869538051,9926.077815188073,9980.414116033679,397675
2023-12-28,9966.4404296875,10004.621948198155,9884.35419197617,10004.621948198155,584234
2023-12-29,9996.2783203125,10087.777530778052,9967.800655019722,9975.029513358666,705227
2024-01-01,9977.7939453125,10037.661093689623,9911.184032055879,10037.661093689623,411724
2024-01-02,9894.7861328125,9988.856045111937,9849.47334862209,9977.794347476194,776837
2024-01-03,9778.25390625,9906.671546741445,9765.979345538946,9896.968636313686,521046
2024-01-04,9717.755859375,9819.345522821675,9688.889700352871,9799.939701630328,711733
2024-01-05,9719.4052734375,9775.682153327625,9673.801594905848,9713.2443044005,673131
2024-01-08,9651.193359375,9828.028888264773,9617.427423203944,9707.761133290416,600153
2024-01-09,9726.2939453125,9744.293601978316,9596.178297068842,9678.653034707957,666469
2024-01-10,9712.8076171875,9752.152729588814,9654.395906714293,9751.376686262061,481699
2024-01-11,9713.6806640625,9823.323556239016,9702.910812081043,9727.264739199414,1024815
2024-01-12,9669.58203125,9746.525927175673,9640.764195618465,9727.168429917374,850190
2024-01-15,9787.2294921875,9798.775387531177,9652.455681903335,9688.453102018746,463380
2024-01-16,9881.0068359375,9935.77995302051,9761.127571033821,9787.179505660242,536823
2024-01-17,9753.07421875,9859.90287866074,9699.465641084977,9823.22606842884,610250
2024-01-18,9629.6533203125,9751.424844489962,9448.354820507264,9650.562902484002,614860
2024-01-19,9739.490234375,9753.025983438034,9653.473557550073,9664.09843359094,377018
2024-01-23,9567.5068359375,9676.71290710076,9539.998515385481,9569.01059759628,956269
2024-01-24,9691.4609375,9702.910182004802,9465.188882545684,9567.069439456734,459092
2024-01-25,9587.4462890625,9702.716681390455,9524.910838614349,9691.461683732636,718817
2024-01-29,9694.56640625,9736.870717142105,9581.672473700206,9636.106370305026,446516
2024-01-30,9655.9970703125,9735.415011790405,9636.445327113808,9713.437541026111,399869
2024-01-31,9884.2578125,9931.510226378055,9618.494727354544,9663.419011351745,997024
2024-02-01,10321.908203125,10381.920327514264,9900.8501986687,9906.671945159489,1869594
2024-02-02,10338.8876953125,10393.368967854618,10227.25590235879,10283.144286397595,814940
2024-02-05,10118.728515625,10440.28334784138,10091.026895724111,10287.0256873526,365105
2024-02-06,10522.6611328125,10534.207976005855,10147.304397086535,10188.00829853549,829040
2024-02-07,10610.8115234375,10647.48833388387,10466.33481390176,10537.36030491446,560808
2024-02-08,10424.7099609375,10625.656850080451,10372.362571440153,10625.656850080451,557082
2024-02-09,10413.98828125,10450.03497403834,10295.855341780254,10393.030372856841,645489
2024-02-12,10391.5263671875,10429.610291337929,10333.648126369515,10382.1143543843,190655
2024-02-13,10473.806640625,10508.251972575732,10324.042597487314,10411.22286848916,397979
2024-02-14,10700.3212890625,10721.716017034487,10385.413520805181,10386.965607452867,354676
2024-02-15,10760.7705078125,10802.25045093452,10653.79591765571,10712.013381686616,447248
2024-02-16,11042.30078125,11138.9413920074,10768.290206315169,10789.636609679643,716486
2024-02-19,11142.19140625,11268.03834558032,10996.356850208711,11042.300700188074,581383
2024-02-20,11106.3876953125,11138.892444072542,10979.667121168837,11100.12912880247,355044
2024-02-21,11125.2109375,11178.722866392472,11032.20892204517,11115.65394995158,348461
2024-02-22,11311.4580078125,11347.553021812533,11052.8271363593,11158.346280533915,584406
2024-02-23,11192.8896484375,11371.81170652601,11134.284634452582,11357.209014962338,472884
2024-02-26,11126.3271484375,11191.28832186548,11077.279126789053,11163.198207270727,277700
2024-02-27,11158.9775390625,11219.378153654949,11046.03528793718,11075.871736109355,307585
2024-02-28,10821.4619140625,11157.328542558056,10799.33946746661,11130.208717997259,358812
2024-02-29,10952.9833984375,11011.831923209684,10798.853061006448,10823.595480077895,943841
2024-03-01,11275.7041015625,11328.148143930854,10959.437540530964,10959.437540530964,487355
2024-03-04,11249.7001953125,11330.379326434982,11201.185643507095,11255.376018853796,369936
2024-03-05,11323.87890625,11381.514576475643,11218.311424326004,11251.543894423556,320702
2024-03-06,11223.404296875,11332.028563591404,11176.200208360724,11323.877740189759,639542
2024-03-07,11168.09765625,11287.880268864905,11081.839355488428,11227.285406832436,255325
2024-03-11,11057.0,11212.586738604014,11012.851757166376,11173.04737826401,525344
2024-03-12,11167.953125,11231.99233309344,11042.882231991514,11061.317761594171,283816
2024-03-13,11051.76171875,11211.567907295805,10932.851784607565,11168.050729822933,385204
2024-03-14,11065.7802734375,11119.534773438965,10966.277121672052,11063.015323128946,523058
2024-03-15,11135.6904296875,11178.770780959976,10977.920546746316,11041.91142681855,972333
2024-03-18,11290.59765625,11318.83369458661,11028.619070414708,11096.8796149206,311049
2024-03-19,11252.513671875,11332.951179225753,11115.800230974142,11199.195988978081,409259
2024-03-20,11586.390625,11667.749145426571,11305.006238124848,11305.006238124848,1031037
2024-03-21,11554.3720703125,11643.492926735938,11474.031211078118,11642.52263565871,544311
2024-03-22,11971.16015625,12058.097855884904,11536.808985825566,11536.808985825566,1062263
2024-03-26,11886.5986328125,11955.829466593572,11780.497687302437,11920.558818990368,507568
2024-03-27,12138.6806640625,12344.722543946515,11920.705340924455,11924.877403068927,878986
2024-03-28,12226.005859375,12348.699346201705,12017.53921642179,12196.509581416714,860324
2024-04-01,12196.169921875,12312.023051493752,12134.60571320219,12238.620155029925,314676
2024-04-02,12179.529296875,12272.24041123072,12092.008860283051,12249.875393476377,333508
2024-04-03,12058.630859375,12153.380156383902,12043.78559629683,12080.123184462063,271935
2024-04-04,12193.8896484375,12273.210938199363,11952.092940167218,12118.934668203814,491166
2024-04-05,12052.5673828125,12184.818815961718,12016.569962518037,12120.876254332054,231600
2024-04-08,12482.890625,12543.583086353587,12080.12320153346,12080.12320153346,570422
2024-04-09,12505.111328125,12599.908955310162,12400.319892414454,12482.891283570129,314466
2024-04-10,12305.958984375,12573.031599576689,12226.541039855409,12548.774322991614,464239
2024-04-12,11902.1240234375,12283.885243684254,11861.80861801264,12283.885243684254,973366
2024-04-15,12053.779296875,12138.340537432676,11675.463400533186,11837.065178769779,831257
2024-04-16,12131.2578125,12177.055738483297,11910.661578986796,11942.341960037538,579183
2024-04-18,12036.4599609375,12227.60728961986,11954.033550252072,12196.557977346583,679117
2024-04-19,12333.3203125,12380.331099955734,11861.807221612333,12031.511492907093,635535
2024-04-22,12405.6552734375,12496.52340235827,12282.913464975583,12403.375468663851,342212
2024-04-23,12610.1455078125,12637.556230951537,12396.729794251865,12463.38898127164,397281
2024-04-24,12559.4951171875,12685.536297992028,12516.753987847487,12613.783088528475,296364
2024-04-25,12538.5869140625,12595.058046377548,12361.8480087205,12578.853995272297,640725
2024-04-26,12325.9462890625,12657.446601497668,12283.884551549289,12538.10080372195,704626
2024-04-29,12312.84765625,12608.738105168522,12228.578256520537,12419.773920811038,613937
2024-04-30,12436.7060546875,12609.90301437244,12361.702742888538,12406.141885331333,528776
2024-05-02,12424.916015625,12462.564066094386,12142.998142882543,12371.210785470366,814923
2024-05-03,12121.021484375,12448.833930244633,12042.670483605923,12437.14211282869,834990
2024-05-06,12069.740234375,12270.688062138628,12004.924987299655,12177.151633914784,342231
2024-05-07,11996.7255859375,12136.88430265038,11875.39089260407,12101.85717850638,604375
2024-05-08,12170.8935546875,12186.806706200447,11958.836644907838,12023.846142287866,399669
2024-05-09,12133.1494140625,12361.312768200622,12067.266277869905,12167.448820993315,504590
2024-05-10,12298.923828125,12319.736760020927,12129.60804507835,12133.489209159648,328670
2024-05-13,12297.3232421875,12330.847557087613,12106.855292430953,12283.885089730931,281421
2024-05-14,12433.50390625,12458.537226119612,12275.540710992662,12297.322987277255,331037
2024-05-15,12387.9970703125,12489.975230972897,12322.696670380225,12439.131599549171,232030
2024-05-16,12126.3583984375,12466.299490982447,11934.579992145398,12466.299490982447,914201
2024-05-17,12265.9345703125,12289.610051457641,11956.21747103361,12143.33867254892,809226
2024-05-21,12102.7314453125,12302.223858351857,12072.167276528224,12225.813436391169,443136
2024-05-22,12159.0556640625,12189.765753030953,11995.804204383485,12058.582221181601,280015
2024-05-23,12550.6181640625,12589.623106488694,12102.48867114802,12192.725739390446,768732
2024-05-24,12614.220703125,12646.773778942901,12430.398870802326,12482.794588468654,624801
2024-05-27,12522.6728515625,12670.54558554178,12397.408656925936,12636.537073993188,464953
2024-05-28,12437.7724609375,12600.15123650772,12419.967999209372,12507.051620851842,333806
2024-05-29,12408.712890625,12468.28819196506,12371.210762900271,12437.190553635739,353706
2024-05-30,12223.7275390625,12429.429256659043,12177.153565267055,12343.073346913325,524559
2024-05-31,12030.9296875,12258.026119389155,11963.688706905466,12223.726709618417,908304
2024-06-03,12105.4970703125,12443.982724304138,12034.083080456367,12443.982724304138,485936
2024-06-04,11814.3125,12222.950966838838,11217.971982015355,12222.368223661653,825928
2024-06-05,12131.1611328125,12239.348590506845,11764.876242412363,11818.145602844159,447581
2024-06-06,12296.9833984375,12312.99320047121,12097.588591290389,12139.844576239091,447536
2024-06-07,12430.3017578125,12446.893355435686,12208.540984463556,12208.540984463556,532480
2024-06-10,12339.724609375,12536.160219664464,12252.738586287805,12385.911031345775,293471
2024-06-11,12481.484375,12555.128894395766,12279.227023723193,12364.903530706451,358807
2024-06-12,12467.6083984375,12566.820654115416,12421.665498177726,12481.484317907123,302719
2024-06-13,12465.18359375,12555.566586956586,12361.11987532256,12555.566586956586,297240
2024-06-14,12463.58203125,12511.902333107917,12399.154330406245,12450.288855158919,216967
2024-06-18,12187.77734375,12497.348508401961,12169.438464201432,12495.796421768679,823306
2024-06-19,11878.3994140625,12249.924227678724,11837.550540806371,12235.3698622597,694871
2024-06-20,11788.55078125,11939.916180803479,11774.481561419709,11882.183864948145,907751
2024-06-21,11839.0068359375,11998.86229438283,11724.51248633781,11856.957221256096,947800
2024-06-24,11821.443359375,11923.905706583031,11683.273546502262,11819.114282031729,550862
2024-06-25,11756.6279296875,11874.227392179602,11713.401653757252,11838.909367173615,594272
2024-06-26,11835.8525390625,11957.720713228988,11709.181234794703,11757.016392992464,447931
2024-06-27,11816.931640625,11864.039079660852,11653.195032651647,11837.550324592015,1230852
2024-06-28,11676.3359375,11839.005602198617,11647.519052923335,11822.947475705103,1160395
2024-07-01,11748.9140625,11895.767220909509,11648.876495562652,11687.15466360971,1134926
2024-07-02,11684.826171875,11788.987480630305,11638.640698685056,11788.987480630305,687181
2024-07-03,11763.4697265625,11789.036517273427,11604.681213711126,11755.076329775107,467532
2024-07-04,11730.4306640625,11847.254089137503,11713.15967234507,11774.482258123146,299684
2024-07-05,11744.451171875,11776.85927190322,11664.74233079922,11710.588582824405,406926
2024-07-08,11666.390625,11752.164729422913,11610.502241766397,11744.402401332145,496933
2024-07-09,12446.6025390625,12574.923528852434,11899.69761641235,11958.83704469507,2114130
2024-07-10,12393.3330078125,12904.870625421896,12354.376391710013,12565.317091899418,2070520
2024-07-11,12337.4443359375,12539.846659898638,12317.892593230768,12419.724823382447,608983
2024-07-12,12189.28125,12293.490887228894,12104.38078358209,12245.072985074627,674746
2024-07-15,12268.310546875,12389.160096173713,12215.963160185382,12225.666069764558,697186
2024-07-16,12264.04296875,12417.785786630955,12207.960331375529,12267.390662632846,347810
2024-07-18,12268.4072265625,12303.289376093793,12092.736237717423,12257.685700961583,391216
2024-07-19,12152.2158203125,12332.399055024518,12125.193594007304,12274.181592923693,351955
2024-07-22,12265.69140625,12282.865746883519,12031.657021768215,12128.637799119944,249631
2024-07-23,12253.853515625,12356.607712816032,11992.796908355589,12342.101672676625,332258
2024-07-24,12116.267578125,12286.990487238663,12088.08081108774,12258.657797515965,285860
2024-07-25,12137.5654296875,12152.89583932014,12020.014285722744,12020.014285722744,396789
2024-07-26,12287.474609375,12364.515148020517,12021.129723737078,12099.52904883383,537693
2024-07-29,12372.7138671875,12394.20619160667,12228.577330329103,12331.428175129142,388263
2024-07-30,12491.1875,12583.510122993968,12332.302343804167,12380.91354539743,526539
2024-07-31,12726.142578125,12977.642196215069,12512.048436330037,12594.377249111896,836405
2024-08-01,12962.166015625,13273.581106908523,12722.455809487175,12995.10758514809,2040384
2024-08-02,12464.9462890625,12904.232201736035,12412.691749853531,12856.336432001819,1333355
2024-08-05,11950.1923828125,12233.40239737403,11780.55141100469,12233.40239737403,1131415
2024-08-06,11881.875,12296.969102749214,11861.208866737947,12135.45647059316,623565
2024-08-07,12117.337890625,12194.225173849676,12013.907736810597,12144.272926149568,433514
2024-08-08,11967.8232421875,12138.102208666829,11902.494304856154,12116.8478262885,358577
2024-08-09,11973.0634765625,12135.457052764428,11944.560739608924,12135.457052764428,320211
2024-08-12,12021.10546875,12115.867814021347,11851.414757450146,11949.360333957997,291212
2024-08-13,11926.0986328125,12086.533300853855,11872.963155893902,12083.546151976823,464483
2024-08-14,11954.89453125,11987.558998113867,11880.798320706039,11987.558998113867,449827
2024-08-16,11962.38671875,12090.352995072159,11862.188586836888,12061.948778325543,552732
2024-08-19,11900.19140625,11992.505111666474,11877.6639237611,11944.462997919445,277319
2024-08-20,11964.00390625,12057.100989446128,11900.485623238368,11910.672346235551,471927
2024-08-21,11969.8798828125,11997.304643683165,11926.881392990379,11964.003148340214,295984
2024-08-22,12024.1416015625,12071.792507936134,11930.75087538905,12027.716997765172,501316
2024-08-23,12049.55859375,12120.814001406485,12002.643236010752,12047.306036766659,440809
2024-08-26,11992.2607421875,12081.097574617446,11970.908797030641,12071.792744510116,232805
2024-08-27,12240.1611328125,12272.58073603564,11973.94429067298,11993.435842997318,477609
2024-08-28,12103.625,12262.737785372385,12076.68996560793,12243.197450940725,313227
2024-08-29,12197.9462890625,12223.608221982326,11998.333390968228,12089.422779160885,608598
2024-08-30,12148.1904296875,12311.759550203327,12063.173856551692,12204.019410941404,2271179
2024-09-02,12172.0888671875,12267.68336654969,12096.670773836257,12118.80609136282,331514
2024-09-03,12142.4111328125,12218.025311979773,12105.976142200636,12217.731666539317,445514
2024-09-04,12082.810546875,12143.291937189684,11982.758763131062,12071.840451582757,735076
2024-09-05,12045.9345703125,12115.86809616758,11978.744285863339,12083.546055167295,595865
2024-09-06,11935.7958984375,12052.056538827588,11846.224472586562,11998.333769813293,733354
2024-09-09,11896.224609375,11968.801897446296,11853.373420550914,11946.911444155492,415790
2024-09-10,12011.4580078125,12035.601018111278,11849.455644423406,11900.484906316351,285122
2024-09-11,11991.0849609375,12080.607601913847,11915.079574937728,12008.127874125488,349799
2024-09-12,12146.083984375,12171.697135954175,11901.70976409492,12010.18449313708,547830
2024-09-13,12063.0263671875,12140.354593595517,12038.539972283112,12110.970919710251,361093
2024-09-16,12036.5322265625,12109.99141095441,12004.210185430058,12068.805486205305,170114
2024-09-17,11994.1708984375,12032.614538701564,11902.004489983958,12032.614538701564,568161
2024-09-18,11953.3759765625,12084.476707432072,11919.976916856353,11988.58760337281,182282
2024-09-19,12097.748046875,12155.046209911246,11955.629396029457,12008.079061662678,465608
2024-09-20,12355.3447265625,12444.132774108532,12106.122016282497,12106.465399699524,875654
2024-09-23,12422.53515625,12487.081674416942,12365.629158327234,12365.629158327234,235586
2024-09-24,12476.8955078125,12516.41712399162,12324.590128025151,12324.590128025151,425916
2024-09-25,12522.6357421875,12552.90130826725,12351.91679172255,12465.778525687956,341172
2024-09-26,13108.8408203125,13135.482210338978,12566.418369894049,12571.315649071716,1471069
2024-09-27,13218.3427734375,13263.447476390027,13001.736705990723,13108.05643744988,865698
2024-09-30,12966.03515625,13222.652561517978,12937.33729421273,13069.416518866214,415743
2024-10-01,12895.5146484375,13027.202667816024,12732.973772350351,12966.035463771505,388888
2024-10-03,12387.51953125,12877.884444353846,12333.600682493545,12675.185881760992,863520
2024-10-04,12346.7744140625,12613.283943055829,12255.440164683341,12429.195998649067,679362
2024-10-07,12270.1318359375,12388.15625311814,12123.703202173967,12366.657008232172,465500
2024-10-08,12274.4912109375,12370.624223077895,12206.026868437273,12245.401182598354,387060
2024-10-09,12498.5419921875,12586.00720504399,12282.86563072795,12297.018958534754,465231
2024-10-10,12678.1728515625,12698.643859435231,12450.351825623675,12535.95664118267,492698
2024-10-11,12514.1640625,12713.336012577876,12463.57478891013,12678.173167508661,274243
2024-10-14,12280.26953125,12536.054796266119,12206.271836788737,12512.547857043493,488067
2024-10-15,12191.041015625,12447.903289419175,12101.175949388144,12447.903289419175,532135
2024-10-16,12129.482421875,12199.072561479732,11979.723255385923,12159.012438781287,418138
2024-10-17,11894.265625,12164.937835748018,11822.030764282037,12145.251158003088,875937
2024-10-18,11856.41015625,11891.817866420903,11601.115572988756,11822.031639880597,506871
2024-10-21,11925.755859375,11998.333149130238,11699.158193715848,11896.028802938312,375275
2024-10-22,11678.3447265625,12037.315264282477,11596.756252672621,11964.982838667867,904901
2024-10-23,11710.5693359375,11870.906437708774,11511.984677427668,11678.344858319224,412638
2024-10-24,11522.0244140625,11752.441391578493,11397.82960961739,11752.441391578493,552495
2024-10-25,11266.5322265625,11551.99479709372,11204.973815082167,11521.925314174621,624582
2024-10-28,11247.3359375,11393.66701820913,11204.97447368994,11268.44301891927,613830
2024-10-29,10819.0693359375,11247.091543053622,10521.755703507268,11214.769499953321,2268683
2024-10-30,11025.1953125,11283.330694510656,10720.143615574578,10753.445112416015,1672966
2024-10-31,10848.8935546875,11016.47806205463,10822.986757077608,10994.391524723635,838211
2024-11-01,10881.75390625,10979.258539555547,10852.370232335734,10920.932138135688,65670
2024-11-04,10825.38671875,11062.953537681522,10636.890254025793,11062.953537681522,444462
2024-11-05,10940.6181640625,11043.36345365024,10785.669031402653,10815.150266537112,321159
2024-11-06,11120.9853515625,11195.179123972026,10943.066833540946,10988.513962540872,416027
2024-11-07,11067.998046875,11151.10449045116,10956.780073516096,11072.895325966107,530194
2024-11-08,11070.7890625,11110.946750862604,10897.033218545786,11029.162190416815,269993
2024-11-11,11165.501953125,11281.518678516917,11077.644580668026,11098.702879384591,450681
2024-11-12,10914.173828125,11280.2951809503,10879.060719375622,11158.009547218846,549747
2024-11-13,10822.5947265625,10913.928982456777,10641.101753066656,10911.13791594895,507710
2024-11-14,10779.9384765625,10889.295090713842,10668.329305546586,10827.883025537712,431348
2024-11-18,10866.033203125,10953.20476402553,10690.759407070558,10725.040357986498,333440
2024-11-19,10734.1494140625,10965.252193975348,10672.5422201143,10862.164474324969,864067
2024-11-21,10638.310546875,10733.072896920517,10548.739121345965,10696.784250296074,540201
2024-11-22,10836.306640625,10878.472977370246,10604.81264843378,10680.965335719631,493678
2024-11-25,10798.6474609375,11016.870021169592,10764.267988569149,10971.863836005637,635726
2024-11-26,10719.115234375,10850.362308399648,10667.693806119074,10798.647234710788,406586
2024-11-27,10831.1650390625,10888.512943341739,10646.684915332818,10711.329000375317,343332
2024-11-28,10724.8935546875,10852.957398694525,10664.314596929218,10833.173157019086,607669
2024-11-29,10846.689453125,10901.440457644878,10695.657179672524,10724.992071753726,338207
2024-12-02,11008.396484375,11097.23330949411,10921.910735584184,10921.910735584184,446880
2024-12-03,11047.52734375,11076.666155149389,10972.843835541482,11018.87826027329,258644
2024-12-04,10901.1953125,11067.850092735207,10877.835675213912,11049.240433287245,554674
2024-12-05,10952.51953125,11038.466777007086,10804.376842694337,10906.19146358346,545501
2024-12-06,11085.431640625,11142.240075373416,10892.527635123306,10969.904641073736,417214
2024-12-09,11048.0654296875,11135.335516063671,11021.375258924552,11089.398656077241,254485
2024-12-10,10968.1416015625,11081.904813342664,10940.520758035458,11043.363612072497,410569
2024-12-11,11046.0576171875,11088.271779448103,10990.081335776002,10999.191039890064,226584
2024-12-12,10937.974609375,11067.213031382864,10850.655745990221,11067.213031382864,396561
2024-12-13,11040.9638671875,11058.055561547597,10806.922721376315,10908.5909947505,263579
2024-12-16,11045.3232421875,11096.695891060643,10974.802423402585,11024.31372362453,223389
2024-12-17,10880.333984375,11040.86717921354,10832.487949172279,11031.611130221962,295445
2024-12-18,10776.4130859375,10870.048672846875,10744.727118589686,10857.266966635361,497103
2024-12-19,10730.28125,10808.687455892295,10629.49581706357,10664.31528118665,435360
2024-12-20,10677.095703125,10849.431130262235,10642.717189573212,10715.245695140278,404608
2024-12-23,10599.669921875,10764.022402252249,10534.438552784184,10703.492229370726,237165
2024-12-24,10516.0244140625,10663.775890536412,10504.66310975582,10599.670319233332,151149
2024-12-26,10672.150390625,10749.331316320382,10548.738959896407,10549.228687796123,349811
2024-12-27,10716.2744140625,10904.28114134386,10688.408705968219,10704.961891163002,257973
2024-12-30,10577.09375,10725.04034816029,10529.246763222744,10716.274027991296,335481
2024-12-31,10635.3232421875,10669.89784063036,10529.737141739044,10543.841687860117,198997
2025-01-01,10978.0341796875,11042.335835134803,10578.318652934531,10634.931006502487,383202
2025-01-02,11598.029296875,11615.51315608677,10995.37035918793,11053.158249014412,1417042
2025-01-03,11689.0703125,11802.246238225356,11545.77612110153,11606.502380344884,701315
2025-01-06,11514.1396484375,11733.782605684788,11450.52380463716,11683.927924204667,383268
2025-01-07,11480.4951171875,11582.995549614081,11433.873403545198,11514.139997934453,308104
2025-01-08,11579.1259765625,11616.296513896164,11484.41241341907,11485.098223749947,303100
2025-01-09,11499.349609375,11606.551238059401,11420.112208999863,11579.126475640356,266413
2025-01-10,11392.1474609375,11518.399690484983,11332.303096846195,11449.83778756543,218246
2025-01-13,11261.48828125,11415.017966152169,11232.398254915957,11232.887982778486,253524
2025-01-14,11499.9375,11543.424762301236,11294.104487272578,11296.994073094904,627463
2025-01-15,11701.951171875,11941.917854447976,11617.325804073815,11646.268533059687,692822
2025-01-16,11843.873046875,11884.71654457919,11710.569496582448,11735.300755256472,551211
2025-01-17,11887.017578125,11939.468199483941,11757.680635796332,11853.276092256992,285370
2025-01-20,11773.107421875,11897.498307676075,11737.847013301467,11897.498307676075,251731
2025-01-21,11639.55859375,11890.396831013222,11618.352993969162,11770.16863660401,300038
2025-01-22,11773.4013671875,11830.699532578903,11655.57302350309,11655.57302350309,396590
2025-01-23,11798.279296875,11857.585152224343,11715.564066111243,11758.366474398386,480876
2025-01-24,11722.029296875,11844.558833239631,11669.333810329901,11684.907539944497,310343
2025-01-27,11747.4453125,11799.406206776399,11568.400987396612,11657.385118819699,251783
2025-01-28,11874.6767578125,11914.785662442275,11640.782913870418,11771.441738217156,533451
2025-01-29,11731.8232421875,12067.58047716984,11640.880203205068,11871.00351966553,817549
2025-01-30,11753.4697265625,11862.042020561696,11678.14919213152,11774.038298583984,418442
2025-01-31,12057.7373046875,12135.456735807235,11753.468993517903,11753.468993517903,709009
2025-02-01,12651.140625,12879.84355040065,11977.422347056716,12066.895250261294,1101170
2025-02-03,12870.0,13184.650165224746,12656.184997312213,12723.130416402922,926127
2025-02-04,12840.6171875,12987.535562431256,12705.011336138485,12977.789785594181,530749
2025-02-05,12817.9423828125,12879.844182655725,12736.353903358458,12840.665949400498,271633
2025-02-06,12805.4052734375,12860.254798855314,12739.58565163616,12791.692892083047,414134
2025-02-07,12781.408203125,12839.196094154111,12744.678611369209,12791.692488816621,355223
2025-02-10,12635.7138671875,12791.692196614053,12621.9039236027,12781.897639036248,294142
2025-02-11,12462.9375,12749.820474308992,12438.549625509431,12634.930505119099,354195
2025-02-12,12395.55078125,12503.094829179954,12349.026634042164,12439.087779779175,425735
2025-02-13,12410.9775390625,12483.114838146206,12355.589507318882,12414.601716662384,186742
2025-02-14,12419.744140625,12517.44485457207,12325.56908488212,12439.08839225863,233454
2025-02-17,12500.6962890625,12511.567865387426,12319.692099600625,12342.70930993698,192210
2025-02-18,12523.517578125,12620.238835570446,12473.516552284804,12502.704142978511,267936
2025-02-19,12425.5234375,12506.818267969189,12391.095183924275,12465.533823871967,288694
2025-02-20,12185.06640625,12390.115082344877,12125.662033156488,12390.115082344877,423739
2025-02-21,12070.2744140625,12183.058172208539,11993.435917517201,12164.840677465385,477013
2025-02-24,12091.5771484375,12177.083442926207,11969.046661912673,11996.716286466277,399571
2025-02-25,12220.033203125,12250.446071450911,12096.27934321359,12134.233256132578,363355
2025-02-27,12126.25,12292.170193821703,12059.059715245643,12274.246344121906,236805
2025-02-28,11700.4306640625,12085.01433294775,11569.037253866622,12085.01433294775,605149
2025-03-03,11533.6787109375,11811.697798603154,11516.195808454719,11641.811007998365,186884
2025-03-04,11377.6025390625,11483.383757116411,11352.871282063785,11449.837398613205,255726
2025-03-05,11378.6796875,11586.961331911474,11330.68635653942,11366.583791786363,349730
2025-03-06,11426.7236328125,11488.526911760988,11244.152687413458,11460.612421204256,315309
2025-03-07,11424.51953125,11501.063426639961,11362.666516076151,11410.659849348089,259055
2025-03-10,11348.0234375,11457.576140286012,11296.700528577932,11361.687036917629,153894
2025-03-11,11407.6728515625,11451.797143783533,11273.53618927031,11341.608366955305,245822
2025-03-12,11400.962890625,11483.090832026863,11285.289545115374,11382.05958529063,249361
2025-03-13,11277.2578125,11444.940833990733,11253.702092198975,11395.77196234278,260736
2025-03-17,11316.337890625,11511.494445372875,11220.987301143197,11277.257224288893,275569
2025-03-18,11316.337890625,11316.337890625,11316.337890625,11316.337890625,0
2025-03-19,11376.91796875,11473.78653288494,11309.776462939504,11459.63320484907,476555
2025-03-20,11489.2119140625,11523.296782518748,11349.933116517403,11459.534596436795,379421
2025-03-21,11491.7587890625,11676.778371801389,11465.313482531255,11537.989294002266,560565
2025-03-24,11677.3173828125,11743.675515940522,11500.81924922959,11537.941008147636,359033
2025-03-25,11625.0634765625,11827.17380088901,11557.578588475626,11705.86858110057,514283
2025-03-26,11493.2275390625,11625.062858324825,11469.426955382454,11564.434164150352,478517
2025-03-27,11481.1318359375,11653.564834169869,11398.906332162458,11531.280163017378,645787
2025-03-28,11285.4365234375,11504.638530366128,11165.893183198375,11458.701672802326,541795
2025-04-01,11245.228515625,11308.599491058445,11058.054912940306,11244.151496949045,498244
2025-04-02,11475.4013671875,11490.975096534334,11175.639120003452,11245.229261179526,452994
2025-04-03,11447.9765625,11560.467631188983,11372.509686986705,11391.5602929462,326624
2025-04-04,11246.111328125,11391.070784366291,11097.234048742053,11361.687110803867,355785
2025-04-07,11096.98828125,11125.147632787848,10832.241595308886,10877.442902225464,602353
2025-04-08,11223.4853515625,11313.05581051266,11058.103682006953,11293.124269531889,629968
2025-04-09,11222.017578125,11301.647145583232,11190.28282672106,11224.661343658801,255114
2025-04-11,11360.7568359375,11438.819656079553,11244.152811884258,11244.495238821275,231420
2025-04-15,11611.4482421875,11694.701983274463,11440.043481126108,11547.783616650411,458593
2025-04-16,11424.3720703125,11526.235470116384,11376.378737712594,11526.235470116384,470494
2025-04-17,11454.7353515625,11487.057392315091,11288.227868897633,11424.372222370672,302146
2025-04-21,11503.7080078125,11527.214946270355,11349.93345206737,11454.735219358638,318493
2025-04-22,11492.93359375,11545.824203436594,11376.378361292505,11528.19400020773,516753
2025-04-23,11662.3798828125,11725.065052250646,11488.036755312658,11556.598659385629,493839
2025-04-24,11649.646484375,11792.647021344796,11614.386077998886,11694.701448077813,387863
2025-04-25,11457.673828125,11798.524442946979,11359.728249153168,11657.482809227538,906266
2025-04-28,11602.6328125,11651.605599991559,11057.07595984404,11193.220309070573,457303
2025-04-29,11597.736328125,11694.702453999875,11499.79074643321,11569.332109434381,455596
2025-04-30,12005.189453125,12071.792445930132,11557.578163243452,11582.064557657104,967250
2025-05-02,12150.1484375,12465.533185333536,11998.332798014913,12005.188988185208,707908
2025-05-05,12202.060546875,12233.40313296426,12108.032788607221,12233.40313296426,270014
2025-05-06,12322.533203125,12340.163407214997,12116.847488741703,12182.471026187803,414921
2025-05-07,12373.46484375,12408.725251758788,12101.176137459926,12101.176137459926,303619
2025-05-08,12137.416015625,12338.204450357338,12076.689757315708,12301.9645865276,485326
2025-05-09,11998.333984375,12106.074126275511,11866.10744658801,11885.696563297193,278112
2025-05-12,12356.814453125,12370.526834414137,12170.717849915285,12170.717849915285,185165
2025-05-13,12225.56640625,12439.087755117369,12174.634708355032,12341.142182242429,378269
2025-05-14,12409.7041015625,12456.717976611828,12156.02506744216,12228.504791476544,306050
2025-05-15,12685.9111328125,12755.452492481252,12290.211001739595,12341.142701778683,561496
2025-05-16,12728.02734375,12817.157816107157,12646.732517314353,12683.951835441516,425275
2025-05-19,12722.150390625,12777.97936685609,12664.362502947206,12723.129846348353,244277
2025-05-20,12378.3623046875,12742.719859470199,12350.937542499554,12737.822580508066,361111
2025-05-21,12355.833984375,12544.868939506541,12335.265414127527,12414.60132793921,209104
2025-05-22,12189.3271484375,12351.916807468488,12140.354359572746,12351.916807468488,434848
2025-05-23,12197.1630859375,12238.300229566295,12167.779411916934,12194.224718535444,169465
2025-05-26,12165.8203125,12281.396095196642,12136.436638933057,12199.121809209202,214703
2025-05-27,12158.9638671875,12222.628491915,12037.51135232273,12165.820057542769,344679
2025-05-28,12077.6689453125,12159.943228939639,12052.203095618386,12158.963773182173,178181
2025-05-29,12137.416015625,12172.676423675557,12014.004587448051,12086.48431510753,191097
2025-05-30,12065.916015625,12233.402957639115,11999.313021139855,12137.416289116405,351353
2025-06-02,12037.5107421875,12065.914957933914,11882.75673915531,11911.160954901723,264972
2025-06-03,11878.83984375,12096.279029544237,11812.236849903118,12020.86093357056,369114
2025-06-04,11913.1201171875,11993.43548754098,11878.83916642687,11878.83916642687,205846
2025-06-05,11876.880859375,12005.189567323056,11769.140722930068,11949.360587528863,319783
2025-06-06,12205.9775390625,12277.477808710355,11851.41455806903,11889.613332264458,456129
2025-06-09,12377.3828125,12399.910295659573,12209.895872487537,12248.094648279854,323443
2025-06-10,12262.787109375,12482.185217402157,12204.99921484999,12399.910926891973,325292
2025-06-11,12196.18359375,12301.96481990845,12171.697198805916,12213.813798109742,306061
2025-06-12,12135.45703125,12233.402608580507,12054.162202065678,12203.03947960805,347339
2025-06-13,12153.087890625,12169.738639669215,11925.854138962766,11949.361078789892,385493
2025-06-16,12272.5810546875,12308.82091893518,12082.566631334796,12149.16962508729,184242
2025-06-17,12336.24609375,12355.835210214867,12213.814115844581,12271.60200941594,226597
2025-06-18,12486.1025390625,12615.39070466936,12292.170290652211,12360.732196655848,467738
2025-06-19,12542.9111328125,12561.520793246938,12452.801198077317,12488.061607321519,339117
2025-06-20,12528.21875,12625.184871198499,12466.513036510045,12545.848953854273,652128
2025-06-23,12438.109375,12523.32203077014,12405.787333156155,12508.630193568391,192037
2025-06-24,12351.9169921875,12590.904205421482,12295.108556254832,12566.41781062292,332717
2025-06-25,12504.7119140625,12543.890145171023,12357.793547405543,12423.417084512317,316536
2025-06-26,12453.7802734375,12584.047892499017,12428.314423094647,12517.444899294633,354735
2025-06-27,12382.279296875,12536.053845966075,12361.71072661441,12488.060515358033,346403
2025-06-30,12145.2509765625,12414.601300639491,12078.64798733619,12406.76565484816,448956
2025-07-01,12186.388671875,12203.03941993977,12066.895068116059,12194.224318023127,283481
2025-07-02,12362.6904296875,12383.259000359616,12105.093568412914,12125.66213908503,609735
2025-07-03,12490.01953125,12556.622521222162,12331.347702198675,12370.525931594064,606221
2025-07-04,12386.1982421875,12486.102735363454,12348.97892120038,12453.780693453587,225607
2025-07-07,12262.787109375,12409.705485286042,12214.79377324406,12387.178000979682,220116
2025-07-08,12158.9638671875,12297.067130057923,12105.093800110384,12267.68345710677,241050
2025-07-09,12213.8134765625,12282.375380600943,12174.63524568339,12179.53252454328,174203
2025-07-10,12390.115234375,12409.70434937006,12146.230752686512,12243.196871912056,277325
2025-07-11,12315.6767578125,12424.396347451213,12263.76560239942,12380.320838138221,194420
2025-07-14,12256.91015625,12356.814650091897,12175.615323025711,12331.348798720433,246737
2025-07-15,12278.4580078125,12339.184267902192,12224.587938378096,12224.587938378096,147377
2025-07-16,12305.8828125,12312.739003178725,12183.450836094198,12278.4580497851,204480
2025-07-17,12219.6904296875,12367.588253900614,12206.95750442412,12310.779818110146,189207
2025-07-18,12163.861328125,12269.642552332867,12115.86799491958,12267.68364077346,124068
2025-07-21,12150.1484375,12221.648706418784,12088.442725967352,12175.61428670395,232066
2025-07-22,12235.3623046875,12272.581626459683,12065.916445040451,12193.245703734765,169006
2025-07-23,12367.587890625,12457.697820611338,12282.375239442266,12282.375239442266,342005
2025-07-24,12299.0263671875,12400.889769448191,12261.80704713071,12388.156844165604,157163
2025-07-25,12149.169921875,12299.026661478909,12103.135498597983,12287.273191706054,260700
2025-07-28,12086.484375,12277.478252886953,12049.265055206644,12116.847504305106,292879
2025-07-29,12212.833984375,12250.053303599176,12015.963374794492,12086.484190166613,285115
2025-07-30,12358.7734375,12383.259832803336,12164.841186697575,12175.615200631042,203847
2025-07-31,12348.978515625,12497.855794683932,12207.93688283233,12249.074025730191,709783
2025-08-01,12179.6787109375,12651.935802883296,12150.96706383807,12396.501149378022,346024
2025-08-04,12242.052734375,12301.456144327487,12103.444777819197,12203.440517905883,255693
2025-08-05,12412.341796875,12451.944067902758,12247.002315334112,12276.704018604929,233560
2025-08-06,12399.4716796875,12493.527078088195,12358.87934985141,12445.014293649941,151608
2025-08-07,12506.3974609375,12528.178710473649,12305.415931126678,12400.461383648051,173393
2025-08-08,12464.8154296875,12598.473101093998,12439.073952231432,12504.417702696832,247048
2025-08-11,12471.74609375,12607.383881702985,12357.889556417202,12459.865411593533,187230
2025-08-12,12712.3291015625,12830.145858812184,12480.655814197577,12494.516609168128,504476
2025-08-13,12706.388671875,12796.483838552624,12625.20401618747,12712.329012535063,252065
2025-08-14,12807.375,12827.176136363638,12697.478693181818,12736.09090909091,318580
2025-08-18,13928.119140625,13984.552378541948,13528.13619117856,13566.748406595421,2154781
2025-08-19,14108.3095703125,14128.110706551535,13840.004174273576,13930.099344161184,906623
2025-08-20,14079.59765625,14219.195664092715,14058.806463592575,14219.195664092715,391425
2025-08-21,14138.01171875,14257.808596759016,14015.244670211834,14077.618251323967,513460
2025-08-22,14206.3251953125,14227.11638836439,14088.508434685125,14206.3251953125,458935
2025-08-25,14308.30078125,14334.042257883857,14138.0110127491,14257.807884775895,357110
2025-08-26,14567.6962890625,14677.59259788987,14247.907930943213,14308.301397956453,962974
2025-08-28,14605.318359375,14746.896486096164,14479.581141937322,14746.896486096164,666635
2025-08-29,14643.9306640625,14702.344017397614,14545.915037279849,14603.338333778776,621560
2025-09-01,14738.9755859375,14789.46848275236,14508.292351469612,14642.940076309238,572927
2025-09-02,14694.4228515625,14785.508076083708,14636.009501054335,14711.253816963159,379167
2025-09-03,14778.578125,14841.941761363638,14603.33806818182,14727.095170454546,561656
2025-09-04,14516.212890625,15088.465724534512,14484.531072830703,15088.465724534512,784369
2025-09-05,14746.896484375,14808.280007841347,14554.825459335138,14593.43767570913,473806
2025-09-08,15106.287109375,15166.680575993947,14702.343922808937,14772.63795772607,691077
2025-09-09,15212.22265625,15231.03373535633,15049.853341858527,15097.376068021886,605860
2025-09-10,14957.7783203125,15231.034000508836,14922.1362750695,15213.212977887337,489062
2025-09-11,14944.9072265625,15039.952678284924,14888.473989602311,14960.748135182905,657161
2025-09-12,15172.62109375,15220.143822134993,15002.331317037113,15009.26171492659,420101
2025-09-15,15113.216796875,15225.093213386424,15097.375888342409,15197.37162345439,170587
2025-09-16,15418.154296875,15438.94548933852,15132.027886305626,15147.868794849259,381944
2025-09-17,15643.8876953125,15660.718661126077,15415.184571610382,15436.965821486774,624986
2025-09-18,15659.728515625,15780.515446073647,15546.862039632002,15757.744139513658,642175
2025-09-19,15706.26171875,15900.312859501071,15653.788706199965,15840.90944906707,652443
2025-09-22,15658.73828125,15840.908731664138,15622.106179808026,15721.111859380928,302234
2025-09-23,15936.9443359375,16162.677286710548,15871.600587029514,15959.715642375133,873114
2025-09-24,16087.43359375,16212.180755594574,15903.283021503246,16027.040126507785,663647
2025-09-25,16107.234375,16207.230113636364,15907.242897727274,16087.433238636364,490262
2025-09-26,16124.0654296875,16271.583896408822,16040.900656502326,16073.572531682215,490957
2025-09-29,15825.068359375,16177.528590602322,15791.406427179132,16137.926317430713,627326
2025-09-30,15869.62109375,15894.372514758406,15762.694954993683,15826.058592775204,390006
2025-10-01,15806.2568359375,15948.825015353408,15692.400303765071,15866.650300828962,426075
2025-10-03,15648.837890625,15865.66033134668,15579.533914138618,15790.416014018609,470216
2025-10-06,15838.9287109375,15897.342062227994,15551.812238492703,15682.499736295162,268497
2025-10-07,15947.8349609375,15998.327857821521,15818.137519921682,15854.769621582638,330326
2025-10-08,15852.7900390625,16074.562770061128,15820.118163513596,15947.835495204768,306518
2025-10-09,15826.05859375,15915.163709385752,15695.371090817564,15910.213425183765,300499
2025-10-10,16103.2744140625,16152.777255790328,15752.794294629475,15821.10821621388,423031
2025-10-13,16160.697265625,16268.613457621148,16056.741300858068,16102.283913994057,337617
2025-10-14,16099.3134765625,16187.428530951163,15960.705525838759,16187.428530951163,307925
2025-10-15,16050.80078125,16217.130323024612,16038.920099694671,16137.925779322415,266435
2025-10-16,16135.9462890625,16169.608221436296,16038.920719279206,16084.463333667283,265727
2025-10-17,16237.921875,16384.45028409091,16135.946022727274,16135.946022727274,411608
2025-10-20,16260.693359375,16353.758701300307,16217.130858899323,16335.93767837844,374246
2025-10-21,16232.9716796875,16312.176225575216,16167.627929330134,16289.404918632497,28990
2025-10-23,16230.0009765625,16494.34613978718,16177.527966634005,16494.34613978718,481753
2025-10-24,16112.1845703125,16259.703035408762,16038.920366170732,16229.011274214237,208520
2025-10-27,16225.05078125,16246.83203077328,16113.174363244065,16187.428622982517,209829
2025-10-28,16148.81640625,16330.986856789514,16099.31356642948,16235.941404334115,383383
2025-10-29,15977.537109375,16264.653589838425,15886.451881090052,16197.329725453897,232815
2025-10-30,16044.8603515625,16113.174270127094,15917.143025550433,16029.019442909841,230383
2025-10-31,16025.0595703125,16351.778318502487,15790.416105703329,16042.880592941045,719402
2025-11-03,15495.37890625,15939.914407426044,15375.582033995432,15856.74963660469,942850
2025-11-04,15221.1337890625,15477.55850945844,15202.322709187894,15451.817031735296,748848
2025-11-06,15298.357421875,15379.542078139157,15156.77930180458,15379.542078139157,429800
2025-11-07,15325.08984375,15344.890980572469,15108.267395543962,15305.288706927531,227247
2025-11-10,15428.0556640625,15491.419301519985,15227.074126502037,15227.074126502037,274191
2025-11-11,15489.4384765625,15524.090464205818,15357.760923517897,15484.488192613455,181524
2025-11-12,15539.931640625,15574.583628865435,15400.333630856388,15518.15039087387,244015
2025-11-13,15592.404296875,15642.897192877326,15504.28924306702,15505.27929985138,250711
2025-11-14,15528.05078125,15578.543677822541,15417.164420149515,15568.643109867142,253698
2025-11-17,15720.1220703125,15733.982865688766,15499.33940110481,15533.001332732889,301069
2025-11-18,15771.60546875,15839.919390742702,15593.395237464689,15720.122513045355,392903
2025-11-19,15611.2158203125,15791.406160196879,15558.74280924727,15791.406160196879,286434
2025-11-20,15643.8876953125,15665.668945188892,15462.707298613419,15652.79820662557,249492
2025-11-21,15818.1376953125,15989.417523896656,15580.524060282458,15632.997071351592,586351
2025-11-24,15799.326171875,15925.063383544892,15752.793502989292,15845.858840760708,525788
2025-11-25,15731.0126953125,15890.411842140198,15684.480025120563,15799.326615381513,214525
2025-11-26,15995.357421875,16048.820488276415,15791.405724121458,15791.405724121458,314946
2025-11-27,15744.873046875,16010.208265171077,15717.151456903768,16005.257981247642,339986
2025-11-28,15741.9033203125,15889.42178538964,15692.400479682585,15747.843661188088,352340
2025-12-01,15936.9443359375,16016.148880068395,15693.390362735001,15816.157406137887,434052
2025-12-02,16077.5322265625,16099.313475961131,15934.96404868055,15966.645865987648,383165
2025-12-03,15922.09375,16086.443181818182,15850.80965909091,16057.73153409091,264397
2025-12-04,15834.96875,15974.566761363638,15729.032670454546,15898.332386363638,248812
2025-12-05,16120.10546875,16175.548651789553,15820.11824623242,15840.909439872252,332032
2025-12-08,16026.0498046875,16094.36372552048,15933.974520086527,16038.920543395163,220513
2025-12-09,15860.7099609375,16064.66166205817,15826.057972883018,15891.401721785756,276388
2025-12-10,15859.7197265625,15964.665746352475,15766.654388258181,15930.013758685973,293374
2025-12-11,16086.443359375,16133.966087172268,15824.07829966092,15889.422050382162,268701
2025-12-12,16357.71875,16371.579545454546,16085.453125,16086.443181818182,404711
2025-12-15,16251.7822265625,16335.937053809397,16197.329103049802,16335.937053809397,225221
2025-12-16,16191.388671875,16287.424180079224,16157.72674116424,16236.931284013086,156134
2025-12-17,16234.951171875,16326.036396159212,16194.358843661385,16226.04066080372,257406
2025-12-18,16166.6376953125,16322.07661491346,16059.711559536043,16276.53400152719,213981
2025-12-19,16250.79296875,16311.186435978814,16166.638137365588,16166.638137365588,360190
2025-12-22,16483.455078125,16527.017575778762,16250.791738383312,16300.294576626224,271590
2025-12-23,16420.091796875,16553.74946299367,16393.360263651266,16542.85883834696,215650
2025-12-24,16536.91796875,16553.748933574807,16377.518831291534,16474.544393222775,258486
2025-12-26,16430.982421875,16536.91849798615,16351.77787898816,16536.91849798615,212925
2025-12-29,16377.51953125,16516.12748279002,16334.94708899128,16434.94282545944,251796
2025-12-30,16481.4765625,16650.776285704633,16318.117180460444,16410.1924685191,1055843
2025-12-31,16530.978515625,16609.19300342127,16416.13192594946,16416.13192594946,314427
2026-01-01,16541.869140625,16630.97425330493,16436.923119024195,16533.948686164564,171293
2026-01-02,16791.36328125,16829.975496342497,16556.719820303286,16583.451353828863,388562
2026-01-05,16984.423828125,17197.28603290768,16811.16389399956,16855.71644848896,305668
2026-01-06,17120.0625,17133.923295454548,16971.553977272728,16999.27556818182,192182
2026-01-07,16641.865234375,17077.49023902281,16359.69903818267,17058.679159276653,427979
2026-01-08,16498.306640625,16640.874820908844,16376.529653299214,16640.874820908844,238421
2026-01-09,16336.927734375,16537.909270650263,16253.762960743856,16497.316940663633,286302
2026-01-12,16417.12109375,16449.792966629855,16109.213443276218,16292.373942754191,288686
2026-01-13,16262.6728515625,16559.68988890992,16130.995298338476,16496.326254275806,312205
2026-01-14,15991.3974609375,16248.812229377554,15930.013939232564,16227.030979740319,240043
2026-01-15,15991.3974609375,15991.3974609375,15991.3974609375,15991.3974609375,0
2026-01-16,15701.310546875,16035.949740067745,15613.195493046142,15840.908553502743,703056
2026-01-19,16015.1591796875,16080.502930049728,15655.768552695255,15701.31116658408,385141
2026-01-20,15721.1123046875,16071.592420303054,15692.40065679809,16038.920545118553,289609
2026-01-21,15613.1962890625,15814.177826581821,15519.140889730797,15519.140889730797,345738
2026-01-22,15608.24609375,15812.197802935696,15557.75319487393,15791.406609280844,352320
2026-01-23,15315.1884765625,15688.439886198808,15285.486772877914,15661.70835288268,338669
2026-01-27,15093.416015625,15234.00408215296,14863.722836508896,15147.869139984421,565768
2026-01-28,14729.0751953125,15141.928886005873,14287.509857064912,15010.251329981369,1584483
2026-01-29,14357.8037109375,14722.144613269937,14210.285247764856,14722.144613269937,716545
2026-01-30,14453.83984375,14533.044391150508,14157.812847840605,14357.804330026886,946509
2026-02-02,14240.9775390625,14302.361062937769,13918.219010298986,14109.29997978168,621514
2026-02-03,14635.01953125,15129.05787153506,14338.00249300247,15048.863271208227,638870
2026-02-04,14921.146484375,15019.162110541354,14576.606707547817,14652.84108345498,451065
2026-02-05,14909.265625,14999.360795454546,14751.846590909092,14939.957386363638,374759
2026-02-06,14847.8818359375,14967.678708788631,14723.134679084254,14934.016777574265,276529
2026-02-09,14829.0712890625,14975.599700785111,14756.797140037159,14974.609643949147,200034
2026-02-10,14995.400390625,15196.381922336137,14834.021131172216,14849.862040075557,360240
2026-02-11,15258.755859375,15278.55699596905,15023.122333905803,15029.062674884019,360742
2026-02-12,15173.6103515625,15305.287904528559,15113.216887420172,15305.287904528559,201895
2026-02-13,15085.49609375,15280.537291523102,15038.963422200071,15156.780186337124,208645
2026-02-16,14901.3447265625,15146.878810157443,14811.249558791775,15085.495289258708,210175
2026-02-17,15028.072265625,15059.754083432497,14811.249825004941,14881.543858265326,166765
2026-02-18,15013.2216796875,15087.47594149023,14924.116565524228,15056.784179945102,280772
2026-02-19,14754.81640625,15127.077760926912,14705.313566532326,15012.231172781907,152788
2026-02-20,14828.0810546875,14927.086737098447,14700.363724377377,14754.816849703398,515847
2026-02-23,14922.13671875,14967.679333470176,14835.011716676618,14900.355468231654,242968
2026-02-24,14777.587890625,14912.235616279897,14755.806640886707,14851.84215109645,300991
2026-02-25,14920.15625,14982.529829545456,14689.473011363638,14712.24431818182,356495
2026-02-26,15061.734375,15072.625,14896.394886363638,14994.410511363638,308213
2026-02-27,14709.2744140625,15040.943454158814,14656.801401748755,14959.758793597926,478164
2026-03-02,14244.9375,14537.994318181818,14062.767045454546,14263.748579545456,603744
2026-03-04,14017.224609375,14042.966086973796,13656.84392299186,14009.304154729216,710366
2026-03-05,14271.6689453125,14425.127751176076,13940.989970096796,14157.812411929848,448650
2026-03-06,14018.21484375,14322.162294631507,13974.652342646463,14196.425075537203,390629
2026-03-09,13373.6875,13662.784090909092,13232.109375,13662.784090909092,676224
2026-03-10,13729.1181640625,13770.700551232805,13370.717588927962,13584.569865803818,353715
2026-03-11,13362.796875,13809.3125,13307.353693181818,13712.286931818182,392182
2026-03-12,12881.62890625,13296.462701632272,12837.076350660018,13296.462701632272,544683
2026-03-13,12465.8056640625,12833.116751455653,12358.879525414359,12770.74317057757,939594
2026-03-16,12630.154296875,12745.99093971692,12276.70402769068,12407.391522179,1416170
2026-03-17,12843.0166015625,12969.74386990971,12559.860361349203,12662.826266881311,1178941
2026-03-18,12918.26171875,13044.988994960913,12885.589842851874,12969.744674710682,458827
2026-03-19,12473.7255859375,12710.34916043064,12380.660247015512,12641.045184637669,569346
2026-03-20,12475.7060546875,12629.16486259771,12431.153497552277,12479.66628198841,725481
2026-03-23,12232.15234375,12376.70064340095,12155.917966536828,12376.70064340095,517985
2026-03-24,12340.068359375,12524.218930206494,12209.380857494583,12474.716088585124,583568
2026-03-25,12584.6123046875,12652.926225623967,12381.65065552843,12424.223099010576,540649
2026-03-27,12265.8134765625,12520.258069627038,12219.280807791944,12500.456933979993,775339
2026-03-30,12183.638671875,12300.465371312774,12079.682710510879,12177.698331225622,635675
2026-04-01,12384.62109375,12771.733320759053,12210.371088753596,12771.733320759053,501882
2026-04-02,12505.4072265625,12546.989611450128,12117.30496761131,12265.813485067121,438227
2026-04-06,12561.8408203125,12593.522638270413,12296.50559491498,12505.407582074968,382650
2026-04-07,12670.7470703125,12707.379172328561,12371.749913316533,12514.318094135802,359542
2026-04-08,13466.7529296875,13608.331055620842,13078.650654401696,13217.258609860912,1026292
2026-04-09,13453.8818359375,13636.052286876678,13197.457125104635,13435.070756764433,549914
2026-04-10,13572.6884765625,13659.813473713095,13454.871719052036,13514.27512620017,471921
2026-04-13,12945.982421875,13286.56195331619,12837.076176356015,13268.740931322174,1347910
2026-04-15,13156.865234375,13339.035691378913,13068.750176367672,13118.253017944822,699458
2026-04-16,13202.4072265625,13301.412905051908,13105.381661642881,13246.959781882733,527309
2026-04-17,13319.234375,13511.305397727274,13124.193181818182,13167.755681818182,549308
2026-04-20,13316.263671875,13398.43838449698,13196.466801667055,13340.025034560875,348629
2026-04-21,13327.154296875,13408.338952721057,13287.552025730583,13322.204012981949,292879
2026-04-22,13204.3876953125,13395.468659936876,13167.755593286065,13318.244228637906,434640
2026-04-23,13029.1474609375,13225.178706930328,12994.495473009474,13118.252572752423,541086
2026-04-24,12918.26171875,13121.22337205654,12848.957739572155,13068.75035925046,464098
2026-04-27,13090.53125,13138.053977272728,12913.311079545456,13022.217329545456,312786
2026-04-28,12763.8125,13174.686079545456,12700.448863636364,13090.53125,836679
2026-04-29,13125.18359375,13413.29013563589,12959.844100640228,12959.844100640228,754798
2026-04-30,13181.6162109375,13227.158823653674,12841.036672364382,13003.40598726552,612975
2026-05-01,13181.6162109375,13181.6162109375,13181.6162109375,13181.6162109375,0
2026-05-04,13444.9716796875,13837.034182276326,13301.413440103208,13424.180486368396,722127
2026-05-05,13292.5029296875,13433.090998808282,13227.15917925108,13425.170544209928,419490
2026-05-06,13585.5595703125,13625.16184278098,13245.970083895272,13420.22008275659,435208
2026-05-07,13633.08203125,13732.08771048929,13536.056465595499,13585.559305215142,726199
2026-05-08,13589.51953125,13651.893109165543,13490.513852018978,13536.056464465248,270505
2026-05-11,13348.935546875,13521.20542636445,13099.4412386489,13412.2991807102,634354
2026-05-12,13041.0283203125,13321.214397950553,13019.247070460779,13308.34365940181,302512
2026-05-13,12972.71484375,13152.905189591602,12856.878192851827,13055.879618753816,307027
2026-05-14,12944.9931640625,13102.412201392208,12797.474695118308,13102.412201392208,286648
2026-05-15,13089.541015625,13192.506923319199,12948.952949350229,12948.952949350229,268206
2026-05-18,12886.5791015625,13008.356086004125,12722.22967540551,12996.475404595185,373184
2026-05-19,12827.17578125,12973.704186284347,12771.732600966734,12904.400210930264,342737
2026-05-20,12873.708984375,12942.022905771744,12626.19477641578,12722.230289103956,300695
2026-05-21,12880.638671875,13019.246620688413,12804.404300027623,12972.713952158196,213095
2026-05-22,12857.8681640625,13021.227542446293,12844.997425159534,12969.744586834431,387975
2026-05-25,13039.0478515625,13104.391599337985,12970.733933433585,13014.296431950575,276553
2026-05-26,13076.669921875,13196.466791995146,13003.40572031392,13056.868786317951,256901
2026-05-27,13231.119140625,13283.592151284467,12971.72425774235,13076.670279061284,322020
2026-05-28,13231.119140625,13231.119140625,13231.119140625,13231.119140625,0
2026-05-29,12996.4755859375,13373.68722593462,12920.241212499763,13322.2042724442,963291
2026-06-01,12817.275390625,13135.083624858788,12784.603516077601,13068.749818959524,295359
2026-06-02,12892.51953125,12921.231178186434,12573.721244576485,12573.721244576485,586599
2026-06-03,12914.30078125,13074.68998138512,12782.62322805265,12884.599077521274,607808
2026-06-04,12934.1025390625,13132.113906776256,12820.246002627091,12860.83833300841,465070
2026-06-05,12920.2412109375,13043.998310659123,12786.583543238146,13020.236947512572,295703
2026-06-08,12783.61328125,12899.449925759469,12713.319249111775,12771.73259976185,372902
2026-06-09,12989.544921875,13026.177022645532,12723.219648705459,12948.952593994141,428323
2026-06-10,12943.0126953125,13073.700194416091,12920.24138865051,12987.565251825088,203885
2026-06-11,12967.763671875,13085.580428399135,12839.056290798213,12940.042082104615,308710
2026-06-12,13233.099609375,13284.582564611233,12999.446197149016,13100.431993958551,559038
2026-06-15,13667.734375,13822.183238636364,13385.568181818182,13415.269886363638,613280
2026-06-16,13554.8681640625,13736.048565349729,13525.166458933447,13723.177826460473,280511
2026-06-17,13494.474609375,13603.380860807962,13425.170631190389,13563.778587559611,241534
2026-06-18,13349.92578125,13577.638843374556,13299.43288486586,13510.314981529034,373512
2026-06-19,13261.810546875,13372.69690605753,13220.228162181551,13349.925600153974,719756
2026-06-22,13287.552734375,13360.816939899458,13246.960404287123,13316.264382485935,254533
2026-06-23,13317.25390625,13414.279471844566,13104.391696017026,13286.562145704782,398558
2026-06-24,13116.2724609375,13306.363366168478,13069.739791427834,13306.363366168478,327495
2026-06-25,13608.3310546875,13778.620828525714,13193.497245163015,13225.179063551519,981556
2026-06-26,13608.3310546875,13608.3310546875,13608.3310546875,13608.3310546875,0
2026-06-29,13278.6416015625,13702.38590557896,13238.049273374007,13603.38022707044,1358592
2026-06-30,13974.65234375,14059.797232277277,13375.667953529048,13607.341254870706,1511415
2026-07-01,14251.8681640625,14404.336916911796,13930.099692140282,14010.294295911666,1397790
2026-07-02,14205.3349609375,14345.923026483439,14133.060814565293,14287.5096753059,327088
2026-07-03,14223.15625,14375.625,14190.484375,14306.321022727274,384188
2026-07-06,14312.26171875,14381.565697742286,14148.902339696751,14205.335579733328,214686
2026-07-07,14393.4462890625,14452.849699252605,14270.679241336282,14319.192026324868,524759
2026-07-08,13812.2822265625,14355.82340227627,13741.988194730664,14331.071982617173,481076
2026-07-09,13591.5,13897.427556818182,13563.77840909091,13860.795454545456,576451
2026-07-10,13716.2470703125,13847.924626278398,13639.022638994153,13662.784002476721,430154
2026-07-13,13558.828125,13703.376420454546,13401.409090909092,13545.957386363638,458633
2026-07-14,13354.8759765625,13553.877390402597,13336.06489764229,13483.583358648135,368645
2026-07-15,13447.94140625,13470.712712466871,13301.4130010284,13368.736862886974,456369
2026-07-16,13645.953125,13707.336647727274,13448.931818181818,13469.723011363638,356847
2026-07-17,13665.75390625,13746.938563231271,13563.778056627181,13613.28089624991,237330
2026-07-20,13379.6279296875,13694.465999958376,13243.990144696587,13686.545545360366,517730
2026-07-21,13461.802734375,13519.22603058694,13215.278583396153,13385.568358369494,341101
2026-07-22,13410.3193359375,13582.589218879775,13356.856268817482,13460.81223266196,299404
2026-07-23,13269.7314453125,13433.090819219578,13239.0396841542,13406.35928530751,327912
2026-07-24,13308.34375,13360.816761363638,13065.779829545456,13207.357954545456,223369
2026-07-27,13593.48046875,13623.182174071377,13366.757451463493,13443.98188529907,333477
2026-07-28,13664.763671875,13710.306283736052,13533.086120189782,13592.489526965068,481068
2026-07-29,13809.3125,13840.994318181818,13583.579545454546,13642.982954545456,515674
2026-07-30,14046.92578125,14108.309302425465,13687.535165335583,13800.401639754988,626000
2026-07-31,14092.46875,14205.335227272728,13983.5625,14108.30965909091,535417
2026-08-03,14009.3037109375,14296.420182751766,13762.779567896974,14157.812230841431,961183
2026-08-04,14027.125,14112.269886363638,13875.646306818182,13983.5625,619717
2026-08-05,14048.90625,14107.319602272728,13948.910511363638,14098.409090909092,312540
2026-08-06,13940.0,14039.995738636364,13845.944602272728,14039.995738636364,333510
2026-08-07,14037.0,14038.0,13811.0,13811.0,324104
2026-08-10,14097.0,14119.0,13954.0,14039.0,299446
2026-08-11,13990.0,14175.0,13980.0,14120.0,334931
2026-08-12,13875.0,14067.0,13875.0,13990.0,354408
2026-08-13,13905.0,13938.0,13825.0,13884.0,220061
2026-08-14,13834.0,13943.0,13760.0,13905.0,216810
2026-08-17,13760.0,13920.0,13760.0,13834.0,177071
2026-08-18,13691.0,13890.0,13691.0,13762.0,267433
2026-08-19,13690.0,13745.0,13628.0,13744.0,175646
2026-08-20,13809.0,13826.0,13681.0,13758.0,186272
2026-08-21,13565.0,13809.0,13565.0,13809.0,224951
2026-08-25,13525.0,13609.0,13476.0,13609.0,52806
