Date,Close,High,Low,Open,Volume
2021-08-04,736.5648803710938,747.1759153958325,721.2569215018506,728.6342510773895,686004
2021-08-05,739.6879272460938,749.7825850774839,730.650698646029,737.9665503698909,767252
2021-08-06,709.8466186523438,773.3899882682932,700.8462532796933,742.651117510412,5150624
2021-08-09,686.5711059570312,723.9495725952551,677.5093229290231,720.5191266447105,1905768
2021-08-10,681.4930419921875,702.1495622241092,677.2387704608614,691.5262209693489,750536
2021-08-11,658.0331420898438,687.2596849548916,649.6967842028173,686.4236116697523,1426188
2021-08-12,646.91796875,662.3734970375983,641.5325425885212,661.7217969530644,706360
2021-08-13,658.9307861328125,674.9273075752988,648.2213508218397,649.1681321205994,1260412
2021-08-16,656.75439453125,663.7136867666674,644.7908502387681,661.4513179225182,432588
2021-08-17,666.2343139648438,670.5869262472855,641.8276495148998,654.1231983561813,728204
2021-08-18,687.8991088867188,699.6167431536159,666.2343273774811,670.759065427421,2090452
2021-08-20,675.2100219726562,694.7722509509551,670.1073695258084,687.8990515901625,1167492
2021-08-23,660.3201904296875,683.1038800924262,657.8119102931388,683.0915725353283,420516
2021-08-24,658.881591796875,676.2551780845583,648.061508947522,660.3201349717759,530872
2021-08-25,661.869384765625,666.2711671738073,657.0741207853428,662.1767734823098,218084
2021-08-26,660.9840698242188,665.0908310376443,652.5370640578113,665.0908310376443,751900
2021-08-27,670.353271484375,676.0092235181756,660.762744122713,660.9717924517475,697716
2021-08-30,685.6859130859375,690.8745988022691,668.3860514266512,670.3533392895699,648184
2021-08-31,694.3419799804688,698.1289851689559,682.7472409107938,687.3212092878838,848344
2021-09-01,712.7114868164062,719.2896054301693,694.6985078086251,694.6985078086251,1133352
2021-09-02,708.4572143554688,719.6953339521796,703.1086506270487,718.1338352765725,744204
2021-09-03,697.4035034179688,715.6009150022176,693.087753933522,709.4531408183497,393344
2021-09-06,718.0968627929688,725.4373289326736,695.2271436096675,698.3871234470486,966036
2021-09-07,707.5596313476562,731.3145945360075,702.7274448650284,723.7159697349801,552300
2021-09-08,720.334716796875,725.7201430843768,704.0431148551518,709.4039860674981,574360
2021-09-09,739.7984619140625,749.9545959360784,715.6254640830196,716.6091078616778,1913876
2021-09-13,755.6598510742188,758.3771794992205,733.0729628466302,745.1102937028735,1082480
2021-09-14,756.7786254882812,760.8484636343551,744.8642522134653,760.8484636343551,478252
2021-09-15,780.6566162109375,791.8332568507302,750.2128286762004,756.7786390160082,1663176
2021-09-16,786.7183837890625,796.7515636347985,771.7301217829958,778.8000623553725,839668
2021-09-17,773.5375366210938,791.1938954472607,766.9594184680483,789.3741783654593,495188
2021-09-20,746.2045288085938,778.6647767572196,739.417422077814,769.455422964015,390092
2021-09-21,755.0819702148438,759.3484896876388,737.8927567233159,744.1266240692414,282824
2021-09-22,737.905029296875,757.8729878810004,731.3392184619686,757.8238176947968,1260560
2021-09-23,765.6929321289062,777.3122248065692,739.9952372121702,740.191977984454,1172324
2021-09-24,751.3563842773438,770.291529737346,732.0155097150856,764.7831478000894,848664
2021-09-27,724.3676147460938,761.291182402971,717.4452450510892,752.2416468247752,3646400
2021-09-28,687.9358520507812,728.7324528278998,683.6201030627172,726.6668249544446,1087140
2021-09-29,665.8162231445312,689.1408413767663,662.2750693442148,688.489201355936,978380
2021-09-30,664.1563110351562,676.2428103087797,659.4840029480976,666.4186797857296,1069832
2021-10-01,684.0013427734375,687.0752298072925,655.5986265806164,658.8077766513323,1297268
2021-10-04,700.3790283203125,709.453118718293,679.2798559711634,690.2720638621312,1161996
2021-10-05,707.9530639648438,710.1908777953547,688.8089310685482,700.3544390447265,728320
2021-10-06,690.2720947265625,713.9041630246055,681.6652107524158,706.994040733476,624208
2021-10-07,682.6857299804688,700.846279518886,678.9602027198752,688.5507307553968,508584
2021-10-08,698.3502807617188,700.846253051704,681.8004607436878,683.6324854328902,456156
2021-10-11,697.1207275390625,711.9491107925429,689.0548358288505,699.3707888682524,505892
2021-10-12,684.9481811523438,696.9240340282362,680.1897796121133,686.0916432096153,385032
2021-10-13,666.2343139648438,684.8620704593853,662.7300825450785,684.8620704593853,978580
2021-10-14,649.9058227539062,670.0459069241673,646.7458428151426,669.7631333270328,947628
2021-10-18,663.9227905273438,669.3696947783378,647.016410470029,663.9596531599972,1272876
2021-10-19,676.2428588867188,685.9932648540872,662.250548730341,666.4187276579519,745096
2021-10-20,714.9984741210938,727.761229829382,657.2093944503316,678.222475455158,3491296
2021-10-21,703.379150390625,746.3274767302629,696.2845949832462,722.1421691660425,3632016
2021-10-22,691.5631103515625,717.1993284168663,683.8783927060878,708.2235782069517,1683208
2021-10-25,688.3786010742188,700.8462754404723,670.8205215200157,699.9978945881003,1742508
2021-10-26,718.5640869140625,723.2240873019222,687.5670003727216,692.3622637873383,1790636
2021-10-27,700.1207885742188,718.5518024370243,692.116375071528,718.5518024370243,1618156
2021-10-28,723.1503295898438,730.847354448574,697.9567643888511,700.8462180950323,1433660
2021-10-29,728.4375,732.0769945466029,704.289053537612,716.8058985260325,885136
2021-11-01,736.1098022460938,746.327414066766,713.1417438886953,728.4373927330065,728160
2021-11-02,744.6307373046875,757.0369339435565,730.3555932474786,735.519723704784,1293544
2021-11-03,752.2293090820312,762.3239658631709,729.507160694916,742.6510893247665,1304476
2021-11-04,749.167724609375,758.6352963794262,742.9830881042002,752.4998300578937,65460
2021-11-08,769.6644287109375,774.6195104535414,746.1184547027068,751.2702772172412,603452
2021-11-09,782.5255737304688,789.3865258555618,757.3934844573978,765.9635058265777,794720
2021-11-10,775.4063720703125,787.8986599596903,768.4716954975132,778.0622222573222,879016
2021-11-11,755.4262084960938,762.8281528666878,738.5198289457712,740.1920355850295,1920536
2021-11-12,760.9837036132812,773.0948172846038,746.5732986616986,750.028359340786,1100516
2021-11-15,820.8384399414062,824.4041487007518,758.7828480034605,767.2421606315803,2920472
2021-11-16,773.6727294921875,820.6048594163098,770.4144093281881,818.883482725895,2209220
2021-11-17,798.6205444335938,835.8514438057852,765.0413871918348,772.1604982495338,2634632
2021-11-18,773.8326416015625,799.2106413439434,766.5290979018831,797.0466128307792,1391488
2021-11-22,744.8396606445312,772.1603915052053,726.6791728091086,772.1603915052053,1292088
2021-11-23,743.8314819335938,754.8236898104142,727.8964397585358,746.1184658631792,1572828
2021-11-24,745.6511840820312,751.1718730021082,735.027842857075,744.5937549705168,231512
2021-11-25,724.8102416992188,748.0242721741306,721.1830550659689,740.1919841411509,553496
2021-11-26,753.0776977539062,788.0708392700543,725.1914189837199,725.1914189837199,3024624
2021-11-29,769.8733520507812,801.7802958609659,753.0776231861041,754.9465703064886,2183188
2021-11-30,809.76025390625,817.3958019546338,759.9018019798382,774.1892541421759,2278120
2021-12-01,776.2056274414062,813.9652668584811,770.1931165561216,809.7601654832316,1777900
2021-12-02,788.427490234375,795.5220462535761,774.619612271643,784.4560517925527,866912
2021-12-03,788.1200561523438,799.2106650887808,775.1236972052461,794.0342270813725,564204
2021-12-06,799.9115600585938,829.7036514477913,792.4481377565227,794.9195551275731,3121484
2021-12-07,767.8078002929688,803.8706184625404,755.6843779911097,803.8706184625404,1518732
2021-12-08,777.7425537109375,782.7345580299665,754.4547986289466,764.7830585841017,1019912
2021-12-09,787.013427734375,801.4238342864562,773.4022918547537,780.4967871671485,1011916
2021-12-10,792.5219116210938,798.0917712560491,774.840876287129,786.1773963836008,548680
2021-12-13,788.4889526367188,804.1289151853432,784.1117851645871,792.521928783924,649580
2021-12-14,803.8706665039062,812.7357691245733,782.5993672514779,789.1283156189882,991184
2021-12-15,806.9691162109375,823.5434907649574,802.1000672352952,803.8583065702068,1071756
2021-12-16,820.2974853515625,839.7736213888121,798.2269766772605,810.2519986143107,889024
2021-12-17,801.8173217773438,820.6048956124024,786.435578807864,820.358984645782,621872
2021-12-20,768.7177124023438,793.3088100479721,753.8154832143491,793.3088100479721,1331116
2021-12-21,813.4981079101562,820.8262068230484,769.689032365062,769.7013399209947,869384
2021-12-22,808.6782836914062,813.5473332590918,799.2230182142312,809.3053687179099,547872
2021-12-23,797.3171997070312,841.2860958894333,789.0422590289313,814.1129320116885,2072208
2021-12-24,806.1453857421875,816.350691704791,782.7715344156474,805.3093124009599,699716
2021-12-27,820.0146484375,821.9819359668535,805.3583323290763,810.27655115246,600012
2021-12-28,847.2493896484375,854.8111520218498,818.9941830017673,820.8508228439117,871756
2021-12-29,854.466796875,860.2948745935081,838.2243660324258,850.6060068276747,1160924
2021-12-30,845.2205810546875,880.3366179646302,841.1507426765356,860.9342673174622,2398292
2021-12-31,846.155029296875,855.2783502623754,842.0114654909502,848.3928431297284,551464
2022-01-03,850.7658081054688,856.6554234840419,841.1015556414558,850.827285843977,624748
2022-01-04,843.0811157226562,855.0077973459394,836.2079163615581,852.0937884765909,408908
2022-01-05,839.73681640625,852.7824057456356,836.2202774271948,845.933761020306,960972
2022-01-06,820.3097534179688,841.0154432592619,817.2604216366716,838.5563337760477,400720
2022-01-07,803.8214721679688,824.8468598147332,795.5342845999488,815.1948543745518,490608
2022-01-10,790.9110717773438,805.8501615901611,787.2838853618861,805.8501615901611,653276
2022-01-11,779.4024658203125,795.3743703709905,777.0786192984523,791.5873656714297,421368
2022-01-12,765.8035888671875,787.8864049902234,762.3239728124792,779.623832790885,841716
2022-01-13,762.8157958984375,772.6522342723696,759.127131508213,769.9595212748768,610244
2022-01-14,750.790771484375,762.8034857861595,739.2083413231525,762.8034857861595,490952
2022-01-17,737.155029296875,746.2291805316408,735.2738343041187,745.0364882572394,427700
2022-01-18,704.3873291015625,736.5033244600378,698.7068219533829,736.5033244600378,1342928
2022-01-19,683.853759765625,699.6043686485157,679.5995482174901,699.1248542873111,946492
2022-01-20,670.1320190429688,698.6207693494358,667.6482941916375,688.7228526491731,1055580
2022-01-21,653.6928100585938,679.9561126196215,650.4467973907938,663.9595926486234,1351528
2022-01-24,623.5195922851562,657.6397404831971,618.1095507690704,646.7335645939803,1143340
2022-01-25,624.6015014648438,628.3024732461298,604.3753259562354,612.3182615979895,698404
2022-01-27,602.5187377929688,626.2983765686565,597.1333115766694,621.3432345120439,734528
2022-01-28,619.6956176757812,630.1960036345831,604.953267667413,604.953267667413,687452
2022-01-31,617.9988403320312,626.2737198901984,585.2680684553537,619.4496909407715,1271256
2022-02-01,625.6221313476562,637.6963241176663,615.7856924131346,625.8311196528996,3487060
2022-02-02,647.090087890625,651.9099668089723,629.8271501922287,633.2453486204704,1324016
2022-02-03,629.6304321289062,652.4018122750753,627.0729820208978,649.2049696216354,525644
2022-02-04,636.097900390625,644.2867477800871,616.068463693154,625.843424847451,506636
2022-02-07,622.0808715820312,639.2700817207941,609.8591102904353,636.4174908998575,491428
2022-02-08,598.448974609375,631.3149525041367,593.9364841895476,621.8596874937721,949884
2022-02-09,604.1295166015625,617.7284063441384,597.0841907589192,604.8303869371996,442276
2022-02-10,605.0762939453125,614.2856484448494,598.0432156689492,604.129512626119,287376
2022-02-11,595.51025390625,601.9900317348043,581.2720332978529,601.9900317348043,791072
2022-02-14,504.43719482421875,565.0911127690983,476.723009941685,555.5128923040302,8140504
2022-02-15,484.1741027832031,523.9133085422123,460.0994134158551,506.57658558880894,9790684
2022-02-16,488.6250915527344,499.9369960375989,477.8050090019944,494.2810437951666,4880616
2022-02-17,494.072021484375,506.3306770896844,484.4569087536233,493.06379253125266,4734688
2022-02-18,491.94488525390625,496.9122747372267,487.1496214386345,491.0841968768062,1273768
2022-02-21,487.8957214355469,499.66043138197915,475.30390821727343,489.3524274238827,1914288
2022-02-22,502.01837158203125,511.07952796918784,477.27914156507705,483.92071247324066,3048280
2022-02-23,515.1533203125,529.386983676063,507.37602360037744,509.5981083752696,2399796
2022-02-24,493.3398742675781,511.8695747295579,486.8834773009336,500.56164998312187,1797712
2022-02-25,489.54998779296875,508.7709853215815,486.95755550265073,505.89464408205873,2630980
2022-02-28,483.10589599609375,487.6241469832156,472.0695539402067,487.6241469832156,1220868
2022-03-02,484.37744140625,493.7966179208816,476.1433888302101,481.45170247285955,861520
2022-03-03,482.8590087890625,492.43867519284265,481.45170048936734,487.6611989619312,641952
2022-03-04,468.0451354980469,482.3775951009667,457.74948755838375,481.4517263963583,1473092
2022-03-07,460.3912353515625,466.85998871785694,445.41687797763615,456.8852916431161,675652
2022-03-08,467.6871032714844,471.29181241210546,461.2801044626626,464.1441187056649,560388
2022-03-09,477.8716735839844,483.89599830743475,464.93419625895746,472.0819203357454,1190532
2022-03-10,472.9090270996094,491.03136900850666,470.73630992476717,488.5870697215476,533936
2022-03-11,468.0945129394531,479.8962340988559,466.9834705421207,469.600586605824,476828
2022-03-14,465.292236328125,472.0202154804037,458.7370739425248,471.5511026493346,345736
2022-03-15,462.7491455078125,491.3029403460492,456.7618616457,465.4033022714294,1461252
2022-03-16,487.0439758300781,490.09316404711427,469.3537052159014,471.95849454135595,998404
2022-03-17,492.8954162597656,507.1167523432097,489.994361228394,496.5124823905004,1126444
2022-03-21,495.8459167480469,502.19119162698456,490.3524290323633,495.7718351951745,984332
2022-03-22,494.5002746582031,496.59891029533566,475.2792472329622,496.51250191453863,746724
2022-03-23,491.1424560546875,505.7341700755308,486.63656196244267,499.69748840008276,887900
2022-03-24,495.7101135253906,500.796213008058,485.24161848578194,485.24161848578194,546368
2022-03-25,492.2905578613281,502.0306843632632,487.9821641675962,493.7966315597946,455720
2022-03-28,489.3524169921875,497.0803456228719,483.80956236690315,494.7594956396191,469016
2022-03-29,505.5860290527344,515.770584637364,491.3276512342529,491.3276512342529,1251084
2022-03-30,508.0056457519531,521.0665426500178,502.9442302379799,510.78325182669454,856392
2022-03-31,502.6232604980469,513.9065017912358,500.2160018514272,508.61054482425476,664668
2022-04-01,516.264404296875,519.8320730839945,502.43809791685345,502.43809791685345,631180
2022-04-04,552.05224609375,555.5088223204503,518.5234446391755,520.9677739947999,1798264
2022-04-05,596.3458862304688,634.6768507258926,529.8314421083782,552.0646480629163,7554328
2022-04-06,593.7410888671875,600.9134970810268,581.6924388590081,592.5559648818419,1789992
2022-04-07,610.0240478515625,619.7148072882411,592.5559910325812,593.5435843509688,1965616
2022-04-08,611.1473388671875,624.4922032696218,609.8387658969295,614.7767316126941,1237504
2022-04-11,609.295654296875,623.0355209753743,605.690914902171,612.3571691936513,708064
2022-04-12,597.2469482421875,633.6150774850659,593.0496774194851,612.3077435471786,1821284
2022-04-13,596.81494140625,606.8143229873663,588.5068373642141,601.3208355755185,778520
2022-04-18,597.8518676757812,613.1719190207676,591.8645839889467,597.4938772016338,790196
2022-04-19,603.3330688476562,620.9492884788879,592.889317903919,617.245813597304,1221336
2022-04-20,607.5303344726562,623.6651639943636,604.9008914434644,609.7894902952019,1104648
2022-04-21,612.8015747070312,626.13408277882,608.6043036473941,612.5546764094055,660996
2022-04-22,594.518798828125,614.4434812380905,593.0867765135569,613.1472650553876,445672
2022-04-25,592.7781372070312,597.2100101599432,580.7048337791637,588.5808658744438,581284
2022-04-26,590.2721557617188,613.5423223121911,586.3958642115456,598.3827896467078,1280608
2022-04-27,587.6920776367188,594.5311489809593,581.692436461437,581.692436461437,668252
2022-04-28,585.35888671875,596.753219698647,579.1987256162078,591.7041612772582,750144
2022-04-29,592.0127563476562,599.962869559489,586.4204736806981,590.7535509053199,753568
2022-05-02,565.5081787109375,583.9144583653061,560.9529172963955,583.9144583653061,566608
2022-05-04,528.6957397460938,564.162659175667,523.683691812496,564.162659175667,699776
2022-05-05,540.0776977539062,546.2377985510741,518.7827184533196,532.0658596262526,700784
2022-05-06,527.2388916015625,536.991373136816,523.7576622076153,533.300256105002,319940
2022-05-09,517.622314453125,527.6216961537458,507.9068417019756,516.2643737283494,303128
2022-05-10,508.1167297363281,520.7332576810807,505.3884913136004,514.7953411793577,219176
2022-05-11,507.6352844238281,519.2271480705344,504.2280756762002,508.11672407473134,366140
2022-05-12,503.3639221191406,517.4988501590282,495.784156169053,507.63527487498493,410844
2022-05-13,497.8086853027344,530.5103522891113,493.4632813559045,504.4132146675692,269488
2022-05-16,480.61224365234375,492.68557702491955,465.2922216182536,492.5744848411319,1338124
2022-05-17,477.19268798828125,496.0680509148263,472.9336923252116,480.78507029879927,796196
2022-05-18,432.923828125,481.40233523793506,430.1462221470528,464.67497479296406,3599552
2022-05-19,437.2939453125,446.811857025828,413.4559015611623,419.48022631890075,1950192
2022-05-20,430.1462097167969,445.6514351389865,421.71465681411075,445.6390781683046,1853492
2022-05-23,434.3558654785156,450.5894298697121,432.07205603944993,444.17007360855456,2316448
2022-05-24,417.4556579589844,438.4543403038624,407.3821952570472,432.4917403273096,1040928
2022-05-25,388.2969665527344,440.63940914506793,385.65516664728796,395.40765005482183,8395816
2022-05-26,399.197509765625,411.0239443467783,372.50780960096216,383.0256711383753,3857660
2022-05-27,411.3078918457031,420.9616095321092,398.2469654987051,404.41942311647796,2122500
2022-05-30,419.6900939941406,426.2822970765341,415.12247517459434,416.023660050566,1369812
2022-05-31,399.0617370605469,419.72711285556005,397.5062657043834,419.72711285556005,1769904
2022-06-01,393.4447937011719,404.29596181146195,390.7412392624811,403.04911335456933,1188056
2022-06-02,389.0870361328125,399.7283468113653,386.42052244315937,399.7283468113653,1500100
2022-06-03,405.9008483886719,413.4065635350857,390.09935550736105,392.56833877006585,3484372
2022-06-06,396.85198974609375,420.34436980436016,391.6918090757708,408.4808940371197,4412788
2022-06-07,393.469482421875,404.66631431613246,388.1241281909458,398.9876534074863,2208668
2022-06-08,376.1495666503906,399.962896047668,374.2978293678977,395.0372869318182,1975440
2022-06-09,388.71673583984375,391.3338521037241,376.1496048454408,376.8779428615971,3330856
2022-06-10,391.5313415527344,401.93808092896313,377.9395778961831,388.71669486643225,1780644
2022-06-13,370.1993103027344,388.1117635579967,362.9404943872,387.63032393734966,1722436
2022-06-14,355.6570129394531,373.9398447160804,354.29907224443957,370.1993293192979,2401556
2022-06-15,360.0394592285156,364.0391997801702,355.0397684694706,358.5827531771019,1118656
2022-06-16,349.5339050292969,365.3847936903676,347.1390036175306,363.4342911273151,1114352
2022-06-17,346.5835266113281,352.0523305835118,340.23825166145286,346.89214952015385,1022388
2022-06-20,351.65728759765625,357.0149690611805,343.2010201769471,350.1018161333015,1156408
2022-06-21,357.4346618652344,361.70601457069483,352.1016645382625,354.97803580137645,655948
2022-06-22,345.1020812988281,356.75566841141415,342.76890453790065,356.5211270939065,1156588
2022-06-23,349.4228210449219,354.13857257371706,344.6700287431273,345.16382534591116,710936
2022-06-24,355.71875,357.5704873763665,350.59560992538604,352.6325210393892,811432
2022-06-27,355.7928161621094,360.6196599643642,353.0645778233476,358.0025439467511,1223456
2022-06-28,355.064453125,358.0025490379992,345.6576335539302,356.5211591799109,914292
2022-06-29,349.6326904296875,357.6198447227776,346.60818613507263,348.1266167679149,1349648
2022-06-30,347.2500915527344,357.002574109902,343.70710708190813,350.3486771802759,965472
2022-07-01,354.63238525390625,355.521213151422,344.9292996526819,345.6576376192265,401272
2022-07-04,353.4349365234375,357.26186039078874,349.1882975778295,355.5335721926301,365156
2022-07-05,357.3359375,358.99014412781344,354.42252537515554,355.5335677744507,1185856
2022-07-06,360.3604431152344,362.91583461508384,353.97809764276656,358.965461625495,1027004
2022-07-07,351.6078796386719,367.6315860946302,348.6944976441957,365.91565488402136,1380980
2022-07-08,356.6446228027344,359.70616799477176,353.0645971671237,355.9039278436425,878076
2022-07-11,357.8173522949219,361.4097345253455,351.6942625530109,355.5335430772382,754928
2022-07-12,352.06463623046875,358.8913805906761,351.07704298165623,357.97786889110614,625792
2022-07-13,351.6078796386719,357.0149586923004,345.2626050840238,353.80528064043324,1308144
2022-07-14,356.0767517089844,360.7678198767328,349.78084443121674,350.59562095803955,1047028
2022-07-15,352.484375,357.6321986875251,348.62041045687636,357.6321986875251,498784
2022-07-18,363.3972473144531,366.5822413288691,353.8176116085936,353.8176116085936,1050780
2022-07-19,368.5080871582031,374.9521270653414,356.02736544704044,356.8915095379313,1428916
2022-07-20,365.6070251464844,374.05093519227313,363.94046157384554,373.8040368852155,545116
2022-07-21,376.5199279785156,377.8902256736257,365.6564021876601,365.6564021876601,1061112
2022-07-22,382.4701843261719,388.2476110848923,373.16212964858994,380.0629256882846,1511032
2022-07-25,374.8286437988281,384.7909837408441,372.9151820574155,384.7909837408441,636212
2022-07-26,370.17462158203125,389.07466776815255,367.91549618042177,376.5322526067135,1808516
2022-07-27,374.2607727050781,374.79161006464653,362.9404919598355,370.84123736304286,598048
2022-07-28,373.0016174316406,378.2482064572388,361.9776019924167,376.49523450471196,946516
2022-07-29,389.6672668457031,392.56832205586437,375.91504271354177,377.01372816308486,1230644
2022-08-01,390.8276672363281,399.3950566652447,389.43271589785644,394.5434988524411,1041016
2022-08-02,391.5066223144531,403.04911784122305,383.7663666360567,388.24757680953445,1048420
2022-08-03,384.4083251953125,391.69182559603274,381.71715763299,391.5807334082139,487272
2022-08-04,388.4080810546875,393.0250673800633,381.45788762454663,386.4205376105121,651804
2022-08-05,383.9392395019531,392.11156775825265,382.6923909468348,390.4450041202584,613228
2022-08-08,377.556884765625,386.46993789538976,375.9520457456552,386.46993789538976,516584
2022-08-10,375.1990051269531,388.05004347309597,372.70533834133164,378.9395203748616,997792
2022-08-11,368.7302551269531,390.08695813762586,363.70588073546975,369.1129595486214,2273532
2022-08-12,366.1502380371094,372.6436764314489,362.9405596187126,368.8661197757528,983888
2022-08-16,357.42236328125,369.10063587455176,354.70648172853487,364.4219247097747,1158464
2022-08-17,359.3481140136719,366.1995417497135,358.10129569823204,359.5332877362676,1328284
2022-08-18,358.60748291015625,363.43435752664,355.5953352090647,361.70606914166274,716808
2022-08-19,349.4598388671875,358.20004419024025,346.719273929514,355.2372647681173,1091992
2022-08-22,338.80621337890625,348.7562275472007,337.41123186881197,348.1266247872165,1466108
2022-08-23,345.5218505859375,349.682111494065,334.67068120374444,339.0407695224198,2249104
2022-08-24,348.7685241699219,352.70657004364665,343.7071091415677,345.6576116924799,877144
2022-08-25,347.521728515625,353.31148183320107,346.3983291488338,350.830141760552,960368
2022-08-26,350.3980712890625,352.5707884837597,346.41068767332604,349.05248754826,656132
2022-08-29,348.9783935546875,350.756079415762,339.18889997336186,340.7196573930247,635892
2022-08-30,353.86700439453125,356.52116123893467,350.8671838867868,352.1880838234201,1036296
2022-09-01,352.9905090332031,359.48394677573674,350.07712699847576,350.10181080219417,846376
2022-09-02,346.3736572265625,356.9656011233586,337.8433082624927,354.84225147202113,601596
2022-09-05,340.09002685546875,349.5338861522473,339.23823983722184,349.5338861522473,1131356
2022-09-06,337.3865661621094,343.9293718725345,335.57186947399026,342.4479819003628,977772
2022-09-07,346.53411865234375,348.077233016798,335.8310533093271,335.8310533093271,1558604
2022-09-08,365.80450439453125,367.87845608076344,348.83024677335504,349.8425237455185,4132848
2022-09-09,366.5329284667969,370.10059728564903,362.3356568498149,369.10064699190315,1234336
2022-09-12,370.2363586425781,371.44613620410195,363.9404519786,368.4710297658682,931488
2022-09-13,364.2491149902344,371.4214933280982,362.94054179755875,364.66883009183283,1205568
2022-09-14,361.9282531738281,369.1006312836418,357.0520113557408,358.0025638595769,1588776
2022-09-15,350.1882019042969,366.5946122160236,347.07728931542425,364.17499679192656,732960
2022-09-16,336.59649658203125,350.18823121132647,335.10274966883514,350.18823121132647,907344
2022-09-19,328.2513122558594,340.1147884362205,326.2144011418234,340.1147884362205,934184
2022-09-20,334.13983154296875,337.55936720827646,325.42433902949097,331.09064335344794,655776
2022-09-21,337.85565185546875,345.3983771074046,334.300310180266,334.300310180266,1193056
2022-09-22,356.54583740234375,357.9778596316629,337.3618510959547,338.0037806632879,2339412
2022-09-23,360.53326416015625,367.12543710924916,352.78065104821616,356.7680648597335,1949352
2022-09-26,371.7301025390625,374.28549410934994,352.8917789090647,357.95319444149067,1969580
2022-09-27,367.1624755859375,376.96435670479184,357.86674806479925,374.0509445530216,2276832
2022-09-28,376.1002197265625,377.75442640097174,362.9405273264238,365.15025521612864,1430260
2022-09-29,379.7542724609375,382.9392665860589,372.8781607747231,377.7173614684585,1344676
2022-09-30,383.7663879394531,385.02556331175424,375.77923351764105,382.1245081252678,891508
2022-10-03,373.98919677734375,383.24788294941857,372.5695315642923,382.70471874957116,883504
2022-10-04,378.3099060058594,379.45798908564984,376.05078061768165,376.51989339790214,460012
2022-10-06,386.8773193359375,389.6179148619181,379.5320941475794,379.5320941475794,1087336
2022-10-07,379.0876770019531,388.60558891470794,373.68059790243234,384.7663382188385,722548
2022-10-10,383.4701232910156,384.84039085346654,371.5819634170255,378.24821791022134,515380
2022-10-11,382.3713684082031,386.1118835171752,380.76652952848815,382.69234823972664,880816
2022-10-12,390.23516845703125,391.8893752163484,378.9642536381697,381.7171760519508,658616
2022-10-13,391.2967834472656,393.80280733994704,380.22340019029366,388.86484110370947,477296
2022-10-14,390.7783203125,394.79041805698154,388.1488471475564,393.7781409615496,564980
2022-10-17,384.8651123046875,393.3090227718919,382.9516503294947,390.77831499824975,461504
2022-10-18,381.1863098144531,389.50677087086746,379.23580712242585,387.6303497280004,504012
2022-10-19,381.59368896484375,384.6799177904177,376.5692843256467,380.47028961675346,229348
2022-10-20,383.0010070800781,383.8775081446102,376.9026308198642,379.4827061286576,219972
2022-10-21,392.2596740722656,397.37045682599745,383.1861615484854,383.1861615484854,1270708
2022-10-24,390.6919250488281,398.23465097840466,388.86487137141876,395.864433028313,91068
2022-10-25,402.431884765625,408.3574441531577,391.18568492807566,391.827614500601,1773992
2022-10-27,409.60430908203125,416.7767172671086,402.07391039185524,406.6908968774632,645824
2022-10-28,403.5552673339844,414.6286499509961,399.48144542452536,411.0733084385869,595232
2022-10-31,417.70257568359375,419.4925884429643,403.03680994454635,414.22128537834436,1002020
2022-11-01,435.8372497558594,438.5160904409143,417.82602976516444,419.2333381025063,2085944
2022-11-02,430.34375,442.24423636667905,425.899580464716,437.010004302926,684428
2022-11-03,421.6405944824219,430.3561169963432,417.25814942192534,424.1713021934128,902924
2022-11-04,431.72637939453125,433.47935136999934,420.9616190924506,421.94921233372315,490808
2022-11-07,425.7637634277344,435.75081779415285,419.9740103204614,435.75081779415285,337468
2022-11-09,400.2345275878906,424.27007264555067,398.74078071908866,423.43061234256163,1356796
2022-11-10,398.85186767578125,413.06087764435307,391.58072441359474,396.5186906735392,757788
2022-11-11,395.9508056640625,408.2463534946881,393.81515940466056,400.8517612036316,355368
2022-11-14,389.2969055175781,404.9132234335362,386.395850410661,397.93834626158656,813244
2022-11-15,384.2972412109375,389.6919635612119,382.53191216698303,387.630368584113,476436
2022-11-16,354.5212707519531,382.64299281295075,352.3362268509123,382.64299281295075,6978744
2022-11-17,353.509033203125,357.20015110015885,346.6699315286167,351.8301125403327,2797432
2022-11-18,356.9779052734375,358.87904028942296,347.87970883800557,353.55836980555284,1769836
2022-11-21,356.6692810058594,362.9158201014179,352.4596830405507,356.02735144851397,1026480
2022-11-22,356.80511474609375,360.9529884569755,353.16336451006634,358.0025655755727,1102500
2022-11-23,354.8052673339844,363.9157918604951,351.96593645774374,358.0025887433855,742780
2022-11-24,356.3977355957031,358.96548422840965,351.8548003438309,354.8052534395832,920156
2022-11-25,357.07666015625,359.23702024362575,349.6450274834678,356.3976898430748,938320
2022-11-28,361.3603515625,362.71829223395844,354.5706482052077,358.96545007023633,727140
2022-11-29,364.44659423828125,366.19956623493937,360.2246391085964,360.4715374218991,614320
2022-11-30,362.4961242675781,367.12546806001734,356.0520837362941,364.16268803285624,379252
2022-12-01,364.5577087402344,365.9032924632797,359.31111969513,362.94051276722075,739972
2022-12-02,365.0762023925781,368.47105425070265,361.4591360214036,364.5577219547646,731180
2022-12-05,358.3358459472656,367.8291037787622,356.76804775137373,366.9896435209684,536356
2022-12-06,356.7927551269531,359.94070869744854,350.595613341455,355.5335797265459,1139240
2022-12-07,354.84222412109375,359.22466893888947,352.47200647278066,356.76804291350896,465652
2022-12-08,352.34857177734375,356.6075676200588,350.84249811582663,354.2990744519431,1087896
2022-12-09,349.8302307128906,356.44708751240347,347.7686357976929,353.0522356601767,1045156
2022-12-12,337.94207763671875,350.4721674559432,333.80653075057074,349.84256468038035,2746356
2022-12-13,334.9051818847656,350.0894271037795,333.1151692369957,338.25066585445444,2064080
2022-12-14,338.7938232421875,341.95413342618343,333.94229592964876,335.2878795615575,1161132
2022-12-15,326.42425537109375,338.7198034811831,324.67128336701705,338.25069065613184,5162644
2022-12-16,319.8073425292969,327.127852154373,318.3753205017049,325.4119212262482,2318888
2022-12-19,317.3753967285156,321.81956597517143,315.4742919396935,319.73328746773865,1279724
2022-12-20,316.2890930175781,320.2147520470385,312.83251666734355,316.02983773572896,1092108
2022-12-21,338.4605407714844,342.07760702512724,318.74571683106404,319.1901458427229,7445204
2022-12-22,328.8192138671875,345.1638715517521,323.5355834823092,345.1638715517521,3865860
2022-12-23,325.8810729980469,336.60879210380955,324.30091784637597,328.62163810698627,2337088
2022-12-26,322.01708984375,330.8066628065195,318.49878926466357,328.7944357457782,1457836
2022-12-27,326.930419921875,328.36241210968376,320.96781940286905,322.69610766119223,975668
2022-12-28,326.02923583984375,330.49808946271617,324.15281461100267,325.9057866782232,1047328
2022-12-29,325.18975830078125,333.06582042308384,322.62200984719357,328.6216508399737,1986144
2022-12-30,327.7575378417969,329.69568373269334,323.83184830991166,325.5724936173096,480412
2023-01-02,325.3255615234375,329.10308755199446,319.15310382420694,327.14025805922057,840560
2023-01-03,337.4729309082031,339.0284022334162,324.17746365508987,325.2885059905414,1781004
2023-01-04,335.44842529296875,339.9172790809502,333.7448207718718,337.01622367568336,669376
2023-01-05,337.75689697265625,339.22592990025225,330.05368155342313,336.4483238396219,511468
2023-01-06,328.4735107421875,339.23827080395466,327.4118359759388,337.7321971724264,484664
2023-01-09,335.91754150390625,336.6705633417532,328.8685819890242,330.1277574688485,563744
2023-01-10,335.8927917480469,338.1395904665919,332.2263578945602,335.27554597678807,291056
2023-01-11,339.6086120605469,343.1515966420394,334.3373393769651,335.68292305801066,1095968
2023-01-12,341.2998352050781,343.1762561265916,337.8185754453445,339.4851388542654,723864
2023-01-13,340.53448486328125,342.7195288199315,334.54720100761,341.2875367440087,565520
2023-01-16,340.33697509765625,344.4231543246163,339.4851879543709,340.5962303876761,279000
2023-01-17,342.4355773925781,343.49725211417217,335.99153793596247,339.7320531242414,524608
2023-01-18,339.2753601074219,344.39850066496825,337.26313260763027,343.7688978420723,184440
2023-01-19,335.2755126953125,339.29996678000987,333.5595816771281,339.2752829794005,177296
2023-01-20,323.37506103515625,336.0779670099308,321.46159913554,336.0779670099308,596100
2023-01-23,326.73284912109375,329.1154236698247,321.22703528560726,323.93055953099025,472492
2023-01-24,323.1158142089844,329.1524961207125,322.1158941122001,327.8809637650676,289052
2023-01-25,320.62213134765625,324.732994134496,314.3385815703366,323.43677803930035,545032
2023-01-27,321.19000244140625,326.4983158574204,316.63471075219945,320.7455734486706,502520
2023-01-30,325.2514953613281,328.57229584397516,320.869050187565,321.19003005869024,548676
2023-01-31,332.0782165527344,334.04104600019724,322.3133766423869,324.51077756037773,489632
2023-02-01,322.62200927734375,332.94237067991867,319.38764744758396,332.94237067991867,428048
2023-02-02,324.8688049316406,331.7202329619725,320.0542879373534,320.52337061024934,379148
2023-02-03,302.2405700683594,325.9921752661396,301.2159360613436,322.9676709901138,1359484
2023-02-06,320.1530456542969,320.94313837688645,293.90777181620797,301.7097528506766,1587120
2023-02-07,308.5611572265625,320.96779707504,306.15389874849967,320.22710215871297,819716
2023-02-08,317.7951965332031,318.2395954508854,305.4749636427928,310.09195043151817,791644
2023-02-09,318.04205322265625,320.96779206872293,312.7213827677821,314.8076914996005,668020
2023-02-10,317.6964111328125,322.1899484711432,310.2524208068639,316.02984748397125,793724
2023-02-13,324.05401611328125,329.60922781808034,311.3387537667411,311.3387537667411,1881508
2023-02-14,328.0784912109375,328.86855375898097,322.2146562621569,324.65892545595887,791412
2023-02-15,321.5233154296875,328.43646792116857,318.4741274121284,327.89330370956196,639424
2023-02-16,332.9300231933594,334.0287387863601,321.88132351788744,323.1405290445798,989132
2023-02-17,332.8189392089844,334.91757495325464,328.4364939783023,331.09065094899705,1271396
2023-02-20,335.633544921875,336.52237274726895,329.2018323453359,333.3126949441035,672964
2023-02-21,334.4978332519531,338.7444720116787,332.60905520456384,337.3124497974475,482796
2023-02-22,332.9670715332031,335.7693614644194,329.62161734833415,334.3003285018435,327592
2023-02-23,331.9859924316406,334.58146420607005,328.3597721826267,329.12971828116696,920480
2023-02-24,332.1722717285156,333.87361157458196,328.2479872834341,331.56374295634424,420224
2023-02-27,325.0315856933594,332.8676935383064,322.6223623498901,330.58268634623084,596184
2023-02-28,325.65252685546875,329.7754905855083,322.8831766229793,322.8831766229793,339304
2023-03-01,330.1728820800781,332.4703200876236,323.15638221919613,326.3603829096968,486260
2023-03-02,327.2172546386719,336.7919949409546,325.6152694451265,325.6152694451265,582328
2023-03-03,325.8760681152344,330.5330370186829,324.12503568001455,328.0989824776239,363252
2023-03-06,325.8760681152344,327.85061080277336,324.8701507045663,325.9008992189578,482456
2023-03-08,322.8832092285156,326.0499483959492,320.6478639338567,325.3669262225811,659576
2023-03-09,316.71112060546875,322.6844406918219,315.928743831747,321.8896635266856,635936
2023-03-10,308.1298828125,317.3568962692592,306.8383622766691,315.9287591895893,410440
2023-03-13,303.385986328125,310.46457872300965,300.72842166177867,307.98086209322554,538292
2023-03-14,305.4598693847656,307.95601660864713,299.6479666787348,303.38597215951154,621960
2023-03-15,314.1653137207031,315.8045605864509,306.6769022289581,307.061890423259,717572
2023-03-16,313.37054443359375,322.16290819115255,311.23455399547277,311.23455399547277,662728
2023-03-17,316.10260009765625,318.2634517346531,311.7064338356245,313.69340711903885,312872
2023-03-20,315.55621337890625,325.61526622569545,309.4090144169795,322.1256320611997,446212
2023-03-21,307.8939514160156,317.170627366457,307.285422624067,316.1771406714955,235300
2023-03-22,311.17242431640625,315.5189283126172,305.0997494320795,308.018116400964,618716
2023-03-23,305.6337585449219,311.20969018812843,304.2552837034775,310.4645752076301,268196
2023-03-24,298.8904724121094,307.67040484378924,298.0460026741046,306.24226774764253,1062460
2023-03-27,306.25469970703125,308.8377408190239,298.5427472288788,299.28786223860146,923352
2023-03-28,297.37542724609375,306.98739922037316,295.8106735206023,306.2671152781817,984764
2023-03-29,298.4185485839844,300.04539507956764,293.7243181604751,294.5687878656725,721444
2023-03-31,310.0423583984375,311.333878915799,290.9301407794945,299.9212131524712,962632
2023-04-03,311.97967529296875,313.4450743350005,307.0991654964946,313.4450743350005,516756
2023-04-05,310.9613342285156,316.586958679079,305.85728422687436,311.23453700473124,700496
2023-04-06,308.00567626953125,312.5260584786078,307.24816093035975,312.4515348562871,1019404
2023-04-10,310.56396484375,312.9358962736646,307.7325215358327,311.70646854517355,899640
2023-04-11,306.83837890625,313.432628805436,305.5219968774272,312.88622323808045,554792
2023-04-12,321.5916442871094,327.73884300193004,307.4220286573435,308.7259798998812,3142568
2023-04-13,320.498779296875,325.61522916042514,319.0954734278079,321.62885209924593,849144
2023-04-17,320.0393371582031,322.18772791345134,314.0908172910152,320.1386615741528,449948
2023-04-18,321.7530517578125,324.9818833070883,316.95949695670964,319.40595172066895,710268
2023-04-19,316.1895751953125,324.83289135441373,315.4692912690187,322.3864364023333,947412
2023-04-20,308.76324462890625,317.85364159895755,307.98086781223475,316.2019639457193,493828
2023-04-21,307.81939697265625,311.94236028026296,304.3794556994628,310.4397299958365,530684
2023-04-24,306.75146484375,308.8626241879773,304.50368894384303,308.2292642571853,334032
2023-04-25,304.416748046875,307.84425895391934,303.0382731298065,306.46581435565867,347392
2023-04-26,302.467041015625,305.22396057237404,301.54804761750313,304.2180431508806,592988
2023-04-27,304.3174133300781,306.13053879554093,301.6225865559447,304.255320407546,1020324
2023-04-28,310.837158203125,312.69994580721885,304.7520520297518,305.49716707138936,856500
2023-05-02,313.8797302246094,317.59287494524176,309.48356334127254,310.45218869878676,947672
2023-05-03,307.856689453125,316.6738838666675,306.7390169218309,314.99737506972633,650040
2023-05-04,311.3214416503906,312.27769678584133,305.7951722766154,308.2788888490987,526892
2023-05-05,319.2817687988281,321.66613067008734,311.32144497157606,311.96723554235564,1747328
2023-05-08,332.594482421875,338.2076758501423,316.6862958580955,322.883156621109,2543024
2023-05-09,332.2467956542969,337.7854964366272,331.09189155755763,335.0534078625074,657384
2023-05-10,336.72991943359375,337.7854991183385,332.1847053694039,332.246798292036,736124
2023-05-11,327.1800231933594,338.86589243898896,325.03160211728505,338.49333492240294,788228
2023-05-12,335.6122131347656,337.1521053339297,324.2367787230081,328.94343997731073,1112636
2023-05-15,333.8487854003906,340.2691869889387,331.21605176920116,338.00901086175173,939312
2023-05-16,324.9819030761719,338.2697875680498,323.876661259978,334.55664318802945,807412
2023-05-17,322.0511474609375,328.79444468957286,315.4320360732759,317.9157528927505,4756640
2023-05-18,308.30377197265625,322.3864338024512,306.7390182943199,322.3864338024512,2822436
2023-05-19,304.131103515625,311.2096959616808,303.0134310241425,310.7750455483265,984192
2023-05-22,308.601806640625,309.9678508551308,300.3434484347491,305.2612197344932,858720
2023-05-23,312.699951171875,317.9157565528197,307.7325174757372,309.44628816466656,1067224
2023-05-24,313.2835998535156,315.4320208625218,309.48353149425157,312.6999324928464,505096
2023-05-25,311.4456481933594,316.5248671131915,307.9808754718245,312.960739658388,421576
2023-05-26,319.10797119140625,320.374660793293,311.24700084964604,313.6437938101754,961868
2023-05-29,324.3858337402344,326.509393340603,316.9595146974751,319.13276682343593,745664
2023-05-30,324.137451171875,326.1492555799418,319.9275332895434,325.61525044032487,429732
2023-05-31,323.1687927246094,332.7931945868911,321.5792080306906,324.12501755555223,933588
2023-06-01,324.6590576171875,329.4402126050645,323.09430385726756,323.18122788419436,494536
2023-06-02,325.7021789550781,327.14274674898235,322.3864232694961,324.2740418720276,293388
2023-06-05,327.0682067871094,329.70094025800995,323.8269748909082,325.8387792262754,575628
2023-06-06,326.75775146484375,328.7944172783034,324.16227973239825,326.6087345318604,715744
2023-06-07,325.7642822265625,329.9121073822026,323.6282918895184,326.7950307395501,573736
2023-06-08,321.41778564453125,326.7826078791229,319.5549980409363,324.14987412980383,898008
2023-06-09,317.7791442871094,328.83168441017096,315.95361844290494,321.7034290875405,902224
2023-06-12,317.1085205078125,320.8961883658459,313.0973120894781,317.94055951450446,452392
2023-06-13,322.2746887207031,323.5662093420405,317.60528896268227,318.41249693072035,635620
2023-06-14,326.0499267578125,327.8506214590078,319.15761255668565,324.12504621515546,1055004
2023-06-15,328.2852478027344,336.7795466075768,326.782587103843,329.09245571297373,3080092
2023-06-16,335.84814453125,338.53057057085255,327.1303053807508,331.4892401154034,1921012
2023-06-19,341.3868408203125,351.1975212222058,337.17695338297165,340.4057849076454,3992400
2023-06-20,353.73095703125,355.1715249944159,342.2561968128008,343.95753686527064,3964464
2023-06-21,361.65399169921875,366.1122814788873,354.8113702102824,358.1395264167591,3956848
2023-06-22,354.0786437988281,365.1063519205995,351.1602767001431,360.8840335650551,1819892
2023-06-23,344.2431640625,357.2702471406601,341.77187786215825,355.17151847718253,1398304
2023-06-26,356.0035095214844,359.5428056439177,341.7966628277307,344.2431175924585,2614196
2023-06-27,373.8366394042969,375.5255486333457,357.90359010312005,359.36898907570094,6690512
2023-06-28,362.659912109375,377.5125202794417,360.635676867603,377.5125202794417,3082296
2023-06-30,370.84375,371.5640339370354,360.1389366368324,364.33642410001653,1914416
2023-07-03,365.29266357421875,376.6929302247947,364.55997921522635,373.2902198757887,1400404
2023-07-04,363.21875,368.50904857966805,361.8030132362063,367.5900854934578,674864
2023-07-05,362.8710021972656,365.8266310715317,358.8597937478192,363.8644888562588,779776
2023-07-06,366.0252990722656,370.90580819979544,362.0389521656618,365.1063360681878,981516
2023-07-07,360.9461364746094,369.0803088259209,360.13892853134945,364.87042106475,725312
2023-07-10,360.03955078125,366.348196982886,358.7852920947278,361.38076380345706,899216
2023-07-11,360.3748779296875,365.603113935156,359.3938219185942,360.6481110334632,425364
2023-07-12,360.0023193359375,362.2376644552387,353.9296438893593,361.1199918955881,769004
2023-07-13,354.1407470703125,365.09393188442215,352.32765203238057,360.63567244147396,1176088
2023-07-14,356.7610778808594,358.1271220851159,352.37731177980197,355.24601673626375,814588
2023-07-17,363.28082275390625,369.93716520070774,358.0650177763019,360.1016533067009,2039120
2023-07-18,359.5552673339844,367.59008508957936,354.56300264754304,367.59008508957936,1175712
2023-07-19,356.6865539550781,363.35532731928527,354.1283439114251,360.1389262776391,930080
2023-07-20,357.3323059082031,362.1258912185226,356.413342865967,357.6552012034791,860164
2023-07-21,345.3359680175781,357.34473191963025,344.16860300438464,357.3323012088958,1229960
2023-07-24,349.6700439453125,351.8557267338289,342.0823077396245,345.33597050075133,713988
2023-07-25,348.53997802734375,354.4015433989387,346.4909117416789,352.20346017444155,939860
2023-07-26,346.54058837890625,351.7688243984749,345.8823973596139,351.5576842142954,511124
2023-07-27,349.0863952636719,359.8905633134547,341.014315686248,348.3537109372445,1372968
2023-07-28,345.37322998046875,351.8681247480077,340.7783541901128,351.8681247480077,1185360
2023-07-31,340.6417541503906,352.1786063905565,338.36914724778387,341.90844363614923,1474984
2023-08-01,343.1379089355469,346.7268676081217,340.0704944119036,343.74640742810925,785644
2023-08-02,339.7848815917969,345.0255178625232,336.543619110479,343.99476934908745,1208724
2023-08-03,349.6203918457031,352.191032599576,332.8180420898673,332.8180420898673,3001492
2023-08-04,337.5992126464844,353.929650926055,336.8044353824548,353.929650926055,1680908
2023-08-07,346.62750244140625,347.7203438716215,338.82862580795256,339.99599086794916,1464480
2023-08-08,344.7771301269531,350.19161419016444,340.7659217049304,350.19161419016444,720372
2023-08-09,354.5133056640625,355.6434089173514,343.3738420595627,347.22360303744574,1911712
2023-08-10,349.9681091308594,357.9035717553018,348.22950746376216,357.1584567551173,1290108
2023-08-11,342.5791015625,352.67538701928424,341.58561475198746,352.67538701928424,466008
2023-08-14,334.75537109375,344.0196168061891,333.8488083745298,342.3307075297716,646524
2023-08-16,337.05279541015625,338.2449612649689,331.0546133644665,335.30176296492726,530876
2023-08-17,336.7795715332031,345.84513796531087,334.05991373109435,340.0208341248091,1194652
2023-08-18,332.135009765625,338.5305801537086,328.1114009111301,337.5246627806815,960864
2023-08-21,334.86712646484375,341.473807264768,326.6087678852361,336.05932268807027,1874520
2023-08-22,330.0114440917969,341.51106517766664,327.85062257056,335.55014476729286,1044464
2023-08-23,329.1172790527344,332.8180228330723,327.8630203669232,331.57616453891904,1191508
2023-08-24,326.2361755371094,332.43303632900137,324.12501642628683,331.56373551866267,687344
2023-08-25,328.4219055175781,329.24151392251594,321.88971778984336,326.18656025514866,1247680
2023-08-28,331.26568603515625,332.8180088375703,326.9067514784557,329.2041892260285,890900
2023-08-29,331.79974365234375,336.8541014331268,330.6075474238953,330.6075474238953,613124
2023-08-30,337.9593200683594,339.52407372071076,333.20302683126806,333.3147819555186,575736
2023-08-31,333.1036682128906,339.0024953210007,331.3650665389213,338.8658787762374,481088
2023-09-01,338.5057678222656,339.51165493226597,330.71932173903997,332.81805030185285,694004
2023-09-04,342.35552978515625,344.9882635294668,339.7724582493236,340.0208299293305,586428
2023-09-05,346.9504089355469,349.16092297093076,340.71628577597,341.5110630315016,746496
2023-09-06,351.110595703125,353.28384768158105,345.2490307164217,349.95566144509866,748608
2023-09-07,355.04730224609375,358.8846324198665,352.0916733094897,353.99172264864995,2119260
2023-09-08,352.7871398925781,357.8290667989591,350.89952119071114,355.19633305802813,724696
2023-09-11,352.53875732421875,358.3878920089267,351.6942875756006,353.1720868965767,603288
2023-09-12,347.3105163574219,355.25840974425483,343.9450984427191,352.9485714199908,1039260
2023-09-13,356.6368713378906,358.01531585450545,345.534639985695,347.22357939496686,1324616
2023-09-14,361.3807678222656,366.3357703463267,358.85978939190915,360.8591933963865,1387640
2023-09-15,366.7952880859375,377.4007460853272,362.62263197405576,364.994593509354,3734916
2023-09-18,371.7130432128906,379.9838321284083,358.6486991550754,367.5900794664208,3016216
2023-09-20,363.42987060546875,370.657480625506,359.6173712779483,370.657480625506,1518388
2023-09-21,352.91131591796875,368.1489119793079,351.1975453120198,364.1128722966203,2060052
2023-09-22,352.12890625,357.4316349056448,347.869326395241,351.4583149235456,672016
2023-09-25,355.6185607910156,357.77938214119405,348.5647994667129,351.69427637065655,617724
2023-09-26,356.82318115234375,357.61795840308463,353.2590535979513,353.9420757198973,466908
2023-09-27,361.5049743652344,362.12590355514374,352.6877798685214,356.63689558010657,835460
2023-09-28,348.6641540527344,363.330482620735,347.69549849936743,360.38728446607934,758576
2023-09-29,362.5729675292969,369.5770363322647,349.33474569981877,349.33474569981877,1489120
2023-10-03,364.7337951660156,367.40379060219857,360.3624598644915,363.86449432632816,720204
2023-10-04,357.5310363769531,365.454099099572,355.55649363181476,365.10637268087606,695224
2023-10-05,355.9662780761719,362.5729889900369,351.7067280380332,357.9284204032668,646832
2023-10-06,365.3671569824219,366.34821295059714,356.41334615871654,357.68003561091984,899752
2023-10-09,372.8307189941406,377.512519050785,362.0513821279588,365.3547375659012,2990412
2023-10-10,365.85150146484375,377.36352329849893,364.1749925477441,377.36352329849893,1245256
2023-10-11,361.8775329589844,369.56462422547656,360.8840462521649,369.50253130630034,767700
2023-10-12,374.22161865234375,375.7863724496848,362.61024197552763,362.61024197552763,1947124
2023-10-13,387.0624084472656,392.92397367216614,371.09209827478696,373.0542404902614,8023920
2023-10-16,379.6485290527344,392.92398271282224,378.8413211236467,387.96898001409943,1888348
2023-10-17,383.6845703125,386.0937633988521,379.5119141032139,382.4923741616161,1020588
2023-10-18,379.6609191894531,391.68211378013814,378.85371128217,385.944734410595,1477384
2023-10-19,375.0660400390625,376.8915656876751,364.373658200728,373.79935062893173,2364136
2023-10-20,374.2588195800781,381.87141681481415,369.40317195104933,376.1588687909178,1246480
2023-10-23,368.1861572265625,380.71649542699686,366.13709101832376,372.5326613046447,1153188
2023-10-25,358.4127502441406,372.1228542900263,355.5440453303338,368.81949895405523,1053140
2023-10-26,349.458984375,357.9036222348081,342.9640583102383,357.9036222348081,1793864
2023-10-27,343.83331298828125,353.1845123646511,343.2496456314682,352.41456625659083,823360
2023-10-30,346.5902404785156,348.96220209357875,337.79790747084826,345.7333703304353,1348216
2023-10-31,349.0739440917969,352.66293283868174,347.79485427339284,350.2040472939205,1164328
2023-11-01,351.88055419921875,355.1466476374072,347.96870049980976,347.96870049980976,1019384
2023-11-02,361.8278503417969,363.119370860289,350.73804953869774,353.9544504430772,893508
2023-11-03,365.71484375,381.23807271692255,360.39971440677095,363.86448698466546,3233148
2023-11-06,390.3284912109375,392.4272195932652,361.629134004933,362.3866796892651,5798880
2023-11-07,377.3634948730469,389.4343521031471,375.78634081507954,388.726498899676,1404764
2023-11-08,381.7099914550781,382.8897568766967,375.9601812838494,377.52493491794,1301264
2023-11-09,403.29351806640625,405.3425844399538,380.0086729124567,380.0086729124567,4286400
2023-11-10,403.5791320800781,406.0876798797943,396.67438753625044,403.2934985962177,1459376
2023-11-13,399.7293701171875,404.84582043437587,390.8128211371107,401.8653604066381,883524
2023-11-15,395.6436462402344,403.19415119873827,394.9233926401901,401.70392115372334,477940
2023-11-16,399.09600830078125,401.6169867924607,392.42723508477917,395.246247450266,696564
2023-11-17,402.7188415527344,411.4459750307544,400.37831547046846,402.6192388779524,1653960
2023-11-20,408.6324157714844,411.9066601512393,402.9553972821657,404.81040223682635,1711488
2023-11-21,407.1758117675781,413.9359066713537,405.968178678011,410.798619852869,835916
2023-11-22,403.2541809082031,410.026737297241,400.3783170329216,407.1508734219595,499284
2023-11-23,403.96380615234375,408.2838024965726,399.768305555179,403.3537587550482,399608
2023-11-24,412.877685546875,415.8157973506133,403.8393124998279,403.96380824753766,1861356
2023-11-28,417.0981140136719,422.46386255966274,412.454416496409,412.877689885282,2064216
2023-11-29,420.7956237792969,426.1489408865483,417.7454779856304,420.2976407925758,1140852
2023-11-30,424.06988525390625,425.65097522219605,420.40969191586896,424.34376982885505,1279356
2023-12-01,420.3225402832031,427.14491338438336,418.8036982293983,423.7959899053191,1112312
2023-12-04,419.4386291503906,425.2650057357247,417.3097397403476,423.2730738037898,1005092
2023-12-05,415.8780517578125,423.03655736358235,412.8527989620453,418.57960344666117,565008
2023-12-06,415.26800537109375,422.96181784068017,412.1556118495886,417.79524459498157,747372
2023-12-07,415.47967529296875,418.3057227577056,410.68658888637003,413.32589272487576,530488
2023-12-08,411.7572326660156,418.0318367221087,408.84404426479153,416.3137892878998,424144
2023-12-11,409.8026428222656,412.06845933048515,407.62396725773357,411.7572199641234,304840
2023-12-12,403.4658508300781,410.1512668269486,400.7642990124343,409.0930529043415,483172
2023-12-13,410.8235168457031,414.85719741752075,402.79354090075776,403.4533744603993,968100
2023-12-14,405.4701843261719,415.3053482925917,403.6899194680789,410.8359631542469,589992
2023-12-15,402.7437438964844,409.80264671370503,401.98430767756247,404.88506467849294,384428
2023-12-18,403.1794738769531,413.5624069473074,383.4468981136377,383.4468981136377,1977796
2023-12-19,407.9476623535156,417.8077192558688,402.64413147096644,407.1010852105754,2402556
2023-12-20,396.8924560546875,418.04427209128175,389.32310827939284,412.08093774812284,2045664
2023-12-21,425.6509704589844,430.0083217213607,397.5771787542459,397.6394266294227,7651404
2023-12-22,426.90838623046875,436.94272539084665,421.0321625458949,425.7879244863802,4309084
2023-12-26,421.96588134765625,430.9420370475882,420.8205265307427,429.2613444287402,1493676
2023-12-27,414.956787109375,425.5264638878296,410.97292319936605,425.5264638878296,1855156
2023-12-28,415.38006591796875,420.5466394937505,412.09339030706667,416.3511388376121,1174568
2023-12-29,417.8450622558594,422.72528923185865,413.32586077154195,415.31779263068194,1203468
2024-01-01,416.9486999511719,424.00760241424024,415.89048614858496,419.42615304885277,425568
2024-01-02,428.3151550292969,430.2573008366947,414.99411012492004,416.3635633393887,1662684
2024-01-03,425.2899169921875,433.8925545396045,423.33530952450957,429.0123275253485,1248248
2024-01-04,422.2895812988281,428.4521208844095,418.8037003211255,425.28994101242444,690900
2024-01-05,416.9237976074219,426.88345743041356,412.36727147508503,425.14051696139,1064976
2024-01-08,413.32586669921875,422.6630474228457,410.83595183958494,416.9237815136023,810492
2024-01-09,412.927490234375,421.00725187111556,409.27975885225055,420.14824339435387,2304120
2024-01-10,400.4779052734375,413.3258596511707,398.88435371155146,413.3258596511707,1195804
2024-01-11,399.793212890625,405.3581669040562,395.9960924696871,401.6108326259326,1157088
2024-01-12,374.43341064453125,402.56944870079013,361.0376564741179,400.8265082902254,8237180
2024-01-15,387.3187561035156,388.41429443353724,375.98964238198266,375.98964238198266,3917392
2024-01-16,387.3684997558594,388.42671355882413,381.52966163611177,387.92873059272307,891712
2024-01-17,390.244384765625,391.41463264181704,376.51249764971055,384.4428707372554,766124
2024-01-18,389.68414306640625,392.4105877205093,383.1107616602146,386.5219329109111,674196
2024-01-19,399.2578430175781,402.37023655528924,386.58417045312495,389.94555547385295,1220272
2024-01-23,393.929443359375,399.25786750158926,388.4391990588509,394.4025332850124,1493600
2024-01-24,401.00079345703125,402.12125515871185,392.04956157583695,395.6474764378905,1093060
2024-01-25,388.0906066894531,402.8557843698827,384.8412554639027,402.34537003270174,1211180
2024-01-29,393.8423156738281,395.8467094603027,386.9452630968828,389.6717079371209,811912
2024-01-30,395.1246032714844,401.1252921275842,384.74163985682634,394.6515133595413,532260
2024-01-31,406.4537353515625,408.5950561972855,393.40657452267584,393.40657452267584,1204404
2024-02-01,406.1673583984375,411.0974019409231,401.38673406197194,407.1010764637213,681292
2024-02-02,407.6613464355469,411.01027006005074,391.4644366838465,406.16739738768416,952824
2024-02-05,415.0190124511719,417.06073043641675,400.5152586912189,404.36216491268107,1337660
2024-02-06,434.32830810546875,451.37179417023526,415.0688220513845,415.81579653618,6694896
2024-02-07,438.21258544921875,445.3213050485139,433.68095223273644,439.2210131985343,1253468
2024-02-08,415.9651794433594,440.96393125817696,414.27205553856396,439.469982309815,1574492
2024-02-09,409.3046569824219,419.002893807319,406.9641308848059,418.3057054737418,536636
2024-02-12,415.1684265136719,423.2606501337572,405.75653580698474,407.1010959642929,1378992
2024-02-13,425.5015869140625,431.81351545637006,409.7404125660547,415.1684395065726,1939452
2024-02-14,422.314453125,427.25692804085736,419.1149186103143,423.27306426675074,327392
2024-02-15,425.1903381347656,427.5681887067584,417.82019586425906,423.2855470939488,1877588
2024-02-16,444.6739196777344,446.44175322398837,427.0204164970107,430.24484421889406,2184692
2024-02-19,444.6739196777344,455.87853702022153,443.13015416275425,450.1766256714841,1296356
2024-02-20,435.0006103515625,445.69478307252587,430.7677548698681,444.69881707683305,1094928
2024-02-21,430.73040771484375,437.1668319974094,427.02042823611396,435.747592586133,1190156
2024-02-22,435.4736633300781,440.24185654159027,426.47264509504555,429.6597179966151,1281504
2024-02-23,435.3118591308594,439.4202189518602,430.9918322156244,439.4202189518602,811828
2024-02-26,421.99078369140625,435.23711862211803,420.3100911566812,433.48171648361784,679476
2024-02-27,406.3043518066406,423.01167578684556,405.10918041958735,421.99081669074263,939552
2024-02-28,399.73095703125,409.79021963093334,395.61013558091094,409.79021963093334,2105044
2024-02-29,398.8594665527344,405.10914675756214,392.44793580349824,399.6313340786031,759352
2024-03-01,426.534912109375,438.5736453624671,401.3245220915132,401.3245220915132,3899452
2024-03-04,416.811767578125,423.9951662152578,408.34605664762546,423.9951662152578,1041208
2024-03-05,415.0190124511719,419.4012564353714,402.13370331679306,415.8033113002989,1154204
2024-03-06,410.56207275390625,413.9732439992648,403.5654179840112,413.9732439992648,650476
2024-03-07,406.5408630371094,413.3009881982005,404.28747785192246,410.83596632137835,348336
2024-03-11,404.2127990722656,410.7612571542519,401.68552931905685,408.4705475579809,463620
2024-03-12,407.412353515625,409.0183365787232,394.60175263238733,403.36624152501906,4011716
2024-03-13,395.3487243652344,417.06077147466436,393.4065784656535,406.14250004360986,1362312
2024-03-14,405.02203369140625,408.3460641714689,389.0741157957018,395.3487198964823,620168
2024-03-15,396.8800048828125,405.3457162159035,393.4314785510212,402.4947755865188,328184
2024-03-18,395.37359619140625,399.10846857108237,389.07409928656483,397.8884041814943,542668
2024-03-19,393.979248046875,398.14985551773526,387.9909905354044,395.1370341635087,604120
2024-03-20,402.6317138671875,407.1010990970398,386.1982750045547,393.4065667115125,1109080
2024-03-21,405.1714172363281,406.75250717799065,398.6353903796966,402.64414743953654,650464
2024-03-22,398.87188720703125,411.1347175348925,397.98798569419085,401.5112211972313,832568
2024-03-26,411.8817138671875,413.87364580298714,394.6515147803081,394.6515147803081,1818164
2024-03-27,430.4814147949219,435.98412092183736,411.2219281534824,411.3339621718306,1818992
2024-03-28,429.1617126464844,451.8572923281966,418.5795746528498,430.48137965994835,4941604
2024-04-01,432.2865905761719,435.98410820190287,422.56346052844435,425.5264654009435,672596
2024-04-02,428.8753967285156,434.37813319038764,424.28151571439605,428.53926428263594,335372
2024-04-03,429.4605407714844,435.7351142590266,424.82927467007,428.51436093701983,431700
2024-04-04,419.13983154296875,435.1748900725402,417.7952713765956,434.7391549515979,339652
2024-04-05,426.9581604003906,431.0042721405897,417.06074860513445,417.06074860513445,529932
2024-04-08,434.50262451171875,435.3367399487617,426.78388809558635,427.0204178602283,455636
2024-04-09,440.2044982910156,443.1923962097269,431.2532662673308,438.67322492325155,861640
2024-04-10,448.3589782714844,454.27252634872946,439.8559429307269,442.706883424916,1763784
2024-04-12,458.50537109375,481.4250501055408,456.48854608608843,461.866756238009,9880340
2024-04-15,442.6072998046875,453.0275883653229,430.29468185674745,448.43370718740476,3287824
2024-04-16,434.8511962890625,440.21697531222304,426.3730538869545,439.4700008066028,1212764
2024-04-18,433.1829528808594,435.1997779089262,423.93291277436157,434.50261996048573,1018480
2024-04-19,433.1580505371094,436.7310723304746,416.21416752864405,425.77544679880936,1347088
2024-04-22,445.582763671875,449.5168112472247,427.1573921471663,432.00026480229116,1055296
2024-04-23,455.6544494628906,457.8953729848393,435.7351292677916,449.67865340436094,2982652
2024-04-24,458.3933410644531,467.85501784905347,447.68670680819486,455.65443462680565,3296212
2024-04-25,441.12579345703125,457.89536476640103,436.24556617571784,455.4054497867034,1395536
2024-04-26,449.4421081542969,453.1520570972726,441.48681168870826,443.2048590752534,840508
2024-04-29,446.7032165527344,452.66655087094125,443.88960042088587,450.7742215336532,401880
2024-04-30,452.6042785644531,460.60936100469866,438.22502009266265,448.159786570248,426240
2024-05-02,450.5376281738281,456.7624152684096,448.44612402562336,451.9195430666125,326460
2024-05-03,445.79437255859375,452.5171428305731,442.8438294625633,449.3051465106225,359760
2024-05-06,451.62078857421875,458.019857877398,445.2839367507036,446.1927617919529,755080
2024-05-07,442.8438415527344,451.9195695098972,433.7929762720428,451.9195695098972,573596
2024-05-08,439.32061767578125,447.5373373440522,437.86402344984555,440.22944274828717,280772
2024-05-09,427.0079345703125,444.67389864818927,421.0446006689506,441.97234711782323,485192
2024-05-10,435.19976806640625,438.44911915636544,422.21485583327876,431.2532590437736,735968
2024-05-13,455.9034118652344,458.14433524414596,427.2444978427144,433.2451865895728,2885444
2024-05-14,457.18572998046875,462.7257906273712,453.05247732953865,456.3516145687053,729328
2024-05-15,460.696533203125,463.14909345421364,449.44212930860624,452.95290345841846,750488
2024-05-16,465.0912170410156,469.983905969851,459.41419882833395,464.9791526321979,1150584
2024-05-17,457.6961364746094,468.3405224794157,453.6002386960444,464.381582175659,765496
2024-05-21,473.7685546875,476.81870042126525,454.4841760632369,458.2937276001563,1427672
2024-05-22,487.0398254394531,510.4325642122716,472.0131644164577,478.06366989637144,10534148
2024-05-23,484.74908447265625,492.1192266231205,478.82310514654324,487.02736272380105,1272524
2024-05-24,490.6999816894531,498.23197430450114,470.5939187583744,483.0434933287018,1901988
2024-05-27,492.34332275390625,502.9379229420557,483.043496566431,490.98633127443264,1529368
2024-05-28,496.6260070800781,500.4729135864245,490.16465943664593,492.34333505549233,683128
2024-05-29,490.7995910644531,497.9705278781654,486.5916287233489,497.9705278781654,405892
2024-05-30,478.15081787109375,490.63774759468373,475.79786036901385,488.1478326106965,690284
2024-05-31,474.7396240234375,486.7783563221268,469.5854820139338,481.79852658993116,728436
2024-06-03,478.5118713378906,485.18482522423227,475.2376270717668,483.51659435126436,243288
2024-06-04,470.43206787109375,482.78203975706583,447.6991629587378,482.78203975706583,894728
2024-06-05,494.2854919433594,503.2118313135452,470.79314953911006,473.08385922599496,1613632
2024-06-06,505.0917053222656,514.901945831654,497.0119131371049,502.913029758346,2028716
2024-06-07,498.5307312011719,512.1754765205168,496.7380046953967,508.93858726686256,1963448
2024-06-10,499.7757263183594,506.87198406376103,497.03681982013416,498.02035448117897,679220
2024-06-11,497.0119323730469,507.66878084451827,495.4183806771534,501.2323565797509,483816
2024-06-12,485.70770263671875,500.48537234782145,484.0643648300108,500.47291061514255,1285680
2024-06-13,495.5552978515625,503.70976890024417,488.59599807620003,490.2144427118163,1368928
2024-06-14,487.57513427734375,495.97859724955583,486.3052837293256,495.7420674866444,726576
2024-06-18,486.8281555175781,491.74573751000264,478.5865431686617,491.74573751000264,762700
2024-06-19,485.37158203125,491.2975919816468,479.8066279981777,490.998783940295,435376
2024-06-20,484.62457275390625,489.2682700472433,482.0350552203096,486.26791048280484,247400
2024-06-21,483.04351806640625,495.46820020278165,481.8110222786127,485.2844416038277,772784
2024-06-24,482.0973205566406,487.3510654177563,476.2833752261337,476.8436060899946,356528
2024-06-25,481.96038818359375,490.9614367097714,480.52868710276715,482.0973152676869,311396
2024-06-26,483.87762451171875,485.38403524159787,479.5825211450128,481.96040212320906,194216
2024-06-27,482.3338928222656,485.3342221762489,475.9597164678787,483.8776279725377,380256
2024-06-28,492.51763916015625,494.62160513647524,483.0310388789628,483.04350061150865,630204
2024-07-01,511.5903625488281,513.4951840023656,492.81642771341706,496.6882577067205,1399300
2024-07-02,501.2821350097656,517.9023175563455,499.227955144458,517.9023175563455,1051068
2024-07-03,504.0085754394531,512.5365342010407,502.2283105537049,503.4856993753009,551728
2024-07-04,519.50830078125,521.7616860043396,500.89618623635647,505.42784975353436,1150336
2024-07-05,507.4197692871094,525.1728444881556,505.45273041497495,522.882134912043,1338288
2024-07-08,508.5028991699219,512.16306212184,495.4930930827002,510.4325833263997,734700
2024-07-09,509.9096984863281,519.8942515487682,507.46956963065793,508.9386255582769,1148200
2024-07-10,511.3165283203125,513.4080326920159,500.72192739540577,512.8975879379267,619680
2024-07-11,512.4992065429688,516.1344458982131,505.4527350735642,512.9224799268682,635580
2024-07-12,511.3165283203125,517.8774181457378,509.44909199238333,512.4992379946676,602744
2024-07-15,516.3461303710938,527.2395086489649,512.4120524580972,512.9598216079962,1610168
2024-07-16,508.0422668457031,518.3878455188723,503.84676611518694,516.8441103639991,363420
2024-07-18,505.7142028808594,509.6980669174755,500.47291959989815,507.4446816639763,323436
2024-07-19,492.4927062988281,508.93860639820144,489.9405435221248,508.93860639820144,541304
2024-07-22,506.5856628417969,508.44063733835304,486.85308668652533,488.02333456570614,319604
2024-07-23,504.84271240234375,509.37434540470053,490.1522143557216,508.216528886539,398632
2024-07-24,516.0223999023438,520.1432212085282,500.4604318192739,500.4728935515279,636936
2024-07-25,510.9180908203125,515.9353059651883,506.19971410340327,514.9642026521769,472452
2024-07-26,528.2105102539062,532.0948017229097,509.34943572066726,511.5654660088889,861128
2024-07-29,525.2600708007812,535.3940134612093,521.450488404203,532.5928588738643,265492
2024-07-30,522.9070434570312,530.2771549607116,520.8154785036976,525.2600008392118,213124
2024-07-31,527.5880737304688,532.767109173621,523.131150122583,523.131150122583,535692
2024-08-01,519.1597290039062,529.6422344740076,515.6738480725877,527.5880546394807,306304
2024-08-02,518.8609619140625,525.3720653275457,511.4285413188526,517.4043373225782,294980
2024-08-05,511.36627197265625,532.8168644947898,489.2931703318021,504.4567581334639,520148
2024-08-06,507.9426574707031,524.376096388873,506.3615675324702,512.2502225570418,244628
2024-08-07,523.9528198242188,528.1732135448445,510.45749283097285,510.45749283097285,920632
2024-08-08,514.3417358398438,529.5924654060223,511.2667272496606,523.965293908846,634920
2024-08-09,512.4244995117188,522.3841593661739,510.4450292734337,516.6573549498622,302248
2024-08-12,507.60650634765625,532.294018620182,499.1407957013276,515.1758537103262,947048
2024-08-13,500.60986328125,514.7525923790855,498.9914185609981,508.0297916081847,624528
2024-08-14,493.33929443359375,512.1630454489759,492.0320890798246,499.974923879716,390636
2024-08-16,515.885498046875,517.3919088775211,494.0489542361388,499.7633277690325,911232
2024-08-19,527.8495483398438,540.2368761705743,516.9063834491781,516.9063834491781,1536792
2024-08-20,520.8404541015625,531.2109262038829,514.0802981144892,527.9864982989639,505916
2024-08-21,521.8488159179688,528.8454400090694,516.6573192618598,519.1472340534832,376508
2024-08-22,522.8198852539062,525.7330735521113,518.7239873688666,521.8488427508174,342180
2024-08-23,514.2296752929688,526.7664211439518,511.9265040079137,525.3720444828297,517332
2024-08-26,523.4423828125,525.6085967127301,514.1799111360034,518.4003049188369,339504
2024-08-27,517.7777709960938,529.0073108067018,516.6573093613342,520.3921814771993,276500
2024-08-28,522.2098999023438,529.8041408674936,512.2253161538977,517.7778389189924,570316
2024-08-29,517.615966796875,522.9318984655033,508.92612759960474,519.645223060093,383532
2024-08-30,532.7919921875,534.1365218920022,515.7485371833873,515.7485371833873,562664
2024-09-02,525.7206420898438,538.4316706443342,521.699453578648,537.298747132873,467072
2024-09-03,525.185302734375,535.082714508082,524.1520123616262,530.3518761759956,400816
2024-09-04,529.4057006835938,531.5843762490919,519.1472633215504,519.3962548147501,313580
2024-09-05,534.0618286132812,540.7970606515881,528.4346573491312,528.4346573491312,535152
2024-09-06,532.66748046875,545.1793022247571,530.3518475680602,535.3067536593427,638816
2024-09-09,536.2405395507812,537.8216599500076,526.5050080130147,526.6419655008832,286244
2024-09-10,540.7597045898438,546.9471063506371,537.7718068510167,538.3071142136491,915952
2024-09-11,540.0376586914062,551.2672000449356,537.697162826124,540.3240353996641,897976
2024-09-12,541.8677368164062,548.4535496505973,540.5978558861202,545.0423783531825,228080
2024-09-13,542.1914672851562,546.287365410413,540.5730224924636,546.287365410413,156552
2024-09-16,541.4444580078125,548.5157920248305,540.3115345678665,545.0423728889676,260364
2024-09-17,543.3243408203125,545.6399129872451,533.6509973643645,541.4444429608568,552404
2024-09-18,531.6964111328125,545.764430521608,529.0197525765373,542.3283965409826,289692
2024-09-19,529.7791748046875,543.4363821840833,526.6294568092809,532.1570556636507,432736
2024-09-20,525.4965209960938,532.3313249962515,518.4625116532178,530.2398208700504,484908
2024-09-23,541.6934814453125,545.2913965386582,525.8575973946405,525.8575973946405,616568
2024-09-24,546.6732788085938,552.4623309593675,540.4858159576754,541.3075000336374,902788
2024-09-25,542.8511962890625,553.2590519993115,540.361281563593,546.5113587777158,636036
2024-09-26,538.0955200195312,544.4945889961624,529.1069031377112,542.851220887313,444172
2024-09-27,543.5982055664062,549.2254375224022,535.8047598181244,541.506701378462,294364
2024-09-30,545.8018188476562,549.8105454443445,538.9545527342138,542.3034761846369,188428
2024-10-01,560.4923095703125,563.9159425813173,544.0713328498629,547.8559913660587,1070496
2024-10-03,558.5751342773438,565.4597252872585,554.2675689502597,556.508492564344,524240
2024-10-04,556.4586791992188,572.4314596404654,552.5619257430909,558.5751069534354,1139168
2024-10-07,547.3953247070312,567.0781139937795,543.7476237229316,561.4758055130507,1153508
2024-10-08,566.9287109375,568.6965748684725,540.9589466269782,541.5565018997056,459012
2024-10-09,569.8295288085938,575.7555388673628,564.7252028854801,565.2107241691585,422444
2024-10-10,562.6087646484375,577.2370154987509,554.2550875369809,574.6723908514609,384996
2024-10-11,566.2191162109375,571.6595438538257,556.8196873602058,562.7207735802284,529772
2024-10-14,569.8045654296875,573.502113386668,550.90613557808,569.3812920527688,510904
2024-10-15,562.6087646484375,569.9540140115736,556.520934537457,568.4476032555829,267900
2024-10-16,554.9273681640625,565.0239860884644,552.4125903774334,560.1811133594312,154704
2024-10-17,544.7435913085938,563.0942518738223,542.4404200373875,556.9939603987355,751400
2024-10-18,549.1880493164062,552.2631184982813,541.7432281662018,545.1917845788016,284752
2024-10-21,541.9299926757812,552.2382163256441,540.4360436952829,547.992959937213,109820
2024-10-22,531.173583984375,545.4158857573423,529.6049253621854,545.2540655964328,250256
2024-10-23,528.2230224609375,541.232828753251,526.9780649210032,530.1153822372146,349964
2024-10-24,531.6839599609375,539.0789944646665,525.2475061436747,531.5843268995437,317916
2024-10-25,524.2640380859375,535.8670049172945,519.1721743299587,531.4225433436775,648536
2024-10-28,534.1987915039062,538.4441086571179,519.3589348554367,522.1351657128214,440172
2024-10-29,527.637939453125,537.2738988473268,518.0766288816598,534.086795323505,309872
2024-10-30,532.978759765625,537.0248715820401,521.0520306149515,527.6129808605297,317956
2024-10-31,534.3855590820312,541.0212192034913,528.8081736521174,531.5968663670743,603932
2024-11-01,534.634521484375,541.3448300613378,533.426949216976,533.4642736253417,12632
2024-11-04,523.8656616210938,536.514442156442,520.4544901809968,528.9202012998361,395816
2024-11-05,535.1200561523438,536.2779030969061,520.2552758089407,520.6412247904615,733212
2024-11-06,545.4283447265625,548.7897299903905,529.7543418948711,534.4602569486541,502488
2024-11-07,525.8327026367188,549.4121845893142,521.9484110759273,544.1709015653854,428448
2024-11-08,526.7290649414062,530.1029119781537,521.4131328047506,526.0318765724677,726240
2024-11-11,536.52685546875,538.8175649363856,518.4251869560773,529.094435444603,1077932
2024-11-12,541.3822021484375,556.7325030009275,533.3397649634238,536.5268681536724,668088
2024-11-13,510.4698791503906,546.710602694892,507.23302017332213,539.0665761060488,1439348
2024-11-14,506.00048828125,515.1883106350377,504.03347984735717,509.1875914761498,396232
2024-11-18,503.2615966796875,508.228995233165,497.1239806539591,505.32823824245804,912192
2024-11-19,503.1371154785156,512.8353223148553,500.75926487324875,504.38207298738956,252948
2024-11-21,501.90460205078125,503.3238414031954,495.03244292238173,499.92513183907687,301152
2024-11-22,513.3831787109375,515.7609990442927,500.4604826293944,500.4729443629136,425064
2024-11-25,527.388916015625,528.7209840560212,510.9305536889196,514.9144176553049,498312
2024-11-26,537.3112182617188,539.128868447294,523.6166851756542,526.1190620155328,378988
2024-11-27,539.8135986328125,541.2452998284484,531.2358531923999,536.3152557274265,188480
2024-11-28,532.804443359375,544.4696577364012,529.953442279199,541.5564695750948,380856
2024-11-29,533.240234375,536.9751069706721,525.6210699642521,530.5884383587075,208756
2024-12-02,531.4848022460938,544.7062140188195,529.8788192779441,531.5595118515995,252380
2024-12-03,516.9935302734375,537.0746706244643,514.4662300509592,534.0743108630485,500248
2024-12-04,524.1270751953125,525.1479645979659,513.5822615046683,516.9934934755686,570132
2024-12-05,522.9319458007812,528.4720067781063,520.7781936015775,527.8619897496274,334616
2024-12-06,531.7213134765625,537.4481176020417,522.4588424400964,522.9319019435832,3799068
2024-12-09,545.4034423828125,550.7692215954756,520.7657445600983,529.1069601674438,2213836
2024-12-10,552.9727783203125,560.1063602375921,541.45692183621,555.6369751220902,3603524
2024-12-11,553.3836059570312,557.0935549727307,545.04239074913,550.2836739554649,1025916
2024-12-12,554.3422241210938,556.7200442024745,545.9138379291666,553.3835825758598,531504
2024-12-13,553.757080078125,556.969046020197,545.042377828694,552.7611141067615,439204
2024-12-16,550.8189697265625,556.7449794292593,546.0383452094658,553.7570815074564,555644
2024-12-17,541.4070434570312,559.1850713942277,537.38585541769,552.0016429647651,1009340
2024-12-18,530.7503051757812,542.3284099140058,529.0820134963257,541.4070927337905,769048
2024-12-19,529.4555053710938,534.0245237469364,515.4373324440451,522.8821540359327,272524
2024-12-20,512.4369506835938,530.6381922191404,510.96786441197406,527.525798578766,284816
2024-12-23,503.3861083984375,521.2637104340201,501.99176206346465,514.9642132635829,287100
2024-12-24,501.3692626953125,506.17481065332976,498.30668557744366,502.029096228642,248956
2024-12-26,504.9796447753906,508.1916411387973,493.0156216809998,501.36926809900035,434380
2024-12-27,512.4618530273438,516.5951364172802,503.2118427277133,504.97967637339434,384160
2024-12-30,511.0426025390625,517.0059369290534,504.5190372625369,512.4618419604951,572312
2024-12-31,517.0681762695312,520.0436733378262,510.0093036890889,511.0425941027295,287348
2025-01-01,512.051025390625,519.4958470070591,508.93863160633964,513.1964106188184,142344
2025-01-02,510.196044921875,514.2794812038104,505.2411079960005,512.2253013300622,399268
2025-01-03,497.4352111816406,512.9722558514936,492.1441420159299,512.9597941191985,1781908
2025-01-06,507.6438903808594,512.9100363735122,490.6751133087819,495.7918704779677,2759632
2025-01-07,506.7225646972656,515.9975279016263,497.48498668899134,510.1835524152869,1196180
2025-01-08,504.6061706542969,512.3995864113721,499.8504390564891,506.8222010956332,557152
2025-01-09,498.0577087402344,507.3824282412038,493.0031691412507,504.60616694214565,445216
2025-01-10,486.4297790527344,501.34437569744756,483.75312047873507,493.27704517226744,875764
2025-01-13,468.80120849609375,485.52096341045024,465.1534769411236,477.1797481579894,510400
2025-01-14,466.1245422363281,472.17501735233907,463.1241825517934,469.4734656996809,275020
2025-01-15,467.5188903808594,472.1750192165722,458.4431320793056,466.84659510233513,391404
2025-01-16,470.30755615234375,472.6107273679717,466.6971796521701,468.3529790914882,416776
2025-01-17,470.7682189941406,473.18345479160655,467.15784222802074,469.34897959559197,151228
2025-01-20,471.975830078125,473.04647524629047,464.0081024141484,470.32003059406105,100792
2025-01-21,459.7005310058594,475.63598610910924,456.7001714419132,470.56901544814144,260896
2025-01-22,460.522216796875,463.1739518170338,455.1688998280229,458.35597262396067,375716
2025-01-23,465.78839111328125,468.87589182015483,458.7170567647755,460.5222451561345,260488
2025-01-24,448.7324523925781,467.84254930426414,446.93972581728246,465.2032455816743,424648
2025-01-27,435.9716491699219,446.60360432010395,433.7556491639485,446.4915399098606,483216
2025-01-28,425.5015869140625,436.32025559616426,420.14826958247136,435.11265288165293,901324
2025-01-29,446.0557861328125,447.26341915737135,423.83329597264276,426.26096296493023,370128
2025-01-30,449.3300476074219,466.2863624063059,438.000934539303,446.01847894726893,619796
2025-01-31,447.4128112792969,451.1601149404764,441.6611139800787,448.85694367434934,298284
2025-02-01,442.96832275390625,448.65777222551486,440.00531794192807,445.66987434341297,119988
2025-02-03,436.7559814453125,442.2337944123797,430.75529241028295,440.7149523504051,357112
2025-02-04,432.72235107421875,443.690408847113,425.00361426838697,436.7311083041597,2697828
2025-02-05,449.42962646484375,456.625486396831,436.98005232454335,436.98005232454335,2437476
2025-02-06,461.1197814941406,466.85904754305767,450.9858399265937,451.67056652965687,1418700
2025-02-07,457.9700622558594,463.77154576836784,452.3303988971736,460.6342590558542,767540
2025-02-10,447.48748779296875,457.23551057733323,443.96428257131726,454.4592494214025,415428
2025-02-11,443.91448974609375,452.2805980681418,438.7230230494032,443.91448974609375,1039004
2025-02-12,435.8720703125,446.1802938091007,428.42721859147883,444.4498150902067,715388
2025-02-13,425.2525939941406,440.69006717801864,422.526118799983,436.9800877049345,615740
2025-02-14,418.716552734375,427.4561481109608,413.33834253297374,426.0119852853159,1719104
2025-02-17,418.3928527832031,419.53820758196304,402.90559394314977,415.8157968873759,1129476
2025-02-18,410.1885986328125,417.2475015006853,406.2047346769653,417.2475015006853,462224
2025-02-19,410.4375915527344,412.7781177138014,403.41601306953316,410.18860005463085,584744
2025-02-20,417.8326110839844,424.46824033634255,404.6111691136863,410.4375760278171,1603056
2025-02-21,411.45843505859375,419.8245429996508,405.6320281443771,419.152278137978,668068
2025-02-24,417.6583251953125,419.662688423331,405.24610568224637,411.4584311075963,603636
2025-02-25,412.51666259765625,420.0611171135,407.92278163643,417.633450018086,721364
2025-02-27,407.76092529296875,419.23942706115383,404.6236385546567,413.7989690086231,553760
2025-02-28,394.5270080566406,405.64448394287353,389.4226826131814,401.37427389542734,377152
2025-03-03,390.3937683105469,418.305708622474,380.3593989756843,390.59294326844736,398724
2025-03-04,401.8100280761719,406.10513139720297,381.24333651349076,388.77532929384967,470024
2025-03-05,405.42041015625,407.08864104961924,396.1952629170622,405.6196155141763,474256
2025-03-06,410.56207275390625,420.79561688445085,403.3786743670507,405.8561275276065,963024
2025-03-07,410.9106750488281,415.8157953269329,409.5536531687142,410.6990079631759,241300
2025-03-10,414.22222900390625,416.35111836171643,408.04725840309425,408.09704454238346,582316
2025-03-11,403.4658508300781,414.22227195620155,401.77269639611814,414.22227195620155,298008
2025-03-12,404.1754455566406,409.603472322859,396.2077176910546,407.57418555319856,402392
2025-03-13,404.88507080078125,406.9018958655594,400.403223814843,402.1212712383467,344496
2025-03-17,399.693603515625,408.819148027067,396.66835072580443,404.8601771165901,360984
2025-03-18,399.693603515625,399.693603515625,399.693603515625,399.693603515625,0
2025-03-19,404.4866638183594,407.05128824904847,400.2413468787297,402.78107824003183,271064
2025-03-20,398.8096923828125,414.3965853406085,397.15392314454397,405.8312712538496,606768
2025-03-21,397.50244140625,413.32586232973273,391.88770169381314,398.8843562965252,321260
2025-03-24,401.78515625,404.61120381002496,395.47322754945793,398.3864160591015,379468
2025-03-25,399.63134765625,407.3625456986026,384.8163537711741,407.262943022162,465188
2025-03-26,393.1700134277344,400.8265015307399,390.40618365058714,397.141415424189,524400
2025-03-27,394.5394592285156,396.6060702624085,387.8415823811373,393.39407411238284,275260
2025-03-28,389.55963134765625,398.1373756572821,384.7042974981772,394.1535119859147,318004
2025-04-01,379.7618408203125,391.9126387277283,377.3466353188515,391.9126387277283,352244
2025-04-02,387.1817626953125,392.4105839278537,373.9852138703276,384.21875791797873,695836
2025-04-03,394.1908874511719,396.8177294605046,384.2685825534146,387.1817708580313,231184
2025-04-04,386.0862121582031,393.5933119297635,382.57543810221836,391.21543095721717,287388
2025-04-07,370.64874267578125,378.20562865970084,327.42382413838374,327.42382413838374,761996
2025-04-08,383.02362060546875,389.6343264175984,372.9270035445066,381.4425003309501,279760
2025-04-09,393.1949462890625,398.3366270127593,376.42537428914545,379.71205003989905,448996
2025-04-11,398.7847595214844,404.0384738185697,388.426719740628,401.8722600393421,457092
2025-04-15,409.59100341796875,410.58696938372674,399.6811299008892,405.0842635018077,242692
2025-04-16,414.9941101074219,416.93625591473784,406.95170310310857,409.61589992608384,517760
2025-04-17,413.9732360839844,415.8157791483257,408.7444149090653,414.64553132886925,540564
2025-04-21,423.5096435546875,426.6718234105056,412.45441500302894,417.06075770001416,323656
2025-04-22,436.4073791503906,437.9760377195674,421.7418044769483,427.02041198923143,276452
2025-04-23,435.660400390625,440.9639313157906,429.01233972733326,436.9800674529715,102032
2025-04-24,439.4450988769531,445.1967963753923,435.7351194949309,441.0884366772972,321720
2025-04-25,436.5069885253906,445.1967978737442,429.7593250168246,439.51977956857286,462908
2025-04-28,435.43634033203125,438.2250329292477,428.2653730899466,435.7351179694224,219980
2025-04-29,424.480712890625,436.70618921786803,423.2855415566771,435.43633867209195,95200
2025-04-30,423.6590270996094,431.0789857796236,422.3144669529295,430.2075155505031,379208
2025-05-02,422.88714599609375,427.36899274509847,418.8036795458847,418.8036795458847,90204
2025-05-05,423.3851318359375,424.85418769251095,419.30166535806967,421.99078558347423,47104
2025-05-06,419.30169677734375,427.61801916999286,416.21419601909145,427.61801916999286,211664
2025-05-07,422.19000244140625,423.93294302859783,404.6361008132621,416.1893130701123,175468
2025-05-08,414.1226501464844,426.2734474897273,411.5829490073126,423.4349383142311,79024
2025-05-09,415.6664123535156,418.7289895386486,404.61118377636285,404.61118377636285,105472
2025-05-12,426.34814453125,429.48543125613213,419.2518869988995,420.7956220937635,122440
2025-05-13,423.6839294433594,426.97063547323245,413.3507822147666,426.0742417595133,350296
2025-05-14,401.99676513671875,421.79158881486626,399.7060555606831,421.79158881486626,2118236
2025-05-15,405.08428955078125,406.35414015988664,395.4732234420703,398.3864119214575,484576
2025-05-16,410.56207275390625,411.33394029178277,401.1252892312724,408.3460424204139,245164
2025-05-19,407.52435302734375,414.5708242397772,402.6192329103422,409.59099451917933,262564
2025-05-20,413.2262878417969,415.06883102301265,407.7235817637572,412.82790752018894,279420
2025-05-21,413.8238525390625,428.2653588250226,410.7861685470446,417.0856349488942,471624
2025-05-22,405.2087707519531,416.9860503947326,403.6152190826034,414.0230758780551,225088
2025-05-23,404.93487548828125,410.1138802838043,398.7847674008568,404.8103797423148,337336
2025-05-26,412.927490234375,415.8157854194728,405.3581429119172,407.1010833298431,159032
2025-05-27,415.7660217285156,418.30572288826335,411.1347554809621,415.8158078710713,150324
2025-05-28,416.0896911621094,419.22697799521137,411.55805800256985,415.7660204475539,85536
2025-05-29,417.4840393066406,419.4510782516223,411.8568374395121,418.8037064252217,110944
2025-05-30,418.3305969238281,419.45105863057904,412.3299080843447,417.28484482198155,149352
2025-06-02,414.57086181640625,419.5506919883751,412.08094673042183,419.0527089711782,407976
2025-06-03,426.39794921875,428.2653854927007,411.33396327554743,412.3299292883212,232192
2025-06-04,421.86627197265625,434.24113623155995,413.3258521470123,427.0701695304995,548864
2025-06-05,418.5049133300781,428.7882437478561,417.30974200663894,425.2774697776487,239156
2025-06-06,411.38372802734375,422.040575967678,409.5910014553572,422.040575967678,314880
2025-06-09,427.71759033203125,429.51031688821195,410.28818616845166,411.3837244003016,870884
2025-06-10,423.1859436035156,431.25327421154003,419.4759642072129,430.1825986131576,752428
2025-06-11,420.496826171875,427.0203908302704,418.8036719396588,427.0203908302704,393056
2025-06-12,434.8387451171875,441.48680575619466,419.82454608124533,420.4968413423217,791000
2025-06-13,423.2108154296875,433.22029137597406,421.642187308893,433.22029137597406,561784
2025-06-16,426.373046875,427.24451711722514,413.5997708811689,423.21083661652955,114408
2025-06-17,422.53857421875,428.4147675220378,419.7996677270551,425.00359614016946,177760
2025-06-18,423.2855224609375,425.52644581514244,417.80770981732536,425.52644581514244,938840
2025-06-19,419.10247802734375,427.244518263226,417.55874289476355,425.65096659427445,166804
2025-06-20,429.3111267089844,431.2532725421933,415.1186113886004,419.55067219029775,207228
2025-06-23,423.5345153808594,425.67583606991127,419.5755446961129,420.79560904976626,260676
2025-06-24,422.3891906738281,426.4975504626847,420.79563897986236,423.53454550576674,87136
2025-06-25,425.3272705078125,427.0204248750176,421.0446288417812,426.2734503708631,51572
2025-06-26,421.3683166503906,426.0493384919817,418.85347825021114,424.00762040286327,91256
2025-06-27,420.7956237792969,423.9080174463035,418.629409944848,422.2895727394601,1132888
2025-06-30,424.8292541503906,428.0910668780135,422.0405617116173,424.2814850481392,114648
2025-07-01,425.85015869140625,429.0621246057811,421.0695038334037,426.7714150491857,104240
2025-07-02,429.6596984863281,431.0042585781171,422.06545822830816,428.016360771683,86944
2025-07-03,432.72235107421875,435.486150754832,428.29029004082355,430.23243597556336,125008
2025-07-04,441.53662109375,445.6698737462254,432.0251279451227,433.2202992541495,361968
2025-07-07,462.97479248046875,466.8590537285968,444.59920796792335,446.6907426075214,2002792
2025-07-08,464.61810302734375,468.1039837574524,458.6920936283718,462.9747653334718,502972
2025-07-09,512.3995971679688,525.5961470190927,464.76754018729275,467.6060494417117,5989596
2025-07-10,491.70843505859375,501.71788137792333,485.5334335915387,501.71788137792333,1872788
2025-07-11,469.4236755371094,490.51324290949105,466.75944831609695,489.5172769340403,840448
2025-07-14,468.0542297363281,471.1666234589219,463.17397206372516,468.4775031248129,466540
2025-07-15,465.8879699707031,469.49834656881075,455.4054343406086,469.34895775398974,586404
2025-07-16,492.803955078125,505.452735190432,466.4855661966869,467.8550194201092,8456160
2025-07-17,488.4964294433594,492.28108808180957,480.55359452236,492.28108808180957,466980
2025-07-18,482.7198181152344,488.0233493243537,479.88133927657753,488.0233493243537,295472
2025-07-21,482.7447204589844,485.5085199619676,479.30862568589,482.71979699402254,126916
2025-07-22,493.40155029296875,494.84571315067444,479.3833470804503,482.29653547249603,291380
2025-07-23,497.13641357421875,498.7299652234722,485.2346383322775,493.5011438207299,221888
2025-07-24,506.47357177734375,509.7851706739777,493.2521300492632,497.9829682476156,356064
2025-07-25,490.2144775390625,513.9184561900398,486.3800023587505,509.013335796014,361064
2025-07-28,489.3678894042969,495.21918952546656,483.76558077764497,486.30528186393934,163708
2025-07-29,485.6081237792969,492.30597066436655,479.5825113769788,490.48835099157947,734752
2025-07-30,502.9877014160156,506.67278761514996,484.4129423946073,485.53340409636814,309836
2025-07-31,496.812744140625,507.494455003751,493.32686319652646,497.98299201407013,267172
2025-08-01,507.36993408203125,509.5610712959654,496.0657450397574,496.9870013714864,417040
2025-08-04,508.0920104980469,513.2959385344325,498.0576720415733,512.9224513126029,218652
2025-08-05,505.1539611816406,511.60281663721906,499.4520498224597,508.68962828062456,136520
2025-08-06,511.8517761230469,513.1465196684559,499.9001850166208,505.40292107077886,241904
2025-08-07,496.638427734375,516.6573499260668,489.4674909455768,514.4164264806044,233300
2025-08-08,500.07452392578125,505.4527341312394,492.57988601583264,504.0832809106868,222456
2025-08-11,508.7892150878906,516.6573400673723,499.3773246387553,504.9547400754848,556720
2025-08-12,521.1142578125,524.4756428804579,510.4574708207907,513.1465302440073,368336
2025-08-13,529.25634765625,537.8714169354208,517.9023111350218,523.8781070327336,478432
2025-08-14,528.1856689453125,535.3317126729733,523.255625201048,535.3317126729733,214552
2025-08-18,539.6392211914062,542.8263241421749,513.9433138307737,532.8417419517124,271012
2025-08-19,533.7133178710938,540.6352942168073,527.8620172086395,537.8216779106893,167824
2025-08-20,541.6063232421875,545.7893927899722,529.1069615322496,529.1069615322496,277400
2025-08-21,536.6513671875,544.2206841204302,531.5968278144278,544.2206841204302,150716
2025-08-22,540.1870727539062,543.025551609288,532.8418233202855,532.8418233202855,85988
2025-08-25,544.5693359375,549.9973020260027,537.3983685537454,540.1870612060553,142176
2025-08-26,537.7718505859375,546.1130657851888,531.0988662687485,544.5693306523691,124168
2025-08-28,544.6439819335938,546.5363416462137,524.4010216463691,537.7718530176935,141572
2025-08-29,544.9178466796875,548.7772145679833,534.6096238613619,545.2664104314435,171516
2025-09-01,534.983154296875,547.9555748057442,529.9784008960231,547.7812929157861,162204
2025-09-02,541.9299926757812,544.0464203981539,526.741511374048,529.7044858697938,96364
2025-09-03,549.922607421875,563.4677196276187,536.3027248253572,541.9299565928026,584684
2025-09-04,556.9192504882812,562.6958408669934,552.5121132971013,552.5121132971013,359936
2025-09-05,549.2503051757812,559.7328712528081,546.1628350057983,559.7328712528081,98476
2025-09-08,535.9791259765625,556.2470097141334,532.7422364840452,556.2470097141334,122108
2025-09-09,530.600830078125,540.2617114086153,525.372009134136,540.2617114086153,133708
2025-09-10,536.2280883789062,540.5854393823927,530.6008564816862,530.6008564816862,40344
2025-09-11,529.0571899414062,537.1494142815642,528.3600015327729,535.3317640412167,53960
2025-09-12,513.66943359375,531.3478290300836,477.04279222638064,529.0571195256981,391328
2025-09-15,504.83026123046875,513.6694593925805,503.4608079940852,513.6694593925805,324108
2025-09-16,517.0308227539062,519.8693013901226,502.2158292774519,502.2158292774519,228792
2025-09-17,510.5321350097656,519.1472650182093,506.1499211884909,517.6533160541281,124740
2025-09-18,509.7353820800781,517.4043323692291,506.6976979650535,511.6526044551309,133960
2025-09-19,531.2482299804688,535.3316658134256,508.9883558681689,510.382732429582,758936
2025-09-22,517.7777709960938,531.2482340762208,514.7400871663103,531.2482340762208,342084
2025-09-23,510.4574890136719,515.860592305837,507.5691633515775,514.1674379794003,135908
2025-09-24,518.4500732421875,526.3430913923333,510.4574828106716,511.2044572877631,142300
2025-09-25,504.5563659667969,524.8740656552011,502.9628143375267,521.388184763753,562196
2025-09-26,501.6182556152344,505.1290295869149,491.8329081790384,502.93792268564937,101676
2025-09-29,503.3114013671875,510.23334651678033,498.5307465471802,498.5307465471802,90408
2025-09-30,506.9466857910156,512.0012253169556,493.25215351277114,504.0832835873827,133104
2025-10-01,508.2165222167969,509.1627020329665,491.8079770096458,506.24948337442464,314588
2025-10-03,497.0617370605469,505.925828264896,495.76696304091934,505.45273834223343,136792
2025-10-06,516.1593627929688,535.0827161804582,495.3436801456242,496.73802642159797,1066000
2025-10-07,524.7246704101562,537.8216478160685,519.1472850446772,521.5874139379273,1794248
2025-10-08,502.5146179199219,526.8909215048734,498.2319764074407,526.4427246606622,798504
2025-10-09,496.19024658203125,507.9426325900529,492.0071774499728,502.5146060251757,496400
2025-10-10,496.738037109375,502.83832879317436,495.51797269372116,502.83832879317436,163668
2025-10-13,491.7830810546875,494.27299593056,485.78239228272844,493.5260214677983,264364
2025-10-14,487.2763366699219,493.0031408310911,484.2884388467032,491.7830764743831,359620
2025-10-15,483.4667663574219,495.49306754146727,481.0515610503089,493.0280456994275,349948
2025-10-16,485.5583190917969,488.02334102587264,480.57848908132877,483.29250251592794,178588
2025-10-17,482.5953063964844,494.2481205913892,481.1511739533526,485.2097171099401,426436
2025-10-20,480.5784606933594,485.53339733997905,476.8684814758166,482.59528564957026,111928
2025-10-21,480.5535888671875,485.0354358099903,479.30863138307564,485.0354358099903,32104
2025-10-23,477.06768798828125,480.5784618679652,474.37856777711517,480.5535687982165,346220
2025-10-24,474.32879638671875,478.6114379285906,469.8967356327716,475.57375385755006,376704
2025-10-27,486.3302001953125,489.2434190691707,472.9095822592858,473.83083867906566,334052
2025-10-28,484.0643310546875,486.7783442704341,479.333492926228,483.54145502464604,449960
2025-10-29,484.2386779785156,486.0314046082169,479.3584202969964,484.0643656930499,160804
2025-10-30,488.72052001953125,490.88673387478457,479.3335223930045,484.06436081228975,146624
2025-10-31,490.61285400390625,495.4930812884563,481.79854889103666,488.72052469697496,144812
2025-11-03,499.10345458984375,500.2239163237696,488.04822606954843,493.1525517463216,216264
2025-11-04,505.6519470214844,506.6976991567964,497.03681686275104,502.2158521863677,329048
2025-11-06,499.4271545410156,527.4386978245499,493.0778713967478,524.5005860156891,1293668
2025-11-07,488.9944152832031,495.4433012431459,485.5583204088716,494.94531824074835,169628
2025-11-10,481.7736511230469,486.30528418713277,480.8025782108943,485.53341662933394,127292
2025-11-11,488.0113220214844,490.78084689110153,479.05400408282406,479.92727961110006,134024
2025-11-12,492.7020263671875,494.0244271683383,481.6239272148131,490.7558878073474,64404
2025-11-13,490.38165283203125,494.0244533154971,485.44139611590265,492.70205244435573,369232
2025-11-14,491.7289733886719,495.9206775356939,488.4105142886927,492.00342531287765,68648
2025-11-17,494.59832763671875,496.51952164301724,489.55826195663593,494.2739559672448,40716
2025-11-18,481.299560546875,494.4236378585847,479.8025168126701,490.53133024113856,79176
2025-11-19,484.6180419921875,487.7867725258781,481.89840632498095,482.04810461380896,71012
2025-11-20,488.9095458984375,491.1551115596194,477.60685322084845,484.6180325955966,437592
2025-11-21,487.81170654296875,493.6252387015868,484.0441524785656,488.7847910853144,63892
2025-11-24,484.318603515625,491.08024510862276,481.69877692200555,489.28380477025706,131860
2025-11-25,487.06317138671875,490.73094679909633,482.19777926499086,484.04413928985105,43792
2025-11-26,484.2936706542969,488.63510377792426,482.7966268501105,484.8176298942753,28740
2025-11-27,482.5720520019531,487.4623888806497,481.0500635976175,483.3205738851445,34872
2025-11-28,481.798583984375,485.5910826644584,479.10389303028245,481.44926768181733,36960
2025-12-01,488.18597412109375,491.304815352136,479.153822098969,481.6239504454412,142264
2025-12-02,483.8695068359375,487.8117038017791,481.14987124323017,487.5372518702068,73196
2025-12-03,485.4663391113281,488.5851803464511,475.68566518095605,483.86951676489235,125588
2025-12-04,481.8235168457031,488.3356509585875,475.18662908905685,486.53921067138924,302172
2025-12-05,480.1019287109375,484.0441561865644,476.28448534124595,482.44730339425604,53500
2025-12-08,479.1038818359375,481.4991761646903,476.0599051078436,477.8064561223902,79212
2025-12-09,479.5031433105469,481.2995836950196,471.8681955329522,474.3133792660613,60792
2025-12-10,480.027099609375,484.9174365881884,477.18271030352986,481.29958074536427,54092
2025-12-11,479.65283203125,483.9942650741266,475.43615263640186,477.8064719489423,59560
2025-12-12,477.55694580078125,480.05201866285427,475.3113802249155,480.05201866285427,120460
2025-12-15,478.904296875,480.0520243135771,472.81631292839324,475.31138581983595,122080
2025-12-16,477.0329895019531,479.30349972880714,472.61669223467743,472.8911746171262,159496
2025-12-17,471.7184753417969,477.5070627314857,470.32124061236607,475.58583832826463,113556
2025-12-18,466.40399169921875,471.4440267993078,464.5825762901884,467.82617107631756,149376
2025-12-19,470.5208740234375,472.6915753297057,465.0067383802213,472.6915753297057,140364
2025-12-22,470.720458984375,477.8813366607631,461.9877036161702,470.5208714218477,118508
2025-12-23,475.5609130859375,478.57994531991756,468.82421599605277,469.0737232956781,86224
2025-12-24,470.8951416015625,474.03892750428656,470.0966999634929,474.03892750428656,43588
2025-12-26,478.67974853515625,480.80056055629194,468.57470302268615,470.82026869212393,80500
2025-12-29,471.5188903808594,478.8294357275225,468.07567758452456,476.88329713356046,169656
2025-12-30,463.8091125488281,476.48406474509443,458.12033409159193,469.073710333962,201180
2025-12-31,481.2746276855469,482.1977924945886,461.4637423600053,461.4637423600053,100024
2026-01-01,473.26544189453125,483.7946373949341,470.3212436768699,482.79660823063307,28932
2026-01-02,482.3724670410156,486.5392266969339,464.1085147182398,470.3461971117903,188080
2026-01-05,511.6147155761719,513.9850349119308,486.7138750028048,489.0343050618371,950012
2026-01-06,506.4499206542969,511.8891918798729,499.03953570252946,510.99094125001005,205264
2026-01-07,496.145263671875,502.9318500163719,490.3067867883732,500.28707874053566,215752
2026-01-08,478.0809326171875,497.7171754500597,475.23654329868805,494.02445521798194,101096
2026-01-09,479.15380859375,486.7637809830017,467.6016088166012,481.5490725001918,172428
2026-01-12,467.8511047363281,479.15379694729955,463.60948088476135,479.15379694729955,132112
2026-01-13,475.7605285644531,477.80647622746665,461.363939178596,469.0238315105933,245464
2026-01-14,470.1965026855469,496.2450706663258,467.8261833565404,477.0579533747761,524176
2026-01-15,470.1965026855469,470.1965026855469,470.1965026855469,470.1965026855469,0
2026-01-16,474.9122009277344,481.5490890164746,468.0258055389856,470.1965068660862,119292
2026-01-19,476.6337890625,480.07697139576544,470.5956943600004,474.06385178825366,26584
2026-01-20,476.4341735839844,483.0211721774962,468.8740904611867,475.31139077113914,85784
2026-01-21,480.8005676269531,486.5142908947021,466.60359614990654,467.8261880127333,99576
2026-01-22,470.3961181640625,482.34749329766163,466.75328727007025,480.800560242698,122004
2026-01-23,452.45654296875,474.8123909106826,446.8675733689083,470.3212595200403,188492
2026-01-27,455.5504150390625,457.9456788935824,446.6429866528918,452.4565186006511,163012
2026-01-28,456.7979736328125,458.7940320179986,449.11313666687244,457.09737020761685,110088
2026-01-29,449.9115295410156,456.3987190290501,435.4151621996252,452.0822612210867,271512
2026-01-30,467.3271484375,480.02707543420206,442.5760377560843,452.00739492793423,126224
2026-02-02,475.78546142578125,479.0041115855527,458.843910199679,475.2615022038261,104772
2026-02-03,475.1367492675781,484.29365471890884,468.100625344961,484.29365471890884,167652
2026-02-04,473.0658264160156,478.6298512198102,462.8360274270617,474.06385558566967,168328
2026-02-05,492.15313720703125,509.9929087204927,476.3094240447263,480.1767871000921,1640472
2026-02-06,495.74603271484375,505.8510777992697,489.5582398381976,492.52738263350307,337012
2026-02-09,498.8648986816406,502.7572064465139,491.55432265306763,500.88590170787927,170344
2026-02-10,500.4118347167969,502.7572094279476,496.54447156735114,499.01459992848396,61148
2026-02-11,498.76507568359375,501.9587811976075,495.94563110681133,497.76704651764356,48864
2026-02-12,495.87078857421875,500.26211073657953,492.35274191688444,496.5195014293233,83336
2026-02-13,485.9903259277344,494.1741470057888,482.5720576798152,493.42562511379055,160328
2026-02-16,483.4453125,489.85766804107857,478.5799204105419,489.4085427421556,83520
2026-02-17,481.3494567871094,486.2647687266691,480.00214177277473,483.04611856006636,33652
2026-02-18,481.050048828125,484.04413626896394,476.80842495360315,482.1728316184396,32812
2026-02-19,473.9141540527344,484.01919932620524,471.71847771157496,481.05005647535313,40376
2026-02-20,464.1085205078125,475.3363489562661,462.4867230652581,475.3114043178674,101864
2026-02-23,484.443359375,489.0093550705593,465.28121733434574,468.200440511878,223092
2026-02-24,472.7165222167969,483.32058241583735,469.2234200335836,483.32058241583735,116124
2026-02-25,470.6705627441406,476.6836824029344,469.07370998038033,474.06385583123546,54416
2026-02-26,471.69354248046875,473.9391081415765,466.8530948528164,470.67056865967305,43408
2026-02-27,475.0119934082031,481.4991829826626,463.2102863455401,471.54383596729394,79664
2026-03-02,463.7841796875,469.04877760631314,454.10328430075214,459.34293758114546,92320
2026-03-04,460.6653137207031,464.08355135144785,454.8767264186343,461.58847849471965,74244
2026-03-05,447.6160888671875,464.33307769333106,444.3724940203238,462.8360339178555,382716
2026-03-06,446.6679382324219,451.30879819088653,444.3724833481279,444.3724833481279,110908
2026-03-09,444.8714904785156,448.3645924789078,432.4460154655763,444.12296862128875,87420
2026-03-10,453.8038635253906,455.35079651413696,444.12296865488423,445.3705050836901,225116
2026-03-11,458.34490966796875,462.5116693910675,451.8577198740835,457.8458950684391,187928
2026-03-12,455.07635498046875,461.3389819045605,449.1131246231525,460.31600810107216,122396
2026-03-13,451.2588806152344,457.84587919210054,449.3626312942632,455.35080628097194,614312
2026-03-16,458.9437255859375,477.55696374490526,450.6600650981384,454.3527852557328,342796
2026-03-17,463.5845642089844,464.3330861102906,452.58129835126977,461.0894912046303,130280
2026-03-18,466.0546875,472.56682187896786,462.3370226725066,467.07766132915935,332228
2026-03-19,455.0514221191406,462.83603763109437,452.1072238207779,462.83603763109437,201956
2026-03-20,440.2306823730469,473.06583667526525,435.1407274059402,469.0737199100731,486555
2026-03-23,449.312744140625,474.06385535292,420.3698982348678,433.6436740017763,193686
2026-03-24,442.1269226074219,471.0697685568919,431.6476163153724,447.1170684607788,382831
2026-03-25,437.9351806640625,444.82160619373826,425.260228680643,437.4361660869807,894570
2026-03-27,429.9509582519531,437.73560412481714,426.4578561244642,432.1466346293481,1233957
2026-03-30,433.1446533203125,435.8393442220986,413.3836882319902,425.2602290863832,234811
2026-04-01,423.41387939453125,443.12495568926784,419.47165195261056,443.12495568926784,250374
2026-04-02,420.9187927246094,430.05075332768166,411.4375158286193,414.4316032694583,565170
2026-04-06,429.90106201171875,440.9292720811646,421.16830683446386,432.1466276287271,1319382
2026-04-07,433.5438537597656,437.3862720529724,424.21227517838685,424.21227517838685,175041
2026-04-08,455.1012878417969,459.9417352623024,428.3041993412046,443.1249381617496,425868
2026-04-09,455.99951171875,458.79401160815513,446.6180438172047,455.00148257055514,80436
2026-04-10,467.1774597167969,470.870149364605,454.8019041228448,457.9955791865627,153063
2026-04-13,461.43878173828125,470.8701388933929,451.208982991921,451.208982991921,142192
2026-04-15,476.60882568359375,482.04809693132023,459.24312393531864,468.07568832461527,236420
2026-04-16,471.31927490234375,483.5451322184977,470.27135645821807,481.39937559735324,79563
2026-04-17,470.7703857421875,473.01595144180214,464.23327620884885,472.5169368418878,107705
2026-04-20,474.46307373046875,476.55894113374796,463.08554698651113,470.77038397939015,110850
2026-04-21,483.34552001953125,493.42562083586887,471.16958228971595,474.0638608221964,169237
2026-04-22,475.7106018066406,486.2398279135254,472.0678013968619,481.05006400272185,53520
2026-04-23,471.2693786621094,476.8084282833701,468.62457703828585,475.0618772640171,56601
2026-04-24,466.179443359375,477.0080662231945,462.33702486480246,469.8721331086594,39760
2026-04-27,475.5609130859375,479.0540152806925,462.087518906168,466.1794447115107,110255
2026-04-28,479.90234375,484.9423789938238,473.56485228026315,477.9062853631496,65048
2026-04-29,477.8563537597656,484.99228668145685,474.0638551019235,479.9023318299285,81559
2026-04-30,475.5609130859375,481.000184400744,470.0218632172281,475.06189848668674,67917
2026-05-01,475.5609130859375,475.5609130859375,475.5609130859375,475.5609130859375,0
2026-05-04,491.4295654296875,493.8747491200267,471.26939413321406,471.26939413321406,350170
2026-05-05,505.3021545410156,515.1826676499355,491.62917324186566,493.9246281405933,600112
2026-05-06,505.4019775390625,510.5917415286689,502.1084933832114,509.99291792103213,134523
2026-05-07,504.6035461425781,513.436110243266,503.35600970060057,505.50176628931547,247643
2026-05-08,548.4170532226562,573.7670196301971,509.99292847457207,509.99292847457207,9341039
2026-05-11,558.7965698242188,567.7788325660019,542.9278812811212,547.9180272487786,715474
2026-05-12,547.019775390625,553.1077900065317,513.9850335242376,551.4111281983326,792074
2026-05-13,546.9199829101562,557.9980822856381,540.2331753156902,547.9180120760507,301485
2026-05-14,539.6343994140625,598.8175186585044,530.9515332105406,598.8175186585044,2855484
2026-05-15,527.8076782226562,547.9678787242254,521.4702176468646,533.8458031588792,391291
2026-05-18,506.3999938964844,521.969255013222,504.0047299840862,521.4702404290794,284184
2026-05-19,508.3999938964844,513.2000122070312,504.20001220703125,506.8999938964844,174929
2026-05-20,518.2999877929688,520.4500122070312,495.70001220703125,507.3999938964844,298969
2026-05-21,528.7999877929688,537.3499755859375,525.0499877929688,525.0499877929688,436186
2026-05-22,518.9500122070312,528.0999755859375,515.0499877929688,528.0,138826
2026-05-25,524.5,527.0,513.1500244140625,527.0,123213
2026-05-26,540.8499755859375,544.0,524.7000122070312,526.5,477814
2026-05-27,536.1500244140625,549.0999755859375,534.0,543.5999755859375,139350
2026-05-28,536.1500244140625,536.1500244140625,536.1500244140625,536.1500244140625,0
2026-05-29,555.3499755859375,565.0,531.0,531.0,460621
2026-06-01,540.8499755859375,560.0,535.0499877929688,560.0,149892
2026-06-02,541.5,549.9500122070312,528.9000244140625,540.8499755859375,189608
2026-06-03,536.1500244140625,541.7000122070312,527.0499877929688,538.0,72278
2026-06-04,544.1500244140625,551.0,530.0999755859375,530.0999755859375,212806
2026-06-05,533.2000122070312,554.2000122070312,530.4000244140625,544.1500244140625,163325
2026-06-08,529.6500244140625,538.7999877929688,520.0,520.0,81068
2026-06-09,535.5499877929688,539.0,529.4000244140625,537.0499877929688,54225
2026-06-10,524.4500122070312,539.6500244140625,522.0499877929688,538.7000122070312,63362
2026-06-11,520.1500244140625,537.2999877929688,515.0,522.0999755859375,122888
2026-06-12,530.7000122070312,533.2999877929688,520.0999755859375,524.9500122070312,66268
2026-06-15,525.9000244140625,539.9000244140625,523.25,539.8499755859375,115966
2026-06-16,534.1500244140625,556.5999755859375,524.9000244140625,529.0,638225
2026-06-17,545.5999755859375,559.8499755859375,538.0,538.4000244140625,384614
2026-06-18,542.5,559.2000122070312,536.0,546.4000244140625,241893
2026-06-19,552.75,556.5499877929688,540.0,540.0,227539
2026-06-22,540.5,558.7999877929688,526.0,555.9000244140625,468844
2026-06-23,543.25,551.3499755859375,537.5999755859375,537.5999755859375,140676
2026-06-24,553.2000122070312,558.7999877929688,538.5999755859375,543.25,190563
2026-06-25,543.3499755859375,563.5,540.6500244140625,557.9000244140625,198719
2026-06-26,543.3499755859375,543.3499755859375,543.3499755859375,543.3499755859375,0
2026-06-29,523.7999877929688,554.5999755859375,516.25,544.2999877929688,1091828
2026-06-30,540.1500244140625,548.6500244140625,523.4500122070312,523.4500122070312,432142
2026-07-01,541.5999755859375,549.9000244140625,532.0,540.1500244140625,157115
2026-07-02,544.2999877929688,553.0,541.5999755859375,541.5999755859375,181046
2026-07-03,556.0,559.0999755859375,544.2999877929688,544.9500122070312,294637
2026-07-06,573.5499877929688,578.0,560.0,560.0,998403
2026-07-07,566.1500244140625,578.75,563.0999755859375,577.9000244140625,306105
2026-07-08,549.3499755859375,567.4500122070312,545.5499877929688,566.0,184558
2026-07-09,560.0499877929688,564.4000244140625,548.7999877929688,549.3499755859375,105938
2026-07-10,567.9500122070312,570.9500122070312,553.7999877929688,567.0,139878
2026-07-13,564.7000122070312,571.0,557.5999755859375,568.0,86216
2026-07-14,559.2000122070312,564.7000122070312,551.1500244140625,564.0,165976
2026-07-15,571.6500244140625,585.4000244140625,559.7000122070312,563.0,702141
2026-07-16,578.4500122070312,584.0,572.0,577.9500122070312,151118
2026-07-17,545.2999877929688,583.3499755859375,540.0499877929688,580.8499755859375,325071
2026-07-20,573.75,577.0,542.8499755859375,542.9000244140625,367019
2026-07-21,568.7999877929688,573.0,562.5,572.0,92882
2026-07-22,570.0999755859375,579.25,560.5,569.0,118276
2026-07-23,567.4500122070312,575.7000122070312,563.4000244140625,572.0,196999
2026-07-24,570.25,575.0,565.8499755859375,569.9000244140625,321877
2026-07-27,577.3499755859375,594.0,574.9500122070312,574.9500122070312,357337
2026-07-28,585.5,593.0,579.75,582.0,360255
2026-07-29,591.5999755859375,598.7999877929688,583.0499877929688,585.5,468565
2026-07-30,585.2000122070312,609.0499877929688,581.5999755859375,592.2000122070312,460563
2026-07-31,582.4500122070312,586.1500244140625,567.5999755859375,585.2000122070312,324208
2026-08-04,584.5,597.3499755859375,581.4000244140625,597.3499755859375,165887
