Date,Close,High,Low,Open,Volume
2021-08-25,941.787841796875,961.4255268299511,935.9294090595022,935.9294090595022,2003180
2021-08-26,948.544921875,951.7141731972623,936.8540996441607,944.8671329221003,1264080
2021-08-27,944.0345458984375,950.78226877984,941.1325267422447,950.78226877984,702080
2021-08-30,933.8598022460938,951.846628579896,931.1162859183838,948.4171898634322,2679160
2021-08-31,920.8753051757812,938.4813209968388,915.3054118574632,933.9899409367242,4547400
2021-09-01,937.8617553710938,940.8488873952448,924.8653174319492,934.0751792335434,2096860
2021-09-02,957.4332275390625,959.7699487368149,934.7468567111564,940.092074692671,1571540
2021-09-03,958.6654052734375,962.2769639622948,950.8320657836158,957.877798383852,939560
2021-09-06,956.6099853515625,962.5133987698922,953.6204862181061,958.357848886025,681380
2021-09-07,963.4808349609375,964.6279463529921,953.9115261752294,953.9115261752294,683060
2021-09-08,938.4647827148438,971.122521042787,935.882078851999,960.2429214402619,3447460
2021-09-09,967.6788940429688,970.8860247087187,938.502677899304,941.7949209232929,2207220
2021-09-13,967.4447021484375,969.7034131103896,956.931709620643,960.2428920068736,750060
2021-09-14,956.9530639648438,974.8665592516575,954.5666266110373,967.338330733187,1183700
2021-09-15,951.6906127929688,963.5540856075748,950.2100389133391,963.546983287572,752120
2021-09-16,947.3694458007812,957.4851119877928,944.6329740720548,951.0684839180175,1025300
2021-09-17,954.3631591796875,960.1956074345553,950.784744764486,953.3840206455338,1902580
2021-09-20,961.3119506835938,964.310919752859,950.8296769675709,951.9649510663988,1830260
2021-09-21,955.018310546875,961.6619823633183,946.153806779901,955.5126435680781,2168220
2021-09-22,942.5139770507812,954.2757664458223,937.069442002825,954.2757664458223,2150460
2021-09-23,938.4363403320312,951.7756511085873,937.5375793381647,946.0520477680774,1074480
2021-09-24,939.630859375,945.1061131849884,936.5916436968354,942.5990518498334,837880
2021-09-27,929.127197265625,941.3218224722187,927.1830671643853,941.3218224722187,919480
2021-09-28,924.5176391601562,932.7435696471475,920.4638310480733,931.3883545429443,1153720
2021-09-29,922.7200927734375,931.8612978905414,918.6946365575712,924.5175570782213,925900
2021-09-30,919.8251342773438,926.6556022641531,913.7041475754389,921.3742482930854,887460
2021-10-01,924.7635498046875,929.2572972286383,910.6720854576872,919.799143776031,797380
2021-10-04,922.0673217773438,929.4961749994129,915.8753692965589,924.7635471269322,655920
2021-10-05,917.4600830078125,926.5184858411186,915.0618085536032,922.4008147859803,546560
2021-10-06,906.18310546875,928.2781920718855,902.4391434558852,919.7944419403575,1452160
2021-10-07,900.9088134765625,913.1389502623331,896.6374322133543,908.2478194270105,953900
2021-10-08,898.1085815429688,907.2616243432852,895.7954771582866,901.3511659765843,1744920
2021-10-11,902.7537841796875,907.9973180210055,898.8749930658474,899.742977524466,776040
2021-10-12,918.413330078125,920.0358351323621,897.3329480296294,902.0088160064975,1444980
2021-10-13,913.9171142578125,927.3700061274258,909.442305975903,922.4008647999214,1078500
2021-10-14,914.1417846679688,919.0304904359813,909.3925846300838,917.3867364543833,843800
2021-10-18,919.4893798828125,927.1311301736287,909.156138874344,927.1311301736287,1126060
2021-10-19,916.1781005859375,933.3773203586145,912.185788550851,921.2182068673167,1186040
2021-10-20,911.883056640625,955.5126067841753,901.1359188027027,912.9402629175537,4355380
2021-10-21,909.7781982421875,930.9153979906823,901.4317009137559,920.5088234196483,1519240
2021-10-22,899.06640625,919.4680212568028,891.6540675641922,919.4680212568028,910300
2021-10-25,884.3814086914062,898.7944998798615,880.0343266152408,898.7495762592348,1082920
2021-10-26,914.422607421875,917.3917545117346,886.888963793287,888.8374556802237,2133160
2021-10-27,904.2874755859375,924.0532890372448,899.8599510304348,913.4566439317992,1057640
2021-10-28,903.6594848632812,909.7072099729751,897.0978309044655,904.5445135561012,629000
2021-10-29,904.07568359375,913.5850501798178,892.5606705066047,904.0685392404447,985500
2021-11-01,901.1946411132812,908.7745685315132,891.5044573480138,908.7745685315132,851420
2021-11-02,893.3126220703125,905.68885071803,886.9174957276224,899.3579654788268,698980
2021-11-03,891.5614624023438,898.7369489365939,883.1797999082904,897.4069956017382,889580
2021-11-04,898.7987670898438,901.641813029313,895.1182054823825,899.3102563035436,138100
2021-11-08,906.4121704101562,908.6342389503167,888.8422856152707,901.6420068054751,866240
2021-11-09,901.249267578125,906.2097722376691,894.601998494877,904.8750559948215,872960
2021-11-10,901.8275756835938,906.0957176388765,894.5521832235235,901.5896628689067,761180
2021-11-11,897.12158203125,901.6894960938342,888.3687609801846,901.6894960938342,839120
2021-11-12,910.8468017578125,916.402089044753,897.4475361803211,901.6895401235661,1330240
2021-11-15,926.7465209960938,927.8123657124929,907.3922911349838,913.585168400257,1016660
2021-11-16,926.0564575195312,932.5705397309982,919.3425657439357,925.4878715243992,922400
2021-11-17,926.7679443359375,930.9528516917478,921.3411971313128,923.2920706113001,1085520
2021-11-18,923.3633422851562,927.326948412393,917.3940895398055,923.1016149853815,832140
2021-11-22,903.8473510742188,930.993165313594,896.0985153114606,923.7439696389215,882760
2021-11-23,912.707275390625,915.7929974624965,899.5340156633371,903.8783057512709,739200
2021-11-24,908.2035522460938,917.8675982291621,901.6895275501619,913.585167755309,687100
2021-11-25,912.5406494140625,914.0608864975046,899.5814893755961,908.1130670903111,594900
2021-11-26,914.643798828125,924.724191454736,903.235892352428,911.1512553920411,1128820
2021-11-29,904.0877075195312,911.7912962386797,894.5521437408032,906.4477839501224,962140
2021-11-30,911.327392578125,924.2864962609589,900.9972370407659,904.087722093599,3395600
2021-12-01,922.9970092773438,925.4760421012395,911.7722413950139,914.0609904435796,1096240
2021-12-02,928.01220703125,934.9973527605678,914.8580564239655,922.997044442949,972000
2021-12-03,919.3593139648438,927.8028370389512,910.5874410180833,923.2063454110748,1508960
2021-12-06,904.8538208007812,923.8440379554373,900.6974908933181,923.1017220923159,698540
2021-12-07,920.448974609375,925.1786532705372,902.9266617514947,914.8223019465877,1408580
2021-12-08,926.865478515625,929.0471203464815,914.7771149758439,914.7771149758439,671560
2021-12-09,917.6177368164062,930.1914511802961,911.7983991837602,927.8598941883206,810440
2021-12-10,916.9277954101562,918.8191904645257,905.5175073512997,914.5843312065022,788980
2021-12-13,903.2120971679688,920.6986873190383,900.4523436408915,914.5462950664953,1089800
2021-12-14,915.4313354492188,919.4354263630443,899.947952213803,901.8370239439635,1381340
2021-12-15,913.7326049804688,918.4908605595162,906.4476878085433,911.2558957777028,1298180
2021-12-16,916.3045654296875,919.0739032099215,910.0355974091566,913.8231509553099,808340
2021-12-17,907.8585815429688,915.1577881230747,904.0686468737239,909.5430227667133,1085560
2021-12-20,898.418212890625,907.3137469443055,885.0356178624627,904.0686419025157,1426200
2021-12-21,914.560546875,917.6747880119068,899.3126957937408,903.4499735082426,693560
2021-12-22,913.137939453125,920.2443648626917,904.6539315001476,915.012664509883,732240
2021-12-23,913.991943359375,918.3409961696084,911.4439066491336,918.105464828767,951380
2021-12-24,914.7366943359375,924.7218878380722,912.210032454693,913.9919970490539,684400
2021-12-27,918.4552612304688,923.1017053929222,908.8007407866118,912.9190254794834,531760
2021-12-28,920.96044921875,926.3634396157379,915.2505420161538,920.7225364186418,420980
2021-12-29,923.0849609375,925.5283299531417,916.0380142564586,920.9604159727987,585380
2021-12-30,923.413330078125,931.9044238445888,919.4472842634239,922.6258247815459,797360
2021-12-31,937.6475830078125,942.8460006773931,920.7320185725889,921.9120567117116,797740
2022-01-03,936.3272094726562,942.8008071353958,934.4286700726966,937.138471168772,517380
2022-01-04,946.3719482421875,949.167423699298,933.9529114453077,936.3296580424965,700680
2022-01-05,948.593994140625,952.8407608402139,943.5193536306956,945.6558059208763,648640
2022-01-06,934.8806762695312,948.5939437302635,929.5252571205223,939.7602698454045,614180
2022-01-07,947.0285034179688,949.747830265606,932.0018948614372,935.0210522233642,979660
2022-01-10,937.7571411132812,950.1714150899576,936.3796166705016,947.0357405645966,412340
2022-01-11,940.3240356445312,943.3241412573694,930.2389387935219,930.2389387935219,635760
2022-01-12,937.71435546875,944.5139226474437,935.4732352266369,944.5139226474437,474220
2022-01-13,938.0615234375,939.7554903283187,932.6181068574707,939.7554903283187,707660
2022-01-14,923.1087646484375,938.2971379916308,916.9158877875449,938.0615485699726,743800
2022-01-17,919.923095703125,928.5736304073865,909.3550280326456,923.1016361723443,728060
2022-01-18,922.1309204101562,925.480751072956,913.0141441379319,917.4868581127937,724160
2022-01-19,901.0709838867188,925.2405679837391,883.7081110714357,921.6742571643872,1647660
2022-01-20,891.4163818359375,907.8751717520879,885.2758390218044,894.5520560240699,1581120
2022-01-21,902.8434448242188,907.0306754044892,885.5138549378918,887.890601572109,1104820
2022-01-24,890.6385498046875,905.9720194519466,885.0356912713345,902.8434890995404,1068740
2022-01-25,894.1118774414062,898.551367023137,871.3769766713888,883.7579087651952,1157600
2022-01-27,874.8267211914062,894.0762232244483,866.847117292577,882.6564098357379,1085180
2022-01-28,874.7767944335938,887.3671793967902,872.1050383172393,875.5191102553036,748460
2022-01-31,881.302734375,886.9341114846146,876.8513954013591,876.8513954013591,595220
2022-02-01,888.447265625,893.5147615647297,876.5182858541725,885.035575319513,535820
2022-02-02,880.3082275390625,896.9312221277071,877.4532740468787,895.5037453816153,1208320
2022-02-03,871.0748901367188,884.0672753338456,868.9098604703275,876.470736059312,687080
2022-02-04,872.2669067382812,875.5191563217007,866.1358888691525,875.5191563217007,898480
2022-02-07,859.9476318359375,876.4706624302263,852.2511303368995,872.2667622861244,969380
2022-02-08,860.6328735351562,866.6806563359819,856.0102441500783,866.2404944275805,787700
2022-02-09,862.9119873046875,867.770147419581,857.5066162088948,860.7683909507881,964860
2022-02-10,863.1404418945312,866.6163732495529,856.9618538219462,861.2918549034895,1008440
2022-02-11,847.6929321289062,862.9098273171583,838.4048060285817,862.9098273171583,1919600
2022-02-14,840.7957763671875,846.9815094166659,829.3545284434429,842.9726553413119,858340
2022-02-15,865.3887329101562,871.867093616685,836.0945585890461,840.795717702001,1003400
2022-02-16,867.135009765625,875.3953347401224,858.0800351741719,864.4322949548247,808200
2022-02-17,862.4814453125,875.5190779818921,854.5898965579535,875.5190779818921,2276800
2022-02-18,856.9286499023438,867.5442891633147,847.4977536911479,855.9151390195902,1926560
2022-02-21,861.5345458984375,864.0992527431453,848.1590958230487,855.3916214008843,740720
2022-02-22,861.7677612304688,865.6861782068071,844.0979723395265,855.7723700877248,1261740
2022-02-23,852.9957885742188,866.4568532615012,848.6348290240068,861.7676019774348,1184960
2022-02-24,844.3405151367188,854.9966374194626,835.5496498847488,843.6386840806717,2242100
2022-02-25,842.9298095703125,851.4875259783181,837.4530522918288,846.9695642496905,1619780
2022-02-28,839.31591796875,845.5087950207172,824.6057512004159,842.2112981100612,3157460
2022-03-02,849.0916748046875,851.2233640566586,830.6510525865667,837.4529999939801,1732620
2022-03-03,829.67333984375,850.776194115632,827.4393060686372,850.776194115632,1339280
2022-03-04,827.5487670898438,834.7908187210248,809.9027353642983,823.1782811100184,1034100
2022-03-07,825.1790771484375,828.305283728959,810.8067864480238,813.6617399214323,1330840
2022-03-08,821.4320068359375,834.12229680256,807.2381497578682,823.1783077401191,1954480
2022-03-09,815.8316650390625,826.9849905408611,812.0273831566242,826.9849905408611,1422440
2022-03-10,839.7894287109375,841.5095337162516,819.4193056149821,823.1783397079417,1329780
2022-03-11,824.4844970703125,838.3120180627373,819.8475785273139,837.4531272246503,1465580
2022-03-14,826.375732421875,831.6217207094694,816.4214991238825,831.6217207094694,773300
2022-03-15,830.86767578125,835.549783589731,820.5636581032129,828.8882249506328,1244220
2022-03-16,848.0829467773438,851.0378631221465,831.3148580089261,837.928845178276,967800
2022-03-17,870.009033203125,874.322364231742,846.3009886844405,846.3009886844405,2017800
2022-03-21,850.6072387695312,874.091601267325,847.6118957960928,873.1399500955588,806700
2022-03-22,829.3282470703125,850.2978529228216,820.9727227625987,843.4959059630655,2804480
2022-03-23,825.2813720703125,835.0738409876601,821.3224709636781,834.3601026620296,1185580
2022-03-24,828.3218383789062,832.6946469588203,821.2748346576707,824.510471376664,863620
2022-03-25,816.5738525390625,831.6480335875842,812.4722380588763,831.6480335875842,1064340
2022-03-28,802.2442626953125,825.5073809192853,798.9111023778082,820.7990777854194,1602220
2022-03-29,805.1873168945312,808.9011613643222,800.3386817741779,804.1452866815462,1675180
2022-03-30,823.0831298828125,825.440824774015,809.9788745302855,814.042443661091,1499400
2022-03-31,827.0110473632812,829.5447953227651,818.5579990323555,820.7991189092232,1245620
2022-04-01,835.4164428710938,837.8193851960182,820.7990955274674,827.0110238045689,623180
2022-04-04,847.9284057617188,850.1338621742349,830.8890622971394,837.9289233098697,795680
2022-04-05,857.5899658203125,859.3410295771542,843.0868108936751,848.2066989724416,795640
2022-04-06,866.799560546875,868.8574828846595,849.9672311618559,855.2964542635134,941160
2022-04-07,865.4506225585938,868.3817245334661,855.7723460676377,863.6234685086253,749740
2022-04-08,878.0314331054688,880.0869740374158,859.8001459513602,863.7185626008863,685620
2022-04-11,876.7728881835938,881.240897431092,866.6211678367437,876.3755924040104,753380
2022-04-12,876.3660888671875,880.2297904218118,867.073200944574,869.585574056673,1098000
2022-04-13,874.681640625,882.6089113331624,868.3817143685891,879.0877902991607,546600
2022-04-18,883.20361328125,889.1276181922465,870.7607634328474,870.7607634328474,1075460
2022-04-19,854.0403442382812,890.9834514322549,848.5041086396567,882.204492193871,1318840
2022-04-20,871.0083618164062,876.4208784837731,856.0079468642954,865.9503329282819,1763540
2022-04-21,870.4225463867188,887.8736000969037,848.8113209887601,863.1566198338336,3706820
2022-04-22,869.6956787109375,872.6459910478909,852.6892971610197,862.6353940338996,2174140
2022-04-25,869.0715942382812,877.454043881829,853.5500007838641,855.9360973016206,1690140
2022-04-26,880.5980834960938,886.7403065272122,870.2814462930382,875.0632124814615,1411860
2022-04-27,871.3812866210938,882.9865842718696,867.890573911988,867.986185888469,1348600
2022-04-28,881.1695556640625,886.2908086801481,869.088416131918,872.1224328328173,1579160
2022-04-29,876.5120239257812,892.5452985429832,873.4277499850276,880.3230772309499,1267960
2022-05-02,881.783935546875,883.6703164644568,870.7595488537748,873.5808023392308,831940
2022-05-04,864.9139404296875,883.2926287408112,859.3144524334804,874.1594668366681,1217140
2022-05-05,841.7700805664062,878.8120122682529,837.0958929140231,875.5484805219994,1266260
2022-05-06,812.6826782226562,841.5764645238136,811.7047860529368,836.7994849150571,1799940
2022-05-09,789.1995239257812,815.5446530014196,786.6006057603183,812.5871023409292,2302940
2022-05-10,789.9764404296875,797.5985472091987,784.2574087561068,795.6858408609753,1343540
2022-05-11,789.5842895507812,795.6428078196592,776.3148894850016,789.9764270333699,1235740
2022-05-12,775.6025390625,788.2502883146489,771.143565076347,788.2502883146489,1435520
2022-05-13,784.3507690429688,791.9704834126146,779.6622214264474,788.5132756610202,1108780
2022-05-16,775.5474853515625,789.9477694697513,771.5116443603436,789.0870282126605,1049660
2022-05-17,780.5468139648438,783.7314866241569,772.955760059927,783.7314866241569,1726100
2022-05-18,781.5126342773438,785.0869923830754,775.2198144144448,780.5467082883889,1920180
2022-05-19,769.5894775390625,776.795573964358,765.0826392686514,773.2116423108808,1410040
2022-05-20,806.3013916015625,810.987545816185,777.039399085454,780.4320481881457,3049540
2022-05-23,812.6277465820312,830.592817121664,808.6588571529007,815.7669481806818,2063460
2022-05-24,821.8468627929688,826.2078309295933,805.8758114913113,820.0250403503272,1848200
2022-05-25,826.4685668945312,840.9214444569423,822.6287943885014,826.2892506509005,1630020
2022-05-26,844.101318359375,847.8071873395677,828.2712899453071,833.7009763827052,2111620
2022-05-27,843.5537719726562,852.4430591535136,836.1970198726873,848.7635156801196,850540
2022-05-30,846.7024536132812,860.091397745614,843.2572123957054,846.3725397938932,1041160
2022-05-31,845.966064453125,868.2538666903255,834.752789209042,846.6139843461476,7190740
2022-06-01,824.45068359375,853.4711967317435,821.5122787130114,840.6345584531825,1164940
2022-06-02,831.7308959960938,835.6782465395975,813.8590438702851,824.3765368533556,1377980
2022-06-03,821.0769653320312,840.0294980919014,818.9060834266065,839.8215216398289,1053720
2022-06-06,812.7518920898438,824.2234015058204,810.657534786037,821.0769623724758,720020
2022-06-07,800.7975463867188,812.8786852528805,794.2513367169471,805.7299683942924,1015240
2022-06-08,799.690673828125,801.42406418174,786.4356311193558,795.2316999221224,1632720
2022-06-09,801.8135986328125,804.5296671708081,788.2764506026981,797.6080731546258,574960
2022-06-10,802.1364135742188,806.8034215894224,790.751059741096,796.6899754113424,896200
2022-06-13,805.9402465820312,811.4560294093365,790.9040107074842,798.0766589303453,2369280
2022-06-14,806.7532348632812,817.681951252477,801.4239475433635,806.0383632115065,1321620
2022-06-15,803.4466552734375,816.0083638322042,796.6422116287443,816.0083638322042,1295060
2022-06-16,806.875244140625,810.4615688078633,794.488064730903,810.4615688078633,1615080
2022-06-17,795.8006591796875,805.9643056464615,785.8832806785426,805.6319985764623,2912380
2022-06-20,811.326904296875,813.99755998423,790.7868518881523,798.5548275010633,978040
2022-06-21,811.5518798828125,822.4638454513565,806.2058392040623,811.9439590560485,1112620
2022-06-22,802.1483764648438,810.5092867933911,793.0821673692192,810.5092867933911,1047280
2022-06-23,811.76708984375,815.0497681236671,798.5550656738322,804.2931859062192,633500
2022-06-24,823.9771728515625,824.8546082052864,809.1727861040771,810.5117038890503,607600
2022-06-27,830.0308227539062,832.371506407622,821.6364657404185,829.6363504314172,1276840
2022-06-28,832.2138671875,836.8019581367643,815.3389945243553,827.2456047877312,1044480
2022-06-29,836.7636108398438,838.004465068626,824.9645802585284,829.6363748325628,1939440
2022-06-30,835.37451171875,840.0988988136318,824.0991286188449,836.7636287367269,2056840
2022-07-01,850.9176635742188,852.5601698627817,828.7302573821239,832.0272944198007,770940
2022-07-04,860.4572143554688,861.8391516723624,846.5877003563237,851.1543100310797,974580
2022-07-05,860.0006713867188,867.5630067925106,855.9361700206987,860.4573090559853,828760
2022-07-06,879.3021850585938,881.2029253178467,851.2140970055261,860.0005917923959,1567820
2022-07-07,870.51806640625,887.0175515531404,869.0189781656032,879.3667263106335,1037580
2022-07-08,880.7606811523438,882.2358373017956,871.3333873460218,875.0631882180412,1176500
2022-07-11,884.1197509765625,885.8220875678605,877.0714330709518,879.8448804992514,787640
2022-07-12,866.7022705078125,883.192183618091,865.5498485534257,880.6459165617034,523780
2022-07-13,872.6555786132812,876.2538693515262,866.9342117012761,866.9342117012761,455020
2022-07-14,878.090087890625,881.8031365029602,867.0633649305959,872.6532218313155,1045880
2022-07-15,897.6092529296875,900.71022130247,878.7117035884809,879.8449798417998,990020
2022-07-18,890.6231079101562,907.196667670129,887.13957486052,900.8225942860705,879540
2022-07-19,878.7786254882812,891.7276268905847,871.5462043641733,889.4036956033452,874560
2022-07-20,890.2261352539062,892.2775315373393,872.6722910266047,887.0175889612887,1093260
2022-07-21,900.88232421875,903.2732072268088,889.1096186219145,889.4084789979219,1013120
2022-07-22,908.0071411132812,912.5522119155844,900.6719285996817,904.1243495548351,1264000
2022-07-25,896.942138671875,909.0137044425796,894.766411822507,908.0071520524283,719180
2022-07-26,885.0809326171875,898.0156326770025,872.6842395902855,898.0156326770025,2789420
2022-07-27,886.6302490234375,892.7079133504151,877.4540680142446,886.7307058026341,899460
2022-07-28,913.9102172851562,925.0326093905823,882.7139813569474,888.2130121183802,2609140
2022-07-29,925.7069091796875,928.7648579789071,908.5857697576226,913.9102710473688,2276500
2022-08-01,920.7385864257812,932.4443398762256,913.5563647864252,929.6708923373585,1171340
2022-08-02,930.4743041992188,932.492195484333,922.8904301691787,926.5627938461149,1124380
2022-08-03,926.031982421875,934.6559135323453,910.9264003474414,924.7959146203865,1026500
2022-08-04,949.1804809570312,952.7094263394662,927.4760396801292,927.6147295626682,1765600
2022-08-05,952.5995483398438,957.3095762892108,943.3970417857365,948.7023972816155,1251200
2022-08-08,939.7582397460938,955.7460463556351,934.835389914481,951.8106617006518,1149180
2022-08-10,945.3312377929688,963.5258813829354,932.68348964636,949.2093015159327,1444140
2022-08-11,941.032470703125,955.5116732010391,936.6332690153562,946.7897360597581,1009220
2022-08-12,934.5125732421875,944.7073322725482,928.3178156551005,942.0080157003541,978060
2022-08-16,941.1926879882812,949.4005501239244,931.621975764504,934.8353086988791,1321660
2022-08-17,943.6958618164062,948.8912458088699,940.5351215538631,941.147143228368,792000
2022-08-18,935.2011108398438,943.5739881850153,931.4880623547159,942.9643013159649,978420
2022-08-19,929.6183471679688,940.5686031850169,925.2717381373899,937.2261533588032,733960
2022-08-22,930.1587524414062,938.6607471351863,925.2718011750308,927.7104903721104,795880
2022-08-23,938.45263671875,941.4795319728685,920.5449462873435,922.8808436623689,857620
2022-08-24,940.62353515625,942.818349321745,926.1348197572795,938.1274674095172,675360
2022-08-25,933.7186889648438,946.1201681968768,930.7252989085171,940.6211375345307,518180
2022-08-26,933.7882080078125,940.3846177920494,929.0016548865557,934.3572102251488,559780
2022-08-29,939.4425048828125,944.8291713762148,922.1683749196392,927.6626194756028,969240
2022-08-30,952.8074340820312,956.1140437146854,940.0951287537241,940.0951287537241,2195020
2022-09-01,943.58349609375,958.744063880799,936.011530091356,942.0078832145506,1581240
2022-09-02,935.3995971679688,949.0850101506749,933.878969782703,944.5088270578929,624820
2022-09-05,920.9537353515625,936.3964690427426,919.3900885928969,932.444332597731,994480
2022-09-06,910.5391235351562,923.2634549488579,905.9080132547227,921.0016304709023,1187400
2022-09-07,917.1091918945312,923.2178507282251,909.252725360485,910.5389922838049,1114720
2022-09-08,914.4530029296875,921.7810361966315,908.7746556338956,918.1469056015584,1092940
2022-09-09,910.9862060546875,926.2280853633907,908.0956074592284,926.2280853633907,968680
2022-09-12,907.014892578125,916.1839520278888,903.2803637680995,911.0005341429721,871200
2022-09-13,911.5791015625,921.2789299413304,907.1009825098921,907.1249146876283,1022920
2022-09-14,913.7356567382812,919.7415824989048,902.3646038505541,902.3669970682599,1232020
2022-09-15,908.9659423828125,920.8270806725087,907.4716404555863,917.8122097919917,669100
2022-09-16,880.0457763671875,908.9658870459402,877.0021870567972,908.961100610371,2323260
2022-09-19,897.3103637695312,900.88472221129,873.4995387524549,884.4474014437671,1072620
2022-09-20,890.20458984375,904.7100572037066,888.217752215389,899.4501150106618,1676000
2022-09-21,891.7945556640625,903.2468616685651,888.9804817566982,890.1735300162422,925980
2022-09-22,891.2398681640625,900.6456228659079,888.478445005912,891.7945693619974,1558620
2022-09-23,884.4307250976562,892.0959107314267,882.2383038575794,888.9781896644675,716840
2022-09-26,882.3936157226562,903.2708226936829,879.7278044915063,884.425866299046,2261700
2022-09-27,892.8823852539062,898.7328686178366,886.8119009740868,886.9243238353239,1386280
2022-09-28,900.9301147460938,907.5313683013906,885.8555859647047,892.0384350007704,2110340
2022-09-29,907.53857421875,914.7518496602717,898.553617089837,905.43697869052,1743900
2022-09-30,915.4595947265625,917.8600507733645,903.4669457358101,906.1447232172575,1619460
2022-10-03,908.1817016601562,915.4189092320066,897.5374857845154,914.1541227749319,1040920
2022-10-04,920.578369140625,925.2716440612065,910.9837261064382,920.4898784588231,745780
2022-10-06,922.8880615234375,933.6470355348702,919.8803118876893,924.8939867724766,1340720
2022-10-07,923.885009765625,926.7062634182732,916.5497969656735,921.6949819214251,792260
2022-10-10,914.2283325195312,918.3382467744574,908.7723206558443,913.3173920016733,692380
2022-10-11,882.2335205078125,918.7996746952725,880.3351732282805,918.3382505748402,1098520
2022-10-12,895.40478515625,897.3868364050476,882.2333903441421,886.5393727499777,774960
2022-10-13,897.2338256835938,904.7890392640152,889.6475586425298,898.4938256862745,605540
2022-10-14,905.0927124023438,909.1930534920828,901.362911489094,906.5678685681024,441300
2022-10-17,904.7173461914062,911.4046392286353,898.5990553147578,901.3629301920134,348500
2022-10-18,927.0816040039062,929.0516891935448,908.0573322809399,909.4918620317786,1070220
2022-10-19,943.8775024414062,949.0848521432325,920.7050268343677,927.081550904014,2609600
2022-10-20,959.2747802734375,963.2245233637137,942.0078315434422,942.9163786897217,2257080
2022-10-21,970.45703125,973.0893958079045,955.516405490489,959.274866619143,1143860
2022-10-24,998.196044921875,1006.5618010577258,973.0918303450499,973.3285254408555,903960
2022-10-25,969.8569946289062,1006.5044013669586,966.7297006891102,994.6074224653335,1427060
2022-10-27,962.7249145507812,979.066623793333,952.0496449194266,978.7557973178949,2029480
2022-10-28,969.8593139648438,974.1389712668315,958.751280677407,962.7248979451015,1298600
2022-10-31,979.5254516601562,984.6531685295568,969.2604467938723,975.63158817604,1591100
2022-11-01,990.4230346679688,997.3930463889494,979.8428878133817,981.2642882424375,794120
2022-11-02,980.6773681640625,995.7165431923721,972.7525344734304,990.4252958613982,866340
2022-11-03,982.4140014648438,984.8936868421226,969.2628611791758,972.767126953048,706560
2022-11-04,982.5029907226562,987.7797939369867,976.7018306580824,982.4139733671166,377460
2022-11-07,985.1461791992188,996.6787420235054,979.8525823084473,983.7632980609793,1354440
2022-11-09,977.4330444335938,1002.5641248989449,971.9060998180831,991.6496335656057,1044900
2022-11-10,970.4773559570312,981.2859176338062,964.2072111156574,976.4564328570784,779820
2022-11-11,977.5579833984375,986.096132841332,971.6702726491044,975.3308468569849,716740
2022-11-14,965.1813354492188,980.9227859860327,956.8836968139518,977.5821103542659,969520
2022-11-15,964.7172241210938,970.9897183616262,954.8297795849869,969.9338996808269,786820
2022-11-16,966.7542724609375,968.9838165460034,953.6271490567412,961.6674240639571,895520
2022-11-17,961.6121826171875,968.7649856959603,956.4003219984471,968.2984079078067,555640
2022-11-18,958.4422607421875,964.2457697135119,951.4626187353739,961.8046037216279,733720
2022-11-21,950.582275390625,955.2914458381942,945.9596561125181,954.9258640328529,996880
2022-11-22,943.4535522460938,954.7961013812248,940.4014783055558,950.5823392102893,948440
2022-11-23,941.1254272460938,953.0499949649869,938.4749883171229,947.6144167015541,1034440
2022-11-24,949.3196411132812,956.0033999215187,938.0348125000248,944.0067260691516,1193920
2022-11-25,939.40576171875,953.579074107529,935.1077972332808,952.4246082931564,1157160
2022-11-28,953.167724609375,954.6011622248649,936.0697591798146,939.1964053435703,1060000
2022-11-29,967.875,980.0833535204478,949.0574019611502,950.0194469707408,1474460
2022-11-30,970.888671875,978.3517435353923,954.3679670391001,967.8750586536031,6267780
2022-12-01,964.4260864257812,978.8760218429676,958.918402011014,971.1844763783482,1058520
2022-12-02,950.0772094726562,968.66874185152,946.6162782332798,964.4260902886028,1392340
2022-12-05,950.125244140625,954.8296582622015,940.5288687956431,950.4908259364878,1699980
2022-12-06,957.768798828125,961.5640737793658,941.6016380305696,949.5866005863735,1362180
2022-12-07,957.7567138671875,965.8523605298685,953.7834631195595,958.1968682668006,1139120
2022-12-08,952.681884765625,966.8071053549168,949.1054544010036,957.2347461497067,812480
2022-12-09,973.6737670898438,976.2327810184987,954.5507147691795,960.5057758187747,1535100
2022-12-12,985.4876708984375,987.058157668979,969.0198141443266,974.0705503312292,1621200
2022-12-13,980.72314453125,992.6356745430107,977.918804317662,989.0304717449228,982680
2022-12-14,965.099609375,983.7223814959199,962.3650266327797,980.5717189333958,1633600
2022-12-15,949.43505859375,969.2579780098973,944.4612434202146,965.099528896614,791080
2022-12-16,949.4759521484375,955.3107578672356,941.3659192260651,948.8169536219144,1386420
2022-12-19,965.97265625,967.8173589170384,952.422230041387,952.4246375028509,1308960
2022-12-20,968.5653076171875,970.1190009321762,954.8801819531208,969.2603593091574,933520
2022-12-21,977.1588134765625,978.7846719841016,965.034602972872,969.9819361576281,1407560
2022-12-22,976.7932739257812,983.2100983416638,969.6212112192802,981.0454968531425,753760
2022-12-23,968.4306030273438,983.9315416277784,964.6930487394627,971.665467654907,1488080
2022-12-26,957.1146240234375,973.8613960070741,955.3107894512109,970.4605923964084,667640
2022-12-27,951.270263671875,962.8966008283599,949.7791053843465,957.2349555405671,805820
2022-12-28,954.5219116210938,957.0376501925343,948.0954573229116,951.9436377686667,706920
2022-12-29,952.8093872070312,958.0789675321741,944.2736453316198,954.3486357126897,797020
2022-12-30,943.0927734375,956.7538252195425,940.9690988672123,954.3270453839074,852880
2023-01-02,940.95458984375,948.3358660707745,938.0540100539026,943.6050285366957,503280
2023-01-03,948.9275512695312,950.5461873600075,936.8370454708801,942.7560534454968,628300
2023-01-04,938.951171875,952.3284367365778,937.9939417293874,951.462572687553,639680
2023-01-05,951.270263671875,956.9535761149385,938.9320224760913,939.9181422745065,1027860
2023-01-06,956.5253295898438,958.507140046837,951.2966170846182,952.4246008148436,787720
2023-01-09,966.1673583984375,969.9482470045583,957.0664500766504,958.9159675376784,722880
2023-01-10,963.197021484375,971.1362998923046,959.882769539765,965.0778358287189,633360
2023-01-11,950.418701171875,966.1289130603866,948.4513355132732,965.4121942056219,650200
2023-01-12,955.9480590820312,959.6399304220854,949.538457470274,950.4187075459611,661240
2023-01-13,951.6719360351562,959.6400468861639,948.8194463002181,959.6400468861639,695420
2023-01-16,949.326904296875,954.3487515992055,947.6625263236213,954.3487515992055,485300
2023-01-17,959.4354248046875,960.4191369511087,948.2252283788624,949.3411747372897,803740
2023-01-18,953.5478515625,964.0605903692965,951.1427387275038,959.6376137019115,727980
2023-01-19,946.7052612304688,956.9943403755325,943.3645855366537,953.5477950971298,619980
2023-01-20,923.565673828125,946.0679220875793,921.1509313096323,945.6951178795764,1440440
2023-01-23,931.6011352539062,935.107808325068,921.2086527770346,925.9683801572819,758000
2023-01-24,927.9260864257812,934.8191767143354,921.100405054796,933.1836884033169,754240
2023-01-25,925.2708740234375,930.80263289696,921.1581080691739,930.7304677766351,823200
2023-01-27,924.3497924804688,932.8951653115448,915.1959190643048,926.4518587205117,895540
2023-01-30,921.9229736328125,924.2198680053642,912.8846000335137,923.8518787159816,996600
2023-01-31,914.7966918945312,923.5633163174232,910.527616669366,923.5633163174232,2350000
2023-02-01,918.264892578125,922.4593954277715,909.8662570321576,918.7531375482346,1376100
2023-02-02,911.759033203125,920.1480974630352,906.7516304638559,920.1480974630352,1418440
2023-02-03,914.1497192382812,916.5716255232229,902.8841498713109,914.2026246730563,1111560
2023-02-06,914.97705078125,916.8289758460387,902.124142400147,913.9428405600596,1382680
2023-02-07,912.8845825195312,918.7482189855823,908.1705382298505,915.0972744176906,797460
2023-02-08,913.697509765625,917.0622601208551,908.658810347922,911.5377232349709,465340
2023-02-09,913.9572143554688,918.0002226470749,911.578525159591,913.8946790803858,694680
2023-02-10,915.090087890625,917.3172246444353,907.9324700024861,914.4238669618177,527660
2023-02-13,915.23193359375,923.5151271092916,911.5352474258254,918.5124812701553,649780
2023-02-14,917.9305419921875,926.4494325744631,915.2656582715782,919.4649757438833,771780
2023-02-15,926.4951171875,928.3158039860269,910.5780974004491,917.5505169353116,639960
2023-02-16,944.19189453125,952.4173678853169,920.6771039270386,934.6267570168422,3480140
2023-02-17,914.9674072265625,941.6040304043207,905.3830096205454,941.6040304043207,3768700
2023-02-20,905.4310913085938,920.9175850071884,903.3602635902324,915.3858262045858,1306220
2023-02-21,906.6649169921875,910.7584233442122,902.3982495787959,908.2234252630576,899080
2023-02-22,898.2687377929688,908.3052685319007,896.2003173548281,908.3052685319007,841600
2023-02-23,897.0109252929688,905.4841332913774,892.3449710637998,897.5857214364486,985360
2023-02-24,898.5933227539062,906.6793393183241,895.4234008595349,901.4963100380746,777500
2023-02-27,895.7962036132812,906.4869171192225,889.506799084537,899.5120907471193,1032500
2023-02-28,898.0691528320312,900.7147770101652,887.9749010822346,896.1546923671901,2183640
2023-03-01,903.3049926757812,905.3036553676197,893.5065661510212,899.5121253534762,1278520
2023-03-02,889.0137939453125,904.3223117187629,887.8136451410029,904.3199042574889,781400
2023-03-03,887.4817504882812,895.4065849045385,885.3460386458644,892.2487001886807,920360
2023-03-06,890.6060791015625,892.4917087424519,886.284098292617,890.9499938029821,1058980
2023-03-08,890.76953125,893.4416372646798,884.9636150961448,885.3219745355188,914920
2023-03-09,891.6089477539062,893.6918129883437,886.5245652047211,889.8917230758187,1132300
2023-03-10,889.2062377929688,891.3347860663362,882.9192988941776,891.3347860663362,472680
2023-03-13,881.110595703125,889.8868492532417,878.3495311290593,886.5220990663571,729520
2023-03-14,878.57080078125,886.7650360393362,876.0863593368684,882.6763445251868,877580
2023-03-15,865.5206298828125,883.691267165191,860.0682584548653,880.2712041232681,1559160
2023-03-16,887.517822265625,889.8916966792486,864.2892837982316,865.359547203226,1660860
2023-03-17,907.1194458007812,907.929996923345,888.6866888649766,889.838747183196,2668600
2023-03-20,910.9532470703125,913.4617630642791,897.2079933665212,909.132560395728,1512900
2023-03-21,910.4505615234375,926.4012847579028,905.2867918077326,913.4617672017989,1955240
2023-03-22,905.27001953125,914.3758024924019,899.4496582579419,914.3758024924019,564960
2023-03-23,916.0809326171875,922.1153814362721,900.0003822109674,905.2699629247147,1133700
2023-03-24,911.6868286132812,918.753021309539,908.5553672829552,914.1857147905675,525980
2023-03-27,908.6995849609375,920.0902234962576,905.0462331982392,913.9427419082296,717080
2023-03-28,911.34521484375,914.9023856187556,906.7274105971542,909.1325230921069,709620
2023-03-29,916.48974609375,919.9554919193959,907.987650282311,910.5755535704138,972120
2023-03-31,947.830810546875,950.1108526170427,921.3986462953677,921.3986462953677,2968880
2023-04-03,947.87646484375,951.9434887771287,932.5125762850628,951.6548870325818,1274800
2023-04-05,953.4852905273438,955.9361450661268,942.8522963659842,945.642250666656,943020
2023-04-06,948.0111694335938,954.3486645213583,943.0446354809087,952.1840632157403,819560
2023-04-10,939.4466552734375,948.4057001267859,938.0420483107636,947.614408649465,448280
2023-04-11,946.392578125,947.3738828865542,936.7913871142748,945.1131004589957,882520
2023-04-12,935.122314453125,947.3739451347632,931.4977929717663,947.3739451347632,1137640
2023-04-13,936.3272705078125,946.6524033747617,933.9654332838015,937.993997246334,923020
2023-04-17,973.8012084960938,981.7669696636776,938.0973234621073,942.3231227688117,3887020
2023-04-18,993.8527221679688,995.716684560564,971.6655569141736,971.6655569141736,2797200
2023-04-19,991.805908203125,993.9680432509886,980.7086863603209,993.7853110726998,1797480
2023-04-20,984.8023071289062,996.7124301898316,980.3239589939257,990.6659438410156,1044260
2023-04-21,990.8814086914062,995.2394877141136,985.5902227559426,989.7332599376379,886100
2023-04-24,1000.1849365234375,1001.1372814977768,986.2500605678892,991.0795318784593,1157360
2023-04-25,999.0199584960938,1011.7535750410932,981.7518152833259,1001.1373298760981,3369280
2023-04-26,1016.47412109375,1019.5076034526168,989.7041290811151,995.8194841096081,2497880
2023-04-27,1022.3262939453125,1024.8716249135725,1015.2077234167195,1018.408094117607,2044640
2023-04-28,1052.013671875,1056.2775671018558,1021.4898850268061,1024.0013425663822,3330320
2023-05-02,1051.2618408203125,1068.3341792104347,1047.7158931217793,1053.8796387151824,1783400
2023-05-03,1057.539306640625,1060.930523562327,1043.1669108092353,1051.2208297011023,1140260
2023-05-04,1048.7432861328125,1063.3042867334113,1046.04086394016,1057.6916000333379,1270680
2023-05-05,1064.5079345703125,1067.3529309190237,1051.457657189284,1053.8772908812537,1101520
2023-05-08,1062.738525390625,1078.0512273027482,1051.9653070723086,1065.9654512119102,1513120
2023-05-09,1062.163330078125,1070.5557453952429,1056.1373192937285,1063.5483553744584,865740
2023-05-10,1065.965576171875,1069.8281859423028,1062.073932209388,1062.1633952889854,1208820
2023-05-11,1064.50537109375,1074.9088155302345,1061.1455492893188,1068.334106799506,1378740
2023-05-12,1053.596923828125,1066.9033165611584,1050.979125750934,1064.4668051316933,1339220
2023-05-15,1053.23193359375,1064.5104186651977,1051.5230471836464,1054.8466359196445,1451400
2023-05-16,1052.9322509765625,1063.01655723626,1050.0123083621,1057.5054901206693,1545140
2023-05-17,1050.61669921875,1058.2935288814438,1044.2112367709651,1052.9323532065437,1335760
2023-05-18,1048.0592041015625,1061.1311991242308,1046.6379450811667,1056.2968884220702,1023500
2023-05-19,1048.5692138671875,1053.8797562212378,1039.6717686865577,1053.8797562212378,1464400
2023-05-22,1039.1253662109375,1048.9969905057267,1035.6108130276493,1048.9969905057267,1021900
2023-05-23,1034.7215576171875,1044.6946853046827,1032.7104085545259,1036.959787125657,1109180
2023-05-24,1033.604736328125,1039.2802127778732,1028.4996755350332,1034.7214905063336,887280
2023-05-25,1038.1632080078125,1045.757889947528,1030.232508484297,1039.3766245090592,1630040
2023-05-26,1043.3289794921875,1045.6131207157568,1033.0923019360546,1038.6493993044492,1263180
2023-05-29,1050.4691162109375,1056.2968444728726,1041.8954146063086,1050.2515958434233,1068740
2023-05-30,1042.97607421875,1050.4281837352908,1039.9110784627308,1048.0786565869573,939620
2023-05-31,1047.7451171875,1056.7006313743502,1040.1020429405241,1043.2443451850575,8495880
2023-06-01,1057.471435546875,1059.9201032523351,1042.896038158429,1053.2028200890559,1197320
2023-06-02,1065.7938232421875,1068.1408714743131,1054.8465180162711,1063.5482766433531,1164960
2023-06-05,1055.5306396484375,1069.818411483512,1053.3962726488796,1063.5024130531676,1630180
2023-06-06,1049.3062744140625,1060.239061057792,1045.0592578149979,1057.4641720165343,1570460
2023-06-07,1081.32666015625,1084.0823121233054,1051.4579091302649,1051.4579091302649,3136240
2023-06-08,1070.74658203125,1091.4688499580025,1067.7760067133036,1085.7861744282443,1458580
2023-06-09,1067.0992431640625,1077.0845270334912,1065.525731532711,1068.4263182302877,1418300
2023-06-12,1077.536376953125,1080.4199675264285,1064.957492043108,1065.9654268620345,1247040
2023-06-13,1087.3621826171875,1096.3250136163963,1077.681522566923,1080.4200604609791,1666940
2023-06-14,1098.7784423828125,1099.8541237717511,1087.7199561618338,1088.9285338909026,1447540
2023-06-15,1110.257568359375,1111.8915087941307,1094.1254162079636,1098.7784404567217,1475140
2023-06-16,1110.37109375,1120.3635764949868,1105.9597851055157,1110.2575535392766,1470820
2023-06-19,1101.973876953125,1119.1428787318441,1100.3494966969845,1113.0999906177415,866620
2023-06-20,1109.7425537109375,1111.889077316111,1098.3553681415328,1101.9739015561158,1377540
2023-06-21,1106.6510009765625,1115.2609364668547,1100.5308062562183,1109.7692257284955,1292840
2023-06-22,1089.310302734375,1106.609839308639,1087.3669005905454,1102.2227264039693,998060
2023-06-23,1089.50146484375,1093.5188056768466,1085.4792849785672,1089.3105001140964,870300
2023-06-26,1094.043212890625,1097.3885180940315,1087.9616123218582,1088.6891194229659,700300
2023-06-27,1094.35498046875,1105.606790737664,1087.9663967730482,1094.0697136655112,882660
2023-06-28,1099.5203857421875,1102.2228078346643,1091.587324601172,1095.9382041057825,1112480
2023-06-30,1106.7813720703125,1109.2928290960656,1093.7626086309738,1099.8054959714764,737240
2023-07-03,1094.1278076171875,1109.4743846795764,1091.7324867518262,1109.4743846795764,1105380
2023-07-04,1093.7169189453125,1104.3983146143803,1088.952715040631,1099.7090566909571,602980
2023-07-05,1107.0523681640625,1109.1842568032696,1091.5874121609643,1091.8775180279392,777760
2023-07-06,1116.69921875,1130.86377274043,1107.2988685239764,1108.749161737498,1807340
2023-07-07,1107.3568115234375,1123.8248607723344,1104.6398725589884,1119.3868790633326,1129280
2023-07-10,1091.599609375,1113.9414231593714,1090.1372773106336,1105.5586842673922,727760
2023-07-11,1104.7510986328125,1109.9504608059638,1090.1515049284876,1093.0375740547688,1370520
2023-07-12,1114.79443359375,1116.7257974149522,1103.044674213883,1108.9425097986602,961800
2023-07-13,1103.225830078125,1117.767473042668,1101.103619814624,1114.7943014310858,864320
2023-07-14,1118.565185546875,1121.5600740502746,1102.2228313942353,1103.2259272519848,909140
2023-07-17,1115.311767578125,1131.003922005241,1109.7160762701435,1121.5601380730702,835900
2023-07-18,1110.7867431640625,1121.0765298852748,1103.2137773888555,1121.0765298852748,651680
2023-07-19,1109.036865234375,1113.1001178296904,1102.2953854367797,1109.4743845468574,557620
2023-07-20,1112.2757568359375,1115.9764358594482,1099.8540804044778,1109.0392707832277,755840
2023-07-21,1111.0478515625,1123.1047125210703,1107.675990559853,1112.6142815820012,736860
2023-07-24,1103.1944580078125,1114.240904338651,1097.7630584127653,1110.9317150506192,841620
2023-07-25,1100.912841796875,1118.6595788065326,1096.1920709547035,1118.6595788065326,1251520
2023-07-26,1102.2178955078125,1107.0570447782643,1097.4850868996052,1101.782854796345,689240
2023-07-27,1079.2742919921875,1107.057059134165,1067.2247499596813,1105.0846227629422,3587480
2023-07-28,1086.7965087890625,1094.0938860377753,1072.6029217901958,1079.274293621917,1344220
2023-07-31,1090.296630859375,1095.1646967471747,1084.3213709141282,1094.971371529597,972180
2023-08-01,1092.249755859375,1096.905140592887,1084.0942167384526,1092.955546365064,1300380
2023-08-02,1106.201416015625,1108.9013595310005,1088.2323217540018,1096.9050464172658,2093220
2023-08-03,1086.550048828125,1106.4745849658384,1082.9799056329914,1106.4745849658384,899420
2023-08-04,1085.520263671875,1097.3329300970083,1083.4656816411343,1087.524094882693,820200
2023-08-07,1085.7523193359375,1090.2143787083999,1070.799829259286,1085.520281862355,824920
2023-08-08,1074.6309814453125,1087.6691025918306,1068.38261157125,1086.2695602717642,1160640
2023-08-09,1074.106689453125,1080.7707452467441,1071.409105916668,1077.084582794407,745700
2023-08-10,1063.052734375,1075.3705468586413,1058.4721784229648,1071.428152876012,1411580
2023-08-11,1055.9295654296875,1064.0318755730498,1051.4626666839542,1063.0529747831033,767260
2023-08-14,1058.6898193359375,1065.4820492896629,1049.492590689497,1056.0189099569247,815760
2023-08-16,1061.02978515625,1069.8330467882704,1053.1715510874783,1069.8330467882704,578600
2023-08-17,1047.471923828125,1064.9165153283604,1044.327143304433,1058.7140568528093,1399840
2023-08-18,1055.3299560546875,1057.7471112449182,1036.9595766089349,1047.4718411833226,1313340
2023-08-21,1065.2088623046875,1072.0615206466841,1050.754203931551,1055.3299210439134,741920
2023-08-22,1064.802734375,1068.0176214762341,1059.0064011605386,1065.2088589212517,810440
2023-08-23,1072.40234375,1076.5912927697543,1061.131176909909,1068.3826428113434,1227560
2023-08-24,1075.387451171875,1077.5677297651291,1070.4758345606986,1077.2293516604975,920400
2023-08-25,1072.6611328125,1077.106196754816,1068.9265803919498,1072.7336002667134,839280
2023-08-28,1065.2137451171875,1073.9203429024108,1063.548292130875,1072.8059493727699,830140
2023-08-29,1066.593994140625,1072.2404359953857,1061.1311994405226,1066.9540889149582,1048560
2023-08-30,1073.1444091796875,1077.0843248275007,1064.0388866731525,1066.59389517905,1296640
2023-08-31,1062.890869140625,1077.5194984985114,1047.5975220406463,1075.6341644764625,4661300
2023-09-01,1059.4658203125,1068.8516540827502,1056.780393576238,1065.9655845542566,716980
2023-09-04,1050.89208984375,1062.5790587676486,1045.782190735882,1062.3493818150232,1481820
2023-09-05,1061.346435546875,1063.4808027598458,1051.6826524772646,1051.6826524772646,1246260
2023-09-06,1063.7464599609375,1068.3826061572556,1052.651741117413,1061.3463003660106,1125840
2023-09-07,1058.5350341796875,1067.662273438942,1054.9601702804005,1062.499263063086,823180
2023-09-08,1057.9041748046875,1062.5499988887564,1055.3299282000683,1060.9377753034507,609540
2023-09-11,1069.6904296875,1073.2146612239558,1057.4282047886356,1059.1975200921524,939540
2023-09-12,1078.9093017578125,1082.6438538891957,1064.3749753318177,1070.0407731659323,987580
2023-09-13,1072.2403564453125,1091.0627720993793,1070.8021019076305,1076.869184995563,1016500
2023-09-14,1086.6419677734375,1088.2034408342643,1071.1382988545295,1074.6673696022076,1621120
2023-09-15,1093.6322021484375,1097.4368611200016,1078.9673403003549,1087.7198499173437,2322820
2023-09-18,1103.1607666015625,1104.1566630212224,1085.4309069123317,1093.5211785262718,1150640
2023-09-20,1096.4334716796875,1103.5061280997086,1090.4292968378131,1090.4292968378131,1149000
2023-09-21,1089.3394775390625,1095.9359041052862,1080.468469960417,1095.4524730225298,923660
2023-09-22,1089.2911376953125,1094.4856615723086,1081.9188133416662,1088.6868488138662,766020
2023-09-25,1094.4276123046875,1097.809269596414,1085.3512403568882,1091.1040233986769,688540
2023-09-26,1112.1597900390625,1114.9323193007808,1092.3633102980011,1097.3885859740235,1320020
2023-09-27,1105.751708984375,1112.15953000017,1099.392160251706,1112.1329743431936,833060
2023-09-28,1089.5787353515625,1107.4414905953688,1085.1964608287603,1107.0572006452949,1039620
2023-09-29,1088.0533447265625,1097.630141652527,1084.335788472415,1090.1828725535224,904580
2023-10-03,1078.7884521484375,1092.2979662071557,1075.8830267482342,1088.0534273247772,1000260
2023-10-04,1111.2244873046875,1129.2370173631095,1090.1855557172116,1102.4670193436943,4269760
2023-10-05,1107.9610595703125,1117.073663080125,1101.0140994673768,1112.133012436751,1360000
2023-10-06,1107.6494140625,1115.1594733373672,1102.9431606076537,1111.4056829641663,776240
2023-10-09,1106.1795654296875,1110.963124505859,1102.2226544603382,1102.8052265698861,475100
2023-10-10,1110.346923828125,1112.713328481706,1103.4483526559652,1109.957794843444,793260
2023-10-11,1121.6591796875,1125.1325420905387,1108.5074001742505,1110.3468222766446,1346760
2023-10-12,1115.5244140625,1126.3944138023046,1110.0568982594355,1122.6720180999225,1084440
2023-10-13,1138.6905517578125,1140.8901868493085,1109.7354368253286,1115.5196143519709,1815820
2023-10-16,1117.1390380859375,1138.4801110101337,1110.6851864249252,1138.4801110101337,1732160
2023-10-17,1127.617431640625,1129.4012638739337,1118.176009151309,1118.176009151309,763320
2023-10-18,1124.603515625,1133.508398348499,1121.5603540702716,1127.6177610076484,713420
2023-10-19,1166.6326904296875,1171.2082894231712,1116.7498331195368,1124.3106422178025,5848240
2023-10-20,1173.756103515625,1196.2501650332606,1160.3215353948747,1165.0665009759139,4158680
2023-10-23,1169.7943115234375,1192.863744888841,1166.4393283919594,1174.7374411763103,1584600
2023-10-25,1172.934326171875,1185.8419122956386,1167.6359404631069,1173.7706524913156,2227000
2023-10-26,1138.267578125,1172.832902351448,1132.2440454025725,1172.8038681589228,2538800
2023-10-27,1162.9876708984375,1171.2567494104042,1133.1792373826613,1138.504296391866,2608740
2023-10-30,1168.534912109375,1172.3202147357244,1153.7104811078784,1165.0687494899364,1452280
2023-10-31,1171.5855712890625,1176.187844718631,1166.1349329466423,1174.737551445242,1032780
2023-11-01,1160.7862548828125,1176.7032559097026,1156.2788002730138,1176.7008816907878,1273800
2023-11-02,1172.4122314453125,1174.2599673474406,1155.943342949448,1166.4995952694503,2141360
2023-11-03,1166.929931640625,1176.700911118004,1165.8504929840042,1173.9244994495723,954280
2023-11-06,1181.054931640625,1185.9635094241619,1169.8301019978258,1174.2717897375246,1485520
2023-11-07,1184.9423828125,1190.3153578226336,1172.8130944260215,1180.9309033590537,1059300
2023-11-08,1180.666015625,1187.0430480130285,1177.6755686158072,1184.9206153157413,726100
2023-11-09,1178.001220703125,1187.1546626683905,1176.3285840126741,1183.9941034599758,844460
2023-11-10,1173.647216796875,1179.107682584873,1169.6819152899293,1178.001534052055,566340
2023-11-13,1171.150390625,1181.4660153063808,1168.5319833888789,1181.4660153063808,570560
2023-11-15,1175.4390869140625,1179.083394187353,1167.3650807612376,1178.8889456608977,1533940
2023-11-16,1171.0069580078125,1180.2260494881775,1169.2127608840135,1176.4600636766515,1388360
2023-11-17,1185.1151123046875,1190.5537350225038,1170.1170542265534,1171.8383627656099,1401020
2023-11-20,1181.68701171875,1186.6101912083868,1175.0475096726614,1185.2122513533047,1082300
2023-11-21,1185.134521484375,1187.3907413777008,1175.7403322147584,1181.8062232022971,906580
2023-11-22,1184.03564453125,1192.2604126604604,1179.618173374501,1184.969187291023,736420
2023-11-23,1186.099853515625,1195.6592891500939,1184.0503091860323,1187.108777770314,736280
2023-11-24,1173.732421875,1189.9679247302481,1172.229897401349,1188.8569089643559,808240
2023-11-28,1177.605224609375,1179.6182059184034,1161.294223557196,1173.6861018319814,1753940
2023-11-29,1170.2581787109375,1183.2650993634845,1167.5133442763563,1177.722010569767,1254300
2023-11-30,1178.4586181640625,1183.5179598897737,1165.291200246798,1170.8659848917011,2944060
2023-12-01,1183.4400634765625,1184.7236847622316,1174.5806667735676,1183.505710620831,1273000
2023-12-04,1186.561767578125,1192.9898461660364,1173.7177189179897,1185.890694644969,1987840
2023-12-05,1196.5828857421875,1199.7410709543306,1186.5615476261642,1188.9052572428886,1343740
2023-12-06,1214.068359375,1220.3116048348802,1201.109992491157,1202.413082417631,1592160
2023-12-07,1214.3966064453125,1223.868552912261,1206.5220344821773,1214.068489387603,1201700
2023-12-08,1205.3697509765625,1224.1435336522147,1203.7530263705964,1215.357141721047,1401520
2023-12-11,1217.7127685546875,1221.434950213969,1198.0467573851279,1209.7651895431347,1078740
2023-12-12,1213.0302734375,1227.3062134664897,1205.984660533073,1217.712707691383,1282460
2023-12-13,1217.7589111328125,1219.4899540718018,1207.090833725378,1213.577318242544,891440
2023-12-14,1205.54931640625,1222.6016657430412,1203.4487266124895,1222.6016657430412,2094520
2023-12-15,1184.7916259765625,1213.2732252098258,1177.6731255429977,1208.3086157437685,3190820
2023-12-18,1184.2010498046875,1195.20709671206,1181.5145026369685,1188.856773960526,1326480
2023-12-19,1239.4110107421875,1249.8797709389928,1191.8179021994047,1194.6818032250426,7057320
2023-12-20,1220.3529052734375,1253.451294139686,1218.284011127997,1249.344964246128,2889760
2023-12-21,1221.2330322265625,1227.6587363563501,1211.111975441892,1220.3529093641737,2212760
2023-12-22,1233.5155029296875,1235.5334701634072,1220.4624043287035,1227.2697643528477,1776560
2023-12-26,1242.92919921875,1244.7744420936492,1233.3478017072428,1239.2313533905776,1235700
2023-12-27,1250.6309814453125,1252.9406211842386,1243.8261151441995,1244.774259294837,1428320
2023-12-28,1276.375,1282.409195035993,1253.2932038477825,1257.895507704689,3155440
2023-12-29,1292.4404296875,1295.8295080015773,1271.3059668520202,1276.3799093824166,2068160
2024-01-01,1330.95556640625,1334.4977820531587,1295.343353727144,1295.8295937247892,2632200
2024-01-02,1323.698486328125,1346.544526155601,1314.0174901578246,1337.1600699226822,2831540
2024-01-03,1295.1099853515625,1333.1387970824155,1292.0855867710595,1329.6232913492831,2026920
2024-01-04,1318.5078125,1320.1440053901965,1295.9293477871863,1305.6054765312856,2647800
2024-01-05,1296.5103759765625,1339.10505033432,1284.8649509331644,1339.10505033432,5154128
2024-01-08,1273.6085205078125,1307.4994264890477,1269.5727045603953,1304.5819863406898,2064756
2024-01-09,1260.6258544921875,1283.8194784373693,1257.8785273026567,1283.6735826971483,1626054
2024-01-10,1253.575439453125,1275.115777308628,1249.855632084222,1259.3616481901624,2052936
2024-01-11,1243.412841796875,1259.3372009969391,1239.960609196855,1254.4991369821594,1551334
2024-01-12,1239.7176513671875,1244.7501645460895,1230.1872991149614,1243.4130044383558,2214110
2024-01-15,1238.7208251953125,1252.627218972988,1230.5032973753284,1246.7194500307387,1787668
2024-01-16,1236.0465087890625,1243.2671021060505,1230.8437641395988,1243.2671021060505,1386740
2024-01-17,1236.556884765625,1243.3884612072884,1227.9503425396467,1236.0463090675019,1603238
2024-01-18,1216.5723876953125,1239.9119059244792,1213.7278364267615,1232.6183064778645,1269820
2024-01-19,1222.480224609375,1226.2485845356828,1215.4540804889625,1220.4623761332102,1882782
2024-01-23,1197.560302734375,1214.724596387121,1189.3428952190704,1205.8750532065799,1381076
2024-01-24,1222.3829345703125,1225.0329186336928,1193.7191124155943,1204.8539601142438,1318076
2024-01-25,1206.920654296875,1229.2148073657952,1199.894509539683,1227.7804230060344,1571546
2024-01-29,1214.8948974609375,1218.0311215166687,1204.2219538908316,1206.9204907482026,1265438
2024-01-30,1211.7342529296875,1230.7461631486237,1209.7649574521008,1221.4347158841147,1336068
2024-01-31,1218.5174560546875,1221.313336091525,1206.7018001568217,1219.976176073907,1432188
2024-02-01,1199.9429931640625,1220.8998641459843,1197.4631218916813,1220.4622956677654,1641132
2024-02-02,1206.5556640625,1213.6548142262343,1197.6332329488844,1200.0400967589528,1508122
2024-02-05,1197.4632568359375,1218.0312331376963,1194.5458167565657,1218.0312331376963,1065954
2024-02-06,1194.521484375,1204.8784204281012,1189.2215157002706,1197.2931474269549,1540366
2024-02-07,1215.4056396484375,1221.21618432774,1189.6834705560198,1201.0128871200295,3094808
2024-02-08,1178.183837890625,1222.3344529638528,1171.4008137355872,1217.5206058102285,3308894
2024-02-09,1191.3367919921875,1199.0192898005487,1176.7252547719927,1187.8115516355974,1677638
2024-02-12,1195.6883544921875,1200.0158424965944,1186.085115626645,1196.0286987097943,890538
2024-02-13,1194.8619384765625,1204.2220586880096,1188.8324911137936,1202.9577871750746,621970
2024-02-14,1209.2789306640625,1214.311562359285,1184.0187853479486,1191.2880499103148,1018616
2024-02-15,1196.3814697265625,1216.5929806051718,1188.7990728318273,1216.5929806051718,1680952
2024-02-16,1213.0091552734375,1214.3988984793434,1193.9679828990816,1198.088284603691,1493232
2024-02-19,1225.4920654296875,1231.4653183100272,1209.961560322398,1216.5931376691815,955040
2024-02-20,1238.242919921875,1239.4132611463153,1217.6170099893618,1228.295674267131,1262888
2024-02-21,1240.291015625,1243.8992999625862,1227.8811841341612,1238.242948196962,1786364
2024-02-22,1249.8238525390625,1251.1891912617275,1231.221484461544,1248.2879208798227,1504742
2024-02-23,1257.552490234375,1259.5029400059677,1244.3625498447782,1250.7259160338008,1211238
2024-02-26,1259.9417724609375,1261.9410311410406,1251.5792664919886,1261.9410311410406,1323894
2024-02-27,1267.158447265625,1268.4993815002254,1251.579253331016,1260.4781805242724,1261744
2024-02-28,1253.6029052734375,1270.230538832026,1248.4098798636064,1268.2800888683685,985574
2024-02-29,1265.939453125,1270.8155777569013,1241.97334817761,1253.8710446610444,2774576
2024-03-01,1268.4993896484375,1275.8623852932149,1259.259157490766,1265.9394242750293,1511456
2024-03-04,1262.4774169921875,1268.3287662766822,1256.7722562030003,1265.3054739095553,1268620
2024-03-05,1237.8773193359375,1265.4518276551223,1234.6347441074558,1262.9162666817974,678604
2024-03-06,1235.1468505859375,1251.5793678092343,1223.0540369367925,1238.5357336068785,1983280
2024-03-07,1248.7510986328125,1251.213565351221,1228.295779859597,1233.6595168895515,1297304
2024-03-11,1273.39990234375,1282.9083450378735,1242.704722686538,1248.7510693967058,2990598
2024-03-12,1262.9893798828125,1275.131001701239,1251.35989400837,1270.7424895117863,1726470
2024-03-13,1259.4786376953125,1293.9528163942373,1244.8015734016399,1265.329987484528,3627604
2024-03-14,1274.009521484375,1277.5203075707557,1255.0657288043788,1262.9163374393,2245994
2024-03-15,1269.5721435546875,1282.3719707274233,1260.5757174081955,1276.0574131314095,2533984
2024-03-18,1258.2109375,1273.0587140267564,1247.678460086626,1269.5722132920152,1285192
2024-03-19,1217.10498046875,1260.3561774506811,1203.5005227945605,1258.0400185018889,3497728
2024-03-20,1243.53369140625,1245.849850619731,1218.0803444904623,1225.8577395138957,1399290
2024-03-21,1245.1915283203125,1249.287544469352,1231.2945730154534,1243.899402901599,1807754
2024-03-22,1254.8218994140625,1263.8915390954216,1237.0728528877642,1238.6331890033705,2027126
2024-03-26,1261.0146484375,1266.0857704755347,1234.7078606079094,1252.188815167022,1941704
2024-03-27,1251.432861328125,1263.1843681730088,1244.264982621586,1261.0145167308456,1801192
2024-03-28,1278.6905517578125,1286.662943862032,1251.725559550453,1251.725559550453,4365832
2024-04-01,1260.7706298828125,1288.56453581918,1259.258983871385,1278.6903850259966,1486064
2024-04-02,1279.1536865234375,1282.4206659316296,1259.5028821678325,1266.3294560549211,1445766
2024-04-03,1245.337890625,1279.470764804367,1240.9737826641274,1279.153864305394,3850278
2024-04-04,1243.216796875,1253.1640436105463,1225.9065542492513,1253.0665449260828,2782752
2024-04-05,1237.3897705078125,1256.0897568589603,1235.6100325623468,1255.6021443757074,1532454
2024-04-08,1218.080322265625,1242.070831345699,1215.5447612979117,1234.1471289178385,2436980
2024-04-09,1220.396484375,1229.856118447093,1217.568308307814,1221.9568204322716,867882
2024-04-10,1232.4892578125,1235.122317384732,1216.1298365503742,1225.8576809732397,989760
2024-04-12,1236.6827392578125,1247.8003275327233,1226.93048972649,1235.9513205429635,2479930
2024-04-15,1245.1915283203125,1256.5773270393652,1223.9072917612752,1223.9072917612752,2293646
2024-04-16,1241.510009765625,1259.8197605987477,1239.6570587908939,1243.4847447973525,1537722
2024-04-18,1200.77001953125,1239.8277039491475,1175.4385774706163,1238.584387483004,6077666
2024-04-19,1188.65283203125,1205.0610622146614,1175.145991129133,1184.8982400181717,3702024
2024-04-22,1198.8927001953125,1210.2540940249742,1183.8499276258701,1188.067727676007,2504706
2024-04-23,1219.6407470703125,1223.9073563804036,1182.9235025696967,1194.1629943329117,2248818
2024-04-24,1219.1041259765625,1236.4875799166753,1213.3015858839128,1226.3696223532909,1447036
2024-04-25,1249.579833984375,1257.0159228745638,1205.0121095002635,1228.7588089010449,6481728
2024-04-26,1210.619873046875,1259.4055250096735,1204.9148308950876,1255.577719460176,2643128
2024-04-29,1223.8096923828125,1230.928762385275,1214.154942524621,1220.0062916452216,1243124
2024-04-30,1222.639404296875,1237.3653954608733,1219.2993304562258,1227.6618363196553,1625278
2024-05-02,1225.02880859375,1239.0232624039868,1221.4692138221121,1222.6394361091661,2223826
2024-05-03,1197.6248779296875,1230.2705047004076,1187.9457240527163,1226.3940098821186,2257460
2024-05-06,1198.2589111328125,1209.2545968284983,1193.1633843116958,1206.5483236414682,1431992
2024-05-07,1223.2490234375,1232.8550847117453,1199.3073216449145,1203.9152358587426,2146918
2024-05-08,1238.0479736328125,1242.436485551952,1212.0338025826222,1220.2257153075502,1398140
2024-05-09,1225.5894775390625,1243.3629273713277,1220.006338846349,1238.0479993328859,1404310
2024-05-10,1235.2198486328125,1242.9241492399713,1220.713378079698,1225.5895026353667,1394832
2024-05-13,1226.954833984375,1239.4620457764827,1221.9812107765313,1235.000439453125,680762
2024-05-14,1212.86279296875,1228.2712739174021,1210.2540189195604,1222.0055257869376,1113494
2024-05-15,1201.9647216796875,1218.5435454269934,1199.5266593639071,1213.179808332277,868812
2024-05-16,1203.59814453125,1209.2543770816883,1180.1683443302652,1204.402657392485,1944988
2024-05-17,1192.456298828125,1203.5982914182018,1186.7512567218548,1203.5982914182018,1442356
2024-05-21,1199.9166259765625,1213.9598870022849,1185.87336495084,1202.4521866647908,2574902
2024-05-22,1203.98828125,1212.9360176822624,1200.453090846705,1205.3780244062523,1574654
2024-05-23,1206.42626953125,1212.9359432167655,1197.3567495844486,1209.7664623601186,1563326
2024-05-24,1203.3055419921875,1211.7168561850212,1198.5757253567217,1207.7915524191656,907544
2024-05-27,1199.477783203125,1208.7912283452845,1197.0885298861126,1207.8160034736868,1071662
2024-05-28,1195.4794921875,1203.2568874263645,1192.700124863538,1200.087406309597,1043344
2024-05-29,1207.4259033203125,1217.5682659084064,1192.2124189611748,1193.5289487434645,1739200
2024-05-30,1172.610595703125,1205.914554168166,1170.538242521759,1201.9892496271973,2548428
2024-05-31,1148.2784423828125,1182.7527357779582,1143.451127034203,1182.7527357779582,5065946
2024-06-03,1148.3516845703125,1164.8816984367209,1145.8892179735515,1157.982030125622,2145030
2024-06-04,1183.8011474609375,1188.7991751662096,1134.8935940089252,1152.6914487642848,3117062
2024-06-05,1223.8341064453125,1255.138800677703,1184.898206247144,1184.898206247144,4057558
2024-06-06,1205.08544921875,1227.8082386647086,1195.9427151143166,1227.8082386647086,1944280
2024-06-07,1220.2257080078125,1226.9547833861054,1202.939871083367,1207.5477847616967,2022404
2024-06-10,1242.5340576171875,1250.7259708259517,1222.4688523313084,1223.907285291672,1590348
2024-06-11,1239.4864501953125,1255.6020655644777,1235.6099550059755,1248.2878787747818,1138822
2024-06-12,1237.2191162109375,1245.7279298125304,1229.2710093188725,1240.4860958775134,960816
2024-06-13,1244.26513671875,1274.8384151814255,1241.0468467559358,1264.939858100785,2162544
2024-06-14,1239.7547607421875,1250.531044432336,1235.6588634283494,1250.531044432336,858944
2024-06-18,1243.58251953125,1245.849869914842,1235.6100079703365,1242.9241950735548,519108
2024-06-19,1231.7335205078125,1248.0929429093783,1227.7351220083008,1243.4118155149163,1568614
2024-06-20,1238.41357421875,1243.9723078764991,1219.030981611133,1231.2212914272443,1314826
2024-06-21,1218.2508544921875,1242.43647877753,1213.423539025857,1234.9272949307929,2543088
2024-06-24,1233.6839599609375,1234.6347804731893,1211.4731880275033,1218.2509537774142,1448402
2024-06-25,1226.5645751953125,1237.7065660394765,1221.4690494767542,1236.097421326775,625460
2024-06-26,1235.73193359375,1241.9489927447098,1222.6638952554702,1230.0512957918675,958712
2024-06-27,1235.4881591796875,1245.3623122032252,1222.9565418676607,1234.2447235082604,1732622
2024-06-28,1244.21630859375,1254.9681873417092,1232.83062887306,1235.4880930192417,2364066
2024-07-01,1252.237548828125,1263.4526348947984,1246.825003151459,1248.190341786168,1849028
2024-07-02,1240.70556640625,1261.9411139843949,1235.1955215043017,1260.6732739021706,1162200
2024-07-03,1244.14306640625,1252.9444942321586,1238.876828559352,1243.4604566493922,631912
2024-07-04,1241.046875,1250.7260304957326,1239.53534771629,1248.287968058119,627352
2024-07-05,1255.1875,1257.8450830034528,1234.8784897319902,1243.704322410273,1583026
2024-07-08,1269.4501953125,1277.5446095409718,1248.9948769956543,1255.1875312556017,1448552
2024-07-09,1283.932373046875,1287.3456601525677,1264.671681521895,1281.1041970643855,1665146
2024-07-10,1275.8135986328125,1292.148616061698,1266.841576976844,1286.2728621027027,1069980
2024-07-11,1264.4765625,1283.2009517257966,1250.0919954414926,1277.5445997725233,2107598
2024-07-12,1272.180908203125,1277.471551012792,1260.8927273719692,1270.2304583630282,1451786
2024-07-15,1270.279296875,1277.3008688448235,1266.3295882382158,1272.2053423278462,695922
2024-07-16,1276.8662109375,1282.52258604091,1258.1341388116582,1275.5439709352042,1514138
2024-07-18,1286.5382080078125,1290.3824958163455,1261.0478765328082,1261.0478765328082,1733594
2024-07-19,1272.2381591796875,1295.5736180260608,1266.6551960245981,1290.3580699213107,1077872
2024-07-22,1267.071533203125,1287.9828660899125,1256.2975320419166,1272.238180399717,1490342
2024-07-23,1264.2554931640625,1276.4741649800658,1248.8045734506686,1271.625912696305,1936998
2024-07-24,1244.5928955078125,1263.9861441496068,1233.4761098611164,1263.9861441496068,2622088
2024-07-25,1214.8421630859375,1252.0614435282516,1204.4599666644983,1246.2582458809045,6938362
2024-07-26,1213.0054931640625,1220.6943073708014,1200.5664676549388,1220.6943073708014,3239386
2024-07-29,1209.7733154296875,1217.9272267610395,1204.239373291038,1216.286712121644,1605802
2024-07-30,1203.578369140625,1214.7196663090447,1200.3217301009463,1209.7980021108901,3429516
2024-07-31,1202.9417724609375,1213.0545939802469,1200.8114107547701,1209.6265026771134,1644722
2024-08-01,1216.482666015625,1220.5474266945691,1202.9417534076554,1207.1778469116407,2653524
2024-08-02,1221.918701171875,1231.1744998253414,1207.177860807266,1214.5237707107583,2310948
2024-08-05,1229.6563720703125,1238.4714644906057,1212.099718070634,1218.4416634272097,2651820
2024-08-06,1228.4810791015625,1238.0307625946782,1224.8081239119026,1231.1255590131802,1898862
2024-08-07,1235.484130859375,1238.495906111071,1229.3380289612633,1233.4027897088579,1299940
2024-08-08,1218.980224609375,1236.5613861961046,1213.544203957999,1233.4026691418508,2850012
2024-08-09,1226.6201171875,1230.1461303317321,1219.5190703371986,1227.5506709259814,540012
2024-08-12,1211.1446533203125,1229.1910328839147,1208.8184486071577,1225.1998031483815,950040
2024-08-13,1216.825439453125,1220.4004727762122,1211.34051742053,1211.5853810787917,623692
2024-08-14,1211.8792724609375,1220.3759697154692,1205.0230899890616,1217.902822839933,1123752
2024-08-16,1236.7818603515625,1240.6996789874936,1210.2876835634802,1219.4210504335601,1719668
2024-08-19,1225.8609619140625,1246.8458265767097,1224.5877425481285,1239.0101890177045,955402
2024-08-20,1233.3782958984375,1237.0512509189807,1223.8531231242962,1229.5094977684005,969464
2024-08-21,1249.6617431640625,1251.2533570232897,1234.9209023659757,1238.9611529317065,1249546
2024-08-22,1249.29443359375,1256.175126574031,1246.3560695790254,1256.1506162947742,1269810
2024-08-23,1238.6182861328125,1249.4658177656338,1234.1128188020332,1249.2698551046158,1023074
2024-08-26,1233.8924560546875,1246.35599206285,1228.2115714879365,1238.6182767261823,1266798
2024-08-27,1234.8228759765625,1240.3813286533614,1229.9501132567748,1238.3488886221094,782130
2024-08-28,1220.6453857421875,1233.623160154291,1219.421067401423,1233.623160154291,1130322
2024-08-29,1226.5465087890625,1233.8433975893386,1219.739227716742,1223.7794778615714,1799588
2024-08-30,1224.6856689453125,1232.7906804899092,1220.3026330808896,1226.5466567853994,3808974
2024-09-02,1229.16650390625,1232.1538882647328,1222.8735798311666,1224.3182514554182,1751182
2024-09-03,1239.37744140625,1253.2122384900103,1225.2977806572903,1225.2977806572903,1975054
2024-09-04,1241.3363037109375,1244.6174527878638,1231.0275198840357,1236.5859726984622,1005886
2024-09-05,1226.718017578125,1241.4588589551533,1220.4739937313093,1241.3364271150197,2238592
2024-09-06,1225.8853759765625,1233.7455231984802,1218.4660550701435,1228.5299751825617,1673400
2024-09-09,1232.521240234375,1234.1128540342206,1218.8088751895502,1221.9430822320048,1167196
2024-09-10,1241.70361328125,1247.7761841921429,1231.174475957035,1238.5203857181152,3044078
2024-09-11,1237.467529296875,1254.4855537071685,1233.843475382894,1247.3354869933057,1959876
2024-09-12,1237.957275390625,1243.9074146080084,1218.4415935215452,1238.961120764357,3109758
2024-09-13,1239.69580078125,1254.1917785732983,1238.1532074103636,1239.0102302969326,1465434
2024-09-16,1248.6087646484375,1251.5471284313608,1224.3182428846742,1239.0100617992903,788794
2024-09-17,1247.2620849609375,1266.0920766865643,1243.2707355265152,1249.3678168076572,1390374
2024-09-18,1271.8951416015625,1273.8296599833516,1246.8456393661697,1248.7800381856362,2354058
2024-09-19,1290.039794921875,1311.0001499580665,1271.8953722212304,1274.7603251179853,5068578
2024-09-20,1322.0433349609375,1324.34502932075,1288.5459164525182,1294.8389599793152,4645516
2024-09-23,1334.580322265625,1336.8821362573885,1317.3664552569946,1324.7857761298853,2144494
2024-09-24,1320.500732421875,1354.9776083906138,1309.5308879913846,1334.5069819657904,3080066
2024-09-25,1320.9661865234375,1324.516710002246,1302.2096040953313,1315.0404374442112,1437914
2024-09-26,1349.443603515625,1352.8471844097032,1326.1570459986704,1326.1570459986704,2317212
2024-09-27,1344.6444091796875,1360.4626270641406,1337.4454407891174,1346.7502607726374,2194334
2024-09-30,1317.342041015625,1341.8529184196636,1314.8199930267426,1332.0583715698851,1766384
2024-10-01,1325.7164306640625,1327.1611024165868,1308.9921701268333,1317.3665555352836,1105518
2024-10-03,1309.9471435546875,1319.815101030596,1297.9488244544093,1314.9178279284415,1624730
2024-10-04,1272.385009765625,1311.661237131816,1268.540721977177,1304.1438748200296,2066068
2024-10-07,1260.4847412109375,1283.085609756329,1257.08104060389,1275.7151894977421,2205716
2024-10-08,1264.353515625,1270.352675329234,1249.5882846676761,1258.8931038007738,2404340
2024-10-09,1232.1539306640625,1263.4964789798414,1209.1122364663238,1263.0067516624074,4733190
2024-10-10,1230.4154052734375,1239.8426563677194,1227.2566879101585,1238.5204164903394,2060004
2024-10-11,1230.0970458984375,1235.092240404738,1222.4083512643708,1234.1127858128232,1256928
2024-10-14,1225.322265625,1233.9659050030502,1220.9636207370863,1233.9659050030502,1340768
2024-10-15,1216.605224609375,1225.3223957485916,1210.6060642988327,1225.3223957485916,1590308
2024-10-16,1205.8310546875,1220.9146795683384,1190.7474298066616,1219.4209873781601,2473286
2024-10-17,1164.9144287109375,1212.0506863579726,1158.205187898581,1212.0506863579726,5255508
2024-10-18,1150.9815673828125,1167.3384111015837,1139.1547011125215,1165.550954311709,3278370
2024-10-21,1153.1363525390625,1162.6126237292692,1142.533804195613,1155.756441449484,1497408
2024-10-22,1150.9815673828125,1167.999590770347,1145.9863729196563,1153.0629083726549,1934262
2024-10-23,1139.6689453125,1163.0534260818156,1136.2164631733947,1150.8837732722566,1414522
2024-10-24,1106.1226806640625,1145.9620501911597,1085.2358560784658,1145.4723228192831,5910994
2024-10-25,1107.12646484375,1119.7614528867548,1105.3144977762543,1111.1912252788309,2683018
2024-10-28,1112.684814453125,1135.6774847665301,1104.8491785082072,1112.1460666569853,1751130
2024-10-29,1110.40771484375,1119.4187695718488,1107.151075881287,1116.578327107966,1859662
2024-10-30,1114.766357421875,1125.0261211854704,1106.8816994974356,1115.9661654810711,1787546
2024-10-31,1108.228515625,1120.0064826541425,1106.783843812139,1120.0064826541425,1319530
2024-11-01,1117.70458984375,1122.9201375264963,1110.8729182320762,1122.8956272501457,243228
2024-11-04,1100.0255126953125,1120.0064118163978,1092.5326605796133,1118.0475024822197,1926320
2024-11-05,1107.9835205078125,1110.6525104153602,1095.1771992697422,1104.8248032938402,1451860
2024-11-06,1114.4234619140625,1116.431272052992,1105.828724116352,1110.701486708627,1613946
2024-11-07,1108.1795654296875,1118.953566970799,1097.8217603925332,1113.1502501339464,1783914
2024-11-08,1124.242431640625,1125.3933386238537,1106.196052321326,1111.6809741845725,1669990
2024-11-11,1116.1131591796875,1123.8508753486763,1103.9433865082613,1116.578376257326,1547190
2024-11-12,1104.9228515625,1121.6960137311985,1097.4790195636049,1121.6960137311985,2210678
2024-11-13,1094.6629638671875,1102.8413859883115,1088.1740770441297,1097.6013277115912,1526776
2024-11-14,1068.976806640625,1099.4133114300198,1066.8219347181403,1096.5239680976797,2318476
2024-11-18,1083.8643798828125,1086.6803117108548,1062.0715161701387,1072.845516207865,1383330
2024-11-19,1084.3297119140625,1098.776668042735,1079.3100068185067,1089.6433012303899,1612040
2024-11-21,1082.8848876953125,1101.886329195684,1071.0335119782048,1080.1179765158154,1655768
2024-11-22,1100.564208984375,1103.2822194705739,1079.4569140733395,1084.3541871791638,1543916
2024-11-25,1105.2899169921875,1118.3656109388496,1100.0498592157883,1106.0735284341415,4059604
2024-11-26,1109.35498046875,1120.4717684122074,1102.1315013993694,1111.6811855927876,634244
2024-11-27,1113.6153564453125,1115.0111270583523,1102.1067650345922,1114.913205512003,874722
2024-11-28,1095.1527099609375,1121.2306895273634,1091.1124596055756,1113.6644264106978,2492756
2024-11-29,1094.369140625,1108.2529583882053,1090.622774339608,1090.622774339608,2698320
2024-12-02,1102.7926025390625,1105.3146506160624,1088.712940950577,1098.3605460222184,936544
2024-12-03,1107.6162109375,1110.1383782708992,1101.88642543769,1107.7631530400242,1532464
2024-12-04,1105.7064208984375,1114.1297073005053,1097.699331001254,1107.2735244863482,1937738
2024-12-05,1109.4771728515625,1115.1090366731441,1087.6843084984862,1105.7062966400124,2375568
2024-12-06,1110.603515625,1122.4303812513715,1104.3840032711491,1109.942335992235,1291202
2024-12-09,1091.52880859375,1114.9132886290647,1084.0848575190266,1111.6810404222854,1939702
2024-12-10,1084.4766845703125,1096.9892420246238,1082.2974218189368,1091.6022412825384,1830596
2024-12-11,1097.50341796875,1103.8453627553438,1088.6638160626128,1089.6432706879502,1469722
2024-12-12,1089.1781005859375,1103.8454103199126,1084.7950648611543,1101.8619907056723,1931220
2024-12-13,1103.6005859375,1105.7309477401727,1081.4404232955333,1089.643356428195,1109322
2024-12-16,1096.3770751953125,1105.5594627597623,1091.3818802727194,1103.6005534126796,1331372
2024-12-17,1078.8447265625,1094.026272791295,1077.4000549467416,1090.1329646870213,2997812
2024-12-18,1071.5479736328125,1084.2318644279965,1067.8505081534745,1078.8448634696438,1932332
2024-12-19,1058.0068359375,1074.5841532566737,1051.6403808880132,1070.054175625308,3107980
2024-12-20,1059.525146484375,1065.1570111409824,1050.6610334172985,1057.8111007193206,3303524
2024-12-23,1053.6973876953125,1067.6055962620478,1051.7873793407434,1062.708322884699,877434
2024-12-24,1061.0921630859375,1065.1569237649555,1053.7462532668687,1053.7462532668687,645132
2024-12-26,1052.86474609375,1065.646677318507,1051.1507004271073,1056.9295068728277,1047852
2024-12-27,1060.5535888671875,1062.243124299287,1053.4035217869796,1057.3213405569916,925334
2024-12-30,1057.761962890625,1066.1363476678403,1052.4239830676108,1064.6671657463871,2470980
2024-12-31,1062.7327880859375,1064.9365610122668,1051.8118450052175,1055.362368053192,1271114
2025-01-01,1062.341064453125,1067.2383380013703,1056.4888464754401,1062.7083599692432,908580
2025-01-02,1077.498046875,1081.1955121266387,1059.3536253974587,1062.2185781010892,1258328
2025-01-03,1093.414306640625,1095.9853754073217,1076.4453006053666,1077.498166656312,2022900
2025-01-06,1070.05419921875,1099.388817999401,1062.7082893842962,1098.7032475731191,2276932
2025-01-07,1083.59521484375,1085.3827914774315,1067.556643514168,1072.6008593257118,1191638
2025-01-08,1087.145751953125,1089.61889910938,1074.7312347341058,1088.6639546405856,899000
2025-01-09,1104.849365234375,1112.5625706712315,1079.3835441095155,1084.9663878388772,2294636
2025-01-10,1100.8580322265625,1115.5988728846087,1097.6013932627873,1112.6850191440194,1619708
2025-01-13,1095.6915283203125,1107.346943536326,1087.9538123204075,1099.4378947022683,1609062
2025-01-14,1086.7293701171875,1105.1186538255058,1077.0327458330073,1102.4740547140054,1405098
2025-01-15,1077.228515625,1087.243533704583,1063.785526300494,1086.729296171033,1447250
2025-01-16,1062.365478515625,1086.3376064506783,1056.0969450291393,1079.897740142927,2651618
2025-01-17,1085.8232421875,1090.304318292929,1063.9569681509065,1067.9236871655498,911802
2025-01-20,1084.25634765625,1089.6433484801971,1078.5510718812789,1086.8029059514658,802216
2025-01-21,1075.6614990234375,1096.9891467488098,1073.261883089856,1089.643237283974,1528828
2025-01-22,1081.219970703125,1083.7420185055014,1074.5351212350931,1075.6615179519883,896072
2025-01-23,1076.885986328125,1082.1016546043643,1060.2597658750253,1074.5352710178724,992014
2025-01-24,1081.268798828125,1088.541296661115,1072.5517490137754,1078.3794557407605,1327200
2025-01-27,1065.034423828125,1093.0222906240829,1062.0226488198366,1068.6094569572567,1099972
2025-01-28,1055.9989013671875,1068.5114566152574,1049.289661902046,1065.034345288068,1442066
2025-01-29,1067.9482421875,1070.005072825235,1043.7312524077358,1055.9989445303183,794290
2025-01-30,1085.8968505859375,1093.4140927242859,1067.9482737315368,1072.0130341370755,1149120
2025-01-31,1132.837158203125,1168.9790565925623,1082.0524614751848,1085.896868577138,6279774
2025-02-01,1139.6934814453125,1162.612745668345,1105.4370767312012,1132.739376887482,2493130
2025-02-03,1134.7470703125,1162.6125032952818,1132.102471398279,1139.6932438502913,2281742
2025-02-04,1126.103515625,1137.5386969158515,1118.3903099681188,1137.34273424113,2487034
2025-02-05,1101.372314453125,1125.3444446405679,1089.7658000169133,1118.4393606515434,2950590
2025-02-06,1096.7197265625,1111.1911915102794,1090.6226458763297,1111.1911915102794,1973914
2025-02-07,1096.670654296875,1103.0285455030223,1088.0208755513909,1101.0570914449293,1585116
2025-02-10,1094.674560546875,1110.175094403128,1087.3554890408047,1101.549982681905,1520362
2025-02-11,1082.081787109375,1100.120638888128,1073.432008835727,1094.6744732841275,953674
2025-02-12,1081.21923828125,1091.1997235576923,1070.3515746924138,1091.1997235576923,1006516
2025-02-13,1073.23486328125,1089.3268072973697,1070.819760103692,1081.2192273561272,1022294
2025-02-14,1082.2542724609375,1096.6211941315082,1069.538371177994,1073.2348471132686,1921722
2025-02-17,1092.4320068359375,1094.1570291792382,1069.5138528463724,1082.2544231416678,1603030
2025-02-18,1095.3397216796875,1098.8391004289817,1084.2749609035593,1092.4318753535943,906118
2025-02-19,1086.7393798828125,1096.1284538793498,1083.0922380145964,1087.2569106375206,852958
2025-02-20,1087.6265869140625,1091.6680437650552,1077.7939836277053,1086.7394085009155,1316934
2025-02-21,1091.66796875,1093.2205609483217,1079.0260682973858,1092.6536957350927,1188490
2025-02-24,1094.35400390625,1102.954567745684,1082.3528505729125,1083.8067737481306,968084
2025-02-25,1109.139892578125,1112.0970733656543,1091.1258292098212,1095.3643828084832,1285668
2025-02-27,1122.8416748046875,1124.6160316515152,1108.9429472645738,1113.9701312265709,1502006
2025-02-28,1079.198486328125,1118.8001156452708,1076.9067192444568,1114.3643442616553,3687132
2025-03-03,1077.1778564453125,1084.2997100205284,1060.0508496620337,1078.5085638420096,1043550
2025-03-04,1057.931396484375,1066.6058413442574,1043.8847881453091,1064.5850530660377,2085044
2025-03-05,1082.821044921875,1088.9079569150601,1039.9419229791333,1039.9419229791333,1693328
2025-03-06,1084.89111328125,1092.3826144235686,1069.661679246352,1077.8924756394522,2514922
2025-03-07,1103.2503662109375,1106.9715100007188,1079.9872312061775,1084.7926507175343,1051212
2025-03-10,1108.154296875,1120.7716511937851,1062.1702264459468,1103.6199765294396,1013160
2025-03-11,1109.6328125,1120.007613023043,1100.9338200386176,1104.408531706354,957110
2025-03-12,1082.081787109375,1110.9636356161657,1080.1842145507685,1108.4499836980115,717178
2025-03-13,1080.3321533203125,1090.090874943906,1076.4632469398314,1085.3347901743698,584340
2025-03-17,1071.6578369140625,1085.9508789149836,1062.6137432408975,1072.2492490691889,820010
2025-03-18,1071.6578369140625,1071.6578369140625,1071.6578369140625,1071.6578369140625,0
2025-03-19,1076.4139404296875,1090.9040799581142,1074.5163677240084,1087.5033697610372,845086
2025-03-20,1094.9208984375,1098.4694914615347,1075.009141459973,1086.271120215916,953748
2025-03-21,1118.2333984375,1121.2644608267756,1100.0466631178376,1104.4577673706547,1585274
2025-03-24,1115.6212158203125,1127.9674707416293,1113.8961935450627,1120.328086379809,861902
2025-03-25,1111.333251953125,1123.7287201871486,1099.1840951279878,1113.8714507118227,1484284
2025-03-26,1105.7147216796875,1118.7263917671016,1104.0637009623488,1111.3579853355773,1066938
2025-03-27,1105.024658203125,1117.8144422398716,1096.7445271579693,1104.1128125771504,1731172
2025-03-28,1109.3125,1127.646997760458,1105.517475193002,1105.517475193002,1432302
2025-04-01,1101.05712890625,1127.5978781975266,1093.220646889912,1114.8079732980916,2040110
2025-04-02,1089.5732421875,1099.0855311640705,1058.6707268791135,1099.0855311640705,2601704
2025-04-03,1106.798828125,1108.474636157424,1081.8353409401989,1083.3385986230503,635716
2025-04-04,1114.93115234375,1125.1088561254655,1092.8016286511013,1101.0570925274824,1183470
2025-04-07,1108.4500732421875,1112.5655318276254,1064.585219298855,1064.585219298855,1474570
2025-04-08,1121.46142578125,1125.1825688272638,1099.7015529872303,1111.407059713705,1747016
2025-04-09,1155.6910400390625,1164.4393672695312,1119.884434135581,1125.3059327009419,3706748
2025-04-11,1163.8477783203125,1169.0721793609666,1144.4536724994666,1156.1098457181351,2236634
2025-04-15,1167.051513671875,1173.705171378848,1156.0607531294322,1173.705171378848,1561748
2025-04-16,1174.6416015625,1177.9930974222427,1156.7506324781702,1156.7506324781702,1354424
2025-04-17,1191.053955078125,1194.3067819071669,1162.4678727298167,1169.0721953480534,1815842
2025-04-21,1182.57666015625,1193.2225601249986,1178.1902230395742,1183.3652899050483,953130
2025-04-22,1186.4703369140625,1192.7296793475168,1177.9437742316386,1185.3367267895778,975908
2025-04-23,1199.333984375,1203.52332409568,1182.872391721411,1192.3846812704378,1165112
2025-04-24,1199.2353515625,1239.5516068159907,1172.5221759901558,1200.122529859617,4674476
2025-04-25,1189.5260009765625,1200.2211143550035,1176.6130019530442,1196.1303234329278,2256568
2025-04-28,1185.8294677734375,1191.940926458696,1175.9721987146393,1182.872287055798,1961052
2025-04-29,1176.7115478515625,1185.8295221490512,1162.7634874281835,1185.8295221490512,1952120
2025-04-30,1177.0565185546875,1186.0266096702662,1165.2771297171962,1170.5507447965754,2040862
2025-05-02,1149.2591552734375,1175.3809212713857,1146.8933863627394,1170.5508348137112,1265148
2025-05-05,1147.4847412109375,1159.2149162144215,1145.266855529405,1157.6869912803882,1827594
2025-05-06,1161.4327392578125,1170.1563984024253,1148.3718576154056,1151.8219018228338,1742026
2025-05-07,1152.511962890625,1161.1864086415594,1147.0412502249815,1148.8648211135294,1353304
2025-05-08,1153.6456298828125,1158.2786192185572,1141.0283958288899,1147.386287175592,2693092
2025-05-09,1146.104736328125,1157.7363630751515,1129.4952604211276,1134.571778543635,1816458
2025-05-12,1174.887939453125,1177.4508053783038,1156.2576766084137,1163.0592164187678,801500
2025-05-13,1168.18505859375,1177.8452314486558,1154.2863317813685,1173.015145021203,2333552
2025-05-14,1168.2835693359375,1172.6207921164005,1159.855675848175,1165.622154619381,1203066
2025-05-15,1181.9359130859375,1190.2159229622525,1154.039793082659,1168.086401710827,1928224
2025-05-16,1187.2095947265625,1190.0682270244083,1171.3886286203472,1190.0682270244083,1369102
2025-05-19,1186.716796875,1193.7647692133708,1180.999531963089,1184.8438914502012,845862
2025-05-20,1162.4185791015625,1192.6311360901761,1160.3485764416062,1192.6311360901761,1555350
2025-05-21,1179.2252197265625,1181.8866344084595,1162.4185267941418,1162.4185267941418,1350296
2025-05-22,1163.99560546875,1175.4793481134018,1153.3004924886206,1175.4793481134018,2161612
2025-05-23,1189.9696044921875,1194.7011422958483,1159.2643042343639,1161.1864237825985,1154460
2025-05-26,1209.487060546875,1214.8592247057952,1185.5338456909055,1189.9696173066031,1248708
2025-05-27,1212.8876953125,1223.2871629189574,1198.7425374378201,1207.56486596671,1584098
2025-05-28,1192.23681640625,1210.8177464450378,1190.7582258939644,1208.5506465230021,1447242
2025-05-29,1200.12255859375,1202.488327333374,1186.0759495917287,1193.4195672194815,1862596
2025-05-30,1180.99951171875,1210.965637017841,1178.190213793711,1200.1226398609858,2134920
2025-06-02,1185.9774169921875,1190.6596200561457,1178.436581676213,1182.872352999963,2052718
2025-06-03,1178.6336669921875,1195.8838886319459,1174.0007984544225,1190.6102735105335,1468888
2025-06-04,1181.64013671875,1184.7452005596679,1175.4300090369143,1177.155031134314,1174082
2025-06-05,1183.51318359375,1187.3082085967226,1173.2615984078448,1185.3367545351257,1467916
2025-06-06,1191.349609375,1194.1589072151633,1177.9437464516939,1184.7945008626184,1004606
2025-06-09,1190.4132080078125,1196.327569870648,1183.3652360556669,1195.193959781338,678874
2025-06-10,1198.3482666015625,1202.0447428541313,1187.2588378438563,1190.4132364428501,1351562
2025-06-11,1192.3353271484375,1207.5155466577346,1186.8152801436022,1203.8190704944968,1751374
2025-06-12,1175.7752685546875,1196.7219682813802,1166.2629784955525,1196.1797702748977,2717158
2025-06-13,1171.4381103515625,1173.0152496468293,1156.6522038434093,1164.1437057419373,829756
2025-06-16,1177.84521484375,1180.4080809748382,1165.67151047508,1168.1358279718959,532308
2025-06-17,1164.1435546875,1176.4158073656645,1159.7077833106214,1173.0644319210892,1531068
2025-06-18,1153.69482421875,1165.1785670316012,1146.1046546525247,1165.0798980760962,1308554
2025-06-19,1142.901123046875,1153.6949059033861,1138.5146860241305,1153.6949059033861,1474774
2025-06-20,1163.35498046875,1181.8866965695158,1142.9011448108538,1152.3642204619714,22941194
2025-06-23,1162.7142333984375,1182.33010278974,1158.6726567752314,1169.5649873422751,1297744
2025-06-24,1166.016357421875,1174.7893507721722,1162.0241154026983,1170.550677031515,1100860
2025-06-25,1185.041015625,1197.1161720307673,1169.0722854889848,1169.0722854889848,2300288
2025-06-26,1198.3482666015625,1204.3612975681435,1184.4495399575046,1192.7296708288593,3115098
2025-06-27,1211.803466796875,1214.2677843038146,1195.7361888484309,1207.022714899013,2375672
2025-06-30,1215.0562744140625,1220.1327919606117,1204.0653955304829,1216.3869816492966,1658010
2025-07-01,1187.850341796875,1218.0627773803344,1185.4352385063603,1217.372816627616,1077220
2025-07-02,1176.9580078125,1189.7231240038896,1173.0150999136306,1188.04743627807,1475052
2025-07-03,1177.1551513671875,1187.3575222191141,1175.4794635754724,1182.8230816947002,1263638
2025-07-04,1184.2823486328125,1186.3610547246178,1171.562523360123,1180.3722835031997,790114
2025-07-07,1198.783935546875,1200.7141366497992,1181.9065780378073,1187.5487972878354,868414
2025-07-08,1196.705078125,1205.51495846903,1191.310326889356,1198.7839049013746,711576
2025-07-09,1201.60498046875,1205.9108971207436,1195.0223111422267,1197.744457636856,790360
2025-07-10,1188.53857421875,1206.108792050268,1186.6579151743388,1200.2191053924234,569850
2025-07-11,1189.5780029296875,1202.0503589059574,1186.4104626554943,1189.8254707896688,741064
2025-07-14,1184.3316650390625,1195.1212881659046,1176.4622352320373,1190.4689406176121,942914
2025-07-15,1195.9132080078125,1197.7444460105494,1177.9965590565866,1184.3316396245507,1064608
2025-07-16,1217.5418701171875,1232.3899417039825,1191.508202934774,1195.764698456555,2810630
2025-07-17,1212.147216796875,1222.4913258357612,1210.662409518532,1216.552096722389,546708
2025-07-18,1223.580078125,1225.9062518713188,1203.1887503726743,1217.0469507060495,899652
2025-07-21,1223.7781982421875,1226.6487289589634,1210.1179230472255,1223.926582301802,957974
2025-07-22,1209.37548828125,1226.2033035468783,1206.6533416941631,1223.877129721061,774548
2025-07-23,1213.8299560546875,1221.9963961260034,1204.475718488387,1217.5419742689219,720228
2025-07-24,1149.290283203125,1224.9659064218413,1143.3015126603852,1213.9783576098102,5372012
2025-07-25,1125.7808837890625,1145.7266974660988,1121.5243880867622,1145.7266974660988,3178714
2025-07-28,1103.3603515625,1138.3027449097792,1099.7968381357591,1125.8303874992216,1879938
2025-07-29,1100.588623046875,1117.6144856556757,1098.7078429960175,1103.7067424951488,1801922
2025-07-30,1104.44921875,1108.4087050820638,1099.5988238264354,1103.706815062738,929698
2025-07-31,1112.467041015625,1121.4748473361478,1099.2522808960853,1101.2320238603286,1346218
2025-08-01,1126.72119140625,1132.2644474256072,1110.1903863275757,1112.4670181893894,1410024
2025-08-04,1127.1666259765625,1131.7201315326326,1117.5649207834713,1131.4231217497854,812794
2025-08-05,1122.1678466796875,1129.6413039812765,1113.654975972736,1128.3050016271839,1135934
2025-08-06,1105.3399658203125,1124.6918799400557,1101.7764528089713,1123.5040825475805,1127544
2025-08-07,1105.9835205078125,1111.8236659294805,1096.2827310775729,1106.6763822525747,1014230
2025-08-08,1085.39404296875,1114.991223437189,1082.325465646064,1110.6357648982557,1242852
2025-08-11,1093.8079833984375,1097.6685063301572,1075.990296791042,1085.8890115729284,1038967
2025-08-12,1080.048828125,1098.361451869293,1077.9701220289203,1096.777681550086,758197
2025-08-13,1085.7900390625,1089.650561960338,1075.5943145930712,1080.0487362058261,813725
2025-08-14,1078.365966796875,1091.828194162834,1073.7134985462399,1088.759616877301,941698
2025-08-18,1132.511962890625,1158.0506960123084,1109.1510195768094,1109.1510195768094,3478231
2025-08-19,1149.6368408203125,1156.1699688749088,1118.7527760006938,1137.9563082121483,1851158
2025-08-20,1178.244140625,1180.7188194712812,1144.9843602638375,1153.2003423670624,1652532
2025-08-21,1167.4544677734375,1178.2440912579366,1156.961854071619,1177.947081475256,991563
2025-08-22,1151.12158203125,1178.9369467852596,1146.271187554434,1163.0990029157683,921658
2025-08-25,1141.3218994140625,1154.9821751647326,1137.164487229387,1151.1216519452885,931358
2025-08-26,1150.4285888671875,1167.0584781102145,1137.3623336290386,1137.3623336290386,3619892
2025-08-28,1150.6265869140625,1156.36776877016,1143.3015140856053,1153.7941271909497,1065888
2025-08-29,1144.4893798828125,1172.403828681127,1138.3522249168302,1148.5479496996545,1593255
2025-09-01,1162.505126953125,1164.088897204305,1144.4893929484178,1146.1722470178606,643866
2025-09-02,1188.73681640625,1190.320586783208,1160.5254760957957,1162.5052192754767,1773623
2025-09-03,1182.6986083984375,1194.2800575144452,1179.234057879332,1194.2800575144452,827824
2025-09-04,1200.318115234375,1225.6588005914818,1195.7647306585848,1217.5419029056782,3346196
2025-09-05,1196.259765625,1204.0797750201164,1178.937013536926,1199.7243160426149,1434458
2025-09-08,1175.6702880859375,1198.7343415037642,1173.1956094288282,1196.2596628466547,1112974
2025-09-09,1190.0235595703125,1191.8053767395427,1175.8684685429516,1183.0944585427571,1295618
2025-09-10,1205.1685791015625,1206.8513123568812,1189.5285607065507,1195.962725605245,1015673
2025-09-11,1208.4351806640625,1212.4936296645083,1199.8232260771458,1199.8232260771458,783400
2025-09-12,1205.2674560546875,1210.612786063452,1197.2495214584997,1207.8410976636726,632659
2025-09-15,1200.21923828125,1207.6432748067011,1197.3485866579567,1199.922228486661,523120
2025-09-16,1192.003173828125,1202.6938340196452,1189.033559423138,1199.7242196146583,1137133
2025-09-17,1192.102294921875,1200.3181558655824,1183.490340377746,1194.774899636374,1005661
2025-09-18,1196.8536376953125,1201.0111706040886,1187.8458309771875,1192.8941515920553,1345158
2025-09-19,1182.4014892578125,1199.7242402515435,1178.9369390590664,1199.7242402515435,2395784
2025-09-22,1176.2642822265625,1189.0335271543295,1172.007786694696,1186.7568953393095,1107323
2025-09-23,1156.5657958984375,1182.4014158964922,1153.2002088902582,1177.7490685375392,2114020
2025-09-24,1166.66259765625,1173.1957257922231,1149.6368551402074,1156.0710202868643,1395188
2025-09-25,1161.6141357421875,1180.3227301395011,1159.7333558379437,1172.5027215906443,1273981
2025-09-26,1150.8245849609375,1167.0585017732535,1148.4488691874897,1158.1496582482669,1011036
2025-09-29,1140.826904296875,1150.3296465346457,1137.5602800117397,1148.2509405504338,2130382
2025-09-30,1141.222900390625,1147.8549912457959,1134.7887355060252,1143.8955051629653,1409305
2025-10-01,1154.586181640625,1157.3577494359877,1133.4029066422722,1146.1722736000493,727804
2025-10-03,1158.05078125,1159.4366256235703,1142.7077718177495,1148.2510284780985,1159975
2025-10-06,1169.7310791015625,1171.7108220607486,1151.7154665065368,1151.7154665065368,639965
2025-10-07,1164.880859375,1180.1247841983738,1163.0990422957848,1169.7311331821136,922441
2025-10-08,1168.5433349609375,1170.5230780104266,1146.8651244022467,1158.1496839511196,893579
2025-10-09,1175.7694091796875,1177.0561696218326,1161.0202997488796,1163.197968702616,922191
2025-10-10,1187.350830078125,1189.825508756904,1172.4037950250843,1174.3835379681075,1110822
2025-10-13,1176.0662841796875,1188.6377245076644,1169.9291293218175,1186.8559075056137,1062394
2025-10-14,1163.593994140625,1182.203627408134,1159.1395722149484,1178.0460944438123,1293553
2025-10-15,1209.029052734375,1212.5925659041254,1163.593927526775,1163.593927526775,2283392
2025-10-16,1263.669921875,1273.4696738075793,1204.1786694029695,1209.0290638780766,6927367
2025-10-17,1276.439208984375,1298.3153434205813,1248.5248829919544,1251.0985245431702,3171952
2025-10-20,1272.380859375,1292.3762154845654,1267.8274746091897,1276.4393083872674,1246633
2025-10-21,1274.26171875,1278.9140667894228,1264.3630030627753,1267.0356079647534,245138
2025-10-23,1259.9085693359375,1290.594587682161,1257.9288262168263,1273.9646971480547,1751448
2025-10-24,1269.0152587890625,1271.4899375308507,1246.6441871300804,1261.4922595808105,1433533
2025-10-27,1270.005126953125,1279.1118963654396,1262.878100529046,1269.0152554590072,1107997
2025-10-28,1258.1265869140625,1275.845309669171,1250.9004771450343,1270.7969895454255,1343829
2025-10-29,1260.1064453125,1268.0254174747151,1253.6722804307,1262.0861883530538,836932
2025-10-30,1266.9366455078125,1268.421452861521,1254.8601398639573,1265.055865359662,728703
2025-10-31,1258.7205810546875,1270.9950118782403,1256.7408380455315,1266.936562876255,943037
2025-11-03,1253.8702392578125,1257.03790070606,1242.7837262737687,1256.7408909086237,847050
2025-11-04,1252.1873779296875,1256.1468637097023,1238.0321679325677,1253.1772493746912,770668
2025-11-06,1253.2762451171875,1265.9466482780479,1247.3370162918943,1252.1874106660011,1171263
2025-11-07,1249.9107666015625,1258.0277858687443,1243.6746482932635,1251.1976479591433,596683
2025-11-10,1250.1087646484375,1260.30436878674,1247.4360390486281,1250.3066906185306,737986
2025-11-11,1255.2559814453125,1257.334687356429,1242.288689411861,1255.1570184655297,729912
2025-11-12,1265.253662109375,1273.8656163816352,1248.8218199067699,1257.1367644050517,824792
2025-11-13,1262.2841796875,1276.2414655132852,1257.4339056541255,1267.0356115644395,691337
2025-11-14,1258.7205810546875,1266.04565435535,1249.6138115461388,1262.2840943043839,675047
2025-11-17,1257.433837890625,1265.0558002471196,1251.2965619774902,1259.1165711379783,774802
2025-11-18,1252.2864990234375,1257.0379308929466,1239.9131043986033,1249.3168843134772,810387
2025-11-19,1266.045654296875,1267.0355258014074,1250.2077102243575,1255.0581047633507,726287
2025-11-20,1266.2435302734375,1275.5483462154762,1262.284044411627,1274.9544475029884,796864
2025-11-21,1267.7283935546875,1275.8454124308396,1260.1064312670817,1262.0861742855689,673231
2025-11-24,1256.3448486328125,1272.7768120582564,1246.7431434991786,1271.984866531516,2636542
2025-11-25,1250.4056396484375,1258.0277227547622,1238.1313296254432,1254.5631724793213,1065974
2025-11-26,1263.867919921875,1269.7080648292797,1244.367379791285,1244.367379791285,810809
2025-11-27,1253.5733642578125,1266.540657490894,1247.7330979032997,1263.0761070405479,708607
2025-11-28,1248.326904296875,1256.8397748924313,1245.456252826511,1253.474308513992,626947
2025-12-01,1247.83203125,1251.1976186314587,1238.9231874464533,1247.83203125,644563
2025-12-02,1246.1492919921875,1249.0199435929976,1238.3292827465073,1238.3292827465073,911551
2025-12-03,1229.3214111328125,1245.2583177415763,1223.58010823414,1244.2684462648342,642993
2025-12-04,1229.81640625,1232.3900480470077,1220.7095157239153,1229.321470487732,664641
2025-12-05,1234.2708740234375,1236.349580135502,1221.6994326938388,1224.9660571798909,911699
2025-12-08,1202.4959716796875,1235.3596578333506,1200.5162286382879,1234.2708233273659,1534927
2025-12-09,1203.48583984375,1209.1280591624318,1195.0719319412688,1202.5949313108197,810028
2025-12-10,1197.0516357421875,1209.42502931087,1192.795140020992,1203.4858003979025,514862
2025-12-11,1202.69384765625,1208.0391778126175,1193.5870783779355,1197.1505915375403,339626
2025-12-12,1225.7579345703125,1227.440667797433,1203.0898529095268,1206.6533661653796,841766
2025-12-15,1230.9051513671875,1235.3595729041012,1213.087465219532,1225.4608583776262,857798
2025-12-16,1228.0345458984375,1251.1975629231342,1221.8973909961492,1223.976096957639,1086329
2025-12-17,1222.0953369140625,1228.826511487183,1211.8997329045087,1224.4710526948065,526222
2025-12-18,1221.0064697265625,1231.301157278151,1215.0672408507137,1222.1942671681638,707432
2025-12-19,1231.796142578125,1233.5778388122121,1217.244958746488,1218.333914084677,754446
2025-12-22,1244.4664306640625,1247.139156277124,1227.4406887981745,1233.3799179375205,880387
2025-12-23,1243.7735595703125,1248.7229171491836,1238.4282292183466,1247.2381098755222,663261
2025-12-24,1246.9410400390625,1251.296498665511,1235.2606292157682,1238.4281695801383,598956
2025-12-26,1259.71044921875,1264.0659079941283,1238.7252217109135,1251.197578468738,1433973
2025-12-29,1267.0355224609375,1273.4696872234344,1257.928752976819,1262.0861649513245,888206
2025-12-30,1261.1953125,1275.9444227011122,1254.8601104392756,1270.9950649714724,2043408
2025-12-31,1274.9544677734375,1281.1907064385064,1257.532753871268,1261.2941929994392,738631
2026-01-01,1281.8836669921875,1285.8431532222792,1270.9950798594352,1279.9039238771416,932297
2026-01-02,1266.738525390625,1285.843093903047,1264.6598193825089,1278.9139933200436,736473
2026-01-05,1301.28515625,1306.6304869543271,1265.5508163417478,1266.0457521322608,2397082
2026-01-06,1306.5313720703125,1310.0948851809383,1285.2491355524508,1305.6404635841764,866154
2026-01-07,1301.483154296875,1319.2017582661354,1290.9904192640406,1299.2064014122573,676669
2026-01-08,1293.6630859375,1301.7799838940216,1285.8430769302618,1295.8407549012722,555817
2026-01-09,1285.9420166015625,1297.523585427825,1277.0331732739394,1293.6630624857376,1194489
2026-01-12,1299.107421875,1304.650678283623,1278.5180456899122,1279.9038900005496,1032516
2026-01-13,1305.343505859375,1308.5111671770626,1295.741800590403,1299.1073878756044,1316337
2026-01-14,1293.861083984375,1314.7473496056614,1289.0106892032973,1307.6203227508863,904110
2026-01-15,1293.861083984375,1293.861083984375,1293.861083984375,1293.861083984375,0
2026-01-16,1302.572021484375,1307.521379328123,1292.0794070224156,1304.84865359214,1491989
2026-01-19,1302.27490234375,1306.92737082662,1292.2772245055507,1292.7721602483716,867546
2026-01-20,1282.576416015625,1303.759689651478,1278.5179671532883,1301.6809837301757,1173676
2026-01-21,1270.2030029296875,1298.4143394017906,1258.4236292803998,1285.744057276074,1046054
2026-01-22,1292.772216796875,1298.7114459705208,1259.4135946051358,1272.8758232319474,994359
2026-01-23,1280.69580078125,1298.612450844874,1277.2312505157013,1296.7316708196486,744221
2026-01-27,1290.0994873046875,1300.691063307031,1277.231158672274,1286.8328632413547,1159495
2026-01-28,1279.3099365234375,1292.7721646067694,1260.1064054704575,1284.061247170184,940426
2026-01-29,1274.8555908203125,1281.2897558822333,1249.51490335861,1273.4697464863436,1151521
2026-01-30,1318.90478515625,1326.0318114842878,1270.0051098390009,1272.9747242813366,5292100
2026-02-02,1295.0489501953125,1297.7215549497396,1260.9973459444154,1284.3582895097538,1254558
2026-02-03,1294.751953125,1326.8238146627714,1278.0231002060646,1316.5291266485092,1232271
2026-02-04,1290.00048828125,1314.549349773235,1281.9825533116166,1300.2951760305962,875783
2026-02-05,1290.297607421875,1297.32567148884,1273.964726315269,1291.5844888123324,854891
2026-02-06,1297.06494140625,1298.955754442273,1272.582532881995,1284.9232344376526,835646
2026-02-09,1289.4017333984375,1300.7472192870343,1284.1271618661883,1294.7759237126486,746303
2026-02-10,1302.339599609375,1304.031539657399,1290.2975106181864,1290.6956213051524,936331
2026-02-11,1299.055419921875,1318.561628121367,1290.4964656168943,1308.7089659813535,911500
2026-02-12,1299.25439453125,1305.8227953614517,1288.9041245785859,1305.8227953614517,534672
2026-02-13,1276.4639892578125,1304.1310420444768,1271.8860200556599,1298.7568514652864,522586
2026-02-16,1283.629638671875,1289.3023212476346,1268.1041719641228,1270.5922119510924,456222
2026-02-17,1279.151123046875,1283.4304787866417,1271.8859979383005,1274.871645820785,396198
2026-02-18,1294.676513671875,1297.1645536622175,1271.8860430630725,1280.444876332585,446022
2026-02-19,1272.383544921875,1293.7806870539207,1265.8151441925572,1293.581692465824,659360
2026-02-20,1287.6104736328125,1294.7759800392685,1270.2936914164982,1272.3836206611875,754146
2026-02-23,1308.8084716796875,1312.192230207293,1289.3022633549854,1292.7855191803365,933582
2026-02-24,1313.68505859375,1317.5664251095868,1299.353924566372,1299.353924566372,1120203
2026-02-25,1317.06884765625,1328.4143340861224,1308.7090091560112,1321.6468168510896,991399
2026-02-26,1311.694580078125,1322.8409497665075,1304.329957986796,1322.8409497665075,438946
2026-02-27,1285.5203857421875,1316.5711960740248,1279.8477034582463,1304.8275993451205,1640870
2026-03-02,1273.5777587890625,1281.8380994843037,1255.2658831283409,1255.8629883805265,1161869
2026-03-04,1239.342529296875,1263.9243158210686,1234.0678359197836,1253.6735424604296,1112032
2026-03-05,1244.9156494140625,1248.3989052202091,1216.8504868841742,1243.5223227943395,935711
2026-03-06,1246.408447265625,1258.0524249795692,1228.2954445606556,1244.019904751239,830769
2026-03-09,1229.887939453125,1236.6553351305477,1211.5759413803316,1221.1299903572558,1467475
2026-03-10,1235.261962890625,1243.522303698597,1227.5988488293071,1230.9826072862952,1301806
2026-03-11,1227.7978515625,1239.93955887264,1220.234234746695,1231.1816100419267,1472136
2026-03-12,1214.959716796875,1224.0161579162557,1203.514733028586,1219.1395753177198,1358564
2026-03-13,1196.4486083984375,1232.6744945444334,1194.8562871199344,1213.168285538536,1681371
2026-03-16,1207.5950927734375,1213.4668913446515,1190.7759184372344,1194.2591743624582,1100151
2026-03-17,1201.1260986328125,1219.139482194919,1193.3633659883917,1207.5950020077244,1673011
2026-03-18,1199.0362548828125,1207.4955906675489,1194.1596723096407,1200.2304654578923,1144239
2026-03-19,1180.624755859375,1197.2448139927578,1172.065801313426,1187.2926542754449,826831
2026-03-20,1187.8897705078125,1198.2400410064624,1171.9663148133745,1198.2400410064624,1395157
2026-03-23,1161.218017578125,1183.3117630455056,1159.2275856806557,1183.3117630455056,944890
2026-03-24,1177.5394287109375,1189.3825224638597,1157.6351102980664,1174.3547863594056,1001494
2026-03-25,1198.3394775390625,1211.9740086778086,1174.354797912852,1177.539440295715,1003662
2026-03-27,1187.4915771484375,1209.8839351598494,1182.6151163705617,1198.3394548823405,2005121
2026-03-30,1169.1798095703125,1188.6860189427143,1164.0046134600323,1179.3309642120366,1814954
2026-04-01,1175.1510009765625,1185.899259966315,1161.5164700498515,1169.1797054868164,1836376
2026-04-02,1185.600830078125,1194.2591603964697,1153.853416433654,1167.686942672178,1357820
2026-04-06,1210.1826171875,1212.9692704926588,1173.3596263684724,1184.3070020173725,1460974
2026-04-07,1216.9500732421875,1219.5376103319732,1188.4868007955904,1198.6380760519594,1434686
2026-04-08,1207.8935546875,1244.617047684696,1203.5147016792762,1232.0773509624717,1638620
2026-04-09,1222.82177734375,1224.2151039575385,1200.6285347651888,1203.713679883086,1258634
2026-04-10,1243.3233642578125,1246.3090121782398,1223.219928701807,1224.9118687485109,1358310
2026-04-13,1220.2342529296875,1240.8352960022146,1216.253389126647,1233.371176371514,1346881
2026-04-15,1250.58837890625,1253.872640241964,1226.4047034311463,1229.0917379884936,1236533
2026-04-16,1251.384521484375,1255.8629931221528,1240.5366436644936,1249.0954762749834,1126023
2026-04-17,1279.4495849609375,1285.8189912582425,1246.8065751025206,1252.0811466795121,1994195
2026-04-20,1280.245849609375,1288.1080800788768,1268.502252555048,1287.8094666929962,1156327
2026-04-21,1373.2984619140625,1389.3214138075596,1280.6438847604063,1291.8897516795223,9586515
2026-04-22,1389.1224365234375,1418.3816875254627,1379.3692718652164,1384.3453514895498,7723484
2026-04-23,1403.7520751953125,1408.2305468992324,1375.4879183666435,1382.2554353137614,2963135
2026-04-24,1414.50048828125,1424.054537171203,1402.3587807140336,1413.2066589426183,3419416
2026-04-27,1410.5196533203125,1431.021078156859,1403.254528090985,1422.1636316610054,1719329
2026-04-28,1433.1109619140625,1438.1865389402437,1394.29754002889,1411.116713809729,4008095
2026-04-29,1458.5885009765625,1462.967475540752,1429.2296298687718,1438.0870762968618,2753356
2026-04-30,1451.6219482421875,1458.9865705079092,1429.2295895543105,1458.9865705079092,2305703
2026-05-01,1451.6219482421875,1451.6219482421875,1451.6219482421875,1451.6219482421875,0
2026-05-04,1450.129150390625,1465.8536111463434,1439.3808909190743,1453.0153009706396,1744112
2026-05-05,1470.730224609375,1473.3177618614661,1440.6746291058269,1449.0344676394734,2490700
2026-05-06,1478.9903564453125,1482.871722835905,1461.1759671555906,1477.8956432290731,2133310
2026-05-07,1468.938720703125,1485.8573916055323,1461.275606594798,1480.8813119283536,2247161
2026-05-08,1475.30810546875,1489.1416310667987,1462.9674037520808,1469.5358045328878,1471411
2026-05-11,1474.810546875,1490.932996739044,1463.4650606994803,1468.2421458743274,1358397
2026-05-12,1461.5740966796875,1483.8669579031969,1459.086056844169,1462.967423284842,1017058
2026-05-13,1461.8726806640625,1478.8908484996005,1456.4984904301248,1461.5740672952757,2205792
2026-05-14,1452.6171875,1472.3225120561528,1446.0487864767233,1461.8727445007464,1251986
2026-05-15,1423.6563720703125,1460.4793610717816,1420.6707243134367,1452.617131014745,3292954
2026-05-18,1424.8505859375,1437.7883929144618,1411.315673705019,1423.6563754264616,2030857
2026-05-19,1424.5521240234375,1447.5415879919792,1415.197069869092,1421.1683655225481,1803745
2026-05-20,1413.30615234375,1420.0736694272298,1391.8095120290534,1393.3023359604397,1425216
2026-05-21,1399.771240234375,1424.0545338254317,1396.7855923703842,1418.182735395652,2049251
2026-05-22,1416.291748046875,1427.7367310993363,1394.4964951540549,1403.7520517823116,1306017
2026-05-25,1406.8372802734375,1432.0162930768236,1403.2545270548178,1423.1588465875102,812160
2026-05-26,1421.7655029296875,1424.8506481231154,1406.4391527754333,1410.8181273175521,1472818
2026-05-27,1420.6707763671875,1436.7932262505208,1416.2918018660591,1425.1492481665937,1114165
2026-05-28,1420.6707763671875,1420.6707763671875,1420.6707763671875,1420.6707763671875,0
2026-05-29,1414.699462890625,1437.1913189038273,1401.7616556323921,1424.5521250230051,13063475
2026-06-01,1385.1416015625,1428.0353845169382,1381.8573403477715,1417.6851143863164,843583
2026-06-02,1392.008544921875,1396.7856302282655,1361.554960181032,1378.3741345679712,1860526
2026-06-03,1384.843017578125,1410.4200193262168,1378.672727179493,1398.278433127751,1725869
2026-06-04,1376.2841796875,1393.2028510604366,1371.905205152534,1388.3262685439136,1793823
2026-06-05,1379.568359375,1386.5348713182887,1365.7349542766742,1376.3837167954562,1342143
2026-06-08,1392.2076416015625,1405.7425544658806,1366.431523739224,1368.4219556747512,1107621
2026-06-09,1403.652587890625,1407.8324462495086,1392.705212536451,1393.2028205070953,1298664
2026-06-10,1431.419189453125,1447.9397503872112,1402.5579260971497,1408.031613975007,2288648
2026-06-11,1415.6947021484375,1438.0870612333863,1413.1071649514413,1430.921554920732,1538190
2026-06-12,1369.1185302734375,1428.0353872525923,1364.0429532388514,1424.2535180578614,2380729
2026-06-15,1368.123291015625,1405.1453965207124,1364.938648632665,1403.2544619555651,1885900
2026-06-16,1385.0419921875,1403.055498112747,1368.8200450572,1368.8200450572,1899090
2026-06-17,1400.5675048828125,1408.728227368765,1380.4640690854362,1385.3406517112828,1876655
2026-06-18,1393.700439453125,1407.1358547663242,1387.5300276767516,1400.567453799358,1065482
2026-06-19,1408.0316162109375,1413.206690709145,1387.3310752454563,1387.3310752454563,1832928
2026-06-22,1395.1932373046875,1423.8553832121065,1391.5108654699416,1415.9932745499898,1481212
2026-06-23,1385.53955078125,1405.1453772340974,1383.6487377283752,1395.1932180660483,1646370
2026-06-24,1375.985595703125,1392.1081675418368,1373.99516373437,1387.331082222294,1469059
2026-06-25,1395.889892578125,1403.2545150394265,1376.7817945848838,1385.3406276133912,1968226
2026-06-26,1395.889892578125,1395.889892578125,1395.889892578125,1395.889892578125,0
2026-06-29,1380.6630859375,1421.665932995341,1374.8907850423968,1417.1874613828252,3412530
2026-06-30,1398.4774169921875,1414.8984803156866,1380.663148515147,1380.663148515147,3178483
2026-07-01,1446.844970703125,1452.9157635917618,1401.1645351217885,1408.031549350645,2672318
2026-07-02,1439.28125,1455.3043238917066,1437.5894314892798,1452.020062681107,1434136
2026-07-03,1452.8162841796875,1456.697529173657,1435.8976131254694,1441.0726874416428,1863379
2026-07-06,1466.649658203125,1472.8200698220285,1443.1625867004127,1450.1290981665072,1178983
2026-07-07,1464.7589111328125,1475.8057840866516,1455.7023486297849,1458.1903885512047,1811724
2026-07-08,1443.560791015625,1472.8201653686363,1434.8028417241362,1453.0153429043864,1855873
2026-07-09,1456.199951171875,1473.9148439407088,1445.0535809601008,1445.0535809601008,1346613
2026-07-10,1455.199951171875,1471.300048828125,1448.300048828125,1467.0,1563905
2026-07-13,1427.0,1452.300048828125,1420.0999755859375,1452.300048828125,2167829
2026-07-14,1427.0999755859375,1448.699951171875,1418.5,1418.5,1841895
2026-07-15,1424.4000244140625,1442.0,1419.5999755859375,1431.800048828125,1328750
2026-07-16,1423.5,1436.300048828125,1417.800048828125,1427.9000244140625,1179052
2026-07-17,1427.199951171875,1429.199951171875,1405.0999755859375,1416.0,1433884
2026-07-20,1446.300048828125,1456.0,1420.5999755859375,1436.0,1689777
2026-07-21,1451.9000244140625,1464.4000244140625,1447.0,1451.5,1657756
2026-07-22,1493.5999755859375,1510.0,1454.0,1460.300048828125,6542494
2026-07-23,1447.9000244140625,1503.5,1441.300048828125,1500.0999755859375,2496998
2026-07-24,1443.5,1467.800048828125,1431.0,1439.800048828125,3041475
2026-07-27,1446.0999755859375,1461.5,1435.300048828125,1451.0,2030304
2026-07-28,1491.800048828125,1507.199951171875,1448.5,1454.5999755859375,5464860
2026-07-29,1503.300048828125,1515.800048828125,1487.5999755859375,1499.0,3055336
2026-07-30,1520.699951171875,1532.5999755859375,1497.0,1503.300048828125,3698063
2026-07-31,1509.5999755859375,1529.0,1497.5,1529.0,2501825
2026-08-03,1530.0,1530.0,1505.4000244140625,1509.5,1232625
2026-08-04,1520.0,1535.9000244140625,1448.300048828125,1523.0,4023569
2026-08-05,1520.0,1524.5999755859375,1488.0999755859375,1510.0,2747079
2026-08-06,1535.0,1535.0,1518.199951171875,1531.9000244140625,1666312
2026-08-07,1540.0,1553.0,1520.0,1523.0,1520661
2026-08-10,1528.5999755859375,1547.5,1520.0,1534.0999755859375,1455200
2026-08-11,1493.199951171875,1541.0,1491.300048828125,1531.4000244140625,1955836
2026-08-12,1507.0,1515.699951171875,1495.300048828125,1503.0,1990581
2026-08-13,1506.9000244140625,1520.9000244140625,1494.800048828125,1513.199951171875,1892413
2026-08-14,1499.0999755859375,1515.800048828125,1496.0999755859375,1506.9000244140625,1500577
2026-08-17,1470.0,1503.699951171875,1468.5,1500.0,1721057
2026-08-18,1462.5,1479.800048828125,1453.0,1478.0,1815216
2026-08-19,1465.0,1481.300048828125,1457.0999755859375,1462.4000244140625,1837329
2026-08-20,1458.0,1482.0,1454.5999755859375,1482.0,1910719
2026-08-21,1477.0999755859375,1485.4000244140625,1449.0,1465.0,2679922
2026-08-24,1471.300048828125,1483.4000244140625,1457.0999755859375,1478.699951171875,1465156
2026-08-25,1464.0999755859375,1472.4000244140625,1461.5999755859375,1471.300048828125,152707
