Date,Close,High,Low,Open,Volume
2021-08-25,95.01616668701172,96.05801061998334,94.84947420130055,95.59959674591154,9491958
2021-08-26,93.97431945800781,95.43290091301014,93.30753682072826,95.09950959437037,11668986
2021-08-27,94.51607513427734,95.09950514542003,93.43255498911499,93.93263876422446,8095717
2021-08-30,95.8079605102539,96.26637436029567,94.39105537925094,94.39105537925094,9915170
2021-08-31,96.64144897460938,96.97484033356083,95.5996049522056,96.05801886562776,11386659
2021-09-01,96.18304443359375,97.26655843549432,95.64128425318773,96.68312830823335,7508413
2021-09-02,97.099853515625,97.26654599955536,95.84964080941523,95.93298705138042,5700524
2021-09-03,97.5166015625,98.26673053860918,97.09986394898505,97.5166015625,9364904
2021-09-06,97.05817413330078,98.05834808185648,96.59976663759272,98.05834808185648,7005043
2021-09-07,96.55809783935547,97.43324931746189,96.05801400568507,97.26655046696445,7723357
2021-09-08,97.71472930908203,98.18594940885768,96.3010559364679,97.54337119736432,10508654
2021-09-09,98.14312744140625,98.31447903858043,97.24351521463075,97.62905957659486,5757417
2021-09-13,98.52867889404297,98.95706445445185,97.80042474867685,98.22881030908573,6322443
2021-09-14,99.29975128173828,99.5139440124855,98.3573045737792,98.74284887446683,7369292
2021-09-15,106.41095733642578,106.9678598029189,99.38543763547244,99.38543763547244,48721413
2021-09-16,106.2396240234375,107.69613238329428,105.38285286195816,106.66800960417716,17684303
2021-09-17,106.0254135131836,106.83934336589988,104.14051988760686,106.36812322782775,15763396
2021-09-20,105.12579345703125,106.19675714969313,104.35470482762962,104.95444188086282,7431359
2021-09-21,106.32527160644531,107.43907643534853,104.61172973837482,104.78308784716796,8629222
2021-09-22,106.58232116699219,108.80992461557265,106.23961143567723,106.75367276432743,11698183
2021-09-23,108.1244888305664,108.809908189726,106.79649781007944,106.9250147570023,11053966
2021-09-24,106.45379638671875,108.55288271489788,106.19676247293832,108.38153113014022,8598140
2021-09-27,108.68141174316406,109.49534820277775,106.6680009837318,107.35342047218073,8490460
2021-09-28,113.05093383789062,114.5074419619168,109.10978844054556,109.23830540128766,35900138
2021-09-29,120.50484466552734,123.58922571867109,111.89430594930478,112.57971234041325,75859390
2021-09-30,121.53298950195312,122.68962267855063,119.17686890449276,121.44730716000224,34614825
2021-10-01,119.86225128173828,123.6748924871457,117.97735779686523,120.76186339844438,22452069
2021-10-04,124.70303344726562,127.95876616954222,120.37633687379865,122.90380894795011,58612212
2021-10-05,124.57453155517578,126.67363152633995,123.5464086943087,124.70305508359134,24390676
2021-10-06,122.77532196044922,126.20240693869879,122.34693633816802,125.47414615150407,14421296
2021-10-07,122.34690856933594,124.78869821815564,121.87568187712165,123.54638281016435,10035682
2021-10-08,120.89039611816406,123.2893445148756,120.20497668769437,122.98948250193078,10686586
2021-10-11,124.06043243408203,125.73113312155091,121.19024460880686,121.66147123175624,17449923
2021-10-12,123.84628295898438,125.30279142412792,123.20370454142474,125.08859861827472,16030831
2021-10-13,125.3884506225586,126.15953935193053,123.97477052099143,124.66018998781591,19100941
2021-10-14,128.00157165527344,129.0297072294418,125.81681624338287,126.37371211831834,29263867
2021-10-18,128.13009643554688,129.9721487235501,127.40183590868773,129.58660441597814,25346029
2021-10-19,128.2157745361328,130.31487393846743,126.88778994874615,129.32957944744982,20234486
2021-10-20,125.30278015136719,129.0725679659213,124.4888501770078,129.0725679659213,16129487
2021-10-21,126.71643829345703,127.27334734290594,125.00289612276369,126.54508669104555,20818539
2021-10-22,124.14613342285156,126.88781153977862,123.37504462327217,126.67361875397432,11379569
2021-10-25,123.2893295288086,125.30274640983689,122.64675134209148,123.97474887596418,14079380
2021-10-26,122.68959045410156,124.78867654767373,122.04701227811294,124.48881457618425,16224116
2021-10-27,121.0617446899414,123.84625043477278,120.67620035531466,123.37502377098988,15072448
2021-10-28,117.67749786376953,121.53296722565555,116.77788573133863,121.06174057787865,19999659
2021-10-29,113.65066528320312,117.29194194870031,110.13791210869607,112.23699839532516,29217522
2021-11-01,115.06436157226562,115.92113267396039,112.15133198252968,114.12190813108556,10043407
2021-11-02,117.07776641845703,120.63337435272172,115.66409932271742,115.66409932271742,21525811
2021-11-03,117.1634292602539,119.04832276532262,116.13530671869708,118.19155180181072,9808728
2021-11-04,117.50614166259766,118.49143619213908,117.33479007106955,118.49143619213908,1026849
2021-11-08,120.2049789428711,120.4620128682805,116.9920875584748,118.83414005621327,12765483
2021-11-09,118.66278076171875,121.14741137506783,118.27723643527322,120.59051546723403,9556650
2021-11-10,117.72032165527344,118.44858218190922,117.16342577487222,118.40574102035058,5479056
2021-11-11,117.07776641845703,118.02021986447649,115.10720333307202,117.80602708795293,11418813
2021-11-12,116.90640258789062,118.40575186678002,115.36421214351816,118.40575186678002,9306659
2021-11-15,117.50614166259766,117.93452717806215,116.52086020634468,117.63466516121007,3991733
2021-11-16,115.06436157226562,118.06306042819732,114.80732762709928,117.97737808871203,5762128
2021-11-17,116.90640258789062,118.23440027813602,114.8073162121031,114.8073162121031,15264066
2021-11-18,115.92110443115234,117.89168009960072,115.4498778253711,117.03490920664807,9942974
2021-11-22,111.50874328613281,117.29194768474422,111.12319894088304,115.66408797222817,15990636
2021-11-23,114.37892150878906,114.59311424569691,109.79519170964632,111.42306435411824,11510010
2021-11-24,115.9639663696289,117.6346672955963,114.42177587131721,115.23570575081018,7570759
2021-11-25,115.8354263305664,117.120582716793,113.35079587984305,116.09246022246909,13919886
2021-11-26,110.39495849609375,114.85016548164738,109.66669785135892,114.12190483691255,13323593
2021-11-29,108.38153839111328,110.82334112568314,107.139222976782,109.4953433765888,16077669
2021-11-30,109.02410888671875,110.90900245713608,106.83934023936072,109.49533554764506,22883512
2021-12-01,109.40966033935547,113.90770834647034,107.82463520608195,111.380236366654,17010938
2021-12-02,110.26641845703125,111.63725720394287,108.46720077251422,109.40964750853327,12916313
2021-12-03,108.80990600585938,111.59441147451325,108.29584476512886,110.26641394403637,12827354
2021-12-06,106.53947448730469,109.32398028812945,106.23960593916007,108.80991898607523,8158812
2021-12-07,107.39624786376953,108.2958600646231,106.23960827456082,107.18205510515146,8701301
2021-12-08,109.02410888671875,109.36681859133388,106.9678571956719,106.9678571956719,12093435
2021-12-09,107.99598693847656,109.36681922827677,107.65327723186552,109.02410952166572,11518172
2021-12-10,108.0816650390625,108.55288517615216,106.58231576018392,108.03882387357976,8389566
2021-12-13,107.78179168701172,110.18075304095852,107.52475777885891,109.3239755259971,13223189
2021-12-14,108.25301361083984,109.19546039539856,107.09637407812488,107.09637407812488,11649242
2021-12-15,108.5528793334961,110.05222853167501,107.86746647917198,108.08165922176897,11916145
2021-12-16,109.15261840820312,109.83803123410321,108.16733052578805,109.28113535576048,10758513
2021-12-17,107.5676040649414,109.40965652673013,106.32528216523362,109.15262914298117,13041775
2021-12-20,104.3118667602539,107.48191676993264,102.04142235711674,106.66798695401734,14185935
2021-12-21,104.6974105834961,106.83933802208352,103.54077107398764,105.85405662964834,10168470
2021-12-22,104.99728393554688,106.15392342612267,104.22618876294845,105.42566941625226,7885198
2021-12-23,106.71084594726562,107.43910009423385,105.21149648253609,105.46852389735992,9836979
2021-12-24,103.88347625732422,107.09636727559197,103.58360773628127,106.92501570260843,8509575
2021-12-27,104.39755249023438,104.65458642322838,103.32658866383343,103.88349116089081,5097217
2021-12-28,106.32527160644531,106.75365707346293,104.48321279094084,104.52605395229999,6511374
2021-12-29,105.5113525390625,106.88218486527629,104.69741614716008,106.75366790480284,8960770
2021-12-30,108.7242431640625,109.53817301405338,104.74025663503305,105.59702765045253,32394253
2021-12-31,106.58232116699219,108.63857301823741,106.23961143567723,108.63857301823741,9155163
2022-01-03,107.95314025878906,108.42436689838568,106.83933540336633,107.43907899345689,9034081
2022-01-04,113.86485290527344,114.20756912587349,108.59571684393576,108.80990957932815,33986738
2022-01-05,113.09378051757812,113.82204115174176,111.97997551903511,113.60784838560997,16122852
2022-01-06,112.15131378173828,113.39364213621256,110.78048808546866,113.39364213621256,8037648
2022-01-07,112.5368881225586,113.26513570651993,110.90901520437743,112.49404695331631,8820039
2022-01-10,112.96524810791016,113.35079239727538,112.02279489098501,113.05091735372109,7324926
2022-01-11,113.35081481933594,114.80732301909954,112.23700981717941,113.22229131526653,11971883
2022-01-12,114.6788101196289,114.97867214275773,113.39365354633439,114.2504245951974,10439580
2022-01-13,115.62125396728516,117.07776218026203,114.37893852307808,115.15002726133375,15114699
2022-01-14,115.9639663696289,116.64937274817751,114.2075831096986,115.15002341684728,9344382
2022-01-17,117.0349349975586,117.67751330887764,115.19286932780379,115.36422092949769,9803141
2022-01-18,115.66407012939453,118.02019007647479,115.1500023661716,117.03490878246484,6473378
2022-01-19,115.49272918701172,115.92111467133054,113.90769766571708,114.89299212362286,21136414
2022-01-20,115.57839965820312,116.82072803445296,114.93582142495154,115.23569649645067,8466412
2022-01-21,114.89300537109375,116.60654750594502,113.56500760192621,114.85016420306467,12437749
2022-01-24,113.60784149169922,115.87827944560657,112.23700264232504,113.9505446673987,14284658
2022-01-25,115.92110443115234,116.22096639971397,112.27982813610353,112.40833854073189,10007486
2022-01-27,115.66407012939453,116.5208410192419,114.07903875386239,114.97865080285939,18760325
2022-01-28,120.07644653320312,123.37502000572681,118.23439417215486,119.94793611667885,34009553
2022-01-31,121.70433044433594,122.86096351954654,118.70563176497042,121.66148927711583,27928927
2022-02-01,120.9332046508789,123.50351729445367,120.33346764870201,123.37500689158941,17413984
2022-02-02,120.9332046508789,122.30404329009991,120.59050152771673,121.66146512920622,10783943
2022-02-03,120.49235534667969,122.21179606584988,120.18374778638355,121.24185583732176,9571728
2022-02-04,118.33202362060547,121.1977396080305,118.06749330008282,120.800950854532,7213085
2022-02-07,119.16971588134766,120.22783737764307,118.3320475755919,118.3320475755919,10562489
2022-02-08,119.03743743896484,119.61057527443498,117.09757077902194,119.43422620618044,8721631
2022-02-09,119.08154296875,119.5665130580564,118.02343497226438,119.30198269529171,5144026
2022-02-10,120.31600189208984,120.66871353268436,118.42022559672272,119.16971260566103,6081460
2022-02-11,120.93321990966797,121.41818996412833,118.55247372499333,118.55247372499333,8426925
2022-02-14,116.83306884765625,120.31601424691671,116.21584023145151,118.77293597911748,7705072
2022-02-15,119.3460693359375,119.7428581395139,115.20179185204063,116.48035298683627,12674466
2022-02-16,117.45026397705078,120.53641963274055,117.14165648422434,118.94925117604306,12946623
2022-02-17,117.0534896850586,118.94926586875029,116.78895933383886,118.5965677035057,5811964
2022-02-18,116.70079803466797,118.24387613925784,116.3039957584005,117.05349621960204,6760078
2022-02-21,116.34808349609375,118.28795037404174,115.64267368922913,116.74487230790105,12212740
2022-02-22,116.48035430908203,116.83305248191527,112.77696294875513,115.5545047871787,13578566
2022-02-23,114.80499267578125,117.67070876596374,114.4963851695814,116.39216120125815,9263264
2022-02-24,109.6908187866211,113.7469087613353,109.02949954963658,111.9833907960433,18045779
2022-02-25,114.93727111816406,115.51040898703418,110.21985590365857,110.21985590365857,10424521
2022-02-28,117.71480560302734,118.11159439167368,113.57054172964045,113.70280017433183,13262687
2022-03-02,115.46631622314453,119.0374421794422,115.02543680766512,117.09757544224718,12587947
2022-03-03,116.48035430908203,117.67072073332388,114.84909498693936,116.48035430908203,15628119
2022-03-04,114.80499267578125,117.58254095900871,114.40820390805489,116.39216120125815,15883138
2022-03-07,114.67274475097656,115.06953355507953,111.89520294039667,113.74689523835448,14985637
2022-03-08,117.93523406982422,119.74284221750955,115.06951810177242,115.06951810177242,28572640
2022-03-09,115.95128631591797,118.11159276168797,115.59858816522687,118.11159276168797,14286413
2022-03-10,117.22984313964844,119.03745157672819,116.34808423908008,117.1857525037054,13101323
2022-03-11,116.34808349609375,117.62663120283858,115.95129468428645,117.18575175536982,8669803
2022-03-14,116.52442932128906,117.18574847397419,115.28997228477256,116.34808023815422,5670284
2022-03-15,115.55451202392578,117.22984863166303,115.20180037443066,115.77495175939508,6895190
2022-03-16,117.0534896850586,117.27392940197961,115.99538173475224,116.74486869954015,5561866
2022-03-17,117.18575286865234,118.42022340603634,116.30399396533797,117.71481359247022,13995384
2022-03-21,117.18575286865234,117.62663232030954,116.12764487558971,117.18575286865234,9172207
2022-03-22,117.14167785644531,118.28795368832296,116.17173766300832,117.53846667937015,10343712
2022-03-23,117.67073059082031,117.93526096989187,116.56853189016712,117.18576047161811,11892811
2022-03-24,119.39014434814453,119.6546746972495,117.58254944750082,117.71480789476709,11276181
2022-03-25,118.8170166015625,120.05147372987916,118.33204649594752,119.9192152713358,7266868
2022-03-28,118.86109924316406,119.47832776579978,117.97934036666369,119.47832776579978,7778682
2022-03-29,118.46429443359375,119.30196256217475,118.06749222912354,119.03743224405157,5116935
2022-03-30,119.30196380615234,119.87510162258636,117.67070470619245,119.03743348527087,24047012
2022-03-31,119.03743743896484,119.56649809829995,118.42020897278822,118.42020897278822,11615450
2022-04-01,126.04743194580078,126.48831139538706,120.62462009771885,121.68272808581129,32589741
2022-04-04,127.23779296875,128.73678018408887,124.76886572636012,125.07748667712299,15437496
2022-04-05,131.4702606201172,132.79289900279613,127.63460392851887,128.2077418458504,23958626
2022-04-06,134.9091033935547,136.93715142960102,130.76483950963444,132.57244783425338,52737388
2022-04-07,135.35000610351562,139.31792159189231,134.20371671595856,134.86503596402133,37738903
2022-04-08,134.07144165039062,136.58444640917935,133.32194121354303,136.58444640917935,17585569
2022-04-11,134.99728393554688,136.31992219701374,133.8950853843245,134.42413261616792,15583159
2022-04-12,134.55641174316406,135.4381706315083,133.0133336885616,134.64457955925477,11306524
2022-04-13,135.74676513671875,137.73072244501478,134.6886572632085,134.95318759522897,19454061
2022-04-18,143.90304565429688,144.38801572627676,136.23174613563214,136.58444430366876,82098517
2022-04-19,141.65455627441406,146.68059256835895,140.64053896153607,145.40203145050515,38522118
2022-04-20,141.52232360839844,143.9030702865967,140.1996850700022,142.97722061880432,20047692
2022-04-21,143.462158203125,144.07938668999688,141.39003303615706,142.49223156791828,21966151
2022-04-22,141.4781951904297,143.7266827962547,140.94914798907587,142.1836049134728,9922564
2022-04-25,137.64256286621094,141.87499461328355,137.02532090307147,139.8469600072164,12008027
2022-04-26,138.43614196777344,139.71468963261225,137.55438310173665,138.9652026692245,11735823
2022-04-27,137.24575805664062,140.72871623810724,136.84896926957683,138.25978879532826,17873048
2022-04-28,140.81690979003906,141.16962146323706,136.89308492591175,139.31792217902773,29123808
2022-04-29,137.73074340820312,141.96318900101136,137.28986393925587,141.4341282564452,28941216
2022-05-02,138.8770294189453,139.62652988017848,134.90911429268974,136.31993394163214,13368198
2022-05-04,139.8910675048828,142.75678440927499,138.70070086349588,139.3179295058345,24511385
2022-05-05,139.67062377929688,141.74276286395923,138.43616652965224,140.72874536993507,33396072
2022-05-06,140.1996307373047,141.39001034237387,137.5984453107655,137.95114340249057,22604305
2022-05-09,140.1996307373047,140.90504037532457,137.51026406054936,140.1555401121966,22958742
2022-05-10,137.0694122314453,142.18361631541023,136.23174400453257,140.15556824449297,20322427
2022-05-11,134.51231384277344,138.39204736011322,132.30791674097304,135.83495210385365,13794764
2022-05-12,130.98529052734375,134.9091150385301,130.50032042942783,133.2337784689006,11818556
2022-05-13,127.10554504394531,132.263840193314,126.53240711827038,132.263840193314,22913410
2022-05-16,130.72076416015625,131.29390209504916,124.90114971622197,126.44422787662855,16286682
2022-05-17,132.70472717285156,132.92516691898587,129.00134212871012,130.0594502192399,13925542
2022-05-18,130.94119262695312,133.05740854010514,129.7949034012572,132.70471037277068,17611218
2022-05-19,130.50033569335938,130.98530584799968,128.51637788721033,130.05945618088182,11701170
2022-05-20,131.91114807128906,133.10151461506038,130.19170730599572,133.10151461506038,17841739
2022-05-23,132.39608764648438,136.98124448904497,130.85300963916137,136.14356280712593,26055890
2022-05-24,129.53038024902344,133.89509767621328,129.0013329686122,132.39609674528126,16581141
2022-05-25,134.60049438476562,135.04137384682457,129.97126003314673,130.85301895726462,19926619
2022-05-26,135.92311096191406,136.76079256907775,132.792878047204,135.04135217927544,22698086
2022-05-27,132.66062927246094,136.67263512345116,131.82296097390935,136.67263512345116,10245727
2022-05-30,133.05740356445312,134.46822309017895,131.20571807333167,132.30791662325115,12513990
2022-05-31,137.5543670654297,139.31788459190955,132.57243543495244,133.2337545073824,124665699
2022-06-01,138.2598114013672,141.2577865655549,137.77484126918478,137.95119037509448,16084988
2022-06-02,140.2437744140625,140.46421416842142,136.01132843945618,137.1135272112508,17646975
2022-06-03,136.672607421875,140.59643120210498,136.40807710369268,140.19964245211693,14063328
2022-06-06,136.84893798828125,139.89100259983667,136.31989087798456,137.377998553147,18485464
2022-06-07,138.65658569335938,139.05337450363405,135.34998985011552,136.8489772748048,14911957
2022-06-08,138.480224609375,140.8609707193511,137.64255642590197,137.64255642590197,16416591
2022-06-09,136.80487060546875,139.3178885336318,136.40808184169862,136.9371424964397,13821409
2022-06-10,136.89308166503906,138.08346167004302,135.79088293987772,135.87906421972033,7908849
2022-06-13,131.29388427734375,136.58443725219288,130.2798670056598,135.7908596877943,19208167
2022-06-14,133.498291015625,134.42414054417054,131.29389378317035,131.29389378317035,17034328
2022-06-15,130.63258361816406,135.52634850246366,130.10353631865055,134.51233108746572,15172295
2022-06-16,126.04743194580078,132.3960933289285,125.20976368250147,132.35201614762832,18494040
2022-06-17,123.84303283691406,127.37006838060445,123.04945522141287,124.41618418550746,21387729
2022-06-20,121.02140045166016,124.680694245601,119.03744306720671,123.8430260408573,16578770
2022-06-21,123.40217590332031,124.54846535502499,121.46230869136065,121.85909757148815,51398446
2022-06-22,121.37409973144531,123.40214776751435,120.40417307389731,123.40214776751435,8317317
2022-06-23,120.3600845336914,122.69674013365203,119.61058411996764,121.59454155733619,11257409
2022-06-24,120.44828033447266,121.59455622848861,118.99336996544811,121.59455622848861,21879039
2022-06-27,122.12359619140625,122.60856623181716,120.58051826118992,121.02139766982316,12872030
2022-06-28,122.21178436279297,122.82901287885302,120.93322324183046,122.1236030942533,14272044
2022-06-29,124.98933410644531,126.17971409881255,120.62462989205571,121.50638886282428,53487394
2022-06-30,126.00333404541016,126.92918352707758,124.46025606082185,125.4742868091518,19270932
2022-07-01,124.01940155029297,126.26788975615224,123.22582380920144,125.20978161650523,9592229
2022-07-04,124.68070220947266,125.3861120154724,122.8731072407253,122.8731072407253,17526429
2022-07-05,124.19573211669922,127.19370664895341,123.62258082508755,124.68068869208481,11370649
2022-07-06,122.52040100097656,125.20976843647759,120.00739611566463,124.76888897015196,15929985
2022-07-07,123.84303283691406,125.87108096545062,123.00536458620218,123.44624402916347,18144208
2022-07-08,126.70874786376953,127.14962730202522,124.32800158810338,124.32800158810338,15375888
2022-07-11,127.6786880493164,129.61855488732786,126.6205800880895,126.97327825697423,16779135
2022-07-12,129.7067413330078,130.58850024498048,127.01737396057655,127.01737396057655,19138561
2022-07-13,131.02935791015625,131.6906769841552,130.0594178864627,130.2798575777957,13644449
2022-07-14,130.76486206054688,131.64662105831917,129.618572672528,131.38209066807258,9775869
2022-07-15,132.04339599609375,132.39609417619062,130.63257636656,130.8971067289192,11518139
2022-07-18,132.08746337890625,133.63054119068187,131.6465840041132,133.49826930550148,8286352
2022-07-19,132.92515563964844,133.3219444581059,131.60251727507483,132.08748736633314,6798359
2022-07-20,132.74880981445312,134.24779730693274,132.39609816914563,134.1155388490509,7271345
2022-07-21,133.0133514404297,133.3660496610091,132.2638509034801,133.1456099095033,7521568
2022-07-22,131.33798217773438,133.49828873776437,130.6325723844706,133.14559056841884,6800124
2022-07-25,132.35202026367188,132.6606278152359,129.92718321553684,131.5584291569927,7996687
2022-07-26,132.26382446289062,133.1014926602412,131.5143240757721,132.26382446289062,5774871
2022-07-27,131.99932861328125,132.7488291962375,131.42619060601507,131.8670701360892,5403197
2022-07-28,132.5724639892578,133.10151128840877,131.42617465923658,132.30793361239537,6030744
2022-07-29,134.8650360107422,136.18767450732594,132.66063851643594,133.1015180152972,11771461
2022-08-01,137.9952850341797,139.05339315502843,133.14561048026283,134.82094721705877,14221965
2022-08-02,140.6846160888672,141.16958610895017,138.0393397479467,138.52430976802972,18278835
2022-08-03,140.77279663085938,141.91908583988533,138.6124901145638,141.12550824763713,10147608
2022-08-04,136.40809631347656,141.52230051845362,134.95319954044305,140.81689072215113,15754128
2022-08-05,137.20169067382812,138.5684062096722,134.9091121444462,136.14356922668378,33864055
2022-08-08,140.55235290527344,141.08141358805747,136.62852878077,137.11349883089335,16964235
2022-08-10,139.96823120117188,141.22636712016612,139.2942268775707,141.00169901229907,14055597
2022-08-11,138.0810089111328,140.95677156409135,137.3620819605458,140.37262627592364,15810624
2022-08-12,142.43955993652344,142.88889608774275,137.13739883719595,138.12593014228779,17998843
2022-08-16,142.66424560546875,143.60785438192525,141.04663251906516,142.88891370878443,8309725
2022-08-17,145.0906524658203,147.06772895189545,142.88890788558544,142.88890788558544,19674110
2022-08-18,144.5065460205078,146.16908197863802,143.69773251337412,145.09067768178107,9585888
2022-08-19,141.7655792236328,145.2703962994093,141.22637026767333,144.73120105610317,9599472
2022-08-22,140.64222717285156,142.84397175666928,140.19289098380094,141.36116781786305,11400211
2022-08-23,142.5743865966797,143.06865921406055,139.87836909749768,140.59730983981038,14362373
2022-08-24,144.5065460205078,146.483622850188,141.99026018607182,142.79905998055088,20602844
2022-08-25,142.79905700683594,145.54001091739883,142.39465711801782,145.0008156365261,12889454
2022-08-26,146.84304809570312,148.01132482633,142.79902275229165,142.88889546720566,30724938
2022-08-29,144.64134216308594,146.84308713735376,144.41667402871872,145.40521930499636,10928330
2022-08-30,147.38229370117188,148.68536611636475,145.18054876341085,145.4052168940529,24663153
2022-09-01,144.41664123535156,147.60693076146296,144.05717778705093,145.13558184460436,14554158
2022-09-02,145.40521240234375,149.53909765086468,144.91093978766895,146.48361665358163,25106698
2022-09-05,147.83160400390625,148.37081290782632,145.76465482241545,146.12413199591285,15226001
2022-09-06,151.38137817382812,151.74085539736316,148.1012290709128,148.99990156076947,27866331
2022-09-07,150.34788513183594,152.90909307166586,149.76373988360507,151.42628919664074,19415892
2022-09-08,149.89854431152344,152.05535237421824,149.13466736163295,150.97694834287086,11595205
2022-09-09,149.7188262939453,152.19017537692508,149.13468101037677,150.66242133732467,16415150
2022-09-12,149.53907775878906,151.06683176685883,148.73027810611276,150.4826864953462,15469466
2022-09-13,150.43775939941406,151.83070440939352,148.8650826458428,150.0333595481692,15644741
2022-09-14,154.88619995117188,155.51526791433474,148.2809520563287,148.2809520563287,38751148
2022-09-15,157.3575439453125,158.30113900250768,155.1557855781166,156.72846229031214,29483891
2022-09-16,155.2905731201172,156.9980449713845,153.94256469670063,156.32404075967622,26126152
2022-09-19,153.67298889160156,156.45887897060422,153.26858903178592,155.91967001574778,13304030
2022-09-20,154.48178100585938,155.60512151262873,153.5831086004439,154.48178100585938,15395199
2022-09-21,151.51617431640625,154.6165913987164,151.11176076043523,153.67298262253868,7370283
2022-09-22,151.56109619140625,152.4597685998051,149.9434968264105,150.07829220260922,7447846
2022-09-23,147.3373260498047,151.42628790185086,146.16904927598412,150.2130747689119,12264388
2022-09-26,142.52944946289062,147.24747960717565,140.73210464602013,145.98933000777467,21951865
2022-09-27,142.888916015625,145.27039246415757,141.54090737396817,143.2483795016723,8367800
2022-09-28,141.94529724121094,143.29330578806508,139.29421650826154,141.81050187158635,14261815
2022-09-29,143.3831787109375,145.3153188124143,141.99023380136836,142.66423807574193,17623352
2022-09-30,143.47303771972656,145.18052344239513,141.4510248966087,143.78757853282795,12015533
2022-10-03,144.10215759277344,147.47217985909035,142.84400771908838,143.65282129059787,10528629
2022-10-04,146.07920837402344,147.38228067403762,145.00080418479283,145.5399994230815,9013773
2022-10-06,146.3937225341797,148.37081270407006,145.94438635241406,147.6069357100077,6456408
2022-10-07,147.65188598632812,148.146158575384,145.0008050065873,146.57348179098565,8825983
2022-10-10,147.3373260498047,148.82014362480245,145.450122380696,146.21398563510252,10484521
2022-10-11,144.73118591308594,147.74173008301952,144.0571816449834,147.74173008301952,13805741
2022-10-12,148.28094482421875,148.55054928461146,144.82105062659264,145.4950549212482,12496248
2022-10-13,148.0562744140625,149.8985555332171,147.60693822464197,148.14614713700752,9447511
2022-10-14,148.37083435058594,150.52764285266701,148.14616622692526,149.40430223436354,9588164
2022-10-17,151.38137817382812,151.9205871528037,147.38228833649666,148.3708335604006,13426449
2022-10-18,150.03334045410156,152.280021244707,149.5390679376381,151.83068508658593,20635735
2022-10-19,147.42723083496094,151.06685731278193,147.24749907204543,149.62897578414874,6947654
2022-10-20,150.03334045410156,150.88707641200136,145.13557907311196,147.3822598637174,12020720
2022-10-21,148.3258819580078,151.3813626246137,147.8316093968253,150.5276265894726,7414335
2022-10-24,150.03334045410156,150.93201277034373,149.4042725752623,150.03334045410156,685185
2022-10-25,152.19017028808594,152.5046973878113,148.68533984182451,150.4826845693477,8131380
2022-10-27,153.35842895507812,154.12230592724174,150.57255293558777,152.684424701752,16225577
2022-10-28,156.4139404296875,156.9980720287782,152.6844415878945,153.3584459157622,16185760
2022-10-31,155.56021118164062,156.36901092550414,151.92058490894726,152.68444828645087,24233760
2022-11-01,163.37864685058594,164.4121146368354,155.9196631064225,156.36899931134013,41101936
2022-11-02,162.61476135253906,164.1874379878879,161.76102535016582,163.46849735491233,22146420
2022-11-03,160.0985107421875,163.42361017731753,159.28971092495075,161.1769287820432,16719953
2022-11-04,159.02008056640625,161.3116979596166,158.48088534677913,160.90729811673307,14881752
2022-11-07,158.0315399169922,161.311688544394,157.1328675574134,159.82888463614978,12799401
2022-11-09,155.82980346679688,159.73903426293447,154.79633559375787,159.73903426293447,14929008
2022-11-10,154.6615447998047,156.54874884740653,153.26859966367795,155.91968083153927,10668583
2022-11-11,154.077392578125,156.00954662047027,152.45977938603357,155.4703376522219,16963169
2022-11-14,154.077392578125,155.82980115595169,153.76286544052488,154.88620603049756,10224241
2022-11-15,154.6615447998047,156.5038124792758,154.0324630712831,154.8412765596733,13899999
2022-11-16,152.72938537597656,155.42540281849213,152.01044464877498,154.6615394373717,9781274
2022-11-17,151.24658203125,153.4932632446891,150.5276413004187,152.72938614705825,12778124
2022-11-18,149.04481506347656,151.92056384733107,148.3708107994801,151.47122767133342,11134908
2022-11-21,147.74172973632812,149.35934271850874,147.5170616474878,148.28093863460563,12788632
2022-11-22,150.1232452392578,150.5276451254221,148.1461684637234,148.5056319819463,15198091
2022-11-23,151.02191162109375,151.20164337291416,149.40429842940256,150.84217986927334,12004998
2022-11-24,152.32498168945312,152.77431791862554,150.61750950365928,151.60604098024655,10986350
2022-11-25,152.54965209960938,153.89766080741154,151.51618424202255,152.99898833554343,12358833
2022-11-28,153.1337890625,154.48179781732009,152.2351165592866,152.77432554627632,5471921
2022-11-29,152.9091339111328,154.21222012148326,151.92060230131307,153.67301108874133,7693168
2022-11-30,154.7513885498047,155.33553385254174,152.5496438552492,152.86418468846554,9133076
2022-12-01,154.7513885498047,156.05446082105973,153.53818900594086,155.91966544262584,9214914
2022-12-02,154.7064666748047,155.33554840015262,153.80779416734103,154.9311348016706,6376672
2022-12-05,157.4024658203125,157.8518020215839,154.03244431077695,155.51526200256416,9861212
2022-12-06,157.44740295410156,158.1663436221875,156.23420343231842,157.80688014447088,7008295
2022-12-07,154.43685913085938,157.26767173706546,153.94258656286948,156.45887205319306,7718718
2022-12-08,153.0888671875,154.97607122627153,152.77432632471096,154.43687594918862,4225180
2022-12-09,152.32498168945312,154.34699472072904,150.97697300193585,153.8527221261087,6174919
2022-12-12,151.7857666015625,152.77431175089416,150.57256705936774,152.77431175089416,7153044
2022-12-13,152.0553741455078,152.77431484022776,151.02190632429696,152.5496467301686,5166993
2022-12-14,154.2122039794922,156.0994079712373,152.28004990829248,152.72938615099187,8562333
2022-12-15,154.6615447998047,156.41395345566866,154.3020675674132,154.57167206354325,10644546
2022-12-16,152.59457397460938,155.56019559267494,151.92056968471502,154.4817777587221,9433166
2022-12-19,154.39195251464844,154.79635243450068,152.3250028310471,152.59460734850038,7706855
2022-12-20,152.54965209960938,154.0773925592544,151.4712478758984,153.80778807516324,7387632
2022-12-21,150.93203735351562,153.71792747268088,149.71883775657864,152.77431864440533,8454254
2022-12-22,149.08975219726562,151.56110140538135,147.87655263178254,151.4263060245454,6979001
2022-12-23,146.48358154296875,149.49413916403486,145.89945004641598,147.65185824872503,5313321
2022-12-26,148.86509704589844,150.7523148178,145.49507510511305,145.58494784192905,8321609
2022-12-27,148.460693359375,151.15671084306578,147.87656172297028,150.07830659212027,9244387
2022-12-28,149.04481506347656,150.6174916794683,148.10120635135115,148.28093807921982,9652984
2022-12-29,149.85365295410156,150.43778464697144,147.38230335515834,148.28097593659226,19571340
2022-12-30,149.5840301513672,150.79724347305685,149.17963028168853,149.85363463537087,8626291
2023-01-02,150.9770050048828,151.4712777042753,149.5391232816785,150.12326873101745,7322962
2023-01-03,150.61752319335938,152.05539102980757,149.89858241880793,150.97698672430775,9629995
2023-01-04,149.7188262939453,151.4262983571249,148.01134051811323,150.84216678620885,11995082
2023-01-05,152.6844482421875,153.08886182665577,150.21309893229972,150.97697602223562,18887530
2023-01-06,151.8756103515625,154.70642245589542,151.47121058132214,153.17868237240384,13216749
2023-01-09,153.1337890625,153.6729980494897,152.28005292697813,152.99899367207968,6012344
2023-01-10,150.93203735351562,153.40338662570454,150.21309664089358,153.13378214438958,7557693
2023-01-11,149.2245635986328,151.69591284496994,148.7302910068347,151.38137200128386,8463293
2023-01-12,149.13467407226562,150.2580145122686,148.7752106165254,149.98841006413753,7628932
2023-01-13,150.7972412109375,151.11176834367882,148.73029181478742,149.3593597929235,5090393
2023-01-16,149.13467407226562,151.5610866801417,147.96639727213216,151.5610866801417,10321015
2023-01-17,150.70736694335938,151.15670316782536,148.99989477544997,149.71883547712622,13015434
2023-01-18,152.28004455566406,152.5047126691167,150.16817251680138,150.5276360132642,5536057
2023-01-19,151.6060333251953,153.1337736847106,150.347897432101,153.1337736847106,6812613
2023-01-20,151.6060333251953,152.68443747822653,150.6624245490482,152.68443747822653,8545359
2023-01-23,149.9434814453125,152.32495759821822,149.17960449147034,152.23508488153632,7787735
2023-01-24,149.2245635986328,150.57257227845307,148.64041827645198,150.258031434767,7033092
2023-01-25,149.08975219726562,149.71883387490854,147.7417435382934,149.17962492625838,9257370
2023-01-27,149.44923400878906,150.1232383590578,147.38228459210083,149.4042976429071,13756671
2023-01-30,151.74082946777344,154.79630992610174,150.16815287926443,150.61748904740986,30768122
2023-01-31,153.8077850341797,155.1557937153299,150.39284067872183,152.6395218139722,24990701
2023-02-01,152.77432250976562,156.18928069663235,150.25803680825047,154.79633560180665,13878016
2023-02-02,149.9884033203125,153.5381699212377,148.7302675691386,152.77429297132062,19898080
2023-02-03,152.66268920898438,153.4926226790914,149.89622554734513,151.69442411321828,11730514
2023-02-06,153.12374877929688,153.86147515128528,151.279439884806,151.69440657187442,7588936
2023-02-07,152.3860626220703,154.64533879985376,151.5100184801907,153.5387559853235,8699758
2023-02-08,152.61659240722656,152.847131066452,151.32558154394945,152.70881349930198,8839686
2023-02-09,153.07765197753906,153.67704679364485,151.8327377336745,153.0315414368475,5507650
2023-02-10,152.15548706054688,152.89321344836588,151.32555366860083,152.24770813563444,9468345
2023-02-13,154.7836456298828,155.10639127727023,151.97107146028642,152.2477206373054,9829152
2023-02-14,153.12374877929688,155.38302436085615,152.01716625679438,155.38302436085615,12916373
2023-02-15,152.8932342529297,153.53873965349666,151.41778127652313,153.07766235723992,11855678
2023-02-16,154.36866760253906,154.6453167845288,152.70880065252445,153.0776568478695,7923121
2023-02-17,154.96807861328125,156.4435174856611,153.4926256699393,153.99981349864822,10182025
2023-02-20,154.82972717285156,156.76625715431845,154.23033240623388,154.64529909627385,6679716
2023-02-21,159.76324462890625,160.68539899905866,155.8901990884579,155.8901990884579,26883881
2023-02-22,157.2273406982422,159.71715500947673,155.38303171644463,159.48661638675205,12225021
2023-02-23,156.39743041992188,158.28783614913414,155.84413201515153,157.6423307242107,11184381
2023-02-24,157.6884307861328,157.87285888514057,156.21297785214676,156.99681486163223,8338893
2023-02-27,158.97943115234375,159.99380673698573,157.22734321991967,157.82673802023288,17669762
2023-02-28,157.2273406982422,159.53272692548916,156.62794590754234,159.34829884150156,19044910
2023-03-01,158.8411407470703,159.5788672918735,156.72018220737246,157.64233687063557,9318790
2023-03-02,157.50396728515625,158.79497775899375,156.9967795736634,158.79497775899375,7725981
2023-03-03,159.1638946533203,161.37706013536297,158.1495189326557,158.61059624732817,12962719
2023-03-06,163.0369110107422,163.6824163172378,159.25607210404436,159.44050018147735,12402804
2023-03-08,164.92735290527344,165.20398802358366,161.79201887845554,162.0225575243556,22099710
2023-03-09,165.48062133789062,168.0165461995135,164.1435001341362,164.51235630380606,18874546
2023-03-10,166.67942810058594,166.90996672866422,163.95907510345464,164.14350319172502,12399692
2023-03-13,165.71115112304688,167.4171424764387,165.48061251155934,167.18660386495117,13669178
2023-03-14,164.05126953125,166.9099539285765,163.40576423632598,164.74288536244575,9217542
2023-03-15,164.3279266357422,165.5728408205654,163.91295993112138,165.480619743556,8548173
2023-03-16,165.6189727783203,165.98782899214,163.17525463113623,164.3279478880261,9405016
2023-03-17,163.17523193359375,167.55546570048827,162.20696691829863,167.55546570048827,47276890
2023-03-20,162.29917907714844,163.7285212525312,161.33091411505302,163.7285212525312,5627841
2023-03-21,163.31353759765625,163.72850423228542,161.65365698818118,163.08299901497801,12894327
2023-03-22,160.77764892578125,163.9590792597164,160.27046111695992,163.9590792597164,7893205
2023-03-23,161.00819396972656,162.16088718522872,160.17824641198774,160.50100614071317,5759884
2023-03-24,159.25607299804688,161.56145915630165,158.93332737846748,161.56145915630165,4977283
2023-03-27,157.9189453125,160.40875944630073,157.41175756445767,159.20995587937153,12077986
2023-03-28,158.61058044433594,159.532734981803,157.22734863813534,158.01118562336697,8750986
2023-03-29,160.45489501953125,161.7459057878553,158.33393669645997,159.20998072289146,20272070
2023-03-31,161.46925354003906,163.4518800247905,161.00817630442612,161.19260438447918,8125121
2023-04-03,163.95907592773438,164.23572509701134,161.7920071845196,161.9303388046387,9098662
2023-04-05,162.2069854736328,164.4201649147596,161.51536953658612,164.4201649147596,10829323
2023-04-06,161.56146240234375,162.85248711948154,161.23871677627983,162.66804496634705,7159274
2023-04-10,163.774658203125,164.14351440486342,161.56147877980797,162.1608876963356,10968456
2023-04-11,164.23574829101562,165.75729783047615,162.8064057736951,164.23574829101562,9208605
2023-04-12,162.11476135253906,164.42014756611056,161.65368410982475,164.1434984062898,7591360
2023-04-13,159.578857421875,162.39143178506163,158.88724146720432,162.29921069605385,9944382
2023-04-17,156.39743041992188,160.40879460613647,156.07467067197868,158.9333556450205,17401126
2023-04-18,156.85848999023438,157.45788480179812,155.84411438655275,156.7662689095501,16199789
2023-04-19,154.09201049804688,156.72014217443288,153.8153613555431,155.61355967537773,16314641
2023-04-20,156.48963928222656,156.95071660130853,153.8153964599364,154.09204566557818,15498083
2023-04-21,156.48963928222656,156.72017794176753,155.29083543842083,156.44352873612573,6672391
2023-04-24,157.6422882080078,157.91893733578058,155.1063636668493,155.38301279462206,8088991
2023-04-25,157.78060913085938,159.02550901515963,157.0889933937065,157.9650371799085,9175412
2023-04-26,156.62794494628906,158.3339223014054,156.30518524807098,157.78063805283827,9032416
2023-04-27,157.6422882080078,158.01115840202453,155.6596619223948,156.7662443625267,9054900
2023-04-28,158.61058044433594,159.07165771306947,156.3974151827996,158.51835936220462,21552892
2023-05-02,161.9303436279297,162.29919981731163,159.1177694532669,159.20997646513155,8893428
2023-05-03,162.6219482421875,164.74289229027715,161.46925514172108,161.93033238190765,11194149
2023-05-04,162.6219482421875,163.63630972802153,161.192605983417,162.7141552476484,4671155
2023-05-05,160.6854248046875,162.66805139053585,159.53273165687767,162.62195492139247,5958697
2023-05-08,163.2674560546875,163.7285333019072,160.91595927967487,161.19260844219886,6287186
2023-05-09,162.29917907714844,164.74288267918746,161.5614527216967,163.4057615748461,7918748
2023-05-10,163.2674560546875,163.5441052172115,161.3309259879804,162.29919102133394,6231734
2023-05-11,165.5728302001953,165.98779687819882,163.17522306134848,163.77463188154013,12125975
2023-05-12,161.3309326171875,165.29619992040486,160.91596589183067,165.15788236893974,8920297
2023-05-15,162.25308227539062,162.99080869328654,160.31656625824505,160.45488380555506,7980565
2023-05-16,163.6363067626953,164.1434945319017,161.83810837274578,163.1291189934889,7874923
2023-05-17,162.29917907714844,164.0051703946956,161.42313518609444,163.6363001814898,6639494
2023-05-18,161.46925354003906,163.86684672265005,161.05427277121896,163.22134140698404,6921939
2023-05-19,159.80935668945312,161.69977598053063,159.48659702843045,161.37701631950796,6657753
2023-05-22,160.54710388183594,163.26745683931338,159.67104585113967,159.8093774685469,13339834
2023-05-23,160.59320068359375,161.97643243477359,159.34830055010852,161.3309270984152,8359389
2023-05-24,161.3309326171875,161.6536923318881,159.9477008186904,160.45488862566498,8507023
2023-05-25,160.91595458984375,161.88421959497762,159.90157904713962,161.33092128605526,7986243
2023-05-26,160.91595458984375,163.45187937564359,160.54709843120253,161.37703182362554,6926193
2023-05-29,162.57582092285156,163.9590525006337,161.19258934506945,161.33090687446395,9943211
2023-05-30,163.0369110107422,164.14349354630045,161.9303284751839,163.22133908817517,9727639
2023-05-31,160.3165740966797,163.22135529990342,158.56447200964038,163.22135529990342,41785992
2023-06-01,160.82373046875,161.10037961797153,158.47224787776767,160.08601816543958,11602551
2023-06-02,160.9620819091797,162.2069821276064,159.9015957183399,162.2069821276064,7262018
2023-06-05,160.54710388183594,162.4836198868886,160.03991609326468,162.11476371572456,12239684
2023-06-06,161.7458953857422,162.0686550925471,160.03991798523944,160.91596195533126,4889564
2023-06-07,163.5441131591797,164.1435079812885,161.74590055093,162.25308836169373,6270083
2023-06-08,167.87823486328125,169.9991930947375,164.235727286955,164.83512210257982,27382635
2023-06-09,168.56985473632812,169.9069760210805,166.4950069965863,169.6764373833314,10235269
2023-06-12,171.24407958984375,171.93569543154018,168.4315056860862,168.5698372970017,17450400
2023-06-13,170.9213409423828,172.12013052676974,170.59858124137963,171.52073573457628,8332566
2023-06-14,172.6273193359375,173.73390192014355,170.92134195598342,170.92134195598342,15061573
2023-06-15,172.16624450683594,172.71954284219746,170.92134435871426,172.4428936745167,9840499
2023-06-16,173.54946899414062,174.01054623061336,171.56684250569214,172.35066536511943,8562558
2023-06-19,171.38241577148438,173.54947035735177,170.78300691678518,173.54947035735177,5363723
2023-06-20,172.90396118164062,173.36503841145833,170.18360833990823,171.52072949218748,6035600
2023-06-21,172.90396118164062,174.01054371901105,171.98180672200522,172.90396118164062,5906854
2023-06-22,170.13751220703125,173.31894254792977,169.07704011705226,172.9039758201537,6683123
2023-06-23,172.16624450683594,172.9039709303309,169.44589151172428,170.18361793521927,15255365
2023-06-26,170.50634765625,172.81173372013092,170.0913809789434,172.81173372013092,7231775
2023-06-27,171.56683349609375,172.3967668497776,170.41414046544406,170.50634746532012,6787438
2023-06-28,174.37942504882812,175.76265682635676,170.87523506489666,171.56685095366097,32476741
2023-06-30,174.42552185058594,176.73090815086312,173.36504978084298,173.45727086123858,9579059
2023-07-03,176.36204528808594,177.60695947144495,174.01054853671928,175.20935218162785,7352149
2023-07-04,178.944091796875,179.6357077037908,174.2872085427829,176.22373871053185,13258826
2023-07-05,178.34471130371094,179.5896257628014,177.37646013660046,178.89800974574314,6558910
2023-07-06,181.43389892578125,181.8027550995331,177.74528090441848,178.436896783424,16276609
2023-07-07,177.60696411132812,182.35605420561842,177.19198332539347,181.4338996963612,12652336
2023-07-10,176.63868713378906,178.29856795255054,175.02491685156878,177.65304858289426,10238356
2023-07-11,177.42251586914062,177.9297036460336,175.94707714749646,177.6530544885501,11236383
2023-07-12,175.9470672607422,179.58957442854117,175.43987951234894,178.66742000272066,9191559
2023-07-13,173.27284240722656,176.8692537627305,172.39679835801388,176.8692537627305,10612659
2023-07-14,172.8578643798828,173.68781190207918,170.36804995521675,173.31894164633806,12369394
2023-07-17,171.9818115234375,174.24108719842724,171.3363061978634,173.78000995573706,9058800
2023-07-18,172.76564025878906,174.42550699686876,171.79737528093585,172.4428805758513,7177677
2023-07-19,177.5608367919922,181.29556501574058,175.3937682716434,176.13149462352553,31761232
2023-07-20,177.8835906982422,179.1285048545732,176.91533976660745,177.69916261940512,8936996
2023-07-21,179.91233825683594,181.06503131570608,177.14587491554758,177.79138021432283,11031250
2023-07-24,180.6500701904297,181.66444582085978,177.9297170900457,180.28121399988876,9981788
2023-07-25,185.03030395507812,185.67582339379828,180.65006986326927,181.20336821904033,18028061
2023-07-26,185.9063720703125,186.4135458410379,184.4309190892138,185.8141509823829,13857423
2023-07-27,186.2290802001953,187.1973451444447,184.98418018984003,186.04465213247153,16013422
2023-07-28,193.65245056152344,194.0674172842487,183.96982803344727,186.13689679906793,39630520
2023-07-31,201.35243225097656,201.9057164851741,193.3296771809884,195.68117387146904,43494779
2023-08-01,207.62307739257812,209.00630912489635,201.81351537361033,202.45902070116665,63510580
2023-08-02,202.04405212402344,207.6230754692568,199.96920454476654,207.53086846386623,22647784
2023-08-03,202.96621704101562,206.19375788583255,200.9835763651941,202.04406251392507,29868065
2023-08-04,200.98358154296875,204.9027383840696,200.66083589274928,204.44166110864597,12879897
2023-08-07,200.98358154296875,204.1189154584265,200.7069323635222,202.59735200695147,12929354
2023-08-08,200.61471557617188,203.2428474754552,197.3410642659786,203.15064046744027,15314866
2023-08-09,201.67520141601562,202.59735598496948,199.60035363586945,201.44466277377717,12554174
2023-08-10,200.47637939453125,203.6578236242946,199.64644598648215,202.1362602815902,10970619
2023-08-11,199.16729736328125,202.43999943263094,198.8400214492068,200.9439013509316,7970536
2023-08-14,199.16729736328125,200.10235509738118,198.0452309359311,199.44781753708097,9283695
2023-08-16,203.32830810546875,203.79583698787627,198.279001882607,199.1205481638009,9687712
2023-08-17,201.73870849609375,205.52569521714523,201.17766814191987,205.19841929923564,11865239
2023-08-18,201.1776580810547,202.58024462849735,199.44780989991764,201.78545414565542,14101163
2023-08-21,204.5906524658203,205.29194582600854,201.69196753656894,203.0945542569454,13336739
2023-08-22,207.30230712890625,207.86334750446952,204.6374010146044,205.01141841974692,16930149
2023-08-23,207.30230712890625,208.42437361218333,206.69452527858726,208.42437361218333,13507905
2023-08-24,206.5075225830078,207.95685077098102,205.38544179924168,207.5828333549589,11182959
2023-08-25,203.74908447265625,207.44257411644563,203.0945468804902,207.44257411644563,7413549
2023-08-28,204.49713134765625,205.0581717165277,203.09454469332684,203.74908227844404,4851793
2023-08-29,206.74130249023438,207.34908440366846,204.0763818313445,204.9646839616908,8799235
2023-08-30,206.0867156982422,207.5828137567818,205.47893388762523,207.5828137567818,5490930
2023-08-31,205.99322509765625,207.25554449895105,204.54388273215577,207.25554449895105,18532999
2023-09-01,215.7178192138672,216.60612121926604,202.11272615188298,203.70233573484285,29859815
2023-09-04,220.4866180419922,221.14115560670865,215.53080916425515,218.52299107999391,21895573
2023-09-05,219.36456298828125,221.5151844885226,216.65288683969723,221.5151844885226,13952922
2023-09-06,216.8398895263672,220.53337910439103,213.56718735596067,220.2061031802107,14623019
2023-09-07,218.89703369140625,222.54375335435887,214.4555092021911,217.86846441834294,30334731
2023-09-08,224.64764404296875,227.7800934859837,219.73859042704538,220.67364825864982,28856420
2023-09-11,227.31253051757812,228.060565256522,222.68398353023645,227.7800593633421,22493483
2023-09-12,219.8321075439453,229.0424188602768,218.8970496884081,228.34112546862386,21174310
2023-09-13,221.7489776611328,222.96455579776762,218.0087460209342,220.7671782698618,9151928
2023-09-14,222.4969940185547,223.66581623368458,220.62687847434688,222.4969940185547,7568464
2023-09-15,220.8606414794922,223.75932626128258,220.29961538059192,220.29961538059192,14098284
2023-09-18,225.53591918945312,226.4242211698008,220.72037763904044,221.6086796193881,11163399
2023-09-20,226.0502166748047,230.0242122109698,224.74114149944296,225.81645223150085,18936709
2023-09-21,223.43206787109375,227.12554348315425,221.70221942891368,224.46063720157403,10134737
2023-09-22,222.4969940185547,223.75932771803468,220.67363421652195,223.1047901311318,7209300
2023-09-25,224.08657836914062,224.64761871198118,221.74893405371938,223.61904950605637,8027642
2023-09-26,224.60089111328125,227.40606464325856,223.52558030059674,224.1801179373547,10681642
2023-09-27,223.7593231201172,224.88138957001524,222.40349223199667,224.32034921114172,9679279
2023-09-28,221.6554718017578,225.53595627025544,220.34638221794052,224.03987223312964,32887087
2023-09-29,229.60342407226562,235.16701460599484,223.94632206018196,223.99307779935918,35038887
2023-10-03,225.53591918945312,230.6787366489748,224.92813737864907,228.4813595678883,14885044
2023-10-04,219.8788299560547,225.3489236437587,216.4658747864321,225.3489236437587,25424437
2023-10-05,218.66326904296875,221.98271277019947,216.98016217398515,221.84245980938815,22472389
2023-10-06,220.2528533935547,222.0762131320162,218.47623512778927,219.03727547863073,8825123
2023-10-09,219.45806884765625,220.95416707598062,215.5308288331174,218.66327825648716,10659145
2023-10-10,220.58013916015625,221.4684555240929,218.56977050754784,219.64508131841274,11665907
2023-10-11,223.1982879638672,224.13334573855272,220.6736348257861,220.9073992694575,14313043
2023-10-12,225.90994262695312,226.98525325862926,223.10476956917398,223.43203119853942,13170027
2023-10-13,226.3307342529297,227.96708533720516,224.03984558851386,224.92814760926498,11880728
2023-10-16,227.63980102539062,229.08914335734354,225.3489124453869,227.0787749493063,6936948
2023-10-17,229.9774627685547,231.1462850170916,227.4995653087963,228.94890775055202,10084205
2023-10-18,226.2839813232422,230.77226149231439,225.90996392075675,229.9307009349481,6987265
2023-10-19,223.9463348388672,226.09697055310255,223.01127707336045,224.60087242115208,11485237
2023-10-20,225.3489227294922,226.42423345861354,222.12297627427884,223.43205144606566,9040953
2023-10-23,221.1879119873047,225.25540460914345,219.73856963190744,225.1619073955413,7058625
2023-10-25,216.98016357421875,220.95415919181306,213.5204525960007,220.67363900053059,23949207
2023-10-26,216.60614013671875,218.14899411354094,212.95942031486658,215.8581052886415,17410264
2023-10-27,221.2346954345703,222.96454391526208,216.93342357043016,216.93342357043016,10519462
2023-10-30,219.36456298828125,222.91777117190585,215.67107330775903,222.02946912599973,8812268
2023-10-31,220.4866180419922,221.79569317142514,218.38273812607213,219.27104012589083,6583581
2023-11-01,217.4944305419922,221.32815861852688,217.02690168379175,221.32815861852688,6718059
2023-11-02,219.9723358154297,220.3931089496046,218.569749189614,218.9905223237889,6057787
2023-11-03,221.24685668945312,222.0965294671398,220.25556217839969,220.25556217839969,6825146
2023-11-06,222.66297912597656,223.93748824406273,221.4356628449237,222.19093551061994,5338605
2023-11-07,225.7784423828125,226.15608589659655,222.0493009186609,223.08780257453319,7002346
2023-11-08,223.46546936035156,227.4306332870592,222.7574038589527,226.43935310960444,9777991
2023-11-09,224.64556884765625,226.2977216130497,222.8046015044865,223.93750337677335,13987058
2023-11-10,229.17718505859375,229.64922869414184,222.61578140560113,224.55116319247395,9589671
2023-11-13,231.9622344970703,236.58827066650812,229.696430858802,231.25416905940793,18792969
2023-11-15,233.47279357910156,235.03053187124402,232.19826995416386,235.03053187124402,10965645
2023-11-16,238.2404327392578,240.03419282307848,233.80321096394468,234.88891998783933,22145147
2023-11-17,237.53236389160156,238.9484948025476,236.9659057649717,238.85408031289975,5618928
2023-11-20,237.01312255859375,241.119893722414,236.30505707459415,236.96591531186795,6283832
2023-11-21,236.02183532714844,238.66528276393842,233.47280238674114,238.47646817680263,6851869
2023-11-22,239.4677276611328,239.7981639642798,235.40816396891736,236.77708761435943,5275418
2023-11-23,238.61805725097656,241.4031118135319,237.62676273735423,239.79816633728208,8200025
2023-11-24,239.70376586914062,242.48883500023175,238.85409303955205,239.137322117958,7149443
2023-11-28,243.14967346191406,243.85773893945168,239.46773874097008,240.60065502953347,6151585
2023-11-29,243.9521484375,245.0378430519115,241.780759208677,245.0378430519115,8637363
2023-11-30,246.69000244140625,247.02043876197428,241.68635122569017,243.5273330036704,21687673
2023-12-01,253.91229248046875,260.04885996964435,247.11485235257098,247.68131049843882,29121320
2023-12-04,259.4351806640625,263.4003588814041,257.97185686144684,260.5680969579481,20464526
2023-12-05,269.4897155761719,270.52818849653744,257.54698887940503,259.81282131612767,18883076
2023-12-06,265.3829650878906,272.1331840114384,263.3531830075595,271.8971621692776,13415314
2023-12-07,267.9320068359375,272.13320751373345,265.57178821049314,266.0910535948484,25133786
2023-12-08,269.1120910644531,275.5790952576272,265.28854877213445,270.4338364205108,20815064
2023-12-11,271.2362976074219,272.3692140082169,268.49844991863824,270.05618836128576,8071675
2023-12-12,267.5543212890625,272.46358652092863,265.1469103224541,271.37789194405144,8640883
2023-12-13,277.60882568359375,278.411305554421,268.5928045764434,268.82882637308353,23629670
2023-12-14,278.8833923339844,281.810068827781,277.1840466595265,281.1020033282137,24900443
2023-12-15,288.0410461425781,289.83480628239994,278.50575847983055,281.3380204304729,28843558
2023-12-18,286.2472839355469,289.4099533752507,284.8783458114525,288.89071687921944,13307504
2023-12-19,292.33660888671875,295.0272632901764,285.58639086489075,287.9466089712122,15650536
2023-12-20,281.0075378417969,295.8297178009819,278.64731993818486,295.027237951503,23497233
2023-12-21,285.0671691894531,286.2000566524847,276.80640538892885,279.2610092977928,17868637
2023-12-22,285.86962890625,291.67578897193164,282.8485667696947,287.00254521449483,15207726
2023-12-26,292.2894592285156,293.3279611109644,287.56902231853076,289.31558973747724,9917180
2023-12-27,288.9378967285156,294.7912493122202,286.57767855948265,294.17759835052306,12630732
2023-12-28,296.3489685058594,297.85951379926354,290.5428379452405,291.81736143690193,37591916
2023-12-29,293.75274658203125,296.7738373528837,290.92048478857845,296.7738373528837,12682889
2024-01-01,292.4310302734375,295.7825285389935,290.59004858256446,294.55522661924937,8024960
2024-01-02,288.8907165527344,293.4223241114112,285.16156015769747,293.4223241114112,13506040
2024-01-03,289.07952880859375,290.7788743419336,286.34165272195344,290.0236160629507,14259987
2024-01-04,299.3700866699219,303.760086824481,291.34534467145073,293.51673392300455,40057506
2024-01-05,297.34033203125,307.4420497164645,295.2161354249945,304.84580941992994,27456415
2024-01-08,298.75640869140625,300.5501686255278,295.1216671759791,298.75640869140625,10136462
2024-01-09,301.87188720703125,303.47684699815403,298.37875298459005,300.0781272595298,12229517
2024-01-10,295.82977294921875,301.87192614658585,290.7788999316605,301.77751165059,14455000
2024-01-11,295.4049072265625,299.55888553957715,294.8856707416573,297.34030345747516,10316319
2024-01-12,295.1689147949219,297.67074059984236,292.383874299354,297.5763549104669,12341629
2024-01-15,299.55889892578125,300.21977158269954,292.2894437559744,297.29309509118247,9706124
2024-01-16,294.08319091796875,299.5116928370003,292.80866731385765,299.5116928370003,10162832
2024-01-17,292.0061950683594,296.5378314680977,289.9292202616637,292.43104588470493,13502940
2024-01-18,282.5653381347656,293.8943865674794,279.96909786893536,291.67580429841433,32481018
2024-01-19,291.2037048339844,292.1477920225384,284.83111631124484,286.81367635820465,28651237
2024-01-23,285.6808166503906,297.67070781796326,283.5093986199392,295.9241693992128,21652362
2024-01-24,291.5813903808594,293.3279577799721,281.5740584830813,286.01128065258274,23922028
2024-01-25,297.1515197753906,299.464545512603,291.9118460425375,292.66710446503924,32525422
2024-01-29,306.40350341796875,307.5364196349099,298.4731763331494,300.03091452300134,24694773
2024-01-30,297.81231689453125,305.8370580441437,296.9154225356609,303.85446917434143,20918448
2024-01-31,299.7476501464844,302.1078678641732,295.1216291820645,300.73893006341314,20931224
2024-02-01,303.9961242675781,308.669368137189,299.3701020518451,302.1551424253049,24020951
2024-02-02,313.9090270996094,315.0419433835698,305.0346122461126,305.88428505345394,32346639
2024-02-05,317.3077392578125,321.98095398772887,314.42825577896815,319.1014993201417,19651482
2024-02-06,318.5946960449219,320.3106342341467,313.6374960209353,320.3106342341467,12024661
2024-02-07,315.2581481933594,322.1219305055961,314.25715993834564,322.1219305055961,8080437
2024-02-08,315.44879150390625,319.595676344339,312.6842113078097,318.35639080240543,17754869
2024-02-09,309.7289123535156,319.357302516559,304.67640547311805,317.4030381232624,18304439
2024-02-12,301.38751220703125,311.4449021603439,299.814564033004,310.9205667072858,11714289
2024-02-13,306.535400390625,308.8233570774267,301.1492296333164,303.67548362470063,15426888
2024-02-14,312.6842346191406,313.9712029886801,303.4848414618187,305.91575908783267,14085723
2024-02-15,323.40887451171875,324.9818226886184,314.73378908213067,315.54410453464675,21973316
2024-02-16,321.9789123535156,326.9361122784451,321.0732605485046,325.9351241109213,20307449
2024-02-19,322.9322204589844,325.9351268011953,321.74058864917265,324.5051686294212,8496898
2024-02-20,329.5577392578125,330.3203720584349,322.0266021619284,324.6958751492596,19340526
2024-02-21,320.4059753417969,331.7979582903083,319.07135349791184,330.79699918053814,17751633
2024-02-22,323.6948547363281,324.36218019006014,315.162788392604,323.17054837451985,16083122
2024-02-23,321.9789123535156,324.12384959347247,319.214332396086,324.12384959347247,9665454
2024-02-26,321.8359375,322.69390661783973,318.9283383156978,322.2172538754205,7711995
2024-02-27,320.4059753417969,322.21724992225325,318.49936439551135,320.4059753417969,8882923
2024-02-28,317.7366943359375,320.7872834080509,316.3067361632419,320.0246506863093,12977628
2024-02-29,319.9293212890625,320.31063765823603,315.1627939429578,317.7367012543099,13149469
2024-03-01,327.4604187011719,328.2707341438379,319.3573224596582,319.92931154227966,13027254
2024-03-04,337.3271484375,341.5693403493554,329.60536826484133,331.7503055854369,38075510
2024-03-05,341.5216979980469,343.14232899752415,337.0411504766042,338.32811873000367,15918221
2024-03-06,335.515869140625,342.6656601088789,328.89038453968016,342.6656601088789,13120921
2024-03-07,335.75421142578125,337.37481333321415,333.3709476566958,335.5635386872243,9172926
2024-03-11,331.7026672363281,336.65983848351686,330.5110353366324,335.8018693342511,10664917
2024-03-12,328.6520690917969,333.132616551108,326.55478536774166,331.7503119476296,9637912
2024-03-13,307.4410095214844,328.41372955085694,304.58109315384263,327.7940868230493,23722232
2024-03-14,306.8213806152344,311.6832444777552,301.7211903780074,306.0587187606296,20859127
2024-03-15,301.530517578125,310.8252461897208,291.473156204659,307.5840133129101,43285007
2024-03-18,302.3408203125,307.8223266982901,300.24356575956807,302.29316667660964,13690352
2024-03-19,298.8136291503906,303.05582129106284,295.62004981562166,299.6239155744839,13388060
2024-03-20,299.0042419433594,302.6268200285703,293.9040520804449,301.24451551969446,10026655
2024-03-21,309.8243103027344,311.11127864096886,302.1978657414363,302.4361921339769,23370426
2024-03-22,309.5859680175781,311.96923182063875,306.15406232265565,309.34764163727203,14709219
2024-03-26,313.73284912109375,314.87679827740845,305.1530995321445,305.1530995321445,11208959
2024-03-27,316.1160888671875,318.49935246073903,311.0635525933144,316.4974052236411,45209520
2024-03-28,320.1199645996094,324.1238592032676,314.8767845242624,316.4020790919691,19868037
2024-04-01,326.3641357421875,328.31840033224563,320.45363015006274,323.17055657696807,8580656
2024-04-02,328.6997375488281,329.4623994340394,324.8388617606767,326.98379921911106,9745257
2024-04-03,334.8485412597656,337.56546762658024,326.0304657959853,328.270739435028,21679943
2024-04-04,338.0898132324219,345.7639404958352,336.1832021000326,338.42347599910545,28962927
2024-04-05,337.99444580078125,341.47403407173266,335.1345293649797,339.75806675470704,11208130
2024-04-08,346.5265197753906,348.9097833226767,336.75513923151783,338.99541278448123,11447140
2024-04-09,345.9545593261719,349.7677813172955,343.5236419438606,347.95650669002674,10010148
2024-04-10,345.5732421875,351.15008515579945,344.4769466859719,347.09853679911845,12886638
2024-04-12,344.85821533203125,357.01285871968406,344.14323630922814,345.57319435483436,30924494
2024-04-15,344.2862854003906,348.90982302677423,336.32617842812255,338.9001149891209,18126999
2024-04-16,342.4750061035156,345.0489426298416,338.0421412793547,344.14329075398507,15328939
2024-04-18,334.7532043457031,344.3815952493912,332.89427616599113,342.76096434059986,22966560
2024-04-19,334.1811828613281,335.9448035987468,326.9837390185031,327.0790753731743,12867942
2024-04-22,326.8884582519531,338.42346090701733,325.93515272827136,338.42346090701733,37382916
2024-04-23,330.9400329589844,332.36999135785015,327.9371261398819,329.8437373383696,14651106
2024-04-24,335.2298889160156,336.65984723281304,331.083003978788,333.4662678401169,11132307
2024-04-25,342.4273681640625,343.7619901271113,332.79897620712,334.61025094929886,19865014
2024-04-26,339.3767395019531,344.52458310285004,338.4234340539139,343.8572867447667,10986589
2024-04-29,346.0498962402344,346.66953899625423,340.28240960659383,342.9039997296259,13652173
2024-04-30,346.24053955078125,348.3854767418769,342.5226251454907,347.9088240327445,14566548
2024-05-02,351.8173828125,355.20163478991424,346.2405689167192,346.2405689167192,27892188
2024-05-03,347.9088439941406,362.63739609584326,343.52363300000525,354.9156159463444,26844664
2024-05-06,340.13934326171875,351.62669038802903,337.8514161997481,350.6257022972743,15319437
2024-05-07,332.8465881347656,341.71234617104994,330.65399726257954,341.5216734462628,10028071
2024-05-08,338.8524475097656,341.76001761253553,329.0810662530613,329.0810662530613,9595776
2024-05-09,329.8913879394531,341.2834013824053,328.74743868645544,339.8534429967249,9043486
2024-05-10,338.9001159667969,339.71043148593594,331.3213253651082,331.41666173663793,11699095
2024-05-13,334.5149230957031,339.3767873851862,330.32038435103095,338.90013459391486,10691781
2024-05-14,339.1860656738281,340.5683702060254,333.9428857266395,334.18121208787534,10891985
2024-05-15,344.4769592285156,346.5265603003602,339.99641159860573,340.80672711796086,8538183
2024-05-16,344.572265625,346.8601928804129,336.56447659219464,346.8601928804129,13114162
2024-05-17,348.3854675292969,349.3864265549768,343.52360420619755,345.52555135012926,8509179
2024-05-21,354.629638671875,356.63158599902147,348.29016304639,349.8631112703713,10939593
2024-05-22,356.3932800292969,359.7298494013384,353.29503704097255,357.489575575881,14001806
2024-05-23,354.91558837890625,358.0615136508679,352.2463448989739,357.5371782259216,15370357
2024-05-24,357.44189453125,360.4924545534,351.4837353951282,355.5829372437504,13317821
2024-05-27,352.3893737792969,362.7327443175096,350.8164255160146,362.2084379272739,21891930
2024-05-28,348.3377990722656,355.82125253279617,347.0985136475597,355.2016098204432,10200096
2024-05-29,347.5751647949219,349.2434492935744,343.18995400852066,344.61991215022283,18146672
2024-05-30,342.9040222167969,347.76585730791965,340.4730755786585,347.00322449550976,14425073
2024-05-31,342.2366027832031,349.52938251146236,338.900034232392,346.4788230062621,30515612
2024-06-03,373.5050354003906,374.8396862034227,356.0119049910974,367.02257046811224,39261174
2024-06-04,315.78240966796875,373.6003756120576,299.2902380981873,373.6003756120576,84042244
2024-06-05,325.0771789550781,326.26881084274333,300.57721570765057,324.1238734449459,46418629
2024-06-06,333.4185791015625,342.95163354335125,328.8903782417128,331.5596218483843,33171039
2024-06-07,343.7619934082031,345.0966153839904,331.4643574077863,335.56355971039955,23930193
2024-06-10,347.86114501953125,352.81834488445253,344.9058923728502,347.9564813808899,16072588
2024-06-11,350.24444580078125,354.5820034165549,347.8611819764801,351.53141408441905,11235777
2024-06-12,353.96234130859375,356.53627794684496,348.3378443466642,352.29405658558045,12134524
2024-06-13,352.6753845214844,358.8241875960236,350.7687735044039,358.8241875960236,11243702
2024-06-14,351.24542236328125,353.53334973988905,349.0051486245418,352.7230342481014,10298434
2024-06-18,352.3893737792969,354.8679739085229,351.48375100592835,354.43897479463897,10228382
2024-06-19,345.5732421875,353.5810025327781,344.66759032956486,352.5323606690045,8337334
2024-06-20,340.94970703125,347.8611719219554,340.3777179114352,345.57324453527144,14338604
2024-06-21,342.9992980957031,346.0022336145044,340.09172803544317,343.14231719094073,17931844
2024-06-24,345.81158447265625,347.6228591792907,338.947772950848,340.9020667624763,9335598
2024-06-25,344.00030517578125,347.67053727259895,341.0450522240874,347.24153814849427,14983828
2024-06-26,348.004150390625,349.7677713296745,342.8563066681199,346.04988581300825,15918394
2024-06-27,359.5391540527344,363.30472231575226,347.09852924187913,348.0041519875216,55378829
2024-06-28,360.68316650390625,371.3125177400812,359.1102181394406,360.30185009624444,25141039
2024-07-01,352.4847106933594,364.1627031368851,350.6257533204211,363.92437676048667,23389211
2024-07-02,353.10430908203125,355.2015925678212,348.099455806578,355.2015925678212,13702830
2024-07-03,355.249267578125,356.7745621057088,351.43604580545207,353.247320328957,9207317
2024-07-04,355.5352783203125,363.0663855378561,354.39130014616035,356.4409010399906,14916930
2024-07-05,362.0654296875,363.4477343469648,353.67635263665295,356.8699319897579,15946104
2024-07-08,359.8251647949219,363.44771397919294,358.5858502163006,363.06639760599194,8898299
2024-07-09,359.4438171386719,362.4944062908382,357.5372061917115,361.4934471807137,8355819
2024-07-10,363.5906677246094,365.87859482823325,352.7229921629674,361.112067907112,17715196
2024-07-11,359.49151611328125,365.40199286040774,357.1082523218813,364.54402371401886,19873143
2024-07-12,359.5391540527344,361.6840913713352,354.62963667534063,361.2551213631596,16151583
2024-07-15,367.6422424316406,370.7881678846579,359.3008197110679,360.92145061952294,22951140
2024-07-16,362.6850891113281,370.5975131242828,362.2560899992989,368.59556575577164,11893034
2024-07-18,360.1111145019531,365.02063148869365,356.72689197225276,365.02063148869365,15709153
2024-07-19,347.6228332519531,360.34946707428185,345.9545486821648,360.1111407071692,13330099
2024-07-22,356.0596008300781,359.6344964207415,345.4302504256871,347.71817778519676,18715538
2024-07-23,364.5916748046875,367.6422347373944,344.6675679636162,359.1101685601744,49882257
2024-07-24,374.2677307128906,376.5556580063129,363.87670698135776,366.1646342747801,36868466
2024-07-25,373.8387451171875,377.79495711426136,368.2142484990822,372.6947959754538,25973101
2024-07-26,377.7949523925781,380.84554158422503,371.5031594602401,376.50801326078374,20381410
2024-07-29,375.50701904296875,389.2346120008067,374.3153872047437,385.1354101143421,27751449
2024-07-30,387.9476623535156,393.4291686604816,378.4622615418234,378.4622615418234,34447139
2024-07-31,396.5750732421875,397.909695074007,389.4729358944505,390.3785877227783,29727771
2024-08-01,403.6772155761719,404.53518468632683,396.1937617687037,400.29296367976303,28803487
2024-08-02,400.1023254394531,406.3941183938803,394.0488297647423,396.813409864805,24233263
2024-08-05,393.9534912109375,396.2414185537202,385.75505823110603,388.6149746827281,42489503
2024-08-06,395.62176513671875,405.1071660824479,393.9534805849374,393.9534805849374,18230579
2024-08-07,399.9935607910156,404.50947401123557,398.74449338399705,404.50947401123557,15556736
2024-08-08,391.7304382324219,400.66614631340633,389.9048376091993,400.04161262124416,16447385
2024-08-09,394.56488037109375,400.04162374868645,392.2108641855873,397.59148936514947,10954753
2024-08-12,385.1487121582031,393.940300811881,384.428089656718,393.940300811881,26254763
2024-08-13,380.680908203125,388.65578653162726,379.5279003213666,387.21454134053346,11355664
2024-08-14,380.8250427246094,384.33206697128037,378.23078954366935,383.27514792266743,9424614
2024-08-16,382.4583740234375,385.24480451218176,377.89443147269384,382.4583740234375,13844122
2024-08-19,387.31060791015625,391.53825436276065,385.72524415570547,386.5419262591875,10677045
2024-08-20,390.3372497558594,392.2108802835712,387.31064063757884,388.7038267664588,10126083
2024-08-21,392.9314880371094,393.65211062478795,389.32837509871626,391.5382726387141,9726854
2024-08-22,387.55084228515625,393.9883866207234,386.49392326820976,393.74817908606326,10445288
2024-08-23,386.2056579589844,390.00091913816664,383.8996423356456,387.55081419112753,11513586
2024-08-26,398.600341796875,399.65726068897834,386.2056403369135,386.6860553494873,13772637
2024-08-27,393.60400390625,399.8974580039009,393.0755591347684,399.2248652745565,8441188
2024-08-28,393.0274963378906,398.167942657428,391.3941029454816,393.98832632949745,15884745
2024-08-29,393.84423828125,396.43849118894053,387.9351392384066,393.0275268605173,19014705
2024-08-30,399.8974609375,402.77995096062796,395.38154817238427,396.5345559105174,22633988
2024-09-02,393.9403381347656,402.6838978456129,391.73044064972186,401.4348011313733,11107165
2024-09-03,390.4813232421875,395.4295920945257,389.7126709373954,394.4207322792103,7538160
2024-09-04,389.2322692871094,392.25887815923033,384.235941167711,384.3320300396623,11052003
2024-09-05,387.4547424316406,392.40301164103147,386.1095861400889,389.47249153007215,14246871
2024-09-06,379.335693359375,388.79987524995437,377.3179737049684,387.4547190396146,17956121
2024-09-09,374.57958984375,377.3659910423845,370.2077956514635,375.8767162375538,12293356
2024-09-10,380.7769470214844,383.75552611864373,374.48352175865654,374.8198181493725,15852309
2024-09-11,374.387451171875,383.659455984709,372.3216722740221,383.37121867699307,11492592
2024-09-12,388.9920654296875,390.3372216830461,375.3482665059757,375.68456289986716,24028069
2024-09-13,385.67718505859375,391.3460766192792,383.7074951397629,388.9920605360675,12017217
2024-09-16,394.99725341796875,395.8619946291736,386.25369378865963,386.6860790553656,11479712
2024-09-17,399.9935607910156,401.2906872965858,394.03643173619383,395.7178844191384,14432501
2024-09-18,397.9277648925781,403.3084191120582,396.8228161841097,402.10738153280846,10303840
2024-09-19,407.34393310546875,414.9344850400012,404.07708730384036,407.3919628816425,59601773
2024-09-20,407.34393310546875,413.01282483772934,400.2337668992966,411.28331306236,36084164
2024-09-23,411.57159423828125,413.6373731643233,408.3528074212251,410.75488275899704,14139629
2024-09-24,411.33135986328125,414.550146470297,410.2744409191886,414.550146470297,12539885
2024-09-25,419.01800537109375,419.8827465819928,408.9773192674241,411.3313647014005,19443168
2024-09-26,417.5767517089844,420.795538288058,413.6853723561796,420.795538288058,20041825
2024-09-27,419.7866516113281,425.16730586639505,416.51983523860395,418.92191041299037,53885913
2024-09-30,425.83990478515625,430.88426272411255,416.6159301180519,419.7866576650844,20903229
2024-10-01,422.861328125,430.21167244300176,421.61223141570485,428.5302197868873,15984996
2024-10-03,418.2973937988281,425.16732321342835,415.0786070693809,415.0786070693809,13563784
2024-10-04,413.58935546875,422.1407380565902,409.60188683379465,415.9433717752098,18347292
2024-10-07,399.1768493652344,416.039404733519,393.0275136896996,413.7334185162963,23431004
2024-10-08,404.46142578125,410.94702869098626,395.1893922377137,397.7836451304908,18706355
2024-10-09,402.059326171875,408.11254345719044,400.6661109397255,407.82430618539627,13916492
2024-10-10,406.14288330078125,413.0608422281992,404.02904541278286,404.22122315613063,15866037
2024-10-11,405.9507141113281,409.93815313105705,403.1643127073131,407.3439294744393,8639087
2024-10-14,407.8723449707031,409.3135900059353,403.5486098650066,407.96843383749297,8483177
2024-10-15,409.89013671875,410.4666406575297,406.95958724754024,409.9381664960615,9365964
2024-10-16,407.63214111328125,412.5804099140927,404.74965101701764,408.64100091809127,6219440
2024-10-17,401.38677978515625,408.92930203814,400.28183101942926,407.05567158853614,11968387
2024-10-18,408.3047790527344,409.26560919115974,398.21606259926824,401.3387605491506,8828971
2024-10-21,408.352783203125,411.9558959960937,402.6838916066289,409.36164305627346,9139781
2024-10-22,399.465087890625,409.60183305229253,397.2551905343637,406.2869870179006,14242323
2024-10-23,392.3069152832031,398.50428111257094,385.9654601265195,397.7836585427471,22522821
2024-10-24,395.7658996582031,398.9846862546203,390.86566044060453,393.21970583914117,9400171
2024-10-25,383.2751159667969,391.53826058217504,376.2610680582568,386.73411014558394,19642277
2024-10-28,388.0792541503906,390.5774181629838,382.2181849383622,383.27510386548306,11716022
2024-10-29,396.006103515625,398.07188228097175,388.60772964412655,392.9794946899117,20284308
2024-10-30,392.4990539550781,398.55227121008124,389.9048012331028,397.92773757618477,12264297
2024-10-31,394.57757568359375,396.9944419189493,390.08221038638476,395.3993161041669,12204072
2024-11-01,397.6711730957031,401.63483959064007,396.70442660926784,398.29955241133376,2145479
2024-11-04,387.6170654296875,400.5231090825983,380.6081525008754,400.08809080936567,13866505
2024-11-05,389.6955261230469,390.66227263811135,383.94337255730824,386.6986060257945,6665326
2024-11-06,395.30267333984375,397.1394859537363,389.74388046717985,393.1758485510919,9700643
2024-11-07,390.37225341796875,397.23615996997137,388.63212139194627,397.23615996997137,7589295
2024-11-08,384.4267578125,390.758965385453,382.396584166952,389.7438638112974,7536509
2024-11-11,379.496337890625,387.5686773026435,378.77127799438557,384.91012434976545,12243693
2024-11-12,367.6536865234375,381.67151094022915,366.4452533840589,380.07638509680186,10549517
2024-11-13,368.6687927246094,374.71095849791567,366.7352996771514,371.2306651119387,20602407
2024-11-14,360.1130676269531,372.3907598545337,359.00131506369064,367.4119918274149,15086601
2024-11-18,354.5059509277344,367.3636674887354,350.5906099278422,367.3636674887354,16383636
2024-11-19,354.5059509277344,365.91354774864834,352.9107956114292,355.76270956803853,17055094
2024-11-21,344.3067626953125,352.2340958567601,343.0016490098256,351.6057165275293,21276150
2024-11-22,353.2975158691406,354.8926416739167,343.87173761038196,345.17682176707785,15949254
2024-11-25,356.1494140625,364.6568011878135,355.27934809017864,361.5632005053791,18388844
2024-11-26,349.6238708496094,358.0829028461915,348.2704316307087,357.6962101411859,11222231
2024-11-27,357.01947021484375,359.2430048637975,349.33385325084475,351.7023644713081,14225274
2024-11-28,350.01055908203125,359.48469249879605,347.6420478549115,357.406193421034,16837860
2024-11-29,351.557373046875,353.24917949031783,348.2221151886026,351.1706803317835,14280017
2024-12-02,346.2886047363281,351.79904203112784,345.1284971464958,351.55735540847627,12510350
2024-12-03,355.23101806640625,357.6962098738917,346.288612819559,347.0619982289922,14205760
2024-12-04,360.3547668457031,362.6749526029096,355.76272085638834,356.6811418553563,22035954
2024-12-05,356.8744812011719,361.51488231902454,352.2824351122292,360.35477466387056,18758283
2024-12-06,357.21282958984375,358.85631043100994,355.811035372216,357.16450406624074,9736086
2024-12-09,357.5512390136719,360.886497110959,355.5210652354994,358.56631115137554,10878679
2024-12-10,356.8744812011719,358.85632932016296,354.21592820231035,356.72947511996847,7913822
2024-12-11,353.34588623046875,358.4213059369256,352.5725007429719,356.9711860207951,9998662
2024-12-12,343.77508544921875,354.7959904228358,341.26153847210094,353.8292438549262,22538216
2024-12-13,345.2735290527344,346.38528169956027,336.47612942944636,343.920089765174,14269143
2024-12-16,341.16485595703125,346.96533533120385,340.004777783855,345.27352884707017,12168143
2024-12-17,337.44287109375,342.083272230146,335.7027391068286,340.2947852141214,15646176
2024-12-18,330.3856201171875,339.32802534347564,328.69381372302485,337.9262311014932,14672392
2024-12-19,326.1802978515625,329.27389878131925,323.9084374346566,325.79360511103414,14513129
2024-12-20,322.16827392578125,332.46411833973616,319.99309428187127,326.56695873791665,20375797
2024-12-23,322.55499267578125,327.00203287410466,319.5097468289478,324.7301724953429,8884187
2024-12-24,324.15008544921875,325.64856020646164,320.71814721978757,323.95675385338063,7755462
2024-12-26,323.521728515625,326.1802815401117,321.2015426857165,324.1501078754055,9030212
2024-12-27,323.8600769042969,328.69380939540576,323.08669150682414,325.45520272581047,9090597
2024-12-30,320.3797912597656,325.6002165742575,316.5128051745475,323.8600846370144,36657549
2024-12-31,322.2649841308594,323.4734173775607,315.3527518602808,319.12305768943594,8580998
2025-01-01,322.55499267578125,323.5217392622531,317.86626583083984,321.9266132951274,7843971
2025-01-02,326.76031494140625,327.3403687383043,319.0263429901304,322.5549617923477,16543382
2025-01-03,328.5487976074219,333.04416284542174,325.84188975781973,326.8086362392288,8689629
2025-01-06,316.6094970703125,330.3373099657643,315.594424987681,330.3373099657643,10538077
2025-01-07,317.67291259765625,319.3647190088551,314.28929977525866,316.1261122640077,13891401
2025-01-08,314.5793151855469,319.50972839261175,311.14737680270713,319.50972839261175,8993608
2025-01-09,309.697265625,315.11105224806533,309.16553731666653,313.27421018643054,12403467
2025-01-10,297.9996032714844,310.3256209250494,297.37122395832546,309.6972416118905,15941143
2025-01-13,288.2838439941406,299.6431163894061,286.97873020136575,291.08740319539794,29630336
2025-01-14,300.0780944824219,302.30162903614274,290.2172983184006,290.4589849327554,22732888
2025-01-15,310.6639709472656,313.51585521196364,302.15658466801193,302.15658466801193,21894626
2025-01-16,314.6759948730469,316.41612682239185,310.95401483958733,313.90260945172975,14865186
2025-01-17,315.30438232421875,318.0596159005053,312.59750377723475,314.48264185371033,7129232
2025-01-20,324.87518310546875,325.7936041765085,313.75759720627036,315.3527526983673,17991880
2025-01-21,313.5158996582031,327.00202605954723,313.03252637504045,326.56697830359525,12774630
2025-01-22,311.6790771484375,316.12611711234416,306.7970189452083,316.12611711234416,11068145
2025-01-23,312.8874816894531,314.2892758387899,308.9238153559673,310.32560950530404,6477347
2025-01-24,312.8874816894531,318.9296469835595,311.3890364976188,313.9992342030166,7492600
2025-01-27,311.4857177734375,314.2409215518039,304.52513153719747,312.8874824233018,13803855
2025-01-28,307.6670837402344,313.0808702187769,297.90293786866414,311.77575650031605,22008929
2025-01-29,310.5673522949219,312.1624783205528,302.88170484947443,309.3589190175097,16056888
2025-01-30,312.2591247558594,315.9327497165881,310.4706378002037,311.5340648686554,10375720
2025-01-31,315.6691589355469,317.8613058725993,309.384992489505,314.159025160958,13195557
2025-02-01,309.5311584472656,322.2943012327426,308.60557340577117,317.66643549106175,10097627
2025-02-03,303.24700927734375,305.9750026082059,296.18342432228917,302.1265845069146,15881217
2025-02-04,310.8951110839844,312.210405002783,302.3213642401468,306.75438968995746,12141064
2025-02-05,311.3822937011719,314.7435677661699,310.21313679767115,312.7462902666593,12226722
2025-02-06,304.7571105957031,314.4025803942938,303.3931140758996,314.3051457001162,13384442
2025-02-07,308.8004150390625,311.04126425092375,304.07511502320597,305.4391114883777,8937447
2025-02-10,302.5162658691406,308.7029973818034,301.0548346330578,308.36199081347183,6806132
2025-02-11,297.7422790527344,304.3187199672192,296.3295502223903,304.3187199672192,13241830
2025-02-12,298.37554931640625,299.5934087013712,292.2862523915816,298.3268468341657,7616083
2025-02-13,298.8139953613281,300.6651357094654,295.3065543300232,298.2781193836465,9086906
2025-02-14,292.62725830078125,300.32412364968485,290.67868328926664,298.96012708820365,7446248
2025-02-17,294.5758361816406,295.40398651618,285.27137257129044,289.8505357861115,6464173
2025-02-18,303.1982727050781,304.36739982991213,289.8505224664086,293.40666578706475,15793327
2025-02-19,306.7056884765625,308.2158519185008,302.61369887807547,303.19827731582916,13079903
2025-02-20,316.7895812988281,318.7381563395503,303.4905625924784,304.5135525956993,22888146
2025-02-21,317.8612976074219,321.27130386527926,313.28213445371256,314.98713758264125,10809296
2025-02-24,311.86944580078125,317.0331578414788,311.2361648498121,313.81802087016086,6034113
2025-02-25,310.50543212890625,313.2334251829092,307.63127216641857,311.8694286559077,10686112
2025-02-27,307.5825500488281,311.08996097065614,306.4133932529572,307.24154350562475,7302366
2025-02-28,303.44183349609375,307.5338228829829,298.66780127871704,305.92625456195884,21127180
2025-03-03,306.3159484863281,309.6285196551184,299.78824083401315,303.29565164044317,9779703
2025-03-04,305.6827087402344,306.80313343923706,300.0805555123257,303.29569242822816,8734999
2025-03-05,317.8125915527344,318.8842840068403,305.4391285201632,305.48783100157,10493615
2025-03-06,329.21173095703125,330.08858373555825,314.889722953373,320.54057839978606,26294903
2025-03-07,321.076416015625,330.0398724142012,320.2482954726346,327.2144447666804,8992315
2025-03-10,320.9302673339844,326.3375803064068,317.90997041239154,320.9789995442844,11383132
2025-03-11,321.80712890625,324.6812887417573,315.3768556012048,318.59199225372737,10299324
2025-03-12,321.6610107421875,326.1914416503799,318.0074326335009,322.48916106006874,6984859
2025-03-13,323.3659973144531,325.9478530992446,320.0047234661789,323.46343200561176,8965150
2025-03-17,323.1224365234375,325.8991617856791,322.00201186895947,324.38902808610794,4353561
2025-03-18,323.1224365234375,323.1224365234375,323.1224365234375,323.1224365234375,0
2025-03-19,332.5242919921875,335.05744528743855,327.7015869950278,330.28344276921143,30582397
2025-03-20,332.9627685546875,335.83692870603574,331.5500397210629,335.83692870603574,15002119
2025-03-21,342.2671813964844,344.75163232158565,332.96274781308057,333.20631968419474,36406837
2025-03-24,357.5148010253906,358.53779098150085,344.5567597615945,347.82062875107556,24588471
2025-03-25,357.5148010253906,361.89909466511006,354.78677825427314,359.51207845699406,23189083
2025-03-26,345.5310363769531,359.51206715743194,344.21574237979854,357.5147897886035,18668095
2025-03-27,351.37677001953125,355.0790802443258,341.97490188300185,344.8003295987043,37930538
2025-03-28,348.40521240234375,354.93292074620217,347.28478773532055,352.6920714121557,11327077
2025-04-01,343.0953063964844,353.56889608181143,341.82874465327615,343.290175772159,18736320
2025-04-02,342.70562744140625,344.36192808126043,338.1264643073824,343.09533649404995,13593404
2025-04-03,349.6717834472656,352.058799753951,342.7056336564081,342.7056336564081,10317410
2025-04-04,341.39031982421875,349.6230607492348,339.5878820777657,349.6230607492348,10872963
2025-04-07,340.8057556152344,342.3646215618517,315.66915000777334,319.5663000078693,18025165
2025-04-08,343.8747863769531,349.03849825419917,341.00062634743813,347.6745016953884,17506712
2025-04-09,340.3673400878906,345.67718906100674,339.24691542258313,344.8977709632871,7462119
2025-04-11,350.8409423828125,352.204938966116,341.97491999199644,341.97491999199644,11246077
2025-04-15,353.17919921875,358.9762214163254,352.25361425177806,357.5634927262931,17497327
2025-04-16,350.0614929199219,353.66636862551644,348.6974963428764,353.1792248670791,11541484
2025-04-17,354.640625,356.05335366856923,348.0641848385989,350.0127597012363,12288196
2025-04-21,355.17645263671875,358.7326253615424,352.4971623405806,356.39431186223607,7375594
2025-04-22,350.987060546875,357.6122034398902,350.4512143323274,357.6122034398902,12077119
2025-04-23,354.44580078125,354.8842420743632,348.6975101506468,353.6176801454308,9719205
2025-04-24,353.8612365722656,357.0276709891354,352.30237060507375,354.3970828111932,7491123
2025-04-25,347.2847595214844,356.3943230274272,342.0723159263955,353.861199545306,9785640
2025-04-28,352.20489501953125,353.56889143264124,344.60546519442426,344.60546519442426,5315840
2025-04-29,347.7719421386719,354.98166383970954,344.99521676024034,354.64065726114853,9472828
2025-04-30,345.4336242675781,351.7177905909625,342.9492030139025,347.8206405567136,16739088
2025-05-02,339.7340393066406,348.7949005277519,338.66231718525614,345.4335969954307,8221620
2025-05-05,339.6366271972656,342.94919873850176,336.66503249345936,341.97491124208557,9492646
2025-05-06,333.01141357421875,340.5134382704729,331.257708188729,340.02629458196003,8904223
2025-05-07,333.2550354003906,334.86263359990505,328.33489530164,329.3091828247903,8465490
2025-05-08,331.2577209472656,334.2780178789515,329.6988551374059,332.28071083938704,14286109
2025-05-09,326.1427001953125,330.03984971220945,322.09941351811017,325.60685402989566,11322011
2025-05-12,339.587890625,340.22120127585947,329.40660425783733,331.64745357768135,7978210
2025-05-13,332.7191467285156,340.80572024633017,331.74485932960346,339.6365932073706,14738980
2025-05-14,329.8450012207031,335.0087424971646,329.06558316114706,333.64474602649494,22485535
2025-05-15,333.1576232910156,334.9113289019259,324.09673168025927,330.7706070173203,43307763
2025-05-16,334.27801513671875,338.6623084662309,333.20629304292623,334.1805804494845,6920351
2025-05-19,336.27532958984375,338.759780590867,333.59603892571175,334.27805207883074,6218209
2025-05-20,333.7908935546875,340.708340546268,332.76787387026775,337.980317787376,9986143
2025-05-21,337.2496032714844,338.4674626143201,331.11160407675004,333.74216241753874,5930972
2025-05-22,332.62176513671875,338.0777813881208,329.5527652868353,337.24963102027374,8717514
2025-05-23,335.73944091796875,336.08044745143036,331.4038501344387,333.20628775454304,4045937
2025-05-26,334.6677551269531,342.1697807449365,333.74217011190115,341.97491135243246,16655082
2025-05-27,329.8450012207031,335.6420233871655,328.1399981991428,335.15487966671975,24937330
2025-05-28,331.3064270019531,331.93973761456283,328.4322969377317,329.8937280753369,10985957
2025-05-29,330.62445068359375,333.44987832987596,329.35785916429944,332.23201902260837,15884093
2025-05-30,325.3145751953125,331.9884502069465,324.2915852609797,328.8220159790005,19143010
2025-06-02,323.9992980957031,326.19144498331383,321.8071512080924,325.31459217484854,29479727
2025-06-03,319.8098449707031,326.14271318794476,318.59198569815663,324.43771020637973,14081719
2025-06-04,320.7841491699219,321.466162291383,316.4972902528783,320.5405773026706,15654279
2025-06-05,320.1995849609375,323.07374501529193,319.1765949662122,320.7354609324231,16270360
2025-06-06,324.2915954589844,324.9248763779097,320.5892851747618,321.1738636125753,11402511
2025-06-09,328.43231201171875,328.8707235333864,324.19415557156725,325.3145802152433,19416373
2025-06-10,330.47833251953125,332.13460343293355,328.1400187287834,330.0885937324766,12061248
2025-06-11,329.4065856933594,333.7908791238844,328.7733048110843,332.232013290897,10807496
2025-06-12,325.1197204589844,332.8652875251476,324.09670083922475,329.4552815917332,11881618
2025-06-13,323.41473388671875,324.34028913297107,318.2022900348364,318.39712968688724,11711773
2025-06-16,325.1197204589844,326.04527565831876,322.0994235428103,323.4634199695977,8065112
2025-06-17,326.5811767578125,328.23744764203144,324.53516709340613,325.412019883039,6796992
2025-06-18,323.8531494140625,327.26315556256503,322.2455810334901,326.58117217260093,17835507
2025-06-19,321.56353759765625,324.5838344196216,320.10210652892056,323.85311888525376,11610604
2025-06-20,326.5811767578125,327.36059485239855,321.22259559207384,321.51486994431997,16592862
2025-06-23,324.0480041503906,327.0683011205164,321.8558574397515,325.119726266615,8277787
2025-06-24,321.4661865234375,323.1711897227192,313.0873077118169,322.489176549848,100814893
2025-06-25,322.343017578125,325.1197428330004,320.9302888439042,322.97629849133307,17963666
2025-06-26,328.4809875488281,329.11426840566673,322.7814003714975,323.85312244693523,13754087
2025-06-27,329.6014404296875,332.52430285052264,325.85045744259764,330.23475107385036,50845169
2025-06-30,326.28887939453125,328.57846097727514,325.0710200135925,327.11702972014865,11858890
2025-07-01,324.0480041503906,326.62985988523155,323.60956291510576,326.62985988523155,8903292
2025-07-02,325.1684265136719,327.0195666655982,322.78141044086397,324.09670440480113,11326880
2025-07-03,325.9966125488281,327.701615721434,322.4891715043168,325.9966125488281,15786429
2025-07-04,326.8734436035156,327.3605873346684,323.7070093510226,327.06831298913426,5899185
2025-07-07,328.7732849121094,330.2834184425102,325.1684097498165,326.87341264738103,9454556
2025-07-08,334.37548828125,335.0574717045421,328.3348937726892,329.50405068818344,12092302
2025-07-09,335.1548767089844,336.71374254723264,333.98571989707494,334.4241611347642,9079872
2025-07-10,332.67047119140625,336.1291798444743,332.4268993219537,335.1548923666643,6426072
2025-07-11,333.8883361816406,335.1548980310419,330.7706043067986,331.7448918010749,17234194
2025-07-14,333.30377197265625,336.129199880142,331.20905971708385,334.2293272920089,11516965
2025-07-15,333.206298828125,335.252308363999,332.18330892663425,334.32672341854163,8450777
2025-07-16,333.6447448730469,334.96000912738907,332.03714681481887,333.20630363300415,6001484
2025-07-17,333.839599609375,335.6420373968367,333.20631869294095,335.34976304552697,7562006
2025-07-18,333.30377197265625,335.0574776440899,331.8910431524654,334.18062480837307,6370338
2025-07-21,332.76788330078125,333.98574267420366,330.5757364286209,333.303759264824,4463318
2025-07-22,332.0859069824219,333.79091014162015,331.3064591270511,332.7678904063639,4728372
2025-07-23,334.2292785644531,335.15486348176,332.18329882369756,333.01141932215023,5058422
2025-07-24,330.1860046386719,334.76516746057104,327.8477207492971,334.76516746057104,9098453
2025-07-25,324.6325988769531,331.16030712602645,323.99928823127567,330.1860196500847,7790739
2025-07-28,324.3890075683594,327.9451506958595,321.8558543361358,324.87615127713724,4605823
2025-07-29,325.9966125488281,326.873465376732,320.0534526863084,323.4634590315202,7551356
2025-07-30,330.0885925292969,333.49859877333046,323.95059318319426,326.38631192893257,12537358
2025-07-31,325.65557861328125,331.35516611524565,324.4377193065749,327.4092841217811,8935384
2025-08-01,322.3917236328125,326.14273640586663,321.7097402313719,324.43773330292333,7107542
2025-08-04,323.46343994140625,324.7300017588626,318.7868719799893,322.39171777815415,8193399
2025-08-05,325.0223083496094,325.7530239575299,322.78142931225005,323.90188369737683,9855535
2025-08-06,323.5608825683594,326.7760194040539,323.07373882156355,325.02231380874684,13872826
2025-08-07,321.2712707519531,323.9018586300387,320.1995486633667,323.5608520928214,8731389
2025-08-08,326.1427001953125,328.82199048817915,321.17382861469065,321.5148351439974,11247218
2025-08-11,327.5067443847656,330.3809044661656,325.3633296773396,326.3863196816912,11993280
2025-08-12,331.3551940917969,333.0601972651404,327.1170374000495,327.604181163862,7221182
2025-08-13,331.20904541015625,334.1806103730856,330.42959757538017,331.55002224667015,5417151
2025-08-14,330.62445068359375,331.6961728205679,327.65285613412476,331.20902909766085,5689423
2025-08-18,327.4092712402344,333.01142383067327,326.82472258232826,332.6704470245254,6511340
2025-08-19,326.43499755859375,331.89101321396157,325.55814480197415,330.18601017996497,10316115
2025-08-20,333.206298828125,334.57029527441017,327.84771799901773,329.11427975637696,10824544
2025-08-21,330.0885925292969,335.4959059845728,328.2374522291147,333.54733098798215,11135121
2025-08-22,328.3348693847656,330.1860095860536,326.87343821539724,329.79630055413406,8534844
2025-08-25,329.16302490234375,332.6217334984358,328.38357709319916,328.38357709319916,7142387
2025-08-26,324.6325988769531,328.72458843617204,323.21987014367994,327.50672909124484,13113388
2025-08-28,322.2942810058594,324.34029062561814,320.24830111899445,322.73272225755545,10486948
2025-08-29,319.1278381347656,322.976285404538,318.59199193750806,322.4891416859791,11813425
2025-09-01,322.1968688964844,323.07372164752593,319.56628091046656,319.56628091046656,6897558
2025-09-02,327.6528625488281,329.55273499851813,322.5865855711445,322.5865855711445,9224639
2025-09-03,325.65557861328125,329.3091565334003,324.92486302925744,327.8477253653527,10778333
2025-09-04,324.81903076171875,329.59216919528404,324.08091749984493,328.2143637799006,7934237
2025-09-05,323.490478515625,326.5413228978578,320.7840629911934,324.8190584732195,5678244
2025-09-08,321.5221862792969,325.70482858302927,321.1777273769136,323.5396840828277,5239184
2025-09-09,318.9633483886719,322.94914796612073,318.52046842055296,322.40787692411345,9735495
2025-09-10,320.4888000488281,322.85075668455676,319.9967244983052,320.3411833904529,6509477
2025-09-11,325.8031921386719,328.21437421770185,320.8332413642303,321.27612134900113,10309925
2025-09-12,326.44293212890625,328.2143920966744,323.1952154761205,326.7381654455649,5257048
2025-09-15,325.8524475097656,328.5096375596649,325.40956748449446,325.754026389271,6566824
2025-09-16,329.73980712890625,330.47792043843276,325.9508495004629,325.9508495004629,8784889
2025-09-17,331.06842041015625,332.1017970741923,329.2477348882994,330.1826904366309,7936518
2025-09-18,331.6097106933594,332.24940287367366,328.804874173928,331.65890623265017,6497322
2025-09-19,333.28277587890625,334.1193103504831,331.1176614021352,331.6097369696617,10646331
2025-09-22,333.8240661621094,334.95583392381485,331.5113050632019,333.77484058661287,6966213
2025-09-23,337.5638427734375,338.6464150398427,332.7415081691703,334.0701182218535,10738268
2025-09-24,342.0909118652344,344.84652279874786,336.82569772743255,337.85904431902344,14653575
2025-09-25,335.10345458984375,345.24019905873377,334.6113790324431,343.7639723865318,13228081
2025-09-26,332.5446472167969,335.34948382934107,331.1176461570167,335.10344605690574,6337702
2025-09-29,335.54632568359375,338.301936718208,332.64306795855805,333.72564016283786,16922231
2025-09-30,335.05426025390625,337.61302913447474,333.77484577971336,335.6939524740484,8308029
2025-10-01,334.857421875,337.6130330245518,332.69227737613147,334.9066174179206,6022078
2025-10-03,336.57965087890625,338.0558774178488,333.3811600445307,334.85738658347327,8506827
2025-10-06,333.7256164550781,336.3828061852815,330.33028342692836,335.2018429831596,8436245
2025-10-07,332.64306640625,335.98917408521186,331.511298666383,333.7256386054779,16130172
2025-10-08,328.5096435546875,333.873279363479,327.03341682205604,333.873279363479,13223442
2025-10-09,330.5271301269531,331.0684011810283,325.9508338346163,328.5096024908693,6824759
2025-10-10,334.3161315917969,336.5304715065776,330.62556506716226,330.67476060726113,8970962
2025-10-13,336.2844543457031,336.6781087923391,330.87162311120863,332.59388759491145,6663149
2025-10-14,331.314453125,337.5638184529958,329.88745208774424,336.5796673787888,7545848
2025-10-15,333.8732604980469,336.3336382467429,331.4128827493509,331.6097249828098,8121744
2025-10-16,336.08758544921875,337.1701576170371,334.26689998978424,334.8082010906468,6788416
2025-10-17,335.59552001953125,338.7448155054184,334.75898559041366,336.0875955620819,7032129
2025-10-20,336.5304870605469,338.9908648573518,334.9066136875287,335.9891859249046,6896835
2025-10-21,336.57965087890625,338.0558774178488,335.6446953906803,337.5146063671322,346988
2025-10-23,337.2193603515625,339.7289636169493,335.64471262240147,338.3511280827413,8710859
2025-10-24,334.21771240234375,337.8098578335593,332.790681324371,337.0225489839997,7584711
2025-10-27,336.3336486816406,337.4654164743728,335.0542642261885,335.3003020086915,6752390
2025-10-28,333.77484130859375,337.46540795294777,331.9541557572641,336.9733324003672,13186584
2025-10-29,341.99249267578125,344.45287032093074,333.77482533420056,333.8732464467879,15423201
2025-10-30,339.67974853515625,343.46873630345164,338.00670967379386,343.46873630345164,6721032
2025-10-31,331.6097106933594,339.5321146892116,330.2811007595333,339.5321146892116,18651312
2025-11-03,329.887451171875,332.1509866227039,328.11596122287625,331.51129443302676,10242245
2025-11-04,325.3603515625,330.6747613633437,324.4746216013439,330.0842647112706,11887651
2025-11-06,321.4729309082031,327.67310047474126,319.45543329165474,326.78734051244567,11587302
2025-11-07,323.6564636230469,324.6489703926429,318.4458030826677,321.96918999917244,8578167
2025-11-10,323.0113525390625,325.79035948383523,321.5722055529706,323.6564759060022,5246998
2025-11-11,324.20233154296875,324.9963551352011,320.43081791879985,323.50759497478134,6103758
2025-11-12,324.6986083984375,325.7903719861034,323.1105913880966,325.045991852091,6850550
2025-11-13,324.5001220703125,327.4776425776202,323.11058826911164,324.6986052641234,7276001
2025-11-14,325.9888610839844,327.4279777287404,323.75572084900506,324.5497141503254,9169855
2025-11-17,327.72576904296875,328.96640258675814,326.0881085340428,326.53474872536896,6283156
2025-11-18,325.9888610839844,327.2791077708557,324.6985841082101,326.58434091552317,6776200
2025-11-19,324.1527404785156,326.4851376137269,322.6143367009101,326.4851376137269,6935056
2025-11-20,324.1527404785156,327.52725768169756,323.7557437997128,325.5422439987782,5155775
2025-11-21,324.20233154296875,325.93921839679183,322.5647014242876,324.4008450132526,6142545
2025-11-24,321.0263366699219,324.64898043320596,319.6368029183904,324.25198377087,13719726
2025-11-25,321.27447509765625,323.16023202926664,320.08345477826816,321.02634838852583,8074651
2025-11-26,323.6564636230469,325.3437069580184,321.5721933491146,321.8699332644323,7101095
2025-11-27,324.8970947265625,326.2865981361298,322.5646977771625,324.6985812585232,6755179
2025-11-28,324.00384521484375,325.6910885402578,321.8203182185401,325.5422185834422,8930988
2025-12-01,324.64898681640625,325.79036360140253,323.0113566215068,324.64898681640625,6936186
2025-12-02,326.13775634765625,327.4776466503896,324.3016126208665,324.99637953010756,5806943
2025-12-03,320.53009033203125,326.5347444905355,318.8924298443442,326.5347444905355,8546132
2025-12-04,320.53009033203125,321.86995031082324,318.69394665325495,320.48044681758057,5965357
2025-12-05,320.87744140625,321.72107825739164,318.54507462043483,319.8353213653072,6574010
2025-12-08,317.1059265136719,320.7782138345562,315.4682963312413,320.7782138345562,7906928
2025-12-09,317.45330810546875,318.99168153992724,313.1855106643288,315.0712978277346,7152584
2025-12-10,319.190185546875,321.2744558363941,317.1059152573559,317.45329868709297,5484712
2025-12-11,320.1827087402344,321.0263456017354,316.7585480683971,319.2398151381619,6317942
2025-12-12,322.61431884765625,323.5075991866605,320.48043531438657,320.48043531438657,4261023
2025-12-15,321.5225830078125,322.8624429276532,319.1405425083109,320.6293026760478,10219819
2025-12-16,318.5946960449219,321.3737030848919,316.6592955889,319.63681611268436,5241263
2025-12-17,318.8428039550781,319.984180697448,317.1555303088596,317.6021704766537,5043027
2025-12-18,316.1134033203125,319.7360469395152,314.62464317908655,319.5871769831731,5554193
2025-12-19,317.5029296875,318.1976965858744,315.12091934706694,316.56006636988315,10833662
2025-12-22,318.29693603515625,321.224812858892,317.1059157851905,317.55255595115347,8925871
2025-12-23,320.82781982421875,322.3165800090179,317.8502994546204,318.6442927709519,6024641
2025-12-24,320.133056640625,324.202340583696,319.8353167157995,321.4729468801477,5678004
2025-12-26,321.67144775390625,323.3090778540973,319.88491740823196,320.1330440988337,4174183
2025-12-29,323.06097412109375,323.35871405541303,320.6293202648354,321.6714706127625,14043845
2025-12-30,322.4654541015625,323.11057746546095,320.9270806731198,322.5647108396016,8035909
2025-12-31,327.0805969238281,328.1723604385753,322.2669632765072,322.316576499899,8497983
2026-01-01,333.780029296875,334.37553944281365,327.1302518191223,327.32873500849905,10357315
2026-01-02,349.4616394042969,350.35488943856933,333.43266114357067,334.276267666054,23128940
2026-01-05,347.972900390625,352.14141090010577,345.78937325072695,347.7247736833141,18248271
2026-01-06,348.17138671875,351.4466774580942,343.5562359789838,347.278136622167,8641743
2026-01-07,346.2359924316406,348.7172593541995,343.7050819972889,346.93072899661536,7165806
2026-01-08,341.8193359375,347.1788666008996,339.6358391503614,344.15173297579446,8805975
2026-01-09,333.4822998046875,341.8193512420237,331.8942827954556,341.8193512420237,10161744
2026-01-12,334.9214172363281,338.09742068511275,331.1995168978991,334.22665039092703,9406174
2026-01-13,335.3680419921875,336.7079322312866,332.5393915516236,334.9214321050904,5583379
2026-01-14,346.484130859375,347.87363432529014,334.9214326664008,336.36054935688634,20389924
2026-01-15,346.484130859375,346.484130859375,346.484130859375,346.484130859375,0
2026-01-16,343.7547302246094,351.3970142775835,342.81183666554153,350.0075108396703,14275582
2026-01-19,340.7772216796875,345.3427590957348,339.4869446442261,340.9260916444588,9974363
2026-01-20,336.211669921875,345.6900975044803,335.16954992402526,340.4298237142528,7718407
2026-01-21,336.1620788574219,339.04034263593076,334.2762916301079,336.2613053103078,6948955
2026-01-22,339.88397216796875,340.6283522819688,334.5740546303211,336.1620715979687,5885972
2026-01-23,334.17706298828125,342.8614977822708,333.581552830341,341.37273753187264,10084314
2026-01-27,342.1170959472656,343.9035960188152,334.5243949209227,337.94855539511275,12203590
2026-01-28,345.4419860839844,350.6030336560542,342.1171124729344,342.1171124729344,13566973
2026-01-29,355.46630859375,357.798705659296,344.69760362777674,347.37738413523886,20624409
2026-01-30,353.3324279785156,356.6573318838472,348.4691506174911,356.30994843900874,22641103
2026-02-02,347.7247619628906,350.10677221500646,335.2191702781529,342.3652313234041,12622760
2026-02-03,355.8633117675781,363.20788654042616,351.1489043252551,363.20788654042616,11559806
2026-02-04,364.49810791015625,365.78835458365774,354.92042372604976,356.7565672913423,15515053
2026-02-05,364.25,367.92228731992134,362.2649863760218,366.97939373297004,18789794
2026-02-06,365.04998779296875,365.95001220703125,361.0,361.79998779296875,7328789
2026-02-09,361.8999938964844,368.6000061035156,361.0,366.54998779296875,7983235
2026-02-10,366.8999938964844,368.1499938964844,361.25,361.8999938964844,8319282
2026-02-11,368.45001220703125,369.0,366.0,369.0,5782448
2026-02-12,368.25,372.0,366.8500061035156,370.0,6763353
2026-02-13,363.0,368.0,362.3999938964844,367.54998779296875,7111972
2026-02-16,369.1000061035156,369.6499938964844,362.5,362.6000061035156,6292850
2026-02-17,368.3999938964844,369.5,366.04998779296875,368.75,4442793
2026-02-18,368.3999938964844,370.70001220703125,367.3999938964844,368.45001220703125,4871319
2026-02-19,363.20001220703125,370.8999938964844,362.20001220703125,367.0,5375352
2026-02-20,372.95001220703125,373.6499938964844,362.70001220703125,362.79998779296875,16736731
2026-02-23,375.45001220703125,376.5,372.1499938964844,374.0,16135451
2026-02-24,382.75,385.0,373.54998779296875,374.95001220703125,20774629
2026-02-25,384.8999938964844,388.54998779296875,382.70001220703125,382.75,12750016
2026-02-26,381.8999938964844,385.8500061035156,378.3999938964844,385.0,10721570
2026-02-27,381.8999938964844,385.20001220703125,380.1499938964844,381.0,11548959
2026-03-02,377.54998779296875,378.95001220703125,365.0,365.0,14732253
2026-03-04,365.79998779296875,373.8500061035156,364.1000061035156,370.75,11433169
2026-03-05,378.04998779296875,379.8999938964844,366.6000061035156,366.95001220703125,16158714
2026-03-06,380.6000061035156,385.54998779296875,374.6499938964844,377.0,14940896
2026-03-09,376.25,379.0,371.3999938964844,373.0,11286578
2026-03-10,377.29998779296875,385.45001220703125,374.8500061035156,385.0,10875834
2026-03-11,379.8999938964844,383.8999938964844,376.45001220703125,377.5,9963701
2026-03-12,390.54998779296875,392.3999938964844,375.6499938964844,379.0,23847146
2026-03-13,384.45001220703125,394.5,383.20001220703125,391.8500061035156,27107369
2026-03-16,382.3999938964844,388.25,375.45001220703125,384.5,16793109
2026-03-17,383.3500061035156,385.8999938964844,378.29998779296875,382.8999938964844,9720902
2026-03-18,378.5,386.3500061035156,377.6000061035156,385.0,10681498
2026-03-19,374.04998779296875,380.75,373.1000061035156,373.5,10568326
2026-03-20,380.95001220703125,383.29998779296875,375.5,375.8500061035156,20930288
2026-03-23,372.3999938964844,379.5,369.29998779296875,377.1000061035156,13148432
2026-03-24,375.54998779296875,378.1499938964844,371.0,378.0,9339144
2026-03-25,378.3999938964844,380.95001220703125,375.6000061035156,376.0,9266292
2026-03-27,375.6499938964844,379.8999938964844,374.6499938964844,379.8999938964844,20263654
2026-03-30,370.6499938964844,377.95001220703125,369.6499938964844,374.0,17974103
2026-04-01,364.6499938964844,381.8999938964844,361.45001220703125,381.29998779296875,15449629
2026-04-02,359.6499938964844,361.29998779296875,352.0,359.95001220703125,16551512
2026-04-06,366.1000061035156,366.75,355.70001220703125,358.79998779296875,11534034
2026-04-07,368.8500061035156,369.79998779296875,362.25,364.8500061035156,12603971
2026-04-08,374.1499938964844,375.54998779296875,368.25,373.5,19491331
2026-04-09,378.6499938964844,384.20001220703125,376.5,376.95001220703125,18503665
2026-04-10,380.1499938964844,384.45001220703125,372.04998779296875,381.20001220703125,14953758
2026-04-13,386.25,388.0,374.3500061035156,374.3500061035156,15240045
2026-04-15,392.6000061035156,393.95001220703125,387.1000061035156,390.25,7722460
2026-04-16,390.79998779296875,397.25,387.79998779296875,397.0,9896906
2026-04-17,393.6000061035156,396.25,388.45001220703125,393.0,15320653
2026-04-20,398.0,400.8500061035156,390.6499938964844,393.0,9895187
2026-04-21,396.20001220703125,402.70001220703125,395.70001220703125,398.6000061035156,9493644
2026-04-22,405.3999938964844,407.25,393.20001220703125,398.0,16411131
2026-04-23,402.25,405.8999938964844,400.3999938964844,404.0,9144699
2026-04-24,401.8500061035156,405.25,399.20001220703125,404.75,6266676
2026-04-27,410.20001220703125,414.3999938964844,402.6000061035156,403.8999938964844,13001752
2026-04-28,406.8500061035156,414.20001220703125,405.95001220703125,414.0,7726655
2026-04-29,401.29998779296875,410.0,399.6499938964844,409.5,11920835
2026-04-30,399.1499938964844,400.29998779296875,393.1499938964844,400.0,7706357
2026-05-01,399.1499938964844,399.1499938964844,399.1499938964844,399.1499938964844,0
2026-05-04,400.04998779296875,404.79998779296875,397.25,400.0,6333200
2026-05-05,398.6499938964844,400.5,394.54998779296875,398.29998779296875,6791514
2026-05-06,394.8500061035156,403.0,391.6499938964844,400.0,11120409
2026-05-07,400.3500061035156,403.5,393.1499938964844,396.75,9700378
2026-05-08,402.1499938964844,405.1000061035156,397.1499938964844,398.0,4740939
2026-05-11,392.95001220703125,405.0,391.0,401.8999938964844,10088836
2026-05-12,392.70001220703125,399.8500061035156,391.25,392.20001220703125,10247516
2026-05-13,390.45001220703125,394.04998779296875,385.79998779296875,392.0,12322076
2026-05-14,396.29998779296875,398.54998779296875,391.20001220703125,393.70001220703125,7363948
2026-05-15,395.25,398.0,392.5,396.0,7107857
2026-05-18,388.29998779296875,393.8500061035156,384.8999938964844,393.0,7632596
2026-05-19,389.3999938964844,392.75,386.04998779296875,386.70001220703125,6693518
2026-05-20,392.45001220703125,393.3500061035156,384.0,386.1000061035156,5386249
2026-05-21,388.79998779296875,395.54998779296875,387.8500061035156,393.5,10596954
2026-05-22,388.6499938964844,391.5,387.45001220703125,389.95001220703125,11755213
2026-05-25,390.04998779296875,392.79998779296875,386.45001220703125,391.95001220703125,10489850
2026-05-26,389.70001220703125,392.25,389.0,390.75,9062218
2026-05-27,398.1499938964844,403.1000061035156,390.3500061035156,390.3500061035156,14418621
2026-05-28,398.1499938964844,398.1499938964844,398.1499938964844,398.1499938964844,0
2026-05-29,386.8999938964844,401.6499938964844,385.1000061035156,400.0,17003143
2026-06-01,378.70001220703125,389.0,376.5,386.8999938964844,18408900
2026-06-02,367.3999938964844,377.5,363.04998779296875,375.95001220703125,17496468
2026-06-03,366.79998779296875,371.5,363.70001220703125,368.04998779296875,10825715
2026-06-04,366.3999938964844,368.79998779296875,364.3500061035156,366.79998779296875,14363519
2026-06-05,361.6499938964844,368.5,358.6499938964844,365.95001220703125,10277061
2026-06-08,362.3999938964844,365.3500061035156,355.1499938964844,358.95001220703125,14933986
2026-06-09,355.6499938964844,363.70001220703125,355.0,362.79998779296875,14246656
2026-06-10,351.6499938964844,359.0,351.1000061035156,359.0,14939921
2026-06-11,351.8500061035156,353.3500061035156,348.79998779296875,352.0,15079402
2026-06-12,353.8999938964844,357.0,349.70001220703125,357.0,8740239
2026-06-15,348.1000061035156,358.0,346.95001220703125,357.3999938964844,17190759
2026-06-16,355.54998779296875,356.20001220703125,348.5,349.75,14555184
2026-06-17,355.54998779296875,356.04998779296875,352.04998779296875,355.54998779296875,9299676
2026-06-18,361.95001220703125,363.54998779296875,354.04998779296875,357.0,12260776
2026-06-19,365.79998779296875,368.0,359.95001220703125,361.95001220703125,17465450
2026-06-22,367.04998779296875,368.5,364.04998779296875,365.79998779296875,11946682
2026-06-23,364.6000061035156,369.25,361.8999938964844,367.8500061035156,11696171
2026-06-24,357.04998779296875,364.04998779296875,355.5,362.8500061035156,12770898
2026-06-25,352.04998779296875,359.0,351.45001220703125,356.45001220703125,19767157
2026-06-26,352.04998779296875,352.04998779296875,352.04998779296875,352.04998779296875,0
2026-06-29,356.1000061035156,357.8999938964844,351.54998779296875,352.0,49895302
2026-06-30,356.6499938964844,358.3500061035156,352.8999938964844,354.75,10291360
2026-07-01,357.8999938964844,360.8500061035156,354.25,358.0,6915166
2026-07-02,358.25,359.95001220703125,352.29998779296875,359.95001220703125,6513560
2026-07-03,356.45001220703125,360.1499938964844,355.45001220703125,358.25,6588714
2026-07-06,356.25,359.3999938964844,354.6499938964844,356.0,6204261
2026-07-07,354.20001220703125,357.1499938964844,352.54998779296875,355.79998779296875,8149003
2026-07-08,348.70001220703125,353.0,347.54998779296875,351.95001220703125,9572223
2026-07-09,343.70001220703125,351.0,343.1000061035156,349.0,17821421
2026-07-10,344.54998779296875,348.79998779296875,343.20001220703125,344.5,13016441
2026-07-13,351.75,355.0,343.70001220703125,345.04998779296875,8226337
2026-07-14,348.1499938964844,353.95001220703125,347.5,348.5,8579646
2026-07-15,344.3500061035156,348.45001220703125,343.04998779296875,347.5,11352533
2026-07-16,342.45001220703125,346.04998779296875,342.1000061035156,344.20001220703125,10347549
2026-07-17,341.8500061035156,343.8999938964844,340.25,342.5,7612446
2026-07-20,347.25,349.29998779296875,341.1000061035156,343.0,14463484
2026-07-21,348.54998779296875,349.1499938964844,344.1499938964844,347.20001220703125,8575793
2026-07-22,350.5,350.8500061035156,345.6499938964844,347.3999938964844,7035952
2026-07-23,348.6000061035156,350.70001220703125,347.1000061035156,348.54998779296875,6863144
2026-07-24,347.20001220703125,350.0,345.1000061035156,347.95001220703125,6300466
2026-07-27,350.79998779296875,353.0,347.79998779296875,353.0,12350753
2026-07-28,343.75,350.0,342.1000061035156,349.95001220703125,12409670
2026-07-29,343.5,345.3500061035156,341.1499938964844,343.70001220703125,8471125
2026-07-30,344.8500061035156,347.6499938964844,341.8500061035156,343.5,9943764
2026-07-31,347.25,348.25,343.54998779296875,344.1000061035156,8519119
2026-08-03,350.8999938964844,350.8999938964844,345.29998779296875,347.25,5460220
2026-08-04,343.6499938964844,348.95001220703125,341.6000061035156,348.0,7201524
2026-08-05,349.8999938964844,349.8999938964844,342.75,343.45001220703125,18554536
2026-08-06,345.0,349.25,343.1000061035156,347.5,10079779
2026-08-07,342.5,347.0,342.5,345.0,7012048
2026-08-10,340.45001220703125,343.70001220703125,337.1499938964844,342.5,8818488
2026-08-11,338.45001220703125,340.3999938964844,336.04998779296875,339.6000061035156,10043994
2026-08-12,339.45001220703125,341.3500061035156,335.3500061035156,338.45001220703125,10152704
2026-08-13,344.25,344.25,338.0,338.04998779296875,9672695
2026-08-14,340.0,343.6499938964844,337.5,343.6499938964844,7507624
2026-08-17,337.0,340.29998779296875,335.70001220703125,340.0,7839848
2026-08-18,337.1000061035156,339.29998779296875,333.8999938964844,337.0,9943991
2026-08-19,336.54998779296875,338.8500061035156,333.6000061035156,336.29998779296875,7502595
2026-08-20,337.5,339.54998779296875,334.3999938964844,337.1000061035156,4185077
2026-08-21,340.0,342.8500061035156,337.0,337.0,6534716
2026-08-24,339.5,342.04998779296875,337.45001220703125,340.70001220703125,5401943
2026-08-25,336.8999938964844,339.0,336.5,339.0,619763
