Date,Close,High,Low,Open,Volume
2021-08-04,3424.08837890625,3449.331363607212,3401.88116764855,3412.585360196853,75884
2021-08-05,3516.072509765625,3523.861063454988,3399.004712640057,3450.1295778830568,210048
2021-08-06,3530.651611328125,3568.3563610903966,3499.3776460126137,3523.6220973292457,120053
2021-08-09,3561.166748046875,3592.1212593718674,3486.875920866893,3542.7937477765568,110691
2021-08-10,3595.91552734375,3618.6820701693186,3554.7361997624284,3586.729027607117,166547
2021-08-11,3552.658935546875,3602.6655218108585,3486.875535576674,3579.539352787875,119334
2021-08-12,3731.5166015625,3762.391153822489,3558.211114696924,3569.155188821247,277121
2021-08-13,3689.338623046875,3825.5782607992355,3667.929849155812,3748.0921277239536,288057
2021-08-16,3689.21875,3769.021796535004,3669.0086038917443,3717.8969215841935,114044
2021-08-17,3678.9541015625,3746.494697497721,3658.74356564511,3700.961606291459,156584
2021-08-18,3614.408447265625,3717.7366816514964,3598.7115923592587,3708.9098092381305,100904
2021-08-20,3545.949462890625,3605.621541731532,3487.355487301123,3587.089009248164,157011
2021-08-23,3526.53759765625,3613.889310526486,3455.0028757464597,3586.7292228700094,125872
2021-08-24,3663.3369140625,3682.5887030802955,3530.4922758701687,3546.7882519905666,205106
2021-08-25,3763.66943359375,3792.027762128734,3666.6120556500714,3666.6120556500714,216114
2021-08-26,3785.636962890625,3854.3360088515014,3718.615529783342,3761.0332745439673,253529
2021-08-27,3805.247802734375,3853.8166622427348,3765.6661266432616,3794.8232784511697,249784
2021-08-30,3765.54638671875,3882.2947400368653,3756.8790457599544,3839.1581318142335,163009
2021-08-31,3754.123046875,3804.0898535228516,3680.1918472493317,3765.5464941502055,192573
2021-09-01,3717.33740234375,3791.1890342099027,3699.683266830045,3787.753847813906,124401
2021-09-02,3768.542236328125,3799.816201368918,3714.541511823297,3717.337403283809,129169
2021-09-03,3793.625244140625,3839.957159103808,3741.7815069594267,3790.3901543751294,176060
2021-09-06,3848.744140625,3873.907162715014,3768.901316099614,3810.3205272962364,258567
2021-09-07,3788.832275390625,3892.2002969871664,3773.654579157772,3873.5078438475944,111882
2021-09-08,3763.429443359375,3828.373845213648,3747.6526288694495,3792.826085983182,138138
2021-09-09,3808.44384765625,3840.0376591738022,3749.7702949268614,3780.4053589449363,200165
2021-09-13,3879.138916015625,3913.8878476851055,3797.8985442814856,3832.207887611442,219792
2021-09-14,3860.646484375,3914.2080070749807,3854.335836352782,3905.460705477461,114390
2021-09-15,3887.766845703125,3939.450659848938,3839.277945875023,3886.2889394218637,178264
2021-09-16,3840.196533203125,3922.875034094409,3835.1640848217685,3903.2640094689373,131055
2021-09-17,3827.015869140625,3873.707410038752,3771.8172984612993,3873.707410038752,300913
2021-09-20,3750.209228515625,3846.3480367913817,3746.49476480822,3823.6212760672765,90924
2021-09-21,3729.639404296875,3764.8677161888313,3679.8726902309213,3750.209178048596,99480
2021-09-22,3732.834228515625,3780.843752870268,3701.0411072567636,3754.4824928143375,114862
2021-09-23,3752.92431640625,3778.4469630122044,3724.965406531953,3766.464573066077,96759
2021-09-24,3762.790283203125,3873.507655724394,3738.506048420327,3766.464961175607,254974
2021-09-27,3662.498291015625,3786.356134259086,3633.9402550678974,3766.425655090311,143564
2021-09-28,3657.2255859375,3688.6594709279607,3578.740921749577,3654.6294011170344,73541
2021-09-29,3621.59765625,3667.8496066965545,3537.121801166782,3634.658540223578,647138
2021-09-30,3639.412109375,3713.3035273416745,3618.6824150165917,3651.4342867639825,148890
2021-10-01,3604.503173828125,3634.658859974064,3582.7749472598607,3634.658859974064,56021
2021-10-04,3692.3740234375,3701.680269700607,3589.2057083217983,3621.877618533317,116287
2021-10-05,3756.918701171875,3770.458958749963,3651.5937984439825,3692.373712305512,106387
2021-10-06,3722.7294921875,3802.4123990799853,3696.0086019757573,3786.355915770984,142811
2021-10-07,3788.592529296875,3812.1976834645143,3698.125477559779,3730.5976790471072,188073
2021-10-08,3826.09765625,3879.0198895853687,3779.0468732271115,3806.36688404135,235977
2021-10-11,3790.469482421875,3819.147650338397,3727.0427705580823,3818.3886095521834,86184
2021-10-12,3784.39892578125,3809.961361402172,3732.4350530895067,3786.435776349067,78441
2021-10-13,3789.470947265625,3819.506885447906,3754.4825214903253,3818.388606962501,97935
2021-10-14,3816.55224609375,3912.4113939700837,3763.789539419028,3834.0464625708064,437602
2021-10-18,3778.008544921875,3855.494682574966,3765.3470722537604,3816.072533500887,88730
2021-10-19,3949.396484375,4109.960540475197,3790.3501199489656,3802.41247282059,1105420
2021-10-20,3742.10107421875,3975.7577215042625,3727.761988903061,3954.109454976162,315975
2021-10-21,3630.185546875,3782.4418919620225,3599.1112870612233,3782.4418919620225,318021
2021-10-22,3633.699951171875,3738.8255423080145,3587.5677446140194,3626.6704376218745,147504
2021-10-25,3555.375244140625,3669.2477480204248,3466.46605574235,3669.2477480204248,154946
2021-10-26,3630.1455078125,3694.570755517266,3559.129944706001,3566.758578029101,102115
2021-10-27,3725.32568359375,3765.6664034439664,3599.0713688753367,3650.635439910676,164552
2021-10-28,3539.638427734375,3649.5171978225044,3401.4415048854717,3582.7352542042295,533554
2021-10-29,3534.406005859375,3584.931755632367,3483.6805495655403,3545.1901579848354,161515
2021-11-01,3522.343505859375,3582.7348332325814,3474.893316513206,3582.7348332325814,80040
2021-11-02,3516.632568359375,3577.4233189694714,3498.8586857661567,3552.460000720569,129909
2021-11-03,3522.4638671875,3544.3918021056484,3498.858709313216,3537.162581112853,85117
2021-11-04,3536.44287109375,3554.7760858041793,3524.4206945096716,3524.4206945096716,8606
2021-11-08,3576.743896484375,3629.266713054749,3514.834873150475,3514.834873150475,91560
2021-11-09,3547.0673828125,3626.670321889429,3534.8852853656244,3578.740758164018,49611
2021-11-10,3586.84912109375,3606.7000287195488,3518.7893678719324,3545.190415826657,133754
2021-11-11,3567.35791015625,3590.3241621669968,3555.0958506375364,3577.702864908781,84528
2021-11-12,3555.015625,3605.1821379444377,3535.005187282195,3535.005187282195,98135
2021-11-15,3560.128662109375,3576.3446769490547,3543.2331769793523,3562.764632386148,52209
2021-11-16,3568.037109375,3600.7889828998177,3555.2157150982007,3581.09799548612,94444
2021-11-17,3575.825439453125,3618.5224622426813,3558.2512645222682,3570.7130302108767,56975
2021-11-18,3495.423583984375,3594.7175139603773,3446.9346828308953,3590.72338338931,123300
2021-11-22,3393.1337890625,3525.978810704209,3354.2709752072233,3482.8819842589887,100904
2021-11-23,3387.58203125,3414.98161072586,3310.3353906077105,3386.982911669171,78585
2021-11-24,3322.63720703125,3425.366321646976,3291.922577473872,3395.0507150883554,81572
2021-11-25,3339.6123046875,3362.4588094844053,3300.110587508989,3334.979269262003,73837
2021-11-26,3340.53076171875,3375.0402045648425,3279.780194057302,3335.8977264527293,116337
2021-11-29,3362.6982421875,3395.0109138470725,3239.239824858795,3296.7553038698516,158414
2021-11-30,3383.1884765625,3409.3098561699003,3346.2427691991975,3355.069641640409,96075
2021-12-01,3302.826416015625,3402.9191686564586,3295.197392856709,3383.1084377274055,72456
2021-12-02,3344.245849609375,3361.100769120834,3303.1858739745458,3305.5425671081252,40469
2021-12-03,3321.558837890625,3374.0816560024014,3310.5351933038633,3343.0873581411997,77115
2021-12-06,3278.981689453125,3347.0816197840536,3270.953447517433,3341.489836648376,39760
2021-12-07,3332.54248046875,3356.7471446943796,3286.410274404877,3299.151706386094,64232
2021-12-08,3376.91748046875,3408.5908562787454,3345.123968706271,3346.282422533786,36850
2021-12-09,3374.56103515625,3412.0259027494067,3359.103671486437,3402.9993234754706,52465
2021-12-10,3440.863525390625,3494.864248706719,3383.867204147068,3386.223897204064,135380
2021-12-13,3426.045654296875,3514.8351039697436,3412.0661964969954,3514.8351039697436,106583
2021-12-14,3433.63427734375,3458.7571243947154,3395.1708782761866,3414.1827836148523,152238
2021-12-15,3342.767822265625,3458.837100178918,3325.8325526908657,3433.7540383026444,56435
2021-12-16,3346.20263671875,3377.4368158405996,3332.902259907981,3355.069684609867,55514
2021-12-17,3300.5498046875,3375.1600859093783,3281.6174697181223,3366.572705162627,108030
2021-12-20,3179.88720703125,3291.962554554762,3121.812585100706,3291.962554554762,77115
2021-12-21,3218.43017578125,3258.850851929631,3195.304200634337,3195.304200634337,37798
2021-12-22,3191.949462890625,3249.5447093722864,3179.16824491621,3243.2340610077827,55108
2021-12-23,3190.27197265625,3219.149655142807,3179.7275064272067,3191.9495855902437,81378
2021-12-24,3119.93505859375,3211.280900528344,3105.835856033383,3206.128511222975,93348
2021-12-27,3131.917236328125,3144.139313747693,3049.1189952762884,3123.329856396446,129840
2021-12-28,3164.789306640625,3174.4549855103837,3143.3807279886596,3144.139573784391,78311
2021-12-29,3144.81884765625,3189.5930926726332,3132.397061934311,3175.3339677880485,93844
2021-12-30,3160.31591796875,3176.771814368899,3140.065792451238,3163.351496288553,60421
2021-12-31,3164.309814453125,3207.2866963634992,3153.765349251082,3153.765349251082,102073
2022-01-03,3211.9599609375,3220.0279874283237,3167.3454458152155,3167.3454458152155,79157
2022-01-04,3263.56396484375,3274.7875102568105,3199.6578785355305,3219.1493518750763,121982
2022-01-05,3230.21337890625,3298.433251563824,3219.2694992662864,3277.983223384418,91269
2022-01-06,3203.931884765625,3227.1378228730664,3176.7318160037503,3219.269307473468,42911
2022-01-07,3195.5439453125,3240.278204931331,3175.9327264208514,3205.68899732802,39877
2022-01-10,3263.005126953125,3287.0896574445364,3173.2569306948403,3227.337617248587,106736
2022-01-11,3309.13720703125,3320.7201857885107,3241.5564391681783,3265.6011834263727,110401
2022-01-12,3353.591796875,3367.5712539716956,3309.536614377776,3347.081442008902,119184
2022-01-13,3319.52197265625,3379.034519151952,3281.2980644469685,3375.0403885146566,79394
2022-01-14,3273.58935546875,3329.2275152837665,3267.198746673301,3329.2275152837665,52848
2022-01-17,3254.137939453125,3294.997817401977,3245.8302258315066,3275.187085684902,63285
2022-01-18,3178.569091796875,3279.740536274016,3167.3455458762933,3250.5432077405876,86962
2022-01-19,3192.22900390625,3237.4426414768122,3154.085055690713,3175.3339090420895,92557
2022-01-20,2954.578125,3112.8256560043883,2949.066302830359,3075.480535219579,523089
2022-01-21,2935.0068359375,2995.5179129843136,2923.7035246381265,2951.662438125103,186782
2022-01-24,2802.80126953125,2952.0620124093425,2772.725543247958,2952.0620124093425,241332
2022-01-25,2782.9501953125,2809.4711808177426,2724.955346836586,2807.8735287388017,197396
2022-01-27,2731.625732421875,2775.920599091406,2673.1914882628735,2755.989927608145,182500
2022-01-28,2727.351806640625,2802.2817276449755,2708.100216234195,2763.938078007872,326583
2022-01-31,2808.073486328125,2824.569167507771,2745.9247758952138,2767.093667833965,150517
2022-02-01,2853.007568359375,2863.6719753736875,2808.113578149439,2847.335824736423,87745
2022-02-02,2989.48681640625,3003.586018509373,2846.1373223478986,2866.9867607526967,255051
2022-02-03,2966.321044921875,3062.6993381013735,2891.750548755079,2989.487002356653,217010
2022-02-04,2895.944091796875,2981.1388106667728,2884.7205469673413,2955.6563380865973,118473
2022-02-07,2868.105224609375,2931.69186180215,2840.6656643897963,2895.7446863849577,89772
2022-02-08,2865.98828125,2894.945726778622,2804.678379337677,2890.5921636284643,98169
2022-02-09,2974.509033203125,2999.5920954852345,2859.917269699746,2864.3907740043087,114845
2022-02-10,2963.28564453125,3027.5511706120124,2944.6729558492166,3003.5863856203605,174699
2022-02-11,2933.169677734375,2959.530938894524,2893.348118850274,2932.4905975426163,69983
2022-02-14,2812.187255859375,2913.9977958426257,2799.8854122296952,2875.813870188493,74736
2022-02-15,2943.19482421875,2966.8401549448818,2806.835247055624,2843.022108629196,113018
2022-02-16,2933.209716796875,2980.899794860692,2917.3131541262155,2944.473243731991,49341
2022-02-17,2884.281494140625,2948.626978048183,2863.791681874814,2943.6742950372914,40528
2022-02-18,2877.731201171875,2911.92099911322,2857.401114828335,2866.7473417005613,39396
2022-02-21,2816.46142578125,2877.7313552529627,2806.5160787689983,2875.6943094731223,39843
2022-02-22,2775.561279296875,2816.461136825903,2702.109258022359,2795.971325263951,85029
2022-02-23,2806.475830078125,2830.800046114822,2765.176559209247,2775.561298635993,49314
2022-02-24,2659.771240234375,2747.9615563583097,2640.918867825748,2747.9615563583097,111434
2022-02-25,2723.437744140625,2790.219486201533,2696.4773644297397,2704.0262317436086,80980
2022-02-28,2707.6611328125,2738.295997711223,2676.067520542407,2723.4379487918172,71307
2022-03-02,2692.083984375,2735.1806142182636,2676.1474424065673,2707.7808395040615,63625
2022-03-03,2700.4716796875,2745.605355479472,2686.2525357425466,2723.9970699225587,61376
2022-03-04,2672.951904296875,2719.004147731012,2658.013701250803,2687.25081247657,48268
2022-03-07,2677.58544921875,2702.3890416176714,2614.038981327359,2668.079495493679,79976
2022-03-08,2737.9765625,2754.3125178648033,2668.8781022064186,2696.837016776076,71432
2022-03-09,2732.82421875,2771.127893347005,2724.196857390206,2755.91021629966,57674
2022-03-10,2772.56591796875,2804.6786910917017,2724.796073857532,2763.8188103867924,97853
2022-03-11,2770.768310546875,2805.477265616592,2746.364134165673,2772.72539548838,131900
2022-03-14,2814.823486328125,2827.045564649252,2763.938302821817,2771.9265638126317,74228
2022-03-15,2761.062744140625,2833.4364744154545,2749.5597251023382,2831.838822047586,54540
2022-03-16,2822.492431640625,2831.399265066562,2764.61751696329,2782.311437904861,83723
2022-03-17,2838.66845703125,2853.646446038859,2797.488933581151,2851.809107048746,114134
2022-03-21,2832.078125,2871.779741954526,2823.850177415646,2853.4067422146218,49645
2022-03-22,2873.6171875,2883.9219662476467,2826.6861538152725,2835.0338476101833,129177
2022-03-23,2843.50146484375,2925.5808466555072,2836.6714626805106,2882.9633961910604,118421
2022-03-24,2898.22119140625,2905.3306660292806,2843.8210533583283,2843.8210533583283,80582
2022-03-25,2860.516357421875,2913.4785678557914,2844.659776053401,2907.7270588325127,91414
2022-03-28,2796.9697265625,2874.8950533459197,2786.305320562032,2860.5161841457716,109741
2022-03-29,2781.792236328125,2830.9998086466135,2776.000746917869,2819.816242888878,92908
2022-03-30,2837.23046875,2845.8178489257057,2787.902959368621,2837.7098423980715,99049
2022-03-31,2865.98828125,2877.4515135592765,2837.2305422422655,2843.02203134799,73869
2022-04-01,2865.82861328125,2926.858849294301,2855.8033067237943,2859.7974372227086,103160
2022-04-04,2930.773193359375,2959.33122622355,2870.5815691583693,2890.9516345579905,106382
2022-04-05,2936.924072265625,2971.6330265408756,2919.3898787620487,2955.6565048928064,57256
2022-04-06,2943.71435546875,2962.8462028366966,2904.0925002514005,2931.6919828553996,48463
2022-04-07,2963.3251953125,2995.5976897463443,2937.6028404624985,2946.7893400443872,124440
2022-04-08,2955.816162109375,2982.6967761703427,2947.66817526423,2963.6446965393748,69148
2022-04-11,2949.345947265625,2969.276619627395,2935.6859428274133,2957.254247713492,45065
2022-04-12,2878.56982421875,2957.25419432713,2871.7798024327476,2954.8577160497175,80560
2022-04-13,2850.331298828125,2901.496150043136,2843.0221179513683,2895.744641071568,38516
2022-04-18,2865.509033203125,2888.19581198594,2795.9313952915845,2795.9313952915845,67614
2022-04-19,2848.0947265625,2915.5555520082785,2803.879623716607,2884.5610601825265,78505
2022-04-20,2810.669677734375,2863.072748741576,2803.9994016824944,2851.0103964285877,31572
2022-04-21,2822.212646484375,2840.5856468852467,2812.0276136534567,2812.0276136534567,26777
2022-04-22,2784.428466796875,2831.758919160087,2779.9151767759863,2823.770657157857,42995
2022-04-25,2782.670654296875,2796.969758066955,2724.7957441195676,2779.914743340984,110774
2022-04-26,2832.637451171875,2843.3416432815625,2803.8397302392405,2803.8397302392405,59907
2022-04-27,2799.0869140625,2843.8211798123575,2787.9433279389254,2826.406730211693,72240
2022-04-28,2817.260009765625,2833.595964862579,2785.2669847560164,2803.8796722981056,52029
2022-04-29,2844.819580078125,2863.6719549196146,2818.2985913378266,2819.8562632996227,41186
2022-05-02,2798.727294921875,2841.4644923905976,2785.9060966760767,2827.8444680238886,47471
2022-05-04,2740.97216796875,2830.9200685257906,2715.210025187842,2796.7302710392787,66527
2022-05-05,2787.26416015625,2818.258653743418,2740.3331239013105,2778.5970134549293,143921
2022-05-06,2809.55126953125,2831.7584784203386,2739.9734403106695,2755.949961828516,147407
2022-05-09,2846.976318359375,2914.916519037379,2761.3421970902878,2809.471470938466,201931
2022-05-10,2852.84765625,2894.9057719080347,2835.8326215157254,2863.791534685599,120733
2022-05-11,2823.810302734375,2879.768110431859,2783.9089777683853,2879.768110431859,139456
2022-05-12,2795.971435546875,2832.278044408906,2772.0464367621616,2796.330868302754,125825
2022-05-13,2728.90380859375,2867.684579255097,2719.865786509989,2867.4311343663085,259290
2022-05-16,2662.38525390625,2770.461863152971,2619.3489110744704,2770.461863152971,151483
2022-05-17,2759.5654296875,2770.5462532522192,2648.74362080149,2697.0592032421755,81976
2022-05-18,2722.822265625,2817.933186366426,2715.642495419381,2759.6503458737548,88759
2022-05-19,2610.98681640625,2683.966984900103,2601.610798896087,2677.631893669025,79353
2022-05-20,2717.7119140625,2728.016954748124,2627.795892075645,2640.466074776106,64394
2022-05-23,2723.11767578125,2766.3229114365968,2706.8153346316053,2723.2442951058283,46212
2022-05-24,2682.15087890625,2735.8723262298545,2661.7094872074153,2735.8723262298545,37132
2022-05-25,2604.102294921875,2686.0361331638505,2589.785031442228,2661.5827247470515,80312
2022-05-26,2615.674560546875,2637.7630352117003,2548.902865438301,2634.510939297515,57140
2022-05-27,2678.771728515625,2693.63794907529,2629.484646627944,2660.73775678703,45155
2022-05-30,2775.65673828125,2787.397690801325,2690.7242459524055,2690.7242459524055,43495
2022-05-31,2782.24560546875,2795.0424079854074,2758.6789410345305,2791.6636924725813,105704
2022-06-01,2774.220947265625,2838.036266733381,2762.1419989725623,2793.7329041509597,98099
2022-06-02,2802.644287109375,2820.3825420910803,2765.39386915963,2787.228898851465,42896
2022-06-03,2773.671875,2867.1777816586537,2760.1992887007355,2838.0786367667906,59291
2022-06-06,2777.51513671875,2793.352864632831,2721.555164755664,2784.9060764119877,44612
2022-06-07,2770.630859375,2793.3526353357465,2730.2128985678764,2762.099521484092,45245
2022-06-08,2737.477294921875,2795.6755801263503,2724.0890538280773,2795.6755801263503,52567
2022-06-09,2710.109619140625,2742.629752514937,2698.368666462478,2733.2960106530336,61587
2022-06-10,2683.164306640625,2698.7485882299866,2644.689148590951,2694.736364194277,84560
2022-06-13,2598.105224609375,2653.600577431119,2589.362717028654,2626.950921532903,68591
2022-06-14,2584.843505859375,2702.971907492149,2574.8764619268104,2603.7221577639216,76300
2022-06-15,2605.073974609375,2630.878747022983,2597.387315026336,2609.972946682527,57478
2022-06-16,2555.322265625,2647.9834887811357,2550.9299771071755,2635.355581959737,62985
2022-06-17,2526.9833984375,2555.1112453790506,2491.8026068325917,2555.1112453790506,77717
2022-06-20,2524.829345703125,2561.910660510184,2498.052864228892,2561.910660510184,61270
2022-06-21,2620.278076171875,2635.397743558618,2538.386305029526,2543.3277582868586,56267
2022-06-22,2564.107177734375,2623.825930677241,2557.983256123973,2597.3874416530784,62663
2022-06-23,2617.279296875,2634.5529355062354,2568.7946144707366,2570.0616325545,47978
2022-06-24,2636.5380859375,2658.795247159173,2617.4482637924766,2652.291262059984,73362
2022-06-27,2666.735595703125,2703.22567962799,2658.415426804909,2669.185081802689,88214
2022-06-28,2647.68798828125,2662.3853169935596,2627.8380363725637,2651.446767717749,111940
2022-06-29,2648.7861328125,2669.1004932472383,2625.261745430436,2626.951103052978,77347
2022-06-30,2617.068115234375,2662.553940501391,2604.1444895949667,2648.067782964716,61852
2022-07-01,2583.9990234375,2638.691974783033,2571.4133920253007,2610.268616147224,61691
2022-07-04,2573.65185546875,2597.5985828881844,2552.239370770397,2597.387413179796,28635
2022-07-05,2577.4951171875,2602.920031892739,2567.4857970070457,2587.16664833164,58897
2022-07-06,2614.28076171875,2627.415557678412,2570.188571698947,2577.959575045436,46283
2022-07-07,2647.85693359375,2684.3892925946047,2618.8421336101073,2626.951132778232,50719
2022-07-08,2706.39306640625,2719.8656516041215,2648.110231014733,2648.110231014733,84113
2022-07-11,2713.3193359375,2744.1078353720477,2672.6058611127223,2687.8100787317976,53375
2022-07-12,2669.860595703125,2744.3612191335865,2663.567780350545,2702.803066477582,70484
2022-07-13,2703.605712890625,2717.2894684281805,2657.4018230263373,2669.1850512331093,47687
2022-07-14,2678.814208984375,2714.797607615796,2660.7381655226377,2710.2784936401586,42210
2022-07-15,2634.59521484375,2700.1000911217825,2626.1484276053293,2678.8140223046485,41657
2022-07-18,2708.251220703125,2714.3328664108003,2643.929016889048,2651.1508551679394,69415
2022-07-19,2733.380615234375,2760.579231533725,2702.9721782292954,2715.642360314745,88982
2022-07-20,2752.639404296875,2767.1678388857695,2731.4378832384905,2766.323160058271,117834
2022-07-21,2701.367431640625,2768.6460175368097,2678.983442787074,2766.3231507689884,133142
2022-07-22,2731.18408203125,2740.6446486413274,2692.5823058946958,2715.557525761191,94180
2022-07-25,2727.00341796875,2748.036045265997,2714.037721230216,2731.987146963392,60053
2022-07-26,2611.53564453125,2739.6733755117634,2601.610668765667,2724.0890931069075,83574
2022-07-27,2576.650390625,2618.5042661883176,2562.9243601974,2617.659587392773,145075
2022-07-28,2620.700439453125,2625.81058104537,2589.8273891047224,2599.118855593027,139828
2022-07-29,2655.712646484375,2698.7489937318824,2634.3422297969664,2637.9321149998964,83924
2022-08-01,2669.818359375,2694.525212815392,2649.5037941910427,2677.6316378134147,90086
2022-08-02,2784.3994140625,2829.1673952896526,2661.329740876471,2669.185295807586,451603
2022-08-03,2809.063720703125,2823.6344290743086,2749.5138690991575,2784.3989363390647,210211
2022-08-04,2804.122314453125,2840.654670835412,2730.04402842029,2811.0909142254686,125559
2022-08-05,2843.06201171875,2892.9824013835832,2783.216440665746,2795.8866217309924,194240
2022-08-08,2848.636962890625,2871.90790495278,2823.0431541406406,2850.7063846957003,68196
2022-08-10,2819.2001953125,2861.56075689736,2808.7260539031677,2854.127541817929,39199
2022-08-11,2878.91845703125,2888.336542056527,2825.450254029309,2836.599971635213,99926
2022-08-12,2853.0712890625,2882.0438105829544,2834.741801968463,2882.0438105829544,48279
2022-08-16,2822.7900390625,2871.8234803159903,2816.9616313856186,2871.8234803159903,51581
2022-08-17,2847.665771484375,2862.6165454822617,2816.032590648697,2837.529625557616,55222
2022-08-18,2827.731201171875,2854.9298175153285,2809.4439874870536,2850.7909738488684,62023
2022-08-19,2819.62255859375,2850.7911257470823,2808.6417335167985,2830.5188332973253,52683
2022-08-22,2777.55712890625,2816.9190342726533,2763.7888242650074,2816.9190342726533,53666
2022-08-23,2744.48779296875,2776.670134833946,2741.827137476915,2758.7207119530517,57951
2022-08-24,2739.039794921875,2758.9742962997007,2703.8167316024374,2745.2059911614874,28565
2022-08-25,2721.385986328125,2755.3420301893843,2716.486808427057,2753.4837782187433,40800
2022-08-26,2727.678955078125,2752.808148827006,2718.1763187865313,2725.6938774534965,53770
2022-08-29,2664.243896484375,2711.3347456284296,2652.291772418498,2693.723314120269,170257
2022-08-30,2677.505126953125,2689.710694142414,2667.917940262973,2675.6045996884136,109110
2022-09-01,2621.925048828125,2684.937958251209,2616.1389170488965,2676.7868910081484,111906
2022-09-02,2658.79541015625,2669.1850006115733,2632.356922545351,2648.997259835618,42039
2022-09-05,2638.396484375,2681.010488225748,2631.1744394528055,2659.0488396139426,61418
2022-09-06,2611.577880859375,2655.7123469050116,2599.203213058834,2655.670071722131,102043
2022-09-07,2597.091552734375,2620.0247055581553,2588.306975828358,2610.057454616832,160666
2022-09-08,2652.291259765625,2675.942264629777,2611.7466799985073,2611.7466799985073,100885
2022-09-09,2679.278564453125,2694.5250562505953,2625.979462151058,2675.9421248281774,103349
2022-09-12,2710.15185546875,2719.86566140233,2686.0785103290086,2694.525298097339,84569
2022-09-13,2707.15283203125,2735.660736826346,2696.805518438956,2735.660736826346,51166
2022-09-14,2652.4599609375,2681.8548203702007,2639.6208861911423,2669.1846401164835,92285
2022-09-15,2626.697509765625,2666.3974116524487,2615.716685839482,2666.3974116524487,60425
2022-09-16,2564.8671875,2631.2167487763973,2555.153381257204,2631.174473592129,164868
2022-09-19,2533.487548828125,2582.9856048773336,2527.5325217912205,2574.496541332846,104666
2022-09-20,2549.83203125,2575.4258419301236,2542.4833664183907,2557.6875858853446,88726
2022-09-21,2545.017333984375,2568.2460019845644,2534.0787842974605,2555.4912690672018,62697
2022-09-22,2542.56787109375,2559.3768976030406,2525.969808075062,2542.4833207211723,48473
2022-09-23,2528.715087890625,2572.8918339661045,2523.140331089665,2542.5679450690545,64776
2022-09-26,2496.40576171875,2528.7147237933336,2467.433239450926,2528.7147237933336,65619
2022-09-27,2531.586669921875,2550.92973008903,2502.149534091466,2525.589368531854,71022
2022-09-28,2491.7177734375,2528.12351021577,2483.4400866262768,2525.5049235907345,87997
2022-09-29,2491.7177734375,2521.366080185123,2473.0927718918483,2521.366080185123,86801
2022-09-30,2519.25439453125,2525.589485213223,2471.149980530215,2482.0885291970085,50552
2022-10-03,2467.9404296875,2531.460237955694,2457.9309028280477,2521.3663669435055,66371
2022-10-04,2529.98193359375,2550.8454589824446,2494.336529011792,2525.4207505022796,106794
2022-10-06,2566.598876953125,2580.49380233701,2532.389384647184,2550.0853647317294,91589
2022-10-07,2507.006591796875,2571.877962640012,2497.2927859324327,2566.5987203223804,135898
2022-10-10,2504.55712890625,2520.479200150561,2471.3189364802943,2485.044966632496,83613
2022-10-11,2457.297119140625,2519.4232828533977,2452.9471060378432,2517.1004162757104,105554
2022-10-12,2464.30810546875,2489.2684050669986,2450.413180556282,2450.413180556282,99300
2022-10-13,2474.866455078125,2479.1321239972253,2453.9606560767857,2479.1321239972253,52621
2022-10-14,2489.52197265625,2521.366323504671,2485.256303293674,2512.8772599653703,77922
2022-10-17,2483.56689453125,2497.2929253232346,2475.1201063515673,2497.2929253232346,58493
2022-10-18,2491.126953125,2516.087255688633,2483.567118267227,2496.026131954649,98240
2022-10-19,2496.4482421875,2514.8622816314432,2487.7902843182997,2502.867883681122,84685
2022-10-20,2466.50439453125,2480.7371087137267,2438.249929647884,2445.3451491468813,127944
2022-10-21,2463.75927734375,2478.8789460645044,2459.9159473845493,2478.8789460645044,62441
2022-10-24,2479.63916015625,2491.8024523507474,2470.7277575995236,2490.9577735533403,10019
2022-10-25,2462.23876953125,2477.020648936669,2459.9159027675414,2477.020648936669,91366
2022-10-27,2453.66552734375,2467.6870730211353,2435.4203810454396,2466.8846693291275,102897
2022-10-28,2443.5712890625,2469.798607808968,2437.320748248971,2457.550764852943,43795
2022-10-31,2460.422607421875,2469.79841792132,2443.529032229649,2449.5684028727096,64732
2022-11-01,2467.602294921875,2470.6852898039,2457.5927694647685,2459.7890166549737,126806
2022-11-02,2517.311767578125,2533.191770571707,2470.0520290411187,2474.824381865967,184041
2022-11-03,2513.215087890625,2528.6304756092445,2507.8512951551625,2508.6959739342647,56876
2022-11-04,2540.03369140625,2554.308680578728,2500.460407302639,2514.6087771438074,112898
2022-11-07,2553.083984375,2558.532121468147,2523.266781068248,2552.3236497119756,56218
2022-11-09,2557.391845703125,2571.962555911141,2546.073231565937,2560.2216023476335,58542
2022-11-10,2564.8671875,2576.185800981702,2543.3278780051046,2543.3278780051046,55235
2022-11-11,2601.31494140625,2619.05319591627,2589.236199740038,2589.236199740038,82452
2022-11-14,2620.193359375,2632.736920711227,2602.6240009565186,2614.322883582438,49664
2022-11-15,2619.010986328125,2633.919483615744,2591.136587880496,2631.047658385056,50639
2022-11-16,2603.215576171875,2636.7915593094644,2599.287902142059,2618.504345321434,49164
2022-11-17,2607.396728515625,2612.4648011061836,2592.530299761827,2593.1638088356467,17143
2022-11-18,2597.4716796875,2616.814740373829,2589.1515115980887,2616.814740373829,38611
2022-11-21,2588.3916015625,2603.04665522707,2572.258153755647,2591.4745967399476,50953
2022-11-22,2605.74951171875,2612.591492392616,2573.947437825218,2587.0399590447737,27919
2022-11-23,2581.085205078125,2618.5045206004693,2579.015783072059,2608.114929161743,63300
2022-11-24,2572.6806640625,2594.008805494849,2564.656214810725,2594.008805494849,55421
2022-11-25,2575.721435546875,2589.4051911511538,2567.1900969989283,2584.548287948803,81318
2022-11-28,2612.67578125,2651.4464512668305,2576.312321806803,2588.94022718472,133579
2022-11-29,2614.027099609375,2643.8442985980237,2605.833757563867,2618.5039379085856,70957
2022-11-30,2625.135009765625,2650.6019923087283,2613.0137868728652,2630.9209356341844,73155
2022-12-01,2637.087158203125,2660.738164106292,2623.6145728702236,2638.7765157676367,201602
2022-12-02,2718.85205078125,2783.216531448047,2639.663416540505,2642.9575812367593,539699
2022-12-05,2682.699951171875,2736.7593960317613,2669.185089956903,2734.689974152302,113358
2022-12-06,2646.251953125,2675.942329245737,2635.6089181909756,2673.4505681314604,89589
2022-12-07,2625.979736328125,2659.5134430157373,2614.4920223066865,2648.068004177841,64361
2022-12-08,2616.814697265625,2637.129261901969,2612.5913036289794,2637.129261901969,29490
2022-12-09,2573.69384765625,2633.7505886064155,2556.8425480238584,2630.9208323369953,101440
2022-12-12,2565.416259765625,2583.7459555938804,2554.5199852035735,2576.270465361957,38694
2022-12-13,2613.858642578125,2621.1229630130274,2567.8236462877685,2586.3643053844803,48387
2022-12-14,2613.647216796875,2639.5788131243116,2597.387150892911,2621.798284229404,42703
2022-12-15,2569.7666015625,2620.109339150617,2563.8115742058526,2620.109339150617,45147
2022-12-16,2549.958740234375,2576.2704030097348,2546.706644286672,2559.376826596556,64718
2022-12-19,2533.782958984375,2566.9366019349927,2525.8007855562705,2566.9366019349927,62592
2022-12-20,2551.732421875,2564.40260408483,2524.111465901653,2533.1917631520314,46391
2022-12-21,2554.646484375,2579.0578254668367,2548.6071134333692,2556.8427317467263,90372
2022-12-22,2540.455810546875,2566.7251951078397,2532.5579819962936,2556.8424952898463,54368
2022-12-23,2522.9287109375,2557.6448825094385,2515.6643914757215,2528.9680812820648,76114
2022-12-26,2537.161865234375,2540.794025597499,2514.820150502046,2523.0980446220806,29909
2022-12-27,2547.93115234375,2555.1531968383974,2528.1657522514065,2546.6641342296152,33573
2022-12-28,2536.528076171875,2544.7636941957535,2524.956018243942,2538.301984080564,24164
2022-12-29,2529.644287109375,2536.570612506166,2521.5775627652456,2525.5897873438016,35704
2022-12-30,2553.759521484375,2566.978661124086,2538.006139433625,2542.482977947844,35457
2023-01-02,2554.30859375,2560.432514816365,2541.638412233383,2542.567641366096,19052
2023-01-03,2533.65625,2564.064685770437,2529.812920346045,2546.7064957740654,92085
2023-01-04,2546.19970703125,2557.3496322323854,2522.4220811612104,2543.327881582722,53699
2023-01-05,2539.822509765625,2558.9544019279547,2527.0255023267587,2558.9544019279547,26234
2023-01-06,2530.910888671875,2545.9039359441254,2520.732468857058,2528.20795801335,67998
2023-01-09,2539.7802734375,2563.7267938394434,2528.3348343797215,2550.8877172408556,82557
2023-01-10,2550.84521484375,2556.7158969949564,2529.8127969499196,2539.948941712323,177423
2023-01-11,2575.088134765625,2587.082533704685,2544.2573554216224,2552.4084241846726,61076
2023-01-12,2580.029052734375,2584.6747860143046,2556.4203221286307,2580.4513921234593,32402
2023-01-13,2604.651611328125,2626.951048998664,2572.0892025795742,2586.4064668919323,84766
2023-01-16,2613.689453125,2660.7380174594905,2594.8108008939153,2610.015018136541,94826
2023-01-17,2644.266845703125,2647.983349741429,2599.6254909596037,2620.1935011567143,41330
2023-01-18,2630.878662109375,2660.61151994359,2620.8270671825103,2650.6019939791213,49938
2023-01-19,2614.660888671875,2659.3865888350365,2607.6079445901337,2635.3977939678502,93054
2023-01-20,2570.061767578125,2626.950965016071,2560.60140663308,2615.167737462089,82127
2023-01-23,2613.647216796875,2622.600894016567,2569.512752200402,2584.7169696690435,51064
2023-01-24,2635.27099609375,2697.903840907821,2615.251945384965,2627.37316754658,156333
2023-01-25,2604.567138671875,2633.243943335984,2591.9392315705245,2629.062824425559,55872
2023-01-27,2577.579833984375,2639.4525608996237,2561.530935535369,2606.89014938137,43453
2023-01-30,2580.19775390625,2601.5681666366777,2550.5073795665326,2563.726518966178,40027
2023-01-31,2573.65185546875,2591.474661344915,2545.69310981035,2591.474661344915,53244
2023-02-01,2555.74462890625,2607.101141692501,2544.3837401792443,2575.4256863827754,39909
2023-02-02,2628.682861328125,2643.8448054700425,2554.2242968284004,2557.6030122347515,77350
2023-02-03,2638.52294921875,2676.7869375345604,2606.8474963448,2641.8593890107268,55908
2023-02-06,2639.030029296875,2656.261394414983,2620.2782010870724,2638.523139526173,38093
2023-02-07,2678.814208984375,2685.2338502211,2643.844589868526,2643.844589868526,87963
2023-02-08,2677.2939453125,2697.312791167402,2674.041849519229,2686.078522142035,62686
2023-02-09,2695.28564453125,2711.0813039120694,2670.325549633124,2681.010654536223,103972
2023-02-10,2683.20703125,2713.1085813205914,2671.2969764714726,2691.3581000101913,49742
2023-02-13,2637.97412109375,2683.5445003065583,2620.700481182254,2683.5445003065583,63299
2023-02-14,2656.261474609375,2675.9425325861785,2633.4551462066515,2648.7861906985104,25373
2023-02-15,2673.450439453125,2681.559231479822,2643.5066198998984,2653.2624941960494,23904
2023-02-16,2721.1328125,2732.493701359324,2677.6318533679964,2679.110041299666,74927
2023-02-17,2729.706298828125,2735.0700919660726,2692.4560856067937,2719.8658728013443,78707
2023-02-20,2736.041259765625,2771.433425311444,2724.1314123863826,2740.01141511245,163396
2023-02-21,2703.47900390625,2757.200450942671,2698.7487202183306,2745.163778246862,44319
2023-02-22,2673.28173828125,2704.6614726920598,2654.234190413432,2673.534976940717,121696
2023-02-23,2663.4833984375,2687.894533015806,2657.232857870581,2678.307552467621,56707
2023-02-24,2658.964111328125,2682.0661572525023,2651.531103425511,2664.032183745577,34721
2023-02-27,2668.720458984375,2681.8552558911692,2643.8447089572787,2643.8447089572787,109019
2023-02-28,2676.87158203125,2694.440735533516,2658.246373842319,2676.1535225860307,67186
2023-03-01,2671.5078125,2692.835951703423,2654.149622320064,2676.87160524328,26858
2023-03-02,2658.583984375,2669.142468328753,2638.776309721838,2668.3823399722382,36718
2023-03-03,2663.441162109375,2689.879649904568,2655.6278831765385,2665.4262397858815,95563
2023-03-06,2733.802978515625,2745.121592122658,2669.3116686492212,2685.2339467638412,98909
2023-03-08,2733.54931640625,2752.5545881901735,2715.684443417521,2715.684443417521,72077
2023-03-09,2725.86279296875,2752.8079617787653,2715.7266482797827,2744.1077296766566,47498
2023-03-10,2738.61767578125,2743.5168542650927,2688.401560317803,2719.8235717149328,58113
2023-03-13,2688.5703125,2765.478357548225,2677.927483481754,2743.094369620605,51761
2023-03-14,2672.732666015625,2727.467894488843,2660.9071626019227,2670.1142854205536,60663
2023-03-15,2703.098876953125,2708.040330599748,2666.1021091533303,2677.589617515951,50536
2023-03-16,2707.533203125,2737.857294210304,2698.0728422979287,2707.1954141106185,54494
2023-03-17,2734.90087890625,2759.2276679805445,2702.929705953729,2713.1081260642695,119929
2023-03-20,2727.172119140625,2751.9635243543257,2693.047178183757,2732.5359119970058,59504
2023-03-21,2687.683349609375,2727.045463567963,2682.9109969514457,2727.045463567963,69046
2023-03-22,2712.854736328125,2725.3560232390073,2691.1465334075556,2701.1137840346264,32319
2023-03-23,2690.217529296875,2709.053908492796,2688.8238917123726,2694.567749013519,25051
2023-03-24,2703.943603515625,2721.3863454057205,2690.175503311679,2690.2175722776133,84758
2023-03-27,2719.105712890625,2728.312629679084,2702.338755573006,2702.9722646975442,52315
2023-03-28,2713.615234375,2728.3125632181022,2703.183368556883,2728.3125632181022,41047
2023-03-29,2730.761962890625,2736.674714388553,2705.7173193911353,2716.444698721866,36645
2023-03-31,2756.820556640625,2807.543562090383,2735.1546269410233,2745.2062226218404,102810
2023-04-03,2766.28076171875,2812.738095162911,2758.340863581911,2812.738095162911,72954
2023-04-05,2758.6787109375,2767.3366687169705,2746.26197370761,2754.7510369696124,56625
2023-04-06,2749.04931640625,2762.099562083942,2724.131292833933,2749.6405502977836,41000
2023-04-10,2790.692138671875,2795.591110740469,2742.8832360556794,2762.0574035908608,30292
2023-04-11,2774.0517578125,2790.6920949045702,2753.0193384893914,2790.6920949045702,48645
2023-04-12,2797.998291015625,2808.218986129077,2761.465935970666,2774.0515665500207,32989
2023-04-13,2788.918212890625,2801.7995645213005,2774.9810127656324,2776.6703703565404,44906
2023-04-17,2771.517822265625,2812.7804650290673,2726.496606225125,2766.1965106864964,95981
2023-04-18,2786.848876953125,2795.844623913721,2751.330091265807,2764.253718478534,41355
2023-04-19,2778.86669921875,2803.489004340261,2763.8313749745894,2763.8313749745894,61477
2023-04-20,2784.3994140625,2800.1105239247304,2758.0877490935823,2778.1488727566934,45575
2023-04-21,2795.2109375,2829.336083455516,2770.715253230818,2777.3460640470157,76393
2023-04-24,2886.56298828125,2893.9539272912107,2790.818570161199,2796.9002158738876,138882
2023-04-25,2887.9990234375,2902.316287511615,2866.8397787585627,2897.2482148326076,98058
2023-04-26,2928.712646484375,2935.2589073568975,2872.752674509585,2888.041443680675,96144
2023-04-27,2956.671630859375,2981.547381207427,2910.9744235788635,2956.3759107801297,184059
2023-04-28,3008.619140625,3033.1991689462657,2977.492645656712,2982.4761678804307,180372
2023-05-02,3068.844482421875,3073.743660359038,3033.2413560111554,3061.749263492463,208187
2023-05-03,3080.37451171875,3095.156389867622,3053.724855869132,3070.407261208574,132572
2023-05-04,3119.31396484375,3131.6463566527777,3073.9970339713072,3083.077330217839,143850
2023-05-05,3096.508056640625,3132.406907103805,3082.44423653557,3132.0691180582016,96134
2023-05-08,3131.731201171875,3144.316832802922,3102.7586770896087,3115.133139020669,175952
2023-05-09,3090.949951171875,3158.9781894308235,3072.9649343638343,3086.5437098713696,357783
2023-05-10,3140.723876953125,3147.37824599862,3074.7637336087946,3105.9676968818158,146223
2023-05-11,3192.205810546875,3206.728624379358,3147.4680794580154,3157.224819738127,130052
2023-05-12,3193.64453125,3199.5796749449414,3163.2050203318977,3178.8969044628425,61128
2023-05-15,3179.84130859375,3202.232568983999,3156.3707714501084,3192.5656214646006,98438
2023-05-16,3192.02587890625,3205.7844616261,3165.363177459045,3177.952690096666,68414
2023-05-17,3202.097412109375,3205.8292152437375,3147.377911178985,3196.117262351939,66501
2023-05-18,3154.88671875,3220.1721968990178,3148.27713737079,3206.0089964095605,48639
2023-05-19,3192.4306640625,3207.6279162463093,3164.463873639126,3180.1107512667604,78456
2023-05-22,3215.316650390625,3218.9136540476647,3169.8594727660525,3203.131756593668,45194
2023-05-23,3205.604736328125,3250.6572955082574,3184.2475268498188,3221.1168147913163,108752
2023-05-24,3213.11328125,3237.303041156734,3186.135755907027,3187.844244694617,58951
2023-05-25,3206.458984375,3220.2175674577393,3177.5031484534825,3205.8745590903095,54613
2023-05-26,3234.425537109375,3257.940859280564,3192.475352764789,3192.475352764789,108661
2023-05-29,3214.507080078125,3250.7919410131262,3204.9301459946837,3241.7544257331106,30589
2023-05-30,3227.50146484375,3234.605459074289,3203.176684302277,3211.224935878311,24968
2023-05-31,3267.51806640625,3275.0716859369063,3213.248188296005,3227.5014024786847,73757
2023-06-01,3252.185546875,3287.660947268718,3246.295410186015,3282.2654424318434,28380
2023-06-02,3249.48828125,3288.560690721589,3239.281695253775,3247.689779368282,26268
2023-06-05,3263.6513671875,3286.7620716347183,3238.562135105996,3281.9959979093846,58938
2023-06-06,3193.64453125,3273.273241514816,3188.923464074738,3262.482230828504,54025
2023-06-07,3230.87353515625,3249.8475965466146,3204.300628375741,3219.228060902383,38921
2023-06-08,3184.427001953125,3228.2654800073906,3178.8516907041862,3214.9117368801335,47318
2023-06-09,3184.202392578125,3212.933414582706,3164.6886921889272,3164.6886921889272,43799
2023-06-12,3233.526123046875,3240.6751231142125,3168.285432538925,3174.400381986935,45035
2023-06-13,3414.9052734375,3453.1234364713628,3249.263302502999,3260.863551229925,411994
2023-06-14,3493.09521484375,3507.0786106487913,3390.715628666789,3414.905390753535,334785
2023-06-15,3463.82421875,3531.268031671561,3451.5495326157406,3507.0782719211593,117884
2023-06-16,3480.010986328125,3572.678835914192,3455.1017801906496,3516.0710354038297,264914
2023-06-19,3475.02001953125,3506.178972854957,3439.9940242008365,3484.641959466978,101423
2023-06-20,3517.5546875,3544.847040072979,3472.097730239028,3479.8761626896016,92030
2023-06-21,3514.3623046875,3546.6453221093157,3493.6345288632956,3534.9550611591585,59057
2023-06-22,3465.577880859375,3516.92497125721,3455.7309086875284,3516.92497125721,47769
2023-06-23,3429.068603515625,3471.1085844280633,3368.6839914770508,3471.1085844280633,80101
2023-06-26,3441.748046875,3465.038557549851,3406.9468611376296,3426.100949366306,50325
2023-06-27,3421.649658203125,3457.260081490988,3413.016761786772,3444.0859241425287,54750
2023-06-28,3448.85205078125,3462.116001696842,3401.236759030285,3434.8236487750846,77611
2023-06-30,3469.894287109375,3504.245846031783,3439.6795895565433,3462.1158548892345,46432
2023-07-03,3432.575439453125,3496.1974397817457,3416.2541236527222,3496.1974397817457,35091
2023-07-04,3446.783447265625,3458.114095614481,3394.402086078835,3444.040688307627,45135
2023-07-05,3473.716064453125,3497.771024993972,3430.282423485333,3455.5512409627886,43576
2023-07-06,3478.572265625,3503.4814713974015,3448.6271670454403,3473.71617908731,73895
2023-07-07,3422.90869140625,3517.8696785212305,3412.6573185041075,3447.7281051764817,49379
2023-07-10,3374.978515625,3448.6270737901705,3360.7253015703554,3448.6270737901705,29984
2023-07-11,3447.81787109375,3461.936065936597,3375.7877881169406,3375.7877881169406,56127
2023-07-12,3425.47119140625,3462.0706559283735,3391.074847487818,3462.0706559283735,41533
2023-07-13,3456.630126953125,3516.9699445791434,3417.4229230660103,3430.5968597149463,75040
2023-07-14,3616.33740234375,3623.9360283466917,3461.036819773617,3471.1083856886426,256422
2023-07-17,3553.0302734375,3640.347402986309,3543.0485007574903,3634.7720913862377,80778
2023-07-18,3522.095703125,3571.734305330666,3494.7135590956273,3553.030063589155,46590
2023-07-19,3558.42578125,3574.5222843482115,3505.2799658841077,3538.5522487824433,66658
2023-07-20,3532.52734375,3558.4258135008117,3517.8695102153674,3558.4258135008117,20815
2023-07-21,3468.006103515625,3526.9968308500333,3441.4331955026037,3507.0785112255435,32657
2023-07-24,3462.88037109375,3496.287453777264,3412.6571211637647,3444.1309022548667,59290
2023-07-25,3456.89990234375,3491.0714329502725,3436.1721273697467,3453.168099318657,40059
2023-07-26,3415.3095703125,3496.19713677231,3399.168062179927,3496.19713677231,49789
2023-07-27,3407.711181640625,3447.098413768348,3398.4938601966833,3408.160807076915,55924
2023-07-28,3434.1044921875,3480.8205339608467,3408.2060215676183,3433.295034626567,34614
2023-07-31,3494.48876953125,3506.08901756735,3439.6344682081913,3439.6344682081913,76102
2023-08-01,3480.10107421875,3512.4291010123816,3465.7580658965335,3512.4291010123816,28963
2023-08-02,3463.95947265625,3521.511530246323,3428.933694016027,3473.1317879259327,89352
2023-08-03,3432.2158203125,3475.604675576816,3412.926932709948,3453.2134163252395,32590
2023-08-04,3492.060791015625,3557.7061015862228,3436.801871437189,3436.846658343748,80029
2023-08-07,3554.379150390625,3564.63052270404,3471.198443188273,3480.1009391686766,65975
2023-08-08,3552.760498046875,3577.894516781949,3529.6497938359003,3564.6305660128546,37790
2023-08-09,3578.973388671875,3586.2124019476287,3529.1549792305905,3565.394832517079,38219
2023-08-10,3570.969970703125,3587.9657231839255,3539.6759986261654,3587.9657231839255,32249
2023-08-11,3559.594482421875,3591.607900549699,3543.947605424728,3570.970137418468,53114
2023-08-14,3584.054443359375,3591.60806303552,3515.9809751926905,3534.9552568334075,29656
2023-08-16,3686.07421875,3727.2149473439695,3581.8511274627476,3592.50733842423,334662
2023-08-17,3646.1474609375,3695.921084528361,3612.875178668023,3695.741058718995,44321
2023-08-18,3594.35107421875,3667.774826889837,3567.5533518463353,3650.868865024149,56735
2023-08-21,3595.205078125,3636.570619294022,3579.1085749223507,3597.0035799149573,39955
2023-08-22,3557.12158203125,3618.5854662245742,3549.567962613059,3614.988462779023,40271
2023-08-23,3558.920166015625,3582.5255016726737,3549.5680446584915,3559.2349916418543,17865
2023-08-24,3609.862548828125,3633.7824885043833,3553.1647416891506,3570.025694275464,58226
2023-08-25,3564.720703125,3619.484997001285,3557.3916763116936,3597.902974658917,40961
2023-08-28,3598.442626953125,3609.593250722337,3527.986228424616,3595.0254294936294,62216
2023-08-29,3601.050048828125,3623.9359391790185,3589.134974999439,3598.397302714622,35715
2023-08-30,3632.343994140625,3650.5988302632827,3598.9816998632273,3619.439656654695,33692
2023-08-31,3695.29150390625,3719.931329543887,3632.4339545592566,3650.9586106970114,101611
2023-09-01,3719.526123046875,3746.998059363378,3678.8350243299524,3695.920789537058,68916
2023-09-04,3722.98876953125,3751.854811476161,3684.2757545154004,3744.480778400564,59674
2023-09-05,3780.675537109375,3808.32750185127,3705.0484497864295,3721.1001659174867,94411
2023-09-06,3783.05859375,3807.3835944998095,3767.906127985723,3785.8463594093178,41809
2023-09-07,3840.2060546875,3854.9984680514544,3755.990859414474,3785.7561510387163,113060
2023-09-08,3909.717529296875,3923.925515806262,3825.862395122432,3857.7857974086814,98861
2023-09-11,3953.6015625,4072.2131132922527,3909.808304976393,3929.5465997462247,221371
2023-09-12,3856.302734375,3979.1852836212206,3801.358415861651,3979.1852836212206,98548
2023-09-13,3785.396484375,3807.9677687140993,3684.4555756278583,3775.909563463988,170029
2023-09-14,3842.229248046875,3864.980118713352,3794.8385530410296,3805.3599635268083,42072
2023-09-15,3865.83447265625,3955.174689992471,3839.8009858874975,3839.8009858874975,132363
2023-09-18,3825.2783203125,3896.0943248281706,3814.3525102904055,3884.6288764780143,51861
2023-09-20,3795.60302734375,3824.5138542723116,3758.1941042717044,3824.5138542723116,43088
2023-09-21,3825.772705078125,3852.525417702383,3772.5821054426538,3776.85354695409,61231
2023-09-22,3772.626953125,3850.457378423793,3765.3881593449887,3825.7727667093277,32518
2023-09-25,3716.82861328125,3792.5004852551383,3702.4405995360135,3772.672179447417,83454
2023-09-26,3716.109375,3793.8045611302264,3709.63459320276,3715.749323387784,40156
2023-09-27,3746.728759765625,3760.667148287494,3712.2876269884587,3724.697113392348,50810
2023-09-28,3657.523193359375,3775.864478904506,3650.2841797771275,3767.77122088443,53648
2023-09-29,3696.685546875,3727.394876435158,3650.2841139130073,3652.082615662795,30688
2023-10-03,3675.373046875,3739.08505781566,3655.2299155257824,3704.9135253007503,151067
2023-10-04,3634.63720703125,3694.7522153478553,3599.926035724377,3673.4397941507727,63830
2023-10-05,3612.650146484375,3673.3945831165315,3597.902520894522,3652.756820763196,55061
2023-10-06,3688.9072265625,3694.7971443368447,3615.078639675956,3637.4698993227958,35954
2023-10-09,3680.858642578125,3751.4498362365584,3659.2766215870115,3681.5330807340974,73679
2023-10-10,3742.32275390625,3763.365137827165,3653.881337222516,3686.8387959525608,38847
2023-10-11,3742.59228515625,3834.0462785983077,3724.0228416294062,3758.8688144910157,72167
2023-10-12,3686.20947265625,3821.8163330260927,3668.988686158879,3742.6822536599057,65810
2023-10-13,3687.0634765625,3721.100210822608,3662.873715256933,3666.4707188440016,34317
2023-10-16,3692.773681640625,3729.5981802423644,3677.261604200396,3700.417314002477,44509
2023-10-17,3750.32568359375,3763.3648209662733,3704.643915882186,3726.4955359818964,57563
2023-10-18,3715.79443359375,3781.2597182266077,3692.279112262827,3767.860968709044,69555
2023-10-19,3607.2998046875,3660.8502371051027,3569.3514624488894,3660.8502371051027,145790
2023-10-20,3531.17822265625,3623.8908520151276,3504.380503865508,3608.064169045909,62782
2023-10-23,3537.56298828125,3579.0185421268725,3508.1575280875854,3529.5597431778833,110883
2023-10-25,3560.62890625,3583.5147974971756,3518.8137398551144,3541.2500056571835,59838
2023-10-26,3509.41650390625,3552.0409069724524,3479.0217808441826,3552.0409069724524,46324
2023-10-27,3536.34912109375,3556.5372596068037,3504.6055208603325,3556.5372596068037,70373
2023-10-30,3493.859375,3568.9918275033524,3486.9351873566256,3551.1416102950643,39290
2023-10-31,3486.980224609375,3525.55822060985,3479.426604736781,3510.6755740498525,26556
2023-11-01,3521.511474609375,3551.2317602884286,3481.2249910240816,3489.048429820393,55212
2023-11-02,3515.351318359375,3547.4545292426646,3498.0857462455074,3540.4405483684122,67360
2023-11-03,3537.56298828125,3585.628123985707,3525.2432949972363,3525.2432949972363,21661
2023-11-06,3580.45751953125,3597.273467679237,3547.544848330032,3568.1826128545467,28210
2023-11-07,3561.887451171875,3597.0032392033286,3535.899190586093,3596.1039883935277,131536
2023-11-08,3669.168212890625,3677.3962701985697,3534.055775175579,3584.4138218447474,50869
2023-11-09,3651.452880859375,3695.9207890229522,3639.0881823559525,3686.928281020463,44854
2023-11-10,3614.22412109375,3663.5481201508546,3601.5448152907134,3625.824589282877,32003
2023-11-13,3595.429931640625,3636.4806476446743,3585.3583654113313,3628.4323959520384,17715
2023-11-15,3643.27001953125,3655.4549131504873,3607.7946153898533,3619.4398706509332,55792
2023-11-16,3722.629150390625,3732.071284901564,3610.672193074383,3644.124282861546,81374
2023-11-17,3758.86865234375,3825.2784171888707,3722.898617393092,3731.801113225912,110286
2023-11-20,3772.357421875,3817.0951529210743,3754.3724043690404,3758.913445654359,52712
2023-11-21,3735.218505859375,3824.289128695377,3726.9452222392542,3812.8236801289513,63142
2023-11-22,3671.506591796875,3763.364982586627,3638.6839342426547,3722.898692451287,72957
2023-11-23,3682.4775390625,3717.8629311844243,3653.9263222345903,3686.928787226146,31868
2023-11-24,3625.01513671875,3704.9136660975714,3614.538951669706,3686.9286483009814,38581
2023-11-28,3620.2939453125,3641.8759659277957,3559.0100870911165,3641.8759659277957,139291
2023-11-29,3617.461669921875,3636.3909458614007,3588.95545941845,3620.87886735636,79365
2023-11-30,3606.895263671875,3716.6038705449664,3587.111744399678,3632.0742882001255,797448
2023-12-01,3635.941162109375,3668.943625815203,3600.6005582755083,3624.8803322698736,47294
2023-12-04,3643.764892578125,3664.447664673213,3619.530123097184,3664.447664673213,83675
2023-12-05,3625.150146484375,3661.659600788625,3568.2275214000792,3661.659600788625,153560
2023-12-06,3697.045166015625,3734.0944777624118,3631.894483921846,3659.95106735995,192204
2023-12-07,3717.6376953125,3742.68191850487,3671.6861100671426,3709.409638114509,103999
2023-12-08,3715.1201171875,3758.868583578428,3695.921023566349,3722.8985492858114,102079
2023-12-11,3788.499267578125,3815.0271692176707,3700.4174659908613,3700.4174659908613,136966
2023-12-12,3694.841796875,3836.15942228329,3683.5115871894523,3776.0892007497773,143663
2023-12-13,3659.90625,3718.4025664474075,3636.885558098385,3667.594889300061,162177
2023-12-14,3746.279052734375,3794.7485858824352,3695.921004977984,3700.2372334364563,160580
2023-12-15,3921.408203125,3934.177741022016,3757.2949205313375,3783.7780340971394,399090
2023-12-18,3934.492431640625,3954.3659650780087,3891.418399766078,3938.5842868383224,179741
2023-12-19,3933.0537109375,3945.8680358518886,3902.2091426034453,3929.726307079179,56375
2023-12-20,3765.25341796875,3954.500500729796,3747.268400509643,3942.046227409237,190164
2023-12-21,3774.156005859375,3794.838776441878,3704.9136869527338,3713.9061959016485,70907
2023-12-22,3787.779296875,3808.282479257389,3732.790196421879,3794.838503710029,74717
2023-12-26,3739.71484375,3816.375981955884,3731.531572851316,3812.7337524068907,145162
2023-12-27,3771.907958984375,3776.8538390116523,3738.6356751645103,3747.1785588479893,125786
2023-12-28,3774.650390625,3786.7007037983417,3754.3724587283646,3786.7007037983417,50195
2023-12-29,3788.364013671875,3828.5159176033007,3754.5073051241247,3772.267510388749,180409
2024-01-01,3901.71484375,3918.9354106166297,3848.79384062395,3866.7788585707913,363086
2024-01-02,4016.548828125,4053.8229526031937,3902.748805301211,3911.651301164038,339737
2024-01-03,3900.410888671875,4044.830675577325,3890.1595159065155,4044.830675577325,139559
2024-01-04,3900.6806640625,3936.8755114837622,3873.298299508871,3893.756256746976,154455
2024-01-05,4008.54541015625,4106.473738596082,3915.967799837398,3938.628657502395,496114
2024-01-08,3913.225341796875,4038.536050555089,3896.4543992552212,4035.8382976823063,99905
2024-01-09,3910.707275390625,3990.7406036714374,3893.756308493456,3969.29338237647,96627
2024-01-10,3897.48828125,3938.4942109579183,3858.6856919277193,3938.4942109579183,93121
2024-01-11,3891.148681640625,3950.768841050048,3885.8879760251216,3934.0426863875514,94549
2024-01-12,4187.58642578125,4226.479025322784,3938.7635381661435,3943.1249926374007,639005
2024-01-15,4559.69677734375,4591.125774015199,4210.2482057300385,4226.479509915079,1316780
2024-01-16,4417.92919921875,4550.209080665845,4375.304798810212,4541.216572601288,315994
2024-01-17,4573.77001953125,4595.082002018905,4336.68217281423,4377.553301106375,676853
2024-01-18,5886.04638671875,5955.558301175235,5031.128435535196,5031.128435535196,5287747
2024-01-19,6184.23828125,6450.686139919357,5775.079133060821,5846.0299392919815,5015168
2024-01-23,5835.6884765625,6015.988274628728,5765.097283803404,6015.988274628728,493230
2024-01-24,5937.1689453125,6051.418590323966,5809.160498825104,5832.585807864226,438774
2024-01-25,6031.54541015625,6347.81212859124,5980.018509014272,5989.910268953995,809697
2024-01-29,5963.3828125,6077.003260471195,5919.409527848014,6044.9450511815885,200607
2024-01-30,5792.56884765625,6069.043683304814,5765.096911196794,5978.399377790362,221779
2024-01-31,5864.1044921875,5897.196746063062,5757.048420767097,5794.772167542367,151480
2024-02-01,5794.00830078125,5864.105083493671,5738.11994562418,5864.015070586942,103305
2024-02-02,5902.7724609375,6032.1297806486455,5791.400157826101,5835.238635787985,200406
2024-02-05,5949.9833984375,6132.890937706469,5906.054905589686,5922.46623397871,232016
2024-02-06,6326.14013671875,6384.591445848212,5953.041022108316,6023.18259306367,508020
2024-02-07,6316.068359375,6411.658548922461,6160.317936801307,6375.6885149874115,199421
2024-02-08,6504.416015625,6620.284572218662,6295.160612145132,6357.61331847549,390965
2024-02-09,6767.537109375,6825.313976700827,6362.19978724089,6537.5984905460755,416579
2024-02-12,6473.52734375,6833.407737373756,6417.144574548998,6766.8631693298485,253151
2024-02-13,6924.99658203125,6971.982442919681,6473.527391133155,6474.561880968056,467045
2024-02-14,6983.447265625,7057.320634757758,6704.31989102799,6819.333986338138,296784
2024-02-15,7024.76806640625,7310.909880923078,6852.291917913143,7045.630863103605,444322
2024-02-16,7119.8193359375,7187.218369700459,6978.187312519734,7086.097425599936,219218
2024-02-19,7029.7587890625,7218.286643797947,6964.5178758022585,7122.022014995535,176152
2024-02-20,7010.7841796875,7123.864969887366,6924.231288580248,7058.219660268359,126862
2024-02-21,6971.7568359375,7095.088998583371,6931.290548873336,7015.864913202512,111685
2024-02-22,7112.31005859375,7134.836556744906,6864.881265079465,6986.145334897978,227277
2024-02-23,7095.35888671875,7364.370132821907,7080.341660805562,7194.906132579475,372633
2024-02-26,7092.1669921875,7170.62663273251,6981.649145071082,7108.578321012101,132941
2024-02-27,7058.89453125,7207.405724917412,7026.74631258161,7147.425955217885,132516
2024-02-28,6878.68505859375,7102.508523003097,6854.854909401261,7068.0673886730465,162364
2024-02-29,6899.9521484375,6935.92218439964,6818.659954980534,6861.284359778199,184882
2024-03-01,6933.26904296875,7050.12686997528,6865.780440339447,6946.668232295082,81008
2024-03-04,6996.8916015625,7059.119942807935,6925.625963923324,6993.429836682107,122205
2024-03-05,6956.1103515625,7013.257568991987,6862.003396292754,6991.315935475514,74394
2024-03-06,7199.671875,7256.954329543471,6836.599345811254,6915.239007954064,229935
2024-03-07,7465.40087890625,7540.218728748931,7152.731607238087,7269.544210281021,457762
2024-03-11,7287.03466796875,7618.767788365022,7246.20832703374,7618.767788365022,216571
2024-03-12,7437.16455078125,7750.823070347225,7364.864431466225,7486.218508813778,1196903
2024-03-13,7223.8173828125,7568.905359709343,7158.037266354366,7526.730140626388,484645
2024-03-14,7616.83544921875,7642.733700525221,7108.5786448584395,7194.007483727706,411117
2024-03-15,7601.63720703125,7629.199597478569,7324.398339325007,7616.834898010709,503281
2024-03-18,7746.236328125,7821.683825051543,7468.2782440852,7625.64714146207,435341
2024-03-19,7441.07666015625,7774.024318203061,7418.460147914369,7733.558026205474,405472
2024-03-20,7411.44580078125,7527.35959163472,7309.785663422202,7463.782378152148,291971
2024-03-21,7562.88037109375,7598.67038258625,7430.600031966606,7482.711799160237,247898
2024-03-22,7534.7783203125,7596.87141780725,7319.90214736636,7456.677854648627,288085
2024-03-26,7881.3037109375,7922.399648654548,7463.78173482778,7508.744275399033,505302
2024-03-27,7915.43115234375,7992.541916218154,7849.605811512234,7908.911583386439,304430
2024-03-28,7890.11669921875,7997.937229692595,7843.490892926268,7915.4309624535235,243381
2024-04-01,8047.98046875,8113.940165260471,7895.467002464951,7912.507981173322,238495
2024-04-02,7936.96875,8048.295839723462,7868.445653360926,7967.363255860321,205259
2024-04-03,7947.84912109375,8045.597870385891,7884.227119380349,7936.968536381556,148508
2024-04-04,7908.0576171875,8039.258681663808,7825.281743126428,8012.281153245766,150707
2024-04-05,7891.33203125,7932.742362421087,7868.535492455168,7881.934683060798,104436
2024-04-08,7700.375,7970.9599460074305,7684.323722768501,7958.3704334573285,210012
2024-04-09,7545.0751953125,7874.740228032175,7526.774912367878,7727.263078620586,230661
2024-04-10,7491.3447265625,7620.88164074179,7452.586486565056,7576.188696181012,175896
2024-04-12,7377.63427734375,7508.609641679262,7364.864739157403,7473.674096109546,280609
2024-04-15,7245.7587890625,7388.9197055156565,7227.279359020212,7373.857253199669,202507
2024-04-16,7066.6728515625,7267.16100589981,7050.756374835343,7205.697121965244,200925
2024-04-18,6947.5673828125,7184.879597815289,6926.5697873373865,7102.283318205323,324760
2024-04-19,6836.77978515625,6933.943669339944,6767.9870912541155,6889.161150120947,310748
2024-04-22,6779.0029296875,6907.01138349834,6594.206869191276,6888.26191436045,377745
2024-04-23,6606.5712890625,6872.0303199097725,6582.516328436042,6852.291587798176,423409
2024-04-24,6617.40673828125,6743.481878493422,6599.8713473450425,6638.1795199769895,334626
2024-04-25,6423.3935546875,6814.972509677034,6394.572740821191,6430.812374137898,1100513
2024-04-26,6735.9287109375,6766.862853306576,6420.651265462983,6429.643774238141,771387
2024-04-29,6700.90283203125,6825.314280951438,6636.471593336181,6825.314280951438,252212
2024-04-30,6833.09228515625,6887.631760606057,6656.389495675311,6745.235741828553,424873
2024-05-02,6978.41162109375,6991.675571534925,6829.855200517646,6847.795431156072,301938
2024-05-03,6996.8017578125,7053.724164998104,6933.224542597575,7053.724164998104,339722
2024-05-06,7068.5615234375,7110.376689246271,7015.056096219826,7077.104406774776,314006
2024-05-07,7112.296875,7239.698971181112,7012.629542079071,7165.493216191428,381686
2024-05-08,7089.19970703125,7172.310234793464,7068.0974475912635,7072.781504234643,135120
2024-05-09,7012.5830078125,7142.304035984323,6994.031568757995,7089.200541690803,145232
2024-05-10,7031.69091796875,7057.3848416312985,6895.569737055,7021.719519707606,119050
2024-05-13,7190.3515625,7201.621923244175,6972.696910100747,7030.994893700971,136013
2024-05-14,7262.56298828125,7299.990603751527,7110.8121400393875,7220.822254206431,136326
2024-05-15,7216.833984375,7388.063844415089,7194.711304400979,7281.3002301889455,115498
2024-05-16,7320.16552734375,7405.7340349494725,7208.068372867315,7216.4631702952875,154700
2024-05-17,7222.0751953125,7340.526314372732,7207.234044127681,7323.1343403280225,97219
2024-05-21,7113.873046875,7260.104654096635,7095.8782441032,7258.249510451791,69252
2024-05-22,7099.49609375,7194.201272873381,7057.89440452795,7114.430091536884,90367
2024-05-23,7075.1474609375,7142.396423173418,7054.184245574559,7100.56284022002,91772
2024-05-24,6996.11767578125,7119.995165352454,6985.543447508826,7075.146976815868,73891
2024-05-27,7047.27392578125,7133.028131756602,6933.6001670846035,7035.308338484127,112088
2024-05-28,7008.96533203125,7077.2809134684485,6980.210602463942,7026.264457784516,65923
2024-05-29,7005.857421875,7033.406487326886,6957.020853952063,6962.586285120852,116498
2024-05-30,6883.9287109375,7017.499065556482,6847.335818036953,7002.88980802003,218846
2024-05-31,6915.001953125,6954.006168300766,6834.395596924654,6910.410291295279,162147
2024-06-03,7015.50439453125,7069.90684898845,6887.917060408384,6980.906143707167,88251
2024-06-04,6762.69482421875,7030.994996067363,6513.919859682275,7030.994996067363,279924
2024-06-05,7169.2490234375,7242.434804708318,6762.694462898508,6790.753511350681,165910
2024-06-06,7579.978515625,7605.162002106961,7181.679232662062,7188.54317413346,312109
2024-06-07,7797.44775390625,7891.4577127510165,7605.162273492571,7606.08984542494,319142
2024-06-10,7797.40087890625,7860.6152629368435,7547.652157818308,7708.214483026214,184342
2024-06-11,7827.08349609375,7920.536363955149,7761.503982343734,7791.603871322549,118275
2024-06-12,8109.62158203125,8287.854884035816,8000.261399080735,8000.261399080735,639358
2024-06-13,8958.4892578125,9053.101590003107,8164.487724918785,8195.097597098098,2375475
2024-06-14,8821.8583984375,9084.175554990128,8761.288133518134,8958.489560432396,770138
2024-06-18,8943.5087890625,9163.482828153717,8832.571551815643,8858.311672119446,623177
2024-06-19,9121.138671875,9252.529592277555,8843.146101422184,8992.809463371519,602326
2024-06-20,9030.654296875,9206.151081016533,8998.374976014245,9118.124145626987,239347
2024-06-21,9033.53125,9243.533005833138,8988.218814617458,9104.397206805519,301582
2024-06-24,9073.5537109375,9099.897112871935,8909.327301910917,8960.38994926825,178150
2024-06-25,9022.537109375,9108.245106154563,8990.813972601689,9073.599755874195,122156
2024-06-26,8804.6044921875,9062.748465555936,8775.385978590151,9062.377074479085,177017
2024-06-27,9141.03515625,9191.495428713406,8764.626669566851,8789.671110256691,501309
2024-06-28,9166.4970703125,9322.09725079214,8986.780021323348,9159.772174285808,498811
2024-07-01,9455.8994140625,9665.298761020305,9173.825174358186,9187.784949655661,883013
2024-07-02,9493.4208984375,9593.691064751074,9351.780479303472,9517.815859763234,236562
2024-07-03,9675.734375,9691.920685809886,9489.98810215698,9507.704363101619,220559
2024-07-04,9680.8359375,9767.28581894425,9623.558373206459,9675.734292097337,220337
2024-07-05,9670.35546875,9728.374914864757,9618.967618785282,9728.374914864757,85779
2024-07-08,9609.96875,9739.504522481766,9573.329661558284,9719.93311858363,83115
2024-07-09,9617.8994140625,9669.889631284534,9491.842046538279,9633.760529204199,100783
2024-07-10,9508.076171875,9622.213717936469,9323.025569827387,9553.99098290937,174464
2024-07-11,9416.6640625,9600.369502588452,9305.725915859799,9591.093783262279,154221
2024-07-12,9792.2373046875,9934.249109767621,9394.63414291775,9544.715099072046,485528
2024-07-15,10131.6357421875,10360.236012952391,9816.029410331575,9917.552333662929,813652
2024-07-16,10289.18359375,10425.908052789277,10133.722907181747,10156.912204452186,504778
2024-07-18,10149.4453125,10392.701038005258,10043.145031563665,10244.150039105602,486345
2024-07-19,10038.4619140625,10411.995326219418,9924.64865258188,10407.357466385913,552895
2024-07-22,10021.5322265625,10254.306557952128,9847.102525483471,9925.018559031005,249350
2024-07-23,10194.4326171875,10264.000508647958,9618.920459265906,10064.10876718491,270163
2024-07-24,10303.8388671875,10570.561955085175,10204.217294291466,10239.465022423732,541750
2024-07-25,10281.298828125,10546.491983607571,9943.941669374673,10017.776026645715,807903
2024-07-26,10290.1591796875,10500.114733424543,10250.597872709774,10388.80609667446,341053
2024-07-29,10476.4150390625,10614.76184988825,10293.729565007772,10392.191688397157,386712
2024-07-30,10300.5,10481.56221158239,10263.58282045656,10481.56221158239,141253
2024-07-31,10244.8916015625,10390.752275208817,10149.491198969825,10307.1784137226,221107
2024-08-01,10120.64453125,10410.093159339553,10020.141573128569,10370.439460907599,237189
2024-08-02,9637.1005859375,10062.856085211393,9580.240610011315,10018.518329852088,245538
2024-08-05,9166.8212890625,9486.694988055498,8909.373900829656,9192.840404366272,318616
2024-08-06,9089.5087890625,9532.424363905202,9051.988325168604,9410.031072580714,192285
2024-08-07,9311.5224609375,9366.620591455287,9230.267528775159,9266.442831118868,136542
2024-08-08,9332.6240234375,9665.298006701465,9239.218269285795,9386.098899214216,236879
2024-08-09,9798.9619140625,9822.986388525851,9520.087966748599,9520.087966748599,340538
2024-08-12,9957.06640625,10004.048283658161,9697.810069358107,9837.085347556047,319404
2024-08-13,9954.701171875,10152.27397746663,9832.261686719623,10044.675642027056,440334
2024-08-14,9862.0849609375,10107.752041778502,9838.663768035334,10005.255336206645,415397
2024-08-16,10109.095703125,10209.783447205662,9980.765592993639,10017.590376944978,435583
2024-08-19,10151.486328125,10329.34823918622,10110.533666583086,10174.814217810665,201063
2024-08-20,10255.884765625,10318.68156661176,10157.654535655924,10231.118413864755,222688
2024-08-21,10349.84765625,10386.950533669788,10204.543150221965,10294.193340120317,223275
2024-08-22,10301.6591796875,10488.054924403797,10221.841803036159,10411.066460733016,258898
2024-08-23,10139.7509765625,10353.184882144242,10110.532465309541,10353.184882144242,197480
2024-08-26,10210.201171875,10376.886018248159,10199.39459724586,10248.741601945912,235922
2024-08-27,10157.0048828125,10248.695910278264,10049.082252636294,10244.753729632255,186166
2024-08-28,10222.3056640625,10335.701323735984,10105.849198423104,10161.132118843227,335216
2024-08-29,10024.9658203125,10211.639676696843,9982.52940327109,10202.36395712495,349528
2024-08-30,10192.8095703125,10450.906452794496,9950.805698044225,10100.144774700475,3031738
2024-09-02,10145.548828125,10225.551898813741,9944.265740131297,10086.462321128218,248927
2024-09-03,10625.568359375,10736.645098078665,10136.69175445566,10184.739799300538,498450
2024-09-04,10411.0673828125,10527.941446447066,10326.658336854201,10527.013874513459,207209
2024-09-05,10451.0439453125,10499.185284433122,10351.840865209873,10481.469025250472,140806
2024-09-06,10062.11328125,10512.17130381872,10022.830977499907,10435.22904115127,158478
2024-09-09,10131.3583984375,10225.7388440891,9980.117973574475,10064.155629679373,138898
2024-09-10,10441.955078125,10620.512670746108,10231.118164212025,10481.562579836434,359537
2024-09-11,10539.6748046875,10728.852361718438,10402.672259183946,10576.174395209635,286214
2024-09-12,10737.2001953125,10868.359215412538,10645.973867465525,10673.661524470495,341188
2024-09-13,11373.7939453125,11421.702489194666,10750.88232750235,10796.009061589244,700341
2024-09-16,11352.6455078125,11464.789319067238,11114.30661957078,11362.756404415344,377298
2024-09-17,11391.0009765625,11705.030274713343,11334.233392843411,11362.75622991033,450197
2024-09-18,10443.9951171875,11408.206043455666,10273.090005917746,11408.206043455666,856150
2024-09-19,10244.056640625,10713.407965874216,9879.799017906527,10711.2276286709,888273
2024-09-20,10547.9755859375,10584.754171769926,10214.606809744733,10309.961013843596,561495
2024-09-23,10602.9814453125,10697.964259457747,10455.218524624046,10569.681253493092,255526
2024-09-24,10787.6611328125,10827.546724275177,10529.146664654296,10574.3195970819,256723
2024-09-25,10377.58203125,10818.549169389327,10287.746149158733,10784.924687985467,327212
2024-09-26,10462.6865234375,10530.723558534355,10408.098374774981,10417.513591694122,249828
2024-09-27,10567.640625,10801.574431905019,10506.420881547383,10590.088045432341,223731
2024-09-30,10628.7685546875,10655.018658891235,10449.607675773814,10566.89932637668,105479
2024-10-01,10613.880859375,10664.294029310913,10496.543015180181,10574.411950753021,54125
2024-10-03,10364.45703125,10660.491980138195,10258.945722396242,10463.011550509005,149736
2024-10-04,10158.025390625,10609.289111897702,10111.46110091208,10362.554990914066,191185
2024-10-07,10151.7177734375,10346.090274510167,10002.93488554453,10249.668999004734,252254
2024-10-08,10387.970703125,10434.256905941971,9946.354058353254,10184.74005042607,123076
2024-10-09,10809.041015625,10904.163328117447,10446.268025739659,10446.314223165995,181836
2024-10-10,10636.142578125,10987.089040483399,10493.666992277324,10883.989062544912,188860
2024-10-11,10719.392578125,10851.663972565257,10575.433233906884,10637.394857456053,87217
2024-10-14,10881.7626953125,10945.347562912028,10681.453378026565,10745.873422603465,69155
2024-10-15,10961.3955078125,11021.270094293845,10875.78080046013,10977.767514591178,128502
2024-10-16,10733.8154296875,10961.024339298545,10684.050836772758,10880.417981857227,208236
2024-10-17,10669.349609375,10851.663685615895,10554.79447943453,10750.512150830798,95010
2024-10-18,10744.6220703125,10758.907040665488,10482.536797186282,10642.682456576656,77607
2024-10-21,10385.55859375,10814.560589874625,10344.281644933684,10784.878289602219,108502
2024-10-22,10101.767578125,10565.043526573847,10030.85452798526,10435.18346566776,156820
2024-10-23,10401.9306640625,10577.056055584779,10084.653974682145,10109.606020835492,192175
2024-10-24,9908.6953125,10541.855585697049,9804.713949717321,10461.156823184454,204311
2024-10-25,10099.44921875,10346.786632482039,9673.508013760096,9716.315820015905,432097
2024-10-28,10194.29296875,10325.358693162465,10005.995878640266,10081.964377327646,102138
2024-10-29,10194.38671875,10277.496799852855,9907.39560642855,10273.508421791865,72733
2024-10-30,10450.9521484375,10667.076391855086,10198.652602473623,10283.896818755205,123787
2024-10-31,10098.01171875,10476.646758097968,9873.075527890047,10450.952834717884,218143
2024-11-01,10038.5068359375,10295.119950251243,9994.586671227782,10098.010932373201,14599
2024-11-04,10057.4765625,10148.008124756485,9948.348270376235,10039.342712757521,98808
2024-11-05,10146.1064453125,10156.866823610246,9994.58792709852,10054.880104848999,79690
2024-11-06,10723.6591796875,10759.834485284577,10238.631450772356,10280.789776538422,145380
2024-11-07,10595.931640625,10820.311639988337,10435.18361551855,10759.833772445794,73472
2024-11-08,10683.9130859375,10898.924080118846,10583.595818454332,10583.595818454332,97671
2024-11-11,11068.529296875,11116.948729076656,10572.324549782918,10667.076377503674,160844
2024-11-12,10997.060546875,11262.53180566327,10929.719189307883,11120.659502476383,150298
2024-11-13,10910.240234375,11110.038679023233,10835.523592832602,10982.497542206766,94042
2024-11-14,10916.17578125,11135.036545779,10852.683305397577,10880.371869296698,108716
2024-11-18,10455.822265625,10986.996672217803,10212.010356005008,10945.765920428248,179726
2024-11-19,10360.0966796875,10725.096219912139,10292.847717384358,10458.373103005855,127844
2024-11-21,10334.9140625,10463.428972400496,10221.8426817547,10320.165306461235,86133
2024-11-22,10682.2890625,10758.859939320386,10435.137356190382,10435.137356190382,146976
2024-11-25,11092.1357421875,11151.26844584936,10787.660291567798,10926.796064889824,254970
2024-11-26,10891.9208984375,11125.437129784103,10832.926780703396,11091.905042473447,65699
2024-11-27,11009.119140625,11084.344860424266,10879.630463924077,10922.15927379542,70895
2024-11-28,10813.724609375,11001.001721074086,10640.50057299974,11001.001721074086,95980
2024-11-29,10849.298828125,10978.741309149535,10773.794111063864,10852.591527293813,72200
2024-12-02,11378.060546875,11408.206633189226,10825.599093553854,10847.95321368794,115769
2024-12-03,11617.6982421875,11686.4780590866,11386.918540736155,11451.988070133362,120278
2024-12-04,11518.216796875,11771.907718876299,11439.002697818743,11654.941261229691,102920
2024-12-05,11539.8291015625,11641.258721999058,11400.136236114951,11557.545361734488,118244
2024-12-06,11668.3916015625,11919.253622121769,11539.83048879879,11539.83048879879,125428
2024-12-09,11673.4931640625,11794.819395757393,11597.664156024191,11724.509622069923,71243
2024-12-10,11358.349609375,11478.702061290347,11014.591831593489,11269.998387448704,261653
2024-12-11,11359.880859375,11453.565622882603,11228.258042173618,11316.37737418572,73779
2024-12-12,11219.3056640625,11497.948606422213,11184.521720151011,11372.494515381444,75811
2024-12-13,11394.107421875,11416.554842820085,11181.87915422458,11216.94119056377,102224
2024-12-16,11553.8349609375,11654.894095138088,11408.20618052106,11409.365645333291,99486
2024-12-17,11529.765625,11666.860579102678,11474.806986537938,11559.309335334918,81786
2024-12-18,11480.09375,11640.79558348988,11347.914752757242,11518.680379143003,74827
2024-12-19,11901.1181640625,11987.938526433725,11126.224282309851,11182.296181514213,556116
2024-12-20,11360.4833984375,12043.176338216352,11286.741430078237,12011.2684073563,132859
2024-12-23,11380.8896484375,11500.871617454244,11262.717531627886,11500.871617454244,314554
2024-12-24,11408.669921875,11551.330290648408,11339.565819335898,11409.13370779808,183934
2024-12-26,11390.2119140625,11523.504181625682,11195.83939721604,11409.04234891495,132983
2024-12-27,11730.630859375,11858.775284402815,11406.908254376343,11441.59980704423,131029
2024-12-30,12007.8359375,12262.50062367321,11674.420034005372,11743.014157767875,296573
2024-12-31,11863.134765625,11954.546796344062,11437.007867115897,11929.5485521608,202577
2025-01-01,11715.6044921875,11947.079878747016,11613.710175437727,11863.134621767676,71597
2025-01-02,11732.25390625,11839.991746854324,11696.774280387868,11770.887638965989,116848
2025-01-03,11611.3916015625,11871.853617990004,11529.950967384362,11789.439214453068,112999
2025-01-06,11131.9306640625,11650.303895020481,11084.48499566041,11542.705546945452,91120
2025-01-07,11267.0771484375,11334.929399936036,11160.360175147054,11160.360175147054,56206
2025-01-08,11112.1708984375,11241.242879441275,10720.271804736374,11241.242879441275,230698
2025-01-09,10877.681640625,11121.540650354082,10806.212408395088,11112.171630861389,92192
2025-01-10,10621.9501953125,11027.810007901982,10576.360579580809,10815.488436048494,96024
2025-01-13,10061.2333984375,10574.27398518261,10003.863435919884,10518.433972876448,122849
2025-01-14,9968.70703125,10209.829513963941,9817.512820239217,10119.76264998291,147770
2025-01-15,9786.2080078125,10044.583889842883,9689.044849550193,9971.398103291527,186595
2025-01-16,9451.818359375,10161.132787217244,9164.410562517885,9275.719192831868,929106
2025-01-17,9300.9033203125,9519.624602123286,9252.530081413724,9335.593967294008,191124
2025-01-20,9291.951171875,9344.405179754742,9039.187838275206,9274.837289773148,227279
2025-01-21,9058.57421875,9521.524962996044,9023.696973973849,9291.950931983718,155630
2025-01-22,8898.3828125,9308.13769381089,8793.381493666626,9179.205201445946,268514
2025-01-23,9328.3125,9489.06052896754,8951.115024851522,8969.620265407244,320690
2025-01-24,9095.4462890625,9392.129816085791,9059.085287315334,9329.982495195192,112936
2025-01-27,8625.4912109375,9080.929019795476,8590.892959781277,9002.085407264054,194147
2025-01-28,8576.79296875,8693.203233993943,8293.419773275698,8566.12589265195,231027
2025-01-29,8845.7890625,8927.879172291983,8627.253494132292,8627.253494132292,182919
2025-01-30,8343.13671875,8915.356108645921,8311.043097692083,8845.370637108927,278975
2025-01-31,8461.357421875,8615.288166261802,8366.559388577689,8402.920389739504,155215
2025-02-01,8249.12890625,8516.269616901336,7615.225899267488,8440.904399052652,134594
2025-02-03,8541.6376953125,8571.691385302842,8005.037385129868,8197.972328116883,146156
2025-02-04,8555.5517578125,8691.348645405393,8400.554856682385,8553.048038364637,108194
2025-02-05,8637.6884765625,8763.838246866377,8575.401665142212,8575.401665142212,117659
2025-02-06,8601.9775390625,8790.042742362382,8562.880021025212,8705.076612563496,102307
2025-02-07,8768.05859375,8825.753743894838,8554.623767904504,8657.909436737262,111132
2025-02-10,8615.4736328125,8785.683079032118,8572.619629219154,8747.095543910411,77774
2025-02-11,8473.369140625,8662.825697491191,8369.295394315965,8580.03990703681,79790
2025-02-12,8389.23828125,8509.544536803061,8256.31741029911,8509.544536803061,106087
2025-02-13,8350.60546875,8528.559774172405,8273.013717531534,8348.14704089963,61745
2025-02-14,8313.78125,8461.497084096112,8171.908938064369,8440.90480549214,73852
2025-02-17,8159.990234375,8312.900113473357,8045.89888044092,8264.666370346755,116078
2025-02-18,8122.46875,8244.258754986835,8002.022999554973,8162.632430680033,126590
2025-02-19,8156.51025390625,8277.511270928382,8069.874685183157,8094.037749482195,53084
2025-02-20,8051.1376953125,8194.957524716425,8000.306940785533,8143.153000945645,117119
2025-02-21,7796.24169921875,8092.508521840687,7682.150357278963,8056.889399097449,185897
2025-02-24,7729.6884765625,7772.124890662969,7596.813802903654,7743.8801453575825,101181
2025-02-25,7614.34521484375,7750.930175012864,7588.465596899991,7722.035948440585,80633
2025-02-27,7496.8681640625,7659.888929299159,7444.228457506709,7615.41167448783,110023
2025-02-28,7201.5751953125,7422.893935442273,6998.5298023007745,7420.575005752975,240082
2025-03-03,7269.1953125,7315.759603224122,7010.634644388078,7236.684098447292,146378
2025-03-04,7081.50146484375,7346.415636841316,7068.561655687488,7225.785092553709,138586
2025-03-05,7346.787109375,7420.575273585326,7082.707205659894,7082.707205659894,199318
2025-03-06,7258.1572265625,7494.7809074284905,7214.654195294406,7466.953750593979,156271
2025-03-07,7020.88427734375,7207.1871765714095,6981.833411336452,7190.537080467673,307003
2025-03-10,6853.17919921875,7055.668414126844,6826.929095953682,7018.70458380537,186586
2025-03-11,6987.02783203125,7016.153497638682,6679.815853083549,6710.982357934408,190559
2025-03-12,6767.75048828125,6996.165075755145,6615.350148625221,6982.761480217188,230330
2025-03-13,6797.24658203125,6923.4425522684405,6754.021642823244,6836.204600105119,145595
2025-03-17,6939.814453125,6947.513118271261,6808.8411274593045,6811.1600570715445,219002
2025-03-18,6939.814453125,6939.814453125,6939.814453125,6939.814453125,0
2025-03-19,7118.974609375,7136.737518985286,6843.392933544801,7049.499571264138,151859
2025-03-20,7029.88134765625,7270.308152070479,6986.146425561444,7229.0312047922025,326426
2025-03-21,7090.72998046875,7147.682800037124,6911.337679792787,6956.788699294846,228080
2025-03-24,7384.53857421875,7465.098280314528,7058.821808299398,7207.23330492593,234142
2025-03-25,7387.13671875,7560.638868632271,7230.79419680927,7465.191806770092,267380
2025-03-26,7317.6611328125,7472.101858727216,7261.496833773871,7420.5292218956865,112028
2025-03-27,7296.51220703125,7437.549328401542,7210.943702203837,7210.943702203837,286752
2025-03-28,7282.27392578125,7362.0917571874415,7133.027702026843,7355.644951504924,152932
2025-04-01,7035.95703125,7235.060232843725,7018.9359976831365,7150.651196793881,141821
2025-04-02,7204.31201171875,7223.280585612795,7040.270828124511,7064.387697891473,156132
2025-04-03,7032.20068359375,7123.706014112533,6956.789269083274,7123.706014112533,174309
2025-04-04,6976.7783203125,7085.67562490766,6911.477348414675,7007.8057818764755,179350
2025-04-07,6765.8486328125,6816.726043231214,6528.251175977859,6710.982844302332,182758
2025-04-08,6999.41162109375,7029.140120431425,6715.620806535169,6887.221614436966,147706
2025-04-09,6865.052734375,7001.915792131399,6780.179902376114,6959.06224051106,111108
2025-04-11,7030.85546875,7095.878345009618,6967.131102477053,7049.545950654404,116992
2025-04-15,7231.35009765625,7252.220464151538,7069.02502491512,7097.779752086406,138731
2025-04-16,7311.58544921875,7376.51548175225,7203.059537698471,7258.250065351946,115104
2025-04-17,7374.1962890625,7418.719738354953,7250.829231647996,7263.815237691627,174520
2025-04-21,7543.478515625,7709.513886580657,7383.936148002806,7392.284295145827,410248
2025-04-22,7590.3203125,7647.829766169192,7432.169314909722,7577.334306832763,103304
2025-04-23,7993.3505859375,8028.134531046018,7667.772859721769,7694.208658004243,296818
2025-04-24,8130.630859375,8180.255952179354,8047.149394844311,8068.947332805103,337156
2025-04-25,7980.82861328125,8222.924878746895,7847.2582599208945,8181.184143321783,279186
2025-04-28,8120.892578125,8193.243191613721,7865.810286978869,8134.806157642061,255169
2025-04-29,8197.4169921875,8254.926452274134,8116.254447710396,8190.460202660891,146372
2025-04-30,8089.818359375,8250.752084691925,8032.772687288597,8199.735629980507,146668
2025-05-02,8047.61376953125,8240.08493794731,8023.960686183735,8162.632684632896,150654
2025-05-05,8009.11962890625,8163.5603513815395,7949.291240920327,8162.632779474781,156874
2025-05-06,7776.7626953125,8144.081162314379,7755.892327869212,8063.846194143514,167625
2025-05-07,7913.57958984375,7925.174238483854,7641.33723977411,7663.135179217505,173152
2025-05-08,7807.796875,8038.9865446067315,7745.57191216589,7964.795242766062,190579
2025-05-09,7652.234375,7768.547188731469,7594.795948465941,7610.591515762807,108057
2025-05-12,8341.974609375,8371.172477814975,7829.815277722989,7887.732361021955,268271
2025-05-13,8116.04931640625,8303.681501593279,8094.988560926074,8300.809580391437,139262
2025-05-14,8140.93994140625,8217.045859249829,8050.474416422373,8156.735509260578,102099
2025-05-15,8185.93359375,8208.90896578251,8079.672498099637,8194.549358262191,88914
2025-05-16,8325.2216796875,8357.291469404,8144.769280834962,8218.481931825123,123530
2025-05-19,8252.9443359375,8371.65041384682,8233.319540799266,8371.65041384682,80085
2025-05-20,8076.32177734375,8366.864497597862,8055.261020027142,8317.084525758608,117869
2025-05-21,8025.58447265625,8136.632101788251,7954.265090153371,8128.973644606734,81061
2025-05-22,7939.9052734375,7983.4627475080815,7846.567829000538,7950.914305345449,123383
2025-05-23,8009.310546875,8183.061800596127,7951.39346230129,7951.39346230129,122684
2025-05-26,8090.68115234375,8122.750940973404,8011.7033146737085,8012.660621796981,50840
2025-05-27,8043.77294921875,8135.19577774007,8007.8739327836765,8108.391178801882,95286
2025-05-28,8152.427734375,8240.978646238515,8074.88585479722,8115.571408896672,136774
2025-05-29,8136.6318359375,8291.23693523792,8116.528386492864,8232.841201136833,129537
2025-05-30,8101.21240234375,8223.269073693686,8058.612230774557,8165.830640117246,159983
2025-06-02,8038.02978515625,8088.288412408165,7970.060974967946,8088.288412408165,76519
2025-06-03,8012.18212890625,8108.391496724528,7914.058146803031,8052.867682461243,98051
2025-06-04,8295.544921875,8368.300263639758,8032.764115106241,8054.782179061364,334256
2025-06-05,8366.8642578125,8505.673790693829,8274.005466850507,8309.42583041333,224359
2025-06-06,8410.9013671875,8433.876740828804,8296.503152598505,8401.806948454483,95387
2025-06-09,8770.3701171875,8807.226445246411,8452.544119380782,8471.69026382697,313597
2025-06-10,9086.759765625,9113.56436670354,8759.360709594264,8807.226068663085,393134
2025-06-11,9026.927734375,9206.422824273224,8903.913766098083,9139.889977617617,261322
2025-06-12,9005.388671875,9160.95108913658,8915.880450250645,9137.49706314945,229439
2025-06-13,9073.8359375,9271.519866507095,8829.243957542069,8901.999301873979,302596
2025-06-16,9269.60546875,9316.513520796758,9011.611182492836,9098.726136293955,236103
2025-06-17,9316.9921875,9357.67774290393,9220.782815309529,9285.879703955818,165669
2025-06-18,9243.7578125,9349.540252255721,9190.148612261806,9323.21430571018,110969
2025-06-19,8928.8037109375,9256.20275340996,8902.956418110727,9247.586989134368,165782
2025-06-20,8994.37890625,9045.116182821897,8901.041463499814,8973.796803489702,147147
2025-06-23,8768.93359375,8950.343300738605,8741.171686084197,8950.343300738605,158976
2025-06-24,8766.0615234375,8900.084523686626,8750.265955550996,8859.877623611888,145896
2025-06-25,8785.6865234375,8940.291630877997,8772.762876685509,8833.073228194804,120007
2025-06-26,8687.083984375,8835.945250513114,8606.191527856217,8835.945250513114,149946
2025-06-27,8607.1484375,8814.884085474363,8559.28308082388,8706.229725819569,562109
2025-06-30,8602.3623046875,8701.922251236298,8548.753102699686,8701.443597647121,138155
2025-07-01,8575.078125,8757.44512280212,8541.093723834774,8673.202100195367,140579
2025-07-02,8560.71875,8688.0405944227,8472.167843164663,8575.078356513837,155550
2025-07-03,8644.4833984375,8730.641040282393,8576.993245659001,8577.471899224807,114608
2025-07-04,8720.111328125,8734.470936196343,8577.472554616314,8700.965184029874,96079
2025-07-07,8620.55078125,8711.01630582836,8608.105788450861,8711.01630582836,61737
2025-07-08,8621.986328125,8685.168596226511,8531.99946143497,8616.242485570318,82817
2025-07-09,8556.8896484375,8644.004595912782,8529.60639565678,8642.568635240114,60569
2025-07-10,8402.2841796875,8564.547728560354,8341.97383408874,8526.255445640505,146167
2025-07-11,8267.3037109375,8487.484333160246,8167.265123884123,8336.229818763752,183731
2025-07-14,8360.642578125,8385.532565762402,8142.376532689322,8271.134353352036,113607
2025-07-15,8400.3701171875,8485.570452279202,8314.212474959935,8352.50476039441,75259
2025-07-16,8438.18359375,8479.826453393556,8366.864213440922,8400.369962579414,76256
2025-07-17,8371.6513671875,8513.33283114905,8361.599641703742,8476.955157969733,69691
2025-07-18,8415.2080078125,8466.902590876247,8320.434605528962,8402.284362046563,92192
2025-07-21,8444.40625,8486.52776400068,8293.151722452103,8414.729728772249,62012
2025-07-22,8335.751953125,8481.741292527993,8304.639470957149,8464.031110370908,69573
2025-07-23,8404.19921875,8438.662275120316,8293.630246228571,8362.077705408503,79754
2025-07-24,8557.3681640625,8603.318904847263,8384.095579019955,8565.505274409801,475675
2025-07-25,8241.45703125,8648.791212548278,8208.908589031102,8567.898760563074,173750
2025-07-28,8310.3828125,8395.104489600131,8145.725993729121,8275.919757408421,147286
2025-07-29,8294.587890625,8347.718438022966,8213.695435577643,8310.383458770342,67051
2025-07-30,8204.1220703125,8328.093343136943,8177.796124345919,8327.614689573913,72342
2025-07-31,8113.17822265625,8203.643749740735,8084.937661291252,8137.11090177913,150964
2025-08-01,8020.7978515625,8129.930865237755,7983.941526768664,8113.1779903314655,124824
2025-08-04,8203.6435546875,8223.268351101653,7964.316769149035,7998.779826266574,77907
2025-08-05,8208.908203125,8240.020683195153,8125.143833705358,8218.481273915817,49503
2025-08-06,8153.384765625,8232.362603263144,8061.004628266445,8209.865885875308,81885
2025-08-07,8205.55859375,8223.26877679665,8070.578279718763,8113.1784497498975,65889
2025-08-08,8064.35546875,8259.167474672438,8029.413757614035,8259.167474672438,47453
2025-08-11,8044.73046875,8097.8610144768545,8005.95952997635,8049.995657966175,28768
2025-08-12,8150.0341796875,8270.176223447503,8049.995585480964,8051.910199724151,102518
2025-08-13,8227.576171875,8249.115582412807,8104.083551458236,8221.35367549741,70550
2025-08-14,8219.91796875,8346.282514475848,8204.122400534268,8218.482008003115,83210
2025-08-18,8187.36962890625,8295.545339875722,8153.385224132655,8290.280150403756,39039
2025-08-19,8229.9697265625,8267.304706129318,8128.495166714224,8251.03048426686,53315
2025-08-20,8388.8818359375,8470.252936708319,8184.9754304765065,8184.9754304765065,146307
2025-08-21,8327.615234375,8481.741691753363,8310.383704978662,8433.876332319089,100872
2025-08-22,8255.8173828125,8370.694248064994,8242.415081866377,8370.694248064994,34763
2025-08-25,8376.916015625,8550.667259192332,8300.331445457581,8300.331445457581,203962
2025-08-26,8166.30859375,8385.531929775878,8141.897261572446,8348.196951151383,80298
2025-08-28,8013.1396484375,8199.814546167063,7979.633897562962,8175.403213387043,101080
2025-08-29,7939.42724609375,8094.032358560638,7920.75975573397,7955.701468458686,79570
2025-09-01,8110.78466796875,8150.512913908048,7969.5818661363055,7975.32570892271,138605
2025-09-02,8114.61376953125,8177.317385635102,8031.806703989523,8117.964344437563,65922
2025-09-03,8053.34619140625,8181.625346193583,8022.712363397335,8137.110564868128,102667
2025-09-04,7939.42724609375,8154.342712030694,7917.40918054119,8113.178502519387,119181
2025-09-05,7926.50341796875,8036.593743218316,7793.916374081229,7990.642998766323,84450
2025-09-08,7946.1279296875,8039.465376003328,7913.579486869672,7983.941561784682,62155
2025-09-09,8053.82470703125,8068.184313664492,7974.368216993975,8002.608776706018,80671
2025-09-10,8868.9716796875,8903.913389041334,8443.448671255195,8532.478232074553,1529853
2025-09-11,8747.3935546875,9525.205567074214,8657.885341569769,9525.205567074214,1573471
2025-09-12,8595.66015625,8794.780026224385,8544.92288168922,8768.932735410403,368777
2025-09-15,8587.5244140625,8615.764977042807,8487.485809606836,8591.832296551021,120921
2025-09-16,8752.1796875,8777.548324275362,8585.608261125923,8588.00152874624,162517
2025-09-17,8735.427734375,8816.798842037671,8712.931016374143,8773.720020333903,115640
2025-09-18,8783.2939453125,8807.226626362397,8668.41707627299,8758.403957020606,108710
2025-09-19,8632.99609375,8821.585606997809,8617.200525381528,8802.439463520874,193760
2025-09-22,8669.8525390625,8726.33366309548,8482.220330410566,8520.033964297052,145431
2025-09-23,8715.32421875,8818.234736491171,8649.270025967295,8709.58037589933,130689
2025-09-24,8674.638671875,8719.15345400182,8572.685461197443,8700.007311151576,122602
2025-09-25,8528.6494140625,8734.94910524338,8505.19538884704,8674.638754689342,89964
2025-09-26,8151.47021484375,8528.649224197648,8137.110607888652,8508.545774460512,133987
2025-09-29,8092.595703125,8231.40523491102,8065.791103883562,8204.600635669582,108039
2025-09-30,8044.251953125,8147.162471387636,7955.222388488486,8099.775767629492,111001
2025-10-01,8351.5478515625,8381.224374189556,8019.362259575775,8041.380324750688,176760
2025-10-03,8579.38671875,8600.447476149297,8272.091122151167,8351.547615975787,209851
2025-10-06,8705.2724609375,8721.068028717284,8520.033529701848,8557.368508090429,110924
2025-10-07,8934.0693359375,8965.181819561178,8695.69984602071,8701.922342745445,204283
2025-10-08,8797.173828125,8917.315872352618,8714.36676178485,8874.237051713233,165216
2025-10-09,8913.9658203125,8981.455976606549,8792.387808265064,8826.372213207458,187532
2025-10-10,8819.6708984375,8979.541194762156,8789.037069201637,8979.541194762156,133863
2025-10-13,8804.353515625,8878.06616330393,8688.998008543036,8797.652365836006,215451
2025-10-14,8567.8984375,8883.809776536313,8540.136531948325,8804.831941777235,134209
2025-10-15,8383.138671875,8685.647729807226,8357.770032523089,8591.352975989745,152247
2025-10-16,8420.9521484375,8470.25346551185,8378.35198125675,8415.208305671556,103843
2025-10-17,8405.634765625,8459.722615321238,8348.674994705954,8434.35397785309,121533
2025-10-20,8218.9609375,8380.267200148506,8184.9765320161905,8371.651435377962,225848
2025-10-21,8252.4658203125,8299.852521560162,8233.79833194221,8251.987166764544,15929
2025-10-23,8167.744140625,8366.864016533345,8156.735109024298,8357.769599124069,209610
2025-10-24,8199.3349609375,8241.93512506613,8141.896537393279,8204.121496232852,108451
2025-10-27,8324.2646484375,8342.453484998976,8213.695668287475,8270.176792346796,203519
2025-10-28,8234.27734375,8347.718239551241,8157.214119176161,8347.718239551241,148260
2025-10-29,8289.80078125,8334.794214672109,8242.414080092673,8252.944458127635,91011
2025-10-30,8244.80859375,8323.786440947024,8224.226488116836,8295.06722378447,75010
2025-10-31,8151.47021484375,8268.261684745212,8137.110607888652,8264.911109789022,111369
2025-11-03,8172.85791015625,8234.103306652009,8078.559442535796,8223.409665994019,155670
2025-11-04,8093.1416015625,8190.356515695383,8059.116381615991,8185.495769988738,85461
2025-11-06,7983.77490234375,8124.736529234447,7971.1369633811355,8093.627756403396,76986
2025-11-07,7851.5625,7981.344409707175,7812.190459976475,7981.344409707175,91422
2025-11-10,7948.77734375,8024.604975721198,7861.769996808689,7914.752124275744,78362
2025-11-11,8012.453125,8033.8404058480955,7941.000163984773,7948.7773570204445,74067
2025-11-12,8160.2197265625,8195.217094939466,8041.131459168659,8068.837709133757,104111
2025-11-13,8072.240234375,8175.77411586605,8055.713699301311,8147.095716767591,57121
2025-11-14,7994.46826171875,8064.949072684228,7931.764643687394,8064.949072684228,71224
2025-11-17,8055.7138671875,8116.473188577619,8010.508932073252,8045.992375765081,63753
2025-11-18,7949.74951171875,8059.1162888594845,7930.306529115953,8051.339095818366,63320
2025-11-19,8100.9189453125,8138.832762529251,7937.597886532649,7960.929466358341,144973
2025-11-20,8139.31884765625,8277.364028470485,8112.584745738,8166.0529495744995,133670
2025-11-21,7941.97216796875,8138.346288530558,7923.015260290754,8098.488174951181,84765
2025-11-24,7919.61279296875,8044.533954681938,7887.045797502666,7947.319042842882,272790
2025-11-25,7858.853515625,7993.010094689355,7835.5219366572865,7971.622813968951,79913
2025-11-26,7949.74951171875,7991.065849749694,7851.076375009554,7893.850936735707,167920
2025-11-27,7923.50146484375,8045.506180362785,7888.99017081247,7970.650697534373,197830
2025-11-28,7881.212890625,8034.812451093577,7862.255982845651,7896.281201936791,91091
2025-12-01,7922.529296875,7961.9013364508555,7884.129406424474,7922.529296875,82563
2025-12-02,7873.43603515625,7968.220578115594,7840.382963765299,7922.529567663398,93379
2025-12-03,7850.59033203125,7961.901407880123,7818.509410607557,7897.739565032738,120259
2025-12-04,7963.35986328125,7995.92686021953,7834.064024690466,7865.65887246641,76182
2025-12-05,7990.09375,8048.422698168877,7930.792652694975,7991.065899136148,89963
2025-12-08,7802.46875,8033.840237976577,7659.562830955644,8025.090895994269,149195
2025-12-09,7837.46630859375,7863.228260612819,7695.046460639274,7748.514662943003,82888
2025-12-10,7650.8134765625,7890.93430613187,7613.871810474904,7839.410403430749,106562
2025-12-11,7782.0537109375,7812.6764082385025,7314.936058457116,7497.700093142469,264718
2025-12-12,7767.4716796875,7800.038676091696,7671.714988767698,7753.375517064788,96155
2025-12-15,7745.59814453125,7786.914482296243,7712.545074319256,7772.3322454380095,49684
2025-12-16,7610.4697265625,7736.849117819206,7568.181237949679,7727.613700765832,107137
2025-12-17,7497.7001953125,7642.550416265702,7453.953484286366,7582.763244529984,81864
2025-12-18,7449.0927734375,7546.793761852569,7383.958781160787,7454.439593699021,119072
2025-12-19,7605.60888671875,7625.051869748644,7427.219517419474,7504.991449539049,102445
2025-12-22,7641.578125,7709.628563108263,7595.887116555881,7679.978015075377,78936
2025-12-23,7599.28955078125,7676.089330045894,7539.016306295074,7676.089330045894,101671
2025-12-24,7565.2646484375,7632.342939460654,7547.765963822764,7602.206315957498,54134
2025-12-26,7560.40380859375,7583.249313223036,7511.310277369115,7534.155781998401,89564
2025-12-29,7476.798828125,7573.04159031254,7412.150912110137,7563.806173738989,122553
2025-12-30,7414.09521484375,7502.5607841810315,7389.305412447039,7446.662210149233,139152
2025-12-31,7472.91015625,7500.130331139423,7399.026824407279,7446.176055912173,54251
2026-01-01,7473.396484375,7499.15843648374,7429.163698678862,7485.062274009147,48035
2026-01-02,7516.1708984375,7525.406315049433,7441.801490983517,7471.938113611929,54875
2026-01-05,7463.18896484375,7527.83688280156,7417.497955159282,7519.573615092667,104098
2026-01-06,7381.5283203125,7486.520426014297,7363.5435614654325,7428.191478402188,160627
2026-01-07,7614.35791015625,7622.62117759785,7343.128308249631,7371.320632462147,123199
2026-01-08,7382.50048828125,7649.841498852404,7359.1689091768585,7614.844130195816,151580
2026-01-09,7385.90283203125,7431.593840008278,7311.533425430343,7382.500310160621,123509
2026-01-12,7372.77880859375,7391.735716131669,7246.885499559877,7387.3610451613795,85550
2026-01-13,7481.65966796875,7490.89508465868,7370.834667689587,7397.5687686341225,105308
2026-01-14,7321.2548828125,7486.034155503606,7300.839751682628,7486.034155503606,100564
2026-01-15,7321.2548828125,7321.2548828125,7321.2548828125,7321.2548828125,0
2026-01-16,7737.82080078125,7787.886479685732,7336.323220440442,7373.264886428216,381617
2026-01-19,7767.95751953125,7799.066291275822,7666.854011361393,7743.167717047295,148585
2026-01-20,7607.06689453125,7784.970184205272,7576.930271690296,7752.889263116514,167450
2026-01-21,7459.78662109375,7588.596385516103,7328.546483757768,7534.156032250806,161634
2026-01-22,7677.0615234375,7790.316894778575,7622.621173264966,7626.509769705862,326204
2026-01-23,7734.41845703125,7819.967580236222,7626.509903897707,7662.965496172553,174884
2026-01-27,7783.02587890625,7864.200330678505,7704.281799941548,7756.7778525846825,133152
2026-01-28,7789.3447265625,7848.645822140697,7714.489245258873,7824.828168998634,83252
2026-01-29,7619.21875,7796.635964912281,7537.072149122808,7796.635964912281,128041
2026-01-30,7543.87744140625,7612.413956821088,7473.882702259181,7612.413956821088,100253
2026-02-02,7519.08740234375,7631.85670076923,7424.788937281064,7631.370626207051,99623
2026-02-03,7608.525390625,7792.261581620735,7588.11025829214,7699.42133696416,87430
2026-02-04,7308.13134765625,7475.8270786134435,7257.57959107785,7475.8270786134435,217399
2026-02-05,7242.9970703125,7331.948715428075,7203.625030671179,7288.2020047154965,92851
2026-02-06,7061.69140625,7193.903690287721,6946.005657716994,7145.296232920911,266523
2026-02-09,7067.0380859375,7192.931398012458,7050.5115507616365,7191.9592488844655,78522
2026-02-10,7137.51904296875,7164.253144532579,7053.914216260045,7096.202704188285,125045
2026-02-11,7016.486328125,7173.974486788838,6999.473718392795,7145.296087525978,74734
2026-02-12,6575.61669921875,6984.405407382778,6544.021852571114,6965.448499394196,370703
2026-02-13,6454.09814453125,6524.092882655403,6221.7544999246875,6462.847486796769,437097
2026-02-16,6512.42724609375,6570.270121320288,6424.93382138134,6454.098296285476,155949
2026-02-17,6654.36083984375,6719.494831994157,6486.6651137848685,6511.454916767486,215007
2026-02-18,6527.4951171875,6685.955420129128,6488.123078726543,6685.955420129128,151155
2026-02-19,6466.73583984375,6610.127832684543,6440.487814035605,6562.006452036277,140373
2026-02-20,6457.50048828125,6507.566167640901,6409.379107149158,6464.791606634597,91354
2026-02-23,6483.74853515625,6512.426934104763,6383.617176115678,6459.93088179223,123441
2026-02-24,6274.25048828125,6461.389195903522,6221.2683606687115,6421.0450069875515,212873
2026-02-25,6427.85009765625,6484.234747635691,6337.440227861629,6337.440227861629,148595
2026-02-26,6665.54052734375,6688.386031958726,6446.320897953242,6465.763880604285,254463
2026-02-27,6738.93798828125,6790.461893846586,6644.63951960507,6711.717811756167,257521
2026-03-02,6657.27734375,6786.087105439088,6566.8674732814325,6566.8674732814325,106501
2026-03-04,6641.72265625,6698.5933786432415,6582.9076356552805,6610.127810475977,122604
2026-03-05,6600.40673828125,6694.219132455216,6551.313205578812,6669.42932881339,102857
2026-03-06,6530.89794921875,6721.439181437695,6503.677773187472,6572.700362409641,91716
2026-03-09,6525.55126953125,6544.508178247206,6386.533938947568,6464.791946723696,94042
2026-03-10,6633.94580078125,6649.986261759106,6536.73088576394,6581.93582124699,103676
2026-03-11,6602.8369140625,6800.669262709691,6557.145904792633,6731.160599671489,183088
2026-03-12,6508.05224609375,6606.725381201452,6481.318145448806,6606.725381201452,82424
2026-03-13,6344.2451171875,6499.788975408463,6318.969240226594,6491.039633383533,96014
2026-03-16,6235.36474609375,6343.27330343962,6141.066277061774,6334.523960952117,124430
2026-03-17,6126.48388671875,6270.361959589962,6060.863819699785,6270.361959589962,163871
2026-03-18,6410.83740234375,6480.3460647544825,6138.635647448572,6139.121722010885,321179
2026-03-19,6191.1318359375,6357.36933989374,6163.425585278127,6319.941597774938,113659
2026-03-20,6396.7412109375,6489.095377356811,6260.640334109043,6270.361825311075,200334
2026-03-23,6265.5009765625,6352.994395940409,6222.726415977744,6309.247686251455,118364
2026-03-24,6421.53125,6489.095616342442,6287.860741049126,6425.905921202028,167921
2026-03-25,6415.2119140625,6522.148315115216,6371.951279091174,6410.8372431103435,168716
2026-03-27,6753.52001953125,6865.317169703424,6610.614097137253,6610.614097137253,980855
2026-03-30,6543.53564453125,6670.401103097783,6494.928189141774,6620.821498600517,272945
2026-04-01,6691.30224609375,6827.403119906495,6645.611238456614,6756.436235704135,155077
2026-04-02,6797.7529296875,6824.0009567309835,6518.260049131882,6610.614218358955,157651
2026-04-06,6821.5703125,6857.539829610232,6749.631278279535,6804.557703055971,97867
2026-04-07,6991.69677734375,7009.1954622703615,6749.631635858963,6793.864422756786,153224
2026-04-08,6980.03076171875,7130.7138770483325,6945.03339299704,7088.911464408513,172022
2026-04-09,7016.486328125,7044.678652824082,6888.162643287798,6987.80792886214,136188
2026-04-10,7051.48388671875,7076.759764716226,6895.453947542027,7076.759764716226,151932
2026-04-13,6964.96240234375,7010.653411194355,6879.899353951667,6999.959770825064,68906
2026-04-15,7332.43505859375,7354.794489332584,7062.177591402625,7094.744588348318,191551
2026-04-16,7559.431640625,7574.499952151451,7378.611902307581,7436.940850151909,211647
2026-04-17,7769.90185546875,7796.635956316469,7501.1026233089615,7577.902403926044,175320
2026-04-20,7857.3955078125,7947.319304221118,7696.990898002532,7838.924673955595,271398
2026-04-21,7710.11474609375,7940.028015221372,7665.39588613658,7903.572422864983,215428
2026-04-22,7900.169921875,7940.514110856457,7618.732748136882,7658.590862552298,439033
2026-04-23,8546.6494140625,8652.127598834812,8030.9242802218405,8195.217489682862,2646355
2026-04-24,8699.7626953125,8762.46631514127,8508.735388392295,8574.35545565496,590278
2026-04-27,9099.3154296875,9225.694810655383,8759.063250158588,8797.94921353332,843945
2026-04-28,9303.466796875,9356.448922311749,9118.758469664315,9138.201451475967,591393
2026-04-29,9418.1806640625,9536.782856570306,9308.327813624943,9318.535379373565,473232
2026-04-30,9455.6083984375,9551.365086582886,9343.32517528225,9444.428683577886,360954
2026-05-01,9455.6083984375,9455.6083984375,9455.6083984375,9455.6083984375,0
2026-05-04,9459.0107421875,9622.33179097347,9376.378068694597,9610.179927224515,347883
2026-05-05,9436.6513671875,9585.39018033056,9385.613539148215,9497.896760834643,245385
2026-05-06,9424.5,9530.95033266285,9381.239362525142,9521.228841095466,250721
2026-05-07,9498.5,9547.5,9410.0,9475.0,310150
2026-05-08,9345.5,9580.0,9301.0,9500.5,198264
2026-05-11,9239.5,9401.5,9190.0,9395.0,126412
2026-05-12,9010.5,9235.0,8985.0,9201.0,165795
2026-05-13,8928.5,9090.0,8910.0,9000.0,115580
2026-05-14,8904.5,8960.0,8646.5,8930.0,169127
2026-05-15,9015.0,9200.0,8904.0,8904.0,309380
2026-05-18,9408.5,9464.5,8949.5,9015.0,332444
2026-05-19,9646.0,9999.0,9465.0,9465.0,446973
2026-05-20,9703.5,9915.0,9597.5,9640.0,306099
2026-05-21,9730.5,9819.5,9652.0,9808.0,136752
2026-05-22,9525.0,9770.0,9454.5,9770.0,200614
2026-05-25,9703.0,9837.5,9500.0,9530.0,184137
2026-05-26,9882.0,9917.0,9594.0,9711.5,259841
2026-05-27,10299.5,10380.5,9911.0,9950.0,450281
2026-05-28,10299.5,10299.5,10299.5,10299.5,0
2026-05-29,9964.0,10584.5,9900.0,10345.5,682054
2026-06-01,10191.0,10291.0,10063.0,10069.0,362417
2026-06-02,10344.5,10475.5,10176.5,10290.0,528415
2026-06-03,9997.5,10300.5,9933.5,10300.0,235347
2026-06-04,10098.0,10209.0,9775.0,9875.0,277226
2026-06-05,9936.5,10198.0,9908.5,10175.0,197221
2026-06-08,9756.0,10000.0,9689.0,9800.0,160714
2026-06-09,9639.5,9862.0,9434.0,9841.0,252133
2026-06-10,9470.0,9757.0,9440.0,9701.5,147749
2026-06-11,9265.5,9439.0,9050.0,9349.5,385982
2026-06-12,9327.5,9409.0,9226.5,9350.0,149536
2026-06-15,9373.0,9517.0,9350.5,9500.0,111550
2026-06-16,9500.5,9580.5,9357.0,9425.0,257188
2026-06-17,9444.5,9609.0,9380.0,9545.0,151082
2026-06-18,9399.5,9482.5,9306.5,9480.0,116249
2026-06-19,9638.5,9695.0,9127.5,9200.0,254329
2026-06-22,9731.5,9849.5,9668.0,9700.0,253004
2026-06-23,9862.5,9925.0,9614.0,9720.0,262646
2026-06-24,10468.5,10510.0,9874.5,9903.0,743926
2026-06-25,10974.5,11035.0,10411.0,10504.0,1072182
2026-06-26,10974.5,10974.5,10974.5,10974.5,0
2026-06-29,10874.5,11055.0,10770.0,10974.5,468469
2026-06-30,10775.5,10950.0,10710.0,10874.5,264308
2026-07-01,10863.0,11130.0,10550.0,10665.0,310310
2026-07-02,10986.0,11275.0,10952.0,10971.0,356692
2026-07-03,11248.0,11279.0,10936.0,11000.0,307902
2026-07-06,11071.0,11360.0,11043.0,11260.0,121818
2026-07-07,11097.0,11230.0,11045.0,11159.0,153695
2026-07-08,11002.0,11192.0,10932.0,11101.0,156666
2026-07-09,11134.0,11245.0,10780.0,11003.0,268180
2026-07-10,11651.0,11685.0,11249.0,11340.0,462353
2026-07-13,11746.0,11958.0,11549.0,11625.0,475460
2026-07-14,11646.0,11886.0,11607.0,11740.0,243706
2026-07-15,11625.0,11800.0,11553.0,11650.0,247577
2026-07-16,11681.0,11825.0,11635.0,11670.0,254721
2026-07-17,11771.0,11850.0,11337.0,11709.0,299599
2026-07-20,11620.0,11979.0,11544.0,11800.0,395465
2026-07-21,11632.0,11731.0,11577.0,11615.0,184454
2026-07-22,10851.0,11642.0,10737.0,11632.0,407161
2026-07-23,10843.0,11395.0,9937.0,11299.0,3404237
2026-07-24,10652.0,10930.0,10549.0,10688.0,452845
2026-07-27,11089.0,11189.0,10665.0,10760.0,460067
2026-07-28,11334.0,11475.0,11170.0,11181.0,469607
2026-07-29,11427.0,11695.0,11368.0,11401.0,337103
2026-07-30,11136.0,11497.0,11082.0,11424.0,221089
2026-07-31,11186.0,11270.0,10882.0,11100.0,294348
2026-08-03,11332.0,11484.0,11160.0,11186.0,164111
2026-08-04,11600.0,11685.0,11425.0,11425.0,257067
