Date,Close,High,Low,Open,Volume
2021-08-04,5434.5732421875,5508.775718473501,5412.049723416691,5494.957719179671,40074
2021-08-05,5413.43212890625,5473.770732572269,5348.07280501331,5434.15913016557,23249
2021-08-06,5349.638671875,5464.466161310373,5330.9843719730725,5430.473971450019,38136
2021-08-09,5387.68359375,5506.242202969987,5352.309606904028,5373.359114964897,34680
2021-08-10,5397.3564453125,5453.503762792168,5344.387447616461,5453.503762792168,57825
2021-08-11,5327.5732421875,5421.35910044382,5258.299730580017,5421.35910044382,118525
2021-08-12,5393.37158203125,5450.551371541833,5303.060982080766,5337.860188746791,46206
2021-08-13,5331.41943359375,5412.138229539298,5298.1497017596175,5393.371825575569,80373
2021-08-16,5297.45458984375,5357.460745049065,5259.226730350017,5307.417001711814,44318
2021-08-17,5394.48388671875,5412.13802581697,5292.171874361454,5297.222766364692,46750
2021-08-18,5448.60498046875,5494.061196831485,5376.921865782724,5410.238203468857,58840
2021-08-20,5397.8193359375,5476.962942786094,5356.579588917754,5448.604734109166,75772
2021-08-23,5306.44384765625,5444.480894700988,5283.321604902161,5444.480894700988,28122
2021-08-24,5395.41015625,5436.232690902241,5324.097649033988,5416.771237354858,107616
2021-08-25,5309.54833984375,5439.940274967474,5291.662516194936,5376.04164729331,34788
2021-08-26,5277.4833984375,5356.441029917253,5266.640406813284,5328.685559703809,32901
2021-08-27,5275.5830078125,5313.254731482988,5206.402263678313,5276.834191773641,35189
2021-08-30,5310.5673828125,5344.856611577093,5182.956119158125,5276.788130304476,52498
2021-08-31,5305.609375,5351.436647913986,5277.761141201862,5342.169288579128,32942
2021-09-01,5409.17236328125,5444.388330366434,5290.735686561038,5305.609617971529,78300
2021-09-02,5522.3271484375,5533.818584520179,5408.43138271298,5408.43138271298,84572
2021-09-03,5592.61962890625,5641.968316961142,5522.326618424159,5551.148196221623,107708
2021-09-06,5595.400390625,5647.52929161836,5569.359018027198,5578.02409029388,35232
2021-09-07,5611.80322265625,5640.902640119902,5561.573954655873,5585.437404659187,52321
2021-09-08,5651.4208984375,5717.033617436754,5546.514216300692,5605.825312348018,105315
2021-09-09,5655.6376953125,5722.594366237301,5581.730504914537,5666.017318728867,65404
2021-09-13,5645.3046875,5695.023979694118,5607.725273995155,5655.63770262858,35645
2021-09-14,5609.11474609375,5670.835442644754,5581.12759563602,5644.191787630911,25346
2021-09-15,5558.65478515625,5611.803180410717,5546.560609954542,5579.923102911907,35058
2021-09-16,5570.6103515625,5592.018044646182,5507.314460861804,5558.6555471156125,32117
2021-09-17,5442.025390625,5550.221816927605,5431.599610788561,5550.221816927605,38945
2021-09-20,5343.32763671875,5441.793328328925,5335.218697409677,5421.405138066112,25659
2021-09-21,5361.39892578125,5426.548279280959,5268.400886668634,5347.266203147282,40321
2021-09-22,5370.10986328125,5408.940005332745,5301.855857660324,5361.398636694526,21260
2021-09-23,5402.8701171875,5462.135057023213,5336.886342300395,5392.676022626769,65714
2021-09-24,5290.41064453125,5458.474285399034,5269.512931623357,5393.648930157621,30570
2021-09-27,5228.45849609375,5336.423230022954,5194.35479547802,5300.92942553689,49568
2021-09-28,5217.1982421875,5278.548334752413,5182.492257075969,5226.790048469481,20806
2021-09-29,5201.90771484375,5220.859645687738,5148.481478776774,5216.596569891902,22583
2021-09-30,5172.20556640625,5276.7877980548565,5163.7721796314345,5235.084684615622,30251
2021-10-01,5161.41015625,5198.062385183401,5100.755102166061,5172.206540483216,25353
2021-10-04,5234.806640625,5323.170999015857,5161.455584787398,5161.455584787398,65535
2021-10-05,5241.89599609375,5310.196611701105,5194.354626280052,5236.057741031631,29911
2021-10-06,5183.2802734375,5268.447668415556,5171.186550411425,5268.447668415556,24764
2021-10-07,5168.68408203125,5226.790605402935,5162.382458758342,5192.501376254015,15079
2021-10-08,5143.80126953125,5217.522926684051,5134.116698726401,5180.3607279480375,19185
2021-10-11,5089.4482421875,5169.055221250442,5064.843584042117,5143.3844547703675,27278
2021-10-12,5121.60595703125,5140.557887210378,5083.146417138588,5088.706832544755,12620
2021-10-13,5133.8857421875,5152.65214613701,5106.361502058428,5151.725410139504,13620
2021-10-14,5131.892578125,5201.166083515395,5101.680898650517,5133.9311255080975,22028
2021-10-18,5095.05517578125,5171.1864412198765,5085.046156325837,5171.1864412198765,24617
2021-10-19,4907.4833984375,5098.48328968897,4889.597125536102,5089.633143576047,61275
2021-10-20,4876.20654296875,5004.281174864823,4837.561474325911,4911.700347495657,50731
2021-10-21,4830.33349609375,4924.536118741907,4751.375408938577,4876.484767278094,36373
2021-10-22,4776.1650390625,4878.939957599422,4763.422420719136,4819.953309369695,16381
2021-10-25,4612.50341796875,4801.325854473743,4599.529115583131,4801.325854473743,36822
2021-10-26,4614.263671875,4684.649436398252,4557.686632681821,4631.825496165869,34784
2021-10-27,4723.52685546875,4739.744734161527,4608.657756524515,4638.591145908644,53549
2021-10-28,4628.7216796875,4794.931864887067,4589.289245528084,4783.3938211630675,44327
2021-10-29,4677.560546875,4700.404496364652,4586.601508567762,4633.633355608476,23994
2021-11-01,4696.4658203125,4710.737462558777,4643.410190454498,4689.283617143949,15743
2021-11-02,4706.93798828125,4749.521685666091,4690.998401640854,4706.891832487429,19678
2021-11-03,4652.81689453125,4752.302092208827,4593.737475970736,4752.302092208827,48628
2021-11-04,4640.67626953125,4652.214312724283,4611.43793229403,4631.2699904562805,7433
2021-11-08,4874.26025390625,5023.8353383939575,4786.590946837261,4829.220798445105,395677
2021-11-09,4856.56005859375,4873.704674772356,4782.003965613929,4865.364050685467,44031
2021-11-10,4812.6318359375,4883.712201215317,4786.404940952511,4866.1042207868095,23296
2021-11-11,4763.70068359375,4837.330036764294,4740.254444762559,4837.330036764294,18951
2021-11-12,4753.69140625,4804.059588754603,4728.206171105859,4804.059588754603,13231
2021-11-15,4797.2490234375,4837.562040441177,4727.326609493511,4744.888438133874,25086
2021-11-16,4793.58740234375,4819.026482760652,4754.154972415797,4781.957048277877,18393
2021-11-17,4689.701171875,4818.100258187102,4658.794437093668,4809.759634543385,18400
2021-11-18,4696.3271484375,4725.426566503941,4652.214427113117,4725.426566503941,18997
2021-11-22,4573.1640625,4713.6568701768165,4523.120321320023,4696.327179458052,21632
2021-11-23,4630.34326171875,4652.121555845957,4531.553122112503,4541.00600950274,21996
2021-11-24,4580.20654296875,4654.7164694707,4550.273155150798,4630.343044405872,11468
2021-11-25,4536.9287109375,4609.353036582494,4523.398275256929,4555.046218170658,13753
2021-11-26,4755.77734375,4819.02707409753,4550.2736411190135,4558.614264901105,164950
2021-11-29,4886.53955078125,5036.809688616241,4820.972984917478,4911.7003403249455,272238
2021-11-30,4815.7373046875,4903.360009509195,4730.987119362019,4879.264874327332,74188
2021-12-01,4655.4580078125,4865.363698818677,4645.820044510683,4865.363698818677,53856
2021-12-02,4572.88623046875,4701.331936260217,4564.175002184421,4633.680205263372,63383
2021-12-03,4557.45556640625,4624.366080772083,4543.368999432041,4590.40084732897,56545
2021-12-06,4470.43505859375,4599.019664628928,4460.88940732576,4596.332221022358,35041
2021-12-07,4483.54833984375,4497.3104586311,4434.477492326643,4477.987924374742,24532
2021-12-08,4498.60791015625,4575.24915294438,4473.447120035518,4473.447120035518,26994
2021-12-09,4511.67529296875,4574.6467326203365,4485.402236885431,4539.940740949123,63149
2021-12-10,4511.119140625,4549.254236325835,4501.156728676622,4534.982592501348,15581
2021-12-13,4523.95458984375,4586.416506318519,4514.733385555542,4568.808522156051,22694
2021-12-14,4805.31103515625,4851.971824408749,4508.152815134118,4543.785990494656,350498
2021-12-15,4606.38671875,4793.077837567877,4581.782062825906,4793.077837567877,112094
2021-12-16,4599.01953125,4659.581811017844,4581.7359977298765,4628.11894714419,35121
2021-12-17,4610.140625,4702.628689351882,4551.6173418125,4601.243869614598,58432
2021-12-20,4464.55029296875,4582.338518859267,4439.065055178062,4582.338518859267,53103
2021-12-21,4529.7001953125,4540.96040010534,4449.305844552367,4467.794409390249,30410
2021-12-22,4626.82275390625,4676.680975196734,4486.097786298961,4527.10585881742,52093
2021-12-23,4764.99853515625,4809.759701665742,4680.016665397302,4698.551384864222,192718
2021-12-24,4683.1669921875,4791.224485990104,4647.765953176712,4781.9571272164285,78953
2021-12-27,4641.09326171875,4676.494753144705,4603.097090846053,4654.067563967964,31454
2021-12-28,4677.18994140625,4698.736551126848,4638.313189315872,4641.093397021755,24023
2021-12-29,4677.09716796875,4717.085731556918,4647.580539048712,4675.382616051995,21677
2021-12-30,4660.6943359375,4688.357496466644,4642.947431764754,4670.749512194482,29500
2021-12-31,4684.92822265625,4712.452462288667,4654.06809549925,4661.481983345526,21934
2022-01-03,4726.90966796875,4754.155615497525,4693.778856418256,4722.322143827866,37397
2022-01-04,4693.64013671875,4791.2252593539115,4684.650616254163,4763.33041444102,42667
2022-01-05,4692.80517578125,4758.788954359905,4655.504054960805,4698.551119494589,28765
2022-01-06,4646.79296875,4712.406145451966,4642.9471050627335,4692.805318121968,21897
2022-01-07,4585.072265625,4692.341951772124,4575.1098541685715,4692.341951772124,31549
2022-01-10,4567.5107421875,4633.494068134453,4559.07735482064,4584.562592600408,26171
2022-01-11,4546.1494140625,4603.978100055259,4533.638478584646,4564.962425582023,23005
2022-01-12,4514.96484375,4569.36442573437,4507.643720150164,4550.2735744114525,29100
2022-01-13,4565.6572265625,4573.441717708109,4499.025005107982,4522.425086844989,32818
2022-01-14,4538.50341796875,4582.708900193127,4522.609988219883,4566.954390323909,17515
2022-01-17,4518.0693359375,4546.566465742141,4504.863348954861,4531.738690884442,17920
2022-01-18,4480.67529296875,4536.9744986494925,4468.952174386164,4508.570133939279,105833
2022-01-19,4406.76806640625,4471.500658671155,4386.240956992866,4471.500658671155,32600
2022-01-20,4399.72509765625,4447.637527483852,4392.774578000861,4401.995781746794,77690
2022-01-21,4399.771484375,4470.527861404955,4360.292444219093,4399.215352329019,21996
2022-01-24,4254.3671875,4398.103580826846,4239.81725112144,4392.728692965164,33688
2022-01-25,4195.3330078125,4295.096027160971,4157.197919769426,4236.387223152707,23881
2022-01-27,4111.27880859375,4195.333946285208,4086.9058323653117,4195.333946285208,33083
2022-01-28,4153.12060546875,4207.380809129648,4097.099241665677,4097.099241665677,20010
2022-01-31,4197.8818359375,4225.869440406645,4160.580716914047,4215.721501557412,13816
2022-02-01,4196.49267578125,4228.789518836451,4160.25720436585,4197.882779908378,20159
2022-02-02,4286.94140625,4295.420949337754,4194.406734995183,4194.406734995183,21340
2022-02-03,4233.3759765625,4320.999132163851,4217.714229504736,4307.46869678856,30144
2022-02-04,4143.80712890625,4262.01257347428,4133.242429341779,4244.1729060382195,218942
2022-02-07,4082.503662109375,4151.59164818196,4024.814347549178,4133.242456843042,44851
2022-02-08,4205.06396484375,4253.717597494834,4059.1030668904955,4068.3704254907025,113429
2022-02-09,4231.56884765625,4245.330966156257,4170.311514683459,4170.311514683459,135601
2022-02-10,4187.87353515625,4231.476279902019,4157.012957011035,4231.476279902019,69798
2022-02-11,4124.85498046875,4170.2184273689145,4113.6413865413,4170.2184273689145,18577
2022-02-14,3997.660888671875,4101.130862850577,3984.9644256614274,4077.638016955879,33204
2022-02-15,4064.477783203125,4109.980602520969,3978.476880007588,3984.9640307553295,21209
2022-02-16,4094.597412109375,4126.5236477223525,4056.3695528160065,4077.6383246259843,55599
2022-02-17,4053.58984375,4123.882867203304,4034.0822299128804,4123.882867203304,15245
2022-02-18,4024.72119140625,4070.2701697310054,3985.891048259332,4040.5684655686323,29702
2022-02-21,3977.968017578125,4024.7215760202603,3966.429973684264,3994.2320529390604,26579
2022-02-22,3892.291259765625,3957.116624964135,3877.185643736805,3906.1922999790736,47714
2022-02-23,3971.109619140625,3984.96450230874,3910.825627847182,3910.825627847182,21435
2022-02-24,3915.181640625,3944.419979528873,3873.7563616870925,3892.291081121002,62741
2022-02-25,4030.56005859375,4111.741763468092,3915.1814361436363,3915.1814361436363,45621
2022-02-28,4079.908935546875,4095.895130964399,3985.9841548675713,4039.64207681092,20529
2022-03-02,4088.249755859375,4117.256411994377,4013.6936627871587,4013.6936627871587,37166
2022-03-03,3998.30908203125,4159.190516949564,3983.1107045118597,4114.707195912671,48264
2022-03-04,4019.25390625,4067.9537005232096,3958.0893321636504,3966.429955902698,15253
2022-03-07,3954.19677734375,4053.4968965654275,3880.521269190432,4003.4993109727334,26387
2022-03-08,4061.46630859375,4077.638031334766,3947.9411588577254,3983.1109678810963,52096
2022-03-09,4099.97216796875,4122.259984177084,4053.2647715906282,4086.905101971104,69144
2022-03-10,4068.555908203125,4179.578681989917,4048.02834712685,4179.578681989917,41330
2022-03-11,4145.7529296875,4159.190599851906,4045.202087422809,4045.202087422809,57508
2022-03-14,4053.07958984375,4145.289814878494,4044.2755985087747,4145.289814878494,24644
2022-03-15,4077.915771484375,4159.190690353796,4031.3011370407776,4035.934816508641,40042
2022-03-16,4026.436279296875,4137.876284495206,4019.717443224626,4123.882480243166,39930
2022-03-17,4066.517578125,4093.6707619894823,4019.254042007321,4026.4362460252037,71190
2022-03-21,4176.75244140625,4214.794768149974,4068.416655390213,4091.538896522017,73191
2022-03-22,4110.67578125,4199.503502945936,4092.7433520566274,4176.798474628122,33105
2022-03-23,4116.560546875,4255.014789039624,4100.806037803214,4159.190394951598,126511
2022-03-24,4143.158203125,4160.024524324542,4110.119707607576,4110.119707607576,29436
2022-03-25,4078.889404296875,4167.2999242980195,4068.3708606589885,4143.158633565336,18701
2022-03-28,4027.27001953125,4095.9412444208583,3992.007897383687,4060.0302261005218,30104
2022-03-29,4091.909423828125,4108.729589177708,4033.5250646754394,4068.741027338964,28076
2022-03-30,4060.679443359375,4116.561444961188,4040.569090506704,4116.561444961188,29378
2022-03-31,4029.5869140625,4086.859468464976,4022.034106414916,4060.6791773345103,36764
2022-04-01,4030.420654296875,4059.983892022173,4025.7408189243924,4031.347390212834,33012
2022-04-04,4093.39306640625,4139.173736031573,4035.8892764402835,4035.8892764402835,43695
2022-04-05,4146.21630859375,4164.751026110933,4077.6840095708667,4123.047911697272,23075
2022-04-06,4131.57421875,4207.381035254339,4123.974803277931,4156.410560157645,27983
2022-04-07,4146.26220703125,4207.195087086962,4135.0952214233685,4151.776466153449,21654
2022-04-08,4157.10546875,4188.846172602129,4147.235822141327,4188.846172602129,14873
2022-04-11,4148.4873046875,4203.998697327426,4144.363148726462,4193.480153843301,13782
2022-04-12,4069.11279296875,4165.678878109613,4049.836862589323,4165.678878109613,32625
2022-04-13,4094.319091796875,4124.39185191469,4043.348618721088,4098.118799382257,18024
2022-04-18,4132.59423828125,4177.494784726136,4054.516719427459,4085.470068136627,37298
2022-04-19,4119.109375,4179.578892232409,4096.172661567017,4170.311533269588,34867
2022-04-20,4133.9375,4165.678207140055,4115.634464495881,4122.121616320125,13651
2022-04-21,4132.1767578125,4147.097297385839,4097.516923141105,4133.242413673211,14856
2022-04-22,4029.679443359375,4140.656069207081,4016.5662206605534,4140.656069207081,30912
2022-04-25,3999.09716796875,4024.0728819483397,3773.1125239861276,4003.4991635768497,50583
2022-04-26,3970.78564453125,4068.3246017596057,3923.799951590108,4003.499242056983,46844
2022-04-27,3920.23193359375,3970.5073581784977,3855.2676539052663,3970.5073581784977,82327
2022-04-28,4019.57861328125,4075.7850630419616,3869.122928194677,3933.9482945456443,81563
2022-04-29,4064.57080078125,4120.2677176049,4019.577954863587,4019.577954863587,49189
2022-05-02,4053.44970703125,4076.7108665828587,3990.431671357771,4040.5681696524807,12912
2022-05-04,4048.53857421875,4096.12655354942,3985.8911363978536,4051.7355415935535,12256
2022-05-05,4046.40673828125,4059.1032009860683,3990.5247450789975,4003.499047547903,188552
2022-05-06,4000.626220703125,4057.0181921926123,3943.2613574963316,3989.5981537066295,41153
2022-05-09,3948.265625,4065.544327238098,3850.5877494857195,3929.360302724296,36411
2022-05-10,3908.833251953125,4051.6433499655427,3892.429844908856,3910.8256437108057,51834
2022-05-11,3913.652099609375,3947.8951742009244,3870.9760898209533,3947.8951742009244,13946
2022-05-12,3901.697265625,3927.553108103486,3855.221548278916,3913.6059130725635,29502
2022-05-13,3940.434814453125,3966.4295749399917,3892.2907043803657,3966.4295749399917,19110
2022-05-16,3896.83154296875,4034.2201347692617,3875.6093821904897,3984.964214112651,12707
2022-05-17,3934.4111328125,4030.3744548679297,3892.336960677291,3933.9939206517274,17606
2022-05-18,3983.203369140625,4068.3703015810606,3866.434654334426,3934.4108180981525,111646
2022-05-19,3949.423828125,4003.4989566169666,3911.288737593034,3952.528483789667,38223
2022-05-20,4034.91552734375,4068.370785351271,3929.545922243765,3929.545922243765,12604
2022-05-23,4088.7587890625,4165.677868729814,4003.9162984566588,4040.522366491103,86560
2022-05-24,3948.265625,4080.9743898120996,3906.19190471295,4077.6380499969114,14708
2022-05-25,3949.470947265625,4054.4699538678105,3912.679347481119,3944.188371122606,15491
2022-05-26,3937.7470703125,4008.132844268721,3803.3242064459723,3938.76657032358,27895
2022-05-27,3959.989501953125,3984.9190649918196,3913.884381084641,3940.4818880963376,9328
2022-05-30,3961.93505859375,4016.288030907402,3948.8218355601794,3999.7923121984827,8752
2022-05-31,3996.966064453125,4024.7681434254064,3952.343365696377,4007.2063158714636,8696
2022-06-01,3973.79736328125,4026.621309313702,3958.0890088527053,4026.621309313702,4344
2022-06-02,3930.101318359375,4007.159768384816,3924.7264312865696,4000.7187730493793,13469
2022-06-03,3883.99658203125,3923.8000726995656,3875.6098025577667,3896.92472973587,14521
2022-06-06,3903.319091796875,3918.1007113331148,3878.57551321789,3896.878548392133,7846
2022-06-07,3851.237060546875,3897.851701364631,3842.571988255544,3897.851701364631,10082
2022-06-08,3800.03466796875,3878.390012791564,3790.396478182234,3845.954254022698,16829
2022-06-09,3855.40673828125,3929.3600795296766,3793.5005108066525,3835.7597568805027,23496
2022-06-10,3847.019775390625,3855.2214788941556,3816.0207299556273,3818.1520415970963,5043
2022-06-13,3818.244873046875,3855.2215469014154,3797.8100738717276,3827.419468438184,10053
2022-06-14,3844.981201171875,3858.928395855032,3808.050684019305,3818.1520151111267,8179
2022-06-15,3851.00537109375,3866.8521950121335,3814.6309823485944,3841.32079869223,3826
2022-06-16,3833.813720703125,3890.2056916977554,3822.7856538034043,3871.022077231924,22196
2022-06-17,3805.038818359375,3864.4888379183617,3790.5816473130885,3839.1425196669097,42002
2022-06-20,3806.938232421875,3840.393488204357,3790.3961327098077,3826.8630538495763,17503
2022-06-21,3805.270751953125,3828.0219395817044,3790.396594012371,3807.0776156350717,15471
2022-06-22,3814.21337890625,3821.812794485569,3771.8152103865486,3821.812794485569,9491
2022-06-23,3809.579833984375,3829.180208966918,3799.6174224499027,3822.7858213672803,2495
2022-06-24,3798.968505859375,3844.0079636142486,3789.8402924873258,3817.2253851112628,3859
2022-06-27,3810.321044921875,3843.1740156172104,3794.9837458289066,3843.1740156172104,2987
2022-06-28,3795.63232421875,3842.8033190686738,3773.668727807192,3842.8033190686738,6099
2022-06-29,3787.06005859375,3821.8590385921366,3762.5479380902216,3775.5222413250153,4301
2022-06-30,3781.4072265625,3835.6674369023694,3771.8154187184987,3781.0827784696494,7720
2022-07-01,3808.745849609375,3816.2525013354966,3778.7658510072447,3804.2510897326156,4025
2022-07-04,3801.193115234375,3812.406258483079,3780.619395664336,3799.617483079735,2667
2022-07-05,3809.34814453125,3836.686855214542,3790.5353593865448,3799.617416999909,6809
2022-07-06,3823.387939453125,3841.3203699204114,3806.1044051298263,3806.1044051298263,5004
2022-07-07,3855.685546875,3873.7569008382407,3827.373940002401,3827.373940002401,5884
2022-07-08,3839.328125,3883.0236345869325,3832.284841271029,3883.0236345869325,2828
2022-07-11,3835.85302734375,3872.8297028492925,3809.81165551889,3872.8297028492925,3710
2022-07-12,3810.830810546875,3883.0234471413387,3790.3962385635286,3841.274175568379,9116
2022-07-13,3804.158203125,3835.7138328352203,3790.3499283618626,3791.5547303135863,3418
2022-07-14,3818.522705078125,3851.8390433720583,3790.350022794122,3804.2510619975237,9484
2022-07-15,3801.563720703125,3841.737815585182,3791.276860913825,3822.8320397528264,2805
2022-07-18,3866.528076171875,3878.946247928897,3812.9624644771816,3845.9543562030394,11133
2022-07-19,3898.54638671875,3912.67910969907,3828.346139783718,3828.346139783718,10571
2022-07-20,3925.282958984375,3937.654974666368,3899.7049557502332,3910.825787373095,8756
2022-07-21,3905.913818359375,3935.847205697228,3892.290620185627,3935.847205697228,3716
2022-07-22,3886.916015625,3927.1824202479193,3864.4888251331067,3918.2395090318405,6527
2022-07-25,3873.98779296875,3910.732781347936,3865.6471697675734,3910.732781347936,14647
2022-07-26,3833.16552734375,3873.4785423250896,3818.1522235199927,3865.8791263139924,34948
2022-07-27,3839.189453125,3847.8079170227184,3813.5186846215047,3822.786044729941,3100
2022-07-28,3863.701416015625,3866.3427041938326,3832.099626997039,3858.9288159786956,5181
2022-07-29,3877.185791015625,3892.198643511736,3869.1230063824237,3883.0240471239176,8283
2022-08-01,3911.7060546875,3938.627551418207,3877.1385343198085,3906.19179511241,7842
2022-08-02,3918.56396484375,3938.6277072508956,3901.5582700061814,3932.0943999396263,11196
2022-08-03,3932.094482421875,3982.7405116182954,3912.7253390489886,3941.0835496376117,11939
2022-08-04,3953.641357421875,3965.503397378421,3904.3388205551037,3932.0947451318425,6187
2022-08-05,3894.23681640625,3974.7700714893185,3790.3496368363985,3957.162090291301,46120
2022-08-08,3867.222412109375,3887.610600102123,3827.418927729534,3857.074473900804,50087
2022-08-10,3861.522705078125,3943.260986914559,3844.702540136076,3927.506477683643,70657
2022-08-11,3891.96630859375,3910.8254745472063,3845.9539619362336,3861.522943959763,107405
2022-08-12,3912.864501953125,3930.889243721755,3884.876896741623,3930.889243721755,97365
2022-08-16,3947.24609375,3953.3164854855995,3930.6576114067016,3937.7008948479693,10233
2022-08-17,3940.38818359375,3975.6969109971633,3915.5052348030913,3975.6969109971633,14062
2022-08-18,3943.986083984375,3973.140413459017,3887.2195958952793,3973.0934183115023,13393
2022-08-19,3972.486083984375,3982.531182579572,3915.719596574307,3951.6950659617573,31008
2022-08-22,3897.919189453125,3954.4986125693977,3882.5476690042174,3948.892045538345,17908
2022-08-23,3898.29248046875,3920.5786734467856,3858.345694357316,3890.116237697404,6277
2022-08-24,3905.5810546875,3920.5788946036573,3884.369817430884,3920.5788946036573,4496
2022-08-25,3880.865478515625,3911.5145259315045,3877.875127237397,3882.547265944912,7002
2022-08-26,3884.509521484375,3908.2904329273338,3871.333999530876,3903.711828404587,17666
2022-08-29,3854.468017578125,3877.5951049168925,3831.153862179681,3865.073407771116,17617
2022-08-30,3914.037841796875,3921.3727348912666,3865.7742817368653,3887.2195818875607,12399
2022-09-01,3969.68310546875,3975.990493443072,3902.4043004093137,3910.580544079731,10242
2022-09-02,3979.681640625,3990.941313616889,3917.3085821647032,3969.4494732485473,12238
2022-09-05,3996.968505859375,4008.695392626074,3951.228081053462,3997.482258660686,9440
2022-09-06,4028.92529296875,4049.1555623826985,3971.5049818323696,3997.3418177128283,124246
2022-09-07,4056.163818359375,4079.524512245668,4036.774442433752,4059.1541696822414,17974
2022-09-08,4037.382568359375,4091.765995125831,4013.554658335704,4088.07527889993,10516
2022-09-09,4040.4658203125,4081.1134297444137,4027.4303699547663,4041.4002481155326,11317
2022-09-12,4026.35595703125,4075.9276268212107,4019.9084963024497,4046.0724753578816,10145
2022-09-13,4014.9091796875,4074.1052730148704,4008.6953259710535,4055.416716716637,12079
2022-09-14,4002.014404296875,4032.0561683891638,3976.0370363368115,3977.532212147914,42901
2022-09-15,4009.395751953125,4027.383485618591,3969.4489667999474,4027.383485618591,7628
2022-09-16,3895.4892578125,4025.9820032197968,3831.200354178187,3994.6786732655523,20469
2022-09-19,3868.335693359375,3962.4557832221335,3849.5116753868233,3883.4891197414295,12524
2022-09-20,3963.39697265625,3970.9265798234906,3862.5000527869265,3896.5717090469902,9992
2022-09-21,3950.69091796875,3999.821790520814,3932.8549764524123,3963.3971305697214,11314
2022-09-22,3982.03271484375,3998.2215546844327,3923.960893146467,3950.6909076713528,8351
2022-09-23,3964.337890625,3999.0681092911186,3934.219464105532,3995.3975179732015,6477
2022-09-26,3910.077880859375,3964.3380184715547,3870.500108992356,3964.3380184715547,8153
2022-09-27,3958.1259765625,4026.4572504263783,3859.9589113913826,3922.9251565631475,10003
2022-09-28,3917.795654296875,3958.126205103691,3873.0417349665718,3958.126205103691,12418
2022-09-29,3980.009033203125,4137.80126976873,3887.159657747589,3929.6079096046956,76880
2022-09-30,4014.551025390625,4047.1635420185617,3920.6189074404165,3976.5734802391685,28084
2022-10-03,4042.834228515625,4084.576580082208,3954.0318322450594,4000.103799838558,157736
2022-10-04,4147.16650390625,4180.108535710328,4023.6338846409576,4092.341550975177,66563
2022-10-06,4178.93212890625,4228.392053945967,4125.330552118211,4183.638133555919,52658
2022-10-07,4177.89697265625,4205.239137093172,4131.872336268917,4178.932385656945,16935
2022-10-10,4190.5087890625,4228.53367494673,4123.448221643756,4169.520191789926,34428
2022-10-11,4171.54345703125,4197.285393437048,4154.084364248213,4191.167587616364,65900
2022-10-12,4152.29638671875,4223.168633943697,4103.730326114714,4223.168633943697,31472
2022-10-13,4115.166015625,4169.238196159283,4103.730515546514,4154.461156834296,23456
2022-10-14,4113.236328125,4160.107948787565,4103.730107187603,4117.942332591954,16318
2022-10-17,4094.5537109375,4142.225447911486,4045.375960505013,4094.224198685518,11024
2022-10-18,4087.541259765625,4139.401520801227,4080.152740853229,4139.401520801227,21241
2022-10-19,4109.0478515625,4140.342781658006,4062.5052829756196,4108.012438652709,6115
2022-10-20,4090.45947265625,4113.001420030383,4065.9413708741904,4094.2242765887454,3762
2022-10-21,4084.859375,4113.048529874032,4047.1644573131207,4073.518086337485,11544
2022-10-24,4092.435791015625,4113.047999142945,4067.8703552164316,4094.223980840231,1887
2022-10-25,4093.376708984375,4117.753719087226,4065.79924833468,4070.693676583372,3266
2022-10-27,4122.224609375,4131.871918524173,4070.6938605050227,4097.376997724448,5937
2022-10-28,4103.35400390625,4133.1429223380965,4070.7883588176333,4117.801070967197,6365
2022-10-31,4120.6240234375,4129.989155327659,4086.882342047007,4086.882342047007,8648
2022-11-01,4137.18994140625,4160.108276881962,4075.353313576064,4133.943073810431,13397
2022-11-02,4210.41552734375,4225.99221906679,4117.9425350223,4137.189818495854,32396
2022-11-03,4229.33349609375,4235.404426266382,4161.049548560817,4210.415723979728,21891
2022-11-04,4238.2744140625,4245.757144843024,4200.108902430059,4216.06244108103,12139
2022-11-07,4209.52099609375,4261.9929459053155,4188.343975990428,4258.934043001503,21494
2022-11-09,4116.62451171875,4226.603934117763,4084.812103588239,4207.16822650678,21473
2022-11-10,4101.1884765625,4146.836717617055,4070.7405372645435,4118.648028007245,13663
2022-11-11,4058.364013671875,4130.836481987496,4048.3403161371757,4104.765493154064,18159
2022-11-14,4218.18115234375,4262.699780531114,4065.9887506942837,4262.699780531114,73414
2022-11-15,4255.263671875,4263.64026834678,4207.168211812386,4207.168211812386,31897
2022-11-16,4171.68505859375,4282.464601453067,4163.543761760094,4254.2285711138165,11413
2022-11-17,4231.82763671875,4246.227826545809,4133.75431989121,4136.577922568731,7826
2022-11-18,4221.474609375,4230.698194691961,4180.390820984614,4226.933390959199,5265
2022-11-21,4145.095703125,4216.391672388908,4134.271892609688,4188.344068968836,6279
2022-11-22,4155.35498046875,4221.285917832011,4136.813139431693,4149.660439441383,10319
2022-11-23,4144.484375,4183.544216344629,4135.637177549352,4176.155696609858,3526
2022-11-24,4132.578125,4164.814257957069,4123.40141561806,4141.895922612121,6154
2022-11-25,4200.15625,4241.47534068384,4129.0486997803555,4129.0486997803555,9726
2022-11-28,4235.921875,4249.522412951716,4175.167535737279,4211.874373855799,18186
2022-11-29,4292.4404296875,4323.876444268477,4211.873549869707,4217.5207546293095,29522
2022-11-30,4328.95947265625,4353.05430841808,4270.2286264416925,4320.1122758138345,16057
2022-12-01,4282.7939453125,4353.054506129712,4263.640413571372,4353.054506129712,9629
2022-12-02,4318.6064453125,4385.996526779754,4283.546709127404,4283.546709127404,31756
2022-12-05,4297.66455078125,4354.37190702719,4284.346649485777,4341.242429746732,7722
2022-12-06,4300.111328125,4324.817850119699,4268.345799846102,4301.287829172366,56061
2022-12-07,4275.97021484375,4310.700438691099,4236.86303883324,4300.347228030488,5779
2022-12-08,4258.0400390625,4291.876397560175,4234.463138733164,4275.970193176357,5036
2022-12-09,4144.29638671875,4273.052498438081,4036.8110497358875,4259.875684566246,23957
2022-12-12,4146.1787109375,4282.464428027511,4131.872272316654,4160.861078462678,35796
2022-12-13,4142.177734375,4166.695830734352,4125.282996636247,4160.107425309653,16174
2022-12-14,4145.14306640625,4196.673816810066,4133.754443352625,4163.967084818602,6768
2022-12-15,4139.54248046875,4202.88557424181,4107.494774936827,4141.283793978092,23822
2022-12-16,4178.4150390625,4188.344525964271,4109.001464053541,4109.283640530339,20189
2022-12-19,4157.66064453125,4193.049889270667,4141.283841254981,4188.343884905606,4983
2022-12-20,4162.1787109375,4176.7673245619835,4145.989871990421,4157.66067097586,6084
2022-12-21,4173.70849609375,4187.402785298963,4141.283941406033,4163.872762904611,13085
2022-12-22,4115.82470703125,4195.685236662235,4097.188653253506,4191.167656118347,9812
2022-12-23,4087.6826171875,4160.108214386177,4054.693707596301,4137.143003035395,18345
2022-12-26,4071.68212890625,4127.1192317416235,4061.2820423826856,4081.0472620559267,5791
2022-12-27,4063.587890625,4107.824331630558,4049.46987753812,4063.211042619426,7057
2022-12-28,4071.588134765625,4094.223832124129,4048.1518651734236,4048.1518651734236,2684
2022-12-29,4224.2509765625,4290.93515617461,4047.1641086972627,4047.1641086972627,26833
2022-12-30,4171.1201171875,4228.298070557893,4161.049083958986,4225.9450683615805,6479
2023-01-02,4147.8251953125,4177.943621972093,4142.224866527194,4175.166895686124,3311
2023-01-03,4135.119140625,4169.6140605504315,4129.048211193287,4164.813844205674,4820
2023-01-04,4105.0947265625,4161.660994289034,4094.2240396647994,4161.614118070906,6052
2023-01-05,4113.9423828125,4126.177994884657,4095.165240458076,4105.094726426789,2496
2023-01-06,4077.0,4111.165407816332,4066.9289668439496,4106.600491674183,2404
2023-01-09,4073.7529296875,4095.165250868206,4064.2940441590554,4082.9296387649456,4983
2023-01-10,4057.234619140625,4095.1648289243,4033.045573877413,4095.1648289243,5812
2023-01-11,4033.375244140625,4074.4585702424356,4026.457325825165,4074.4585702424356,3144
2023-01-12,4004.151123046875,4052.764521049298,3994.456936835274,4029.2813729009918,3434
2023-01-13,3966.31494140625,4045.3758197331376,3943.6319070197396,4004.809967629831,6167
2023-01-16,3886.0302734375,3996.057031438619,3882.453893678905,3996.057031438619,10094
2023-01-17,3930.07861328125,3938.9258099246354,3886.218558943565,3889.98336258507,4370
2023-01-18,3892.0068359375,3938.9257930326976,3882.5479506570855,3930.078596427253,8286
2023-01-19,3905.27783203125,3929.5137551920147,3891.8657192141272,3892.006807434894,2786
2023-01-20,3894.736083984375,3915.9131036012923,3884.3359981785843,3892.853682240649,3723
2023-01-23,3866.123779296875,3891.6304155635917,3854.217679843499,3873.512298265182,6588
2023-01-24,3835.44091796875,3872.1006484475092,3823.1581998040306,3866.123930593238,6975
2023-01-25,3775.10986328125,3835.4880414366135,3765.744959887944,3825.981820031115,6420
2023-01-27,3766.262451171875,3806.075294605074,3750.685530552156,3795.0161841950394,9503
2023-01-30,3713.79052734375,3802.404499452753,3698.9195072861353,3802.404499452753,11665
2023-01-31,3641.6474609375,3721.461345200618,3623.670661171401,3708.331638275981,20021
2023-02-01,3596.4697265625,3669.742308530275,3576.5634194447407,3655.9538072615655,11869
2023-02-02,3628.1884765625,3661.2715971521775,3586.022629178067,3615.435158075498,31758
2023-02-03,3644.941650390625,3661.2715782643886,3625.7412435395863,3628.2824400661384,5795
2023-02-06,3633.788330078125,3689.5073750918264,3626.494023405431,3656.5653449570777,5259
2023-02-07,3636.094482421875,3659.2481171478003,3623.623570135047,3628.9412634601827,4213
2023-02-08,3634.117919921875,3654.6361463842486,3622.8235086345558,3643.294629092822,4566
2023-02-09,3634.35302734375,3670.589261634792,3623.6234291041883,3650.447654488466,6209
2023-02-10,3738.826171875,3768.568210706812,3593.081357841136,3669.4597150525797,21304
2023-02-13,3590.775634765625,3764.8035887410288,3529.5033644447144,3764.8035887410288,13293
2023-02-14,3604.18798828125,3629.129813722572,3590.6816625903775,3590.775874600539,5912
2023-02-15,3618.870361328125,3623.6234718391715,3590.728546279161,3595.387444785879,3698
2023-02-16,3626.82373046875,3647.1066573549697,3613.1763163864975,3623.623739080862,4872
2023-02-17,3633.411865234375,3642.44748579546,3621.882154200526,3628.329472284625,3561
2023-02-20,3602.25830078125,3650.8241300275536,3595.387488158322,3633.0355246835397,5031
2023-02-21,3595.810791015625,3614.1171018435166,3587.8576896805157,3609.4582035288377,3261
2023-02-22,3611.434814453125,3614.2113110396886,3566.9630737118164,3592.2341789920065,5010
2023-02-23,3586.587158203125,3683.436869778856,3576.563460418997,3600.0934831849113,6464
2023-02-24,3583.810791015625,3608.517315812887,3558.680771750345,3558.680771750345,4028
2023-02-27,3581.504638671875,3600.9874508766848,3557.7393165178864,3584.0929410846857,4760
2023-02-28,3571.1044921875,3606.681932995102,3546.4921799920958,3573.316406268286,7427
2023-03-01,3587.10498046875,3600.8937121259646,3567.1515664761455,3580.328379650464,3138
2023-03-02,3563.057373046875,3604.6586398995787,3542.680463886869,3604.6586398995787,7007
2023-03-03,3560.233642578125,3581.222469490135,3543.6215379068726,3566.6809609291086,11203
2023-03-06,3551.198486328125,3597.176017401671,3543.621772305425,3576.5167013661603,9411
2023-03-08,3520.703369140625,3556.2337062892,3510.6796705744573,3553.0808208638095,9520
2023-03-09,3509.5029296875,3543.6214630300874,3505.973426238267,3521.0326409549953,9964
2023-03-10,3495.949462890625,3528.561980370946,3487.14914304464,3506.3026722222016,7502
2023-03-13,3487.384765625,3546.3509123091612,3454.207432654679,3496.514368740607,12576
2023-03-14,3450.113037109375,3506.9146041606973,3437.2657365525674,3491.8082835399664,7465
2023-03-15,3405.2177734375,3466.4429383574184,3388.417475129069,3452.324924761067,9138
2023-03-16,3389.170166015625,3427.24192554257,3368.652170604602,3427.24192554257,8681
2023-03-17,3350.580810546875,3411.805971733333,3341.2630140556257,3411.805971733333,10125
2023-03-20,3326.10986328125,3374.158216551132,3308.3212576790065,3350.5810873778796,6559
2023-03-21,3323.333251953125,3343.1455767362977,3298.90913470178,3338.0160778191575,7757
2023-03-22,3318.15673828125,3331.851257627728,3298.344412953252,3331.851257627728,7663
2023-03-23,3313.544921875,3343.098538643816,3296.1798109785486,3309.262411761634,9331
2023-03-24,3316.0390625,3337.5927016154587,3307.3800599222773,3314.4390668799942,5759
2023-03-27,3281.308837890625,3317.7332678099297,3266.0143228262527,3315.991954180756,12489
2023-03-28,3240.084228515625,3287.755964103088,3207.6127961601305,3270.6732589954386,15221
2023-03-29,3296.650390625,3317.7331990394973,3207.612692858612,3237.77822790199,14183
2023-03-31,3263.284912109375,3296.1329644465063,3248.367014327765,3296.085858440049,13126
2023-04-03,3319.709716796875,3332.7923171188045,3273.5437676614115,3293.2618801464832,6465
2023-04-05,3396.041259765625,3425.92439026191,3316.9332730774363,3320.651200699775,14037
2023-04-06,3436.748046875,3440.8423627834063,3365.1696710873416,3388.32330558969,6682
2023-04-10,3394.20556640625,3452.2776129128906,3384.5582576906413,3444.7951121100523,6287
2023-04-11,3421.171142578125,3440.0893730416997,3390.205724130288,3405.6413273509875,68569
2023-04-12,3511.85595703125,3549.221587856523,3422.253674784809,3439.1481854585427,24444
2023-04-13,3529.597412109375,3565.2688325376735,3490.113852482521,3515.4322933091944,9992
2023-04-17,3490.208251953125,3548.13921354634,3441.0305047234206,3529.6915839154008,11080
2023-04-18,3554.11572265625,3593.457966632219,3488.2787649908005,3510.585180589891,15099
2023-04-19,3544.46826171875,3584.845916882212,3529.4090478102216,3576.563303275448,8937
2023-04-20,3542.962646484375,3665.6480477515615,3521.973820145353,3563.104254129579,7317
2023-04-21,3574.728271484375,3587.7637666152245,3536.656739467866,3552.939331880424,7422
2023-04-24,3558.30419921875,3604.7994315655237,3552.0921813911973,3604.7994315655237,4314
2023-04-25,3547.574462890625,3594.446314679341,3538.915460380812,3557.739478787093,4864
2023-04-26,3541.221435546875,3566.1632604906895,3535.5742298992186,3538.9155391978256,4280
2023-04-27,3528.7978515625,3549.033673075761,3520.4212545711707,3530.4449533135794,3197
2023-04-28,3531.056396484375,3557.7866409141916,3523.385700776963,3529.5035068555126,5771
2023-05-02,3542.397705078125,3553.5510274170592,3513.4086720254045,3519.855989965695,7973
2023-05-03,3565.881103515625,3576.5638268600123,3539.856987584344,3542.6805906055492,8733
2023-05-04,3571.198486328125,3585.034093079971,3558.680468872505,3575.6220844344475,5177
2023-05-05,3563.104248046875,3599.1051829454805,3553.033444241465,3576.563467051011,6355
2023-05-08,3545.17431640625,3576.563458674824,3531.3858149863,3552.9863299177996,5591
2023-05-09,3561.927978515625,3577.4106885739716,3539.009872680138,3539.009872680138,4331
2023-05-10,3540.421630859375,3567.151646268178,3527.6212058609844,3567.151646268178,4016
2023-05-11,3569.22216796875,3594.4463991832536,3543.6686542956236,3548.327553003631,5114
2023-05-12,3550.39794921875,3585.0341879075118,3473.031282063197,3571.8573754552394,6102
2023-05-15,3594.493408203125,3624.8942437808,3518.114815913582,3553.033461850155,17871
2023-05-16,3592.8935546875,3661.271712100884,3565.316320770382,3622.6824729759132,34187
2023-05-17,3593.269775390625,3602.8699787188575,3577.504660142693,3592.893386940647,3686
2023-05-18,3595.29345703125,3618.2588983382466,3578.4460517527773,3602.6819764851903,6592
2023-05-19,3599.622802734375,3614.211416525036,3556.8452682536727,3578.4457827156734,8955
2023-05-22,3614.870361328125,3632.0472782789298,3586.0226447742148,3594.2581529013128,4909
2023-05-23,3612.564453125,3669.742409362177,3600.0935408592786,3633.035573259298,6479
2023-05-24,3595.01123046875,3631.1061489289577,3588.328611828305,3623.623647354485,4730
2023-05-25,3595.810791015625,3604.6111109986364,3576.5632793247532,3595.010908153312,3535
2023-05-26,3581.739990234375,3612.234807184657,3501.267314064348,3592.893312705423,23476
2023-05-29,3581.504638671875,3604.705148385284,3562.4453209048147,3590.6813472263852,5290
2023-05-30,3577.222412109375,3606.682047862406,3560.7985014549704,3606.682047862406,18984
2023-05-31,3577.222412109375,3600.093641198774,3501.267541244298,3501.267541244298,8303
2023-06-01,3586.210693359375,3621.9763272016835,3571.763167774714,3577.2221788971938,36599
2023-06-02,3624.2822265625,3672.5658782484693,3581.269391782528,3602.9170122847618,22885
2023-06-05,3750.544677734375,3786.4514018732816,3647.0594499995364,3653.647856614777,46434
2023-06-06,3723.014404296875,3765.50953338689,3697.4135557661734,3750.544530861036,9437
2023-06-07,3735.0615234375,3777.0862810863305,3700.1902142588497,3723.9555367534645,8807
2023-06-08,3734.073486328125,3764.803603830239,3722.4495632871485,3722.4495632871485,9584
2023-06-09,3717.273193359375,3752.803529616956,3705.6492695834672,3734.0737224178447,3395
2023-06-12,3665.6953125,3726.1674738425595,3652.8009053770297,3717.7437712546425,8525
2023-06-13,3628.047119140625,3707.343296186694,3624.9882161685214,3684.989774467476,9768
2023-06-14,3624.1884765625,3704.3787516909774,3615.9058622303883,3704.3787516909774,22430
2023-06-15,3616.752685546875,3654.6831281208106,3604.799479964642,3643.482929222539,7340
2023-06-16,3629.411865234375,3642.7299962318193,3581.3166357028094,3612.329160311723,14012
2023-06-19,3616.752685546875,3669.742342658522,3604.799479964642,3648.8006224420174,34926
2023-06-20,3575.66943359375,3646.1652912285595,3568.0927201617847,3616.752762211135,29216
2023-06-21,3571.151611328125,3605.8349573445225,3557.73949814069,3605.8349573445225,12023
2023-06-22,3585.269287109375,3609.5052086537908,3576.5160733712128,3589.881079294945,9860
2023-06-23,3526.8681640625,3594.4464384246285,3505.12655992598,3585.9285238454654,78245
2023-06-26,3537.3154296875,3551.1510371218083,3526.8680076614874,3529.456310166678,41970
2023-06-27,3571.5751953125,3604.799634770201,3534.2095635932387,3555.9513974298984,28380
2023-06-28,3605.975830078125,3618.9173420294655,3567.151294224103,3590.398909735983,7275
2023-06-30,3555.056884765625,3633.0354711843406,3548.797990699626,3623.623462191635,123435
2023-07-03,3570.822021484375,3587.622549552395,3550.209813579493,3567.151429869109,70664
2023-07-04,3563.19873046875,3612.282269860335,3558.680919789378,3587.1522495496606,102204
2023-07-05,3571.95166015625,3595.3403648638264,3563.3866399738044,3581.9282519162225,12842
2023-07-06,3559.29248046875,3600.1878455724395,3550.2099832158765,3567.1516003149977,18756
2023-07-07,3576.892822265625,3595.3873274679027,3559.2921821484165,3559.2921821484165,41453
2023-07-10,3569.880615234375,3585.975241697873,3553.0332119184964,3585.975241697873,26561
2023-07-11,3568.6103515625,3587.7167759673844,3555.104026607656,3571.010459836911,48318
2023-07-12,3585.45751953125,3609.2228409106037,3573.1748025246497,3573.1748025246497,14279
2023-07-13,3563.48095703125,3614.1644895825,3557.7395394053574,3582.2107637504737,10492
2023-07-14,3565.26904296875,3585.9754629648723,3555.857033879603,3582.2106593292137,7900
2023-07-17,3638.682861328125,3668.8012916339967,3559.7630700031154,3576.516492817834,20361
2023-07-18,3634.117919921875,3668.6601782705684,3623.623621348229,3651.8596495665265,22781
2023-07-19,3638.588623046875,3661.271657621357,3625.55312789547,3636.047426465243,6413
2023-07-20,3668.70703125,3680.0956544733936,3632.659219281292,3647.1536217607163,14037
2023-07-21,3659.059814453125,3668.754230282898,3625.5531982012576,3668.7071242778943,10404
2023-07-24,3629.223876953125,3704.049354947228,3615.6706747400494,3684.707628829409,12912
2023-07-25,3623.81201171875,3656.5658521818605,3616.564810040875,3633.035827393045,6941
2023-07-26,3624.047119140625,3642.9182439742517,3591.6698986680817,3630.2591372685065,7219
2023-07-27,3666.07177734375,3704.096202410255,3620.6588331774956,3624.7058132852517,17698
2023-07-28,3744.144287109375,3762.8740931097636,3670.6835108894984,3670.6835108894984,27101
2023-07-31,3758.921142578125,3830.640606120756,3745.085535127777,3753.5092373337247,35862
2023-08-01,3786.921875,3802.451690070834,3759.1093420524307,3759.156448055176,14278
2023-08-02,3776.7568359375,3794.9220594111016,3736.5676031403955,3783.6276485199974,18963
2023-08-03,3756.427001953125,3791.298311451713,3736.5675710592895,3783.6276160348475,11662
2023-08-04,3730.9677734375,3782.922021335675,3709.3201509978107,3774.2159123110173,7494
2023-08-07,3709.178466796875,3761.321133570783,3685.319162291147,3731.9086059857846,10762
2023-08-08,3713.037841796875,3781.7455128871593,3673.883789370994,3739.3914690643815,19858
2023-08-09,3795.72216796875,3816.5696761350905,3703.5784613444716,3713.03757641256,66439
2023-08-10,3802.075439453125,3891.2068934393315,3765.7449909652983,3823.064036754164,37017
2023-08-11,3769.421875,3845.2333356976233,3754.497282758982,3833.825968570708,15037
2023-08-14,3655.01513671875,3713.3829669606607,3623.312303744435,3713.287812741296,35763
2023-08-16,3672.934326171875,3712.8125314492386,3638.7598040927073,3655.015161957489,10205
2023-08-17,3656.96435546875,3719.657300202014,3650.3576348120246,3706.3487046584282,15978
2023-08-18,3719.60986328125,3764.383640789558,3652.2587725214785,3686.480874502419,26376
2023-08-21,3698.601318359375,3743.5178286189603,3679.8742694932407,3721.1308231205007,14688
2023-08-22,3711.62451171875,3731.159674392456,3688.619701034733,3712.147395796826,10464
2023-08-23,3705.017822265625,3724.6479072461607,3681.0148203381823,3722.6993343406184,17328
2023-08-24,3664.521240234375,3707.86932465973,3657.962097497921,3690.282968421759,32888
2023-08-25,3653.304443359375,3678.8758649360047,3640.8513081924802,3664.616656157183,6307
2023-08-28,3650.547607421875,3669.3698098580503,3639.9007777063407,3669.3222327443355,7006
2023-08-29,3649.596923828125,3689.7603620425557,3642.847704230342,3678.7807248240456,6186
2023-08-30,3650.45263671875,3661.907348881143,3641.897111369158,3649.596944933704,8584
2023-08-31,3629.966796875,3669.2271978225845,3613.331053429708,3654.730335677401,9024
2023-09-01,3627.11474609375,3662.7151885981584,3612.4278084295074,3640.090532399832,15069
2023-09-04,3667.325927734375,3683.6288632894807,3627.1149133390627,3659.8635157843873,21502
2023-09-05,3676.214111328125,3712.147363982603,3632.438293820162,3683.6289463335693,128806
2023-09-06,3659.578369140625,3726.3589971617444,3646.412505570889,3678.8758781740994,22285
2023-09-07,3659.958740234375,3689.047386888674,3640.566077048033,3664.996808335347,199480
2023-09-08,3657.53466796875,3748.128221795073,3652.1162149915854,3670.8908400843466,20739
2023-09-11,3656.251220703125,3707.299141902345,3652.2586886470676,3659.86360002374,33702
2023-09-12,3651.973388671875,3697.9356637648193,3617.085904810893,3695.844359592661,33305
2023-09-13,3659.4833984375,3678.8758293557535,3646.127226593816,3659.7683969435393,55192
2023-09-14,3659.10302734375,3689.1425198266334,3655.1104953260183,3659.7210656372577,12977
2023-09-15,3712.19482421875,3721.6533860245195,3655.1104136051795,3676.9745331143913,31182
2023-09-18,3720.32275390625,3743.470063756001,3702.165935084896,3712.194958421644,41603
2023-09-20,3698.030517578125,3726.1212043397054,3669.36960173475,3720.322598882382,54435
2023-09-21,3642.6572265625,3716.90026327355,3614.2339644414415,3716.90026327355,42121
2023-09-22,3667.4208984375,3673.837542348843,3633.293951801673,3645.8420090338263,8581
2023-09-25,3648.83642578125,3686.5284074560645,3636.0982919187695,3667.4209745788644,6108
2023-09-26,3668.086181640625,3684.5318482997354,3650.3573254843554,3650.3573254843554,11228
2023-09-27,3666.232666015625,3675.5011517537473,3653.637031550998,3662.620286695867,6098
2023-09-28,3659.24560546875,3675.0256565130708,3635.8604113557117,3666.232478186372,9667
2023-09-29,3669.036865234375,3712.14729865522,3641.6593704398806,3659.815956773488,21912
2023-10-03,3719.6572265625,3722.6042226364893,3659.8637020302563,3682.6784367961595,15738
2023-10-04,3723.174560546875,3738.2892289953734,3693.230222158228,3735.9126942026232,17232
2023-10-05,3764.62109375,3770.990160418281,3717.7557823946117,3733.1083360211624,23696
2023-10-06,3792.093994140625,3797.702523306613,3753.97428398944,3771.3229876315795,15424
2023-10-09,3765.28662109375,3792.9495792797834,3743.8978076767585,3787.245895701919,9805
2023-10-10,3763.100341796875,3797.7025955158692,3744.468216204508,3765.286568137525,24153
2023-10-11,3784.489013671875,3824.414796665323,3746.369304218553,3773.9371067616485,91288
2023-10-12,3771.608154296875,3840.4800836374925,3758.7272897778826,3840.4800836374925,10042
2023-10-13,3779.73583984375,3804.594299306415,3755.8753392615768,3755.8753392615768,9885
2023-10-16,3745.1337890625,3811.914420060397,3732.1580012820687,3782.4929642794445,11317
2023-10-17,3771.322998046875,3792.9494642906375,3758.774940972683,3782.968018331978,7478
2023-10-18,3776.17138671875,3830.974187661709,3764.6688651829486,3771.418317007011,116240
2023-10-19,3759.915771484375,3791.8089154633744,3735.9127695932225,3773.937327044553,10603
2023-10-20,3759.7255859375,3779.736055131887,3734.0114332910384,3779.736055131887,5300
2023-10-23,3734.724365234375,3851.1745681592774,3721.653424089743,3731.159563104021,12777
2023-10-25,3789.71728515625,3850.0812649165723,3648.4559735451658,3717.8507849231746,20597
2023-10-26,3739.477294921875,3801.3147733143333,3738.193873369546,3797.7023942072806,34360
2023-10-27,3742.13916015625,3766.807544218412,3693.2774668940983,3740.713239319322,12196
2023-10-30,3749.316650390625,3778.8330284803696,3657.96255507726,3659.9113601316676,26622
2023-10-31,3740.09521484375,3778.6902318057705,3721.7958973689674,3778.6902318057705,6147
2023-11-01,3691.471435546875,3752.690878012326,3669.749815049224,3740.6657049834425,15275
2023-11-02,3701.07275390625,3716.9003826511575,3692.1844210273903,3692.1844210273903,5888
2023-11-03,3694.22802734375,3733.868811703673,3686.338117826994,3720.5126403076333,4218
2023-11-06,3719.13427734375,3756.0654870446156,3664.141171979807,3730.2088361262845,15837
2023-11-07,3692.469482421875,3716.900212336911,3688.3817963854767,3716.900212336911,4258
2023-11-08,3750.40966796875,3851.1747461779096,3659.8636896723115,3707.441964054748,26667
2023-11-09,3698.88623046875,3754.8772958678874,3682.8682935569573,3750.409456992682,8116
2023-11-10,3697.602783203125,3718.3262123191816,3684.912227084559,3718.3262123191816,6662
2023-11-13,3718.13623046875,3745.418803253419,3703.686945461726,3726.4065250643152,4580
2023-11-15,3724.93310546875,3735.7702435146607,3704.01959902067,3724.93310546875,8451
2023-11-16,3771.798095703125,3814.1955661606935,3724.5050567613494,3724.9327865762916,20878
2023-11-17,3789.099365234375,3797.702467302906,3752.120577973123,3791.0481701136396,8335
2023-11-20,3790.00244140625,3818.520858228139,3778.7378060116857,3802.4079991404656,8846
2023-11-21,3836.962890625,3892.7638795513253,3783.8710120350943,3785.5345863425946,30630
2023-11-22,3892.763671875,3926.938425064087,3835.7268415178573,3837.580492087773,64593
2023-11-23,3926.3681640625,3958.3562285515814,3849.9862453491605,3916.529217490998,25157
2023-11-24,3871.18505859375,3933.593000817442,3854.739391591474,3898.5149763273553,15876
2023-11-28,3860.1103515625,3891.765841762428,3830.9741275203332,3871.1851430670813,11863
2023-11-29,3837.29541015625,3876.318156187159,3824.604854160293,3872.800931262254,11436
2023-11-30,3883.067626953125,3888.0107727169034,3825.3178336908877,3837.6282370313297,11369
2023-12-01,3898.84765625,3919.8563157325166,3883.2576815247558,3883.305258635225,12531
2023-12-04,3850.93701171875,3936.4922650030467,3771.085441986739,3918.4306004208065,19824
2023-12-05,3832.780029296875,3870.8045846889263,3826.2208863251335,3868.9033569193234,10572
2023-12-06,3840.527587890625,3857.5910603337134,3794.7553910863166,3832.8275227583977,110510
2023-12-07,3843.80712890625,3858.541643682569,3812.436871640538,3849.9861189737385,10944
2023-12-08,3879.074951171875,3889.0088194416603,3849.9860746632585,3849.9860746632585,16224
2023-12-11,3887.440185546875,3893.714329790566,3860.0626923323025,3893.714329790566,11556
2023-12-12,3893.096923828125,3902.2702555907,3845.138264496405,3896.376263447747,16762
2023-12-13,3895.235595703125,3917.7648665533147,3850.6516647006533,3911.776184671263,11264
2023-12-14,3953.5556640625,3969.2407926150263,3891.337801804044,3897.5167918398874,80631
2023-12-15,3992.24560546875,4006.8849668169837,3921.282370077584,3954.601201882616,22885
2023-12-18,4028.3212890625,4055.271284178565,3944.7146164200053,3992.2453082765883,20521
2023-12-19,4030.935791015625,4049.6152615365054,3979.792484095112,4026.467719966399,33297
2023-12-20,4030.602783203125,4044.3393392041608,3993.528842508568,4031.6485512868694,25530
2023-12-21,4012.256103515625,4030.6027653420397,3954.5536565620014,4030.6027653420397,10446
2023-12-22,4011.875732421875,4054.5586686731394,3975.657713480059,4052.4671323867833,10803
2023-12-26,4022.85546875,4040.1090179580096,3996.0957806762067,4040.1090179580096,8034
2023-12-27,4051.231689453125,4075.2820369176675,4003.2256845862385,4022.9031150116903,16121
2023-12-28,4051.99169921875,4098.096472805169,4035.4511103943296,4083.8372644794717,15417
2023-12-29,4058.123046875,4089.540647915258,4021.0964529710695,4078.1332820912266,68213
2024-01-01,4056.744873046875,4084.78798347567,4026.1827285824425,4084.78798347567,10807
2024-01-02,4078.75146484375,4087.6397977023757,4045.0998253890775,4063.921795069859,13380
2024-01-03,4159.93359375,4172.244228895968,4079.7970310695537,4087.6395954095838,21230
2024-01-04,4178.47119140625,4188.1676398947975,4160.552488799649,4160.552488799649,19550
2024-01-05,4180.99072265625,4206.466992446529,4166.826202579725,4173.71815414927,14310
2024-01-08,4177.52001953125,4201.285366410897,4136.358624402475,4193.15780344483,18559
2024-01-09,4161.6923828125,4182.653697217542,4139.97076297564,4182.653697217542,11658
2024-01-10,4183.69921875,4198.05358181588,4135.170563663899,4161.692599273318,15592
2024-01-11,4119.3427734375,4198.195916737126,4106.414331761712,4194.916577332414,15966
2024-01-12,4132.984375,4145.769853876491,4112.1182135400695,4139.971016061861,10102
2024-01-15,4145.341796875,4158.74508016529,4125.759059697619,4144.105720430824,14053
2024-01-16,4058.028564453125,4149.525159647006,4021.239617913572,4128.421343712119,22956
2024-01-17,4042.913330078125,4114.256713343058,3995.002021047622,4058.0279973515244,15084
2024-01-18,4040.58447265625,4054.368374515682,3983.1196754444572,4003.035222763315,16087
2024-01-19,4070.1484375,4082.7914163007326,4058.0281106608513,4082.7914163007326,55932
2024-01-23,3981.836669921875,4045.7176461646914,3940.389810618334,4018.6729589291767,12155
2024-01-24,4020.76416015625,4042.485781527657,3948.090002913267,3991.580590686316,10799
2024-01-25,4077.70556640625,4088.5902809539625,3980.220299082595,4021.096695753374,12725
2024-01-29,4129.18212890625,4170.581182051548,4079.084586513919,4079.084586513919,21935
2024-01-30,4127.75634765625,4154.1832315171805,4104.7986479379515,4132.5567627489845,7581
2024-01-31,4109.50390625,4147.195654703406,4087.639786461948,4127.280571918369,7185
2024-02-01,4352.10107421875,4465.9844424483645,4111.928082752222,4111.928082752222,249930
2024-02-02,4429.8134765625,4480.148204608094,4344.3529147008185,4417.360341505324,50537
2024-02-05,4473.779296875,4561.996080635814,4424.67971788051,4515.368654767856,41680
2024-02-06,4533.525390625,4600.781329338715,4472.305943484357,4514.465766098011,32514
2024-02-07,4367.07275390625,4566.606511479044,4349.058435484848,4553.678070072414,31059
2024-02-08,4292.3544921875,4407.996578295153,4277.762476240714,4407.996578295153,10495
2024-02-09,4145.43701171875,4330.379229026334,4120.62635965024,4324.342737779028,128731
2024-02-12,4145.341796875,4346.158962781332,4118.343993533247,4144.676181546067,35414
2024-02-13,4115.0654296875,4201.666456299477,4092.3931933785916,4184.317751124296,9513
2024-02-14,4283.46630859375,4301.432818785753,4105.939159652365,4135.170537590505,30478
2024-02-15,4314.45654296875,4384.611666432531,4287.2688913124,4358.564937176798,16879
2024-02-16,4361.65380859375,4394.68763845233,4260.175784495807,4332.897740875129,16335
2024-02-19,4377.91015625,4463.132606151749,4326.053885488774,4361.654564467681,18292
2024-02-20,4383.56591796875,4408.94749607738,4372.158550579157,4378.575194735803,19933
2024-02-21,4287.79150390625,4419.35684399904,4254.947978080035,4399.3939513404885,17736
2024-02-22,4256.896484375,4330.664217497187,4212.217630076374,4330.664217497187,34710
2024-02-23,4238.50244140625,4277.762610363473,4225.478845125697,4277.762610363473,12587
2024-02-26,4182.8916015625,4275.861458274381,4167.776468737923,4275.671149821548,12626
2024-02-27,4167.68212890625,4242.637672271897,4136.692019342408,4182.891953068431,11326
2024-02-28,4335.51220703125,4379.715751980426,4160.551909947574,4167.6815139716355,46747
2024-02-29,4377.4814453125,4446.020793916976,4335.511938391458,4358.564323307533,36397
2024-03-01,4363.2705078125,4370.92276413164,4321.0155337886845,4345.256188526691,9560
2024-03-04,4364.9814453125,4408.7096854136325,4277.382465856339,4325.2459693221645,15716
2024-03-05,4402.720703125,4448.492667188617,4353.953934099072,4364.981147597154,19456
2024-03-06,4319.82763671875,4410.8489265280305,4296.775247393684,4402.721362556504,13852
2024-03-07,4303.4765625,4372.824033657061,4277.952950071891,4363.222740228031,34399
2024-03-11,4186.931640625,4325.198155963714,4106.747264118115,4301.480617301421,84424
2024-03-12,4100.85302734375,4240.830917871134,4074.3309935508933,4228.330438477455,19239
2024-03-13,4056.26953125,4172.2444276204005,3992.6735538606035,4101.28119246977,38858
2024-03-14,4043.436279296875,4086.689212342134,4002.084574077782,4051.754151036348,11311
2024-03-15,4159.9814453125,4185.457711337061,4012.636295605166,4073.427774032648,8982
2024-03-18,4124.28564453125,4181.465440485097,4087.592320264734,4163.688775343683,5202
2024-03-19,4132.603515625,4163.641429996103,4078.1335262212647,4078.1335262212647,12124
2024-03-20,4150.3330078125,4182.701225951091,4073.6182792061168,4132.603686964397,8388
2024-03-21,4131.98583984375,4230.184534790043,4087.6397939819626,4150.332966721558,7866
2024-03-22,4134.12451171875,4148.003566870528,4099.522260141894,4144.34361068606,14023
2024-03-26,4061.1650390625,4132.698734315514,3754.9248671017535,3754.9248671017535,27759
2024-03-27,3996.713623046875,4753.069475916,3879.5028833540923,4068.6274713840958,102860
2024-03-28,3987.778076171875,4444.072760838544,3968.813142673634,4163.688997583357,179513
2024-04-01,4228.6640625,4258.750904066982,3992.578972562795,3992.578972562795,28241
2024-04-02,4142.4423828125,4228.472936906094,4102.849408485683,4182.700972506257,35586
2024-04-03,4147.291015625,4187.8824170082935,4120.721170021999,4168.157177520764,28100
2024-04-04,4113.8291015625,4153.802695570984,4095.3399392389715,4126.615044508397,83880
2024-04-05,4122.24169921875,4195.771771439465,4119.9603188714,4125.664001823229,31872
2024-04-08,4083.69482421875,4168.441960758594,4053.1800251275845,4168.441960758594,35902
2024-04-09,4018.767333984375,4110.454224071041,4006.9798152593667,4087.639492022543,11429
2024-04-10,3982.121337890625,4051.4688025259065,3967.862130426228,4032.503870931495,21125
2024-04-12,3952.03466796875,4024.8517832937155,3936.4920383502817,3964.1071856258127,68878
2024-04-15,3904.979248046875,3952.0346342423463,3897.4216821729533,3945.047529519331,13909
2024-04-16,3911.158447265625,3937.34767491191,3883.2578360751227,3908.401759750271,14524
2024-04-18,3910.2080078125,3943.289187806614,3873.751869775209,3943.289187806614,57239
2024-04-19,3926.225830078125,3944.0971862531255,3873.8469098254645,3910.2078925620713,12557
2024-04-22,3938.72607421875,3983.3097719236903,3895.662987373472,3935.636579138802,17885
2024-04-23,3946.615966796875,3983.0721014176993,3927.9364971498644,3982.1214875510123,7554
2024-04-24,3943.812255859375,3977.368742421914,3909.8751523855954,3973.56628664522,15946
2024-04-25,3938.583740234375,3954.506523237611,3892.7639640747016,3941.24527351739,12362
2024-04-26,3986.58935546875,4007.027552562186,3925.5124176430168,3951.7016426704026,10907
2024-04-29,3992.7685546875,4043.2935889465034,3936.492028026008,4002.084384928639,31628
2024-04-30,4046.953369140625,4062.448188850782,3992.910880253384,3993.528686407426,25386
2024-05-02,4065.77587890625,4112.688770342408,4023.1885594584714,4077.753707553116,64280
2024-05-03,4002.940185546875,4101.899190484423,3987.8255165891437,4078.0864967255707,10857
2024-05-06,4059.643798828125,4066.7260576902627,3968.860175988148,4066.7260576902627,15129
2024-05-07,4052.038818359375,4086.688878325973,4003.034860811973,4059.121077099768,10886
2024-05-08,4067.866943359375,4076.232159512504,3997.426364747103,4052.0388515370637,11603
2024-05-09,4092.202392578125,4144.581309529075,4032.59918156519,4076.184920238691,14337
2024-05-10,4124.23876953125,4154.183110026867,4014.3003551164534,4085.7389031797425,13575
2024-05-13,4144.62939453125,4163.68901818286,4093.2962422522833,4116.110976598491,39325
2024-05-14,4113.734375,4197.815897340168,4089.350756729699,4144.629327259027,22763
2024-05-15,4101.0908203125,4132.6987321519355,4042.010259888116,4113.3063016312035,16958
2024-05-16,4121.38623046875,4134.837323233601,4076.2320738669127,4101.090532510122,14010
2024-05-17,4183.2236328125,4192.159774423323,4097.145733520958,4141.824584907381,26090
2024-05-21,4166.11279296875,4301.527929704343,4117.108831723648,4277.762582026418,46829
2024-05-22,4272.96240234375,4278.713431131158,4166.540983925321,4228.615889805491,45306
2024-05-23,4348.82080078125,4448.872910575715,4258.750136619487,4273.009344666205,36048
2024-05-24,4281.18505859375,4360.894130772335,4266.355388207763,4350.104569655485,31737
2024-05-27,4326.814453125,4358.517520498273,4247.343035807828,4281.184984521872,18901
2024-05-28,4349.486328125,4363.317573983605,4289.977808247744,4349.01102119973,12722
2024-05-29,4394.0224609375,4407.949325958777,4314.8838534629085,4347.157381156862,16328
2024-05-30,4350.95947265625,4394.592554346557,4283.037929261436,4394.0220932187485,34624
2024-05-31,4382.09228515625,4399.44098827553,4305.615213684214,4309.417669162412,19566
2024-06-03,4514.60791015625,4586.664722273298,4464.890988855179,4572.690512277125,49037
2024-06-04,4462.181640625,4581.958991864614,4253.997196803765,4514.607904306411,57373
2024-06-05,4624.07080078125,4680.822633733537,4448.872852533094,4453.625921819988,42540
2024-06-06,4655.7265625,4714.141506059836,4619.508081375554,4648.501804285721,23257
2024-06-07,4683.4365234375,4770.322531632626,4623.880661900683,4655.155762982379,77963
2024-06-10,4684.62548828125,4738.763137738136,4633.814987608655,4683.437220858289,53385
2024-06-11,4684.3876953125,4714.997648883305,4635.193425466745,4684.625348790016,19697
2024-06-12,4660.6220703125,4707.48714762394,4611.237494955714,4684.387416650334,37228
2024-06-13,4628.82421875,4685.243248268775,4614.280011303281,4681.678446035073,7243
2024-06-14,4590.609375,4657.960458212854,4572.547712089486,4634.242457303071,9661
2024-06-18,4527.91650390625,4590.609676263553,4501.156815460817,4563.137027393284,27387
2024-06-19,4600.54345703125,4653.255185090943,4513.086975513708,4560.09501999617,28411
2024-06-20,4550.11376953125,4652.2096171235635,4543.934778723363,4642.75128661783,19203
2024-06-21,4384.2783203125,4629.441997918087,4338.26870386489,4559.001420421038,279258
2024-06-24,4379.95361328125,4452.675577777401,4353.6692313653775,4387.035872614649,23555
2024-06-25,4377.91015625,4443.169712705703,4358.66022328417,4418.45374939155,17769
2024-06-26,4381.90234375,4434.6140728985065,4372.824166202172,4382.330305693916,7355
2024-06-27,4301.71826171875,4424.965262618264,4278.713219373712,4387.4633581102735,39570
2024-06-28,4304.90283203125,4394.688509747727,4286.318514049859,4343.355353890842,33030
2024-07-01,4375.01025390625,4404.90724732667,4319.542303064142,4343.354996069178,15259
2024-07-02,4354.001953125,4416.552161829376,4339.552436235708,4400.391725593668,8284
2024-07-03,4362.12939453125,4408.947127613389,4323.867186276304,4390.885464089315,12675
2024-07-04,4392.0263671875,4429.480460655988,4353.811504126432,4390.885444882094,12961
2024-07-05,4397.87255859375,4412.131766605769,4365.741531373177,4396.589137039283,7561
2024-07-08,4362.3671875,4406.808387329075,4349.105937927006,4396.922095601557,7177
2024-07-09,4479.0078125,4515.416140131541,4358.564842632236,4362.367298329188,30704
2024-07-10,4770.94091796875,4800.600257702922,4507.431019947088,4507.478364975929,229239
2024-07-11,4706.72705078125,4784.2972374987585,4665.612999794875,4781.397586616896,31982
2024-07-12,4616.60888671875,4748.316251944247,4590.514350478232,4706.7268953831735,28498
2024-07-15,4696.2705078125,4783.44199160517,4593.509048268003,4629.5372236894755,217710
2024-07-16,4757.5849609375,4786.341031683963,4698.504399328157,4698.504399328157,30341
2024-07-18,4832.96875,4914.674206075335,4765.618121817055,4772.034766089977,60913
2024-07-19,4809.48876953125,4865.147030506949,4784.487344204471,4848.083788644489,17009
2024-07-22,4763.716796875,4848.131129701846,4724.598661622362,4726.547698713893,12540
2024-07-23,4935.01708984375,4971.7108805719945,4734.057396797042,4763.71673723894,56381
2024-07-24,5039.3466796875,5080.080577299571,4888.103918469315,4943.192178510061,37538
2024-07-25,5024.13671875,5119.055604926355,4953.69613931958,5036.399544635939,29244
2024-07-26,4984.4013671875,5064.870739080686,4971.710579090088,5033.453136097569,11444
2024-07-29,5102.65771484375,5167.537112922663,4990.722929147163,5000.229068059824,25170
2024-07-30,5306.0419921875,5369.8278159589245,5232.3694121482,5322.487427613359,182732
2024-07-31,5371.72900390625,5394.734046653033,5249.8127675215355,5305.3763373340225,38553
2024-08-01,5361.794921875,5389.980529695137,5287.3615789171545,5352.003320719495,22928
2024-08-02,5378.85791015625,5393.735387546291,5277.665349057858,5317.828782341446,11383
2024-08-05,5292.59033203125,5385.512842490066,5242.017950107799,5323.437939328604,27800
2024-08-06,5506.8115234375,5788.241065173196,5273.055643193332,5292.590574430747,151715
2024-08-07,5526.10888671875,5724.596882566398,5404.572807263622,5529.2930719372725,95300
2024-08-08,5552.10791015625,5703.540985167812,5519.169230867106,5526.108990939989,48288
2024-08-09,5562.232421875,5656.580854580028,5544.9310626542465,5552.108012170565,17822
2024-08-12,5539.46484375,5635.524192591084,5471.305641515051,5562.232232301124,35506
2024-08-13,5501.962890625,5583.288187470089,5472.731513487578,5521.21282191062,35602
2024-08-14,5486.46826171875,5558.049304520724,5471.305783965957,5489.795410452358,10499
2024-08-16,5561.99462890625,5654.536521486991,5475.58345336304,5475.58345336304,31119
2024-08-19,5568.88671875,5676.068439518347,5557.289043119812,5608.622195416848,76638
2024-08-20,5610.42822265625,5629.963617285688,5532.573035149649,5603.869079417041,14500
2024-08-21,5714.18505859375,5808.235777829821,5613.631788401813,5613.631788401813,52016
2024-08-22,5662.59375,5766.398295392232,5645.906390712395,5714.185043310433,106527
2024-08-23,5599.3349609375,5732.928152363303,5570.02492123547,5622.9553854705955,21015
2024-08-26,5530.19580078125,5642.033511142263,5474.731274333851,5599.335015078348,19022
2024-08-27,5610.71533203125,5756.835487872613,5518.7205316466525,5518.7205316466525,186784
2024-08-28,5698.50244140625,5737.757754752612,5585.37411017121,5648.4889215712465,123474
2024-08-29,5696.25439453125,5742.443235673673,5673.495000532483,5737.709438612423,37321
2024-08-30,5799.916015625,5833.338362360804,5661.254693896751,5661.254693896751,36735
2024-09-02,6042.09521484375,6169.13776808645,5814.212690413309,5833.338390052827,100866
2024-09-03,5862.0263671875,6095.264158132609,5833.337820529159,6063.85010615453,43086
2024-09-04,5889.806640625,5928.966696142475,5785.571580967012,5795.086803003774,205379
2024-09-05,5879.0009765625,5996.289235788103,5833.385996313725,5955.742846086982,123739
2024-09-06,5894.73193359375,6024.595244307756,5862.0268012073875,5904.533854427743,156724
2024-09-09,5877.6142578125,6049.602206959913,5854.424346763376,5913.474945001868,33557
2024-09-10,5859.63623046875,6015.319238850653,5831.425823484037,5902.190912191452,24602
2024-09-11,5852.3681640625,5967.218079786621,5833.3858144439255,5890.715283891921,20959
2024-09-12,5847.443359375,5984.335455675771,5828.556731737295,5857.149558166163,20006
2024-09-13,5827.169921875,5909.745220008511,5811.3435928584195,5886.07716769269,29865
2024-09-16,5682.00634765625,5881.009347753981,5665.988574050285,5829.417585693491,19194
2024-09-17,5663.7890625,5764.007538527366,5649.540043190253,5682.006104030688,14226
2024-09-18,5575.28466796875,5722.122503786081,5552.190479564448,5710.264196729415,10692
2024-09-19,5419.5537109375,5613.392864250864,5395.359887581494,5556.015765127346,18102
2024-09-20,5218.35107421875,5496.725707159559,5161.643565371269,5418.310343905021,223043
2024-09-23,5305.94677734375,5334.970117498971,5209.887772188859,5286.247214980563,23195
2024-09-24,5235.18212890625,5325.790130863299,5193.583732229398,5325.55105961803,31950
2024-09-25,5190.2841796875,5277.640903023075,5172.545280686947,5277.640903023075,14591
2024-09-26,5179.3828125,5258.61111665551,5144.813203783714,5211.75315253183,19393
2024-09-27,5574.998046875,5628.310934154594,5180.24332960098,5239.437743017186,95880
2024-09-30,5471.91015625,5546.166056775305,5310.25037090108,5522.5456315421825,67362
2024-10-01,5319.33544921875,5573.085773877905,5293.993896067416,5515.899649246473,40228
2024-10-03,5244.98388671875,5393.447125410228,5187.463440284423,5320.769469110374,61903
2024-10-04,5370.87841796875,5513.9387323692035,5316.94404300603,5326.506892004242,186588
2024-10-07,5404.68310546875,5447.142061027953,5259.662595866724,5355.195362608926,41805
2024-10-08,5375.8994140625,5527.327235430755,5365.906516090857,5431.69873654787,141209
2024-10-09,5456.46630859375,5524.362541359948,5409.2735520091965,5425.147975874131,38139
2024-10-10,5492.23095703125,5584.56054559297,5460.386856185511,5504.37596220732,19166
2024-10-11,5507.005859375,5593.741089595515,5408.7952099554395,5534.594773086571,17768
2024-10-14,5594.8408203125,5679.376316481958,5507.005954292049,5507.005954292049,49017
2024-10-15,5511.97900390625,5756.835586556732,5494.000566098909,5594.8410041361785,47640
2024-10-16,5440.25732421875,5674.499037011385,5403.009839524091,5546.83499921024,33123
2024-10-17,5535.35986328125,5669.813624332677,5479.465286579608,5487.210821338615,52826
2024-10-18,5425.0048828125,5545.114373922474,5367.1496394826645,5479.513128594329,26145
2024-10-21,5353.14013671875,5516.760595320107,5337.361434053446,5512.696384027529,17767
2024-10-22,5263.009765625,5359.212121717905,5183.111880601955,5355.1955382897895,33311
2024-10-23,5261.00146484375,5311.541216036455,5131.42485873881,5261.431979830304,17577
2024-10-24,5126.35693359375,5271.281731425921,4996.588878715667,5271.281731425921,15422
2024-10-25,5071.5615234375,5162.982458278947,5001.178857549959,5162.982458278947,24382
2024-10-28,5038.2353515625,5095.086683861617,4960.585286617233,5020.496450877155,24309
2024-10-29,4969.2392578125,5109.430731556468,4936.343147350643,5099.1982953290035,20558
2024-10-30,4874.71044921875,5056.835115522527,4862.70925915886,5019.540000260542,25032
2024-10-31,4875.044921875,4928.357807494739,4831.821122574502,4875.044921875,20877
2024-11-01,4933.8564453125,4953.556008540616,4880.878352816854,4896.178911916593,4214
2024-11-04,4961.4453125,4981.2882248951955,4816.4724230110305,4933.856398746467,61077
2024-11-05,5022.83935546875,5041.53454052043,4935.482626975977,4962.01953583399,12943
2024-11-06,5086.71875,5111.343087606336,5050.810436692157,5067.353979649387,15365
2024-11-07,5113.447265625,5152.320156931704,5065.77636566974,5111.343251880684,14209
2024-11-08,5055.7353515625,5149.594629178804,5033.931773806589,5149.594629178804,8574
2024-11-11,4975.83740234375,5082.654620368422,4965.509711432367,5068.310345804824,17013
2024-11-12,5054.2529296875,5154.376156080018,4990.325650910921,4990.325650910921,16852
2024-11-13,4980.427734375,5054.252652248043,4904.307359076423,5054.252652248043,26794
2024-11-14,4979.328125,5067.353968188177,4953.556058730846,4977.46318256642,17568
2024-11-18,4959.10205078125,4993.911194712049,4889.29325303711,4993.911194712049,14307
2024-11-19,4952.1689453125,5067.3060199655065,4910.522925001438,4959.102010785969,18280
2024-11-21,4906.98486328125,4982.866168782717,4877.053330595338,4961.8278995134815,10111
2024-11-22,4997.21044921875,5038.9045672072225,4907.032963518396,4935.38671942999,12148
2024-11-25,5028.9111328125,5110.482519606945,4996.588888119263,5077.873109265701,14028
2024-11-26,5033.40625,5060.134603334218,4981.241088443936,5043.638686584432,9658
2024-11-27,5080.21630859375,5096.042638175469,4996.589000650558,4996.589000650558,27760
2024-11-28,5073.76123046875,5209.840391663079,5028.672021665369,5092.1216212909785,12454
2024-11-29,5080.98095703125,5103.692724354356,5050.332211481208,5073.139233749502,4521
2024-12-02,5107.47021484375,5116.1244067386915,5051.192752982423,5081.698149048487,9519
2024-12-03,5135.5849609375,5181.056123414452,5106.561619395122,5154.375866767736,15159
2024-12-04,5126.787109375,5171.589153919962,5069.266661414519,5163.93887410647,11993
2024-12-05,5057.07373046875,5154.279999243353,5049.184379875195,5154.279999243353,25847
2024-12-06,5004.1435546875,5046.315815492407,4955.7554415421155,5039.621820664201,34940
2024-12-09,4836.12451171875,5047.272045214,4828.426137588975,5047.272045214,39660
2024-12-10,4831.48681640625,4904.546900092808,4819.676602772167,4868.494767301618,22390
2024-12-11,4854.38916015625,4900.960424525661,4824.457627655017,4829.239052459432,10703
2024-12-12,4860.509765625,4932.51783652613,4838.801910202059,4873.228168851718,13883
2024-12-13,4804.42333984375,4875.14080048952,4766.602455872894,4860.796525870583,12669
2024-12-16,4779.89453125,4813.173527188126,4685.843814396676,4685.843814396676,12132
2024-12-17,4801.6025390625,4826.083527594052,4754.648853816409,4796.8211142296195,17077
2024-12-18,4828.712890625,5058.699405052525,4743.173021041701,4843.5829337855275,94119
2024-12-19,4793.28271484375,4810.065796315006,4757.51775016938,4757.51775016938,9336
2024-12-20,4465.80322265625,4834.498709386748,4399.867186606354,4793.282733421248,337182
2024-12-23,4621.34326171875,4652.326804190898,4489.805971913442,4492.579572128717,41161
2024-12-24,4593.849609375,4662.941197898813,4565.352037337824,4596.861813618939,21473
2024-12-26,4662.08056640625,4682.927391503354,4566.308255291777,4590.1677515246265,14059
2024-12-27,4660.8857421875,4714.007190350486,4598.727213457856,4673.747496047612,8556
2024-12-30,5131.18603515625,5229.922457488614,4571.042118631482,4618.856366734321,307747
2024-12-31,5050.619140625,5067.354127837144,4953.556214794566,5058.79519045995,37760
2025-01-01,5075.43505859375,5118.993653986169,4947.101423591248,5039.621998226623,30466
2025-01-02,5091.40478515625,5118.993701312535,5001.466365988496,5116.124846258559,27605
2025-01-03,4995.0107421875,5106.561280517986,4977.41519370924,5091.404071719516,39037
2025-01-06,4904.4990234375,5044.164259693221,4884.703737335982,4995.632796367105,28328
2025-01-07,5114.0205078125,5256.650782740876,4868.733416268025,4908.610685761358,117953
2025-01-08,5146.58203125,5301.643535868033,5035.031489994521,5125.687112599686,78281
2025-01-09,5097.04638671875,5170.776049400109,5068.310210882396,5162.121857418194,18611
2025-01-10,5024.751953125,5137.067347288544,4972.682047602135,5137.067347288544,12922
2025-01-13,4867.96875,5060.277755208245,4840.284112717288,5024.7518611556125,17531
2025-01-14,4864.908203125,4996.541199060858,4769.279708837275,4929.648880532192,24081
2025-01-15,4744.6552734375,4883.890451628209,4725.912462493518,4874.949094210016,47397
2025-01-16,4742.93408203125,4809.587327027851,4714.867026537571,4745.085723078595,10776
2025-01-17,4741.3564453125,4782.3333483001525,4705.878180719307,4747.95471799865,8842
2025-01-20,4718.2626953125,4780.899364575311,4692.873047686327,4780.46884953878,23364
2025-01-21,4728.35107421875,4766.171958328221,4685.844020167765,4705.8783772333845,12861
2025-01-22,4582.99609375,4767.080965538602,4554.929034196578,4718.406149969763,19095
2025-01-23,4575.48876953125,4616.896188723797,4561.479288165492,4590.1678371476655,14793
2025-01-24,4507.8798828125,4600.78287759341,4494.539520228046,4600.78287759341,18427
2025-01-27,4390.73486328125,4482.203428336994,4341.629536114166,4471.636199134138,13643
2025-01-28,4229.93505859375,4454.853466992416,4220.133137795924,4398.815075190325,22013
2025-01-29,4290.46826171875,4323.603442711407,4231.608641352793,4236.246716868203,13923
2025-01-30,4321.59521484375,4373.56939738541,4298.1186051371715,4351.0967001429135,10750
2025-01-31,4339.8125,4363.384830375747,4255.515609018989,4255.515609018989,13735
2025-02-01,4363.384765625,4394.033510712315,4265.987052577409,4270.816104676695,12138
2025-02-03,4307.2509765625,4375.003861998359,4184.750775039339,4375.003861998359,24868
2025-02-04,4232.32568359375,4318.965192195229,4218.411924547316,4317.5307647910195,16429
2025-02-05,4185.6591796875,4273.637394110906,4160.795771263493,4273.637394110906,39060
2025-02-06,4221.95068359375,4251.595518847014,4179.682699458229,4206.697750939026,26813
2025-02-07,4167.39404296875,4264.839384881733,4140.092294730196,4264.839384881733,17807
2025-02-10,4062.39404296875,4156.970527725572,4045.180914489555,4112.981421612074,16807
2025-02-11,3931.4306640625,4091.7041103919587,3882.5167836848036,4091.7041103919587,21760
2025-02-12,3940.419921875,3962.701642264629,3835.2288066270826,3946.014282443917,20677
2025-02-13,3986.799560546875,4231.991393831874,3910.2491375245454,3930.331121356293,116608
2025-02-14,3995.597412109375,4063.0631255143167,3884.4292916862996,4015.440323926827,23705
2025-02-17,3970.97314453125,4010.0374770404487,3873.001800819738,3995.597481309499,27337
2025-02-18,3944.6279296875,3971.260092930671,3892.5580255585473,3948.9788395882624,18080
2025-02-19,3950.078369140625,4004.9214048797508,3896.8612046048197,3958.063441928675,13696
2025-02-20,3930.378662109375,3969.921137073768,3892.079637706831,3969.8735096020037,203656
2025-02-21,3916.082763671875,3996.793123600101,3902.025187516694,3956.151011444818,16716
2025-02-24,4009.463623046875,4274.593618751304,3915.9867715406244,3916.082493420414,1098565
2025-02-25,3944.81884765625,4031.6017086188076,3926.5537113557143,4006.4516007010366,46306
2025-02-27,3873.050048828125,3959.0199786487724,3836.519774328011,3938.6512945185477,33270
2025-02-28,3873.67138671875,3910.058076938773,3739.074275645328,3825.378995179085,52535
2025-03-03,3768.57568359375,3949.4568906588775,3701.8748075348017,3949.4568906588775,59107
2025-03-04,3811.89501953125,3828.9647986466816,3696.041195496859,3739.1218775998072,31580
2025-03-05,3894.422607421875,3903.937596003955,3787.079621522855,3796.4512607492884,23220
2025-03-06,3931.4306640625,3958.1109200016076,3889.975852770704,3944.6753036206437,15514
2025-03-07,3957.489501953125,3981.348997978383,3918.5689850602266,3931.430737340467,17450
2025-03-10,3967.0048828125,4012.5717686377807,3911.6837034349005,3957.489660504738,30435
2025-03-11,3913.0703125,3960.023765360553,3832.9335837598364,3876.444550742158,43080
2025-03-12,3897.38720703125,3918.8557576434305,3850.0032406716573,3877.97457569144,24063
2025-03-13,3887.633056640625,3918.520873288582,3858.753064808786,3903.5551074324417,36328
2025-03-17,3914.74365234375,3947.5442728158355,3873.862470739371,3907.045511804178,12510
2025-03-18,3914.74365234375,3914.74365234375,3914.74365234375,3914.74365234375,0
2025-03-19,3890.310546875,3943.719155006901,3882.516917877793,3907.5236760675616,23066
2025-03-20,3935.447509765625,3983.6918071384316,3887.3463282854705,3894.088184129077,30645
2025-03-21,3937.120849609375,3993.924082087369,3914.8872245863818,3944.675407305255,39956
2025-03-24,3918.61669921875,4010.46768295498,3901.6905021014377,3939.8940396025255,38368
2025-03-25,3913.261474609375,3978.1455036755183,3896.8612806436868,3978.1455036755183,15764
2025-03-26,3834.79833984375,3939.8939615972117,3822.2709137145766,3914.552410630628,30021
2025-03-27,3799.367919921875,3854.784585389858,3792.626064414829,3847.134305885239,44601
2025-03-28,3829.443115234375,3925.4540316535226,3781.7722166793774,3796.45128417542,57644
2025-04-01,3859.614013671875,3875.3927157333314,3806.014194217992,3817.967756385762,15600
2025-04-02,3870.419921875,3880.60426303717,3801.758616904892,3877.73540823453,13775
2025-04-03,3891.984130859375,3968.1045083444756,3829.012905263719,3920.768402027317,30289
2025-04-04,3841.68359375,3891.936414793989,3782.106994401229,3891.936414793989,26065
2025-04-07,3742.660400390625,3768.9582377616225,3539.2107676386336,3539.2107676386336,28382
2025-04-08,3847.8037109375,3856.697207676077,3724.060531655899,3816.389890375566,21052
2025-04-09,3858.513916015625,3897.67397011884,3768.8622050980025,3825.1396658185568,17883
2025-04-11,3901.8818359375,3935.68660376877,3826.2874606780347,3935.68660376877,19928
2025-04-15,4014.388671875,4044.9897915987644,3872.9542150389325,3949.4570143483434,34401
2025-04-16,4018.117919921875,4029.880504979565,3981.9705355522174,4020.7000760637125,14700
2025-04-17,3982.162109375,4019.170058021953,3969.538960836426,4013.5280700145704,17456
2025-04-21,4008.172607421875,4015.440466359047,3944.6753807409073,3982.9267783723344,21385
2025-04-22,4068.514404296875,4082.6672350764907,3981.205773322475,4016.396873439153,22097
2025-04-23,4057.995361328125,4081.4243436192855,3996.888843760019,4081.2328998465778,15935
2025-04-24,4088.978515625,4156.9704654870375,4048.6235729562372,4066.123399873679,24401
2025-04-25,4063.158935546875,4174.183709029922,3994.402142638714,4100.549769603736,28172
2025-04-28,4087.257568359375,4145.781926710743,4018.40505246176,4064.211007845333,22317
2025-04-29,4081.806884765625,4109.921570958046,4026.916218021175,4107.722302187119,13924
2025-04-30,4105.14013671875,4148.364406288055,4042.408213113944,4064.211324740487,20540
2025-05-02,4136.697265625,4150.276698740908,4064.2110529144834,4122.066292608913,12310
2025-05-05,4073.86962890625,4136.792992151129,4066.123627385974,4126.273857649425,11168
2025-05-06,4058.091064453125,4122.544579193415,4038.009079724973,4064.21119498307,16331
2025-05-07,4088.69189453125,4112.025153176027,3988.4729548224786,4016.3966612417003,17852
2025-05-08,4076.642578125,4134.211116577352,4004.9212097554537,4084.2928574177513,14098
2025-05-09,4064.115478515625,4072.435344688506,3920.8641740382322,3920.8641740382322,13838
2025-05-12,4063.63720703125,4149.033733940016,4027.8722429901923,4027.8722429901923,15058
2025-05-13,4134.97607421875,4145.4952085426185,4082.476124480463,4082.667101306567,17567
2025-05-14,4212.43505859375,4219.798639227664,4114.129155919013,4148.363969166785,21098
2025-05-15,4264.26611328125,4293.719503501911,4196.1784368299295,4212.43528127526,18130
2025-05-16,4220.27685546875,4281.000948748477,4207.653707571634,4269.907950132224,10732
2025-05-19,4272.681640625,4291.807341791629,4212.435681950118,4253.555939458371,15028
2025-05-20,4733.41943359375,4829.2393799465135,4375.003992723822,4375.003992723822,1454991
2025-05-21,4761.2470703125,4808.200755002532,4636.547605534959,4730.645951744465,147060
2025-05-22,4914.73046875,4943.036594872391,4637.9817150572835,4719.265930681999,116572
2025-05-23,4922.763671875,4946.1926540687355,4854.580739040704,4879.922291209438,48064
2025-05-26,4956.04248046875,5125.687337389938,4892.067110633679,4948.296478978402,88922
2025-05-27,5180.76953125,5200.277651192019,4937.012586518623,4957.95513391132,127414
2025-05-28,5270.08642578125,5320.769528769167,5127.69568832127,5144.813095754514,87856
2025-05-29,5341.13818359375,5355.1957592361505,5251.152142688254,5270.086398062576,41982
2025-05-30,5367.91455078125,5423.379082300718,5291.411748685433,5306.425610371156,44312
2025-06-02,5377.66845703125,5431.698557115231,5336.070061391371,5345.632910963757,40953
2025-06-03,5444.6083984375,5498.6384984659035,5352.326900158898,5355.195755027663,56463
2025-06-04,5499.11669921875,5545.496520088606,5422.613901907646,5444.130313651394,45111
2025-06-05,5543.583984375,5601.439225198648,5496.726020732706,5521.111287526145,37818
2025-06-06,5457.0400390625,5556.0155308776175,5430.264060600439,5522.545557800042,23374
2025-06-09,5363.32421875,5480.947269281559,5338.938952176384,5457.518287671614,25934
2025-06-10,5521.111328125,5555.059444890989,5375.7560112678075,5412.5729829717675,53195
2025-06-11,5523.501953125,5583.747905868572,5490.9882643427545,5521.589383196632,21562
2025-06-12,5631.56201171875,5670.769694259159,5520.632958677593,5534.977232777743,62639
2025-06-13,5625.34619140625,5668.379013949944,5532.108409228245,5594.745073152956,24381
2025-06-16,5616.26123046875,5731.0154187296475,5577.531691930697,5651.643771849193,25189
2025-06-17,5604.30810546875,5719.540445151198,5584.704263448085,5642.0813620451545,28547
2025-06-18,5539.2802734375,5650.209321640996,5505.332159547637,5608.610928564685,15052
2025-06-19,5416.39794921875,5577.053820593883,5380.059121169613,5536.8898527501,29638
2025-06-20,5340.373046875,5570.359566307973,5297.818368643119,5415.441411845845,57233
2025-06-23,5392.96923828125,5412.573080711389,5323.160433530025,5340.373563468684,18309
2025-06-24,5316.9443359375,5499.116619390035,5271.52080069343,5499.116619390035,26645
2025-06-25,5328.89794921875,5398.706751424756,5205.059046675218,5350.414360857587,19942
2025-06-26,5429.30810546875,5442.696095513058,5297.818917533576,5343.72059768549,26006
2025-06-27,5448.91162109375,5503.4198630036035,5389.621954454962,5432.654777015373,62883
2025-06-30,5429.30810546875,5545.496733353286,5422.614110446595,5498.638768198205,38342
2025-07-01,5449.39013671875,5512.983089968166,5439.349144100422,5497.682529787855,44544
2025-07-02,5465.16845703125,5491.466293001216,5436.479908700377,5441.261333422189,43674
2025-07-03,5530.19580078125,5575.141192902419,5455.605575558885,5479.512699027592,71599
2025-07-04,5531.15185546875,5594.266658798788,5489.075319915391,5546.45241385179,65640
2025-07-07,5580.87890625,5595.701322810465,5501.9853987507495,5565.578347219842,76615
2025-07-08,5595.2236328125,5638.256458564775,5558.884802177246,5617.218188196996,84610
2025-07-09,5578.49462890625,5599.651382217501,5511.580246340432,5594.731207028838,62010
2025-07-10,5386.60791015625,5567.670360917805,5363.975103811055,5523.388783285903,45327
2025-07-11,5428.92138671875,5485.011384732701,5339.866214433441,5356.102792805901,42113
2025-07-14,5324.61376953125,5425.969381850917,5300.012892754631,5421.049206495593,24273
2025-07-15,5344.29443359375,5407.764695233743,5320.185574521195,5361.023029684911,25412
2025-07-16,5266.5556640625,5344.29443414115,5236.542594601755,5328.549873112564,26097
2025-07-17,5276.39599609375,5312.805293343931,5253.271172164581,5279.8401188066055,12862
2025-07-18,5234.57470703125,5306.409269229442,5153.391811396307,5285.252514609427,18862
2025-07-21,5249.3349609375,5297.060660741693,5222.766014654753,5264.095486650137,21335
2025-07-22,5208.98974609375,5286.728518161645,5163.724131978266,5256.715447932901,13768
2025-07-23,5206.52978515625,5246.383207250151,5182.912942433938,5237.034873672569,13317
2025-07-24,5204.5615234375,5235.066610831443,5167.660208041601,5215.385909286963,15517
2025-07-25,5285.74462890625,5348.2308588114065,5184.3890118947365,5195.705415735828,50795
2025-07-28,5215.8779296875,5288.204507903146,5176.516526576945,5288.204507903146,16262
2025-07-29,5192.7529296875,5229.654243855262,5157.819685608685,5192.260912165263,11291
2025-07-30,5176.5166015625,5225.226338617408,5146.99554880195,5146.99554880195,16260
2025-07-31,5111.5703125,5149.94768129151,5096.317768493118,5146.503558451247,15338
2025-08-01,4973.80517578125,5162.2478884456295,4944.776141715458,5162.2478884456295,14853
2025-08-04,4929.03173828125,4954.124632936106,4842.436650844886,4920.175422520713,23227
2025-08-05,5009.23046875,5036.291432877419,4929.031611426923,4966.916961205309,18084
2025-08-06,4970.85302734375,5028.419077447602,4909.842854584112,5010.706446646417,14828
2025-08-07,4939.85595703125,4960.028675580879,4861.133152935135,4951.1723601200665,17767
2025-08-08,4913.287109375,4964.456933065667,4880.813952032846,4925.587547762179,11695
2025-08-11,4979.70947265625,5116.982364946646,4836.532369944763,4915.255175559326,14601
2025-08-12,5020.546875,5116.982310858487,5001.850208864171,5036.2914359564875,29076
2025-08-13,5025.46728515625,5064.828689386963,4987.089916031306,5044.163952165839,15634
2025-08-14,5242.93896484375,5425.477474224102,5179.468701474301,5195.705280475788,432057
2025-08-18,5674.4384765625,5779.730233606147,5269.016010188833,5313.789607810197,410584
2025-08-19,5607.52392578125,5694.61103070915,5540.117522531971,5621.300416956285,87254
2025-08-20,5565.21044921875,5610.968080885034,5549.9579053299885,5559.798256225964,18624
2025-08-21,5589.81103515625,5654.757347685131,5554.38577377686,5600.143403058572,27845
2025-08-22,5578.0029296875,5672.962316247409,5532.737315368787,5602.111789487684,24723
2025-08-25,5379.2275390625,5606.539633002578,5338.3900849563815,5579.970686957634,42894
2025-08-26,5165.2001953125,5359.055108339088,5144.043440845131,5353.150897790055,47033
2025-08-28,5085.4931640625,5215.877808845449,5072.700708347947,5175.532371591858,21924
2025-08-29,5073.68505859375,5132.235148001494,5023.991285230875,5085.493479986909,20961
2025-09-01,5053.02001953125,5121.410456017603,5018.086774995055,5116.982298259493,14573
2025-09-02,5025.958984375,5100.745647676517,4998.406003158651,5072.7006489384485,17342
2025-09-03,5091.3974609375,5114.0302675864295,5004.310357092705,5018.5788656322475,21618
2025-09-04,5072.70068359375,5185.372696837491,5049.083842389822,5175.5323463358545,19299
2025-09-05,5036.29150390625,5102.221853801076,5008.738521860651,5066.304573634491,16965
2025-09-08,5061.38427734375,5086.477171107193,5007.262349618678,5036.291383580307,10333
2025-09-09,5070.73291015625,5086.969489433871,5001.358435060963,5058.924488863436,13145
2025-09-10,5058.43212890625,5097.301513030712,5039.735463124864,5070.73256692032,10593
2025-09-11,5085.00146484375,5116.9826061320755,5018.579094475689,5059.908569371371,19390
2025-09-12,5143.55126953125,5207.513548566936,5050.559956163984,5104.189867047751,32701
2025-09-15,5080.0810546875,5146.995439524062,5066.7965812273005,5143.551316775121,14424
2025-09-16,5058.43212890625,5100.745635674652,5043.179585768803,5086.4771275783305,7270
2025-09-17,5119.4423828125,5137.647031362626,5058.432209293158,5097.30159403532,10663
2025-09-18,5109.60205078125,5166.184066750421,5067.78056071708,5132.726874699085,12309
2025-09-19,5025.958984375,5107.141875458884,5014.150563853707,5096.317489981033,22146
2025-09-22,4985.61376953125,5091.397541410182,4969.377190591693,5067.780699316281,15998
2025-09-23,4945.76025390625,5019.070866503946,4930.999727879868,4981.185516369566,13425
2025-09-24,4925.095703125,4968.885265320617,4895.574649959415,4964.457107345779,10230
2025-09-25,4897.54248046875,4940.840022992484,4890.654235067246,4938.871952877768,5927
2025-09-26,4852.27685546875,4900.494573156434,4694.339229165214,4828.660014152333,22680
2025-09-29,4827.18408203125,4917.223291796995,4779.950398219712,4854.245046714944,15596
2025-09-30,4955.6005859375,4974.297252167208,4834.072255444394,4834.072255444394,17041
2025-10-01,5068.7646484375,5355.118853969497,5019.562894909665,5116.982366894777,381834
2025-10-03,5139.123046875,5168.152080840115,5079.588926370273,5109.10997786022,31079
2025-10-06,5140.107421875,5184.881019595937,5115.998561563726,5184.881019595937,15084
2025-10-07,5139.615234375,5163.724093889108,5092.381550428992,5092.381550428992,12022
2025-10-08,5105.173828125,5174.548298996783,5077.128829261938,5097.301547742386,9793
2025-10-09,5182.4208984375,5190.785196858978,5082.541334933958,5085.493440259185,20092
2025-10-10,5247.85888671875,5254.7471320229,5151.423452460652,5171.104153329652,14852
2025-10-13,5441.22216796875,5489.439888599995,5185.865055646137,5185.865055646137,51067
2025-10-14,5303.94921875,5451.554484577922,5280.824393770292,5410.225010146104,18906
2025-10-15,5249.8271484375,5344.786533596679,5235.558639786639,5303.949077802835,9636
2025-10-16,5236.54248046875,5284.76019756787,5216.369762090547,5264.0954616682475,20410
2025-10-17,5268.52392578125,5313.29752283449,5165.200240273773,5239.986907879185,18097
2025-10-20,5239.49462890625,5311.329187627286,5215.877787682895,5268.523662909956,15702
2025-10-21,5266.0634765625,5313.789175640008,5215.385672387414,5270.491634208866,1481
2025-10-23,5212.92578125,5359.054989086833,5194.721132462246,5266.063675008849,22342
2025-10-24,5255.7314453125,5271.47600684124,5170.61240954775,5171.104427095523,12145
2025-10-27,5224.2421875,5257.699379885572,5185.864819763609,5255.731309745244,11064
2025-10-28,5206.03759765625,5239.494790420698,5142.56733491193,5215.385930928669,8958
2025-10-29,5185.373046875,5218.8302408390855,5160.280151401936,5215.386117931018,6345
2025-10-30,5233.0986328125,5260.651615459877,5096.80977221744,5185.372930726865,17752
2025-10-31,5125.8388671875,5237.034834166227,5116.982551233442,5237.034834166227,11482
2025-11-03,5098.77783203125,5141.583358557035,5028.419322914154,5129.282919900201,14894
2025-11-04,5033.33935546875,5114.522248298891,5023.499004822672,5082.541108699138,7146
2025-11-06,4986.59765625,5047.115812314998,4974.789235554391,5018.578795633942,9536
2025-11-07,4993.97802734375,5047.607939164486,4935.427940126617,5047.607939164486,9082
2025-11-10,5057.9404296875,5070.24086847565,4979.709638994863,4993.978147989117,11870
2025-11-11,4917.22314453125,5062.368314396841,4902.954636307175,5055.972086572256,18686
2025-11-12,4935.427734375,5033.831238200641,4908.858788342077,4951.664312506231,23309
2025-11-13,4962.98095703125,5253.763324990551,4945.760343023508,5081.55718491313,168376
2025-11-14,4992.994140625,5002.8344917101895,4947.72852563313,4969.377298020546,10078
2025-11-17,4980.693359375,5007.754322998988,4967.408886323225,4993.485814906339,6836
2025-11-18,4930.015625,5002.834219061876,4920.667291978543,4974.29720247006,6361
2025-11-19,4922.1435546875,4969.37723933864,4907.875045782468,4954.616712885158,7960
2025-11-20,4948.22021484375,4979.217318705255,4910.8268832013,4922.143286198357,6621
2025-11-21,4920.66748046875,4959.536866625837,4869.005638108064,4957.568796440668,16577
2025-11-24,4889.17822265625,4934.935853199375,4870.973573945545,4920.667344750444,5537
2025-11-25,4920.17529296875,4935.91985390625,4885.242048388672,4887.702136035156,218067
2025-11-26,4905.4150390625,4979.217672548897,4885.734336799461,4921.159600872931,21338
2025-11-27,4909.8427734375,5034.815222024846,4895.574265527921,4914.762948578734,25394
2025-11-28,4895.57470703125,4969.869358364086,4874.41795201594,4910.335233786118,62474
2025-12-01,4887.2099609375,4920.273633937419,4873.039952647779,4896.558293692741,6902
2025-12-02,4914.86181640625,4955.2072555871,4869.989719659151,4887.210333943661,20972
2025-12-03,4893.1142578125,4920.175221530921,4825.314339356976,4870.973469315611,20331
2025-12-04,4921.1591796875,4949.69619552652,4879.928208072432,4893.1141813629465,28762
2025-12-05,4920.17529296875,4930.999678613281,4883.273978271484,4924.603450732422,15873
2025-12-08,4886.12744140625,4916.928026133872,4852.276732474598,4881.797783371828,16142
2025-12-09,4900.10107421875,4928.146073390664,4872.646592179208,4886.127584191378,18595
2025-12-10,4944.97314453125,5045.147720813362,4881.797901883185,4881.797901883185,80457
2025-12-11,4927.75244140625,4976.265176481142,4917.223074327915,4976.265176481142,5172
2025-12-12,4920.37255859375,4955.600823404531,4891.63854113263,4926.079770048269,15778
2025-12-15,4936.8056640625,4959.536971278037,4902.954952260479,4902.954952260479,7844
2025-12-16,4941.037109375,4957.568706435934,4905.41484747581,4934.9358997173895,9402
2025-12-17,4977.7412109375,4996.929894067534,4915.451985586652,4941.036896426699,12863
2025-12-18,5019.26806640625,5026.451330498628,4942.4148283920895,4979.217645325579,14743
2025-12-19,5016.21728515625,5083.820206392416,4837.516419768992,4984.1376456733005,19033
2025-12-22,5011.7890625,5048.099860133611,4969.475554900439,5008.738457715416,17392
2025-12-23,4986.892578125,5018.578698573079,4930.015545068849,5018.578698573079,10888
2025-12-24,4955.8955078125,5040.227503412239,4949.69627921975,4955.600489493174,11501
2025-12-26,4971.64013671875,4989.057749458545,4921.159330383073,4964.456872981925,9403
2025-12-29,4880.02685546875,4981.185467312273,4844.207594942132,4949.696345432781,14542
2025-12-30,4847.947265625,4925.686036053428,4777.687257815974,4861.133239448596,66304
2025-12-31,4908.07177734375,4931.393119576932,4841.452412722312,4841.452412722312,12436
2026-01-01,4837.3193359375,4893.901351655711,4822.263791775523,4861.133176486294,13941
2026-01-02,4809.17626953125,4862.215662419276,4787.330499313317,4838.992339233964,15609
2026-01-05,4792.74267578125,4830.825024130554,4773.553992447355,4817.835569371728,8801
2026-01-06,4828.85693359375,4851.2927402794,4754.562288179735,4774.538007268895,12730
2026-01-07,4849.61962890625,4922.340201753292,4830.627945089139,4850.210146019321,15687
2026-01-08,4729.2724609375,4844.109543725147,4714.511935154299,4837.516316680972,9401
2026-01-09,4794.02197265625,4806.0273929821315,4715.397664842847,4736.160901397011,16466
2026-01-12,4746.7880859375,4774.636566167144,4705.655613007689,4774.53806656489,9450
2026-01-13,4779.75341796875,4805.830347676473,4697.881987328862,4783.39453997135,12023
2026-01-14,4742.65576171875,4779.753597461142,4731.240858226515,4779.753597461142,9798
2026-01-15,4742.65576171875,4742.65576171875,4742.65576171875,4742.65576171875,0
2026-01-16,4684.892578125,4760.958779104757,4666.786428511137,4747.378806529946,10190
2026-01-19,4619.552734375,4674.65869946713,4595.443874647193,4674.65869946713,5660
2026-01-20,4585.0126953125,4623.882078765451,4546.241811459132,4595.443562665399,11483
2026-01-21,4536.69677734375,4585.111495903258,4501.9605309061935,4585.111495903258,21363
2026-01-22,4647.892578125,4715.495978525672,4557.164834442382,4578.518106821565,15679
2026-01-23,4517.705078125,4647.892727759429,4496.056306241151,4647.892727759429,7285
2026-01-27,4534.23681640625,4561.002763762277,4471.947585742755,4496.351464431094,11424
2026-01-28,4623.68603515625,4686.664283171565,4527.348612006602,4561.002805484147,9707
2026-01-29,4525.7744140625,4634.805310705984,4507.864783087922,4623.783925416107,11932
2026-01-30,4490.74267578125,4546.242159291001,4468.503386437324,4526.4629576956095,12353
2026-02-02,4478.34375,4516.7211189848385,4388.796555702043,4477.359714897824,8903
2026-02-03,4593.08203125,4634.9035202901905,4487.7902823723425,4624.964670326997,10154
2026-02-04,4667.7705078125,4703.195771495698,4555.196988205294,4624.964980861969,10163
2026-02-05,4622.3076171875,4694.044156240344,4605.284003130954,4669.73829847392,7247
2026-02-06,4517.01611328125,4643.071105296216,4502.059068099321,4642.6775873546185,9723
2026-02-09,4688.04150390625,4735.963722816573,4526.561255204919,4546.044957109062,14435
2026-02-10,4881.60107421875,5173.072459589922,4820.787897951498,4852.1785211735,944762
2026-02-11,5114.8173828125,5141.583329372197,4857.984225115631,4870.973680457871,141057
2026-02-12,5039.63720703125,5160.181505393657,5018.775951442918,5048.100004891012,37018
2026-02-13,4956.97802734375,5029.206103371199,4908.169793135117,5029.206103371199,21465
2026-02-16,4937.10107421875,4998.898286032833,4915.353802507138,4957.076794466613,10239
2026-02-17,4972.13232421875,5009.132139801585,4899.80574490503,4920.175463518351,12755
2026-02-18,5067.58349609375,5107.141897202846,4947.334701564808,4947.334701564808,29078
2026-02-19,4911.31884765625,5052.429375232472,4890.654111971862,5043.179542023298,14447
2026-02-20,4852.9658203125,4924.012862221549,4834.662672390806,4883.765925005659,10109
2026-02-23,4990.53369140625,5012.47748054255,4852.9657853932395,4852.9657853932395,16446
2026-02-24,5003.326171875,5051.051871419879,4923.816332662618,5011.690469733381,14033
2026-02-25,5064.04150390625,5077.423996560664,4989.648356010579,5028.41924193537,10993
2026-02-26,5009.91943359375,5088.248239104374,4983.251987669047,5077.620852769666,6740
2026-02-27,4981.38232421875,5053.01988225383,4939.855853732079,5009.722340906377,11035
2026-03-02,4833.08837890625,4928.047765766568,4821.7719752907715,4833.580396454749,11139
2026-03-04,4788.806640625,4820.7877802161465,4725.336378974879,4778.474272449399,10760
2026-03-05,4729.2724609375,4823.739825949984,4690.895093901178,4811.931405323424,17333
2026-03-06,4772.078125,4806.027335292298,4729.764616519744,4729.764616519744,8664
2026-03-09,4693.35546875,4759.285821283022,4616.108712423997,4713.52818855488,11769
2026-03-10,4726.8125,4776.014253929427,4674.166623295514,4726.8125,16656
2026-03-11,4629.39306640625,4747.969294379883,4608.236312037511,4715.496136511585,17193
2026-03-12,4620.04443359375,4677.11846493527,4553.622069532498,4610.204083362453,34741
2026-03-13,4549.1943359375,4615.6167061896695,4517.213194704974,4611.188548172859,15862
2026-03-16,4673.6748046875,4870.973846342378,4526.561554176756,4526.561554176756,119447
2026-03-17,4650.0576171875,4686.4669139467715,4630.3769162365425,4673.674458328649,13516
2026-03-18,4741.0810546875,4772.5701775081725,4634.80526516773,4662.358247635819,12221
2026-03-19,4649.07373046875,4707.623817665891,4629.885046429351,4707.623817665891,7133
2026-03-20,4697.29150390625,4731.240714524196,4629.393082670357,4653.5019423845515,6676
2026-03-23,4487.19970703125,4693.84706196032,4449.806376139322,4693.84706196032,14382
2026-03-24,4585.111328125,4631.852993128957,4501.4683486442345,4552.146153859051,17917
2026-03-25,4634.31298828125,4690.89500268324,4598.887727090439,4599.3797446069775,10486
2026-03-27,4617.0927734375,4689.911372166054,4570.843122893689,4631.853300206802,23978
2026-03-30,4645.1376953125,4673.182695697291,4537.385851728829,4565.92286966423,18230
2026-04-01,4775.5224609375,4792.251058060091,4661.866404016362,4670.329202187324,14960
2026-04-02,4809.078125,4831.021915954038,4664.424962541954,4767.650150402931,28263
2026-04-06,4762.63134765625,4793.234935127367,4700.735636440861,4792.250900034957,7683
2026-04-07,4702.900390625,4762.6310284392675,4687.942866028553,4762.6310284392675,9011
2026-04-08,4758.49853515625,4788.708123227805,4708.607765385094,4767.649869026287,15557
2026-04-09,4673.28125,4782.410647905437,4649.565907685842,4782.410647905437,12053
2026-04-10,4790.873046875,4798.154810005482,4674.166396129213,4674.166396129213,10376
2026-04-13,4774.34130859375,4805.240395139341,4674.166727553383,4743.049184591012,9289
2026-04-15,4817.2451171875,4884.553018922715,4781.819855170454,4792.250722861535,16169
2026-04-16,4781.62353515625,4914.271274026939,4759.187246654903,4870.973729762385,21545
2026-04-17,4881.5029296875,4892.62233370612,4787.133582748036,4787.232082351519,9491
2026-04-20,4816.556640625,4964.456919184553,4787.33060690443,4915.255165773408,18563
2026-04-21,4739.60498046875,4838.697505588089,4729.371111695818,4834.5643660423475,11536
2026-04-22,4688.04150390625,4780.442299518586,4676.429601960073,4780.442299518586,20125
2026-04-23,4706.8369140625,4747.378872162704,4664.326405263212,4688.041747429345,11254
2026-04-24,4657.634765625,4734.192498262255,4573.794789424851,4706.836516802118,54923
2026-04-27,4714.90576171875,4762.729964484096,4676.134874220749,4687.943295620296,13125
2026-04-28,4743.1474609375,4761.450609043144,4698.472365573137,4733.208610792716,17537
2026-04-29,4686.958984375,4747.969158011626,4676.134598729792,4747.969158011626,7599
2026-04-30,4635.3955078125,4712.543758057299,4624.964640398685,4676.134461952032,7333
2026-05-04,4604.30029296875,4704.278356530264,4585.603625824829,4626.047565059647,18924
2026-05-05,4622.99658203125,4658.42184319624,4583.832179937631,4604.299916416394,12930
2026-05-06,4706.8369140625,4720.416406339163,4660.39026483683,4671.411650225057,13243
2026-05-07,4674.75732421875,4725.631651490274,4641.693648181166,4713.528211742164,13600
2026-05-08,4741.8681640625,4772.57025148289,4680.3659701000915,4696.01251263284,17742
2026-05-11,4797.564453125,4826.691987105625,4714.31499064472,4817.1466547940645,23896
2026-05-12,4650.451171875,4821.771771104689,4629.983434918535,4775.12860557934,23483
2026-05-13,4539.845703125,4674.1664874485205,4448.822461001003,4577.436034228932,33132
2026-05-14,4606.36669921875,4634.805216872662,4479.32767456568,4594.754797008094,20294
2026-05-15,4875.5986328125,4924.996903811965,4528.529280021949,4614.140328992376,96077
2026-05-18,4781.7216796875,4955.010360897432,4737.046581212739,4889.670524845341,43148
2026-05-19,4709.00146484375,4845.388825609798,4684.007069435955,4815.867772651168,18413
2026-05-20,4612.7626953125,4739.309696064311,4581.6670923173,4732.125952065342,36554
2026-05-21,4577.0419921875,4672.198372808676,4536.204538002252,4672.198372808676,28668
2026-05-22,4596.23095703125,4679.086904720338,4564.741833802848,4615.02612355538,20733
2026-05-25,4614.33740234375,4644.6454900420495,4583.930334556262,4615.025938595243,11559
2026-05-26,4567.69384765625,4624.964881575645,4552.146285567858,4623.980846494459,13609
2026-05-27,4548.80078125,4614.337615466673,4537.287378304921,4594.45991411295,12918
2026-05-28,4548.80078125,4548.80078125,4548.80078125,4548.80078125,0
2026-05-29,4525.08544921875,4597.117011399584,4497.040448609261,4548.800791445356,16273
2026-06-01,4443.21337890625,4524.593271747295,4428.256334068033,4506.880640409441,17966
2026-06-02,4442.42626953125,4472.439338801535,4408.477060028796,4443.115286266227,11328
2026-06-03,4394.20849609375,4438.391573543685,4378.168917044935,4429.732257336816,18017
2026-06-04,4351.79638671875,4426.189530505158,4344.514623650572,4399.522085302454,22580
2026-06-05,4385.1552734375,4406.902544498314,4326.507167879009,4373.543851850359,28646
2026-06-08,4455.6123046875,4632.935616787633,4378.956068705537,4388.205902281583,208702
2026-06-09,4519.18115234375,4574.680635341225,4437.998257391467,4455.61238941121,21357
2026-06-10,4465.35400390625,4526.561175473297,4455.218635207686,4526.561175473297,13983
2026-06-11,4499.89404296875,4536.598840737238,4374.036048929137,4465.354314629184,40742
2026-06-12,4437.2109375,4505.010854786924,4429.141658081427,4482.279549558076,16661
2026-06-15,4445.87060546875,4504.8142121753735,4438.982359732078,4476.27719412345,13432
2026-06-16,4431.20849609375,4481.295785921787,4410.051741724555,4475.39157540015,18797
2026-06-17,4421.76171875,4472.144508029033,4408.477244909313,4433.078122392066,15078
2026-06-18,4466.830078125,4476.276910634188,4429.732245298494,4434.553920911621,20496
2026-06-19,4461.31982421875,4487.199753409202,4431.109756491586,4455.710632332646,20700
2026-06-22,4392.04345703125,4493.596066629778,4360.2593170341715,4461.319909106515,58116
2026-06-23,4425.20556640625,4496.745105871604,4400.506190852375,4418.218821538457,30897
2026-06-24,4435.2431640625,4467.125804983544,4423.43474294464,4441.835910895107,12825
2026-06-25,4389.4853515625,4457.67878851699,4374.134308643944,4435.341000627426,16342
2026-06-26,4389.4853515625,4389.4853515625,4389.4853515625,4389.4853515625,0
2026-06-29,4334.576171875,4441.343981603934,4290.491591019992,4389.485619455703,118892
2026-06-30,4368.525390625,4408.477312365491,4341.562924588515,4368.918908573568,17693
2026-07-01,4402.17919921875,4437.013943127504,4375.019736337299,4378.8573768509505,21611
2026-07-02,4368.525390625,4467.1259012789615,4355.339416189658,4401.58906656492,29065
2026-07-03,4495.66259765625,4511.308658757079,4388.796295791596,4388.796295791596,33131
2026-07-06,4504.61767578125,4530.497606753186,4478.8357639307405,4497.040413306269,15217
2026-07-07,4466.240234375,4516.622542456805,4431.503507568263,4516.622542456805,19160
2026-07-08,4459.74560546875,4535.319309507869,4434.45571101918,4466.240333273493,34271
2026-07-09,4516.8193359375,4563.561000365817,4445.968813014578,4449.707953974499,40992
2026-07-10,4655.86328125,4672.001359771016,4527.446708830884,4527.545208431825,38148
2026-07-13,4660.68505859375,4676.134601217203,4626.047312802181,4655.863382900948,20979
2026-07-14,4590.1298828125,4671.214272936087,4581.568585883686,4660.684905953371,39243
2026-07-15,4629.39306640625,4693.847364599386,4609.220347124429,4614.042022953151,19916
2026-07-16,4622.7998046875,4656.946014143506,4610.204347863143,4637.954329301837,25131
2026-07-17,4566.89990234375,4609.0,4502.60009765625,4600.0,32731
2026-07-20,4577.89990234375,4590.0,4545.0,4545.0,9994
2026-07-21,4593.2998046875,4600.0,4545.89990234375,4567.10009765625,15810
2026-07-22,4644.60009765625,4684.2998046875,4531.2001953125,4585.7001953125,25438
2026-07-23,4652.39990234375,4701.0,4568.10009765625,4644.0,18654
2026-07-24,4623.60009765625,4648.7001953125,4554.0,4601.2001953125,15577
2026-07-27,4692.60009765625,4713.0,4602.10009765625,4623.60009765625,36458
2026-07-28,4710.7001953125,4767.2998046875,4652.2998046875,4700.0,119614
2026-07-29,4755.10009765625,4839.5,4712.2998046875,4735.0,41592
2026-07-30,4801.2998046875,4811.5,4728.89990234375,4750.0,27710
2026-07-31,4823.89990234375,4848.10009765625,4780.0,4780.0,26661
2026-08-03,4914.60009765625,4934.0,4804.89990234375,4823.89990234375,44131
2026-08-04,4862.10009765625,4920.60009765625,4809.0,4915.0,29850
