Date,Close,High,Low,Open,Volume
2021-08-04,3092.31689453125,3268.0821444093467,3075.2278214890107,3252.2735615304755,730525
2021-08-05,3180.5205078125,3188.9416865694307,3094.780067091915,3117.384752034455,686800
2021-08-06,3096.798828125,3165.4501815823323,3088.8698878867835,3153.236588532284,338138
2021-08-09,3086.407470703125,3131.9616642841092,3075.326720913156,3097.6851635069393,308870
2021-08-10,3058.632080078125,3121.3244101150403,3019.8739796190325,3111.474853756205,262094
2021-08-11,3020.711181640625,3068.481528297454,2979.3921017973294,3063.211919644115,331808
2021-08-12,3076.213134765625,3105.712505481849,3033.7123988444773,3036.6179696320387,316308
2021-08-13,3094.632080078125,3140.9742917966278,3084.0438067738023,3090.544610291904,281908
2021-08-16,3072.372314453125,3151.808894213182,3063.9015993801772,3083.403770024904,252193
2021-08-17,3162.101318359375,3175.989288314543,3062.5224528559497,3085.865852159858,343132
2021-08-18,3135.16259765625,3189.925978219974,3122.3088805120324,3166.631877238544,149876
2021-08-20,3134.32568359375,3165.007195023517,3101.4282625165524,3133.143784959228,178169
2021-08-23,3043.31591796875,3147.9181565542053,3014.9984439384207,3135.359972419016,135612
2021-08-24,3100.393798828125,3106.549770948743,3033.663061040624,3075.277432576003,152458
2021-08-25,3085.323486328125,3118.5657309886083,3044.595724928375,3112.459055618578,252526
2021-08-26,3091.4306640625,3120.6347406201608,3045.5811752394243,3092.760450252063,212501
2021-08-27,3145.2587890625,3164.3668316581297,3060.306367928071,3073.0614949497917,143034
2021-08-30,3267.984130859375,3338.605640656958,3152.8429159334746,3152.8429159334746,742568
2021-08-31,3342.93896484375,3374.8514268361055,3222.7743939212583,3265.96478875546,549536
2021-09-01,3324.372802734375,3404.942219043182,3278.9171979051275,3372.8818661158193,282747
2021-09-02,3320.92529296875,3374.457723443366,3292.1646389243533,3324.224990257256,171213
2021-09-03,3371.35546875,3378.3978053057654,3314.3756894617786,3319.694353667898,302024
2021-09-06,3360.859130859375,3401.610950476925,3321.240816716338,3387.9612443489,152359
2021-09-07,3316.658203125,3359.1837869185288,3267.1352501273013,3359.1837869185288,260888
2021-09-08,3331.884521484375,3444.136448879273,3307.9853856351538,3341.345478321593,460399
2021-09-09,3357.755126953125,3399.0981250318428,3307.4436960298244,3331.5892176486354,193843
2021-09-13,3397.865966796875,3403.877804726049,3312.075408223576,3364.604281239803,338997
2021-09-14,3446.994873046875,3483.7550034030064,3395.1558228751996,3397.12688576221,482388
2021-09-15,3410.874755859375,3449.261154700283,3382.44232012497,3449.261154700283,217558
2021-09-16,3403.9765625,3447.3399495980625,3384.3152566987847,3409.93907634764,110978
2021-09-17,3414.127197265625,3432.2117949363137,3336.023832790399,3424.6230105700974,363319
2021-09-20,3200.0205078125,3394.1208720757186,3177.3532852440717,3350.8068144633507,384377
2021-09-21,3252.105712890625,3301.530013718367,3133.250536153468,3228.6006940123493,314109
2021-09-22,3224.3134765625,3252.2533859853957,3162.5207103504245,3252.2533859853957,382368
2021-09-23,3219.090576171875,3268.465554817141,3204.948104375748,3247.4246038473984,214366
2021-09-24,3157.494873046875,3237.0765336199006,3105.409442298504,3224.806475199749,375803
2021-09-27,3103.63525390625,3200.1680007273285,3092.646675686948,3168.236881491866,364109
2021-09-28,3069.48681640625,3128.0766089917715,3055.2459360465095,3128.0766089917715,287815
2021-09-29,3196.620361328125,3221.6527621807377,3060.074940267949,3065.002597176593,979437
2021-09-30,3132.3642578125,3226.038837945989,3096.5400901884254,3196.620865922633,337770
2021-10-01,3055.590576171875,3133.250493407467,3046.2773531878524,3124.134328568584,432354
2021-10-04,3127.189697265625,3160.352731738157,3049.0863359215073,3064.8055132060244,410941
2021-10-05,3129.25927734375,3172.8690421308006,3087.2264590521877,3127.091156368643,272267
2021-10-06,3137.439208984375,3178.338762046367,3102.7485518582635,3133.792790929414,326080
2021-10-07,3196.1279296875,3207.8556581125226,3136.9467159075825,3154.8833408080827,284015
2021-10-08,3234.85888671875,3275.856846055052,3174.3964428295094,3204.750856191501,360393
2021-10-11,3207.46142578125,3285.5647931222106,3176.466509828793,3256.1959078174586,292541
2021-10-12,3264.079833984375,3306.457682070525,3207.5595147703652,3217.7598604948626,409385
2021-10-13,3289.112548828125,3300.5448098352667,3237.914238373802,3291.675026828842,225208
2021-10-14,3266.29736328125,3319.07261659373,3253.0913390846395,3289.703733463925,146446
2021-10-18,3281.671875,3357.606877958597,3258.511886772067,3266.0511058455177,348603
2021-10-19,3213.7685546875,3318.284207258133,3186.814415396819,3285.2689055227165,206821
2021-10-20,3010.650634765625,3202.878338096753,2971.574171153444,3188.1940167666908,542766
2021-10-21,3089.838134765625,3111.9141834737425,2966.4496461121157,3038.393441516164,761938
2021-10-22,2987.3427734375,3099.446971759073,2966.646613747363,3093.583107968519,175511
2021-10-25,2955.95361328125,3009.8128064527,2823.5473773696745,3009.8128064527,517853
2021-10-26,2991.974853515625,3026.1729875538813,2863.954413518052,2977.290531052318,401894
2021-10-27,2924.269287109375,3021.294824069104,2914.561945308263,2994.044971836035,276901
2021-10-28,2909.78125,2950.237359192773,2853.113198560542,2950.237359192773,320931
2021-10-29,2956.544921875,2976.304874877877,2869.8674820014494,2930.7240469099625,211146
2021-11-01,2955.31298828125,2968.7163116880156,2903.375531144478,2953.637633007468,160708
2021-11-02,2741.64990234375,2793.390304560156,2712.1826076104758,2784.1264049780502,1683765
2021-11-03,2692.225341796875,2782.746495107637,2663.89131467995,2764.4155152339104,782105
2021-11-04,2727.655517578125,2737.313774517159,2701.341874329985,2701.933289480483,60963
2021-11-08,2709.176513671875,2758.502408723359,2661.8216814347697,2758.502408723359,345912
2021-11-09,2745.6416015625,2754.067944522472,2706.5653714503624,2710.21179010084,552743
2021-11-10,2757.171875,2769.3432842541706,2715.6811466720355,2739.777341717649,257233
2021-11-11,2709.52197265625,2744.705401312639,2689.9590748990895,2744.705401312639,242561
2021-11-12,2698.237060546875,2743.719235393162,2693.4571373310027,2729.8231473326823,262891
2021-11-15,2847.98876953125,2893.470948702526,2709.2752210024933,2718.736178348913,1237334
2021-11-16,2880.265380859375,2890.465488395591,2840.3020269798963,2862.969253426995,283136
2021-11-17,2855.281494140625,2881.8908416627437,2822.5619001239666,2877.7516579476196,208118
2021-11-18,2829.214599609375,2863.6588779725566,2793.981847911723,2838.330766132544,202219
2021-11-22,2830.446044921875,2882.38349908692,2744.70481723796,2844.1448344809514,507513
2021-11-23,2879.67333984375,2890.366451456724,2788.7580709172425,2820.5907823053003,238853
2021-11-24,2857.0556640625,2930.970522567049,2819.8025272545547,2887.6071389110466,278739
2021-11-25,2954.42578125,2988.0322542376807,2823.3501182617847,2849.1216655308385,462081
2021-11-26,2890.613037109375,2970.096051471706,2834.3884203572015,2948.0202434674443,235616
2021-11-29,2911.94970703125,2937.6228492476444,2800.683303339955,2858.1398345987836,245770
2021-11-30,2827.982421875,2987.145746890791,2801.5701315835454,2924.0717357390226,789349
2021-12-01,2900.517578125,2909.09165323816,2828.4751360811647,2828.4751360811647,221968
2021-12-02,2910.520751953125,3000.893937710792,2851.3395403150803,2901.8480270796945,416066
2021-12-03,2849.713623046875,2927.028520180493,2830.4464343294194,2927.028520180493,277433
2021-12-06,2811.52392578125,2864.8903529448744,2792.1580900968943,2861.9830835402,128756
2021-12-07,2860.751220703125,2875.7805742870446,2816.4516331790574,2818.6197540990224,112950
2021-12-08,2901.7001953125,2913.0338065928363,2848.284440704217,2853.113448397754,105285
2021-12-09,2893.667724609375,2921.60763411874,2873.4152482205577,2901.749274019483,197500
2021-12-10,2873.218017578125,2914.80763326677,2858.139580325585,2907.3174987216826,63692
2021-12-13,2861.49072265625,2907.317937604938,2849.171578852839,2887.607307519481,104417
2021-12-14,2909.682861328125,2920.1295905988823,2834.4376819528748,2848.1857971079207,176434
2021-12-15,3042.877685546875,3061.553458457823,2874.4995405742857,2921.115226418474,823364
2021-12-16,3001.9287109375,3055.147407717088,2992.0733967190577,3042.877589636779,195791
2021-12-17,2923.382080078125,3015.726331721943,2898.2510273137755,3015.726331721943,189959
2021-12-20,2800.28857421875,2896.4765265319706,2722.4809252428463,2887.75447817578,188486
2021-12-21,2840.94189453125,2908.253734916927,2815.022612105049,2853.063978448617,701081
2021-12-22,2904.213623046875,2933.779568311855,2844.2439344910954,2868.882222211912,185503
2021-12-23,2897.511962890625,2948.5132185118878,2880.166512078536,2933.927304048306,115822
2021-12-24,2860.899169921875,2917.173112352798,2848.185910371482,2917.173112352798,167585
2021-12-27,2849.66455078125,2889.381521398667,2824.3857621110146,2866.9113533538493,180928
2021-12-28,2958.07275390625,2986.061751852825,2864.151555210794,2877.9983207045566,287634
2021-12-29,2957.382568359375,2976.600429977822,2934.4196394320948,2956.594095145688,123288
2021-12-30,2946.93603515625,2991.6299817696467,2928.1125291999533,2956.594291296136,185532
2021-12-31,2990.29931640625,3003.8996978053656,2936.932887506453,2936.932887506453,126185
2022-01-03,3007.595703125,3063.0318490415334,2963.493169262513,2991.08805078541,201183
2022-01-04,2970.29296875,3018.0912413045558,2954.2780836157417,3005.8707482761756,136534
2022-01-05,2949.89306640625,3007.6946377280165,2918.3560559609427,2983.4504647048684,314219
2022-01-06,2911.555419921875,2945.654661490747,2887.606959135721,2927.028214550543,173758
2022-01-07,2906.381591796875,2926.8313695325055,2874.5982023041483,2926.8313695325055,330943
2022-01-10,2845.57470703125,2906.381957465573,2839.4642187415807,2906.381957465573,384955
2022-01-11,2825.419921875,2869.867485004882,2815.663257094419,2848.0871444557392,284934
2022-01-12,2830.150634765625,2844.342432100455,2776.6362285700857,2833.4029366928735,816910
2022-01-13,2791.321044921875,2852.8674418272885,2773.729210588356,2852.8674418272885,495708
2022-01-14,2761.70556640625,2794.868604183665,2750.8647202181983,2789.0540647442904,368513
2022-01-17,2755.644775390625,2778.459733802819,2734.8499641049293,2761.70569798668,274417
2022-01-18,2673.845458984375,2774.1723675729336,2666.2566743732186,2774.1723675729336,323427
2022-01-19,2653.839111328125,2682.616581271546,2629.6442663401185,2674.7323297468683,386650
2022-01-20,2639.647216796875,2673.1062004564587,2626.342542840019,2660.9347913711454,161540
2022-01-21,2556.02490234375,2638.168796689997,2537.7432475263295,2621.513412978655,338562
2022-01-24,2441.802001953125,2550.555498206919,2377.7424550507103,2550.555498206919,609192
2022-01-25,2392.771484375,2458.851409954722,2359.756183929878,2434.2624507299283,560760
2022-01-27,2339.1591796875,2389.914055505451,2299.7872416163987,2389.914055505451,516832
2022-01-28,2333.097900390625,2372.8639487717137,2325.8541482196047,2339.7009127745123,531926
2022-01-31,2398.29052734375,2449.045391596145,2351.7241713063586,2351.7241713063586,734221
2022-02-01,2402.38037109375,2432.143610003566,2336.6948036248573,2416.9662830254556,512872
2022-02-02,2483.4404296875,2505.073035977892,2415.5374138086386,2420.465070711553,388310
2022-02-03,2454.17041015625,2500.5890384792656,2418.444894489808,2493.3946106509907,275530
2022-02-04,2515.273193359375,2554.4480665467704,2407.998244731924,2449.045531337806,1024598
2022-02-07,2567.35888671875,2605.695965892966,2512.3661808002316,2515.273450608697,661733
2022-02-08,2625.45556640625,2645.560310085883,2549.1262100165764,2579.776091220411,431625
2022-02-09,2604.020263671875,2645.1168736995746,2580.121127937541,2625.406246289815,249787
2022-02-10,2587.265869140625,2623.287083824343,2551.983802881573,2623.287083824343,203281
2022-02-11,2517.195068359375,2585.3940374998665,2490.4873103064133,2581.1068794293296,286000
2022-02-14,2507.130859375,2539.0503893525083,2427.2583217225733,2442.058677342833,464411
2022-02-15,2573.88037109375,2593.219356124651,2498.2997989859637,2506.1933212576414,205578
2022-02-16,2561.843017578125,2599.929365743996,2550.446935462133,2574.27541374804,101111
2022-02-17,2575.1630859375,2612.1639746060405,2546.0065783796517,2581.0832281244666,291657
2022-02-18,2553.061279296875,2580.1952639077595,2517.3431368236957,2552.715841318075,221417
2022-02-21,2472.251220703125,2548.4236608708193,2460.410937540545,2537.866123229088,324809
2022-02-22,2461.694091796875,2474.6198340168567,2358.7824628639514,2417.391783628907,458493
2022-02-23,2500.865234375,2523.953690148898,2466.922944828127,2474.619177049819,196422
2022-02-24,2359.42333984375,2454.8362501445017,2344.4256944451477,2432.1917544024436,277640
2022-02-25,2445.0185546875,2471.6591926925694,2387.7905174914245,2397.7068031493263,143366
2022-02-28,2435.496826171875,2471.5110180969514,2383.942263758581,2417.3909648339,180277
2022-03-02,2483.25244140625,2492.2314181508286,2410.2373701182546,2435.5952588603145,200591
2022-03-03,2439.24658203125,2507.7724231935563,2419.7594465830944,2471.659458107831,143912
2022-03-04,2407.7216796875,2440.973095417579,2379.8970607377105,2437.075716817246,130886
2022-03-07,2374.273193359375,2395.5855617847565,2320.0052205442803,2368.056995567767,180365
2022-03-08,2407.3271484375,2421.387485833473,2334.953315379645,2384.58388783981,155314
2022-03-09,2475.655517578125,2494.254486491994,2402.5910476031636,2426.2716164501767,225502
2022-03-10,2511.571044921875,2564.2604571191164,2498.201341746871,2516.011151747368,291519
2022-03-11,2546.3515625,2554.2944674480896,2494.5503226966102,2516.0602190217783,203962
2022-03-14,2644.0341796875,2657.946610489222,2511.669760736975,2566.973805061007,360414
2022-03-15,2613.890869140625,2699.4862643643287,2582.020960807772,2654.197269760955,384555
2022-03-16,2692.28369140625,2698.006303373797,2626.619392971257,2626.619392971257,202536
2022-03-17,2777.87890625,2790.360443418709,2722.870916603397,2733.132400378297,473978
2022-03-21,2746.995361328125,2821.9344464390615,2737.5724201556563,2783.453522169438,253393
2022-03-22,2740.779052734375,2756.368808061638,2688.7311380438023,2746.9952499657056,214161
2022-03-23,2704.222412109375,2772.649489755659,2650.793221705336,2752.866298464792,317187
2022-03-24,2715.0263671875,2745.367095024971,2654.1970043186093,2694.6513081019043,127876
2022-03-25,2758.243408203125,2776.990524292215,2706.146111103627,2736.092258686623,215298
2022-03-28,2713.3984375,2782.1707060831245,2685.9683978444878,2776.546619318182,130688
2022-03-29,2799.832763671875,2826.3746389642433,2716.7040978199852,2724.2521829918924,367845
2022-03-30,2813.301025390625,2824.8452549842614,2757.7996899488985,2812.067662380809,290427
2022-03-31,2782.12109375,2846.9959783099634,2773.240881414796,2823.907522594903,297420
2022-04-01,2820.65185546875,2834.613669446445,2762.733175993137,2802.200792793039,264718
2022-04-04,2825.7333984375,2852.5219464414045,2802.250118738917,2821.8851613427178,83296
2022-04-05,2873.587890625,2899.587038201103,2812.067647660916,2842.6056674458687,210693
2022-04-06,2855.482177734375,2870.677114390017,2831.456168790521,2861.4023204663745,117386
2022-04-07,2823.364990234375,2895.442766856599,2812.116816854214,2856.468498909475,225694
2022-04-08,2881.037109375,2920.6034894911413,2822.1811252760263,2822.1811252760263,235249
2022-04-11,2875.215576171875,2920.603330634437,2866.335363342243,2889.0292405735245,133969
2022-04-12,2959.873291015625,2978.7683118670866,2841.6677576410734,2881.1353653860883,515019
2022-04-13,2903.286865234375,2995.493026867148,2895.9360705758872,2970.9245344136275,169099
2022-04-18,2884.293212890625,2906.9870911762655,2795.2937905747453,2903.7803475054684,287214
2022-04-19,2851.0419921875,2943.7415097355124,2812.807738096043,2884.0961215310826,230703
2022-04-20,2835.747802734375,2881.13555462226,2822.6247741189904,2851.140267122389,153701
2022-04-21,2838.017578125,2846.6511189194352,2813.547608609388,2831.751997877699,164550
2022-04-22,2840.08984375,2874.4761040908993,2816.014691864902,2839.596498499148,177013
2022-04-25,2817.83984375,2859.4287472893925,2766.6798507244503,2798.25394317209,116631
2022-04-26,2850.548583984375,2866.9768828938436,2826.966779628771,2849.1179310733905,95915
2022-04-27,2807.726318359375,2831.8014679323496,2787.4003996198217,2831.8014679323496,92996
2022-04-28,2859.922119140625,2886.858815189331,2804.0753462468424,2825.042517208284,163953
2022-04-29,2810.044921875,2887.4015950187895,2797.366094565004,2859.9221705786003,133758
2022-05-02,2828.2490234375,2836.5867493147907,2785.0321803400366,2802.20049546989,110519
2022-05-04,2738.16455078125,2858.1953383139157,2692.628645527381,2845.6644187536267,172318
2022-05-05,2698.69677734375,2794.01091725325,2687.941708373819,2772.5997855925702,71065
2022-05-06,2585.425048828125,2688.731491344855,2556.6137357046196,2676.989971280426,238864
2022-05-09,2526.815185546875,2598.1529450303633,2515.4191048770426,2580.1952290902686,154279
2022-05-10,2445.955810546875,2579.6029602001063,2430.5635867820565,2511.3734239980995,276468
2022-05-11,2428.39306640625,2496.228033775138,2387.8896167847843,2475.6063000514837,140602
2022-05-12,2378.6142578125,2467.465767497547,2353.2563652830745,2378.91031308071,270846
2022-05-13,2350.29638671875,2441.0225151814802,2336.532104672503,2407.524426361776,198669
2022-05-16,2369.8330078125,2422.3248879599073,2333.0787910807253,2382.8572726774646,212055
2022-05-17,2484.73291015625,2508.117422673218,2365.0967082873153,2399.976307621663,213343
2022-05-18,2591.8876953125,2606.6386681687272,2516.1592093997624,2533.5248153805346,664905
2022-05-19,2631.157958984375,2683.5019348756045,2526.075427383377,2545.562563525346,577814
2022-05-20,2583.50048828125,2653.210057435307,2569.4401523502524,2653.210057435307,244158
2022-05-23,2609.10546875,2675.608305247782,2561.497657025692,2586.312824189754,292104
2022-05-24,2597.708984375,2638.0153809923154,2568.354946853338,2609.1546886390843,162668
2022-05-25,2544.773193359375,2624.5963467983793,2526.9633842564317,2595.0944015122764,263092
2022-05-26,2577.33349609375,2589.0750127907213,2486.4592348447477,2544.7727203993545,156973
2022-05-27,2640.333984375,2652.6676137054865,2580.5406939155196,2590.0127767066147,163837
2022-05-30,2682.31787109375,2710.5373130869025,2639.396838394622,2662.0907177527815,155983
2022-05-31,2721.6376953125,2778.914883142019,2682.811329802742,2682.811329802742,1141897
2022-06-01,2695.93408203125,2750.8926861553246,2666.4812788305326,2738.065711650296,114636
2022-06-02,2666.431884765625,2691.691253885842,2605.8491941028255,2678.864279435506,444318
2022-06-03,2651.6806640625,2711.079368931538,2644.3298698785725,2695.489855695193,254519
2022-06-06,2643.639404296875,2671.6119301409776,2586.4607488259976,2663.323827866693,305635
2022-06-07,2564.45751953125,2614.7293430620734,2540.727569201826,2605.1584951543864,410045
2022-06-08,2563.5693359375,2638.952620255236,2516.0602938050683,2588.088686529684,295517
2022-06-09,2556.317138671875,2582.118992259982,2526.420376026311,2526.420376026311,172434
2022-06-10,2543.83544921875,2569.9335998396773,2507.7721121949558,2545.660922593361,121121
2022-06-13,2558.684814453125,2564.9010104929066,2503.3316423158944,2531.9947980756906,186971
2022-06-14,2507.279052734375,2566.3323281906837,2492.7253694450224,2550.594664608575,187257
2022-06-15,2559.524169921875,2573.288452230065,2498.398750456077,2504.56556519014,152287
2022-06-16,2500.5693359375,2589.864810246861,2471.708643964585,2560.362625028721,221656
2022-06-17,2440.38134765625,2499.2373320477013,2427.4556074138013,2466.8246978302095,271931
2022-06-20,2435.64501953125,2462.9762928199016,2409.5964918181994,2462.779002937006,105586
2022-06-21,2514.0869140625,2525.6805252242875,2436.385052020733,2453.652132474459,91061
2022-06-22,2451.875732421875,2514.086596900973,2426.616608165101,2514.086596900973,159966
2022-06-23,2486.1142578125,2530.268651219942,2447.0908469664805,2451.876150655807,214775
2022-06-24,2514.333251953125,2528.2456798518383,2478.565732917198,2496.326156162624,82007
2022-06-27,2576.1005859375,2596.3277380283557,2526.3218652741184,2543.6877117183567,168381
2022-06-28,2591.295654296875,2612.756170424798,2547.6839869415912,2560.4615794004344,185465
2022-06-29,2546.993408203125,2623.7577300510097,2538.310484341906,2574.6207399216855,178670
2022-06-30,2525.433837890625,2568.7494459621234,2506.1933769260354,2531.8473248788214,199611
2022-07-01,2546.253173828125,2555.774639200548,2478.5167378230412,2525.4339114115637,79059
2022-07-04,2615.222900390625,2634.463363155242,2519.6618389698765,2560.4615832913305,111809
2022-07-05,2610.832275390625,2639.3969153240187,2580.6888344037275,2615.2229996509573,196315
2022-07-06,2667.56689453125,2681.824522715494,2600.2252743416498,2619.6630271558633,131390
2022-07-07,2746.798095703125,2755.7768335773158,2673.930915181997,2693.664722674115,163775
2022-07-08,2715.717529296875,2742.9994236104694,2681.232505700738,2723.265614807516,127693
2022-07-11,2756.27001953125,2768.653031195412,2693.6645670575463,2715.7171920124606,84725
2022-07-12,2795.293701171875,2810.0940561021885,2713.398403890807,2750.8926363809346,197037
2022-07-13,2890.904052734375,2898.402995991124,2810.538169330156,2812.067587599899,531064
2022-07-14,2833.084228515625,2915.6701678323284,2819.665142554226,2893.4696335594936,252588
2022-07-15,2913.943359375,2920.6035194277492,2841.865579070341,2861.056658747799,202422
2022-07-18,2925.635498046875,2950.1052247167204,2897.169386601949,2925.4379672743876,120850
2022-07-19,2911.575439453125,2936.1933165541286,2871.713003083469,2918.67956209695,107177
2022-07-20,2910.88427734375,2965.004336379226,2883.1584245898566,2926.523414875469,169795
2022-07-21,3020.555419921875,3029.139578366364,2907.2833119402253,2920.603632561706,399094
2022-07-22,2955.187255859375,3035.7010513746513,2935.650736933702,3027.1662754096624,195735
2022-07-25,3021.492431640625,3038.019494496362,2932.4436302835943,2969.937862433923,264105
2022-07-26,2999.78515625,3036.292697005283,2984.7381293170793,3022.2323603630457,238283
2022-07-27,3025.932373046875,3045.764943748579,2994.5061917204703,3003.4851694969225,131669
2022-07-28,3024.995361328125,3053.806671732955,3000.278719570915,3043.9397681086157,142192
2022-07-29,3048.7744140625,3092.87966539086,3024.205920720467,3024.995321178177,246084
2022-08-01,3042.5087890625,3108.0743084384667,3029.8791055991815,3072.4055520171432,211282
2022-08-02,3003.8310546875,3050.5507012007697,2989.7707163045225,3042.4105052948353,183169
2022-08-03,2988.191650390625,3030.323279105792,2951.091997800142,2997.565208481664,191307
2022-08-04,3098.651611328125,3166.289281904161,3032.099396476001,3083.4072938455915,1570055
2022-08-05,3202.106201171875,3220.409355114768,3058.0987945602883,3108.0745638091867,582673
2022-08-08,3180.695556640625,3219.275010225103,3134.765066200241,3216.4137041635468,202898
2022-08-10,3232.84130859375,3247.1977002965423,3176.106617689146,3180.694872010053,364847
2022-08-11,3249.270263671875,3277.094884868475,3237.6272687339465,3241.376740444969,181043
2022-08-12,3306.25146484375,3324.159798389547,3208.5197372263638,3241.3271914550523,199206
2022-08-16,3344.8310546875,3384.200145963134,3300.035407133276,3307.386202394126,250390
2022-08-17,3384.2490234375,3394.905327044111,3344.8801761280447,3372.211449742947,230648
2022-08-18,3377.884765625,3427.762007084211,3356.5230175792344,3384.2488697051676,155825
2022-08-19,3276.453369140625,3401.7630495098697,3266.9319031698396,3400.7272173063993,163033
2022-08-22,3334.026611328125,3376.4542953432506,3216.3637899605965,3290.562854292531,322299
2022-08-23,3287.602783203125,3382.3744371840257,3275.8118819868628,3320.2129466523475,375429
2022-08-24,3339.404052734375,3352.132502577716,3256.0781022061565,3280.745360556203,212242
2022-08-25,3356.834716796875,3394.263360936668,3347.7983458457206,3374.808364580853,168783
2022-08-26,3334.41650390625,3383.004925891315,3320.590585056328,3376.9312525907367,121533
2022-08-29,3306.666259765625,3352.5386380076993,3220.4517265021304,3220.4517265021304,154229
2022-08-30,3393.473388671875,3406.1142785179763,3311.061074891605,3333.034412872766,177853
2022-09-01,3380.23974609375,3461.2695556827493,3358.7601932631046,3390.2140144694117,278603
2022-09-02,3320.096923828125,3396.979007547525,3309.875763824122,3385.3751109449568,85948
2022-09-05,3286.42138671875,3337.7748062757796,3280.298527223319,3320.0972344960796,91265
2022-09-06,3224.550048828125,3306.5674284319466,3209.588524915482,3306.5674284319466,235384
2022-09-07,3217.29150390625,3243.560606195617,3186.874432898387,3219.464100170047,198314
2022-09-08,3202.13232421875,3265.830311241638,3187.1213739475156,3217.5384454290383,208233
2022-09-09,3201.095458984375,3244.1534212301876,3185.393260328149,3209.588620699577,114191
2022-09-12,3231.51220703125,3267.8546704448454,3204.6010436073693,3217.143078890365,248024
2022-09-13,3223.315673828125,3300.444653403181,3171.172396424896,3241.2895629095237,281990
2022-09-14,3253.9794921875,3296.3953899628304,3165.197433913085,3179.8626396120812,278680
2022-09-15,3238.12890625,3325.4298541817066,3219.464011947843,3256.99150656564,196239
2022-09-16,3097.006103515625,3255.312936938634,3077.5511070174566,3218.871617141845,539542
2022-09-19,3090.537841796875,3126.5839946306487,3029.9013962116264,3079.329114277282,138162
2022-09-20,3139.027099609375,3151.816027593102,3092.2163393399987,3109.844484064132,206781
2022-09-21,3114.38720703125,3145.692990686754,3083.2788882896334,3140.458844391788,156383
2022-09-22,3119.12744140625,3132.50900499509,3042.6899519093045,3114.3873188831135,249991
2022-09-23,3020.22265625,3144.063292610707,2979.1892551745495,3120.707461374969,275690
2022-09-26,2972.22705078125,3011.384175952694,2898.505366770267,2978.8931193419653,267690
2022-09-27,2984.91748046875,3012.0755386037013,2947.7357264095936,3010.0015540859736,141173
2022-09-28,2930.99609375,2977.806851781013,2917.269027200058,2977.806851781013,413284
2022-09-29,2952.426513671875,2978.498151714415,2918.5035354290535,2945.661592183744,242782
2022-09-30,2961.068115234375,2977.412136905433,2921.269163897562,2937.564000160865,151913
2022-10-03,2927.934814453125,3003.977372804405,2913.318793977612,2941.266951306921,205113
2022-10-04,2997.706298828125,3051.5286302498835,2963.734134702961,2982.399030258634,262179
2022-10-06,3029.505859375,3070.242944986934,3002.8415851562795,3012.7172422743242,184761
2022-10-07,3017.161376953125,3060.219339699537,2997.2620237154,3031.8268246478674,138221
2022-10-10,2947.389892578125,3018.6426628640916,2934.205793768622,2991.336567136586,146853
2022-10-11,2927.63818359375,2976.6215331664994,2913.3184825776902,2952.475361672757,163241
2022-10-12,2968.721435546875,2984.7199521419325,2913.3683281938506,2931.9837975298133,152359
2022-10-13,2957.018310546875,2991.879424598128,2944.0319192928473,2967.5852142914496,114173
2022-10-14,2977.11572265625,3004.6192833572204,2964.8697630377337,2986.3987440031838,353643
2022-10-17,3020.76611328125,3060.0712776881223,2969.3632686412834,2986.3987775409464,521182
2022-10-18,3050.540771484375,3061.4534197985054,3000.2243514025354,3035.8755667008536,293883
2022-10-19,3125.398681640625,3179.714797444475,3063.873287700008,3066.5890934902004,476486
2022-10-20,3101.450439453125,3128.114716436164,3066.3918530494993,3128.114716436164,231266
2022-10-21,3071.032958984375,3133.3978765852266,3040.1221048575103,3117.004189790624,189980
2022-10-24,3083.032470703125,3102.7343607131575,3073.5023158181402,3102.684934200864,14332
2022-10-25,3086.488525390625,3110.4369933708526,3068.5640634558827,3076.2671240581326,139090
2022-10-27,3166.431884765625,3194.8738245415084,3091.4263196673387,3100.956232027628,293976
2022-10-28,3173.295166015625,3199.71254583074,3141.0018190981245,3170.0855778137884,189584
2022-10-31,3201.638671875,3247.5110518371966,3179.9616523108207,3187.8621781550714,180775
2022-11-01,3267.904541015625,3283.6561667373353,3195.3678838390583,3201.6387817802497,270957
2022-11-02,3217.34130859375,3277.9283252075584,3192.3064193503765,3275.805155198918,240776
2022-11-03,3205.19384765625,3243.4125913312946,3189.8371530791146,3214.5262951308105,165807
2022-11-04,3261.23828125,3267.8549232634896,3181.9861332923406,3209.7365849859093,218208
2022-11-07,3256.152099609375,3314.566754499767,3242.37560653411,3277.582467843013,244968
2022-11-09,3578.6416015625,3652.4621339800055,3367.6482966532867,3407.1014961925666,3743111
2022-11-10,3451.04833984375,3629.3039487554106,3408.08923187889,3579.92566373833,740442
2022-11-11,3392.23876953125,3515.733909139273,3339.2559659099206,3506.944670808388,486943
2022-11-14,3358.217041015625,3455.4922589365306,3344.144230301179,3401.0772943987145,469107
2022-11-15,3385.2275390625,3426.3101318626773,3342.910247901887,3358.217517870123,240379
2022-11-16,3337.231201171875,3513.75855996731,3302.6664036454963,3402.1636422392867,768981
2022-11-17,3329.577880859375,3400.78146690833,3313.1841931902795,3347.8478469859947,421304
2022-11-18,3257.979248046875,3358.7603760687607,3249.0417302306146,3347.8477268502293,323763
2022-11-21,3285.088134765625,3308.3453570638803,3247.1657053236395,3268.7932994248627,208297
2022-11-22,3293.63037109375,3328.096316625148,3278.7674595003045,3293.531518084531,235589
2022-11-23,3334.2685546875,3353.3286201185406,3309.776878134421,3309.776878134421,257306
2022-11-24,3347.502197265625,3363.1057845660366,3310.4684810960985,3343.8976786670937,217101
2022-11-25,3341.971923828125,3367.204276956472,3332.293731259111,3362.5625250484813,126449
2022-11-28,3379.400634765625,3411.940878630851,3342.021415074617,3357.7236143586183,242658
2022-11-29,3333.0341796875,3418.952394097222,3327.750606842182,3396.337236401452,178210
2022-11-30,3449.517578125,3471.2934501227114,3339.7991730557587,3352.7855656235006,661698
2022-12-01,3455.492431640625,3480.823395750699,3416.9773688129644,3466.3556544894523,337159
2022-12-02,3442.259033203125,3467.293678546752,3369.5741026592527,3456.4798825637117,409378
2022-12-05,3438.30908203125,3491.044997718895,3422.952386083383,3426.8532226547572,237757
2022-12-06,3413.471435546875,3451.54214172595,3390.36249447342,3444.62918178544,141845
2022-12-07,3424.531982421875,3451.5419998065263,3391.300494230504,3399.2010195519497,145367
2022-12-08,3431.84033203125,3460.8252414912154,3400.4851201606366,3445.123042854669,143911
2022-12-09,3409.91650390625,3469.2690609501788,3384.881615646155,3431.889841892574,138028
2022-12-12,3442.901123046875,3465.3188175274076,3391.3502387119474,3423.4461258396705,259695
2022-12-13,3447.29541015625,3467.8368241589487,3398.213444946872,3467.8368241589487,168041
2022-12-14,3498.253662109375,3584.8631167362696,3441.17232238775,3456.3807361380113,701827
2022-12-15,3446.357177734375,3525.5598935091834,3417.9646657034664,3505.858007294801,165964
2022-12-16,3476.428466796875,3558.1495223101206,3456.5785423865004,3510.7957987865652,1006701
2022-12-19,3514.25244140625,3523.5848887792813,3455.4922839624755,3501.907870514701,369644
2022-12-20,3487.341064453125,3521.9058608441646,3456.479639103982,3520.5725508271275,193648
2022-12-21,3480.92236328125,3547.4350127176117,3461.4179397973703,3504.8214061139315,247380
2022-12-22,3477.119873046875,3530.3498073532155,3431.889558218963,3505.8581305022476,302316
2022-12-23,3416.58251953125,3470.3059991720843,3402.1639633317673,3456.4800788566577,167218
2022-12-26,3439.641845703125,3456.479888811028,3357.7233205592843,3439.839310618648,182546
2022-12-27,3438.061767578125,3495.982396433002,3432.926233320918,3449.5668109436374,165972
2022-12-28,3409.767822265625,3449.566765606541,3399.2009181842873,3434.7532810705843,253604
2022-12-29,3373.080078125,3409.0767997039047,3361.4761811387543,3397.275437798449,160096
2022-12-30,3377.375732421875,3415.347825250183,3363.846130987767,3383.0050496148456,119554
2023-01-02,3368.635986328125,3397.620894591245,3352.7855088238975,3385.2271380979255,155154
2023-01-03,3370.66064453125,3420.878216568763,3360.1923514909595,3390.7080356988317,274348
2023-01-04,3298.963623046875,3401.324723889381,3274.3733305608844,3386.3631981522926,305563
2023-01-05,3286.86572265625,3326.368352839154,3271.459600442949,3303.358022536628,194133
2023-01-06,3247.263916015625,3308.9375841296796,3232.5987106838866,3286.865395271491,149030
2023-01-09,3276.594970703125,3294.4697653002813,3252.448796332487,3263.509725112167,211000
2023-01-10,3248.843994140625,3313.0851858584783,3240.202794976941,3297.8765306674613,275726
2023-01-11,3232.59912109375,3268.793310546988,3201.7871169291825,3258.9670792411707,141360
2023-01-12,3251.7080078125,3261.3367730977507,3228.697920578846,3234.8702060181095,114488
2023-01-13,3221.538330078125,3268.2008117737532,3205.1446421833016,3260.942107068021,168346
2023-01-16,3189.4423828125,3242.2771494463937,3179.9616553483775,3231.0681819521906,126768
2023-01-17,3228.40185546875,3243.5608450317213,3189.8373648033175,3189.8373648033175,126545
2023-01-18,3209.48974609375,3245.3878565595846,3191.8124160975512,3245.3878565595846,97926
2023-01-19,3208.847900390625,3217.686565321446,3184.0107190931653,3204.6507461006627,128521
2023-01-20,3197.8857421875,3230.1299066244655,3182.4798620885817,3207.613360674611,75378
2023-01-23,3089.94482421875,3204.5516229319087,3080.2666328038786,3199.663221274339,382748
2023-01-24,2997.90380859375,3112.659139179706,2992.1266937424402,3089.945127414245,322012
2023-01-25,2937.16845703125,2997.903748135802,2929.8111407200545,2997.2619268669046,365308
2023-01-27,2921.169921875,2953.858443074034,2898.554763726724,2928.1817348056397,256366
2023-01-30,2909.319091796875,2936.279683313732,2862.952930943079,2921.219306564204,419682
2023-01-31,2960.080322265625,2987.386419042341,2913.269560656356,2913.3189871652585,437101
2023-02-01,2991.23779296875,3046.5909012780403,2950.3526675078474,2981.4609885209006,428612
2023-02-02,2963.092041015625,2999.2370422139365,2956.5742520339822,2957.759282657471,280866
2023-02-03,2990.447998046875,3021.9018230897154,2942.847135152911,2968.573271626202,237640
2023-02-06,3017.951416015625,3025.259547011906,2953.809070675794,2990.447855356499,183706
2023-02-07,3006.792236328125,3030.493816472471,2986.7448426733185,2987.3866640269184,148860
2023-02-08,3114.831787109375,3135.5212412519277,3004.1749971301933,3025.5065136701264,306707
2023-02-09,3154.482666015625,3168.0616959200624,3114.831995136642,3114.831995136642,144495
2023-02-10,3094.635986328125,3181.8872716088367,3075.477067008622,3167.3206774756286,81806
2023-02-13,3075.822998046875,3138.82974200204,3038.295499020247,3110.9801945772883,202872
2023-02-14,2996.96533203125,3086.0931290351596,2976.2264540580413,3061.4534150927293,306398
2023-02-15,3083.130859375,3214.5265312464735,3027.8766036257107,3073.3540548463566,2438491
2023-02-16,3335.05908203125,3369.7224964173865,3110.6841839287604,3115.2762683864553,3007423
2023-02-17,3251.461669921875,3372.3892997184917,3231.957244613381,3330.121433613779,717698
2023-02-20,3294.963623046875,3303.999994115764,3204.8976769266783,3254.0290718660826,423559
2023-02-21,3228.40185546875,3310.764742378051,3199.7130222794885,3298.4695970412013,390076
2023-02-22,3190.87451171875,3224.4023222544374,3139.5705168643553,3224.4023222544374,325964
2023-02-23,3121.39892578125,3208.057817788937,3111.819586509645,3196.7502385057824,309963
2023-02-24,3080.40625,3149.337677952336,3065.225405065921,3141.524881241821,327584
2023-02-27,2999.161865234375,3086.3398039734234,2979.7778833203315,3048.2643149233627,259645
2023-02-28,3065.37353515625,3097.416187032037,2976.8108904415863,3017.9522936796457,512177
2023-03-01,3101.421630859375,3115.1682691870983,3032.2924634091632,3081.5431622198726,293899
2023-03-02,3053.851806640625,3126.046887095001,3046.928990706644,3113.091476430602,387741
2023-03-03,3067.450439453125,3100.4328117170503,3041.4406221022878,3065.8187292895873,205838
2023-03-06,3062.8515625,3095.4876947449143,3051.972851751695,3086.6364283803437,150901
2023-03-08,3086.784912109375,3093.1144891670197,3041.2426212762657,3063.8407687160206,156287
2023-03-09,3064.038330078125,3134.9971944664453,3055.533300957921,3089.553900336062,187330
2023-03-10,3073.48291015625,3079.070514789045,3005.490970626609,3036.149154269065,209966
2023-03-13,2982.695556640625,3087.6257759618934,2965.734752136012,3087.5762789809487,316942
2023-03-14,3010.584228515625,3036.0010460705075,2939.2298717811555,2985.7116362406828,262804
2023-03-15,2958.168701171875,3033.1329588357794,2948.1307143061194,3029.770544704531,207569
2023-03-16,2939.526611328125,2973.003226597155,2913.516554422873,2970.1352994129306,204643
2023-03-17,2947.19140625,3006.332087484158,2924.6922524124484,2966.9213851716554,574780
2023-03-20,2874.99609375,2996.5408670513657,2853.4364184187534,2996.5408670513657,237049
2023-03-21,2911.835205078125,2921.3787043492953,2878.9023338012494,2883.6989526476054,131063
2023-03-22,2950.7021484375,2995.601459672202,2923.6536200580877,2923.6536200580877,305801
2023-03-23,2924.197998046875,2975.031158575592,2912.577555030896,2952.087012995484,112955
2023-03-24,2901.748046875,2942.5432150525303,2882.660804747051,2938.8345634000275,148338
2023-03-27,2892.995361328125,2927.362197942484,2877.9630091419363,2912.527592209667,97383
2023-03-28,2871.682861328125,2907.285914242077,2837.266528554907,2900.4125953720313,278224
2023-03-29,2905.505859375,2924.395354422328,2853.634234908747,2868.023851141276,269861
2023-03-31,2996.788330078125,3002.178188943727,2917.126443006285,2924.543746431062,342203
2023-04-03,2943.482421875,3016.4687279917616,2902.6872574391596,3016.4687279917616,234727
2023-04-05,2995.50244140625,3001.930770666677,2936.114761936161,2950.5041365832612,168969
2023-04-06,2994.711669921875,3009.546276969243,2962.9655142610336,2998.6675651345063,196262
2023-04-10,3005.83740234375,3040.599732367872,2985.3654529773003,3001.3375235832827,133628
2023-04-11,3007.864501953125,3033.0340756712185,2979.184264773719,2996.7385478749075,101508
2023-04-12,2999.0625,3078.2298865007747,2966.920857378401,3023.687846536786,707501
2023-04-13,2998.123291015625,3009.0020017972333,2981.7557278681097,3004.007636285036,776915
2023-04-17,3008.111572265625,3029.8197367990065,2964.1517423050077,2991.645257756932,594545
2023-04-18,3118.53076171875,3127.134784467878,3015.4302553048424,3017.358705696235,556638
2023-04-19,3118.728759765625,3159.523927465112,3096.4768501113595,3137.1730238551363,495487
2023-04-20,3124.909912109375,3142.7609371895446,3106.3171566916526,3118.7288259631027,158024
2023-04-21,3154.72705078125,3174.605518363548,3110.9157098393916,3139.0024658211532,189436
2023-04-24,3078.625732421875,3152.8482593387644,3061.2199395983635,3152.8482593387644,296084
2023-04-25,3063.939697265625,3078.6753096852926,3036.6934219338636,3077.6863359269614,686796
2023-04-26,3037.187744140625,3083.620011287047,2981.755719701875,3051.033376006571,293780
2023-04-27,3031.896484375,3042.577448133555,3017.4576138881825,3038.0775697157555,176549
2023-04-28,3347.181640625,3424.074349314199,3204.274934443788,3204.274934443788,2940105
2023-05-02,3366.565673828125,3396.531385604599,3314.54555745979,3332.841572024315,420865
2023-05-03,3387.92724609375,3397.124750038609,3339.269787046685,3363.499643342448,277341
2023-05-04,3388.52099609375,3442.5683179532602,3379.521237889487,3395.1470722969902,306626
2023-05-05,3405.234375,3416.9043135647166,3370.1753037771814,3388.5208151686884,133228
2023-05-08,3413.343994140625,3433.5687010201505,3387.284680010446,3418.832846887536,252511
2023-05-09,3421.9482421875,3468.627755896753,3403.108243557072,3413.3439772194247,242035
2023-05-10,3409.63525390625,3451.122895893482,3393.910667854731,3421.948170257374,154475
2023-05-11,3376.010009765625,3436.090162669544,3368.6422039132303,3431.788271898706,224912
2023-05-12,3363.845947265625,3419.079986106075,3355.884660321233,3394.504133389156,207903
2023-05-15,3333.533447265625,3375.960561891636,3324.929424765509,3362.5104236177067,252782
2023-05-16,3315.583740234375,3350.9890460658626,3311.5783485635243,3343.6704960064762,241522
2023-05-17,3281.414794921875,3327.8965596480134,3264.750491201231,3316.523361895873,182364
2023-05-18,3220.24658203125,3303.7656032566556,3205.659220113185,3302.7766295672955,211081
2023-05-19,3238.19677734375,3371.7082327456046,3130.200892819539,3152.8482949712015,852032
2023-05-22,3281.464599609375,3289.6731305247363,3220.543716314424,3243.7351038766014,392567
2023-05-23,3338.03369140625,3367.4556608364655,3268.508787622594,3298.2274974712523,305994
2023-05-24,3381.15283203125,3392.1797922107226,3318.006764684249,3348.5166999196017,383061
2023-05-25,3375.3671875,3429.7607401845885,3366.466424333431,3398.509075153618,298884
2023-05-26,3440.194580078125,3459.4300706316703,3346.5388171360623,3396.5312454952664,361049
2023-05-29,3461.60595703125,3490.533439933838,3415.915416941513,3468.0342865651587,487629
2023-05-30,3433.667236328125,3481.039222074406,3424.914963832766,3461.4079972817867,263996
2023-05-31,3576.92041015625,3606.688376018127,3427.239132209688,3452.9524504491615,2061711
2023-06-01,3480.742919921875,3604.809639612774,3467.441270090134,3604.809639612774,258530
2023-06-02,3443.309814453125,3522.5762044034173,3429.7114255589886,3499.0880781317273,292937
2023-06-05,3495.824462890625,3499.978104354576,3446.5735218072045,3451.5183905615904,161528
2023-06-06,3547.448974609375,3560.305633842696,3481.335980357019,3500.9672066119842,241109
2023-06-07,3638.829833984375,3657.2248418832096,3540.6249360673182,3560.008676244337,379723
2023-06-08,3591.408447265625,3782.676103195249,3580.0847468395236,3682.938010284637,638261
2023-06-09,3579.986083984375,3627.0613324174433,3513.3788448758532,3516.7907561217257,336757
2023-06-12,3695.59716796875,3728.233301813057,3593.68337444702,3598.8754866495233,680960
2023-06-13,3719.975341796875,3732.5352603959996,3693.86653082785,3720.4203317039896,217820
2023-06-14,3779.0166015625,3789.3515694608504,3683.926880802585,3727.787959170928,328223
2023-06-15,3812.197265625,3827.130866612108,3776.8414522095713,3789.7476086131915,234009
2023-06-16,3861.3984375,3889.6336858228483,3797.659128797289,3827.3283407410177,439922
2023-06-19,3811.504638671875,3896.3091334217747,3786.6320467037,3885.6281691752047,210766
2023-06-20,3837.1689453125,3846.0697097405005,3789.6487047154937,3806.5602537081695,240900
2023-06-21,3928.648681640625,3966.921917054476,3817.1913895325806,3856.997582531787,223923
2023-06-22,3823.61962890625,3954.757640207465,3804.482890925082,3951.9389685378273,252898
2023-06-23,3765.41845703125,3825.2021117560175,3750.9300885662237,3819.4165188959873,409182
2023-06-26,3808.34033203125,3821.394737814794,3758.1004150352533,3765.962708403288,133085
2023-06-27,3795.730712890625,3828.3173493492923,3763.0450824784443,3817.636384662511,159228
2023-06-28,3834.35009765625,3865.7992687216747,3788.8573066398894,3803.4939245036153,208993
2023-06-30,3878.507568359375,3892.204950543931,3826.4874556912528,3854.524956379337,269390
2023-07-03,3819.169189453125,3896.1608886477043,3809.229955469342,3896.1608886477043,186180
2023-07-04,3801.169921875,3873.710998071612,3787.7692799187157,3819.416438393232,158023
2023-07-05,3814.521240234375,3825.993190833617,3790.7858702996655,3821.196813028512,108370
2023-07-06,3811.504638671875,3836.2289811645574,3779.857480281242,3836.2289811645574,223292
2023-07-07,3724.1787109375,3811.505148594358,3674.037785943965,3811.505148594358,522517
2023-07-10,3638.7314453125,3753.402912116609,3634.3305600777217,3724.4754277138923,158486
2023-07-11,3616.726318359375,3643.9230951130194,3535.58097797377,3624.588610985697,613167
2023-07-12,3619.099853515625,3634.478443245485,3553.184851253645,3628.1491079782095,807610
2023-07-13,3570.78857421875,3708.107428995102,3553.382540341759,3643.6263913871767,401181
2023-07-14,3591.309814453125,3628.2478380233733,3545.47078595483,3574.6455106928124,340524
2023-07-17,3646.049560546875,3659.1039660604447,3582.2607521898185,3609.6552774115635,276725
2023-07-18,3601.347900390625,3669.9333263376857,3580.0849648260505,3669.784835406406,195842
2023-07-19,3605.74853515625,3636.4067191924614,3596.9467659962825,3620.2863999417555,148985
2023-07-20,3604.759765625,3629.0391190990586,3592.496587895479,3624.5887372933776,104749
2023-07-21,3634.478515625,3656.977668340774,3594.919565795068,3594.919565795068,141263
2023-07-24,3591.161376953125,3653.4172252592934,3567.3272548173804,3639.423343493533,146776
2023-07-25,3533.949462890625,3608.4684904370956,3507.098680581668,3589.974729514181,288187
2023-07-26,3553.135498046875,3571.9754965802376,3522.526808276753,3540.5260825294868,224131
2023-07-27,3518.27392578125,3594.1776569980343,3497.258234727743,3569.156574183422,271062
2023-07-28,3547.399169921875,3559.019610913243,3501.0163999060064,3535.5809824799603,273446
2023-07-31,3575.83203125,3594.9192712688878,3416.904011618709,3416.904011618709,233903
2023-08-01,3619.74267578125,3644.368023922459,3533.6524683375305,3589.875477378784,353977
2023-08-02,3644.071533203125,3652.477810089354,3594.1778557387092,3630.3743916165295,190868
2023-08-03,3642.14306640625,3683.927207212893,3590.0736952112857,3668.0046333082905,194587
2023-08-04,3660.93359375,3692.8279973154586,3642.1430924246133,3642.1430924246133,177255
2023-08-07,3736.68896484375,3745.2434909727385,3678.982251496854,3684.767844358915,180832
2023-08-08,3808.290283203125,3817.4382894667433,3730.1613648435723,3753.1055052366487,345942
2023-08-09,3839.443115234375,3849.085608730037,3761.956929897462,3817.388953616103,315374
2023-08-10,3834.696044921875,3943.0381626158105,3788.7087676302685,3943.0381626158105,1228431
2023-08-11,3813.947509765625,3854.107405311951,3780.3242088753013,3820.92972637735,454344
2023-08-14,3717.0888671875,3834.94391912983,3705.996675363022,3822.316592136009,229681
2023-08-16,3784.18701171875,3793.1499862848805,3697.281290753607,3740.659921200521,291985
2023-08-17,3794.338134765625,3838.6575735040874,3781.265186669254,3794.0905401358013,216803
2023-08-18,3724.021240234375,3817.9091717262013,3700.153263120351,3817.9091717262013,244213
2023-08-21,3695.399658203125,3728.775368119866,3689.407819412624,3724.021502559153,152487
2023-08-22,3642.512939453125,3713.820190494269,3634.689046124982,3713.820190494269,189478
2023-08-23,3654.99169921875,3683.019457938241,3637.709643485116,3666.2819169232102,245688
2023-08-24,3646.772216796875,3692.0820400359307,3639.641538874963,3654.99240795049,162981
2023-08-25,3603.591796875,3664.4009483278855,3587.151414822595,3649.4957015175714,177867
2023-08-28,3597.2529296875,3637.6604229839563,3590.1222524685113,3606.958687859398,212173
2023-08-29,3667.47119140625,3728.7755317183696,3584.0317920577045,3620.675801267155,371015
2023-08-30,3665.836669921875,3704.0158117407937,3643.7511796914027,3693.913998794374,167293
2023-08-31,3593.390625,3706.4918096853776,3562.044998087594,3689.8038340126213,784759
2023-09-01,3586.260009765625,3614.8818543063503,3568.4331951416484,3614.8818543063503,240027
2023-09-04,3594.876220703125,3619.833712579268,3559.4206191545527,3609.7318994141206,142768
2023-09-05,3574.671875,3633.6489599615606,3565.362414301525,3600.025659996123,339080
2023-09-06,3580.41650390625,3629.7374043067266,3565.362798227617,3580.168909267484,287063
2023-09-07,3613.7919921875,3634.6890751399683,3581.5553656219427,3585.170150410541,417461
2023-09-08,3620.32861328125,3641.96848026194,3598.094664274464,3629.687641764809,127980
2023-09-11,3642.3154296875,3652.615512487615,3606.9589610471,3639.6414557518096,201967
2023-09-12,3569.47265625,3677.8202117198157,3553.4781398233563,3634.689178693344,221164
2023-09-13,3602.403076171875,3609.930050359794,3531.0958159178545,3562.391876857114,127594
2023-09-14,3622.012451171875,3661.429566543575,3600.1252298901895,3605.0275554443283,187725
2023-09-15,3596.708251953125,3645.583531302155,3587.151195429613,3639.0965032833997,279903
2023-09-18,3555.8056640625,3585.1702908607695,3498.2150072710683,3515.843793523683,458818
2023-09-20,3467.810791015625,3561.8471940658133,3462.3637085222404,3531.690212983498,339193
2023-09-21,3412.6962890625,3467.266006343167,3406.902477377042,3466.3251950057115,330208
2023-09-22,3382.737060546875,3446.12128753046,3377.190843969156,3412.6960115820852,400689
2023-09-25,3360.552490234375,3404.971065483356,3348.469920129061,3382.737115111457,382424
2023-09-26,3373.576416015625,3396.998774405282,3363.4250348384667,3371.199362177195,242797
2023-09-27,3420.916015625,3433.6920441587827,3345.548352078703,3381.1028457628877,253803
2023-09-28,3362.483642578125,3434.4347894232114,3343.517990032599,3428.690545465894,360497
2023-09-29,3419.77685546875,3446.121019476295,3374.021418532357,3387.143933254327,143143
2023-10-03,3381.795654296875,3419.776764309573,3367.2867068208943,3419.776764309573,196751
2023-10-04,3361.4931640625,3383.578653463613,3348.1726212986073,3367.3861097022886,164978
2023-10-05,3353.372314453125,3384.0244832359276,3343.518095911478,3375.9034272143767,158919
2023-10-06,3387.787841796875,3407.793440055069,3360.4039717339842,3376.1508938887496,122175
2023-10-09,3389.91748046875,3407.4471332928883,3332.723116441205,3369.317557274525,121797
2023-10-10,3427.5517578125,3443.447140367914,3383.875966323077,3412.1017554619393,110323
2023-10-11,3454.73779296875,3488.113504147549,3443.645600768747,3446.5176020537965,247589
2023-10-12,3452.41015625,3480.0911891518163,3439.23807280187,3474.0995921871404,111881
2023-10-13,3447.65625,3461.2739552891585,3421.064730564883,3447.507789931684,132213
2023-10-16,3466.37451171875,3499.3541659769658,3446.2202113966073,3476.2287299881664,186370
2023-10-17,3501.632080078125,3508.9114596704794,3466.325178901123,3488.8562925639803,151140
2023-10-18,3474.5947265625,3504.6525708602467,3457.1143998588923,3503.959354224805,78158
2023-10-19,3466.770751953125,3490.292243906273,3431.6618786382305,3457.2136950972435,83871
2023-10-20,3433.84033203125,3476.1294461794523,3412.3491666567497,3466.7208503056345,111257
2023-10-23,3373.229248046875,3446.368798659083,3358.967894037786,3433.8899325574066,156985
2023-10-25,3302.417236328125,3402.593928771642,3289.04712605959,3373.2293018244395,293489
2023-10-26,3258.642822265625,3301.031075566737,3239.5780338275754,3301.031075566737,327822
2023-10-27,3283.40185546875,3329.8505099219733,3273.052448609054,3273.200908665869,167643
2023-10-30,3319.352783203125,3332.623758809815,3264.3372074148174,3296.9205643875675,117438
2023-10-31,3368.525390625,3377.4883657852897,3329.900623191152,3341.0919503187793,154112
2023-11-01,3348.0244140625,3377.141448094299,3322.720192553724,3360.3545792354053,266407
2023-11-02,3377.933349609375,3387.441079590333,3347.5287790912025,3369.267538040341,123532
2023-11-03,3455.62890625,3470.038963002675,3386.946296538192,3396.8994078721034,168171
2023-11-06,3447.95361328125,3493.0158406878195,3348.6681561931496,3382.2421366325984,335423
2023-11-07,3480.685302734375,3489.450249338408,3438.297053790751,3456.421029034847,158696
2023-11-08,3544.663818359375,3570.314525026409,3484.5972167121786,3499.9976508858053,316185
2023-11-09,3612.75244140625,3701.539780494638,3520.795697567475,3629.68776930691,1560879
2023-11-10,3651.8720703125,3703.0250204821623,3555.755793487263,3639.640799751791,674266
2023-11-13,3635.38232421875,3695.7458456450904,3605.8196709660433,3695.7458456450904,237635
2023-11-15,3681.038818359375,3684.1584138848434,3629.7371642417806,3659.3000588718314,215887
2023-11-16,3646.375732421875,3689.160036703981,3634.6892173700967,3679.2562513705475,249147
2023-11-17,3690.645751953125,3731.7464627289346,3638.6508768752938,3658.458448333515,236652
2023-11-20,3653.853271484375,3695.1024421804264,3639.6412422977933,3690.645738618429,136505
2023-11-21,3644.593017578125,3675.7403742205674,3629.786906802541,3672.274049339719,120594
2023-11-22,3613.7431640625,3676.285477886936,3605.82013501533,3644.5933616982556,134195
2023-11-23,3722.04052734375,3746.6019631421836,3616.3671869980662,3616.3671869980662,695533
2023-11-24,3729.270263671875,3768.390214651835,3705.005990279242,3743.6307520062905,447648
2023-11-28,3704.362548828125,3729.2704729305374,3644.593105931318,3729.2704729305374,301275
2023-11-29,3745.760009765625,3753.336550492438,3682.722513901973,3728.725547638778,184260
2023-11-30,3734.618408203125,3758.4370608849094,3720.109459042915,3743.630949798927,422345
2023-12-01,3780.12646484375,3785.2268176590005,3724.0213749178033,3752.494758226986,248448
2023-12-04,3827.615234375,3832.7155874120112,3780.126629201582,3805.777338042217,176006
2023-12-05,3779.8291015625,3865.3977069974894,3757.2979907528957,3828.803269887029,462196
2023-12-06,3824.941162109375,3882.2839844487335,3763.438556353364,3779.6806681430744,323837
2023-12-07,3807.014892578125,3849.8487620120486,3785.226565929655,3849.6011673910434,115395
2023-12-08,3806.52001953125,3850.492731157819,3768.043715514271,3827.813158706461,474651
2023-12-11,3832.220703125,3861.4864412341594,3795.378664893462,3806.520424950883,221981
2023-12-12,3450.47900390625,3856.187496153482,3417.796510470858,3853.018333027167,1490344
2023-12-13,3393.87890625,3540.603394978391,3314.896215131251,3510.892037817733,3437251
2023-12-14,3332.12841796875,3440.5252949623887,3284.6398178974114,3432.651834352708,2557032
2023-12-15,3367.98046875,3410.863910642247,3332.9211629008255,3362.335359068069,1488926
2023-12-18,3381.944580078125,3391.9968252254057,3347.9745488692693,3368.2773082988865,488134
2023-12-19,3361.295166015625,3391.8980076901885,3338.4175670307227,3382.1426824458363,580769
2023-12-20,3338.1201171875,3429.6805560978005,3321.3332508978706,3379.1712553871484,1127059
2023-12-21,3391.9970703125,3395.0177733408086,3297.515050466523,3318.758622656082,487463
2023-12-22,3394.96826171875,3414.6273735771215,3370.5555260302112,3413.8350223415437,327130
2023-12-26,3418.638427734375,3432.701755333996,3396.9985588570667,3413.7854275753048,220989
2023-12-27,3429.483154296875,3446.517618304878,3399.9698228852435,3424.7292885339853,293268
2023-12-28,3451.27099609375,3457.411294348132,3413.735506402393,3446.4179964377663,291684
2023-12-29,3482.071533203125,3488.063371248588,3432.7013120129845,3458.35201742806,257567
2024-01-01,3445.18017578125,3509.7530493539393,3436.6134982156077,3495.0458314705706,415257
2024-01-02,3452.50927734375,3471.2769029686615,3406.704268281753,3466.325010097094,229908
2024-01-03,3430.52294921875,3460.0856048271603,3422.0055966938094,3453.450116683688,212693
2024-01-04,3404.970947265625,3446.2696835335937,3385.955727882348,3436.6134928835604,368739
2024-01-05,3427.204833984375,3438.69332141746,3403.9309389984965,3424.7288877092815,295652
2024-01-08,3372.436767578125,3439.584477195844,3367.2868478162595,3439.584477195844,242934
2024-01-09,3407.8427734375,3426.461937170869,3385.7079595426712,3426.461937170869,519003
2024-01-10,3426.115478515625,3437.009642627192,3384.123524474968,3406.902231253699,177985
2024-01-11,3452.013671875,3473.257241374528,3412.8441556249286,3426.115130204096,310541
2024-01-12,3418.09326171875,3474.742861841931,3398.9789088902685,3474.6437272782878,308832
2024-01-15,3428.393310546875,3456.421071317316,3394.8195750808186,3456.421071317316,286426
2024-01-16,3447.65625,3452.756844692379,3414.924431811009,3429.6809757349674,330164
2024-01-17,3387.98583984375,3435.6231441807836,3368.6241328824963,3435.6231441807836,274487
2024-01-18,3324.007568359375,3387.0946334962855,3298.2577261164206,3380.1619836616437,458137
2024-01-19,3372.635009765625,3398.97917585223,3333.614191701226,3345.3995997027064,212327
2024-01-23,3247.35205078125,3363.028310926382,3220.512937813229,3349.856228177948,469762
2024-01-24,3251.11572265625,3285.036189088531,3227.4953385513863,3265.2781847366705,192710
2024-01-25,3210.757568359375,3268.249089334633,3189.018808381066,3246.460762072402,241567
2024-01-29,3261.46533203125,3276.9649028718222,3216.74983300889,3220.711347581561,218314
2024-01-30,3234.37841796875,3286.6704554003322,3229.4265250640856,3259.385477137304,205904
2024-01-31,3340.199951171875,3357.3831148628233,3223.2363954016296,3234.378153526174,291997
2024-02-01,3378.329833984375,3384.3216728182747,3320.78898292207,3340.2002582307464,287023
2024-02-02,3343.765380859375,3412.8442806194466,3335.8423529299043,3412.8442806194466,174194
2024-02-05,3250.372802734375,3357.2347923325524,3232.5955562901872,3333.614167424256,408128
2024-02-06,3282.560302734375,3305.7846325483283,3232.595750717793,3251.462511407978,264320
2024-02-07,3297.613525390625,3324.9480674604342,3259.3354948282936,3302.9121468405833,267012
2024-02-08,3422.500732421875,3441.515952547233,3310.6375216535157,3310.835549008559,871825
2024-02-09,3450.825439453125,3476.2285513811826,3393.0367569891546,3436.0686546586103,737224
2024-02-12,3370.703857421875,3465.334577068836,3336.981419138084,3465.334577068836,769165
2024-02-13,3390.41259765625,3437.5544728376567,3331.6830996927924,3406.852736956392,861084
2024-02-14,3385.262451171875,3423.689188487118,3346.1424972080063,3385.163558388726,504758
2024-02-15,3533.27490234375,3575.266859601352,3407.4472488573433,3407.4472488573433,1141777
2024-02-16,3610.22705078125,3627.311081119438,3540.6033889287423,3540.6033889287423,904620
2024-02-19,3632.6591796875,3644.5932903143876,3585.170573624479,3633.5506655128406,298793
2024-02-20,3647.960693359375,3659.449182638588,3615.129737192559,3619.834035871188,304952
2024-02-21,3653.515625,3675.289855131532,3627.277419763255,3668.395542017377,305505
2024-02-22,3651.382568359375,3668.3455267499403,3603.4691919210845,3651.531270640208,141410
2024-02-23,3645.2822265625,3672.859722749207,3630.6999555063057,3665.419763823989,169837
2024-02-26,3665.320068359375,3682.2832697361164,3618.2499817887956,3620.82926414313,183126
2024-02-27,3642.851318359375,3672.2144485304248,3617.803460564134,3663.4352014980386,181113
2024-02-28,3605.056640625,3656.4420030978295,3581.2487731181586,3623.06148573874,253832
2024-02-29,3643.298095703125,3667.4036101197744,3548.1659214900865,3571.1801450990497,419847
2024-03-01,3649.001953125,3669.5361898982096,3617.307778737422,3643.8436303982544,95030
2024-03-04,3588.2919921875,3685.259451510557,3581.100032288859,3658.525249014218,203432
2024-03-05,3603.221435546875,3622.019681657379,3580.405563536435,3605.899772084785,194009
2024-03-06,3623.755615234375,3630.6002798559825,3551.7863716465167,3593.7477840378683,263511
2024-03-07,3596.9716796875,3684.6144814434724,3588.093378281041,3625.888219454771,298793
2024-03-11,3622.863037109375,3739.521439420049,3591.615211853385,3600.8902146732376,502597
2024-03-12,3610.81005859375,3637.395557619154,3548.860055193979,3622.8629361683566,334401
2024-03-13,3552.133544921875,3626.086774816577,3516.768799758299,3620.7795079783764,440223
2024-03-14,3621.176513671875,3634.6180871674283,3504.716459856509,3546.429875725657,169209
2024-03-15,3619.936279296875,3630.501165001859,3583.9270762122674,3607.3876469717707,336173
2024-03-18,3700.734619140625,3714.62254154231,3592.1112260703026,3619.9364768476185,264945
2024-03-19,3672.859130859375,3734.759482267336,3652.2752478167463,3710.058919490631,461938
2024-03-20,3606.197509765625,3696.717004262975,3589.333603941461,3696.717004262975,410676
2024-03-21,3721.0703125,3737.6365706397632,3611.2563380281717,3620.77958119838,311473
2024-03-22,3760.7998046875,3772.009390834304,3701.131433134452,3701.131433134452,166913
2024-03-26,3765.313232421875,3814.2186065556425,3719.9294869732607,3769.926151861124,357673
2024-03-27,3804.199462890625,3846.954521048527,3743.8367452302136,3789.319545970633,1442884
2024-03-28,3836.588134765625,3874.6309761278535,3770.5708565200803,3834.0585005130515,405269
2024-04-01,3857.02294921875,3868.778179793345,3770.5707336908986,3856.378249729905,254124
2024-04-02,3825.576904296875,3906.4740992018305,3809.9033437297862,3882.120587297003,356689
2024-04-03,3865.40576171875,3896.554291307388,3796.3132013384343,3825.5770383021736,475766
2024-04-04,3784.50830078125,3878.6484728803216,3775.828349743122,3870.5638153592618,246895
2024-04-05,3838.820068359375,3862.826284969983,3772.554792434732,3803.7033204570557,258919
2024-04-08,3928.000244140625,3943.277103472485,3805.637878128349,3868.728577731168,542288
2024-04-09,3874.482421875,4007.6576801830633,3811.689123151733,3990.3474250264335,344997
2024-04-10,3829.644287109375,3862.479158647629,3800.578800795912,3823.1466749148303,521517
2024-04-12,3829.3466796875,3884.551075455902,3798.495554579562,3840.7049680114696,289594
2024-04-15,3766.602783203125,3787.5339621754424,3701.1311519965393,3734.858962012053,637710
2024-04-16,3712.291259765625,3802.414053132757,3707.0832888620857,3753.9550269939386,255347
2024-04-18,3686.796875,3765.1147852763997,3670.3793190680226,3710.0590954903796,244652
2024-04-19,3679.555419921875,3705.0992770528283,3625.7893690776414,3625.7893690776414,135250
2024-04-22,3685.6064453125,3769.57867335906,3652.0273384135207,3703.065401224801,220589
2024-04-23,3661.947509765625,3704.9999719928405,3644.9349018337766,3704.9999719928405,241564
2024-04-24,3724.79052734375,3733.767883535773,3662.7412248948144,3665.518857844159,131696
2024-04-25,3725.980712890625,3748.6972883756916,3691.8559593183495,3742.0509741575133,169348
2024-04-26,3741.058837890625,3750.7307831791722,3710.0590132478455,3734.8588729620687,166814
2024-04-29,3714.671875,3811.6889794636454,3702.123242235048,3758.66692519523,348716
2024-04-30,3624.84716796875,3734.8592601926584,3563.244213177166,3734.8592601926584,807822
2024-05-02,3611.75244140625,3657.6321840235923,3597.9638156346296,3624.8469616967614,211272
2024-05-03,3565.47607421875,3626.6820837294367,3531.5002640936914,3611.8021668863453,318934
2024-05-06,3564.13671875,3608.231065259777,3548.1161054537492,3582.6375603269294,366585
2024-05-07,3479.42041015625,3571.0311912439415,3469.004468800116,3557.2919717235386,424012
2024-05-08,3491.572509765625,3516.3227231704727,3447.1807575639027,3457.100702189986,638388
2024-05-09,3488.9931640625,3561.2600562283887,3476.84123211576,3503.7243784397406,314013
2024-05-10,3534.07958984375,3541.8169529480165,3476.097319419353,3498.3181408222435,106309
2024-05-13,3629.459716796875,3645.7283290048817,3519.1996298593835,3521.6299678399614,292527
2024-05-14,3638.23876953125,3655.499375270012,3557.4902798106205,3621.771565566028,150107
2024-05-15,3635.064208984375,3719.8797308026615,3576.9334820322943,3719.8797308026615,392757
2024-05-16,3579.413818359375,3622.9622802243684,3547.0747006442216,3597.964067152846,341995
2024-05-17,3548.16552734375,3607.833892098752,3492.91148911829,3575.19737405036,1180397
2024-05-21,3556.25048828125,3575.1480311673527,3518.356348374808,3569.196064411802,221518
2024-05-22,3670.131591796875,3694.6834552733185,3563.293834318429,3584.076070318835,1036788
2024-05-23,3630.203857421875,3669.387640006426,3608.8759757619296,3669.387640006426,277511
2024-05-24,3601.832275390625,3644.587329781015,3566.4181246789167,3644.587329781015,241469
2024-05-27,3586.456298828125,3688.681365680228,3563.3924300445647,3619.787406073655,613741
2024-05-28,3588.7880859375,3612.7943042903144,3561.8058840983167,3596.9223923630116,316871
2024-05-29,3549.90185546875,3575.1480662675103,3532.8395990392205,3575.1480662675103,297942
2024-05-30,3528.772216796875,3549.852098617645,3498.764385028485,3534.4761848189655,222203
2024-05-31,3511.36279296875,3549.3562297795283,3483.289300903023,3528.772344433546,1252747
2024-06-03,3616.563720703125,3650.5395301892618,3536.460169870847,3555.3080641843244,437923
2024-06-04,3565.47607421875,3625.73973743327,3495.6397613762997,3566.2200700609046,804255
2024-06-05,3636.750732421875,3681.3904800009464,3413.502346369759,3511.660142886958,597639
2024-06-06,3622.3671875,3664.4276571285836,3603.469643971188,3664.4276571285836,377890
2024-06-07,3613.43896484375,3623.259612710111,3585.067827606938,3587.101464601607,324844
2024-06-10,3611.355712890625,3633.774883823954,3521.5802172123936,3556.3000221708257,823158
2024-06-11,3578.223388671875,3634.9157763767776,3565.8234576615155,3571.18013098353,502872
2024-06-12,3605.949462890625,3616.415052743373,3561.359360936613,3600.8901943366272,372099
2024-06-13,3609.074462890625,3629.410350824829,3591.0202108204185,3619.788052288317,149504
2024-06-14,3609.867919921875,3627.8231169201576,3596.0792934968267,3609.0742758990614,296027
2024-06-18,3631.59228515625,3639.9251836185404,3614.8773244455842,3633.229221265374,216884
2024-06-19,3621.374755859375,3675.339152889702,3609.371527068605,3638.2880661743798,261310
2024-06-20,3744.729248046875,3774.5387284923004,3628.3682553646686,3658.3760862547847,805768
2024-06-21,3723.6494140625,3775.4314744625494,3695.1792225834474,3770.3228000628287,548454
2024-06-24,3772.654296875,3794.378879072878,3655.4500039652803,3722.955276643271,491338
2024-06-25,3754.103759765625,3794.18048149848,3695.526680304895,3779.4989149663675,324872
2024-06-26,3745.721435546875,3764.6189784609637,3725.4848454224925,3749.7390615500512,310213
2024-06-27,3788.972412109375,3918.3780383827884,3780.540459368551,3918.3780383827884,1255442
2024-06-28,3768.339111328125,3833.6620461047814,3755.294480512173,3803.306917494447,172804
2024-07-01,3785.103271484375,3813.2264091233023,3738.67812809827,3769.0826590697156,244926
2024-07-02,3726.575927734375,3815.06202818078,3698.155383051851,3795.966134639002,293408
2024-07-03,3766.950439453125,3774.489452397476,3730.9409903981978,3749.739237875713,329727
2024-07-04,3760.45263671875,3786.4428430596613,3739.819103572157,3766.9502488505145,250912
2024-07-05,3758.171142578125,3776.4733925652217,3744.7792169017875,3754.203164599951,193684
2024-07-08,3726.675048828125,3764.7181318269054,3700.238494328049,3735.0077051073677,475219
2024-07-09,3832.27294921875,3881.9719685364075,3758.865359182888,3769.5789477875137,620574
2024-07-10,3814.9130859375,3832.2729891674862,3749.7390976770102,3826.1226718889493,168976
2024-07-11,3831.2314453125,3838.0763526456303,3775.7790498683703,3814.913184292829,125448
2024-07-12,3870.06787109375,3890.800457553958,3813.821836034547,3837.3320553021763,459175
2024-07-15,3835.893798828125,3894.2725263353936,3809.258651228283,3894.2725263353936,255409
2024-07-16,3849.533935546875,3884.6007956459607,3829.098752068111,3836.042713535592,221307
2024-07-18,3873.73828125,3896.8518000977597,3818.2362408688064,3862.8263424295774,330915
2024-07-19,3804.596435546875,3889.213612193229,3781.4829159810097,3873.7384016017427,254837
2024-07-22,3976.012939453125,3999.7215092630413,3746.7629316682805,3819.1288763115936,829609
2024-07-23,3993.124755859375,4025.8109229098836,3800.479249584882,3987.8174889436664,504040
2024-07-24,3976.0625,3999.7216647575115,3919.717408392215,3993.1249984696096,194039
2024-07-25,3976.012939453125,3998.7295148411013,3878.6981897863325,3878.6981897863325,199590
2024-07-26,4173.32080078125,4180.760759423004,3977.8978871245095,3993.6210965952114,756611
2024-07-29,4361.6513671875,4393.593301316833,4174.561096761276,4174.561096761276,942602
2024-07-30,4349.74658203125,4377.671126491661,4316.614067162029,4364.775199765083,264458
2024-07-31,4395.279296875,4431.288500739713,4318.052434044054,4349.696959314904,359197
2024-08-01,4377.32421875,4418.144693547428,4334.321162410749,4404.802658800526,313317
2024-08-02,4244.64501953125,4370.578910615396,4217.415062089626,4334.966406195373,274124
2024-08-05,4176.89208984375,4258.632338815645,4151.645636364368,4186.216741160499,611759
2024-08-06,4230.60888671875,4294.443834841325,4190.383700232873,4194.847675844628,425329
2024-08-07,4386.79833984375,4422.60895435259,4291.268977385313,4374.695813006684,891155
2024-08-08,4421.5673828125,4513.5748705585,4356.343745946737,4424.295367624376,462552
2024-08-09,4451.77392578125,4563.174714742226,4429.602751760159,4563.174714742226,362962
2024-08-12,4405.44775390625,4481.682631210281,4330.800164741322,4448.946811377156,535220
2024-08-13,4338.240234375,4428.263741210771,4325.195602710733,4428.263741210771,262457
2024-08-14,4299.60107421875,4337.74345211581,4259.623894205086,4335.015467553849,170694
2024-08-16,4400.9833984375,4404.4553790290765,4268.552138730207,4354.855656292263,216065
2024-08-19,4288.9873046875,4432.627907425615,4262.252860487441,4414.375306403931,672783
2024-08-20,4301.56201171875,4324.176960188703,4231.729038970875,4299.32536846348,263570
2024-08-21,4342.666015625,4378.303290099301,4280.13951693246,4301.312875877693,287238
2024-08-22,4401.76318359375,4470.403567241751,4340.131239640927,4343.063921449795,315079
2024-08-23,4394.25830078125,4430.342616597286,4349.227412245606,4423.583178028857,229345
2024-08-26,4378.99951171875,4459.767185512972,4366.673219194686,4422.837816971591,333893
2024-08-27,4432.08251953125,4462.699972748823,4357.677239824404,4378.850602500682,221607
2024-08-28,4482.33203125,4493.167226822235,4395.202458540905,4431.535286985292,200315
2024-08-29,4436.95361328125,4500.0766553484045,4412.102021916229,4493.167718795871,177012
2024-08-30,4468.763671875,4497.641027027978,4434.02095282535,4445.701200823489,446335
2024-09-02,4550.6748046875,4582.633856960481,4466.7259274063745,4498.038935322699,365406
2024-09-03,4512.849609375,4602.961860470152,4495.652503734871,4582.583557247031,255560
2024-09-04,4475.07568359375,4562.752294383995,4450.0255700698635,4473.187059676963,231198
2024-09-05,4483.17724609375,4532.880425197074,4463.544490347937,4505.096153925272,149739
2024-09-06,4585.8642578125,4633.281289357347,4456.735483249765,4486.209374195591,613140
2024-09-09,4589.84033203125,4616.580546813869,4538.596545651257,4585.864077479704,476792
2024-09-10,4662.8046875,4673.0933436291925,4582.683058090665,4582.683058090665,355228
2024-09-11,4596.00390625,4720.708903426805,4583.180096497542,4666.134904580568,275743
2024-09-12,4616.03369140625,4663.3512144217175,4579.302848336316,4626.520867918249,113201
2024-09-13,4632.5849609375,4663.152417093034,4609.025459113355,4621.898777078248,191350
2024-09-16,4628.857421875,4671.204630767674,4593.568162028214,4647.247599541635,240974
2024-09-17,4664.94189453125,4688.948920972763,4584.174219645126,4647.247754986185,127428
2024-09-18,4627.2666015625,4677.019776477412,4570.903486099592,4672.098967454384,151912
2024-09-19,4640.8359375,4711.215939372315,4580.049038731874,4632.336886935622,311213
2024-09-20,4688.00390625,4775.531011491635,4618.667970613669,4660.170125636132,606322
2024-09-23,4661.810546875,4718.472175505119,4637.306974728153,4718.422666475169,264910
2024-09-24,4589.84033203125,4737.65778913802,4558.626830878142,4672.099098066355,258155
2024-09-25,4593.0712890625,4610.864932073451,4495.80205972003,4588.100970602309,147428
2024-09-26,4596.60009765625,4613.250664775508,4552.81178544494,4592.226314414889,143490
2024-09-27,4625.3291015625,4653.2123954874905,4562.802103626748,4607.485463166955,149874
2024-09-30,4628.1123046875,4692.9749643837595,4604.254774684278,4625.3291203402005,280666
2024-10-01,4703.26318359375,4712.905309843152,4628.11187400056,4658.1822996438,100017
2024-10-03,4632.7841796875,4730.748959254665,4594.363230911706,4698.889413095871,179079
2024-10-04,4560.0185546875,4696.25478604426,4543.417497301941,4624.483680544124,148187
2024-10-07,4470.80078125,4597.543882886325,4448.483860573549,4562.751658907727,265529
2024-10-08,4543.5673828125,4564.69123753038,4446.248153241386,4463.395752953547,103413
2024-10-09,4577.91162109375,4591.380989389165,4521.9955408187325,4573.140309730005,74766
2024-10-10,4534.76904296875,4629.950630826566,4498.1872119672,4588.100457000029,61746
2024-10-11,4496.74658203125,4564.690931969806,4468.664282933193,4545.356199145692,72674
2024-10-14,4537.65185546875,4554.799452709965,4453.553977139659,4516.478494767429,176217
2024-10-15,4530.8427734375,4537.652206757262,4477.759869727387,4537.652206757262,73650
2024-10-16,4560.81396484375,4584.970005043758,4501.120631191382,4532.930670987788,217235
2024-10-17,4436.50634765625,4591.480783315456,4421.1478691493185,4591.480783315456,92938
2024-10-18,4533.62646484375,4563.547393604692,4380.888190578969,4433.474548082708,246269
2024-10-21,4373.9794921875,4607.584446131974,4340.131334226816,4533.824730350495,288710
2024-10-22,4293.36083984375,4422.58911240214,4277.654828562784,4359.665078455609,155241
2024-10-23,4326.314453125,4385.014208800785,4233.717511875361,4234.711575625508,219517
2024-10-24,4295.24951171875,4349.326476994617,4273.579118385001,4308.321351589538,96061
2024-10-25,4301.95947265625,4337.994280092807,4245.596354736795,4314.136752410673,74395
2024-10-28,4333.869140625,4360.11232477159,4285.706561045415,4309.216555447253,122396
2024-10-29,4384.76513671875,4393.81072739163,4263.439380172145,4337.199095230755,64743
2024-10-30,4468.86279296875,4493.7643794408405,4379.347552527532,4413.245221171693,189151
2024-10-31,4461.8544921875,4536.111237653104,4411.703789149333,4534.91816717375,152629
2024-11-01,4477.01416015625,4499.529604734463,4365.181999619458,4461.854689505707,13158
2024-11-04,4437.15234375,4477.0143952533235,4388.393713348601,4477.0143952533235,284281
2024-11-05,4510.9619140625,4531.042196499811,4414.836238109693,4448.435399600521,289330
2024-11-06,4586.80859375,4596.8482481026285,4522.492482763277,4526.369233842103,151768
2024-11-07,4666.6318359375,4684.475472726638,4561.807629195325,4608.479112026041,220510
2024-11-08,4535.36572265625,4687.009932578459,4505.096291504894,4681.990105488768,166782
2024-11-11,4572.39453125,4592.374821287201,4439.63704635143,4542.870648201639,190338
2024-11-12,4521.896484375,4620.756318226762,4489.191884155542,4577.564054240525,247900
2024-11-13,4419.755859375,4526.319673408532,4374.824475057954,4518.019145119301,174456
2024-11-14,4239.93017578125,4323.332022728642,4021.8326981396754,4323.332022728642,1612326
2024-11-18,4167.0654296875,4239.6815872217885,4114.2305568888,4234.711268831142,595995
2024-11-19,4124.17138671875,4184.958771787887,4096.834634290584,4167.115133777158,281992
2024-11-21,4114.13134765625,4154.887956565722,4049.417708140538,4110.453118065025,247603
2024-11-22,4092.2119140625,4156.180005240248,4067.4100752219674,4114.131308165923,203652
2024-11-25,4100.6123046875,4190.3760634924865,4088.087004872633,4100.214776280278,434804
2024-11-26,4079.4384765625,4135.25554242619,4070.8896742343823,4127.303032711846,57126
2024-11-27,4075.363037109375,4119.847386506232,4042.9067125491624,4079.4383098653107,130156
2024-11-28,4018.55224609375,4125.413850809924,4009.05888925091,4125.3643417781495,207012
2024-11-29,4041.36572265625,4059.656396529637,4018.5520106890503,4022.0312334240884,122795
2024-12-02,4070.8896484375,4080.631521314105,4008.064870630566,4065.7205656942,195686
2024-12-03,4113.53466796875,4138.286754458409,4072.678557054072,4090.571701800709,171818
2024-12-04,4152.65087890625,4242.116596419994,4069.2488032981073,4120.095298366527,376181
2024-12-05,4111.34814453125,4153.198325258671,4091.566373088724,4153.198325258671,114597
2024-12-06,4114.67822265625,4120.54310148445,4071.9829920441402,4120.54310148445,142896
2024-12-09,4036.4951171875,4106.526612927025,4027.946072375915,4094.548339614115,140384
2024-12-10,4089.8759765625,4113.137454821894,4008.2634946062026,4011.046921429475,216738
2024-12-11,4077.947265625,4116.4672334641145,4069.3984635387296,4100.512705454139,251423
2024-12-12,4027.6474609375,4104.43911713598,3979.2863636175985,4093.752933379319,382520
2024-12-13,3973.2724609375,4053.7916176390104,3930.1301950406278,4037.1410512840685,478835
2024-12-16,3932.466064453125,3992.109883707535,3920.935071678732,3937.5358861662785,524843
2024-12-17,3868.597412109375,3946.333140075633,3856.9669160811054,3945.438579877811,390716
2024-12-18,3861.241455078125,3918.4993752709943,3837.1851634680315,3893.69753592903,362093
2024-12-19,3850.605224609375,3872.5241349229814,3802.343383696646,3858.2594665197876,325168
2024-12-20,3791.1103515625,3881.172617856091,3778.4360396693705,3856.9670702228777,395750
2024-12-23,3777.83935546875,3827.691792564739,3766.507127064008,3791.1102021220267,168172
2024-12-24,3766.65625,3783.754339240274,3729.5778693418347,3777.839466263439,257439
2024-12-26,3723.7626953125,3777.2931237138023,3705.869548351575,3769.8376458134167,588710
2024-12-27,3722.022705078125,3731.0190293674614,3689.1191022159055,3723.7623164112056,388326
2024-12-30,3713.970947265625,3745.433208575304,3653.780585168293,3722.669004527243,523817
2024-12-31,3663.7705078125,3710.6905051348062,3654.5259102394066,3700.0043211502834,428992
2025-01-01,3669.337646484375,3678.234468094712,3625.6485952426247,3668.0950668546816,92935
2025-01-02,3697.270751953125,3707.857432801351,3639.515556526527,3678.035523154155,181694
2025-01-03,3646.623046875,3711.883472012316,3604.5245963317016,3707.807713914578,451532
2025-01-06,3578.827880859375,3665.410921286421,3559.9406716325116,3648.2135717152755,381910
2025-01-07,3571.521728515625,3613.421414832546,3564.662543626458,3602.387211097243,417142
2025-01-08,3608.8984375,3631.1656095405174,3553.081858960272,3594.7330300639946,569680
2025-01-09,3638.1240234375,3709.1000724713767,3608.89840589489,3613.421444136269,388008
2025-01-10,3593.04296875,3678.0354085973163,3579.6231098267394,3658.1541361184118,315893
2025-01-13,3380.11474609375,3588.5698491825137,3374.8461601037766,3580.617339821444,376760
2025-01-14,3442.641357421875,3487.1257079984275,3392.54064401666,3392.54064401666,223455
2025-01-15,3438.814208984375,3465.604176002766,3419.578980144533,3465.057392453141,191829
2025-01-16,3459.788818359375,3484.739913312366,3423.6547499180188,3461.3296655712857,202745
2025-01-17,3529.820556640625,3544.4829956398444,3458.397228215154,3461.627935113287,187757
2025-01-20,3576.09423828125,3602.4369250734826,3515.0090753711106,3602.4369250734826,163715
2025-01-21,3498.955078125,3598.51045680795,3483.1990720041595,3595.4785141002753,187358
2025-01-22,3479.86865234375,3540.755047985129,3444.9274137991397,3502.7321151968395,194028
2025-01-23,3505.714599609375,3549.7516694180213,3461.975797444664,3501.6390841133702,103745
2025-01-24,3480.8134765625,3523.5084630507713,3460.5841836119284,3489.1635143922067,250360
2025-01-27,3353.27490234375,3494.133670627067,3337.0716165846557,3480.813315018984,304672
2025-01-28,3328.025634765625,3395.472951264924,3313.512450924672,3353.2749973787736,199980
2025-01-29,3404.86669921875,3417.8890298570004,3307.7467310409497,3330.1131627309337,126453
2025-01-30,3436.08056640625,3459.291807402243,3404.8668216660276,3414.6086941351587,256135
2025-01-31,3463.069091796875,3481.8567968975913,3366.9431895129605,3448.4066535897696,342427
2025-02-01,3461.031494140625,3520.476551224199,3411.1295455388504,3479.2229081701807,108705
2025-02-03,3597.963623046875,3670.5800210883217,3455.4647446879335,3455.4647446879335,1156135
2025-02-04,3553.230712890625,3587.625411750766,3507.056505566204,3587.625411750766,218062
2025-02-05,3575.4482421875,3616.9504002404515,3516.400714815931,3578.6291973802395,358394
2025-02-06,3619.833251953125,3643.1439974382615,3548.3104164835504,3578.6293596696405,415667
2025-02-07,3522.8125,3561.0839498391733,3430.5135946749742,3507.404513701112,1266192
2025-02-10,3503.279052734375,3578.579373919723,3454.3711698888883,3517.494211410599,191736
2025-02-11,3399.30029296875,3479.2229166050893,3355.7105030656085,3479.2229166050893,407211
2025-02-12,3336.7236328125,3420.1754698607588,3295.6192467570518,3409.638298160179,341176
2025-02-13,3207.495361328125,3358.642787006899,3200.884935168978,3358.642787006899,522317
2025-02-14,3149.881591796875,3236.5262402904987,3127.1746697698595,3214.715544956044,218261
2025-02-17,3105.8623046875,3176.9207326807837,3088.583072786721,3122.1952223091885,418973
2025-02-18,3152.67041015625,3166.0654258782333,3084.948151729057,3102.774943087071,138881
2025-02-19,3190.41552734375,3198.8309652785233,3097.2974215823515,3146.097284494742,179722
2025-02-20,3176.024658203125,3216.757508541922,3139.823029280191,3179.1616950515613,464132
2025-02-21,3132.552734375,3223.8285421861374,3106.1113705252146,3176.0245948604065,349942
2025-02-24,3077.827392578125,3125.5814981359963,3068.764706282811,3121.398701142508,142386
2025-02-25,3072.2001953125,3105.961633640118,3052.4810197049687,3079.42058271637,220228
2025-02-27,3000.145751953125,3085.2965315344445,2987.7466519761133,3072.2003393006603,378209
2025-02-28,3001.6396484375,3019.6159728942707,2950.4496859960777,3000.1457750999866,627755
2025-03-03,2974.8994140625,3016.9270013245336,2939.0464545348696,3004.876326003703,260732
2025-03-04,3028.280517578125,3038.787475791281,2952.8399108460676,2967.828489261128,156264
2025-03-05,3132.503173828125,3143.557690904819,3012.7443250648294,3022.6037920715366,310633
2025-03-06,3242.302734375,3251.9132220937213,3135.191969251042,3137.1339559284042,348644
2025-03-07,3205.951904296875,3298.522207774153,3032.2640832383386,3181.950241835043,1416296
2025-03-10,3240.360595703125,3278.603899461026,3191.9592449076586,3211.8277118920682,381671
2025-03-11,3340.200927734375,3351.25568713952,3186.9296281861702,3236.7254036265795,339583
2025-03-12,3320.03369140625,3419.874222749831,3267.7481263634772,3359.023930081353,166349
2025-03-13,3283.83251953125,3346.674647297545,3266.7028200328295,3340.4501748676353,210443
2025-03-17,3359.47216796875,3367.190513570694,3257.39082291078,3257.639801801165,141132
2025-03-18,3359.47216796875,3359.47216796875,3359.47216796875,3359.47216796875,0
2025-03-19,3391.04248046875,3426.397481212655,3366.1944370253123,3426.397481212655,227139
2025-03-20,3408.57080078125,3429.7340061349314,3375.4067644689103,3386.212545400991,178326
2025-03-21,3442.581298828125,3469.7698424912614,3397.6158081439203,3430.7300008140796,284840
2025-03-24,3478.235107421875,3505.523096619287,3440.8384293633526,3442.5812816004286,107888
2025-03-25,3427.54296875,3505.6226486674914,3399.8564685210404,3501.290318875541,169163
2025-03-26,3414.04833984375,3449.9511439451717,3406.081015466999,3449.8016107270414,109293
2025-03-27,3468.425048828125,3499.647097280646,3376.1535742121205,3386.013040490056,427342
2025-03-28,3414.197509765625,3509.55642004398,3394.2791995247158,3493.0243684300863,338808
2025-04-01,3436.306884765625,3493.6717171738615,3398.063825255763,3406.0311495822707,289559
2025-04-02,3487.298095703125,3495.663689326183,3389.747970028962,3430.979020968624,180181
2025-04-03,3439.2451171875,3463.6946498186385,3401.0516579730875,3455.827014104426,535423
2025-04-04,3301.908203125,3425.949535065434,3278.5540318126186,3425.949535065434,430413
2025-04-07,3228.80810546875,3256.6438968760494,3038.538388186186,3047.501628269331,330450
2025-04-08,3263.71484375,3299.4681136157174,3216.9564156299807,3246.3359234330787,246889
2025-04-09,3281.342529296875,3286.5212414122307,3201.918265962746,3236.8251538373424,127031
2025-04-11,3592.715576171875,3683.8916952798486,3406.0312511103225,3406.0312511103225,1520004
2025-04-15,3574.7392578125,3649.4329257319964,3550.4390151067373,3649.0346567604724,542128
2025-04-16,3626.72607421875,3657.101497740642,3559.5017762604643,3559.601221926932,369433
2025-04-17,3630.410888671875,3640.0712205738487,3597.346542082217,3626.7260498816504,78387
2025-04-21,3668.853271484375,3694.8467651217215,3606.309968195996,3630.411076364057,208161
2025-04-22,3684.3896484375,3727.2140179152166,3660.288540290359,3679.4100705912538,215267
2025-04-23,3641.764404296875,3713.7691484014085,3615.1735072934066,3701.8181616004385,169104
2025-04-24,3643.457275390625,3663.2761403111563,3594.3588343074252,3641.6648219525105,238189
2025-04-25,3569.26171875,3677.318558236816,3505.6228110008587,3655.0101466969177,110845
2025-04-28,3634.294921875,3644.054942747176,3525.8398173654546,3550.438882452496,78944
2025-04-29,3632.801025390625,3679.0116518081186,3606.80777597776,3630.809194333236,138901
2025-04-30,3625.331787109375,3657.4999084522947,3599.537671261536,3648.038710595168,203428
2025-05-02,3674.430419921875,3692.257211000749,3609.3970859100996,3625.33173470228,191817
2025-05-05,3664.96923828125,3723.5291214781287,3657.5995604399104,3696.7388471926683,180654
2025-05-06,3615.47216796875,3696.041636437241,3600.2346118542064,3648.1382457174427,94993
2025-05-07,3643.15869140625,3672.8367796354464,3536.695175542735,3536.695175542735,141319
2025-05-08,3596.6494140625,3653.8151140134105,3572.74744023748,3636.3865914326666,325795
2025-05-09,3624.833740234375,3642.959354423311,3535.5001649762003,3535.5001649762003,108129
2025-05-12,3693.253173828125,3723.7282872906644,3639.2745989823147,3670.147981412379,206683
2025-05-13,3623.73828125,3716.2587351092407,3615.173310584629,3716.2587351092407,253553
2025-05-14,3636.087646484375,3645.0508863688888,3592.4664970843864,3620.152997800795,115213
2025-05-15,3676.22314453125,3718.3504212250323,3607.2061477959187,3637.0836145087505,181586
2025-05-16,3754.302734375,3773.523952781647,3637.9797515460227,3696.838456776319,602501
2025-05-19,3743.646484375,3779.4994435230446,3704.0089975770848,3779.4994435230446,350829
2025-05-20,3714.964111328125,3819.236420092466,3685.883426089799,3685.883426089799,890551
2025-05-21,3694.746826171875,3704.606535534565,3519.665075313738,3682.9952177548807,480623
2025-05-22,3629.514404296875,3685.9830084917157,3593.2631768213514,3684.887404168237,226597
2025-05-23,3665.76611328125,3678.912150300629,3615.2732420344014,3615.5718221934594,114905
2025-05-26,3668.5546875,3690.3651412053505,3645.0509828124636,3688.3733100672016,109213
2025-05-27,3736.675048828125,3780.5950207265773,3649.23361712718,3674.9282862941845,360398
2025-05-28,3839.75244140625,3849.213639225822,3723.0311864082214,3774.519972229202,459662
2025-05-29,3859.6708984375,3879.7883448800094,3824.4155835404026,3869.13209661455,442076
2025-05-30,3808.082275390625,3903.9889923779883,3789.25956857761,3862.060850074917,582201
2025-06-02,3812.264892578125,3821.5269554719366,3740.6586644954505,3808.0820960548203,140233
2025-06-03,3796.52978515625,3878.393995163296,3786.7697640868037,3814.256887523684,204115
2025-06-04,3954.083740234375,3998.601118755968,3770.0384894273266,3796.5299415437153,1213676
2025-06-05,3888.452392578125,3948.804969316092,3879.1905729151567,3938.845814286291,222681
2025-06-06,3881.97900390625,3922.9112289908717,3837.362183173782,3888.4524547791725,206437
2025-06-09,3919.724365234375,3933.3683592749026,3878.891828779059,3905.980682384142,105853
2025-06-10,3908.271484375,3943.725932457937,3899.9056477771437,3920.0233366226294,110771
2025-06-11,3958.764404296875,3968.723560030955,3903.7899132734424,3903.989047759434,261045
2025-06-12,3932.17333984375,3978.4834120372257,3913.9480369969842,3972.7070533284914,141194
2025-06-13,3956.374267578125,3965.5366421400286,3834.274922150448,3834.274922150448,268722
2025-06-16,4129.5634765625,4155.855547587115,4008.559747537456,4039.3334381555915,1216279
2025-06-17,4155.25830078125,4180.853525214544,4084.249715794389,4084.249715794389,399557
2025-06-18,4121.7958984375,4152.967860767352,4109.147576385154,4128.169660726623,234637
2025-06-19,4091.619140625,4145.0003086521365,4078.2739701899322,4121.795672030026,142988
2025-06-20,4104.666015625,4123.090453642484,4045.4090392984954,4063.3355195317235,390758
2025-06-23,4135.24072265625,4147.788869500393,4049.9902547016727,4050.3885236625065,209809
2025-06-24,4158.14697265625,4171.890413305874,4128.070127274492,4162.927172981273,241403
2025-06-25,4150.97607421875,4232.441772907228,4132.949905237916,4153.167282976138,266925
2025-06-26,4121.4970703125,4152.968100900449,4091.2213329733913,4152.968100900449,248892
2025-06-27,4140.3193359375,4149.979910854284,4095.304246867141,4103.171882102148,135043
2025-06-30,4087.934814453125,4176.670502271248,4042.1224553165066,4152.967906337366,305594
2025-07-01,4137.33154296875,4157.349541659196,4068.912440290511,4093.212681091198,116357
2025-07-02,4150.77685546875,4156.852037904141,4086.241718912224,4118.210707024367,112267
2025-07-03,4221.28759765625,4242.600092412403,4144.004456461974,4171.890090872196,185912
2025-07-04,4202.763671875,4256.642801039592,4174.579455983582,4232.541449923086,127365
2025-07-07,4145.10009765625,4202.7635092100745,4120.00283194906,4202.7635092100745,93141
2025-07-08,4131.5556640625,4162.827315112116,4108.1516486098135,4137.03319959398,204381
2025-07-09,4151.37451171875,4175.874132865591,4109.147787313004,4113.131449734054,92807
2025-07-10,4025.39111328125,4161.731859865314,4013.5398150549704,4128.1697963602,278360
2025-07-11,4028.279296875,4051.384489187597,4010.053993538313,4026.386911429085,204123
2025-07-14,4033.5576171875,4045.110091540735,3959.1625319938053,3995.513449126086,184800
2025-07-15,4154.9599609375,4161.931370267932,4043.3177228313393,4043.3177228313393,126010
2025-07-16,4087.6357421875,4142.411098188248,4068.51421199411,4133.049589147317,145054
2025-07-17,4118.9072265625,4128.3684240334205,4057.2601529304025,4099.6862514784325,124033
2025-07-18,4104.068359375,4135.041430740285,4069.5101378575705,4108.151710453679,78543
2025-07-21,4156.05517578125,4166.910557749368,4078.373764809823,4093.2128088790405,63568
2025-07-22,4063.335693359375,4180.355777665681,4040.4296343036726,4180.355777665681,156149
2025-07-23,4057.75830078125,4072.3984541736772,4001.588759895743,4063.335525230122,55530
2025-07-24,4097.09716796875,4106.95663534,4046.4051602162876,4053.3765695496654,72784
2025-07-25,4075.385986328125,4097.992976802746,4014.1371820032427,4072.497685441377,73472
2025-07-28,4096.20068359375,4147.988292528074,4038.039312355657,4069.709232535352,124615
2025-07-29,4232.14306640625,4240.608348454598,4023.199938513641,4069.7091453741095,221479
2025-07-30,4306.5380859375,4312.314201438534,4232.143002081536,4239.6123684812555,249591
2025-07-31,4233.53759765625,4297.37588594235,4157.947699608183,4222.682214691903,265735
2025-08-01,4173.0859375,4257.539389829087,4135.14145410168,4257.539389829087,94332
2025-08-04,4121.0986328125,4172.985931319163,4051.0857195422636,4172.886242504683,159262
2025-08-05,4092.515380859375,4132.053420832558,4074.5891449536434,4128.069758821633,91475
2025-08-06,4068.21533203125,4111.23907829642,4049.3926253978216,4103.17206508584,67607
2025-08-07,4017.19921875,4093.5734808265534,3950.6086853023066,4058.331583592134,179302
2025-08-08,3912.671142578125,4021.1927805950245,3897.8953719890596,4008.413729173667,101833
2025-08-11,3847.378173828125,3897.595708264081,3774.9971059876675,3868.6432811278983,367193
2025-08-12,3831.60400390625,3877.129296697629,3804.8481630668834,3851.271881953568,283903
2025-08-13,3766.510986328125,3872.6366541363964,3747.8417116854944,3795.762969586641,1197821
2025-08-14,3684.146484375,3838.5926631144084,3658.0894455032294,3766.511149971079,660958
2025-08-18,3744.24755859375,3772.8007392180443,3674.96150332406,3693.9303347728933,161048
2025-08-19,3758.82373046875,3786.6778646008747,3731.8680224414843,3764.6142646448548,143908
2025-08-20,3790.571533203125,3815.6302113005568,3736.3605616764685,3763.815448903216,65999
2025-08-21,3863.451904296875,3876.4305786785317,3768.707435066704,3790.5716558460335,162383
2025-08-22,3858.759521484375,3876.3305029891826,3832.1031270096037,3863.35182908376,60860
2025-08-25,3889.80859375,3911.3732584340723,3837.694271793649,3859.6581828184826,130508
2025-08-26,3780.9873046875,3891.605593496958,3768.5078100957317,3891.605593496958,312272
2025-08-28,3702.716064453125,3799.856500476849,3693.9304513882835,3782.6845206836947,161470
2025-08-29,3688.739013671875,3725.8779411864793,3679.254597690827,3695.028727754702,113988
2025-09-01,3761.519287109375,3768.807360687339,3689.936954993485,3707.1086907762733,86430
2025-09-02,3747.04296875,3784.781008029151,3730.4703466655883,3784.781008029151,70356
2025-09-03,3751.53564453125,3776.295010200085,3708.9057403551396,3747.043026541587,241421
2025-09-04,3735.062744140625,3791.37036967448,3717.1922054791044,3776.7942225750467,253977
2025-09-05,3657.989501953125,3753.8320216549537,3646.2088101584154,3741.352526902111,184860
2025-09-08,3691.634033203125,3723.2819819664865,3648.0057699244126,3662.382049846785,113535
2025-09-09,3689.437744140625,3709.105378672148,3643.0140247244326,3689.038497813741,105943
2025-09-10,3701.118408203125,3748.840042579727,3678.655318733606,3699.2216225884135,227001
2025-09-11,3734.963134765625,3759.023454480273,3698.3231430645847,3699.8206824396093,187933
2025-09-12,3694.9287109375,3770.704103622524,3691.8336988227234,3758.2246091921756,80690
2025-09-15,3716.99267578125,3725.0792421917076,3693.131735408348,3702.416528315289,55316
2025-09-16,3705.711181640625,3732.666890619584,3693.032063572623,3716.992693776142,125306
2025-09-17,3746.843505859375,3803.7500019515637,3708.4066620076333,3715.0956224493907,204080
2025-09-18,3699.62109375,3769.805821861605,3646.0092323725057,3769.805821861605,272282
2025-09-19,3725.0791015625,3763.016764435517,3701.917208766999,3722.0840229146306,569442
2025-09-22,3662.88134765625,3738.856608818821,3655.1940276758637,3738.856608818821,133893
2025-09-23,3619.85205078125,3674.961448365686,3586.9061861259747,3662.881200496037,184263
2025-09-24,3623.046875,3638.8210049343033,3587.1059305249382,3626.0419537062553,142580
2025-09-25,3567.33837890625,3640.21862776407,3557.4547166256934,3632.0321280102585,78675
2025-09-26,3481.87890625,3588.004332708335,3472.394490410121,3567.338338521045,185817
2025-09-29,3486.571044921875,3587.1058011203636,3465.305938126575,3503.2436003705416,127227
2025-09-30,3507.736328125,3537.886738209869,3474.1913492784433,3500.148697942525,244113
2025-10-01,3578.220703125,3588.5036119073347,3478.2848106948045,3514.2257559258646,91418
2025-10-03,3611.066650390625,3622.6477191735275,3556.3564959081755,3564.1437494870142,149389
2025-10-06,3624.4443359375,3683.3475481379683,3531.0977199926906,3564.14351789273,212445
2025-10-07,3576.922607421875,3637.4230492808597,3558.053465878333,3616.25787578821,502253
2025-10-08,3491.862548828125,3599.0862697427156,3477.2864015295086,3599.0862697427156,293884
2025-10-09,3525.906494140625,3543.1781636922233,3499.3502754497335,3504.2421399153855,211896
2025-10-10,3558.752685546875,3600.58385479585,3518.2191887704357,3522.2126271231828,335525
2025-10-13,3538.885009765625,3591.398819022279,3497.453088889862,3518.9178189821246,584774
2025-10-14,3549.168212890625,3569.1354039617395,3512.5284660231546,3560.54941430511,195195
2025-10-15,3549.4677734375,3566.7394424811764,3536.88834555271,3566.7394424811764,93641
2025-10-16,3544.47607421875,3571.132226321375,3523.5105229879005,3544.176517595997,84701
2025-10-17,3567.238525390625,3588.1041420204056,3507.3369537375297,3536.688626351499,173104
2025-10-20,3528.302734375,3583.81138149004,3506.338823333621,3534.1929584764066,150890
2025-10-21,3521.314208984375,3539.084814702339,3514.225758396102,3529.2011522529033,10057
2025-10-23,3535.390869140625,3585.3088477621186,3521.913014912822,3530.299381565311,174294
2025-10-24,3577.322021484375,3583.1125558339163,3514.2257443676194,3545.1748915481294,246229
2025-10-27,3604.078125,3646.807964260492,3556.5561109526993,3601.582226021468,204327
2025-10-28,3581.3154296875,3623.7457117552713,3551.264952631816,3622.148482674446,106072
2025-10-29,3598.986328125,3616.1583077770624,3580.317052853188,3584.2108014329547,243244
2025-10-30,3589.9013671875,3621.0501368207283,3565.2419347170335,3598.986292971289,72591
2025-10-31,3571.531494140625,3608.9699787066156,3548.2699107223966,3587.8048041800025,125096
2025-11-03,3679.254638671875,3692.9321162804426,3560.8490940304146,3560.8490940304146,218765
2025-11-04,3677.2578125,3708.8058283210726,3610.8669018249243,3698.9221661827887,157073
2025-11-06,3743.9482421875,3768.807297461461,3673.3640270813544,3679.753674439006,338796
2025-11-07,3752.134765625,3786.677859996081,3715.894265017721,3753.6323049580274,146865
2025-11-10,3814.232666015625,3826.6122269565844,3739.555322824996,3761.918723019797,136496
2025-11-11,3780.588134765625,3813.6336908684293,3743.848453196893,3813.6336908684293,149809
2025-11-12,3583.012451171875,3743.8482703627055,3562.146834307769,3743.8482703627055,1207676
2025-11-13,3566.6396484375,3584.110941326977,3505.2405334259097,3583.01264827787,541697
2025-11-14,3554.6591796875,3565.14195496814,3506.2387414864484,3565.14195496814,167191
2025-11-17,3536.78857421875,3576.1238422685933,3522.2124275610267,3570.433241686374,84301
2025-11-18,3452.626953125,3549.068341439178,3447.0360420313677,3530.199443043397,219418
2025-11-19,3434.2568359375,3457.918151695424,3409.5974043937103,3452.626797459683,200324
2025-11-20,3435.455078125,3478.0849813321233,3424.373189839675,3454.3239757566403,288764
2025-11-21,3421.77734375,3454.2240283623873,3410.196519486265,3435.455064255624,353690
2025-11-24,3419.4814453125,3436.353624473509,3379.646752404712,3428.8659277322104,545491
2025-11-25,3442.843017578125,3474.2913444024575,3400.7122919773633,3419.3815674075913,198913
2025-11-26,3432.460205078125,3446.2373724328463,3407.3013484091994,3444.8397665024104,144038
2025-11-27,3426.569580078125,3453.8248443925368,3415.487935377624,3430.6629517068554,111897
2025-11-28,3390.02978515625,3447.7347721487067,3385.537167181674,3444.340447175077,92982
2025-12-01,3383.340576171875,3404.9052399139714,3351.4930040730687,3403.906880365543,112178
2025-12-02,3368.465087890625,3382.542054900384,3337.1166958313197,3382.542054900384,319415
2025-12-03,3369.064208984375,3397.5174559402863,3360.278596263999,3374.4552530168144,92926
2025-12-04,3404.1064453125,3411.294585190231,3364.471620665738,3364.471620665738,120547
2025-12-05,3390.529052734375,3426.469997461733,3373.1574498720734,3409.3979512201854,91272
2025-12-08,3324.23779296875,3390.4290808391656,3295.58492221734,3381.3439113067084,86752
2025-12-09,3337.51611328125,3349.296805205083,3254.8518903843487,3294.6865843161117,223733
2025-12-10,3341.90869140625,3406.4028164350393,3320.9431406603135,3320.9431406603135,104539
2025-12-11,3370.4619140625,3384.4389480663135,3325.5357333359557,3352.4914417718824,60739
2025-12-12,3305.66845703125,3409.1982952947315,3260.642343101072,3344.504546659091,679482
2025-12-15,3240.075927734375,3302.5733319351207,3231.4901820030414,3302.5733319351207,216300
2025-12-16,3253.953369140625,3269.1283857348412,3216.714508730389,3234.684980846201,184939
2025-12-17,3200.9404296875,3247.064593435176,3178.377649472642,3242.5719753349454,212931
2025-12-18,3208.528076171875,3217.01413262626,3168.7933160256694,3194.7506651802587,181121
2025-12-19,3244.269287109375,3253.5538359206375,3199.0435508030405,3206.7308705803794,239968
2025-12-22,3261.540771484375,3269.3280248539218,3228.694839230677,3264.136603854267,65566
2025-12-23,3233.08740234375,3271.6241776726215,3218.1120094035336,3261.5406489301613,148650
2025-12-24,3212.920654296875,3251.8566767376033,3204.8340881878753,3234.3853846167635,74555
2025-12-26,3229.793212890625,3262.1399661685145,3198.3448857492913,3209.726087599625,153416
2025-12-29,3235.3837890625,3247.6636604430028,3212.920698881139,3229.793121750327,87261
2025-12-30,3178.677001953125,3235.3838754282833,3170.4905020609676,3235.3838754282833,173275
2025-12-31,3232.887939453125,3252.6555078621923,3178.7768990279988,3178.7768990279988,119246
2026-01-01,3213.8193359375,3249.6603464095306,3194.750570970967,3249.6603464095306,42718
2026-01-02,3251.2578125,3257.74714958393,3182.770249779707,3213.819329323482,110402
2026-01-05,3258.246337890625,3269.327982695814,3231.1906964815057,3254.55221254877,80761
2026-01-06,3270.126708984375,3279.6111247179583,3232.688225825494,3268.6291696580197,168307
2026-01-07,3278.4130859375,3295.584821171344,3247.06445033118,3270.126653058691,147590
2026-01-08,3240.176025390625,3327.232932246993,3227.696530607885,3290.49325085858,135476
2026-01-09,3196.148193359375,3255.151340767825,3167.195766160397,3204.7341830592604,149731
2026-01-12,3251.057861328125,3263.637288845418,3171.8881459484114,3184.7668863312583,434046
2026-01-13,3261.640625,3268.9286984074984,3219.7095242194673,3263.6373440847874,135336
2026-01-14,3282.20703125,3287.6980089041085,3237.2808504436584,3249.6604116586873,132172
2026-01-15,3282.20703125,3282.20703125,3282.20703125,3282.20703125,0
2026-01-16,3262.5390625,3299.2787425365755,3239.976283007084,3264.635715042407,126854
2026-01-19,3215.716064453125,3266.3328441645153,3181.5722170805975,3256.2495590981325,106511
2026-01-20,3148.02734375,3231.0908111302997,3140.939137055242,3215.516548100316,219336
2026-01-21,3107.59375,3169.7915992626918,3077.7428966872462,3125.8637786744844,432839
2026-01-22,3165.198974609375,3193.4525982187997,3110.2892001437563,3110.2892001437563,244436
2026-01-23,3170.19091796875,3185.5658017697224,3139.042147770344,3164.799873724074,172534
2026-01-27,3152.020751953125,3188.9600556481532,3120.8719824502077,3170.190847184816,215795
2026-01-28,3215.5166015625,3234.485433686033,3152.020834431884,3152.6199476792062,87885
2026-01-29,3153.81787109375,3203.236669643652,3082.0359157466105,3197.246512243664,210959
2026-01-30,3190.157958984375,3212.621048510196,3124.865342925369,3124.9652763748654,185708
2026-02-02,3086.32861328125,3098.2092381622692,3006.060603011726,3061.3696245481738,335538
2026-02-03,3162.303955078125,3394.422556358524,3149.8244603856306,3220.6080567854074,495072
2026-02-04,3150.922607421875,3193.7521337260296,3138.1435567008302,3162.303808558049,98921
2026-02-05,3136.64599609375,3162.8029668315176,3103.89975501237,3162.8029668315176,214116
2026-02-06,3124.16650390625,3132.2530697980505,3084.5316795932754,3114.8817115948186,67954
2026-02-09,3210.724365234375,3223.603106143648,3118.6756619691514,3118.6756619691514,160744
2026-02-10,3185.3662109375,3224.701481356444,3144.8327140163465,3224.701481356444,350115
2026-02-11,3275.7177734375,3296.283834905586,3132.852417513717,3189.758914581366,528541
2026-02-12,3217.01416015625,3281.1087971769,3144.832712949106,3277.0154253560554,363590
2026-02-13,3145.431640625,3238.1791436992175,3030.0211811706877,3030.0211811706877,1327261
2026-02-16,3049.4892578125,3162.2039539674665,3016.743015691992,3084.631465366652,600277
2026-02-17,3059.672607421875,3078.9409963872413,3010.054184211262,3063.0671762949178,287746
2026-02-18,3023.7314453125,3096.9112472597963,3017.042485241491,3060.371191140374,170173
2026-02-19,3011.45166015625,3040.603954115147,2985.1949988871597,3028.8232626339645,288791
2026-02-20,3043.0,3066.761006753276,3005.1622694120633,3020.0377296587926,282164
2026-02-23,3119.5,3135.5,3048.0,3057.5,286156
2026-02-24,3107.199951171875,3120.89990234375,3085.10009765625,3109.89990234375,161311
2026-02-25,3093.5,3113.800048828125,3069.0,3107.199951171875,123132
2026-02-26,3134.199951171875,3148.0,3094.10009765625,3099.89990234375,94505
2026-02-27,3117.300048828125,3159.300048828125,3090.0,3139.89990234375,384811
2026-03-02,3099.39990234375,3106.5,2982.10009765625,2982.300048828125,314065
2026-03-04,3063.5,3088.199951171875,3033.39990234375,3050.0,221228
2026-03-05,3089.0,3102.39990234375,3042.0,3058.699951171875,137124
2026-03-06,3079.60009765625,3127.0,3055.0,3055.0,111123
2026-03-09,3033.199951171875,3070.0,3001.0,3010.199951171875,399673
2026-03-10,3083.60009765625,3099.60009765625,3046.199951171875,3048.199951171875,140106
2026-03-11,3012.300048828125,3113.60009765625,3003.0,3077.0,145806
2026-03-12,2952.39990234375,2997.199951171875,2940.10009765625,2981.10009765625,196476
2026-03-13,2896.300048828125,2958.0,2840.10009765625,2940.10009765625,339128
2026-03-16,2890.10009765625,2902.800048828125,2844.0,2900.0,135128
2026-03-17,2893.0,2939.10009765625,2882.0,2901.0,186935
2026-03-18,2927.60009765625,2958.199951171875,2866.300048828125,2895.10009765625,200637
2026-03-19,2890.89990234375,2913.5,2865.300048828125,2893.60009765625,95404
2026-03-20,2909.5,2947.39990234375,2884.0,2907.89990234375,519308
2026-03-23,2762.60009765625,2890.0,2750.10009765625,2866.0,163588
2026-03-24,2759.0,2810.0,2751.0,2800.0,349594
2026-03-25,2905.39990234375,2943.0,2769.5,2769.5,224146
2026-03-27,2810.800048828125,2897.0,2800.0,2865.0,390243
2026-03-30,2718.800048828125,2791.60009765625,2700.0,2740.0,316633
2026-04-01,2844.89990234375,2851.0,2758.699951171875,2758.699951171875,244047
2026-04-02,2797.199951171875,2852.0,2724.0,2800.0,233203
2026-04-06,2837.699951171875,2845.0,2762.0,2805.39990234375,191729
2026-04-07,2825.0,2850.0,2791.699951171875,2830.0,432552
2026-04-08,2877.0,2938.10009765625,2871.199951171875,2924.0,279838
2026-04-09,2880.699951171875,2893.39990234375,2808.0,2885.39990234375,437619
2026-04-10,2952.10009765625,2964.699951171875,2892.699951171875,2892.699951171875,152419
2026-04-13,2909.39990234375,2952.5,2850.0,2910.0,124551
2026-04-15,3042.10009765625,3089.0,2915.10009765625,2915.10009765625,529398
2026-04-16,3112.199951171875,3136.89990234375,3035.10009765625,3097.699951171875,370603
2026-04-17,3139.699951171875,3182.0,3104.800048828125,3120.0,467006
2026-04-20,3037.0,3156.89990234375,3021.0,3120.0,240900
2026-04-21,3021.300048828125,3100.0,3012.5,3037.0,214653
2026-04-22,3057.300048828125,3072.0,3000.10009765625,3025.0,225701
2026-04-23,3069.60009765625,3089.89990234375,3036.10009765625,3047.300048828125,140137
2026-04-24,3081.199951171875,3134.800048828125,3070.0,3071.10009765625,528353
2026-04-27,3083.60009765625,3123.800048828125,3075.10009765625,3083.300048828125,178541
2026-04-28,3097.60009765625,3152.0,3065.0,3078.5,486707
2026-04-29,3091.10009765625,3180.0,3083.10009765625,3135.800048828125,289695
2026-04-30,3054.800048828125,3090.0,3015.60009765625,3090.0,200677
2026-05-01,3054.800048828125,3054.800048828125,3054.800048828125,3054.800048828125,0
2026-05-04,3047.5,3124.800048828125,3030.39990234375,3065.300048828125,211103
2026-05-05,3014.300048828125,3035.0,2992.0,3028.699951171875,179768
2026-05-06,3071.0,3094.0,3021.10009765625,3025.0,315117
2026-05-07,3101.5,3121.0,3072.5,3087.60009765625,247712
2026-05-08,3110.800048828125,3134.699951171875,3067.5,3099.0,164302
2026-05-11,3090.800048828125,3110.0,3055.0,3101.0,111486
2026-05-12,2997.60009765625,3088.800048828125,2991.0,3088.800048828125,166680
2026-05-13,3051.0,3098.300048828125,2998.699951171875,2998.699951171875,219907
2026-05-14,3103.60009765625,3169.199951171875,3060.5,3064.800048828125,489760
2026-05-15,3114.89990234375,3148.0,3087.10009765625,3130.0,218651
2026-05-18,3096.300048828125,3141.60009765625,3043.89990234375,3117.89990234375,266716
2026-05-19,3124.60009765625,3194.10009765625,3093.800048828125,3096.5,359092
2026-05-20,2901.199951171875,2950.0,2860.10009765625,2950.0,2199076
2026-05-21,2740.5,2898.5,2700.0,2898.5,1677319
2026-05-22,2781.0,2821.300048828125,2742.0,2750.89990234375,696886
2026-05-25,2849.0,2858.0,2786.800048828125,2794.89990234375,297399
2026-05-26,2837.89990234375,2859.39990234375,2810.0,2845.800048828125,173447
2026-05-27,2847.300048828125,2863.699951171875,2831.0,2844.0,96895
2026-05-28,2847.300048828125,2847.300048828125,2847.300048828125,2847.300048828125,0
2026-05-29,2775.0,2874.0,2750.0,2855.89990234375,1148826
2026-06-01,2702.60009765625,2789.800048828125,2691.10009765625,2789.800048828125,248652
2026-06-02,2739.800048828125,2749.60009765625,2657.199951171875,2671.5,635004
2026-06-03,2738.300048828125,2755.199951171875,2690.10009765625,2731.0,305817
2026-06-04,2707.5,2742.89990234375,2696.0,2730.0,360916
2026-06-05,2717.89990234375,2768.199951171875,2710.10009765625,2710.10009765625,100881
2026-06-08,2680.800048828125,2727.0,2663.39990234375,2702.0,209228
2026-06-09,2866.39990234375,2874.0,2692.5,2695.0,1648437
2026-06-10,2807.699951171875,2880.0,2796.699951171875,2866.39990234375,373601
2026-06-11,2801.199951171875,2819.699951171875,2772.199951171875,2800.0,250645
2026-06-12,2841.699951171875,2859.39990234375,2811.60009765625,2815.0,415063
2026-06-15,2834.5,2921.89990234375,2830.0,2855.0,238690
2026-06-16,2878.0,2904.39990234375,2827.199951171875,2850.0,402479
2026-06-17,2835.199951171875,2893.10009765625,2821.699951171875,2878.0,226807
2026-06-18,2846.0,2856.60009765625,2830.199951171875,2835.199951171875,185856
2026-06-19,2803.60009765625,2845.89990234375,2781.699951171875,2839.89990234375,258029
2026-06-22,2805.60009765625,2842.699951171875,2800.39990234375,2805.5,215282
2026-06-23,2767.0,2828.0,2757.60009765625,2807.0,163992
2026-06-24,2746.800048828125,2772.800048828125,2732.89990234375,2767.0,205952
2026-06-25,2684.89990234375,2788.5,2670.0,2769.0,490261
2026-06-26,2684.89990234375,2684.89990234375,2684.89990234375,2684.89990234375,0
2026-06-29,2559.800048828125,2695.699951171875,2553.300048828125,2684.89990234375,649573
2026-06-30,2555.10009765625,2587.89990234375,2541.0,2568.0,489196
2026-07-01,2575.0,2588.300048828125,2558.0,2580.0,195861
2026-07-02,2608.5,2615.0,2584.699951171875,2585.0,209191
2026-07-03,2646.10009765625,2659.89990234375,2603.0,2619.0,358617
2026-07-06,2676.5,2685.0,2641.0,2646.10009765625,298658
2026-07-07,2652.300048828125,2682.0,2635.699951171875,2682.0,150628
2026-07-08,2572.300048828125,2649.89990234375,2551.699951171875,2649.89990234375,155183
2026-07-09,2597.5,2612.0,2573.300048828125,2586.0,135177
2026-07-10,2607.39990234375,2628.0,2595.89990234375,2596.0,188072
2026-07-13,2569.0,2602.0,2566.0,2602.0,133250
2026-07-14,2537.199951171875,2571.5,2527.0,2571.39990234375,371827
2026-07-15,2619.300048828125,2635.0,2548.60009765625,2556.0,200162
2026-07-16,2631.800048828125,2643.0,2618.0,2625.0,170705
2026-07-17,2623.800048828125,2640.0,2612.800048828125,2631.800048828125,79566
2026-07-20,2657.39990234375,2682.89990234375,2628.0,2632.0,159266
2026-07-21,2681.800048828125,2698.0,2657.39990234375,2665.39990234375,121813
2026-07-22,2697.60009765625,2756.89990234375,2653.699951171875,2699.0,374117
2026-07-23,2742.60009765625,2753.0,2673.199951171875,2691.0,314337
2026-07-24,2731.199951171875,2773.300048828125,2703.300048828125,2706.0,239371
2026-07-27,2742.60009765625,2765.89990234375,2735.60009765625,2751.0,72244
2026-07-28,2706.60009765625,2751.199951171875,2698.800048828125,2751.0,140120
2026-07-29,2753.89990234375,2761.0,2713.0,2716.60009765625,260551
2026-07-30,2777.300048828125,2783.0,2718.0,2754.0,124403
2026-07-31,2751.199951171875,2781.300048828125,2740.0,2778.800048828125,100436
2026-08-04,2785.5,2840.0,2785.5,2806.5,152535
