Date,Close,High,Low,Open,Volume
2021-08-04,1766.08251953125,1824.7086747939263,1751.4867962293388,1824.4654127388947,324668
2021-08-05,1770.1204833984375,1796.1495201988298,1751.4865884376134,1776.78583915949,207130
2021-08-06,1762.482177734375,1793.327756859505,1750.6109189275744,1774.3533177608829,155490
2021-08-09,1760.14697265625,1779.5592373949771,1751.4868196253753,1772.89388075413,151628
2021-08-10,1767.8824462890625,1808.701886034761,1754.0652105501438,1777.7589084252604,441811
2021-08-11,1758.0548095703125,1792.7925822888071,1746.621493387968,1779.6078506403237,286015
2021-08-12,1760.8765869140625,1787.0029056666622,1755.4275410966204,1770.3638062607818,161242
2021-08-13,1849.03466796875,1865.3332237842883,1766.2282977007892,1772.8936534872057,562355
2021-08-16,1869.37158203125,1903.3795692700442,1850.0078990035684,1866.3064564306871,548973
2021-08-17,1869.031005859375,1892.870686450539,1860.4681342981853,1877.9830016712854,183084
2021-08-18,1853.5108642578125,1896.470966605789,1839.0611220548699,1896.470966605789,166172
2021-08-20,1832.200927734375,1853.8512486134396,1815.2212853885278,1821.5460982296029,196888
2021-08-23,1780.9215087890625,1863.095383646693,1761.898368531784,1844.899429402575,247602
2021-08-24,1777.7103271484375,1800.8689213733398,1763.6011285209008,1780.6781716132443,136045
2021-08-25,1814.102294921875,1840.6665569322927,1777.7102703512944,1778.732018421038,229701
2021-08-26,1807.193603515625,1831.6657872546775,1782.6728386392117,1830.060234116038,187893
2021-08-27,1843.4884033203125,1858.6192306469586,1800.1877610393144,1805.977349967017,336353
2021-08-30,1978.7420654296875,1992.8025633474404,1851.0294988089104,1854.6297293653424,1745651
2021-08-31,2011.7769775390625,2067.046157977039,1984.0451062646425,1997.0353936226797,1444108
2021-09-01,2069.33251953125,2105.675958854557,1975.628064534309,2029.8269116380577,939984
2021-09-02,2152.47998046875,2162.1130624554535,2053.229065810579,2077.4578705411313,873118
2021-09-03,2172.1357421875,2188.385601095248,2141.6792832417254,2160.1672007254115,573821
2021-09-06,2263.990966796875,2301.404618730405,2151.5067489712806,2185.466032637637,1155548
2021-09-07,2340.56982421875,2435.53941459432,2269.586012244386,2281.213889624162,2044422
2021-09-08,2341.8349609375,2383.967993809599,2320.7685632817434,2340.1808265763616,696056
2021-09-09,2319.795654296875,2360.8095417083964,2292.4042043923846,2345.046208070829,500919
2021-09-13,2376.5244140625,2415.1056809437473,2312.8869179670255,2327.5313411834986,1088121
2021-09-14,2396.56884765625,2422.695285007882,2372.3887441279458,2393.6984031808115,495313
2021-09-15,2386.7412109375,2421.2357197819188,2357.6956291081187,2407.321083951088,341663
2021-09-16,2376.475830078125,2414.9599365512618,2364.5072888815403,2384.9413024891587,269835
2021-09-17,2438.21533203125,2504.3826043361987,2376.6700383064262,2388.8331398330715,2205385
2021-09-20,2415.738037109375,2556.197640873665,2396.3257728836074,2461.6174026252515,1756303
2021-09-21,2348.451416015625,2465.217179397384,2288.608962282474,2436.123138378984,1181038
2021-09-22,2337.212890625,2408.926489750286,2306.1240506192735,2383.675938480304,705246
2021-09-23,2361.2470703125,2390.779175090079,2348.3057206667368,2358.37662593755,370665
2021-09-24,2344.705322265625,2381.7298509795246,2318.7736847267142,2376.183524172319,336516
2021-09-27,2311.913818359375,2361.5879763758144,2296.442447036528,2361.5879763758144,309964
2021-09-28,2285.68994140625,2339.304985673339,2258.444595148534,2318.7735761477625,347504
2021-09-29,2275.035400390625,2291.528519932799,2242.876109743143,2276.835397031284,328673
2021-09-30,2324.6123046875,2358.6689939566763,2269.148553591984,2290.5069154929597,571923
2021-10-01,2283.500732421875,2322.665920226277,2269.1482722947962,2322.665920226277,313918
2021-10-04,2369.956298828125,2412.3810579528977,2294.4476632327,2295.226149307409,897779
2021-10-05,2383.189453125,2403.0882400437304,2345.289275645357,2385.914035424714,440162
2021-10-06,2311.71923828125,2451.1083915523386,2286.6632473791174,2393.503986194311,943797
2021-10-07,2354.435791015625,2382.9461484737935,2327.823067441918,2348.9381641560603,303313
2021-10-08,2461.617431640625,2539.558451436739,2375.551364192603,2380.2705055178226,2240290
2021-10-11,2467.698974609375,2576.631674830359,2422.8900567702394,2471.5424675487584,1039290
2021-10-12,2485.699951171875,2519.999895038312,2428.484678146387,2463.757670065773,675128
2021-10-13,2464.925537109375,2509.3937902514513,2438.458674822935,2507.5450937824035,437183
2021-10-14,2494.068359375,2539.65576184851,2467.6501961869044,2490.030304433079,524489
2021-10-18,2418.99755859375,2548.8507790600493,2399.536596738611,2515.329319776687,938163
2021-10-19,2309.481201171875,2453.054510494154,2296.4911502472655,2453.054510494154,966581
2021-10-20,2232.318359375,2335.169740771028,2199.1375593857924,2325.487721451903,808017
2021-10-21,2161.2373046875,2241.2705136807035,2082.3230060237693,2238.3026693609368,1340525
2021-10-22,2198.067138671875,2256.644591595037,2063.9325895968773,2185.466212253148,1953067
2021-10-25,2274.597412109375,2335.072258587899,2169.897337910622,2206.873166987126,1601768
2021-10-26,2236.74560546875,2309.821612329609,2230.323630586693,2280.8247316253296,454181
2021-10-27,2226.431396484375,2257.4715350673246,2211.738275520702,2257.4228351514384,303551
2021-10-28,2207.89501953125,2260.098959344865,2199.088885993362,2244.238226504565,298481
2021-10-29,2200.451171875,2248.957721155422,2137.2030369371514,2179.6280347812417,366948
2021-11-01,2269.440185546875,2281.797849201008,2218.5497211847755,2218.5497211847755,348745
2021-11-02,2306.951171875,2345.045909783563,2281.846483502962,2282.770831681427,486594
2021-11-03,2274.548583984375,2325.5849082024793,2255.6713087203666,2325.5849082024793,245311
2021-11-04,2274.548583984375,2274.548583984375,2274.548583984375,2274.548583984375,0
2021-11-08,2313.90869140625,2344.073186542328,2255.7203597284047,2344.073186542328,672544
2021-11-09,2406.445556640625,2413.1594940797554,2302.7185252982827,2306.124193939121,798194
2021-11-10,2410.33740234375,2431.6470594612642,2382.021609268177,2403.428666214215,324456
2021-11-11,2432.03662109375,2448.1406166140932,2392.7255681100014,2407.321291380294,434325
2021-11-12,2449.60009765625,2455.000562577129,2413.0136285584786,2446.2431289413007,252131
2021-11-15,2453.2978515625,2466.677264734135,2427.8040354312147,2466.677264734135,301253
2021-11-16,2464.244384765625,2472.272031823598,2443.031888057896,2456.9465238038315,199472
2021-11-17,2434.615234375,2475.2886956122106,2416.4192810101026,2456.9466424846732,251932
2021-11-18,2426.8310546875,2441.183516488922,2398.6126552135174,2437.4858855974508,235301
2021-11-22,2303.983642578125,2432.620570852695,2274.013709633099,2422.890088569284,407240
2021-11-23,2309.578369140625,2341.8348186854955,2262.969222536112,2296.3935198513977,252818
2021-11-24,2283.500732421875,2345.0460275430783,2267.2021760063785,2309.578470198786,264525
2021-11-25,2283.841552734375,2297.026165954599,2240.0543832073176,2271.0945261367033,293501
2021-11-26,2193.980224609375,2292.1122214638985,2174.8112243668365,2275.9595278240727,503119
2021-11-29,2154.7177734375,2247.741273548866,2084.2691809271305,2145.5712156602813,496336
2021-11-30,2243.80029296875,2267.056285865033,2166.297104262068,2168.924286706932,485919
2021-12-01,2268.613037109375,2276.8839462943383,2209.792324594311,2261.3638759829055,279780
2021-12-02,2297.90185546875,2306.0753647242655,2241.1244021441357,2268.6130117754265,174426
2021-12-03,2301.16162109375,2321.060647073817,2284.7172013383397,2297.902052120534,117140
2021-12-06,2273.235107421875,2343.1000141601985,2265.9372460820905,2296.4424015066265,248866
2021-12-07,2267.883056640625,2302.961486572056,2252.606249673311,2281.7976913537427,167033
2021-12-08,2315.611328125,2337.9427355894436,2285.495535483542,2285.544235403015,204513
2021-12-09,2309.72412109375,2333.369236346993,2293.4742660841794,2329.5257440411024,94640
2021-12-10,2405.034423828125,2422.7925530005627,2299.0208728012244,2320.6224947481815,469117
2021-12-13,2476.699462890625,2538.9258435455054,2422.889853570301,2447.2160569194007,1479847
2021-12-14,2484.970458984375,2501.3661780790458,2423.6684243995396,2466.677105913608,296437
2021-12-15,2398.612060546875,2501.7064503812826,2383.967640386675,2491.0029221999544,379146
2021-12-16,2358.425537109375,2426.19824813348,2315.8546790388086,2403.4290156411166,462193
2021-12-17,2263.1640625,2370.588479808605,2253.044219526503,2364.5069290651245,333021
2021-12-20,2220.350341796875,2238.01107328573,2147.712144207991,2218.550107431072,538244
2021-12-21,2245.843505859375,2310.1133743995547,2223.9499256454224,2262.336622108443,262108
2021-12-22,2291.430908203125,2302.231837290722,2248.714191030794,2257.6661861657944,265518
2021-12-23,2325.876953125,2359.641675150084,2297.366595888391,2297.366595888391,293296
2021-12-24,2276.10546875,2329.67181653605,2267.2508731847543,2329.67181653605,163106
2021-12-27,2304.031982421875,2314.6381114289998,2242.875815804033,2270.121161939614,178939
2021-12-28,2331.763916015625,2340.278086914565,2302.037248964926,2320.6710251080913,202744
2021-12-29,2337.69970703125,2357.987857949363,2310.6004559635708,2331.4235933675695,184187
2021-12-30,2345.77587890625,2356.7226708331173,2325.633829272932,2346.943489199665,192719
2021-12-31,2400.02294921875,2411.796925323671,2340.1804957920513,2354.7762161400265,402745
2022-01-03,2393.406494140625,2422.1114146507507,2384.454498646194,2403.4289376274637,187072
2022-01-04,2400.89892578125,2432.6203907002146,2385.9140791987707,2403.428946011812,258206
2022-01-05,2395.595458984375,2412.1859747780354,2388.9786851195067,2396.6172068891897,118766
2022-01-06,2374.091796875,2385.9142377351322,2352.8305982233073,2385.9142377351322,312518
2022-01-07,2410.532470703125,2466.677307063817,2362.9502688707366,2383.9682060380082,713835
2022-01-10,2453.68701171875,2463.5635939408126,2413.5487716167736,2418.365550477496,273120
2022-01-11,2409.65625,2466.4337023704434,2395.060528317169,2456.9464832766034,337933
2022-01-12,2413.937744140625,2431.1119478690152,2399.5365849266,2417.1488503430296,216977
2022-01-13,2612.7802734375,2625.138175598694,2416.0786752659983,2424.3495849477385,1933012
2022-01-14,2621.294189453125,2685.5153642463633,2580.6694311558867,2612.780018552506,1636239
2022-01-17,2629.90576171875,2666.005941382611,2619.1535326630255,2627.2298794341414,407860
2022-01-18,2587.04345703125,2697.0466144048205,2572.1557705905093,2649.610509975404,864192
2022-01-19,2583.0537109375,2629.565222403632,2535.3256517247332,2586.361979619326,480182
2022-01-20,2608.9365234375,2637.9334043877384,2566.171106868891,2593.1731916980166,586436
2022-01-21,2443.177978515625,2625.2838399983198,2419.095037433357,2592.200203764093,1514400
2022-01-24,2397.006591796875,2442.302028312611,2313.2272930182476,2442.302028312611,887506
2022-01-25,2408.975341796875,2448.724455140485,2325.5851599339558,2346.992219983557,585589
2022-01-27,2421.96533203125,2437.4367012298626,2316.048955204768,2393.698238250368,581542
2022-01-28,2446.2919921875,2510.95100067016,2425.17689274572,2430.6745203154655,339531
2022-01-31,2455.8759765625,2484.143071057297,2422.889741372856,2470.6177976457484,248282
2022-02-01,2470.958251953125,2515.280640453196,2426.1008770461126,2481.175257010722,299629
2022-02-02,2432.522705078125,2476.2127046985806,2412.4780579500293,2432.620104906544,417344
2022-02-03,2427.609375,2454.806024433719,2414.132562526752,2436.512670925831,255814
2022-02-04,2429.89599609375,2448.870436607251,2408.2943728674236,2422.987496186735,212422
2022-02-07,2336.28857421875,2438.556028322695,2322.6659003165996,2429.8957573771227,279580
2022-02-08,2304.90771484375,2369.3721522509895,2260.390763728562,2335.3154683377306,342707
2022-02-09,2375.015869140625,2382.7515540858794,2306.269877785019,2306.269877785019,247301
2022-02-10,2351.516845703125,2391.752483937624,2345.0461701748063,2388.8333393274484,129427
2022-02-11,2302.961669921875,2345.046001695033,2286.663113686028,2345.046001695033,243601
2022-02-14,2228.42626953125,2281.8467589506067,2192.277623449782,2192.277623449782,456213
2022-02-15,2330.20703125,2348.1597219053597,2203.5162110436695,2220.4958535598703,333371
2022-02-16,2321.01171875,2366.7936801227374,2300.2857463658074,2349.9112002848665,289019
2022-02-17,2324.7578125,2351.857297568618,2296.685516875462,2337.212875903252,213203
2022-02-18,2316.04931640625,2365.4315133724112,2288.609404224858,2299.507496732856,185219
2022-02-21,2316.77880859375,2349.181357589862,2274.9864405281546,2310.0161718622066,338514
2022-02-22,2309.626953125,2334.3422786416254,2218.5982602744452,2239.9566175210593,280218
2022-02-23,2320.379150390625,2352.246476953155,2315.2221853007263,2323.638956681559,180733
2022-02-24,2221.12841796875,2295.323344530297,2201.6189912623577,2255.525767471032,411460
2022-02-25,2269.489013671875,2348.938302405471,2248.0819537493726,2257.4717736456887,411506
2022-02-28,2310.843505859375,2323.541594233291,2228.426137084783,2242.8759972103503,219676
2022-03-02,2277.71142578125,2324.6123046330085,2246.8658432988695,2286.663422305387,239565
2022-03-03,2253.920166015625,2329.7205214976752,2233.1454930926866,2329.7205214976752,352076
2022-03-04,2194.467041015625,2259.418010969197,2189.3585377608497,2233.437670499889,321987
2022-03-07,2142.7978515625,2177.633022244157,2103.730064037651,2160.166855764841,432285
2022-03-08,2178.071044921875,2206.8733673149522,2116.3798826763764,2140.706088224381,261245
2022-03-09,2185.66064453125,2192.228719355973,2130.537563433917,2189.260875071205,810023
2022-03-10,2251.730712890625,2271.7266613829192,2223.512317869612,2244.043490331316,270388
2022-03-11,2281.603271484375,2291.382452569043,2238.983716462031,2251.6333419787657,181223
2022-03-14,2277.078369140625,2323.3468528517164,2267.2020261539237,2286.614287835703,171285
2022-03-15,2331.0341796875,2348.93817013572,2257.2770844138736,2278.87870524352,296426
2022-03-16,2353.31689453125,2374.48069128794,2313.4706212531837,2366.453044242299,305418
2022-03-17,2372.145751953125,2405.3752543955525,2356.7228422920825,2382.022096585887,276468
2022-03-21,2372.680419921875,2393.406392207756,2353.0735955004993,2383.96787303886,156630
2022-03-22,2360.517578125,2372.242856669499,2310.0164706114415,2364.5071708449045,184847
2022-03-23,2348.938232421875,2383.967965796849,2345.046039824656,2383.967965796849,100890
2022-03-24,2340.7646484375,2374.0428465716823,2330.644805470701,2335.315483950718,171484
2022-03-25,2380.951416015625,2430.6742713545977,2344.462110500894,2344.462110500894,459704
2022-03-28,2288.755126953125,2393.503903567176,2278.8787831860104,2387.860176745717,303521
2022-03-29,2287.441650390625,2330.3529314917346,2273.2837522226114,2293.961025517306,238300
2022-03-30,2298.680419921875,2325.585106569882,2288.8038385438144,2315.8546249524347,182382
2022-03-31,2300.6748046875,2321.400776478018,2280.8247187126917,2315.8544498874603,264676
2022-04-01,2369.907470703125,2377.837718106272,2291.5283946602717,2291.5283946602717,214106
2022-04-04,2402.650390625,2413.1593579216133,2374.237432793845,2383.967914075787,164413
2022-04-05,2582.907470703125,2603.341480717448,2414.132325977889,2415.1053740738093,1161280
2022-04-06,2582.372314453125,2612.5368062176217,2549.1428161303375,2559.11655937505,392461
2022-04-07,2539.99609375,2581.8856226071175,2500.733509577353,2575.6582100588535,227637
2022-04-08,2616.77001953125,2650.5834463895603,2532.99046975879,2549.386427878358,853591
2022-04-11,2592.443603515625,2656.4215211026203,2579.550715180603,2615.5534977010416,310168
2022-04-12,2575.0263671875,2601.9310566495533,2496.939244040108,2594.1466705414023,278544
2022-04-13,2547.29443359375,2588.308321941628,2529.9254274617415,2573.7125983216565,149796
2022-04-18,2499.225341796875,2570.598514866545,2469.4986748670617,2534.7902973193627,251049
2022-04-19,2533.9150390625,2602.904064860158,2472.612999404111,2520.1949637337607,297642
2022-04-20,2547.342529296875,2605.920215041933,2522.1893784153253,2547.2453670230907,285429
2022-04-21,2669.94677734375,2680.8451068909344,2549.580766285249,2549.580766285249,1237606
2022-04-22,2452.178955078125,2743.9960260910084,2409.510694896404,2684.4455215475373,2371341
2022-04-25,2482.10009765625,2542.5749483025056,2418.1221784634104,2432.62050162888,1166076
2022-04-26,2450.183837890625,2542.331446282422,2422.889790926507,2517.226757563117,441997
2022-04-27,2437.728759765625,2473.8774017637666,2383.9678520809425,2455.9734116948157,311061
2022-04-28,2452.76220703125,2471.542082175642,2403.4287177062347,2458.8924573456093,234509
2022-04-29,2419.143310546875,2480.396875243151,2400.0230114197107,2471.5420429783358,210478
2022-05-02,2400.7529296875,2437.4854955384285,2379.151309334962,2413.1592929881444,173852
2022-05-04,2362.852783203125,2436.7070400460234,2345.045955201307,2408.294082623749,193279
2022-05-05,2382.264892578125,2470.5690032700336,2371.1722398129523,2406.055869930114,410414
2022-05-06,2353.268310546875,2381.3408454106784,2311.0381147899243,2346.943497411444,377674
2022-05-09,2372.194091796875,2392.5796414638344,2315.854696515135,2350.446607246209,242815
2022-05-10,2329.039306640625,2436.609820655071,2301.2587361195415,2369.3721025163145,816343
2022-05-11,2362.949951171875,2385.4761576060296,2303.2535917587347,2361.8310408620887,597024
2022-05-12,2366.1611328125,2384.0653612632195,2318.5791734230006,2359.5930578167395,377134
2022-05-13,2472.22314453125,2497.084569835588,2380.1242411979724,2399.439102543268,586359
2022-05-16,2503.06884765625,2524.0867817264666,2456.946462551784,2481.3213650686203,326883
2022-05-17,2532.941650390625,2559.0191498983936,2503.652807021526,2529.584444335859,289065
2022-05-18,2491.87890625,2556.4407458697056,2487.11106535083,2548.4130986517307,233556
2022-05-19,2449.940673828125,2481.272776672421,2415.105502627823,2415.105502627823,177771
2022-05-20,2487.646240234375,2500.2471659853495,2452.859769643219,2471.542246196843,159377
2022-05-23,2474.65625,2520.4382174546918,2464.925767546744,2509.4914246947787,170159
2022-05-24,2459.81689453125,2500.4416526674117,2442.350728665062,2474.6558780420637,98846
2022-05-25,2377.788818359375,2476.4073351589886,2370.7342198603956,2476.4073351589886,168247
2022-05-26,2344.0244140625,2403.429054189298,2301.258993181251,2373.4104221926955,230882
2022-05-27,2334.585693359375,2373.215656069774,2310.016228419363,2359.641682357605,213946
2022-05-30,2368.545166015625,2403.429038789089,2335.3156652201674,2359.496007861372,317334
2022-05-31,2375.989013671875,2419.192256389264,2364.6043978601856,2373.2644313472238,398529
2022-06-01,2426.490234375,2444.0538017925055,2379.1028348293726,2383.9193758785646,211318
2022-06-02,2472.56396484375,2481.1752981415616,2421.5276386268774,2429.7011477842198,440698
2022-06-03,2387.71435546875,2501.414892001183,2376.670163675745,2500.7338057918787,276607
2022-06-06,2389.174072265625,2410.143071623765,2363.8261183014147,2389.9523208030027,151375
2022-06-07,2353.268310546875,2383.870628128497,2336.2886674107967,2383.870628128497,170547
2022-06-08,2251.730712890625,2376.572594607544,2208.283972502964,2376.572594607544,789003
2022-06-09,2257.569091796875,2272.067414104616,2204.0514439271733,2204.0514439271733,240954
2022-06-10,2269.489013671875,2277.6625233453215,2233.1455691882998,2245.795195506142,125331
2022-06-13,2172.232666015625,2226.9666262416117,2162.8915460067446,2199.13759077862,318676
2022-06-14,2093.512939453125,2178.313984411859,2075.998074052169,2169.8972135628487,840356
2022-06-15,2158.804931640625,2167.951490120481,2095.94591998183,2100.8111612074144,502633
2022-06-16,2078.236328125,2220.836584890708,2067.824760222492,2202.981055954474,502532
2022-06-17,2077.701171875,2127.277930220289,2026.4215791773954,2063.835235006147,485919
2022-06-20,2024.134765625,2092.053575735412,1988.7644882285092,2053.1316487449853,319006
2022-06-21,2073.166015625,2099.5182723823273,2037.8498969754594,2051.3689954961606,388709
2022-06-22,2082.178466796875,2132.6299916520784,2038.6334606539538,2072.9209047303057,459617
2022-06-23,2140.761474609375,2148.010725657709,2087.175135228634,2087.175135228634,308775
2022-06-24,2175.97900390625,2199.2945124963794,2138.8506977820816,2199.2945124963794,470361
2022-06-27,2214.282958984375,2241.0760011744,2176.7626547697396,2204.1926072150827,269689
2022-06-28,2192.43701171875,2240.7824007417603,2182.101749195863,2219.1322344932523,223020
2022-06-29,2174.75439453125,2198.5597230921,2156.190241963111,2165.0070126026694,156190
2022-06-30,2156.38623046875,2193.4167168453373,2142.2304625107377,2169.9053272945166,150803
2022-07-01,2132.5810546875,2171.6688861400266,2112.3515574689945,2157.6599676871697,409500
2022-07-04,2106.571533203125,2153.3003702345327,2090.1135133409994,2137.723931777255,250242
2022-07-05,2135.470947265625,2194.396269274716,2116.0249739434757,2125.821385859881,445118
2022-07-06,2170.248291015625,2179.7017332016467,2135.7159377143403,2143.308157234481,217597
2022-07-07,2204.73193359375,2218.202002434343,2166.7708304975345,2196.6498922893943,215276
2022-07-08,2159.17822265625,2207.866342190762,2152.2717044007118,2188.5674584924,214749
2022-07-11,2200.81298828125,2204.19270259118,2155.2596724276987,2159.2760578502916,167208
2022-07-12,2169.268798828125,2194.3965023950445,2160.2071168427883,2194.2984425973777,149416
2022-07-13,2167.162109375,2202.919011435451,2157.3166679599312,2192.5837494442117,208050
2022-07-14,2101.5263671875,2188.5185582501085,2090.0155824697567,2174.1178796713175,247937
2022-07-15,2112.6455078125,2121.9030703268304,2061.1653093110117,2116.02522248659,518757
2022-07-18,2109.461669921875,2139.5366101517734,2090.554544901046,2139.5366101517734,337959
2022-07-19,2204.976806640625,2213.9894592602004,2088.5953659923657,2115.5845331196106,2189907
2022-07-20,2154.2314453125,2243.3788129902796,2147.912806096864,2242.399171587227,845808
2022-07-21,2184.30615234375,2202.2826658139097,2153.7904216067063,2155.210853653476,727176
2022-07-22,2165.888916015625,2202.2337049459543,2153.2516385548074,2189.498367684256,257552
2022-07-25,2177.0078125,2191.4575212341097,2159.1293593205082,2178.722184722691,281283
2022-07-26,2162.607177734375,2193.416848473119,2158.1497620304963,2177.0078568643985,348502
2022-07-27,2177.791748046875,2189.4984143297106,2156.2886682771054,2162.6073071421274,379121
2022-07-28,2225.794189453125,2253.1751175035197,2177.7917630367456,2189.4984294001592,673056
2022-07-29,2270.269775390625,2288.442170080408,2240.6356248576917,2247.297233803277,491549
2022-08-01,2294.614013671875,2311.512827193073,2241.7624099425266,2288.4422252474733,515788
2022-08-02,2328.80322265625,2340.363037691957,2283.5438429719347,2295.2995384312494,384807
2022-08-03,2307.789794921875,2338.6975231251367,2290.5480138497232,2328.6071707648507,200623
2022-08-04,2326.40283203125,2350.1591300317796,2274.2859704373245,2314.892048463983,271601
2022-08-05,2312.590087890625,2356.037274250193,2303.18567512133,2331.54624229333,169952
2022-08-08,2312.39453125,2333.505851586865,2297.602089378961,2307.0555333698853,132693
2022-08-10,2371.858642578125,2383.467488653357,2302.745134233078,2328.6075711175627,660830
2022-08-11,2368.282958984375,2409.917716277792,2362.894931569933,2396.2517673061207,238979
2022-08-12,2360.396484375,2390.3245714125906,2336.4443044340283,2365.9316007576563,168815
2022-08-16,2390.226806640625,2396.202714474831,2356.72312069093,2375.6302463620054,256715
2022-08-17,2407.566650390625,2428.334998943342,2390.3248671561532,2399.141639207139,258779
2022-08-18,2409.62353515625,2418.5873960972453,2385.4264441116275,2402.961926821195,172105
2022-08-19,2370.634033203125,2417.7548783231487,2354.617040457067,2409.8196876329976,180353
2022-08-22,2297.45458984375,2370.633742689618,2292.409533122261,2370.633742689618,175714
2022-08-23,2350.84521484375,2357.359973088075,2262.971436756976,2272.76784990311,225646
2022-08-24,2385.67138671875,2396.6433210348937,2339.8241277571246,2364.6581294526554,224219
2022-08-25,2353.833251953125,2403.0602297538303,2344.2817487977645,2403.0602297538303,480148
2022-08-26,2359.319091796875,2403.990589137421,2352.3145133819066,2369.7521754045424,248300
2022-08-29,2368.625732421875,2375.630071810874,2295.4463384612477,2303.2346778679052,319794
2022-08-30,2419.860595703125,2451.9928746474143,2380.6261572842536,2390.3245094207855,569354
2022-09-01,2432.890380859375,2438.572348799096,2391.4027111761793,2412.8077322100303,367495
2022-09-02,2423.09375,2492.109432444473,2415.8444999752496,2439.306861511969,343567
2022-09-05,2447.976806640625,2483.3907446686903,2424.6122655049344,2440.7273173749486,242091
2022-09-06,2443.47021484375,2468.451066995104,2435.7311445512264,2463.797771006127,116636
2022-09-07,2464.3857421875,2477.3169594727306,2417.8037506851433,2441.070231486875,196702
2022-09-08,2450.278564453125,2486.1825585630945,2439.3066306553055,2473.594073254878,148298
2022-09-09,2477.21875,2500.0444386730264,2453.0706891581794,2467.7162778281167,202663
2022-09-12,2477.21875,2477.21875,2477.21875,2477.21875,0
2022-09-13,2584.783203125,2604.865846924152,2498.0849603823194,2498.0849603823194,555754
2022-09-14,2591.396240234375,2598.9884605771845,2551.965676518494,2556.8638831912745,324717
2022-09-15,2598.6943359375,2664.379330592477,2592.3266677147403,2601.584229835322,680793
2022-09-16,2546.381591796875,2617.5524341385926,2537.27088018456,2610.5971246487197,412572
2022-09-19,2532.37255859375,2560.782154028651,2518.951521687858,2528.4539937061772,172011
2022-09-20,2569.697021484375,2615.348159573884,2547.8019441945426,2560.782190569849,231658
2022-09-21,2551.4267578125,2600.408823232196,2542.1691952822257,2570.5787932256494,201665
2022-09-22,2551.818603515625,2584.244585360343,2532.3726290519135,2536.731984776584,165078
2022-09-23,2528.25830078125,2584.7345257433494,2507.8817140207834,2555.8841374532126,191261
2022-09-26,2444.25390625,2518.657610062893,2401.1987218933546,2498.0361142740358,375161
2022-09-27,2449.788818359375,2470.6552247529917,2419.7138799127238,2455.9606060490682,172204
2022-09-28,2463.210205078125,2477.513064980597,2418.6855519223122,2444.1071980527704,243415
2022-09-29,2533.9404296875,2553.925017702224,2468.6962196431164,2475.5046792402245,419989
2022-09-30,2508.616455078125,2546.0877347449173,2476.631262350906,2541.189528252526,226182
2022-10-03,2491.0810546875,2528.6011263359233,2479.472209244786,2498.085394537418,160643
2022-10-04,2580.228271484375,2610.7440015757884,2508.0775479762096,2521.5966454244203,355302
2022-10-06,2589.142822265625,2645.0314040254684,2576.456515772956,2596.0493409879596,282347
2022-10-07,2551.867431640625,2624.4099150373454,2544.128361327014,2599.967913346898,239419
2022-10-10,2561.125244140625,2575.427863148364,2524.6336069150807,2532.2746174677345,155471
2022-10-11,2532.32373046875,2590.171597064778,2502.9835213693295,2556.8637928665166,204428
2022-10-12,2523.310791015625,2541.140212810423,2491.423422499234,2527.4742660663155,136019
2022-10-13,2522.184326171875,2545.1078345563756,2516.1593892969513,2528.55199396426,136687
2022-10-14,2518.118896484375,2570.1869743522984,2510.624736312427,2547.067344327996,151383
2022-10-17,2565.48486328125,2571.4117413938466,2499.310041014841,2517.678316671491,223353
2022-10-18,2693.0830078125,2713.606445550394,2559.6559083960205,2583.3141505113317,1315807
2022-10-19,2651.5458984375,2804.223083194079,2619.5607072352727,2734.178733692463,1293572
2022-10-20,2595.314697265625,2653.750204765179,2576.750542584552,2643.0722103322287,483384
2022-10-21,2643.17041015625,2698.8138472485466,2596.049565766131,2596.049565766131,674894
2022-10-24,2643.17041015625,2643.17041015625,2643.17041015625,2643.17041015625,0
2022-10-25,2709.10009765625,2733.1013107669924,2639.7904720405354,2666.583758671036,478836
2022-10-27,2718.6513671875,2745.787621626977,2701.9486749167854,2708.708103992834,362667
2022-10-28,2696.7568359375,2737.6078336076307,2687.2053324922776,2727.7623899146574,215373
2022-10-31,2720.904541015625,2733.19908653282,2694.013436546686,2710.961277999734,174844
2022-11-01,2717.280029296875,2735.6973333907804,2701.7038284473238,2725.656010163996,134708
2022-11-02,2752.93896484375,2780.956802315893,2713.8513717712385,2716.496355506103,494169
2022-11-03,2694.748291015625,2788.4508851723576,2674.0777640322776,2753.771679012968,369760
2022-11-04,2673.539306640625,2723.402955737649,2669.522681433487,2705.769411419923,284880
2022-11-07,2693.425537109375,2708.7080361641415,2664.7222400334,2698.372773219235,162195
2022-11-09,2631.904296875,2716.0553851880272,2624.4098977563835,2716.0553851880272,181198
2022-11-10,2654.92578125,2681.0331242449715,2616.131893046934,2628.2793485766665,215103
2022-11-11,2650.8603515625,2688.1357511942674,2639.5944765119407,2680.2986207243134,199706
2022-11-14,2640.525146484375,2663.4488971195524,2608.148191848494,2650.860410354897,111212
2022-11-15,2571.50927734375,2642.0434480566405,2562.888386422573,2635.2349891343724,190072
2022-11-16,2566.31689453125,2581.3544821541973,2519.8819987556485,2555.8838117420496,311648
2022-11-17,2517.7763671875,2561.174288309297,2509.155475343733,2546.8226379839516,491921
2022-11-18,2476.043701171875,2538.152871835833,2449.103561989985,2513.759896026521,2617672
2022-11-21,2473.447265625,2525.417041758657,2465.6101357520747,2473.6431460377785,575210
2022-11-22,2468.352783203125,2495.097035031048,2457.2339994037643,2485.8394737902845,210038
2022-11-23,2474.867919921875,2490.24824084521,2451.0625879601557,2486.2806456565495,456732
2022-11-24,2468.94091796875,2494.4606209612475,2458.8995949217588,2473.3983335943876,321974
2022-11-25,2498.183349609375,2509.7429254966305,2469.675692398717,2483.3416405618777,279414
2022-11-28,2497.056640625,2522.086523642213,2489.121689607236,2508.8613661090335,213855
2022-11-29,2476.729248046875,2513.5638589926934,2473.594443516865,2488.191004168922,195124
2022-11-30,2512.77978515625,2521.596556332237,2470.6552117598685,2477.463670556169,208781
2022-12-01,2553.679931640625,2559.5577793781695,2507.8817013522585,2521.498619609475,323490
2022-12-02,2619.8544921875,2653.8479937753864,2548.0467448541085,2562.7413627598416,641932
2022-12-05,2618.189208984375,2641.0146579760712,2591.7876868827,2635.1368106813406,238730
2022-12-06,2651.693115234375,2684.217158518138,2606.139794843465,2621.814055623133,541602
2022-12-07,2651.5458984375,2677.3595410897533,2632.932714653854,2660.6566099130146,232833
2022-12-08,2676.82080078125,2684.1681104720456,2641.210983315336,2651.546007610865,193532
2022-12-09,2678.143310546875,2708.7080698664763,2652.917548232567,2686.176321003211,325548
2022-12-12,2761.4130859375,2771.4053798760674,2662.175369322451,2663.987801488526,526556
2022-12-13,2882.1044921875,2929.1272711218985,2764.4006943354225,2776.9889406105194,2232195
2022-12-14,2939.02197265625,2947.7406845962987,2875.737048731284,2880.1454346005708,774214
2022-12-15,2920.751220703125,2963.414642984096,2904.6361707265605,2944.6546095899857,602308
2022-12-16,2697.833984375,2904.734410906762,2685.196707722908,2890.039791929804,1907772
2022-12-19,2674.4208984375,2709.0513159956254,2602.9070795415523,2708.7083458533657,811353
2022-12-20,2658.20751953125,2679.269806545329,2616.96476613605,2674.910450788089,324378
2022-12-21,2614.956787109375,2715.27196889296,2605.8460744286367,2661.685633166393,582721
2022-12-22,2563.770263671875,2644.0518188595165,2553.924820958414,2635.235047325713,347177
2022-12-23,2462.72021484375,2552.0636944247763,2455.0792038958475,2537.271014847721,448226
2022-12-26,2525.711181640625,2547.067410066772,2449.348189238249,2463.79789858382,291849
2022-12-27,2548.53662109375,2561.7617774976575,2512.779716742444,2548.830561292325,207085
2022-12-28,2548.683837890625,2559.313042270164,2527.474698203645,2545.1572725115625,181789
2022-12-29,2516.404541015625,2551.720657455594,2508.028560128023,2548.6836737797776,294022
2022-12-30,2516.79638671875,2542.1689989788115,2509.155137269278,2537.074912402571,127701
2023-01-02,2527.474609375,2555.884207697432,2494.215834345374,2517.874076590612,194548
2023-01-03,2538.15234375,2555.785885727508,2525.5150676675403,2538.7402241506716,132642
2023-01-04,2543.736572265625,2555.884028130234,2512.779813014201,2541.1894093406772,177544
2023-01-05,2594.531005859375,2601.878315758637,2539.475211514953,2547.067431744191,336238
2023-01-06,2567.003173828125,2614.9565675862054,2554.9045081158456,2594.530950831371,200467
2023-01-09,2599.673828125,2604.865974366016,2561.7617611760556,2592.1306386508004,155269
2023-01-10,2626.22216796875,2632.100015148998,2577.240108133352,2605.8455832431814,199227
2023-01-11,2616.719970703125,2652.8686389857585,2607.8541691088035,2629.896098347053,188157
2023-01-12,2622.548828125,2663.1549127662734,2613.4871459682636,2620.540515596756,263295
2023-01-13,2609.47021484375,2638.5655106300587,2597.567669939874,2630.728381035351,115048
2023-01-16,2619.11962890625,2649.9292950572562,2610.7436492893116,2620.3441803364985,151524
2023-01-17,2662.0283203125,2677.8984611693613,2601.1925013292584,2610.9889141014237,163033
2023-01-18,2697.540283203125,2708.561247435319,2665.1140616607554,2676.036966098349,275059
2023-01-19,2771.013427734375,2785.9529572945853,2667.4163620955396,2684.2661443228444,633130
2023-01-20,2704.9853515625,2793.153063407238,2695.33602882385,2791.9775417500196,479592
2023-01-23,2743.4365234375,2762.686619135005,2701.5568564476025,2705.769362013969,354518
2023-01-24,2759.992431640625,2790.997982212272,2747.8937662707694,2754.7022252729375,396428
2023-01-25,2760.3349609375,2768.612881242052,2733.1989475361484,2753.134741620851,232210
2023-01-27,2720.757568359375,2784.091276638274,2681.963680946499,2762.588200007718,270275
2023-01-30,2761.8046875,2809.6112304689445,2692.3482154413696,2723.40279661913,426921
2023-01-31,2861.777099609375,2874.9041971410293,2777.429889426478,2789.038734304798,545851
2023-02-01,2934.41748046875,2983.007785049308,2853.989072525066,2888.9622194122853,936089
2023-02-02,2940.393310546875,3025.7201619533107,2920.408724044336,2938.923848622564,716169
2023-02-03,2889.109130859375,2968.313228007475,2865.4508884230577,2968.313228007475,378428
2023-02-06,2905.27294921875,2936.9644390169933,2880.145247068032,2889.9416594730255,255641
2023-02-07,2926.580322265625,2933.046050509995,2899.19939578045,2919.8208929676152,186102
2023-02-08,2918.20458984375,2949.5040816269743,2911.102190400081,2922.759826232628,278608
2023-02-09,2934.711181640625,2940.833939321373,2894.9378912486195,2909.5344498914337,172603
2023-02-10,2924.229248046875,2942.8424325403057,2915.412476444724,2926.188530625131,136904
2023-02-13,2887.541748046875,2927.168190611161,2845.613052770338,2927.168190611161,196259
2023-02-14,2921.143310546875,2933.9274373199805,2877.0594549976204,2888.863940536298,204187
2023-02-15,2945.242431640625,2968.4110910467616,2891.9010126259304,2907.5262429596974,216658
2023-02-16,2984.08544921875,2997.604307775537,2956.312522792255,2970.5663514917246,351094
2023-02-17,2953.422607421875,3079.404333749571,2930.1070968977024,2968.313107188244,1067039
2023-02-20,2941.519775390625,2975.6603694539344,2904.930317312813,2948.7202344218413,218449
2023-02-21,2979.431884765625,3003.3840644764005,2930.6457047544045,2948.621977425993,211481
2023-02-22,2951.904052734375,3003.0903090209,2933.2418387327057,2979.4320680512974,328540
2023-02-23,3007.156005859375,3025.1815503903435,2942.8916761283567,2946.76121166734,364256
2023-02-24,3010.290771484375,3049.623272797594,2978.5012209441156,3034.4388331161413,460091
2023-02-27,2934.956298828125,2997.702371797343,2908.555013681801,2997.702371797343,283462
2023-02-28,3018.61767578125,3036.838859616191,2914.43273267777,2932.066275262039,362293
2023-03-01,3052.464111328125,3078.0328439237824,3004.8046596197396,3021.2136507514147,556955
2023-03-02,3003.531005859375,3065.0034935448434,2988.885417185089,3052.464037864201,212610
2023-03-03,3006.71484375,3032.0386654533586,2993.048896296153,3003.531009722355,211402
2023-03-06,3003.139404296875,3022.1933795527143,2994.0777223646664,3012.3969666530297,165157
2023-03-08,3029.148681640625,3056.4805757363342,2938.923630515706,2997.70210312602,336445
2023-03-09,3021.409423828125,3053.49267400546,3014.3560548292894,3030.030314457911,191541
2023-03-10,2886.953857421875,3012.3969726876812,2861.532213730314,3007.54779612667,468768
2023-03-13,2835.52294921875,2908.2122919014864,2826.8532664934987,2899.738489618509,293866
2023-03-14,2824.8935546875,2852.9601803402966,2801.9207764412076,2826.2649567453877,163628
2023-03-15,2868.634521484375,2878.186023775666,2814.3624913127214,2844.8291910166504,363303
2023-03-16,2818.7216796875,2876.422450844621,2810.5906098729947,2870.348723223379,376887
2023-03-17,2825.67724609375,2856.780857105031,2777.283061952167,2840.9597459122697,289717
2023-03-20,2806.133544921875,2849.482673543233,2778.2627970660337,2849.482673543233,143701
2023-03-21,2805.69287109375,2839.9803188899377,2799.7659929977867,2821.4161628457673,228098
2023-03-22,2819.8974609375,2846.9356562831613,2812.550151242509,2830.967455378667,264831
2023-03-23,2802.459716796875,2835.9146094730427,2791.97760310348,2819.5056182969083,162906
2023-03-24,2761.217041015625,2812.599178941699,2747.893823777699,2803.586526890272,193270
2023-03-27,2722.619140625,2789.969482164493,2716.2024420697335,2767.4867614409955,378284
2023-03-28,2741.379150390625,2750.832592656701,2697.8339060830817,2724.431309161651,296813
2023-03-29,2798.29638671875,2815.4891396330213,2726.7825707155453,2728.301062588018,245686
2023-03-31,2821.415771484375,2852.568410423463,2783.2097635253594,2798.590082997893,203707
2023-04-03,2899.93408203125,2905.273079196786,2840.959724548801,2844.2904092474196,303832
2023-04-05,2878.0390625,2909.4854022544346,2858.0542380497695,2909.4854022544346,190853
2023-04-06,2859.817626953125,2893.174458275309,2845.8577395902466,2877.696079189793,193484
2023-04-10,2914.432861328125,2923.249633009454,2846.6417313457337,2849.8745954629353,352557
2023-04-11,2983.49755859375,2992.8041508796277,2924.2292603521073,2929.1274668183587,475618
2023-04-12,2988.9345703125,3002.257548196672,2954.696155466282,2973.2112799600486,192138
2023-04-13,3021.45849609375,3035.418383771252,2980.4116237837807,2981.8810856445707,250406
2023-04-17,3034.73291015625,3065.199611517627,2997.7024206552833,3002.551597325236,383771
2023-04-18,3032.724609375,3051.190943882383,3017.5891988500584,3042.863992681644,165738
2023-04-19,3074.947021484375,3095.5682783819207,3020.3808127316347,3031.98965716788,290136
2023-04-20,3065.493408203125,3093.217303923485,3056.480756370949,3085.7719346180784,201430
2023-04-21,3048.300537109375,3075.0938204131116,3027.1894599428756,3075.0938204131116,139730
2023-04-24,3078.473876953125,3081.951651539548,3046.7826231484387,3063.2894362033276,120666
2023-04-25,3087.53564453125,3118.9822280392245,3056.530090974057,3084.009079116782,272892
2023-04-26,3113.104248046875,3115.2594111261837,3081.070024577834,3085.8701713985783,128534
2023-04-27,3124.075927734375,3134.851981420508,3105.4627440946906,3120.1573627575995,163208
2023-04-28,3140.093505859375,3147.5876665401793,3119.276127112416,3125.0559154258235,192921
2023-05-02,3183.784912109375,3192.6507129203837,3140.239908028932,3143.6686522741675,195103
2023-05-03,3224.635986328125,3249.469987386704,3167.2291532668405,3182.854383183419,331116
2023-05-04,3202.49658203125,3228.8488385051805,3187.361171107145,3220.08109631428,138245
2023-05-05,3247.265869140625,3267.6424551987075,3182.9034861420173,3202.4472814603528,210596
2023-05-08,3196.4716796875,3289.635668161485,3189.810309813607,3269.553020395758,307218
2023-05-09,3156.404296875,3196.5695905347998,3141.7096772433656,3196.5695905347998,292954
2023-05-10,3143.91357421875,3182.805282681811,3107.5687894165917,3159.34292337944,182938
2023-05-11,3169.384765625,3221.8936391116645,3137.1056300799173,3143.914089817489,528871
2023-05-12,3319.955078125,3330.780161483867,3169.580150246243,3185.989140747671,1549977
2023-05-15,3312.363037109375,3330.7803409463013,3228.260977002621,3330.7803409463013,799715
2023-05-16,3356.545166015625,3366.047639165249,3268.1815651148945,3311.1386943069815,460036
2023-05-17,3367.712890625,3418.6542388519747,3340.6749339143666,3357.9655074040793,429840
2023-05-18,3336.070068359375,3397.885524146723,3330.780101513293,3384.317397771001,168884
2023-05-19,3370.94580078125,3377.8032900592125,3322.01276441041,3345.4751263202465,204182
2023-05-22,3361.4921875,3384.1707873674563,3342.5850630423633,3384.1707873674563,91735
2023-05-23,3306.240234375,3373.6886310342456,3296.4928516373398,3357.132550179159,241794
2023-05-24,3333.278564453125,3345.475050845439,3291.7906595893323,3301.3911921959384,0
2023-05-25,3344.201416015625,3360.169616839317,3323.2862180251955,3330.780378208069,177428
2023-05-26,3339.254150390625,3376.8234891128172,3327.449664313465,3355.2713809722654,140093
2023-05-29,3342.830078125,3369.1333037033323,3325.3433851352456,3359.04318958221,84643
2023-05-30,3411.79638671875,3423.8460214092547,3310.6974619034554,3342.535801158334,340548
2023-05-31,3353.8017578125,3444.4185717741348,3310.256752883359,3411.845500809547,1802492
2023-06-01,3411.502685546875,3417.9193837418675,3339.597111521315,3379.762403857007,346059
2023-06-02,3479.440673828125,3491.3922487774144,3416.3028455649705,3428.6952112255035,428950
2023-06-05,3521.516357421875,3544.3420464060755,3485.563571341298,3510.005572721689,389947
2023-06-06,3522.2509765625,3531.5085382573184,3472.338304238287,3521.516245647511,196700
2023-06-07,3466.01953125,3521.810048721858,3451.3249135223705,3521.810048721858,437956
2023-06-08,3440.108154296875,3482.0366065731046,3418.947808581408,3477.7262809352433,297932
2023-06-09,3475.277587890625,3488.6986261606216,3440.549350878804,3440.549350878804,187230
2023-06-12,3462.150390625,3485.5637218688403,3438.932700635552,3475.767308934976,243029
2023-06-13,3510.9365234375,3516.912431314798,3447.7986865366647,3462.05251595167,249758
2023-06-14,3514.7568359375,3533.5658996290667,3498.8866959218103,3533.5658996290667,153118
2023-06-15,3486.543212890625,3520.4388958489703,3477.2856509011763,3502.21747290924,184254
2023-06-16,3501.923828125,3513.924434464133,3466.166919441053,3477.7267350140223,223482
2023-06-19,3457.790771484375,3526.218811019595,3442.704391339245,3512.014012364286,169991
2023-06-20,3470.330078125,3497.1233618253787,3444.075644943045,3467.930004910449,275988
2023-06-21,3367.770751953125,3508.2606380628,3329.741797575871,3477.1774170261647,468855
2023-06-22,3432.39990234375,3502.3986635421265,3390.184074021359,3398.952289513456,899667
2023-06-23,3376.932861328125,3459.197357981675,3364.716433485469,3439.3456026053063,272568
2023-06-26,3415.060302734375,3428.508234511912,3365.4552095093945,3384.174076307017,204577
2023-06-27,3423.680908203125,3502.34926632859,3410.774645655019,3428.508309323936,346501
2023-06-28,3560.574951171875,3582.840407167422,3454.4685765494883,3458.0644733090235,885684
2023-06-30,3498.60546875,3584.121184467159,3482.694527727113,3583.234597488922,430346
2023-07-03,3470.724365234375,3532.7428795810106,3466.931235417989,3526.9300344147073,223753
2023-07-04,3457.621337890625,3491.167568531688,3453.5325986391254,3487.571431079534,165447
2023-07-05,3500.132568359375,3515.206230626616,3460.2318249904347,3464.960850087951,246209
2023-07-06,3508.0634765625,3531.954662213456,3489.5909103375343,3507.3245739135014,180300
2023-07-07,3456.291015625,3511.1177370175224,3439.3455628195857,3502.5955820680024,153939
2023-07-10,3494.221435546875,3513.9748151288854,3454.66560862718,3458.0645128204633,284687
2023-07-11,3718.946533203125,3743.724307104215,3501.41353397172,3505.354348303709,1485223
2023-07-12,3744.26611328125,3768.1079912225505,3689.6859325090377,3728.01025461288,535242
2023-07-13,3758.69921875,3790.0780479551418,3727.320630073068,3746.0888057621637,488118
2023-07-14,3817.0234375,3829.4368578068797,3767.516959536017,3770.127652709899,389985
2023-07-17,3856.72705078125,3890.5195812650986,3829.5355766247535,3834.412286180105,473022
2023-07-18,4067.068115234375,4087.264788885923,3852.9342586652656,3866.9241015767907,2882873
2023-07-19,4245.09423828125,4261.152863064148,4114.603841020468,4126.032297942382,2988725
2023-07-20,4647.55029296875,4851.142520447654,4207.065667737935,4244.158487021133,5530760
2023-07-21,4518.931640625,4623.560454454582,4427.554007522366,4605.826789809327,3034596
2023-07-24,4628.9296875,4699.420807185215,4518.931329253987,4543.56141734196,1450583
2023-07-25,4623.9541015625,4713.213636627982,4581.294981596686,4669.864681776052,845678
2023-07-26,4604.69384765625,4676.761393307282,4539.818095715179,4629.422553720499,616591
2023-07-27,4631.44140625,4674.790357935812,4579.422856649574,4581.196030432355,693349
2023-07-28,4675.529296875,4704.346497935653,4595.974117878497,4633.411849170969,530565
2023-07-31,4745.5283203125,4804.788699353167,4664.987929198878,4675.529799724393,702383
2023-08-01,4561.68994140625,4801.833321025871,4547.995226400218,4773.262416373691,896053
2023-08-02,4520.1630859375,4632.772143594488,4494.252424245391,4561.689801616635,879726
2023-08-03,4546.61572265625,4567.600846701892,4445.287442308685,4522.084250710086,498305
2023-08-04,4546.61572265625,4594.693944064534,4521.591648939857,4561.492392328475,375403
2023-08-07,4531.2958984375,4586.122378023644,4491.641456823009,4586.122378023644,350693
2023-08-08,4602.47705078125,4610.703596725102,4533.167884068638,4566.319887677817,421136
2023-08-09,4614.5947265625,4647.205059677604,4581.196423044491,4605.826511340429,447877
2023-08-10,4516.8134765625,4619.9149345354535,4507.798960057247,4591.048662193591,327433
2023-08-11,4590.5068359375,4668.337915751143,4424.302805988837,4513.21742564936,979085
2023-08-14,4674.49560546875,4679.716992005678,4567.502400766554,4590.063466474621,448711
2023-08-16,4781.93212890625,4797.941687926538,4663.264159007125,4669.816148005212,837609
2023-08-17,4746.7109375,4836.216780633637,4708.632914629849,4795.971117424243,653948
2023-08-18,4706.95751953125,4792.423925225611,4682.672348879523,4747.695781453907,330161
2023-08-21,4778.3359375,4788.089356644842,4680.8007839387155,4714.150021039391,329531
2023-08-22,4923.259765625,4934.2937576322565,4786.365528998367,4802.867689778632,929778
2023-08-23,5059.0693359375,5079.709542891407,4927.002991466239,4946.3621451614345,975669
2023-08-24,4952.470703125,5089.561684815788,4912.027807607344,5088.576481237619,675077
2023-08-25,4927.93896484375,4955.573731300507,4857.053378789562,4945.7216960494125,479853
2023-08-28,5018.08544921875,5037.690904570791,4927.889771357603,4937.79135613275,669023
2023-08-29,4946.263671875,5050.744800816949,4933.899559291763,5039.3163430066625,425772
2023-08-30,4966.11572265625,4994.98199422397,4916.214778046332,4971.090808156922,327971
2023-08-31,5047.24658203125,5063.847357164176,4965.573308355017,4994.932661194497,484299
2023-09-01,5131.18603515625,5142.762176069817,5019.513124259624,5063.699596638859,448449
2023-09-04,5141.333984375,5171.382693765985,5063.946435070956,5157.540775796976,355134
2023-09-05,5225.2734375,5232.416163386754,5134.339340357406,5146.703452745699,464679
2023-09-06,5215.42138671875,5254.090626752509,5166.900111007601,5230.248507990652,374585
2023-09-07,5108.67431640625,5236.356790809231,5095.669918372426,5224.534348384074,515569
2023-09-08,5122.36865234375,5132.368853274588,5088.576362821542,5110.299908792043,372420
2023-09-11,5071.779296875,5144.438065696252,5051.336321240546,5136.014285897331,398409
2023-09-12,4869.2705078125,5123.059068655661,4860.255990470296,5113.059347646407,693209
2023-09-13,4968.775390625,4978.676974742589,4777.695454475586,4877.742680597698,802559
2023-09-14,5091.48291015625,5101.728930928378,4970.598241400527,4992.962554546508,513990
2023-09-15,5090.349609375,5120.546483618824,5040.646377938276,5097.443267496446,350026
2023-09-18,5059.26611328125,5121.235315259038,5046.8033856118955,5105.324375448798,188335
2023-09-20,5209.3623046875,5221.578732302737,5042.517989926128,5063.946166799258,886432
2023-09-21,5144.5849609375,5279.26198992253,5107.343980233488,5221.57851777607,788735
2023-09-22,5054.09423828125,5163.99350244353,5009.760078296327,5147.688576027199,660080
2023-09-25,5129.56103515625,5185.077352876689,5010.79445543227,5074.7836201178325,702950
2023-09-26,5063.01025390625,5150.595236814976,5043.552483245331,5134.930115083316,382174
2023-09-27,5281.232421875,5295.961406601286,5039.759429218866,5081.6796456607635,883496
2023-09-28,5208.27880859375,5318.129009512732,5181.234777469594,5281.232942431717,718228
2023-09-29,5263.99169921875,5302.266953811534,5176.407198773273,5196.997857006603,533039
2023-10-03,5293.7451171875,5342.463626465779,5193.746954177304,5246.20904462354,630157
2023-10-04,5234.7802734375,5292.808664404356,5188.869693312786,5273.745361186713,553831
2023-10-05,5162.56494140625,5279.705541001097,5152.811522996161,5257.981996312427,286121
2023-10-06,5181.431640625,5256.060807669225,5167.392490388957,5194.780955970743,384926
2023-10-09,5102.3203125,5160.496391926075,5064.094124666684,5125.127679341994,280349
2023-10-10,5128.23046875,5177.293410152668,5102.368877125258,5123.45213560996,331263
2023-10-11,5150.939453125,5221.578739055161,5125.127409124274,5160.496119843572,400950
2023-10-12,5163.55078125,5195.963884088102,5136.309997409141,5172.31899724356,433492
2023-10-13,5244.5341796875,5264.928086817626,5137.14698629994,5152.959792859226,357812
2023-10-16,5340.29638671875,5368.374690753707,5257.83464876192,5265.913511117373,727018
2023-10-17,5386.94580078125,5403.841946938233,5284.6813746647495,5384.088806446304,741605
2023-10-18,5259.75537109375,5412.36330241371,5194.879622119831,5388.521665506847,1211440
2023-10-19,5218.623046875,5340.443365945217,5083.699232351337,5265.912815848003,1423792
2023-10-20,5149.9541015625,5294.7299493905475,5118.1322206975665,5230.445420535781,705270
2023-10-23,5077.88720703125,5167.245368935533,5061.976264575183,5167.245368935533,644285
2023-10-25,4948.8251953125,5110.7434975622145,4932.12628350613,5103.255854250886,694305
2023-10-26,4799.71435546875,4922.963413037478,4739.912789950742,4902.372755512783,841759
2023-10-27,4903.0625,4934.835313193355,4804.197231573116,4827.497198370296,652732
2023-10-30,4864.3935546875,4940.795899048823,4818.827889616511,4925.032641943184,554716
2023-10-31,4849.2705078125,4905.673411261062,4820.650055944048,4876.757590749074,347116
2023-11-01,4828.1376953125,4891.535640152957,4818.433344105142,4849.270503944794,385779
2023-11-02,4976.8544921875,4989.07092034673,4853.112826545813,4886.511131637794,624189
2023-11-03,4962.02685546875,5023.355777792808,4944.78579296801,5023.355777792808,318145
2023-11-06,5062.81396484375,5094.488166554467,4974.638236569408,4993.061256524685,613383
2023-11-07,5040.0546875,5083.600873606276,5034.389767507208,5083.600873606276,272225
2023-11-08,5052.51806640625,5088.330313621975,5031.33618892082,5068.872542443499,183790
2023-11-09,5057.3447265625,5076.162208851467,5039.315695675012,5052.517325821907,155776
2023-11-10,5059.80810546875,5078.675137945138,4977.346858502788,5057.296028885586,283963
2023-11-13,5056.11328125,5073.256206491615,4997.93720870624,5071.876536787019,337361
2023-11-15,5054.53759765625,5133.8464811111735,5017.296615921833,5123.058310131699,601215
2023-11-16,5190.98828125,5204.091295648797,5037.936818144111,5062.4682895908645,528615
2023-11-17,5209.8056640625,5239.312704075725,5157.934791136972,5191.037728050958,289947
2023-11-20,5234.28759765625,5242.218774493449,5183.204699787301,5229.361580138635,339009
2023-11-21,5235.765625,5309.064672560002,5222.56399370409,5247.292698902729,379315
2023-11-22,5234.435546875,5352.61090552577,5204.337770741741,5291.528285216071,569920
2023-11-23,5148.4765625,5265.962086826326,5135.422615352631,5254.090576371477,449488
2023-11-24,5202.07177734375,5232.8593870988325,5127.540746803524,5176.259252902528,637746
2023-11-28,5122.8125,5230.445994999759,5083.650656281552,5230.445994999759,849883
2023-11-29,5086.55615234375,5182.169951129791,5073.9452600265795,5152.613848746922,637793
2023-11-30,5189.95361328125,5260.986884468218,5080.004802405801,5123.0583893698,6818392
2023-12-01,5157.09716796875,5264.927891400642,5148.772486415046,5264.927891400642,433155
2023-12-04,5262.5634765625,5276.4549430866045,5190.10146548128,5221.5789119105575,487407
2023-12-05,5280.8388671875,5310.247290228718,5192.022860761659,5270.839147073032,325063
2023-12-06,5240.24853515625,5337.8327528800055,5221.627803498747,5298.424611478159,393732
2023-12-07,5339.75439453125,5362.463144877261,5212.268665032943,5251.135139113688,338949
2023-12-08,5366.05908203125,5439.111832627941,5312.71040339895,5351.625945528623,419779
2023-12-11,5607.7294921875,5625.8571411453895,5365.4184886585135,5384.088288198245,973960
2023-12-12,5526.8935546875,5648.172213515883,5497.485131147858,5615.660494861422,524434
2023-12-13,5594.13330078125,5618.714321159216,5523.297263525864,5555.562678978345,320345
2023-12-14,5569.79931640625,5634.477834579018,5546.696100262337,5630.339787161578,351256
2023-12-15,5586.10400390625,5615.660109747024,5538.075331914993,5603.9853517286365,267973
2023-12-18,5594.72509765625,5628.911855940805,5553.592846222898,5601.86782395306,310923
2023-12-19,5527.87841796875,5614.625877853832,5490.588367960088,5608.320190385102,306765
2023-12-20,5416.64892578125,5599.89677958178,5380.196395724155,5561.375225931785,345075
2023-12-21,5536.154296875,5543.740556880297,5335.1236983554345,5407.782462540599,242120
2023-12-22,5280.0009765625,5549.651369561854,5227.144904483882,5549.651369561854,1898658
2023-12-26,5314.9267578125,5368.374049459254,5230.445554886985,5280.001100157171,682407
2023-12-27,5356.20654296875,5377.240734026395,5305.369945864146,5339.8030008103815,357111
2023-12-28,5378.17724609375,5412.560754636697,5354.58142805903,5377.19204251913,233728
2023-12-29,5403.69384765625,5482.214282832556,5351.182209222123,5389.0634785644015,347319
2024-01-01,5383.841796875,5448.618927457237,5369.3100451474265,5418.619288247923,146403
2024-01-02,5267.4892578125,5389.063276467038,5251.134783102251,5383.84189021222,281635
2024-01-03,5324.58203125,5346.306059701616,5230.446017795698,5261.036397769529,250172
2024-01-04,5314.779296875,5371.329885815179,5258.179159122257,5324.581783803111,282732
2024-01-05,5321.37939453125,5361.329684507534,5278.769343777588,5352.610537448397,140560
2024-01-08,5265.173828125,5388.964552235357,5256.060695709758,5320.098923492538,346476
2024-01-09,4795.08447265625,5323.054978515364,4778.237395113736,5310.148715319337,4167413
2024-01-10,4839.17236328125,4960.746390415836,4791.389989032668,4922.0280816431705,2695792
2024-01-11,3821.0625,4355.289343091153,3744.758536361056,4355.289343091153,18029446
2024-01-12,3921.99658203125,3998.9410728695602,3847.219731351474,3852.14574893323,6218177
2024-01-15,4136.08154296875,4191.449691260425,3916.1839284505522,4034.3590406512376,3860786
2024-01-16,4276.5712890625,4296.472592783903,4192.041018641483,4226.523142179074,2599390
2024-01-17,4373.61376953125,4423.56378013935,4264.059427351842,4275.783252963201,1928680
2024-01-18,4370.412109375,4481.691045158904,3936.2822519592755,4394.007927326602,3940479
2024-01-19,4357.26025390625,4469.868835541954,4187.115395868042,4433.416301507338,2042284
2024-01-23,4108.24951171875,4333.910180118215,3990.0741599178837,4285.63520880069,1286472
2024-01-24,4297.16259765625,4334.8957019116815,4064.3587057583622,4137.854988188424,1879874
2024-01-25,4279.576171875,4389.081440906543,4219.77412906793,4285.6350769794535,1295034
2024-01-29,4281.8916015625,4343.269586579872,4229.577200021202,4320.068236808042,878902
2024-01-30,4250.16796875,4320.068350644702,4236.375119523644,4310.265383236266,432662
2024-01-31,4278.88671875,4309.526645486432,4227.508449627315,4274.404235002491,522874
2024-02-01,4200.85888671875,4302.2362362193235,4173.3222549604525,4285.635460122278,651423
2024-02-02,4318.8369140625,4372.234656843413,4205.932493125544,4235.143681627318,843638
2024-02-05,4320.36376953125,4364.451627392608,4281.793147635891,4305.339415734921,542583
2024-02-06,4331.1025390625,4346.669043962253,4280.709473121845,4333.910465423013,400247
2024-02-07,4323.22119140625,4359.7232743512195,4297.458212820372,4349.674004952302,362267
2024-02-08,4255.685546875,4354.944809110941,4234.257368675182,4334.895819733385,448325
2024-02-09,4243.6162109375,4265.586055627883,4187.114696411124,4255.684953297744,272191
2024-02-12,4280.90673828125,4301.103411435559,4222.730178927298,4245.242176678874,761494
2024-02-13,4266.12841796875,4294.453018791912,4226.523044569109,4275.783219913737,387834
2024-02-14,4291.0048828125,4321.299891188096,4214.70067742441,4236.375154961423,261333
2024-02-15,4497.40478515625,4561.492078633285,4276.423357594246,4296.817261901833,1011374
2024-02-16,4600.900390625,4663.953415250267,4448.2924631729375,4581.196320429604,1956433
2024-02-19,4698.04150390625,4753.508268505297,4575.186435096583,4640.259414872109,1125013
2024-02-20,4662.130859375,4748.483853885087,4626.8607648857005,4706.268266825935,735136
2024-02-21,4646.81103515625,4695.381376442288,4615.7771241659675,4689.470155301282,658619
2024-02-22,4646.81103515625,4671.243890116512,4583.511708771309,4661.835388889641,425946
2024-02-23,4730.75,4758.532931275972,4651.244365744818,4668.879412280918,506542
2024-02-26,4717.548828125,4795.57714576841,4639.323758395202,4733.903304117423,1005726
2024-02-27,4696.36669921875,4728.977032885977,4656.071970295651,4728.977032885977,525966
2024-02-28,4640.2099609375,4717.154452032604,4596.959622636619,4714.198841473687,309601
2024-02-29,4679.5693359375,4726.9577245013525,4594.299677176517,4639.422289921554,629330
2024-03-01,4736.31689453125,4757.547838143474,4680.800579500464,4709.2728652569485,366189
2024-03-04,4721.29296875,4740.109973001255,4660.949247171173,4706.317681339693,417409
2024-03-05,4840.60009765625,4880.698071978182,4681.686967711006,4721.0460394180855,735203
2024-03-06,4808.0888671875,4865.723276954766,4733.903229601953,4857.98981365166,483453
2024-03-07,4818.630859375,4865.230797733127,4791.094226036547,4807.793619658556,270473
2024-03-11,4860.89599609375,4918.136422056945,4812.91686891148,4837.3497260215545,542531
2024-03-12,4783.01513671875,4891.535202142108,4763.458751733553,4860.895278179247,264101
2024-03-13,4708.189453125,4856.216296077934,4660.259393531564,4763.607156393569,633146
2024-03-14,4817.79345703125,4855.034443049168,4682.0816563790895,4689.569300212571,379033
2024-03-15,4822.0791015625,4845.280454311396,4704.347269376021,4788.138644547248,345532
2024-03-18,4724.44482421875,4842.275260439921,4707.302379324912,4812.71915508627,433656
2024-03-19,4610.9990234375,4748.090004436048,4601.4423563549535,4738.829187059318,272824
2024-03-20,4674.150390625,4767.35073931587,4566.467357847193,4630.456518541946,445608
2024-03-21,4912.7666015625,4951.1404725054335,4699.420963854525,4727.99186698907,712776
2024-03-22,4837.2509765625,4963.110734306416,4778.237378144742,4923.013237107187,594108
2024-03-26,4943.89892578125,5018.626708653578,4814.196979158954,4856.954715526307,497218
2024-03-27,4963.65283203125,5060.3009176608,4952.470675270649,4983.159670346689,407426
2024-03-28,4990.0556640625,5040.301041923742,4929.958251326505,4967.395983850568,359484
2024-04-01,5057.0498046875,5074.783468526264,4997.93759189162,4997.93759189162,271256
2024-04-02,5128.7724609375,5137.392992021464,5024.538117510537,5075.029799573755,392786
2024-04-03,5183.697265625,5210.741294031898,5083.650042957949,5103.354112891895,338866
2024-04-04,5147.63916015625,5226.405890435574,5127.6887895122045,5221.578489552738,226936
2024-04-05,5237.93310546875,5244.533680387182,5142.762349682877,5148.673570774467,296298
2024-04-08,5203.25390625,5310.247107446193,5139.16660807157,5270.691281326499,484823
2024-04-09,5183.5498046875,5257.8340553283415,5165.224922647974,5257.8340553283415,197608
2024-04-10,5170.7421875,5204.830326355977,5120.004204950817,5182.170644829158,282041
2024-04-12,5223.89404296875,5284.533127927521,5152.713087797321,5170.299067050956,338176
2024-04-15,5235.22412109375,5314.877926463509,5148.77250725756,5148.77250725756,550150
2024-04-16,5189.6083984375,5307.2911465412035,5163.550055026406,5224.041452484636,342974
2024-04-18,5251.0361328125,5353.743599533401,5220.494823763599,5236.898366122131,440369
2024-04-19,5211.775390625,5273.794141086293,5152.614115053486,5211.726322874368,334073
2024-04-22,5353.2509765625,5373.989799161888,5237.243262812238,5252.119932081939,397202
2024-04-23,5415.91015625,5443.249554464732,5301.331177055507,5349.655218234117,406322
2024-04-24,5511.03173828125,5534.972474538577,5413.4965812967885,5415.9105225538315,305918
2024-04-25,5549.75,5605.709367062483,5507.2876324189065,5526.991702660119,425165
2024-04-26,5510.88330078125,5568.2223352309165,5464.9727228094325,5499.405776552391,510332
2024-04-29,5556.4990234375,5612.704694242334,5490.539452521069,5517.139948702312,350075
2024-04-30,5582.705078125,5703.343447282719,5546.745147942616,5546.745147942616,474928
2024-05-02,5706.79150390625,5718.121344613185,5606.793344623301,5615.660176480902,286240
2024-05-03,5745.85498046875,5783.04641572756,5665.905805918383,5753.588924806704,312177
2024-05-06,5814.2275390625,5851.911573041591,5714.180315783708,5776.248136455151,449452
2024-05-07,5722.85009765625,5860.828141269704,5595.956074860155,5814.671259476168,481713
2024-05-08,5833.93212890625,5859.9418885406185,5699.5013876163075,5722.850424077307,306101
2024-05-09,5717.62841796875,5860.975524855017,5700.387357003048,5831.419420342385,271663
2024-05-10,6064.568359375,6268.801351434666,5676.743063866235,5757.529757937223,3423107
2024-05-13,6335.7451171875,6373.182850336694,6130.182502304586,6176.240766113134,1788362
2024-05-14,6229.98388671875,6384.119178758099,6158.40894306325,6334.858999909657,507179
2024-05-15,6371.212890625,6438.009981514577,6191.364170779412,6303.184776325488,671424
2024-05-16,6374.56201171875,6435.102959198181,6325.006468106147,6386.236769401534,343819
2024-05-17,6394.9072265625,6446.088262761462,6355.646768568969,6414.611297720466,305803
2024-05-21,6594.50927734375,6742.684281673756,6404.315917295904,6404.315917295904,957271
2024-05-22,6464.7080078125,6677.709192781432,6433.378729545994,6677.709192781432,426788
2024-05-23,6543.86962890625,6640.27189197657,6494.609451666068,6504.707788000305,476201
2024-05-24,6585.248046875,6641.70049750384,6536.874457575512,6549.485351332148,239053
2024-05-27,6738.25048828125,6797.904369711735,6602.341468641042,6622.538141043809,756028
2024-05-28,6607.3662109375,6797.756796580127,6586.085718090352,6768.348374462336,298627
2024-05-29,6647.9072265625,6678.645769615833,6551.652647709618,6600.8637572477855,240288
2024-05-30,6614.755859375,6666.87303574996,6598.893984550499,6647.907865668951,232385
2024-05-31,6641.8974609375,6750.614769616262,6523.574417582182,6642.143761826642,1118735
2024-06-03,6826.623046875,7010.905658580843,6744.112249990321,6896.424814241861,571071
2024-06-04,6360.67138671875,6921.596646133784,6119.444199970707,6896.424887716189,1324429
2024-06-05,6688.0048828125,6719.087860772253,6046.193871196381,6500.3726840726285,700772
2024-06-06,6757.26513671875,6876.72107225032,6707.463287565073,6797.904784889284,237858
2024-06-07,6745.146484375,6784.35739002805,6709.235625498786,6760.71250676638,180893
2024-06-10,6698.30029296875,6847.16464498687,6630.419864857789,6785.688039925179,636790
2024-06-11,6894.35595703125,6935.734506915671,6677.709788490534,6749.4324158676245,435671
2024-06-12,6898.39501953125,6989.32911164207,6857.0164718562555,6906.276647659821,297295
2024-06-13,6942.9267578125,6962.8275811977255,6839.283150320253,6945.6851353727725,378833
2024-06-14,6975.142578125,7034.3534082064825,6896.671210895998,6945.685087934972,409053
2024-06-18,7005.04345703125,7041.643672261718,6956.916167982025,7014.649191528076,194223
2024-06-19,6899.0849609375,7068.589036072162,6876.7206483548125,7038.294027485213,319124
2024-06-20,6853.51953125,6921.547644981579,6802.8306154149595,6899.085196125155,224893
2024-06-21,6986.6201171875,7108.243689156342,6844.356819259606,6906.276959249613,776401
2024-06-24,7153.1689453125,7185.384812556347,6881.646752468391,6896.424805623298,631243
2024-06-25,7120.6572265625,7222.9707107569275,7084.746364982633,7201.788834573609,292396
2024-06-26,7074.1064453125,7215.581772080921,7058.047338725433,7105.1403573079715,298420
2024-06-27,6885.833984375,7211.591445402846,6857.016780233931,7142.725812743678,1135404
2024-06-28,6639.779296875,6722.3391615899245,6518.106658969508,6667.857597930113,8853879
2024-07-01,6636.2822265625,6679.680251704466,6604.804779856452,6650.12414439604,488374
2024-07-02,6530.02783203125,6685.591378415274,6447.270732740521,6659.7788526425,818252
2024-07-03,6612.39111328125,6634.360960868678,6509.191037449501,6530.274298019115,656496
2024-07-04,6562.88427734375,6674.753946264106,6552.884076623404,6674.753946264106,348211
2024-07-05,6535.93896484375,6599.878579003766,6502.491111911079,6576.233693812531,222128
2024-07-08,6449.7333984375,6576.233432982009,6438.304941503734,6540.766106601881,560888
2024-07-09,6387.92431640625,6524.359943740776,6349.869139160611,6509.959433593267,547696
2024-07-10,6293.0576171875,6410.836564303712,6246.342223924186,6390.497620105917,381571
2024-07-11,6551.08251953125,6571.817745138213,6318.592922298475,6323.343476247024,973579
2024-07-12,6513.47265625,6576.915025699466,6444.190923088247,6575.776922451727,499047
2024-07-15,6599.431640625,6624.323481151576,6449.139668785846,6523.370097754375,423404
2024-07-16,6561.1787109375,6648.918986513396,6541.037423365268,6626.105210031827,232566
2024-07-18,6485.017578125,6644.464632974622,6427.909442619974,6532.277616944561,1507949
2024-07-19,6284.6943359375,6457.8986623191595,6193.291841904179,6433.303551318763,1038301
2024-07-22,6224.46875,6357.539355685173,6174.932504933861,6265.048050166958,689230
2024-07-23,6142.9638671875,6257.27872912167,5869.201945329905,6236.939784657378,618868
2024-07-24,6257.37744140625,6310.081043566064,6123.218512221452,6140.390097388179,628120
2024-07-25,6361.49853515625,6391.339071257914,6175.229450151169,6245.253488873483,589561
2024-07-26,6481.30615234375,6497.389411865104,6342.791979342205,6373.91946569348,477709
2024-07-29,6515.99609375,6571.619619657483,6472.893152989184,6517.382114986708,386209
2024-07-30,6613.18896484375,6632.241441750734,6487.393033650444,6515.452232658571,531991
2024-07-31,6787.82861328125,6811.384209596262,6613.188962869779,6613.188962869779,806650
2024-08-01,6705.53125,6835.137769830163,6690.6358708444695,6829.1993356252715,248158
2024-08-02,6682.22314453125,6769.765756136892,6606.309966673402,6610.021488082274,285579
2024-08-05,6391.53662109375,6550.043716005419,6366.001547002799,6458.0472783260675,361050
2024-08-06,6347.3447265625,6543.313053359301,6320.918984578263,6454.38490537837,366504
2024-08-07,6638.57568359375,6680.7386642624115,6414.103057782943,6423.109779895636,348385
2024-08-08,6564.34521484375,6639.169584091472,6547.222922492531,6631.251671647714,211234
2024-08-09,6582.4580078125,6660.894831274609,6540.195955048788,6639.219158426604,118749
2024-08-12,6517.580078125,6587.752480865926,6481.157874004062,6563.949449767384,400058
2024-08-13,6347.98828125,6540.047438574879,6316.019902459464,6517.975967256019,198328
2024-08-14,6347.54296875,6373.870123867837,6244.016168513235,6367.832619069718,258704
2024-08-16,6605.86474609375,6640.159106593141,6349.225127417537,6393.714089818407,479575
2024-08-19,6549.00439453125,6631.251808391023,6428.404591481156,6631.251808391023,567049
2024-08-20,6716.369140625,6813.363566764294,6604.7760636126995,6700.533315949197,1067336
2024-08-21,6718.05224609375,6773.774363814373,6666.93183523802,6730.225843649582,357548
2024-08-22,6761.89697265625,6799.507055349596,6699.345273394705,6753.979060510283,352837
2024-08-23,6684.845703125,6780.553659636566,6666.882036571989,6720.327943634769,191477
2024-08-26,6697.0693359375,6735.075219110385,6653.322676265618,6735.075219110385,230388
2024-08-27,6700.087890625,6742.94388207949,6660.943903933327,6719.289215092685,200927
2024-08-28,6718.59619140625,6754.96910195524,6681.728411325981,6736.1640597666465,206801
2024-08-29,6674.30517578125,6784.661078072288,6637.388103121443,6750.020211882275,352648
2024-08-30,6743.48779296875,6791.885934756818,6680.787728925636,6700.533215831652,414118
2024-09-02,6649.06689453125,6770.606655770095,6629.7176895383645,6769.765764199896,159217
2024-09-03,6697.71240234375,6720.328035908189,6630.0636427654945,6649.066825512697,176221
2024-09-04,6648.12646484375,6683.658483207785,6608.24017460305,6641.1489978786785,183073
2024-09-05,6580.57666015625,6670.494547560252,6409.846677719923,6654.757793659453,700511
2024-09-06,6552.765625,6624.274272490404,6517.4317470492715,6580.775047248383,222473
2024-09-09,6595.62109375,6632.884672692987,6507.534317437912,6512.483012736345,527457
2024-09-10,6618.78076171875,6665.991507251398,6581.764618264219,6610.665191550568,147853
2024-09-11,6741.1123046875,6774.219267426495,6603.538584183674,6646.097361030182,581267
2024-09-12,6777.93115234375,6819.302051305965,6735.174232095368,6779.663195680439,263580
2024-09-13,6683.5595703125,6853.448184891839,6675.790021964828,6789.610014926423,395742
2024-09-16,6655.45068359375,6757.9379648400045,6641.198055223333,6730.2252725413055,337211
2024-09-17,6622.73974609375,6683.50962677534,6612.248415567244,6680.738550758987,106032
2024-09-18,6598.78857421875,6660.894701363896,6579.785390612538,6631.2518226690745,282119
2024-09-19,6409.40185546875,6669.900888825849,6359.617690266839,6621.354380732922,391188
2024-09-20,6492.044921875,6515.798659029641,6393.763544435058,6433.204742156448,309437
2024-09-23,6541.23486328125,6565.879752952084,6458.04748704391,6532.277917929473,265590
2024-09-24,6589.435546875,6636.992317710224,6462.996375816717,6566.91898216599,416396
2024-09-25,6617.34619140625,6636.200527560929,6515.798865202789,6591.563198424545,289831
2024-09-26,6678.1650390625,6705.13542764896,6595.620900556674,6631.251505661722,536672
2024-09-27,6982.41064453125,7045.9520829195,6666.78296772808,6684.400612245532,1291485
2024-09-30,6883.83349609375,6996.366540402851,6838.107356933499,6992.50665461502,303374
2024-10-01,7251.37255859375,7278.095513368011,6831.5748305256375,6916.247297560032,1221518
2024-10-03,7256.96533203125,7353.761624166093,7126.12162772488,7128.397834380872,885592
2024-10-04,7111.22607421875,7317.586674664099,7096.429281501903,7253.797796949434,467877
2024-10-07,7004.2841796875,7171.154280014387,6908.47763304623,7113.254545643972,438613
2024-10-08,7188.22705078125,7223.01628059911,6963.803728518382,7004.383028243972,410534
2024-10-09,7320.7529296875,7361.678734282353,7175.607800960884,7225.094751312338,369028
2024-10-10,7376.376953125,7507.665744615711,7305.957114675468,7348.812623264341,470788
2024-10-11,7370.4384765625,7416.263202111022,7289.428237177409,7416.263202111022,177393
2024-10-14,7406.61279296875,7432.890653583659,7262.704837915013,7309.222571273149,311238
2024-10-15,7412.45263671875,7526.965640628173,7317.635826953898,7431.9013960953835,209845
2024-10-16,7107.81103515625,7443.72837432075,7086.779080202958,7403.248143558971,482049
2024-10-17,7047.486328125,7232.81496862867,6941.584247837189,7082.770912519959,734999
2024-10-18,7047.337890625,7096.429044546921,6544.154650285111,6631.202393728514,1967388
2024-10-21,6779.46533203125,7169.620674635146,6726.019421168855,7081.583189267286,842387
2024-10-22,6583.19970703125,6769.814803368332,6522.42934542515,6769.814803368332,720095
2024-10-23,6593.3447265625,6695.584575628435,6524.359722474892,6552.072415470841,461038
2024-10-24,6435.62939453125,6581.76425921127,6423.40602139566,6581.76425921127,313821
2024-10-25,6389.16162109375,6474.674981764173,6316.514868585598,6443.201472029496,324913
2024-10-28,6303.8955078125,6457.601790519834,6278.904596547866,6433.303889905601,318609
2024-10-29,6332.3505859375,6373.721485860126,6243.274069411339,6339.229465799877,208968
2024-10-30,6328.73779296875,6413.459549651652,6269.996685535304,6364.021892342857,275703
2024-10-31,6413.90478515625,6434.046071296418,6276.924998525074,6329.084439298362,259567
2024-11-01,6435.08544921875,6464.38182306063,6383.817157448741,6433.304112157646,26757
2024-11-04,6456.0185546875,6485.908384151473,6317.702521910501,6438.252545362296,285465
2024-11-05,6564.49365234375,6587.159063583898,6306.023391776063,6509.563134151849,532984
2024-11-06,6813.314453125,6863.8404392576995,6631.251758186962,6631.251758186962,667866
2024-11-07,6746.8037109375,6878.6864401680605,6732.94736415155,6878.6864401680605,240697
2024-11-08,6656.78662109375,6769.715941858584,6616.405461696513,6769.666648215145,164756
2024-11-11,6639.5654296875,6728.988450631398,6558.456603484756,6656.786792719412,175932
2024-11-12,6436.02587890625,6686.677303893065,6419.546819682747,6651.046696589904,199839
2024-11-13,6263.31591796875,6413.4595197638355,6199.873550490578,6398.662728189936,232394
2024-11-14,6237.236328125,6334.329824114458,6213.037498681421,6269.947493194949,191359
2024-11-18,6378.52197265625,6419.1510525369,6193.292397369942,6231.298282027599,455631
2024-11-19,6450.1787109375,6542.5709483166265,6393.714291194417,6426.375679988444,197471
2024-11-21,6342.5947265625,6464.975870943527,6324.4822108744775,6458.047697168787,199200
2024-11-22,6552.5673828125,6577.310859071138,6342.594339935902,6349.1760079664955,191475
2024-11-25,6696.72265625,6751.009938821866,6632.43939606945,6740.122809467366,369729
2024-11-26,6802.1298828125,6814.3532565499845,6670.841096462875,6730.225438567885,218029
2024-11-27,6971.72216796875,7014.726524848751,6758.086888186197,6800.002435410178,497850
2024-11-28,7075.84228515625,7091.727402872043,6967.069581931428,7027.146932820419,620605
2024-11-29,7223.0166015625,7244.88993147978,7037.044728527491,7101.872637067371,500991
2024-12-02,7276.51220703125,7317.14080175368,7215.3460437359745,7233.012982445001,229302
2024-12-03,7336.44091796875,7352.9199769683955,7227.074749815557,7276.5617037310285,270695
2024-12-04,7225.1943359375,7402.258560238866,7197.382571206985,7344.804400101383,213014
2024-12-05,7266.2685546875,7311.05424823196,7199.0155906311065,7250.135517658034,299865
2024-12-06,7242.86083984375,7286.854449229803,7207.23023519692,7286.854449229803,106871
2024-12-09,7362.07470703125,7374.545515468421,7220.245297284142,7242.860930782856,228256
2024-12-10,7366.47900390625,7393.350321069593,7297.9888718805805,7373.555541093503,233072
2024-12-11,7325.30615234375,7381.919419378091,7309.222892762519,7381.919419378091,96608
2024-12-12,7409.58203125,7447.587912597445,7309.222592243604,7325.305851163572,206603
2024-12-13,7444.96533203125,7487.375746030782,7326.493860354743,7383.403854458745,320336
2024-12-16,7463.96875,7517.068153866524,7427.9916385475,7452.091881290797,150287
2024-12-17,7406.2666015625,7472.529824239496,7374.545658332249,7472.529824239496,199765
2024-12-18,7337.2822265625,7418.2426891284895,7296.455489951019,7406.266749734916,167097
2024-12-19,7416.60986328125,7435.01910699051,7225.095349563372,7274.582304012436,240206
2024-12-20,7104.59423828125,7515.583373160404,7076.73318105984,7432.940163618178,340963
2024-12-23,7045.30908203125,7193.869010487079,7008.985465490865,7106.32639797245,245937
2024-12-24,7019.0810546875,7075.644545355588,6949.947684639382,7045.309139797575,122770
2024-12-26,7071.28955078125,7087.026304660405,6977.660142148712,7019.080817093542,153820
2024-12-27,7075.89208984375,7126.121347956079,7013.291093280108,7071.289899794068,147479
2024-12-30,7208.91259765625,7252.80762034241,7071.883518754718,7111.274938886492,378267
2024-12-31,7197.728515625,7287.151530958033,7108.354793933585,7215.197312326433,164893
2025-01-01,7266.0703125,7290.219849155975,7128.892380731405,7210.249125601164,113918
2025-01-02,7314.81494140625,7363.658661033845,7205.349703903879,7266.070292339594,162726
2025-01-03,7134.0390625,7361.679043684101,7096.132250246012,7324.068959836293,209835
2025-01-06,6877.0537109375,7161.306487965192,6854.5371466128845,7140.967542949615,268937
2025-01-07,7089.35205078125,7116.223367817768,6897.391979560717,6937.9712783201785,262756
2025-01-08,6833.75244140625,7076.6343111805345,6750.069713540093,7076.6343111805345,271536
2025-01-09,6680.04541015625,6928.1731771076375,6665.843041759987,6928.1731771076375,174394
2025-01-10,6471.85400390625,6690.635615755049,6433.303476687547,6681.332165842961,177818
2025-01-13,6187.650390625,6470.220888995547,6164.2431587802075,6384.855896055233,282470
2025-01-14,6408.263671875,6441.568294521113,6122.08023664936,6195.6674322628105,566958
2025-01-15,6384.6083984375,6531.287917301921,6324.580822386087,6433.30375245681,325741
2025-01-16,6596.95751953125,6641.149273107182,6455.3750531874075,6455.3750531874075,213590
2025-01-17,6710.1337890625,6753.979034090885,6524.359582756025,6524.359582756025,358371
2025-01-20,6737.6982421875,6754.969382855747,6631.251994891357,6720.328514225718,138197
2025-01-21,6492.34130859375,6751.6036319098,6459.383193334655,6750.019952861969,380639
2025-01-22,6101.09765625,6538.166492076619,5920.618654278567,6530.198803222859,1654348
2025-01-23,6186.759765625,6397.673255014923,6080.511181358504,6116.538069597003,1215099
2025-01-24,5855.09814453125,6342.099539523448,5830.750950244244,6229.318580199143,1354910
2025-01-27,5585.59228515625,5818.824193817377,5532.690540037513,5818.824193817377,835702
2025-01-28,5616.4228515625,5700.89717986629,5429.65937453888,5592.9663250038,640961
2025-01-29,5770.42626953125,5845.3990048199585,5631.862798370601,5646.956319336315,430356
2025-01-30,5729.05517578125,5829.46391206433,5670.511724576631,5809.768201697447,475573
2025-01-31,5975.9951171875,5991.484436735601,5659.921853491372,5750.334612770532,680372
2025-02-01,5785.7177734375,6018.553885575545,5611.820428576893,6018.553885575545,407366
2025-02-03,5797.64404296875,5859.057159013965,5686.10025636213,5774.583315923584,405813
2025-02-04,5902.70458984375,5925.567658422047,5799.920093435558,5806.502244697187,326464
2025-02-05,5975.35107421875,6029.737425602881,5903.347561934683,5977.033823827945,341372
2025-02-06,5798.88134765625,6000.392323706739,5789.973695816532,5996.235226206454,191057
2025-02-07,5809.4716796875,5888.947534619411,5768.248660328335,5829.46411917014,158629
2025-02-10,5589.25439453125,5850.198990849212,5559.314789136189,5850.198990849212,540742
2025-02-11,5451.5322265625,5608.851448953529,5336.821562155527,5596.974579818636,515222
2025-02-12,5583.41455078125,5647.4508588048075,5318.857503543119,5443.613913941752,695730
2025-02-13,5493.9921875,5646.213860485949,5471.920716663758,5611.820428407088,191040
2025-02-14,5360.67431640625,5540.5101013677495,5299.112352042129,5524.9217107869235,401884
2025-02-17,5358.6455078125,5375.471072133465,5215.182635190916,5324.252074862292,333358
2025-02-18,5381.1123046875,5408.924069475699,5235.719730562937,5344.5910293081015,272045
2025-02-19,5542.63818359375,5566.639357431411,5300.102320479826,5364.386070108087,348483
2025-02-20,5697.18505859375,5724.501951359512,5493.447190940808,5516.805127748372,288846
2025-02-21,5780.1748046875,5808.926529200436,5691.988963527939,5697.185093254686,603944
2025-02-24,5781.36279296875,5791.953194613182,5655.3691992514905,5711.784327770451,450544
2025-02-25,5706.439453125,5777.156016919129,5672.194386002175,5763.49781160132,141031
2025-02-27,4631.533203125,5344.590898855747,4608.225041680066,5344.590898855747,5050980
2025-02-28,4665.03564453125,4856.6492090628835,4508.261085649365,4602.286289411536,6042777
2025-03-03,4820.87060546875,4887.133345688779,4534.043935417555,4781.181972439279,4415862
2025-03-04,4854.818359375,4913.0645985808715,4746.689369166506,4790.336957520431,1108919
2025-03-05,5019.263671875,5032.823290765223,4849.721558456164,4849.721558456164,1164455
2025-03-06,5024.509765625,5102.105216787695,4983.880684362823,5091.416227488688,535365
2025-03-07,5011.49462890625,5053.508763652296,4947.409022312927,5022.925922179344,370527
2025-03-10,4889.75634765625,5057.51711199188,4862.142242308093,5026.884495933106,372497
2025-03-11,4857.4912109375,4884.3625312485165,4760.645141905849,4820.326217216331,302464
2025-03-12,4957.35546875,4968.490033067133,4849.7213470177185,4896.535810793787,377661
2025-03-13,4951.76318359375,5061.5251397351385,4909.105336935137,5047.668794026048,449569
2025-03-17,4968.09423828125,5022.77732086251,4843.98105790939,4951.763543935715,518771
2025-03-18,4968.09423828125,4968.09423828125,4968.09423828125,4968.09423828125,0
2025-03-19,5382.5966796875,5400.115253942737,5112.0021237505325,5156.540380395019,644101
2025-03-20,5031.2392578125,5188.2612573116885,4863.231058493005,5171.386400261344,4100652
2025-03-21,4941.07421875,5086.2691351818185,4928.900621367086,5047.669311038582,1428921
2025-03-24,4973.88427734375,5009.762317727453,4925.98052094566,4968.490006239724,1060661
2025-03-25,5099.2841796875,5145.455411797272,5008.07981877256,5017.779068591411,1184080
2025-03-26,5097.99755859375,5167.427657335461,5060.436767776072,5114.971486900912,475269
2025-03-27,5163.02294921875,5201.078608271789,4938.797765038292,5085.328435279771,633018
2025-03-28,5095.12744140625,5204.0480328088715,5055.141596340304,5181.927267928481,449930
2025-04-01,5050.24267578125,5106.756873338555,5010.504748770668,5038.761605913805,281666
2025-04-02,5231.51318359375,5250.565660306454,4933.849164303049,5059.5460236544,661417
2025-04-03,5150.3544921875,5210.876937392009,5111.606305705668,5146.642970814317,320013
2025-04-04,4989.02685546875,5149.612007936103,4929.889950322838,5149.612007936103,421875
2025-04-07,4883.96630859375,4913.064539388788,4520.138144921151,4602.286484318667,497046
2025-04-08,4934.9873046875,5047.669193033241,4874.464857978179,4938.797896712917,283588
2025-04-09,4953.64404296875,4976.704769980252,4839.824049973464,4934.443201674186,195312
2025-04-11,5040.98876953125,5125.562170586483,4993.233857023542,5037.772117393425,338270
2025-04-15,5195.634765625,5207.511633362404,5071.422523871322,5126.847906645871,383428
2025-04-16,5245.1220703125,5280.257806418943,5168.912163828103,5204.047899934546,301161
2025-04-17,5238.68896484375,5281.742614942126,5191.676358414489,5233.740269430144,259527
2025-04-21,5356.962890625,5382.2012377309475,5225.822459584296,5246.606980730369,224054
2025-04-22,5449.50341796875,5511.856980506351,5380.716551359809,5394.572898590387,633870
2025-04-23,5556.8896484375,5567.776777502031,5405.954450042857,5527.692347764438,374348
2025-04-24,5455.9365234375,5572.230862032313,5433.6673947704085,5556.889906728316,264678
2025-04-25,5450.4931640625,5527.692813017807,5330.734734272857,5483.15455400513,669725
2025-04-28,5540.55908203125,5559.858993088701,5399.5212704575715,5427.233963258013,278907
2025-04-29,5513.34130859375,5635.574079729434,5496.51574495564,5540.559132125987,264199
2025-04-30,5463.359375,5546.497452445652,5407.933990036232,5513.341195369112,248922
2025-05-02,5403.9755859375,5526.703236607143,5389.624368722099,5442.575411551339,163134
2025-05-05,5735.5380859375,5749.394433340973,5478.700789423129,5478.700789423129,669348
2025-05-06,5845.39892578125,6015.139175657898,5666.256154774408,5769.683887206535,2645488
2025-05-07,5826.09912109375,5995.839374090875,5766.219906479603,5838.965729192657,807608
2025-05-08,5705.845703125,5886.967951810494,5666.256140570794,5877.070561171942,394295
2025-05-09,5707.330078125,5729.104336638613,5542.538530737883,5542.538530737883,356853
2025-05-12,5931.01123046875,5955.754706607543,5821.150196412507,5903.298537193302,305557
2025-05-13,5945.85693359375,5992.374665741716,5891.421289590811,5931.010848865676,222006
2025-05-14,5919.62939453125,5973.075304463484,5850.84252897032,5946.352349497367,272460
2025-05-15,5980.00341796875,6007.716111729611,5925.567769509915,5947.3420288934485,252483
2025-05-16,6031.96484375,6053.24423404299,5954.765195245201,6006.726497123431,233003
2025-05-19,6039.8828125,6103.7209839717325,5999.303509704015,6037.408464768538,186495
2025-05-20,5951.79541015625,6093.822955073091,5930.516021893448,6093.822955073091,204127
2025-05-21,5992.8701171875,6013.159768286153,5919.134555877761,5967.13690115994,124116
2025-05-22,5886.9677734375,5992.869850061207,5831.542387540981,5992.869850061207,356912
2025-05-23,5823.1298828125,5928.537094934457,5805.809448895747,5918.639704124883,323816
2025-05-26,5888.4521484375,5906.762319837801,5847.872849658454,5879.049627988697,120578
2025-05-27,5902.8037109375,5961.198315053079,5850.347541138759,5869.152583142081,219023
2025-05-28,5995.34423828125,6027.510757099927,5882.019118135447,5937.44450440763,286060
2025-05-29,5940.90869140625,6036.913379963752,5900.3293900572025,6027.510858919461,215817
2025-05-30,5929.52685546875,5982.972766033817,5897.360335221257,5952.290854413131,286739
2025-06-02,5865.6884765625,5950.311165290433,5849.357782246583,5920.618993806947,170390
2025-06-03,5810.75830078125,5918.639863510794,5792.448127290456,5901.814298681416,137818
2025-06-04,5836.4912109375,5848.8629491326365,5770.17869421157,5839.460428104332,150898
2025-06-05,5919.134765625,5958.22946059067,5811.74807185854,5839.460767024078,218509
2025-06-06,6045.8212890625,6056.213549606849,5896.370685043766,5938.434596770893,319429
2025-06-09,6080.95654296875,6195.766269365947,6071.059152762095,6094.812889258067,287704
2025-06-10,6075.01806640625,6126.4844951213245,6040.377200924951,6126.4844951213245,142972
2025-06-11,6103.22607421875,6154.692506694121,6057.698076259768,6057.698076259768,158096
2025-06-12,5987.9208984375,6103.720360440341,5948.331338778409,6103.720360440341,244951
2025-06-13,5968.62158203125,5987.426624740577,5700.897158195838,5700.897158195838,199145
2025-06-16,6044.33642578125,6070.069641283184,5913.690870156045,5943.383041889047,192518
2025-06-17,5979.5087890625,6061.65713458798,5908.7424432182615,6051.2648740094555,327846
2025-06-18,5927.546875,6165.579104660627,5918.639223993989,6136.876673641259,646632
2025-06-19,5762.2607421875,5953.28037860835,5727.619875479056,5930.516380485658,466216
2025-06-20,5938.92919921875,5953.775285042978,5740.486518701567,5765.22999507528,659919
2025-06-23,6224.9638671875,6269.007255706435,5913.6909303514285,5938.929276581381,935253
2025-06-24,6313.54345703125,6396.151497849976,6229.442499812185,6279.206379823466,608610
2025-06-25,6410.5830078125,6464.327998096909,6316.031636015856,6328.472605989098,480549
2025-06-26,6437.953125,6465.820897667543,6359.823833771354,6419.540489487516,294479
2025-06-27,6455.37060546875,6554.898366885166,6439.446163642124,6449.398939783765,417426
2025-06-30,6520.0634765625,6534.495001583131,6437.953075583046,6455.370433366566,180007
2025-07-01,6632.52978515625,6657.411724626374,6529.020916960534,6529.518555749937,317256
2025-07-02,6736.03857421875,6745.991349889877,6606.652490494099,6648.454148312832,407342
2025-07-03,6775.35205078125,6837.059260057554,6711.156647582515,6743.00552978964,349404
2025-07-04,6685.77734375,6838.552456852438,6630.04179760188,6795.755519631559,457714
2025-07-07,6668.35986328125,6707.673328146863,6573.808492085471,6668.35986328125,183853
2025-07-08,6716.630859375,6728.574190531924,6593.714076218326,6638.50156805679,159641
2025-07-09,6684.2841796875,6763.906385520586,6638.501411333476,6716.630700807191,303920
2025-07-10,6748.97705078125,6776.844822116138,6658.904432716701,6708.170671326593,249936
2025-07-11,6673.833984375,6761.91605247092,6614.117328038784,6738.527028739235,310579
2025-07-14,6764.404296875,6847.509977561981,6690.753753511688,6750.470410292752,407039
2025-07-15,6911.705078125,6922.653131384323,6767.887469400244,6771.370940891848,418898
2025-07-16,6915.1884765625,6976.398046411175,6896.278202950714,6897.27348050923,289082
2025-07-17,6853.4814453125,6943.554066689319,6782.816736829028,6936.089484807263,907510
2025-07-18,6893.29248046875,7046.565226930227,6863.434153235995,6958.980800380811,1599277
2025-07-21,7008.74462890625,7027.654902684894,6790.281202884534,6922.155480551401,356365
2025-07-22,6927.62939453125,7046.067423113855,6912.202592488978,7008.744514947068,267070
2025-07-23,6852.486328125,6961.966864957789,6817.651611860022,6960.971587350217,297076
2025-07-24,6808.69384765625,6897.273551272886,6770.873300044653,6892.297163429254,240792
2025-07-25,6702.69677734375,6807.6985606995695,6682.791225996675,6807.6985606995695,183817
2025-07-28,6805.21044921875,6818.646696540791,6693.241721535078,6717.626022230633,253763
2025-07-29,6929.6201171875,6944.0516420276035,6757.934735469031,6800.73167120175,258467
2025-07-30,6898.26904296875,6953.00931094787,6838.552386991528,6947.037645350148,218429
2025-07-31,6788.78857421875,6852.486341225054,6669.35526108193,6815.661069674535,677598
2025-08-01,6666.369140625,6827.106467619765,6648.454144427441,6788.290642525054,246544
2025-08-04,6886.8232421875,6905.235877490696,6651.44009358177,6712.6496649951,367819
2025-08-05,6892.794921875,6920.662694283129,6851.988540848811,6898.766587391027,208115
2025-08-06,6792.76953125,6917.179229624542,6648.45428113553,6917.179229624542,444662
2025-08-07,6848.5048828125,6870.898627887821,6714.142412360577,6757.934624952314,193378
2025-08-08,6709.166015625,6872.391535067591,6686.772270579523,6820.13946329481,148921
2025-08-11,6725.58837890625,6777.840452882214,6643.975615743791,6727.578934105334,140792
2025-08-12,6771.37109375,6790.779006784192,6588.737655710296,6732.057628885867,522463
2025-08-13,6933.103515625,6947.535040312993,6787.792991180376,6794.759934133201,255672
2025-08-14,6937.0849609375,6950.02356990338,6871.894277301717,6942.0613490013,143368
2025-08-18,7053.5322265625,7151.069429638996,6975.900575134268,6991.82501645288,459379
2025-08-19,7083.390625,7101.30562166292,6990.829808908248,7060.4992403751585,187122
2025-08-20,7124.19677734375,7173.960655363754,7086.376230048547,7095.333728092148,217222
2025-08-21,7051.0439453125,7143.107120545954,7033.626587835901,7124.196846714218,139514
2025-08-22,7066.96826171875,7130.168386304222,7026.161882065138,7066.470622942486,172189
2025-08-25,7038.10546875,7121.708786203864,7024.171582507689,7114.741843082709,116097
2025-08-26,7030.640625,7062.489506653454,6952.013698418034,6994.312994364029,187129
2025-08-28,7072.93994140625,7136.140066120145,6952.013718528482,7065.475359747129,275286
2025-08-29,7057.51318359375,7146.09288650446,7036.612354817065,7080.902206272421,260270
2025-09-01,7110.7607421875,7125.689906038408,7025.664508237324,7092.84574556641,150419
2025-09-02,7144.60009765625,7165.0032880166245,7079.409416260904,7115.23940908888,130949
2025-09-03,7200.83349609375,7210.78627217681,7123.699481450037,7141.116839595391,265000
2025-09-04,7222.7294921875,7290.408368509499,7201.828662735118,7215.762549036706,197453
2025-09-05,7193.8662109375,7280.952997525357,7184.411074107961,7253.582864597745,143952
2025-09-08,7289.91064453125,7349.627299411703,7195.856913094537,7195.856913094537,234488
2025-09-09,7159.03173828125,7336.688788925377,7140.619102780318,7325.24309658696,160736
2025-09-10,7174.9560546875,7236.663264479514,7162.515084971368,7219.743545665574,133081
2025-09-11,7199.34033203125,7250.099488308791,7114.741738235348,7205.809636262701,178711
2025-09-12,7220.2412109375,7275.479116679733,7201.330936899618,7216.260100613735,218090
2025-09-15,7215.7626953125,7245.621023706896,7096.329381734914,7225.715471443966,161143
2025-09-16,7360.07763671875,7366.04930214408,7207.3025295874,7216.260027725395,209209
2025-09-17,7324.24755859375,7403.869763334544,7267.516737715934,7403.869763334544,269888
2025-09-18,7405.36279296875,7416.8084850753485,7315.290172477698,7324.745309435322,184784
2025-09-19,7513.3505859375,7532.260860296066,7388.9408862100945,7405.362966574112,370166
2025-09-22,7620.84033203125,7677.571153361508,7469.5581418172305,7513.35035477392,415876
2025-09-23,7584.01513671875,7660.651510147535,7525.791398464414,7613.873464028667,317133
2025-09-24,7496.92822265625,7587.498480639883,7469.558089749108,7554.156682371183,352940
2025-09-25,7372.5185546875,7564.109485740803,7346.641338025755,7544.203934462538,464674
2025-09-26,7287.919921875,7470.553353853704,7237.658405172414,7389.935871617873,244407
2025-09-29,7243.63037109375,7334.698271472299,7225.217735498088,7290.408418282732,248137
2025-09-30,7251.59228515625,7282.445889443904,7170.974802985284,7250.597007598583,183924
2025-10-01,7316.28564453125,7338.181751751994,7240.64454685959,7299.365925315221,112742
2025-10-03,7358.08740234375,7379.983509857826,7274.98172155169,7355.101569500922,140544
2025-10-06,7579.53662109375,7607.902032911907,7365.5519354480075,7372.5188787015895,213779
2025-10-07,7559.630859375,7602.427795317745,7519.322117382414,7588.991547986883,110181
2025-10-08,7552.16650390625,7638.7556559673785,7487.971098067827,7564.1098352250265,150765
2025-10-09,7594.96337890625,7604.916154923687,7510.862421558906,7552.16644203127,96611
2025-10-10,7693.49560546875,7757.691008645042,7608.897012135652,7608.897012135652,236521
2025-10-13,7649.2060546875,7711.410905174517,7572.072040083599,7663.637580000488,129001
2025-10-14,7572.07177734375,7688.021614628259,7534.748868346591,7663.6373140834485,163491
2025-10-15,7622.33349609375,7687.026540063991,7557.640452123508,7572.071977316869,115511
2025-10-16,7542.21337890625,7668.613629516054,7434.723402009724,7663.63724169677,186760
2025-10-17,7404.36767578125,7583.517643069458,7205.312156572129,7557.1427867742495,1113487
2025-10-20,7637.2626953125,7663.637551822017,7475.530084640931,7494.440359119453,526263
2025-10-21,7569.0859375,7661.149112939678,7536.739416399573,7657.665641436555,65121
2025-10-23,7482.99462890625,7653.1870983540075,7464.58199332272,7623.826409180272,250081
2025-10-24,7477.5205078125,7569.086045775864,7431.2401000375385,7514.345778515157,202587
2025-10-27,7630.29541015625,7665.627763519655,7448.1596167617945,7479.013221107303,276608
2025-10-28,7474.53466796875,7682.547683362288,7442.68578522907,7630.793248910307,761477
2025-10-29,7698.9697265625,7721.3634721313265,7479.013381197584,7484.487407892186,211944
2025-10-30,7807.95263671875,7831.34165991351,7661.646832053657,7698.472102615619,345825
2025-10-31,7667.61865234375,7865.678895310573,7648.2107390882065,7827.858346402336,324713
2025-11-03,7590.484375,7738.28309389956,7548.682717129417,7667.618386546908,240686
2025-11-04,7524.29833984375,7631.290677348142,7512.852647924676,7581.029160660032,162179
2025-11-06,7555.64990234375,7633.779193963849,7536.739627938885,7549.180597942086,201409
2025-11-07,7506.38330078125,7553.658984523906,7416.3106822820855,7549.1802355377595,127993
2025-11-10,7572.07177734375,7626.314405086288,7465.079438218559,7524.298453827386,112624
2025-11-11,7623.32861328125,7653.684579428528,7513.3504408460285,7584.015148926578,105930
2025-11-12,7643.73193359375,7708.922616100311,7598.446802997589,7651.69415435791,129351
2025-11-13,7684.5380859375,7779.089454693369,7601.43240918892,7626.314348335201,182942
2025-11-14,7595.95849609375,7710.913056667496,7566.597807462361,7703.4484748120585,127917
2025-11-17,7646.7177734375,7672.097352146683,7544.701819802546,7593.968060826256,146747
2025-11-18,7624.82177734375,7693.495932498001,7613.873723623507,7643.234413145977,255512
2025-11-19,7651.69384765625,7667.618288546274,7604.915802541806,7626.811908765589,138316
2025-11-20,7612.38037109375,7703.448267276672,7594.465375123339,7663.6371651202035,220950
2025-11-21,7485.48291015625,7611.883166716527,7470.553745995588,7611.883166716527,169885
2025-11-24,7391.9267578125,7514.34590298699,7355.599125301371,7514.34590298699,305698
2025-11-25,7403.8701171875,7484.487603340503,7349.129848812004,7384.959842657783,130117
2025-11-26,7503.3974609375,7532.75814870745,7380.97832210008,7394.41456904565,132131
2025-11-27,7443.68115234375,7524.298637748195,7389.93616207412,7524.298637748195,170964
2025-11-28,7434.7236328125,7484.487512550201,7416.310997309551,7453.633907112827,223708
2025-12-01,7366.04931640625,7494.440123299428,7347.636681309166,7442.68568951303,199441
2025-12-02,7312.30419921875,7427.258756862654,7246.61588056509,7374.509046428655,185659
2025-12-03,7192.87109375,7335.19578814688,7172.467903294503,7335.19578814688,278984
2025-12-04,7313.79736328125,7347.636801309632,7198.842801743659,7215.76252075785,179869
2025-12-05,7222.7294921875,7301.356422032176,7137.13561919203,7286.427258137617,191949
2025-12-08,6991.8251953125,7231.189460006117,6974.407837174711,7222.72960033919,217567
2025-12-09,7160.02685546875,7180.430045701876,6899.264131513674,6991.8249457420025,222653
2025-12-10,7105.28662109375,7234.175067295128,7076.423571365256,7184.90882724132,126487
2025-12-11,7184.4111328125,7272.4931976810885,7086.376292252546,7086.376292252546,295740
2025-12-12,7242.13720703125,7263.535674694436,7159.529169075696,7195.856800224825,158727
2025-12-15,7304.83984375,7320.266646335752,7189.387643753405,7216.260138580199,121874
2025-12-16,7326.73583984375,7367.542220259915,7230.193915444532,7288.417653355401,267325
2025-12-17,7046.06787109375,7306.332967257465,6997.7969067957,7306.332967257465,1779522
2025-12-18,7065.4755859375,7111.258354912443,6989.336850576996,7046.067673002469,194054
2025-12-19,7403.8701171875,7419.794558896735,7053.532399584327,7056.518232404809,630329
2025-12-22,7567.095703125,7611.883195777983,7414.81822810486,7414.81822810486,390893
2025-12-23,7608.89697265625,7644.229326159101,7544.203931031311,7569.085870117826,256703
2025-12-24,7594.4658203125,7641.7415068946175,7575.057906873526,7608.399706884072,94994
2025-12-26,7520.81494140625,7636.267139276048,7495.933002210173,7574.062291285854,134764
2025-12-29,7458.11279296875,7575.555551302014,7426.761548159447,7511.857784070413,206255
2025-12-30,7461.59619140625,7560.626312927515,7434.723696119073,7439.7000841352165,370086
2025-12-31,7583.02001953125,7623.328762252213,7462.591430167386,7462.591430167386,235002
2026-01-01,7636.76513671875,7658.661244239643,7484.487661687084,7579.039035072759,139174
2026-01-02,7761.1748046875,7784.066189723127,7628.305243719844,7640.2485750427795,192881
2026-01-05,7725.3447265625,7803.474018115599,7548.68295266855,7803.474018115599,1133200
2026-01-06,7758.6865234375,7831.3417881685555,7700.462783892751,7715.391947878584,365681
2026-01-07,7859.70703125,7897.527579203336,7727.335113413321,7727.335113413321,365640
2026-01-08,7713.89892578125,7910.466248901281,7686.528792182258,7834.327513616813,327505
2026-01-09,7648.7080078125,7738.780626512179,7592.972464749715,7703.448273320592,309566
2026-01-12,7592.97265625,7673.59014021333,7540.720583310804,7663.637364415388,265168
2026-01-13,7519.322265625,7627.309885190892,7367.044792873097,7603.92086159828,436635
2026-01-14,7288.91552734375,7502.402573239187,7269.009975278907,7293.39427655834,1655893
2026-01-15,7288.91552734375,7288.91552734375,7288.91552734375,7288.91552734375,0
2026-01-16,7087.869140625,7324.247561027785,6986.350829546751,7266.521462571526,819635
2026-01-19,7382.96923828125,7405.362984285744,7123.201784629133,7148.581363434225,1189009
2026-01-20,7041.09130859375,7392.424297770878,7016.7070076451955,7384.959715847851,569182
2026-01-21,6942.06103515625,7011.232826115872,6775.849681339606,6966.942974350359,773107
2026-01-22,6965.94775390625,7064.480233922926,6947.535118751619,7016.706910278477,435717
2026-01-23,6690.255859375,7016.706903985979,6673.833779386948,7016.706903985979,368113
2026-01-27,6734.04833984375,6777.8405548826395,6631.534745548168,6773.361805617298,479067
2026-01-28,6895.283203125,6905.733617910337,6770.375864500262,6796.750720863254,351390
2026-01-29,6984.3603515625,7000.782431477111,6817.651358489936,6867.4152370190595,339387
2026-01-30,6980.37939453125,7004.26605674965,6882.344551676565,6996.303836010183,396287
2026-02-02,7003.2705078125,7036.612305867175,6767.887366322036,6768.385005098971,292881
2026-02-03,7469.55810546875,7663.139591346654,7325.242858927381,7365.053961421552,916405
2026-02-04,7593.9677734375,7629.797765553326,7384.959486095184,7468.56280103211,354745
2026-02-05,7500.90966796875,7577.048404729794,7467.567868210646,7564.10979586844,194719
2026-02-06,7587.49853515625,7607.404086504465,7488.468417198875,7500.90938679151,142827
2026-02-09,7751.2216796875,7807.454862135156,7609.394626611554,7642.7364250539695,262430
2026-02-10,7705.9365234375,7757.193317878188,7669.6088924261385,7753.212207630368,131347
2026-02-11,7777.09912109375,7788.047174629971,7719.373020630039,7752.714820035802,119349
2026-02-12,7731.31640625,7762.1700118877125,7693.495857403772,7744.255015065814,145735
2026-02-13,7551.66845703125,7727.3349456857495,7529.274712018637,7723.851474239344,160046
2026-02-16,7599.939453125,7637.760000429708,7500.411697059979,7581.526818252972,107865
2026-02-17,7705.43896484375,7717.879934497657,7580.033990732369,7613.873428190996,90445
2026-02-18,7793.0234375,7801.48329691491,7716.884702765804,7740.2737258540865,162110
2026-02-19,7741.26904296875,7861.19999175735,7683.542943136892,7793.0234773007605,264268
2026-02-20,7831.83935546875,7894.541843636818,7673.590218663624,7743.259649961478,393536
2026-02-23,7936.34326171875,7967.196866072059,7793.0232931098335,7901.5085471263055,328097
2026-02-24,8082.15185546875,8109.024351016766,7873.641195568412,7931.3672971159995,858763
2026-02-25,8309.0751953125,8367.796574784674,8081.156620751015,8082.151898369187,886874
2026-02-26,8465.8310546875,8499.172853456843,8305.591365079614,8309.074836592828,629664
2026-02-27,8569.837890625,8680.811344524853,8429.503747128325,8461.850269565502,926904
2026-03-02,8508.130859375,8655.431949295746,8360.332130636954,8360.332130636954,653618
2026-03-04,8244.8798828125,8434.977910047795,8227.462524296177,8380.237640425066,485905
2026-03-05,8523.5576171875,8545.453725031746,8232.936549436596,8291.657929564346,504469
2026-03-06,8511.6142578125,8589.245912642875,8439.954268738307,8521.567034072805,287941
2026-03-09,8189.6416015625,8415.071974383052,8141.37063872896,8410.095586462068,498043
2026-03-10,7686.52880859375,8323.506464621201,7647.712982679578,8323.506464621201,1056999
2026-03-11,7394.4150390625,7671.102215973378,7348.134629974888,7653.6848577146,1095711
2026-03-12,7419.79443359375,7502.402473565351,7247.611410520414,7365.05416614269,498945
2026-03-13,7159.529296875,7394.414806579942,7084.3858393210885,7394.414806579942,629203
2026-03-16,7093.34326171875,7190.382825071854,6974.905230549319,7168.984357255529,459070
2026-03-17,7132.65673828125,7160.5245103697,7016.7069008418075,7116.2346583005565,353172
2026-03-18,7339.67431640625,7374.011391993207,7142.609360863713,7165.998383364974,683932
2026-03-19,7146.09326171875,7253.583243928447,7067.9639690941085,7242.635190184867,642482
2026-03-20,7137.1357421875,7311.806962763975,7092.348249731993,7170.97518093166,450944
2026-03-23,6762.9111328125,7066.4707936672185,6718.123641866721,7066.4707936672185,652615
2026-03-24,7031.138671875,7107.27740899701,6742.50816513797,6968.436182480404,902790
2026-03-25,7111.25830078125,7236.663275714552,7070.451920048986,7086.376361310357,491517
2026-03-27,7033.62646484375,7075.925760832976,6902.249827888978,7012.725636237309,580456
2026-03-30,6811.18212890625,6984.360428084987,6767.887554111566,6908.719331891975,550269
2026-04-01,6892.29736328125,7154.055371446299,6849.500426585063,7114.741906341663,424350
2026-04-02,6845.51904296875,6873.386814588861,6658.904500869791,6827.60404692725,387042
2026-04-06,7013.72119140625,7041.588963984564,6784.8073452272465,6892.29732517217,345105
2026-04-07,7192.87109375,7205.312063539936,6909.7146213310325,7002.275436568164,344147
2026-04-08,7564.607421875,7612.380746820727,7406.855921793796,7414.8181426180845,713512
2026-04-09,7571.07666015625,7627.309844236548,7480.008760273997,7563.114439401517,419514
2026-04-10,7691.50537109375,7767.14646946372,7596.456359326223,7596.456359326223,490409
2026-04-13,7512.35498046875,7568.090523514093,7400.386255600873,7476.0273497338385,493179
2026-04-15,7754.20751953125,7817.905283778458,7638.755321833185,7638.755321833185,494604
2026-04-16,7866.17626953125,7892.551125119607,7735.794907943524,7807.95253172299,272451
2026-04-17,8143.85888671875,8185.660545532338,7872.645743225825,7912.456846857814,683294
2026-04-20,8159.783203125,8245.874713409847,8010.98920558067,8143.858761916242,403635
2026-04-21,7917.9306640625,8265.780172841312,7888.072337128697,8161.276028573,443095
2026-04-22,8000.041015625,8064.734056930751,7859.706879869448,7907.480202679849,468978
2026-04-23,7925.89306640625,8086.630396754038,7912.456818977797,7962.220698342438,482518
2026-04-24,7995.06494140625,8049.805209273466,7863.688298524932,7962.2207806859205,616686
2026-04-27,8027.4111328125,8108.526253675957,7982.1260039868885,8049.30723905785,291146
2026-04-28,8215.021484375,8250.851478733795,8002.03207346438,8002.03207346438,363780
2026-04-29,8110.01953125,8299.122275428377,8080.658842022305,8260.804087792232,263510
2026-04-30,8072.19873046875,8124.94844167211,7932.859870686292,8094.094837005994,415486
2026-05-01,8072.19873046875,8072.19873046875,8072.19873046875,8072.19873046875,0
2026-05-04,8305.09375,8323.506385193841,8024.425472991192,8072.1987967373725,435059
2026-05-05,8297.62890625,8334.45417547529,8115.493115216805,8308.079320489609,462166
2026-05-06,8375.7587890625,8484.741688165625,8316.042132019691,8360.331985993107,1084637
2026-05-07,8960.484375,9007.262422942353,8410.095853465511,8458.864456639454,1837111
2026-05-08,9040.1064453125,9115.747542950257,8910.222718447667,8987.356732486169,613457
2026-05-11,9022.6884765625,9092.85554264795,8920.672529416986,8961.976547041755,261216
2026-05-12,8978.896484375,9176.4590795253,8936.59718818413,9071.954935994916,617924
2026-05-13,8845.529296875,9029.655645108123,8823.135551819621,8948.540524129747,423358
2026-05-14,9173.970703125,9195.369170184093,8883.34966213639,8905.743406733116,360127
2026-05-15,9109.2783203125,9223.735245397005,9057.0262458174,9218.758857349854,202982
2026-05-18,9107.78515625,9126.695430314992,8901.26505790863,9057.025999549229,295160
2026-05-19,9119.23046875,9249.611826611528,9047.072847032741,9127.690327847886,337327
2026-05-20,9155.55859375,9194.374419943744,8973.920432715173,9025.17722884281,320359
2026-05-21,9150.083984375,9265.536178010449,9132.66662757655,9191.388001925614,231631
2026-05-22,9219.75390625,9272.503618241282,9150.582114110488,9183.923913199318,177024
2026-05-25,9354.1162109375,9379.495788889184,9252.100260347395,9275.986921948981,252126
2026-05-26,9568.1005859375,9623.836127916227,9313.807175659555,9325.2528673159,424144
2026-05-27,9618.3623046875,9650.2111864911,9515.84871638216,9568.100788091191,219320
2026-05-28,9618.3623046875,9618.3623046875,9618.3623046875,9618.3623046875,0
2026-05-29,9432.7431640625,9700.970469017904,9381.486369237999,9654.192423255738,496089
2026-06-01,9435.7294921875,9553.66989035471,9338.689924075241,9456.132683431617,216109
2026-06-02,9486.48828125,9510.374943239194,9276.484711261672,9375.514830758537,256995
2026-06-03,9526.2998046875,9594.476322121664,9434.734263024098,9480.01939504241,162922
2026-06-04,9671.6103515625,9728.341176367137,9487.483990354467,9519.830513269391,259390
2026-06-05,9653.197265625,9786.564461582702,9610.400329608723,9708.932810204338,256030
2026-06-08,9450.1611328125,9653.197770105155,9387.95628070078,9545.210146839208,199100
2026-06-09,9570.091796875,9652.202199167361,9378.998496994598,9457.127788872784,232863
2026-06-10,9478.5263671875,9638.766063214925,9433.738874509027,9575.565934657525,391667
2026-06-11,9327.7412109375,9480.018676288913,9308.33329868683,9435.231186479674,187312
2026-06-12,9508.8818359375,9530.77794232128,9338.689372681763,9435.231296282971,162406
2026-06-15,9510.873046875,9635.282750815913,9494.948604770563,9633.789834368623,197986
2026-06-16,9546.205078125,9625.329647140372,9430.255237995556,9554.66493770526,339718
2026-06-17,9879.623046875,9940.33498017066,9554.664912103965,9554.664912103965,591839
2026-06-18,9905.5,9966.709570459683,9858.224315498619,9902.016528510425,264707
2026-06-19,10083.0,10120.0,9831.0,9900.0,470348
2026-06-22,10022.5,10126.0,9992.0,10090.0,157543
2026-06-23,9920.5,10075.0,9891.5,10022.5,260444
2026-06-24,9692.5,9939.5,9675.0,9900.0,338045
2026-06-25,9531.0,9753.5,9516.5,9700.0,407574
2026-06-26,9531.0,9531.0,9531.0,9531.0,0
2026-06-29,9779.0,9972.0,9420.5,9664.0,1261915
2026-06-30,9961.0,10008.0,9597.0,9710.0,452560
2026-07-01,9713.5,9979.5,9671.0,9979.5,344920
2026-07-02,9635.0,9754.0,9570.0,9749.0,305059
2026-07-03,9548.5,9698.5,9531.0,9688.0,229401
2026-07-06,9584.0,9612.0,9495.0,9600.0,189331
2026-07-07,9401.0,9595.5,9355.0,9589.5,178259
2026-07-08,9234.0,9412.0,9181.0,9348.0,273126
2026-07-09,9074.0,9329.0,9001.0,9280.0,487544
2026-07-10,9210.5,9232.0,9085.0,9149.0,396730
2026-07-13,9306.5,9427.0,9153.0,9190.0,378532
2026-07-14,9532.5,9564.0,9228.0,9304.5,464552
2026-07-15,9324.5,9632.5,9292.0,9514.0,414572
2026-07-16,9215.0,9415.0,9071.5,9301.5,806800
2026-07-17,8862.0,9170.0,8826.0,9169.5,727314
2026-07-20,8885.0,8937.5,8791.0,8847.0,262460
2026-07-21,8903.5,8952.0,8831.0,8913.5,240641
2026-07-22,9090.5,9199.5,8885.0,8901.0,588610
2026-07-23,8935.0,9162.0,8908.0,9088.0,361089
2026-07-24,8907.5,8970.0,8841.0,8900.0,189569
2026-07-27,9010.0,9050.0,8956.0,8956.0,232047
2026-07-28,9121.5,9143.5,9001.0,9061.0,442150
2026-07-29,9047.0,9169.5,8975.0,9155.0,233061
2026-07-30,8896.0,9065.0,8855.0,9047.0,366876
2026-07-31,9106.5,9135.5,8924.0,8924.0,283259
2026-08-03,9034.0,9150.0,9001.0,9120.0,154112
2026-08-04,9176.0,9215.0,9070.0,9084.0,318397
