Date,Close,High,Low,Open,Volume
2021-08-04,4037.48974609375,4131.1771536270935,4008.5713205308803,4130.702305678401,81134
2021-08-05,4050.025390625,4073.198341135226,3979.22574806516,4058.2406309843846,96510
2021-08-06,4016.691650390625,4049.50345939708,4007.716838333883,4049.50345939708,59698
2021-08-09,4053.586669921875,4121.727348148715,4018.2104989957456,4035.067600577995,99732
2021-08-10,4025.38134765625,4115.554699905348,3983.974511479724,4075.1453227078655,107261
2021-08-11,3984.259033203125,4044.7548476636453,3903.250158229064,4044.7548476636453,141010
2021-08-12,4077.6142578125,4111.233398682382,3991.6667820488697,3996.510323703043,118095
2021-08-13,4111.32861328125,4165.366217245505,4046.226681107444,4086.541457548429,186542
2021-08-16,4182.31884765625,4211.901785491544,4075.5731093539466,4128.328536985737,230004
2021-08-17,4478.0537109375,4539.546522089232,4206.060890725938,4217.219817846137,1022547
2021-08-18,4484.65478515625,4553.7924707576185,4344.859343840689,4493.961620776861,295935
2021-08-20,4494.53076171875,4608.826752279996,4392.343393485491,4462.620887781259,264202
2021-08-23,4449.6103515625,4539.451683246108,4398.564193073943,4517.51361355193,151556
2021-08-24,4507.16162109375,4533.848168284239,4369.645842030001,4453.124017822539,156979
2021-08-25,4568.0849609375,4700.045402783195,4516.754078730425,4525.301342546358,270608
2021-08-26,4617.0419921875,4676.30292760841,4569.129645307269,4587.031506975755,136051
2021-08-27,4623.7373046875,4678.677310639509,4551.892895543524,4617.0421334227385,124341
2021-08-30,4583.9453125,4665.334447753135,4558.540943699176,4659.208722872533,137887
2021-08-31,4530.95166015625,4615.521891214591,4511.05534635171,4596.527973966795,137157
2021-09-01,4604.6005859375,4653.50992494457,4558.54033463958,4558.54033463958,129752
2021-09-02,4675.2578125,4726.636452984641,4588.930548688324,4628.817776139671,175023
2021-09-03,4640.21435546875,4719.9888143020235,4612.5781109149075,4696.24641583974,127507
2021-09-06,4631.001953125,4663.43443923513,4584.182130525695,4652.5602356423,77586
2021-09-07,4672.029296875,4763.532595788866,4616.851868599505,4641.923749315968,282529
2021-09-08,4619.89111328125,4672.504177331027,4578.626637853708,4672.504177331027,122544
2021-09-09,4680.8134765625,4705.742992922585,4606.9746233435835,4631.476591078594,143361
2021-09-13,4757.31201171875,4816.858136711738,4686.7497840442475,4701.944920122202,205324
2021-09-14,4736.13330078125,4803.466645179159,4719.988471001166,4765.573872733169,147811
2021-09-15,4856.17578125,4984.479812777454,4753.228820225047,4755.507998044434,485270
2021-09-16,4894.35302734375,4938.41882565974,4857.694671778763,4881.437069979051,140731
2021-09-17,5214.44775390625,5318.297094376795,4923.223595937376,4923.223595937376,577393
2021-09-20,5538.341796875,5655.4391165205125,5083.057208862265,5194.836602412628,730123
2021-09-21,5337.244140625,5649.741419249815,5186.906987848915,5593.662056778547,614214
2021-09-22,5299.44580078125,5412.317257994669,5273.708947607313,5383.636254610802,246188
2021-09-23,5438.71923828125,5591.810429410923,5301.203433588956,5346.788844698284,375994
2021-09-24,5571.81884765625,5671.489159526278,5444.6068894763885,5474.712436623813,318392
2021-09-27,5433.115234375,5651.640355832758,5404.766718740718,5625.808441614197,234408
2021-09-28,5380.64453125,5538.626538372737,5276.082918980395,5463.125713646978,233310
2021-09-29,5316.16015625,5398.071426577643,5283.870496062871,5361.03328695123,132221
2021-09-30,5312.64599609375,5382.876191167827,5299.302954607705,5343.985959803796,144992
2021-10-01,5491.9013671875,5531.598934777136,5312.598963419772,5312.598963419772,195617
2021-10-04,5593.3291015625,5639.294290676072,5509.185951534505,5525.330781938933,212879
2021-10-05,5546.3662109375,5628.800090216549,5498.739056071225,5598.457121854899,194416
2021-10-06,5853.87841796875,5961.241357455024,5555.721195015435,5572.815721769329,701813
2021-10-07,6028.9072265625,6065.707944087691,5909.95781056172,5910.432658529787,229047
2021-10-08,5918.220703125,6075.205265228926,5888.257516324426,6074.255569236237,252479
2021-10-11,5919.2646484375,6021.072238333401,5803.686931178957,5970.738353691182,184786
2021-10-12,5768.12060546875,6003.0279870261165,5745.660389417498,5946.995927030144,215661
2021-10-13,5812.23388671875,5978.193242856253,5782.176104659902,5821.635783249753,289391
2021-10-14,5945.048828125,6042.914801732055,5888.114375410772,5888.114375410772,289468
2021-10-18,6000.4638671875,6026.865693408607,5928.19237478016,5997.3300559711615,216817
2021-10-19,5972.97021484375,6277.490123316566,5868.883447740627,6054.5017035158935,418233
2021-10-20,5868.029296875,6066.563062709125,5674.433672072346,6000.17940420972,226705
2021-10-21,5613.748046875,5945.001821970301,5549.595804660474,5887.5929777324245,323837
2021-10-22,5728.8505859375,5827.23917725055,5413.266813176139,5641.193836888819,274624
2021-10-25,5516.97412109375,5810.192757501247,5433.2107494325155,5773.961484570151,290234
2021-10-26,5580.603515625,5698.175688510442,5531.02920164747,5531.978897595554,161740
2021-10-27,5572.0087890625,5641.194235349211,5508.236795458826,5606.055483378181,149191
2021-10-28,5600.83203125,5761.852798861009,5579.511171052616,5593.4245881077795,170187
2021-10-29,5576.8994140625,5641.194016199267,5413.266985241721,5565.218339213418,131235
2021-11-01,5673.67333984375,5697.84282187807,5540.146005711626,5603.205719711762,99402
2021-11-02,5773.81884765625,5854.875489142626,5698.1756585329695,5698.1756585329695,149524
2021-11-03,5878.712890625,5892.86326729022,5779.849451205203,5811.189417010292,139692
2021-11-04,5907.20361328125,5930.850948659466,5893.2906609652855,5908.153309189763,40009
2021-11-08,5873.4423828125,5944.100138250652,5802.975215786163,5934.3657539664155,88925
2021-11-09,5954.59326171875,5969.21848575818,5873.441562002584,5873.441562002584,179117
2021-11-10,6087.69384765625,6130.287806881588,5954.594043245167,5954.594043245167,205740
2021-11-11,6260.20556640625,6304.936338314138,6081.805553496216,6110.059007957643,285766
2021-11-12,6223.1201171875,6352.516189976299,6136.935209990558,6316.570105635812,164665
2021-11-15,6286.322265625,6315.478117006039,6173.973419346806,6266.093927218923,123582
2021-11-16,6267.3759765625,6387.1327269997355,6249.283990725709,6314.243563811984,126118
2021-11-17,6263.33935546875,6391.4532362116315,6220.507978779523,6291.735169376235,134439
2021-11-18,6069.26904296875,6325.259386062771,6017.273192700388,6290.643248909848,173718
2021-11-22,5726.47607421875,6091.064696230427,5698.175322272276,6069.886199718098,257465
2021-11-23,5734.69140625,5835.881319144099,5460.751437767057,5714.320243659892,208513
2021-11-24,5709.80908203125,5929.901103281321,5688.678348599474,5748.5091893276485,157944
2021-11-25,5651.736328125,5739.678276222608,5604.156462668199,5717.170294062457,121653
2021-11-26,5544.51513671875,5622.200080725061,5484.4941665856795,5622.200080725061,145873
2021-11-29,5393.65625,5465.500662049301,4998.630000154647,5318.297777146149,515607
2021-11-30,5490.80908203125,5648.791084130245,5399.780639352427,5413.266506311767,248780
2021-12-01,5587.48876953125,5603.20605186722,5460.751660718053,5490.809444506783,91400
2021-12-02,5678.9443359375,5697.225982907155,5555.72128688229,5615.552131510253,110093
2021-12-03,5600.5947265625,5684.690121733292,5549.073718649317,5652.5905824748825,140689
2021-12-06,5415.02392578125,5574.999929752313,5405.004355313541,5549.073415898023,140411
2021-12-07,5601.44921875,5660.188007511294,5331.5459010526,5460.751852884218,260215
2021-12-08,5593.61376953125,5727.283466998983,5575.379886544846,5696.275988713796,124308
2021-12-09,5644.42333984375,5754.208294586884,5586.159395165204,5648.792034362566,198455
2021-12-10,5692.240234375,5745.660632820647,5581.363229601147,5673.483738920751,165738
2021-12-13,5578.181640625,5752.308489442596,5528.180240555613,5740.912137804274,145139
2021-12-14,5719.021484375,5792.195368927833,5588.960443702295,5593.70892326364,251089
2021-12-15,5572.29345703125,5722.060223925669,5555.721077901139,5721.917862282798,185419
2021-12-16,5611.658203125,5721.917993638271,5574.7151240923895,5679.181676673337,149563
2021-12-17,5444.2744140625,5636.445482960771,5420.722139907627,5636.445482960771,169369
2021-12-20,5160.45751953125,5427.512198494989,5071.376227465134,5422.763718881258,254500
2021-12-21,5161.123046875,5280.309897989695,5152.100934639226,5251.961378905117,194508
2021-12-22,5201.15185546875,5270.812141104381,5179.641336501495,5261.315182291581,112229
2021-12-23,5214.7802734375,5256.566893730935,5186.526819943643,5256.566893730935,96829
2021-12-24,5224.27783203125,5313.4541960095,5205.2839115366805,5222.568564674244,112435
2021-12-27,5170.240234375,5242.322070095054,5148.302163403132,5238.52328598629,85984
2021-12-28,5250.96337890625,5270.811929283602,5185.386602708013,5223.327137127893,126814
2021-12-29,5420.009765625,5437.0092301247905,5242.274264059948,5275.370796433418,199190
2021-12-30,5521.6748046875,5555.721498408676,5437.959196562065,5458.852508180012,160005
2021-12-31,5572.8154296875,5598.457218474406,5509.185805660734,5579.463300854475,96466
2022-01-03,5597.17578125,5682.743484260196,5572.816171404024,5591.810091551959,120686
2022-01-04,5677.04443359375,5688.203359961484,5598.504400394646,5650.690373448674,107717
2022-01-05,5663.7958984375,5723.816861366208,5588.91275198773,5698.1750735353,106351
2022-01-06,5578.0869140625,5604.868527512193,5512.985436897239,5577.5647667351395,93465
2022-01-07,5507.8095703125,5640.102509005861,5491.142590034686,5603.20672452519,112039
2022-01-10,5691.48046875,5717.169558437884,5508.236451651118,5566.215203296957,176137
2022-01-11,5640.0068359375,5738.917576612048,5626.948516595191,5707.6726725294675,80493
2022-01-12,5806.53564453125,5856.77446359621,5650.690458634255,5677.3292424517695,208195
2022-01-13,6079.7158203125,6125.538648184578,5828.283826962598,5832.082610620387,467887
2022-01-14,5994.48095703125,6092.299641849726,5918.505279502337,6088.50085797328,172383
2022-01-17,6076.25,6177.914770135543,6025.821050240057,6030.569530185085,179777
2022-01-18,6055.5458984375,6195.626046388339,5984.033981276183,6154.029550653811,274448
2022-01-19,6626.26611328125,6809.320008918495,6060.389684789376,6218.561824594584,2831099
2022-01-20,7056.6689453125,7146.4625181090105,6683.2955857667885,6703.904174794885,2156628
2022-01-21,6838.4755859375,7407.628164415976,6671.613827566954,7141.713307231813,2003434
2022-01-24,6686.5244140625,7117.971095653799,6490.601862711403,6909.037988109591,995137
2022-01-25,6818.05712890625,6913.786292078312,6495.92008761204,6728.595587826214,805943
2022-01-27,6623.32177734375,6770.382284845285,6581.392794778765,6745.6901906657395,358322
2022-01-28,6821.80810546875,7027.749756969079,6655.51625834051,6677.216902698677,603449
2022-01-31,7224.669921875,7385.785754717967,7005.622633324459,7064.503785027237,1006940
2022-02-01,7089.337890625,7563.758315991256,7027.750015649516,7387.684779964538,856691
2022-02-02,7106.10009765625,7286.067484025226,7056.241059216297,7198.695454759021,310590
2022-02-03,6926.93994140625,7147.791550486301,6894.8399398622505,7126.518453815672,316939
2022-02-04,7051.3017578125,7116.071202072341,6842.843512936632,6932.779897921806,327785
2022-02-07,7255.72412109375,7312.65857693019,7051.492199182684,7113.222433923003,407494
2022-02-08,7232.50439453125,7438.968196320913,7197.603069213391,7318.356813589807,637281
2022-02-09,7281.98388671875,7336.401279655108,7266.123778723784,7274.6710423505665,149046
2022-02-10,7221.1083984375,7319.686655021,7180.318770879204,7312.658997559301,137948
2022-02-11,7025.47119140625,7179.7017283833275,6980.265569261568,7079.983648822447,197308
2022-02-14,6563.6806640625,6780.021198426633,6526.784886655747,6666.865027911726,379926
2022-02-15,6753.3349609375,6786.336894032932,6363.912335898892,6666.8653332353715,442208
2022-02-16,6646.44677734375,6903.339519112913,6609.883485077159,6871.04985840995,260130
2022-02-17,6592.07666015625,6814.9227101541865,6554.8961584472445,6686.143853482164,189183
2022-02-18,6634.10107421875,6684.909807662412,6515.198955513568,6552.902070304112,124944
2022-02-21,6394.302734375,6594.308791155484,6372.839513486762,6567.147394653664,235154
2022-02-22,6230.81298828125,6329.723732253816,6099.802241823849,6099.802241823849,289125
2022-02-23,6271.5546875,6419.944681052432,6234.753969098997,6315.4781255915195,182581
2022-02-24,5768.5478515625,6105.35740348465,5688.678335115388,6059.059729221399,541664
2022-02-25,6172.78662109375,6206.168342993861,6030.569644054819,6030.569644054819,333438
2022-02-28,6108.3017578125,6154.02952333241,5966.037031649918,6139.784084620992,294069
2022-03-02,6234.56396484375,6295.534632059746,6021.119793995141,6053.362157904484,330743
2022-03-03,6324.54736328125,6447.485687259793,6284.1379868313525,6405.129155916582,206261
2022-03-04,6337.890625,6457.93209352412,6190.117850822091,6301.23227066655,298568
2022-03-07,6225.01953125,6303.132023174988,6139.784319696594,6240.452090444906,171241
2022-03-08,6242.06689453125,6321.413807426552,6159.728068352093,6224.402456725624,189439
2022-03-09,6641.22412109375,6704.853753027582,6249.046972814078,6328.774137418669,419890
2022-03-10,6657.41650390625,6923.284094361736,6638.375283894175,6882.447164861385,236784
2022-03-11,6762.97509765625,6818.8170349620395,6576.929286966909,6657.416020074574,197254
2022-03-14,6808.9873046875,6856.804587316476,6757.086515063258,6790.3258724809975,157696
2022-03-15,6645.44970703125,6866.016578016901,6560.49922397793,6803.6213724056015,198353
2022-03-16,6850.53662109375,6884.345889401392,6719.098795353131,6780.829031635527,171345
2022-03-17,7057.90283203125,7241.4315732146915,6778.549862839112,6932.780391405541,804233
2022-03-21,7031.3115234375,7148.931461824028,6970.863467814974,7141.713679723113,278972
2022-03-22,7134.68603515625,7174.050654871526,6943.227234909061,7056.050930628952,312549
2022-03-23,7305.06103515625,7333.646975164449,7155.958775338318,7170.394338846393,357796
2022-03-24,7224.24169921875,7383.885673862988,7185.969139670003,7298.413042268433,286798
2022-03-25,8013.72412109375,8104.704802738013,7217.926256973235,7264.223932053324,1829120
2022-03-28,8580.9775390625,8699.214681845222,7768.5126743988985,8039.176013299105,3109546
2022-03-29,8122.607421875,8570.057083039987,8072.416357030129,8518.773496771795,1347710
2022-03-30,8544.2236328125,8729.699051063464,8034.42707438398,8133.1954450383455,2450372
2022-03-31,8395.455078125,8946.135907349215,8348.302302924976,8547.263605747657,2086042
2022-04-01,8464.4501953125,8682.69014732476,8292.745346596532,8437.099136413604,1414522
2022-04-04,8556.4755859375,8703.393731451359,8482.20917889822,8535.866998817355,511585
2022-04-05,8431.732421875,8632.735934830935,8404.808913449258,8632.735934830935,617070
2022-04-06,8446.2646484375,8537.767491905764,8321.23679244475,8428.55244612499,372750
2022-04-07,8307.7490234375,8488.618780341752,8265.202835601407,8458.940785556904,343816
2022-04-08,8248.2998046875,8630.837164289782,8187.329136591353,8349.299602332907,778818
2022-04-11,8272.9443359375,8376.318370246108,8186.379178177035,8284.197862092607,420571
2022-04-12,7986.23095703125,8301.292599864453,7907.549015696581,8300.342903880028,599014
2022-04-13,7962.060546875,8200.62434981155,7929.961009950948,8043.924521471201,397311
2022-04-18,7422.7763671875,7900.520737154454,7397.941446714185,7900.520737154454,685016
2022-04-19,7306.1533203125,7635.555454004174,7198.695316088512,7544.384642613079,831426
2022-04-20,7414.94091796875,7573.8248577094555,7344.045747541998,7386.687464737796,676897
2022-04-21,7506.25439453125,7778.009796699035,7432.083048414832,7540.585810230811,1376486
2022-04-22,7937.55908203125,8053.4219927763825,7402.880239822158,7479.805614989008,1546038
2022-04-25,7606.49462890625,7901.470282933547,7578.573660794436,7900.520586986079,642502
2022-04-26,7447.84814453125,7811.249207948157,7409.527820110823,7756.166842712778,636737
2022-04-27,7579.380859375,7716.754282972651,7085.681337180351,7447.847973005951,1383493
2022-04-28,7448.9404296875,7767.23094509187,7408.578350480294,7647.617014472583,648047
2022-04-29,7356.3447265625,7586.171143271527,7331.652632205332,7572.875400156129,468423
2022-05-02,7286.3046875,7424.295322318648,7152.160135757112,7303.161790462381,417790
2022-05-04,7385.31005859375,7491.201149898733,7293.236856944674,7358.243725838664,495595
2022-05-05,7432.51025390625,7540.585462069079,7363.94202429265,7421.873474316102,244579
2022-05-06,7130.3173828125,7333.1725358877275,7110.373767330472,7193.947013159921,499986
2022-05-09,6863.7373046875,7092.32930369942,6787.4769059373,7092.32930369942,540875
2022-05-10,6472.8427734375,6937.528809216198,6430.391179630784,6807.420466045408,602605
2022-05-11,6526.78515625,6638.37442592761,6108.444106947981,6458.881898531285,1162695
2022-05-12,6538.18212890625,6624.129617128491,6269.46545952391,6462.966020024259,890703
2022-05-13,7489.91943359375,7597.567561727725,6761.075558668991,6818.816886650633,2734940
2022-05-16,7712.623046875,7845.438116078442,7515.371479481066,7559.5796397511685,1483361
2022-05-17,7785.1796875,7820.461262283608,7617.511056502568,7730.477572892807,739730
2022-05-18,8013.25,8071.466178406647,7830.2433981601125,7842.684044591534,997190
2022-05-19,7845.91357421875,7899.239376071001,7616.561988166117,7668.79526863359,719905
2022-05-20,7989.22314453125,8186.854514697541,7897.672077515776,8081.91310481713,750432
2022-05-23,8112.0654296875,8153.139779771966,7977.636152644214,7996.39264776949,546351
2022-05-24,8031.95849609375,8252.857392021457,7982.194059832031,8167.384760803743,563544
2022-05-25,7712.6708984375,8157.745346854117,7684.939591340133,8149.340908711033,766623
2022-05-26,7842.8271484375,7958.452638743832,7740.022554386901,7740.022554386901,638433
2022-05-27,7917.52099609375,8043.92516340076,7883.61666322332,8043.92516340076,418901
2022-05-30,7670.40966796875,8085.521407731135,7611.8132408145975,8024.930990004161,555822
2022-05-31,7959.49658203125,8376.318517320524,7685.177270043879,7768.513092027425,5673542
2022-06-01,8173.0830078125,8378.170025223886,8096.727085614189,8178.781183276929,654606
2022-06-02,8195.068359375,8251.907285330315,8129.396520016975,8213.919451124628,325702
2022-06-03,8009.0703125,8334.483986231347,7945.440686687428,8300.342232863837,354646
2022-06-06,8258.79296875,8317.816939898348,7905.268670044559,7977.445558430358,685885
2022-06-07,8184.81201171875,8328.833778649525,8150.290933679615,8243.3611401001,393626
2022-06-08,8175.88525390625,8271.851845570875,8121.990007954913,8196.208191071237,210199
2022-06-09,8256.2763671875,8300.342630387882,8129.39735882383,8162.636717183506,339870
2022-06-10,8170.14013671875,8229.3060123741,8119.900847052627,8186.3795674378525,213882
2022-06-13,8036.326171875,8258.554997710353,7988.461130720141,8043.923738570225,487797
2022-06-14,7964.86279296875,8125.123990251784,7953.703865157931,8015.386804799698,230884
2022-06-15,7788.65576171875,8134.339823811333,7742.313367065151,8089.667862049602,311273
2022-06-16,7628.533203125,7988.487738470061,7421.495061130927,7960.8062777918885,531165
2022-06-17,7457.62353515625,7564.674322094441,7331.290994428562,7516.947670220028,645946
2022-06-20,6924.99365234375,7457.575046515725,6872.637425407693,7454.902540615844,628149
2022-06-21,7208.251953125,7254.4512600386,6799.138990165125,6969.045874939713,954372
2022-06-22,7151.6474609375,7278.314177381335,7016.772133499041,7206.724201866108,542906
2022-06-23,7433.95068359375,7491.843483993611,7141.434319907825,7158.997634220999,562596
2022-06-24,7439.96533203125,7602.7132293181285,7386.224837618938,7540.811663145674,396405
2022-06-27,7628.24609375,7683.990728301939,7504.299889220842,7578.992097231975,403762
2022-06-28,7671.2958984375,7693.536331922609,7555.129040591495,7596.173961468998,273264
2022-06-29,7814.1416015625,7856.761408344266,7589.87387863525,7636.264277336184,435851
2022-06-30,7799.060546875,7951.213501987848,7717.400423323907,7851.035062688823,279462
2022-07-01,7781.40087890625,7864.397713130289,7657.264043540621,7799.0597401385485,270194
2022-07-04,7713.96337890625,7860.5797501581055,7684.086680556467,7831.94375835425,155702
2022-07-05,7639.3193359375,7778.442532413958,7607.628651234119,7754.6267456243395,165819
2022-07-06,7611.30322265625,7722.1721398284,7552.265262091755,7670.531810176597,186608
2022-07-07,7715.3955078125,7779.444772097055,7644.855604874271,7745.081580465706,185172
2022-07-08,7629.72607421875,7774.5289303869395,7590.4471307859985,7755.581355336549,194361
2022-07-11,7680.17333984375,7750.808789402343,7460.296546548953,7586.629095833722,242078
2022-07-12,7596.17431640625,7707.854687733158,7572.310989199646,7636.264706113346,149473
2022-07-13,7360.7861328125,7653.350515191545,7335.586553288629,7640.082598896836,307560
2022-07-14,7444.9287109375,7488.2648880395045,7288.8150034701275,7424.2631618245105,352503
2022-07-15,7694.109375,7749.854013200421,7505.49354671695,7578.992593276431,1018820
2022-07-18,7735.58349609375,7813.76012695255,7697.354633287008,7732.09954362392,288203
2022-07-19,7712.05419921875,7774.671660257198,7666.809426051051,7726.945007953593,191826
2022-07-20,7744.89013671875,7841.489068585048,7707.854440514214,7761.308291742547,250148
2022-07-21,7823.63916015625,7859.625243074267,7717.399816645063,7742.217676290427,220488
2022-07-22,8005.00048828125,8079.836253738118,7837.241301443086,7857.716222200667,496087
2022-07-25,8141.5947265625,8161.25773490727,7940.9516891504345,8003.759778619586,388514
2022-07-26,7981.13671875,8183.641270920836,7924.62817778118,8156.484620188505,236934
2022-07-27,8095.7763671875,8113.530307702263,7963.716170470762,7981.136397307888,168885
2022-07-28,8170.80224609375,8229.028757426895,8084.941818769457,8156.484251503633,199445
2022-07-29,8294.9404296875,8304.43822075153,8162.21278455705,8228.07557044577,240863
2022-08-01,8324.1005859375,8427.23862825138,8260.33796430057,8327.346371188729,245069
2022-08-02,8248.8359375,8308.25561952151,8199.533932885955,8306.346553432464,167283
2022-08-03,8438.3583984375,8466.70821666624,8208.984291243481,8232.847617671514,408450
2022-08-04,8549.466796875,8614.613680901786,8361.709949811708,8490.571918216341,422086
2022-08-05,8885.3662109375,8996.474233755203,8483.889972373076,8545.934622261044,1150442
2022-08-08,9120.7548828125,9193.108305513042,8889.137052743901,8897.394136940831,643666
2022-08-10,9031.3154296875,9259.68748660794,8972.611640761243,9210.29039592609,366217
2022-08-11,9066.7763671875,9139.654597826295,9032.078529078115,9069.257780427894,241351
2022-08-12,9772.556640625,9903.232584484344,9066.77548192597,9068.063728644,1945184
2022-08-16,10098.099609375,10232.021333968662,9908.673282718215,9955.779113039624,885284
2022-08-17,10199.08984375,10270.774897914678,10005.414728619115,10140.003879233052,612250
2022-08-18,10131.55859375,10213.457353097852,10082.733849362723,10202.05049531277,251023
2022-08-19,9677.771484375,10145.397575419242,9595.013286580888,10131.556846875443,501778
2022-08-22,9343.638671875,9640.259843159372,9290.470989897969,9640.259843159372,415816
2022-08-23,9181.4150390625,9494.454348256071,9077.943280598602,9134.881551535087,602319
2022-08-24,9412.650390625,9531.012488631033,9077.60929062405,9077.60929062405,845080
2022-08-25,9217.5439453125,9521.467656713075,9166.6675175991,9521.372576267726,374149
2022-08-26,8923.9306640625,9245.608344433562,8878.113071606087,9163.51849128249,625870
2022-08-29,8467.51953125,8636.997627962879,8438.072558139535,8466.756091206395,616555
2022-08-30,8609.1728515625,8738.750722738,8516.34450554543,8614.66141700824,543634
2022-09-01,8610.173828125,8665.155488187562,8439.980780762835,8556.433806690573,374381
2022-09-02,8311.357421875,8724.431575518964,8280.57373278195,8685.295722718496,534396
2022-09-05,8469.427734375,8537.152036982823,8360.610972655226,8360.75452546931,291672
2022-09-06,8444.2294921875,8606.070392156105,8423.229764078867,8532.57134377589,240148
2022-09-07,8412.4912109375,8493.053244395755,8371.876014410922,8426.618114230065,174174
2022-09-08,8367.818359375,8494.19796769719,8333.072985745244,8433.871296419708,170017
2022-09-09,8415.9267578125,8523.025551805784,8313.982815122454,8441.890243047414,294045
2022-09-12,8481.408203125,8552.61599468053,8457.16269116847,8470.3350606209,191956
2022-09-13,8675.94140625,8848.520783755532,8516.390844711901,8533.524898249672,580345
2022-09-14,8509.3759765625,8645.68310981916,8461.935497493443,8495.344154279936,267989
2022-09-15,8481.265625,8660.670316000922,8466.804074991487,8590.798303367941,183525
2022-09-16,8333.3603515625,8513.480938613242,8305.392717442966,8485.799477998848,210484
2022-09-19,8301.001953125,8414.400298008582,8210.082676123044,8371.207675600828,177584
2022-09-20,8496.82421875,8532.571670992596,8316.84718305834,8328.301580647769,237315
2022-09-21,8416.5947265625,8531.615953049688,8398.935866064467,8500.02128361766,125832
2022-09-22,8581.873046875,8633.799086151932,8347.009441237107,8399.89094573725,287232
2022-09-23,8454.39453125,8647.115132083085,8434.254256218803,8557.389022974374,175906
2022-09-26,8146.7490234375,8387.626013712199,8124.0313217886105,8346.43753703673,244456
2022-09-27,7957.41748046875,8250.554216445393,7906.0637872017005,8190.848358729108,235819
2022-09-28,8039.5078125,8094.441008145432,7846.262392329651,7903.439300145563,230368
2022-09-29,8045.37646484375,8168.845867596941,7960.8052139722395,8113.530493856599,147171
2022-09-30,8167.4150390625,8197.530372337664,8001.8510842229425,8015.214547801508,183744
2022-10-03,7934.55615234375,8137.0122438295975,7922.624488956767,8094.440441729323,188648
2022-10-04,8103.31689453125,8121.166848248651,8041.845527990228,8102.076188050605,139119
2022-10-06,8186.02734375,8271.028319679865,8145.029965588953,8199.438345764574,187023
2022-10-07,8161.30615234375,8256.664388991958,8145.031548210326,8223.208187780392,128245
2022-10-10,8193.9033203125,8232.84808482062,8041.941462563911,8065.804790345999,127500
2022-10-11,8122.98095703125,8290.11931673563,8094.487586956829,8266.255991126145,117106
2022-10-12,7980.51708984375,8160.3030163271815,7951.260279097605,8122.981147065277,123936
2022-10-13,7934.89013671875,8041.797844312815,7916.51537447602,7999.608226866288,98972
2022-10-14,8080.6474609375,8175.575963726144,8032.395999387683,8113.817486009243,206564
2022-10-17,7428.939453125,7636.264212938513,7383.312960884925,7636.264212938513,1199165
2022-10-18,6877.0771484375,7416.722556633381,6842.47532183802,7407.177225157662,1890522
2022-10-19,6981.646484375,7106.499232750505,6863.093281863818,6863.093281863818,1253682
2022-10-20,7039.44287109375,7053.999500645149,6904.280892993819,6981.646079208799,328303
2022-10-21,6931.15087890625,7101.726127018355,6897.4560475584185,7073.090134570701,300261
2022-10-24,6976.96826171875,7030.135939232487,6941.364365254399,7025.363273964847,66855
2022-10-25,6859.65673828125,7010.998244501193,6849.013787181557,7010.998244501193,222853
2022-10-27,6703.78125,6918.455642717541,6681.7314430219085,6891.58563020208,360043
2022-10-28,6562.9873046875,6705.8806176794,6529.005836067292,6702.158032129336,459903
2022-10-31,6677.7705078125,6769.501232308984,6586.278416591979,6595.8237476305185,378242
2022-11-01,6639.541015625,6739.003549056059,6611.28720930364,6739.003549056059,237699
2022-11-02,6627.51416015625,6727.5490388879525,6610.141471949357,6681.683911568975,212622
2022-11-03,6579.26220703125,6627.32303984933,6567.3305437735635,6627.32303984933,189007
2022-11-04,6593.96240234375,6625.414455409881,6540.69964012136,6605.36925967964,197189
2022-11-07,6659.25244140625,6719.912831743512,6635.245561763593,6655.004582800535,142033
2022-11-09,6681.25439453125,6724.68565032826,6659.777399906355,6705.594988439464,228537
2022-11-10,6610.81005859375,6672.424983593999,6579.596639878893,6672.186350319666,104329
2022-11-11,6645.93603515625,6773.0800176219145,6625.413575586288,6772.888924589037,287465
2022-11-14,6658.10693359375,6749.217303433259,6645.459370155863,6710.3676202521865,172031
2022-11-15,6682.35205078125,6724.685686966423,6643.550373496992,6689.36796227973,140336
2022-11-16,6630.521484375,6706.5499570684215,6616.394114011469,6706.5499570684215,126933
2022-11-17,6532.06103515625,6623.505118847305,6490.825019190326,6622.5505857562475,167046
2022-11-18,6581.12353515625,6653.047692328243,6490.824617119616,6574.8235239294,185870
2022-11-21,6544.0400390625,6596.634903988839,6523.27894496636,6585.323593989306,73793
2022-11-22,6516.3583984375,6570.909868186294,6501.32450313221,6552.869287036063,99404
2022-11-23,6426.68017578125,6548.0969707676695,6402.053408591655,6538.551639906492,195252
2022-11-24,6317.4814453125,6485.001995598335,6300.872663457544,6443.766447484023,383895
2022-11-25,6471.6865234375,6501.324588137501,6318.054242971975,6362.91729621562,371997
2022-11-28,6487.91357421875,6537.5968328367635,6471.734052654877,6477.031524628576,145299
2022-11-29,6473.40478515625,6519.365460238174,6466.341333504137,6487.006881693055,112717
2022-11-30,6691.515625,6729.4583155023,6472.688913109375,6500.370372846903,489300
2022-12-01,6750.1240234375,6867.865776632445,6729.458474671124,6767.4487062944645,409392
2022-12-02,6714.13818359375,6759.669132126507,6634.004944628903,6750.123801270926,202824
2022-12-05,6644.88671875,6726.881019929815,6634.005134479353,6719.913114638078,122569
2022-12-06,6571.62548828125,6634.051852914109,6567.187003072321,6634.004312696603,108351
2022-12-07,6525.85595703125,6614.913699628656,6511.824135478599,6571.005181564743,120687
2022-12-08,6519.79443359375,6574.298359971494,6511.823989994107,6529.005583635252,81118
2022-12-09,6439.04150390625,6556.496612593997,6425.0576875449,6552.439847016914,147894
2022-12-12,6387.9736328125,6438.325249851741,6376.280603263103,6435.461650778419,106993
2022-12-13,6331.03662109375,6427.826188633102,6323.782075986679,6412.553658336379,189805
2022-12-14,6320.154296875,6437.752486749781,6310.417873517963,6357.142451858939,195376
2022-12-15,6252.52587890625,6383.631091186931,6247.419033691618,6342.872342074989,207197
2022-12-16,6137.0751953125,6247.228224984389,6109.966547713898,6237.969533298159,244998
2022-12-19,6064.43408203125,6147.144736066475,6046.966315256021,6137.646946660807,171823
2022-12-20,6027.16015625,6103.284165033456,6013.558060636655,6065.102844013541,186161
2022-12-21,5920.5869140625,6084.193789068266,5900.159999577638,6066.630473793822,186139
2022-12-22,5775.6884765625,5983.013244471975,5751.061709946338,5956.286318683013,278555
2022-12-23,5572.18212890625,5746.241320760179,5560.154919469478,5741.516195812688,355787
2022-12-26,5968.36083984375,6004.012741628999,5449.47659299496,5574.4728793502945,619866
2022-12-27,6139.22265625,6199.692420729123,6025.012865225901,6060.998949157989,471338
2022-12-28,6044.15087890625,6125.23864882259,6021.147005014202,6075.650469900663,203048
2022-12-29,5971.9404296875,6008.785498318245,5944.8317845156525,5994.467502690799,137789
2022-12-30,6000.09912109375,6147.192755238795,5969.649610444631,6048.875852476435,206310
2023-01-02,6013.93994140625,6098.320569899963,5976.52252545477,6030.119463053211,181854
2023-01-03,6124.904296875,6152.919934627467,5989.694785880757,6033.603305426655,206183
2023-01-04,6079.94580078125,6183.894822766547,6063.193932189883,6155.545004755904,122264
2023-01-05,6001.5791015625,6106.004925580752,5984.922313158233,6094.646075331707,125426
2023-01-06,5912.28173828125,6027.875775505875,5903.78648796577,6027.875775505875,117274
2023-01-09,5948.64990234375,6035.703501981015,5923.832043316,5984.9221578458455,134158
2023-01-10,5917.9140625,5951.513813686335,5884.6964974139955,5948.650214417521,101262
2023-01-11,5934.14111328125,6003.631401715348,5920.014210015295,5947.5045765092755,109176
2023-01-12,5914.9072265625,5947.8386173191775,5852.95812383345,5934.904880715098,95308
2023-01-13,5958.43408203125,5976.856383929851,5908.559728907595,5941.968386502388,91031
2023-01-16,5968.55224609375,6012.603854398584,5938.627540901855,5966.786266684481,81340
2023-01-17,5970.3662109375,5994.468172938567,5941.968849767926,5991.604573492896,58291
2023-01-18,5978.1455078125,5999.240783417414,5943.496141271316,5984.922786320952,64601
2023-01-19,6015.1337890625,6132.828007232537,5966.834317994016,5997.331838860715,220851
2023-01-20,6088.29833984375,6107.866268569062,5997.856327808467,6014.513116984944,145009
2023-01-23,6352.84765625,6383.917522953536,6075.603324401803,6120.466381157008,422749
2023-01-24,6394.27392578125,6509.867973351272,6353.180997619798,6437.3710005178855,368883
2023-01-25,6297.24609375,6447.871233846389,6277.868791740842,6374.372183512389,174700
2023-01-27,6361.3427734375,6443.098440432194,6180.601837303475,6395.371785317881,305450
2023-01-30,6279.0615234375,6394.416936367002,6247.418845875806,6352.417481940946,147520
2023-01-31,6331.1318359375,6347.645072023452,6214.057979150653,6280.827755475836,164980
2023-02-01,6297.19775390625,6439.232554469219,6091.782516748,6362.917449037497,221307
2023-02-02,6288.7021484375,6375.326019719055,6254.673139601962,6318.865484986916,154532
2023-02-03,6272.38037109375,6340.0091375096,6187.283834588561,6320.155034562119,121697
2023-02-06,6365.97216796875,6389.405768519463,6214.010316050301,6276.054965903339,140677
2023-02-07,6388.2119140625,6427.061592448751,6322.8264054912215,6395.370911351326,137821
2023-02-08,6393.3193359375,6514.592574527882,6366.735497055266,6420.189348304905,154384
2023-02-09,6381.19677734375,6428.780344976663,6338.099701654794,6395.371686910711,77303
2023-02-10,6379.7646484375,6428.7800131720105,6364.396573304223,6404.916687213688,76760
2023-02-13,6273.1435546875,6395.371323170488,6252.1913681741335,6381.053327670853,69536
2023-02-14,6296.86376953125,6323.781789391548,6263.837297125863,6280.923346404851,65601
2023-02-15,6347.59716796875,6357.237578796417,6261.7842749138845,6309.463386635444,121266
2023-02-16,6384.6328125,6483.188347972342,6342.967538903838,6347.644657540647,129947
2023-02-17,6359.95849609375,6442.1438891852395,6323.781784835118,6366.735774317017,81448
2023-02-20,6363.7763671875,6414.462165911042,6323.781525172716,6362.964920870038,68365
2023-02-21,6358.8603515625,6407.016728895969,6343.110556718685,6394.416706588687,56129
2023-02-22,6221.5986328125,6318.912993750302,6204.464578812627,6309.4632101463785,83155
2023-02-23,6189.669921875,6228.232966116468,6123.329871050679,6214.010516062341,78315
2023-02-24,6216.73046875,6228.327951719846,6147.192645069089,6217.828088506219,63935
2023-02-27,6069.58935546875,6213.914469746569,6061.284731687591,6204.464685979424,76466
2023-02-28,5850.5712890625,6099.4657645077905,5812.151336476985,6089.920434672879,203406
2023-03-01,5912.95068359375,5960.056984092849,5844.606022161596,5850.190133870228,97556
2023-03-02,5870.9033203125,5953.565979264059,5852.52855829856,5935.286763775405,101691
2023-03-03,5895.6259765625,5939.057231320642,5870.37839038624,5899.968915606073,78784
2023-03-06,5954.04296875,6037.421523640424,5938.006999989008,5956.14312788611,113971
2023-03-08,6051.9306640625,6068.730072972464,5880.305341059373,5918.104943267977,164335
2023-03-09,5998.810546875,6089.873373528134,5975.376946719067,6080.3755831630115,91114
2023-03-10,5965.16357421875,6032.649251486456,5899.96914927813,5940.155086400517,88898
2023-03-13,5852.1943359375,6008.785289577584,5841.933106094298,5965.162944649137,89686
2023-03-14,5786.85693359375,5908.464357629559,5649.8814333923965,5881.49879748539,220025
2023-03-15,5811.24462890625,5912.377589902606,5782.561097776879,5822.651485051,107844
2023-03-16,5837.0654296875,5860.737664040605,5756.789103082349,5811.197489564806,101504
2023-03-17,5878.96875,5916.577257003079,5860.593989740623,5870.330412777819,109736
2023-03-20,5763.42333984375,5917.150709760417,5699.517162119608,5699.517162119608,100299
2023-03-21,5812.8203125,5889.469132771411,5773.97062951933,5792.249844875748,98216
2023-03-22,5780.07958984375,5870.235426780504,5760.129941444793,5841.885607526831,63280
2023-03-23,5766.19091796875,5797.165234985313,5732.9253488274535,5774.924801932417,73026
2023-03-24,5727.86669921875,5808.333649458551,5699.039614476957,5776.022612276258,104926
2023-03-27,5685.58056640625,5755.643199067555,5671.835383700912,5731.970965857283,91053
2023-03-28,5656.7060546875,5714.026045139943,5615.08831965526,5714.026045139943,120434
2023-03-29,5685.24609375,5704.289213550757,5631.792245697985,5659.426162507101,98539
2023-03-31,5688.15869140625,5765.332791211239,5675.65421369644,5713.692453635712,134855
2023-04-03,5737.984375,5819.788044358517,5703.573644752047,5794.015651837985,110447
2023-04-05,5821.888671875,5881.833166201832,5746.289461300718,5752.9711932324635,146548
2023-04-06,5792.25,5836.874422906134,5760.654860833223,5818.833840337747,97084
2023-04-10,5919.1552734375,5962.968249317531,5769.150490652302,5819.788284951015,145279
2023-04-11,6091.16162109375,6123.329571604409,5923.354895805324,5923.354895805324,260064
2023-04-12,6087.009765625,6154.829152907727,6061.2849133008785,6112.8296983903665,134439
2023-04-13,5997.80859375,6085.052823835979,5975.854332962819,6084.193837282167,86143
2023-04-17,6003.7744140625,6013.558378090345,5899.014408983862,5954.329787163776,108512
2023-04-18,6077.79833984375,6105.1936258792975,6008.78578406976,6012.365283146846,100611
2023-04-19,6020.43115234375,6085.148307915696,6004.060537364642,6078.466576440337,69527
2023-04-20,5967.40625,6075.125394319734,5951.847548235607,6028.830542937142,90809
2023-04-21,5995.42236328125,6013.558492066849,5923.4026549083,5983.967966153504,66308
2023-04-24,5968.64794921875,6042.19453832808,5937.243437284589,5995.279329560186,61632
2023-04-25,5986.068359375,6020.240459042912,5951.800247097202,5968.695669953279,47904
2023-04-26,6004.82421875,6013.558102778396,5956.286120847172,5983.967578780597,56123
2023-04-27,6279.109375,6333.326664763482,5980.292529804671,5998.285570666725,493002
2023-04-28,6341.5361328125,6382.962775721142,6267.130091981054,6327.599856476065,191519
2023-05-02,6341.201171875,6414.414037324692,6299.917620799308,6347.6442694417265,125521
2023-05-03,6374.80126953125,6414.366383783352,6257.6323406704505,6337.144755249255,95506
2023-05-04,6415.70263671875,6451.5931716872765,6309.463297431746,6383.91687340749,219751
2023-05-05,6357.4287109375,6414.462060358095,6342.872082005884,6409.689395134615,77948
2023-05-08,6471.06591796875,6489.345599301553,6368.4060717238235,6408.735094323641,132023
2023-05-09,6674.04736328125,6758.093809608343,6471.1135491720925,6471.1135491720925,512348
2023-05-10,6798.0419921875,6839.230004300832,6678.486715420064,6702.731764159169,347603
2023-05-11,6871.06298828125,6896.501200531453,6805.868102128221,6815.365892289907,235153
2023-05-12,6756.7578125,6872.63803278105,6736.139805185538,6871.06314644799,142267
2023-05-15,6711.89501953125,6881.229097759508,6656.91381991605,6779.094056358444,177522
2023-05-16,6792.17138671875,6848.775013288315,6729.458375426148,6746.6399712783,154662
2023-05-17,6776.373046875,6827.965836643844,6739.05071229512,6810.593149116459,115618
2023-05-18,6677.53173828125,6848.774880402296,6625.414138658165,6831.54574466154,115117
2023-05-19,6707.837890625,6753.321297027733,6409.68940064187,6557.642022696894,588194
2023-05-22,6615.86865234375,6712.944851175838,6595.823458042896,6710.367425476347,137531
2023-05-23,6703.7333984375,6719.912920665949,6588.378447940839,6639.111788209574,140520
2023-05-24,6712.70654296875,6732.322011909357,6628.277903119038,6681.731757176449,150701
2023-05-25,6930.8642578125,6958.163995399011,6681.778679825915,6712.705922536557,533209
2023-05-26,7127.59423828125,7205.7704063286465,6956.684806261288,6968.091663293035,714927
2023-05-29,7154.177734375,7273.494366706483,7112.225820015013,7216.269923408066,200412
2023-05-30,7084.54443359375,7157.088946791422,7063.54470608916,7144.680016902346,116607
2023-05-31,7084.115234375,7244.906528141299,7025.984259400902,7076.908695604689,440466
2023-06-01,7287.3828125,7302.178075266881,7117.189750459029,7138.761825241738,382173
2023-06-02,7346.03857421875,7396.485271409905,7311.722925752472,7326.040921037888,228387
2023-06-05,7348.138671875,7423.403697786305,7330.81398984169,7373.767978063419,131164
2023-06-06,7258.74658203125,7379.4950129112485,7207.679063832989,7367.993076085746,155852
2023-06-07,7343.27001953125,7364.222205628228,7263.9962391225945,7302.368652731267,129652
2023-06-08,7487.9775390625,7585.674089184116,7413.523961743215,7559.901697035132,410366
2023-06-09,7462.15771484375,7561.28606596588,7436.862588849438,7523.104743710314,142993
2023-06-12,7501.1982421875,7549.402162939612,7427.221928161983,7497.8573763928,124640
2023-06-13,7494.99365234375,7578.945022133559,7469.698526033624,7529.356842802789,150301
2023-06-14,7397.5361328125,7512.128113506661,7378.5410169423185,7512.128113506661,151994
2023-06-15,7432.51904296875,7454.903029149197,7355.631593165648,7416.721707617064,136247
2023-06-16,7292.82373046875,7512.175242999835,7254.451314713945,7432.519272065901,200139
2023-06-19,7333.91650390625,7416.674710823146,7307.9530169298,7314.301034964109,146303
2023-06-20,7417.15087890625,7461.536661866058,7352.767443858136,7356.87174918349,173677
2023-06-21,7436.5283203125,7526.493059803493,7373.099413040196,7431.994288348763,180193
2023-06-22,7376.017578125,7474.864727513939,7349.802640695817,7474.864727513939,102273
2023-06-23,7197.75634765625,7382.511346643229,7167.116041774186,7382.511346643229,135452
2023-06-26,7222.576171875,7306.512074242033,7205.500386579701,7205.500386579701,108405
2023-06-27,7259.56591796875,7374.815256255444,7244.317869180796,7290.9272663338315,143885
2023-06-28,7297.998046875,7386.455611573672,7265.145292340231,7319.980207814727,101231
2023-06-30,7300.2587890625,7394.199562316247,7287.2715723988185,7333.448342758574,139681
2023-07-03,7259.66162109375,7347.445586755082,7235.27488970851,7328.686273545263,106546
2023-07-04,7228.396484375,7280.249528670528,7207.424720998381,7274.2848408741675,70316
2023-07-05,7266.1552734375,7296.891874699311,7221.181022265161,7236.717957548586,75250
2023-07-06,7249.1279296875,7279.479348980875,7222.816696071259,7278.757836924129,78240
2023-07-07,7255.18896484375,7311.322700842503,7229.599241443912,7252.591803093329,90023
2023-07-10,7202.8544921875,7291.64838351227,7171.2042588723025,7263.2209978317305,84656
2023-07-11,7170.05029296875,7235.178971660935,7032.337780448978,7128.53939167263,250639
2023-07-12,7148.98193359375,7226.664731391927,7128.539092067915,7174.5232724063835,86187
2023-07-13,7280.58544921875,7305.2615369257155,7148.741336194009,7148.9818402088185,192087
2023-07-14,7437.10595703125,7455.624766936221,7290.061702358404,7318.249055898572,315095
2023-07-17,7426.283203125,7548.459246495279,7397.903728483871,7471.016951288134,198416
2023-07-18,7256.24658203125,7364.232883954687,7066.055820504852,7066.055820504852,505141
2023-07-19,7271.783203125,7306.512077320899,7232.436839670641,7253.601193285001,132383
2023-07-20,7209.63671875,7289.099338681799,7195.880077084628,7287.271602127815,90406
2023-07-21,7033.15576171875,7167.020213094287,7022.717792696416,7167.020213094287,190064
2023-07-24,6981.06201171875,7098.76429886962,6965.9581719399675,7098.76429886962,117088
2023-07-25,6954.27001953125,7013.049295845066,6926.5636746436685,7013.049295845066,113807
2023-07-26,6952.20166015625,7022.717249576732,6938.0598361571765,7013.0970889608725,93794
2023-07-27,6956.38623046875,6993.809032000028,6940.0319570074735,6978.512600445772,74652
2023-07-28,6948.68994140625,7003.429031221391,6931.373652258674,7003.429031221391,53585
2023-07-31,6887.45751953125,6974.616266407302,6868.79450236526,6955.328032764305,141580
2023-08-01,6912.13330078125,6974.616431742832,6888.131281936102,6964.9962711473245,105750
2023-08-02,6914.20166015625,6964.514909623268,6883.368765171976,6925.553261189019,81993
2023-08-03,6896.548828125,6960.186095646958,6873.604651471668,6914.201916523174,56859
2023-08-04,6909.63232421875,6942.869790650469,6897.462445472701,6926.515517899873,76182
2023-08-07,6905.25537109375,6955.376504582649,6884.235225054867,6947.391958729805,59673
2023-08-08,6889.958984375,6950.3734047217795,6878.414791717572,6905.254945699212,56597
2023-08-09,6887.9873046875,6940.946102649708,6863.98481530224,6914.009652078094,80609
2023-08-10,6815.69140625,6893.903596204344,6806.263836462166,6887.554196063728,104273
2023-08-11,6843.54150390625,6945.755706653049,6820.69362329226,6825.311112322595,111517
2023-08-14,6804.77294921875,6935.029834805671,6782.21348385033,6842.820497961333,101383
2023-08-16,6797.22119140625,6875.240792684991,6791.833807187373,6801.453968387355,84469
2023-08-17,6811.2666015625,6859.12690269524,6791.833688384683,6806.408138400833,59336
2023-08-18,6741.95263671875,6839.453056607991,6726.464084482063,6811.073583344057,87087
2023-08-21,6750.27392578125,6796.64328655711,6737.527213318846,6743.732404637698,54283
2023-08-22,6757.2490234375,6777.40344869823,6750.274406687598,6750.274406687598,48289
2023-08-23,6836.8076171875,6914.971421865655,6757.248701332095,6757.248701332095,149840
2023-08-24,7002.17822265625,7013.09719907357,6940.945993321784,6955.376234472141,219977
2023-08-25,7024.1123046875,7046.767594863231,6948.930374287206,7002.514856383545,131217
2023-08-28,7094.05078125,7109.202534507575,7025.507135560968,7051.577865271679,101737
2023-08-29,7102.9013671875,7116.032792453407,7003.476913486657,7108.3366639770475,110039
2023-08-30,7120.890625,7138.0627052223235,7091.020214918825,7130.462872470266,82450
2023-08-31,6971.82666015625,7142.007206681067,6785.580257586867,7138.1112295442435,225869
2023-09-01,7007.42138671875,7040.899358239115,6927.525669839498,7022.717348366254,98424
2023-09-04,7041.76513671875,7052.106809611396,6945.7082066150615,7032.337566998756,100661
2023-09-05,7124.017578125,7157.399724410845,7003.477149692333,7003.477149692333,211914
2023-09-06,7076.783203125,7181.450369579551,7056.388273391294,7159.564502746606,72454
2023-09-07,7118.0048828125,7159.323661307333,7042.005612556752,7074.666246338905,137742
2023-09-08,7086.40283203125,7161.199580094252,7075.628064352208,7128.442651674252,60782
2023-09-11,7120.9873046875,7142.921553374117,7090.058581349393,7090.058581349393,103972
2023-09-12,7087.02783203125,7147.779049928652,6977.502213880553,7128.538729471239,111611
2023-09-13,6988.4697265625,7080.29435203785,6976.637116318468,7078.51452828975,105616
2023-09-14,7032.96240234375,7068.8937950447,7008.286785098073,7022.717025561556,47205
2023-09-15,6959.849609375,7080.438420165325,6927.5257748143185,7053.501969653827,92775
2023-09-18,7011.3173828125,7038.109624523596,6964.0343865399545,6984.236724171857,65434
2023-09-20,7024.544921875,7033.299361902213,6955.376061626726,6992.846774776414,61657
2023-09-21,7009.201171875,7025.603357971846,6947.680056315578,7022.7173097623545,64624
2023-09-22,6979.2822265625,7039.071430056926,6964.996194288937,7031.32738875676,35750
2023-09-25,6991.6923828125,7013.337744666345,6946.42971402967,6995.733038252317,45714
2023-09-26,7033.203125,7093.906432383742,6965.140488697973,6993.856762059913,74758
2023-09-27,7024.35302734375,7051.529981712522,6964.563351944919,7033.203293474524,48873
2023-09-28,6953.4521484375,7060.235932122691,6931.325778845073,7060.235932122691,46573
2023-09-29,6952.63427734375,6988.084663118261,6932.287731612086,6972.692406151041,50735
2023-10-03,6936.8095703125,6993.856936245329,6899.579359938308,6984.236775397674,123949
2023-10-04,7005.3046875,7047.0081778510785,6907.275344455239,6926.515665748986,80466
2023-10-05,6981.54345703125,7031.375703318889,6946.814581734001,7013.097397345013,70537
2023-10-06,7025.36279296875,7068.894019750694,6988.132583495735,6993.8567669552995,65339
2023-10-09,7022.14013671875,7038.013402166045,6912.085590231057,6926.467918636161,84115
2023-10-10,7079.861328125,7134.118943258317,7006.7481031233065,7032.289912908636,110152
2023-10-11,7037.244140625,7205.500664327087,7021.7555873061965,7117.9571983118985,163676
2023-10-12,7075.91650390625,7104.873281118692,7024.448644945868,7080.438167260082,59816
2023-10-13,7161.00732421875,7179.045126042978,7033.299687303212,7065.96032170005,147510
2023-10-16,7193.04150390625,7205.499798928989,7104.48811950475,7205.499798928989,100722
2023-10-17,7162.54638671875,7224.740631228449,7118.918864326301,7212.186509503366,112435
2023-10-18,7319.8837890625,7402.136160889873,7196.361022861604,7200.690095063045,497848
2023-10-19,7411.41943359375,7464.186106968149,7282.41345931325,7319.8837019703715,282308
2023-10-20,7277.07470703125,7444.080800852524,7216.082978443368,7442.734072219779,119490
2023-10-23,7057.78271484375,7322.8660449050085,7022.7170425389595,7277.073987776643,117797
2023-10-25,7258.65185546875,7301.702075213917,7101.121721764365,7118.774810846976,198994
2023-10-26,7180.0068359375,7234.3607431165,7099.678495239331,7215.120421991191,126826
2023-10-27,7312.86181640625,7364.233383159654,7215.120884872294,7215.120884872294,110987
2023-10-30,7349.0810546875,7393.093288643969,7292.610525083474,7369.04288757486,110688
2023-10-31,7335.5654296875,7389.197827818697,7296.8921941726685,7360.337344519398,61348
2023-11-01,7199.15087890625,7366.878472668314,7167.019636496221,7359.422848214241,87104
2023-11-02,7212.13818359375,7299.730028636529,7132.0987283842305,7264.1354340348935,105161
2023-11-03,7327.67626953125,7349.80263873162,7216.178703029309,7233.39869641663,75629
2023-11-06,7534.125,7551.826001393967,7369.090864587495,7381.885959908204,231690
2023-11-07,7860.77734375,7892.427577810834,7561.590352552466,7580.68646506935,703184
2023-11-08,7929.80322265625,8032.786862633403,7850.051708797699,7927.013000060421,239800
2023-11-09,7745.09521484375,7907.627550775048,7707.239787902927,7893.389900592314,148049
2023-11-10,7749.08740234375,7783.672068157458,7653.3668028156735,7783.62415524744,88542
2023-11-13,7779.6318359375,7887.570233391777,7716.427658169206,7829.849265712364,74252
2023-11-15,7883.4814453125,7906.8103357666105,7811.811245773065,7860.537267351983,94762
2023-11-16,8137.83935546875,8174.251291246881,7857.747975391847,7893.294660309468,317224
2023-11-17,7991.08251953125,8250.297944241966,7957.556634405554,8167.083552018302,196640
2023-11-20,7970.0146484375,8080.839086558142,7948.1766959591005,7999.01886899528,98817
2023-11-21,8103.30126953125,8133.845277521945,7985.69481356708,8009.600535372297,144008
2023-11-22,8071.02587890625,8136.731384266865,8016.6719745303835,8104.984856047332,78752
2023-11-23,8062.03076171875,8186.9491084526635,8033.795966673806,8079.972736689414,96295
2023-11-24,8017.97119140625,8184.8330737813785,7994.353883770951,8101.76335836993,82775
2023-11-28,7990.6982421875,8157.848537982633,7891.851088846781,8014.603966259009,128466
2023-11-29,8069.91943359375,8148.275827645921,8013.738260753827,8023.213742924082,138630
2023-11-30,7939.326171875,8126.005205592459,7895.266023000953,8111.815468314616,314893
2023-12-01,8103.30126953125,8119.415037526341,8000.461383375081,8016.719829557628,127176
2023-12-04,8083.62841796875,8177.136567552644,8018.403916535446,8176.174551485874,106243
2023-12-05,8073.33447265625,8122.637794945395,8042.45413340998,8082.906720194438,81006
2023-12-06,8133.41259765625,8176.174398920052,8061.694489110489,8110.805220508983,137436
2023-12-07,8047.697265625,8147.313838622656,8032.83392992079,8147.313838622656,68049
2023-12-08,8048.08203125,8090.314913915974,7984.733646719888,8052.122686772231,81159
2023-12-11,8125.427734375,8138.655454528636,8080.934493858221,8082.570108970968,81052
2023-12-12,8563.771484375,8653.046390436108,8129.9022238830885,8129.9022238830885,957240
2023-12-13,8522.259765625,8600.423570445886,8383.344270869648,8554.487303612688,189094
2023-12-14,8644.33984375,8834.433838305127,8581.183114657853,8609.947770168272,376386
2023-12-15,8709.708984375,8798.118643784424,8620.578752326563,8643.762965606329,227532
2023-12-18,8742.1767578125,8850.548248842668,8659.347546184244,8715.913905793946,136439
2023-12-19,8562.6640625,8792.826394545404,8533.082069980057,8753.383737852148,145418
2023-12-20,8281.37109375,8686.043550558994,8177.137022898599,8595.61403524694,140635
2023-12-21,8437.3134765625,8465.740861675853,8088.966916743424,8196.37637971344,169773
2023-12-22,8533.7080078125,8561.89489004532,8437.26589927361,8437.313812182116,94150
2023-12-26,8523.7509765625,8590.803685946805,8488.829980380135,8575.411428502779,59102
2023-12-27,8467.1845703125,8586.522477737402,8447.463240574229,8559.057106410306,58680
2023-12-28,8425.2890625,8518.652536796644,8409.944717862933,8513.842456312852,52729
2023-12-29,8420.9599609375,8464.924284301065,8370.98303698999,8464.924284301065,67924
2024-01-01,8412.060546875,8459.006740070232,8379.159411578723,8459.006740070232,34849
2024-01-02,8380.5546875,8450.925596035897,8281.995957861225,8408.020057115473,47188
2024-01-03,8280.6015625,8397.246015594696,8273.338528778391,8391.618597150453,53427
2024-01-04,8311.482421875,8367.615683143284,8280.601142692578,8280.601142692578,51866
2024-01-05,8317.447265625,8387.77121250029,8249.384620468081,8348.328548875788,48283
2024-01-08,8258.0908203125,8364.729928431418,8239.763662166222,8319.226755127393,43107
2024-01-09,8315.28125,8412.25321586991,8282.957887689206,8321.43852828242,75444
2024-01-10,8422.8837890625,8465.741417092768,8275.550652135455,8349.337472607744,63726
2024-01-11,8389.5498046875,8531.784448545299,8369.540057730603,8465.741667589575,79837
2024-01-12,8405.375,8609.081905061661,8381.22877216511,8465.645683235527,156840
2024-01-15,8385.5576171875,8484.885774813943,8347.653808852938,8463.288326496806,75064
2024-01-16,8277.7158203125,8399.170358438962,8254.386928830783,8388.684946155317,61082
2024-01-17,8271.220703125,8311.817964874963,8187.717904982732,8272.375310180532,73451
2024-01-18,7995.02685546875,8254.049673070705,7728.4521180399715,8225.237104908876,306055
2024-01-19,7991.755859375,8283.631908936355,7919.171559463322,8089.593080962891,97841
2024-01-23,7884.3955078125,8040.530532337782,7768.71307224016,7984.733598756113,117490
2024-01-24,7473.3740234375,7840.431071794428,7449.948837883476,7696.128659430114,400343
2024-01-25,7375.921875,7650.3853586484465,7349.8032310251165,7650.3853586484465,184113
2024-01-29,7401.75146484375,7450.477483672323,7359.470671688763,7385.39719204646,100972
2024-01-30,7306.3193359375,7475.682544013262,7276.882020485063,7427.72594979475,135861
2024-01-31,7316.2763671875,7366.253289551448,7284.433541557017,7311.322078410195,141141
2024-02-01,7350.6689453125,7407.524192476971,7311.322579587659,7320.9427408765905,81838
2024-02-02,7350.7646484375,7474.864719062868,7312.284006383122,7402.7135152109095,102021
2024-02-05,7312.2841796875,7445.042397921532,7295.25630728111,7350.81273556383,82526
2024-02-06,7428.49560546875,7492.133345178027,7353.410438047442,7405.551897665449,154874
2024-02-07,7494.24951171875,7551.970476827245,7465.822124296584,7503.725464104278,76592
2024-02-08,7432.9208984375,7549.902146954937,7375.825150512308,7549.902146954937,70163
2024-02-09,7339.55712890625,7464.234500960796,7235.322597590808,7441.146116126042,111039
2024-02-12,7213.77392578125,7446.004515295921,7191.070252175325,7427.678296727623,97038
2024-02-13,7160.57421875,7254.707587681111,7098.764684588155,7253.553450206679,73951
2024-02-14,7147.34619140625,7166.923312066559,7070.818002147516,7157.399447071772,104915
2024-02-15,7186.45263671875,7253.601170536317,7167.019724203656,7215.072614812047,61560
2024-02-16,7228.0595703125,7253.504612612569,7191.262456952124,7232.436555380566,80901
2024-02-19,7415.84521484375,7450.526176619525,7263.365665059635,7272.841617463134,146755
2024-02-20,7480.92529296875,7540.426080174809,7320.942210223849,7460.4345388023585,191041
2024-02-21,7451.96875,7550.863809864438,7419.115526829781,7548.218265785304,107925
2024-02-22,7495.11474609375,7510.459089550247,7452.497624180014,7509.497073527504,83690
2024-02-23,7515.55859375,7691.319132552772,7455.62517539512,7599.9755110585065,172141
2024-02-26,7414.16162109375,7561.2537855425535,7393.0935629224805,7554.712264102828,69244
2024-02-27,7350.38037109375,7450.237455242468,7316.132503691058,7421.954275605064,92008
2024-02-28,7305.2138671875,7423.34973263122,7274.766149888164,7402.714298253031,72324
2024-02-29,7514.35546875,7648.027790158549,7157.399592299321,7292.08184269205,307875
2024-03-01,7451.05517578125,7689.587254941919,7426.764269330396,7599.92716680183,217687
2024-03-04,7400.69384765625,7542.013924259024,7367.9373860795295,7522.004176499751,101325
2024-03-05,7371.39990234375,7439.222032324204,7312.331742431419,7400.6930085585045,107340
2024-03-06,7313.53466796875,7430.515917417637,7253.697549544394,7417.143987832629,106522
2024-03-07,7394.77685546875,7613.972305908108,7297.709530192057,7301.79809839523,302528
2024-03-11,7410.3623046875,7453.700943264306,7343.2132972609,7431.478276809751,132700
2024-03-12,7286.21337890625,7541.051340513151,7229.550726639021,7413.295795007359,112485
2024-03-13,7111.9921875,7539.945128567581,7056.387846758095,7359.422907661818,314712
2024-03-14,7436.9609375,7477.02880970504,7072.693675302282,7173.512763584297,134183
2024-03-15,7414.2578125,7527.775708163034,7311.322093551317,7449.852406902816,166240
2024-03-18,7410.12109375,7494.104905633107,7366.156773097908,7431.573863416656,79507
2024-03-19,7345.810546875,7425.561585617699,7265.193317876488,7415.219912802102,78340
2024-03-20,7269.474609375,7383.473516436594,7239.171102434576,7343.068840516029,67469
2024-03-21,7412.09375,7426.716583015291,7300.692470454857,7336.382892957324,79906
2024-03-22,7373.85302734375,7397.710837503235,7327.628344009347,7364.761787772442,63721
2024-03-26,7401.51123046875,7431.57423302955,7215.168527502127,7215.168527502127,117670
2024-03-27,7383.28076171875,7457.500677463358,7342.202957283734,7431.574156428398,156037
2024-03-28,7489.439453125,7571.066612134091,7411.371941535075,7455.624681580585,273766
2024-04-01,7451.10302734375,7559.522428483908,7431.959001116693,7547.016219325052,78571
2024-04-02,7409.20703125,7474.768330386471,7354.612621015516,7446.0041447560625,93065
2024-04-03,7694.1083984375,7798.102431796823,7374.815351857198,7410.409947215758,621796
2024-04-04,7722.583984375,7883.721675733806,7681.698301492915,7809.502230048855,224695
2024-04-05,7736.10009765625,7863.711904433847,7684.68062083561,7722.583959840171,125061
2024-04-08,7621.5244140625,7824.894517644421,7517.1935832075305,7811.618414016181,125342
2024-04-09,7599.97509765625,7704.786939572547,7572.028717864343,7682.516360819832,115014
2024-04-10,7548.69970703125,7653.799964206917,7504.687471188809,7653.799964206917,82754
2024-04-12,7459.23193359375,7598.772173488837,7439.270100593966,7548.939930086753,98316
2024-04-15,7239.89208984375,7417.1435421978285,7220.8922733770305,7378.614988345147,185200
2024-04-16,7243.98095703125,7340.08626781311,7224.836931317451,7241.0469959317925,80626
2024-04-18,7208.72314453125,7296.218223437222,7192.994087987259,7290.205623056064,138170
2024-04-19,7167.9814453125,7191.887637624163,7088.134114758086,7190.10781402035,97601
2024-04-22,7154.1767578125,7287.993287934237,7138.159284093593,7202.61436118716,121025
2024-04-23,7114.3017578125,7213.966251486712,7099.678924978393,7213.196826488887,127264
2024-04-24,6763.11767578125,6972.019386731336,6734.112983093813,6766.869444782085,806331
2024-04-25,6824.44580078125,6844.744434089946,6791.833549497543,6817.952192217636,145948
2024-04-26,6833.87353515625,6921.705411764803,6812.997599182534,6859.174369128985,125101
2024-04-29,6832.8154296875,6901.503283108044,6809.197653338867,6901.503283108044,93406
2024-04-30,6784.041015625,6890.873181811417,6758.162877344044,6830.314082440244,134157
2024-05-02,6879.81005859375,6921.7056708340815,6797.509301403575,6828.390111407965,117397
2024-05-03,6841.6181640625,6924.592054687226,6811.074152151369,6921.70600631767,82962
2024-05-06,6818.3369140625,6893.7109682549235,6802.559944218358,6876.4909742835525,67837
2024-05-07,6866.7265625,6887.073108621191,6744.4542249289025,6872.594954527982,84322
2024-05-08,6845.32177734375,6873.604956415567,6793.757621022636,6868.79487597021,65874
2024-05-09,6879.81005859375,6914.971558298176,6807.514174652894,6845.321688302267,82557
2024-05-10,6856.67333984375,6879.569604472544,6801.934718637466,6879.569604472544,70788
2024-05-13,6800.49169921875,6849.554519513014,6739.88468591407,6849.554519513014,84651
2024-05-14,6818.9140625,6860.136544743369,6787.4564190828805,6801.453564904728,50731
2024-05-15,6947.92041015625,6994.818692546795,6796.643386445208,6827.427900014387,126317
2024-05-16,7022.33251953125,7041.957553191624,6967.8823166348275,6975.578445108261,146481
2024-05-17,7079.47607421875,7089.769833792648,6993.856646225073,7022.717127571256,82866
2024-05-21,6963.93798828125,7070.818066885406,6945.755978627569,7070.818066885406,62475
2024-05-22,6937.67529296875,7026.1807727943105,6899.098354010943,6957.348240067586,112856
2024-05-23,7134.88818359375,7271.87917234861,6965.140267169644,6992.8466106802925,280742
2024-05-24,7094.8203125,7141.910715355462,7047.77735281792,7134.888186226103,86161
2024-05-27,7038.87890625,7176.5434981156395,7027.527304657799,7094.820515817927,83671
2024-05-28,7041.861328125,7104.48866815132,7025.940150079981,7080.438266431106,64306
2024-05-29,7013.2900390625,7035.223818495639,6976.8776353207195,7032.818778218565,67954
2024-05-30,6921.5615234375,7064.32461651139,6893.663056971177,7048.403438197651,189987
2024-05-31,6680.576171875,6968.84418390653,6640.796714730366,6964.996119751971,506546
2024-06-03,6683.703125,6876.491056763151,6663.356578508924,6876.491056763151,189575
2024-06-04,6470.71240234375,6710.06180247223,6167.677353199843,6710.06180247223,298357
2024-06-05,6617.61279296875,6679.80704305057,6399.860343710204,6589.8106202113895,116845
2024-06-06,6668.88818359375,6751.909984971628,6637.911077339066,6718.046830422448,138019
2024-06-07,6849.55419921875,6892.844920983475,6695.6316329441715,6695.6316329441715,231746
2024-06-10,6868.93896484375,6916.895559995888,6820.693952763679,6915.9335439235665,75286
2024-06-11,6818.43310546875,6892.845142439737,6811.073776479182,6887.9387665352215,77665
2024-06-12,6849.79541015625,6886.399936332407,6822.6184542436185,6829.5451583345975,68176
2024-06-13,6956.38623046875,7014.107195626197,6868.794853736093,6879.377030681624,162140
2024-06-14,6991.93310546875,7094.868829503582,6928.343746487262,6984.236976568949,168944
2024-06-18,7012.80859375,7082.84317435787,6998.666769908796,7048.932108565528,94020
2024-06-19,6969.61376953125,7038.734717448011,6929.209094976832,7013.097083374053,58610
2024-06-20,6955.90478515625,6993.712296798331,6918.915550817093,6968.892001500259,68329
2024-06-21,6850.1318359375,7078.466447897117,6808.284136196384,6984.236784379389,173733
2024-06-24,6975.2900390625,7070.6254548883135,6860.136528705404,6889.86273103352,152443
2024-06-25,6902.77490234375,7022.0135289438285,6896.898157723495,6994.037568395657,153628
2024-06-26,6887.08740234375,6945.468286580374,6872.613724133727,6902.775323261217,67695
2024-06-27,6797.37890625,6895.927031936821,6766.73161071586,6892.089835340554,235708
2024-06-28,6801.11865234375,6844.3945446943235,6790.044854311013,6844.3945446943235,104106
2024-07-01,6870.6220703125,6886.115521576521,6780.330799241885,6801.11853806167,93997
2024-07-02,6855.85693359375,6913.897732967804,6829.338063521482,6896.898335661595,69081
2024-07-03,6893.158203125,6911.177848412605,6843.3258751208305,6869.504661737629,86404
2024-07-04,6873.439453125,6923.854715101936,6867.756702433543,6910.498045418985,65868
2024-07-05,6852.6513671875,6903.115006600424,6824.043620930216,6873.43910627325,90055
2024-07-08,6825.986328125,6892.964140922022,6811.803879428422,6859.013727464156,84065
2024-07-09,6816.078125,6825.9865348272,6771.734077936585,6811.415622912811,137764
2024-07-10,6915.79248046875,6969.753237410664,6843.471994084756,6872.613819467658,225270
2024-07-11,6758.42626953125,6836.574642586426,6733.072787912915,6820.158176676334,355671
2024-07-12,6863.43359375,6930.605877175373,6751.237571927012,6760.903133229387,271006
2024-07-15,6817.04931640625,6900.589208897818,6803.64426756906,6876.4988249744965,84637
2024-07-16,6798.01025390625,6842.451533154667,6785.187662299333,6817.049198461316,86895
2024-07-18,6833.1748046875,6848.3286480480165,6743.418081524728,6797.816153055322,108684
2024-07-19,6780.865234375,6872.5163671593455,6746.332362117228,6848.328747721592,81910
2024-07-22,6765.03125,6779.310932761269,6705.533362350577,6779.310932761269,80518
2024-07-23,6794.076171875,6866.930731757949,6702.619509231313,6726.224196907971,114304
2024-07-24,6739.5810546875,6818.215601578872,6726.904550638793,6751.189404612219,72490
2024-07-25,6673.1865234375,6738.221076621331,6655.992657407919,6708.447941047736,117635
2024-07-26,6762.45751953125,6775.425726123924,6674.449115849452,6674.449115849452,68837
2024-07-29,6731.9560546875,6809.473119590222,6723.019038613969,6775.474323700684,64690
2024-07-30,6727.4873046875,6756.04619734484,6718.161826144776,6736.61831467814,49770
2024-07-31,6784.70263671875,6790.0453046981265,6726.90468312368,6726.90468312368,82695
2024-08-01,6744.34130859375,6811.27027170928,6721.4163114337025,6799.759155989643,55665
2024-08-02,6713.353515625,6741.47556668407,6692.95423797365,6720.104894858847,51480
2024-08-05,6583.91455078125,6673.477273935601,6537.482103869956,6635.787373671384,105442
2024-08-06,6504.455078125,6691.448447679818,6475.313254298275,6583.914928033788,96655
2024-08-07,6648.65869140625,6683.143182754667,6523.882926646917,6556.910326811598,66125
2024-08-08,6624.42236328125,6667.649402677983,6586.052294603252,6648.658836893152,43024
2024-08-09,6679.06298828125,6702.522060951831,6600.622914645107,6682.220019108711,47694
2024-08-12,6638.89599609375,6690.962816707844,6595.863425543303,6679.063238527723,58216
2024-08-13,6596.7373046875,6638.895713583217,6532.285211567394,6638.895713583217,60349
2024-08-14,6632.43603515625,6644.335612825418,6538.453656422206,6603.537060816841,51721
2024-08-16,6605.14013671875,6678.334780778796,6562.738876936952,6632.582021454315,63779
2024-08-19,6729.33251953125,6771.58816220171,6586.051892085438,6605.13969098077,117580
2024-08-20,6731.13037109375,6780.33139155803,6703.591251166471,6729.333196994019,75961
2024-08-21,6728.361328125,6792.910656701768,6697.762413545352,6731.761207522739,61677
2024-08-22,6764.49755859375,6838.614741708152,6722.047444974491,6748.955252362595,94274
2024-08-23,6885.38720703125,6934.782693399683,6731.858554525006,6775.474056095082,197126
2024-08-26,7463.26953125,7712.869444367122,6899.812552057892,6944.49668234012,1291665
2024-08-27,8714.765625,8820.258647433675,7528.304462291958,7576.874168500293,5503022
2024-08-28,7992.14501953125,8645.407556831131,7943.08961710204,8645.407556831131,2848938
2024-08-29,7695.8212890625,7991.659169101258,7636.128932576272,7944.06085874682,1187989
2024-08-30,7771.8330078125,8106.283808533847,7723.748999601305,7732.345457982181,1267303
2024-09-02,7572.89111328125,7819.722447127187,7547.732101140155,7779.895289321943,404577
2024-09-03,7642.29736328125,7750.753418204552,7547.732054073113,7585.568043477561,319607
2024-09-04,7526.9931640625,7589.405238021956,7499.162816607101,7499.162816607101,156852
2024-09-05,7506.0107421875,7639.043356593157,7485.757554244512,7565.3146377776575,137503
2024-09-06,7372.34716796875,7632.680787686808,7350.636414894483,7508.876419479806,230086
2024-09-09,7614.806640625,7751.724827140566,7275.741723719654,7372.881132581065,704407
2024-09-10,7626.1240234375,7794.466435057482,7606.890135233459,7654.5373015064715,358444
2024-09-11,7496.345703125,7656.091182525777,7479.734768711,7654.5857113561915,153919
2024-09-12,7565.60595703125,7644.871813004654,7530.247305516147,7535.492738962235,152510
2024-09-13,7494.20849609375,7606.016055579343,7474.877847724526,7601.159084918053,121235
2024-09-16,7468.806640625,7545.789625670623,7457.392759561453,7528.304531275403,98044
2024-09-17,7487.1171875,7561.914532475487,7432.18456708898,7468.80631402966,127522
2024-09-18,7420.96533203125,7499.114178208252,7402.023146813028,7487.505828823467,85829
2024-09-19,7307.943359375,7535.103962372394,7282.250270261327,7462.249405562037,129289
2024-09-20,7634.57470703125,7711.897772379076,7344.127870661261,7353.4533488990555,377846
2024-09-23,7608.93017578125,7749.78232380733,7579.108186439279,7659.491050226577,231866
2024-09-24,7693.6845703125,7734.240276358464,7566.189087233871,7625.444130798033,176369
2024-09-25,7605.1416015625,7722.583052747235,7576.873938544457,7722.583052747235,114985
2024-09-26,7610.19287109375,7698.10404018405,7576.874242036876,7603.101883643927,113372
2024-09-27,7587.94775390625,7909.236351466268,7382.5951366776835,7635.157601879814,470425
2024-09-30,7503.4853515625,7575.902592050886,7470.992029165708,7557.446104135901,130533
2024-10-01,7543.1181640625,7584.596882567473,7504.019550868654,7504.019550868654,90103
2024-10-03,7372.7841796875,7511.790773935988,7353.45353144904,7469.097812386638,127058
2024-10-04,7359.37939453125,7410.668816482351,7237.857890184961,7371.910284339508,129147
2024-10-07,7218.08984375,7409.746194077774,7141.689788737277,7363.167654873308,137781
2024-10-08,7334.123046875,7381.624125818385,7168.888807545688,7217.458514913884,113271
2024-10-09,7396.48583984375,7552.589060044943,7324.651531378445,7367.052788602038,162611
2024-10-10,7537.33837890625,7797.380780535152,7408.823123600549,7408.823123600549,679383
2024-10-11,7455.595703125,7756.582274865229,7436.216674452821,7576.874357413749,531591
2024-10-14,7356.853515625,7527.333187110071,7343.836929018194,7507.322372973331,142578
2024-10-15,7255.43994140625,7413.048637916096,7241.7431894046285,7358.310484203898,158563
2024-10-16,7188.80224609375,7332.957039862934,7159.174725182209,7236.886255441988,133627
2024-10-17,7154.4150390625,7332.082931503988,7120.950321383942,7208.132945006422,167307
2024-10-18,7119.05615234375,7151.451766227807,7066.8920992875155,7149.460598042077,72674
2024-10-21,7197.25341796875,7270.884901662985,7082.337210352345,7154.317608650352,160306
2024-10-22,6922.64013671875,7222.3152201647235,6897.9179668516845,7198.030367373316,121709
2024-10-23,7010.697265625,7063.006935993591,6817.049745003752,6933.763132756017,170785
2024-10-24,6767.1201171875,7040.373576392322,6751.189347977285,7040.373576392322,178050
2024-10-25,6790.67626953125,6846.823134746636,6674.060594130319,6790.044958210434,142390
2024-10-28,6858.04296875,6928.9547444892,6806.5590767749645,6865.814122255666,97684
2024-10-29,6837.5947265625,6886.212811802629,6769.645519177956,6877.4702648557795,73770
2024-10-30,6897.86962890625,6927.399915217849,6769.645605386235,6828.900646558363,73886
2024-10-31,6820.98388671875,6897.869636345089,6799.7588303641205,6896.898242226465,52624
2024-11-01,6904.18408203125,6929.926027606182,6828.901033651733,6866.785406384652,19781
2024-11-04,6833.85498046875,6942.505509434035,6769.645733221774,6942.505509434035,62065
2024-11-05,6830.455078125,6876.353450893523,6792.95916974134,6838.614693976696,48917
2024-11-06,7025.46240234375,7057.178325696319,6828.8523260955235,6828.900706076411,106190
2024-11-07,6959.99072265625,7178.6027869501995,6932.499983552465,7139.018475235961,121246
2024-11-08,6742.251953125,7031.484545266209,6626.510441426411,6954.550417435907,126103
2024-11-11,6338.24951171875,6810.492676712832,6308.2335277383545,6742.252238566294,498013
2024-11-12,6445.68603515625,6503.435608468448,6297.8396522953,6372.345775092306,387058
2024-11-13,6233.72705078125,6527.670994766998,6197.105778489192,6440.342761684686,328149
2024-11-14,6192.2001953125,6324.747112656087,6156.890398516201,6260.926329273554,241446
2024-11-18,6271.3203125,6377.2022694489615,6106.1833154236365,6221.827593356703,251620
2024-11-19,6361.66015625,6409.258468611621,6288.65998225606,6306.48515940113,118483
2024-11-21,6310.2734375,6427.909360289213,6273.263226667022,6367.488456302621,112613
2024-11-22,6398.0390625,6430.629145862756,6311.730599116158,6314.110230148482,107055
2024-11-25,6597.1259765625,6678.334620409386,6421.060791115344,6498.62670698746,275298
2024-11-26,6521.697265625,6682.220143769782,6497.655261182741,6652.106926084528,93554
2024-11-27,6561.76708984375,6635.544660838386,6479.1985920440875,6543.310602100296,112698
2024-11-28,6563.7099609375,6608.928166754732,6514.168861631919,6554.967414001221,81096
2024-11-29,6479.92724609375,6585.371886794224,6463.947623291362,6576.240877041515,144216
2024-12-02,6520.92041015625,6581.195226155252,6423.829377205119,6479.927388173453,101706
2024-12-03,6895.48974609375,6972.667200950898,6547.196563723746,6556.9588851949775,1080035
2024-12-04,6934.734375,6993.066403293442,6858.431080830168,6920.454691438159,248591
2024-12-05,7156.9892578125,7260.199886381952,6946.439575530818,6994.037888941671,548868
2024-12-06,7184.8681640625,7216.486852659076,7114.927788050729,7174.279588798782,169740
2024-12-09,7145.5751953125,7246.600184479506,7110.60500675469,7188.316536883157,130211
2024-12-10,7191.37646484375,7204.975982864577,7115.46210732591,7115.46210732591,164865
2024-12-11,7139.98974609375,7202.887516381777,7117.064749627992,7198.0305457031645,117885
2024-12-12,7110.31396484375,7235.866659002533,7078.063489268647,7149.5093394301,236072
2024-12-13,7153.73486328125,7201.916107174965,7005.64611218839,7104.776693806001,170937
2024-12-16,7146.546875,7211.9703669037945,7108.031191203781,7161.603484564021,76612
2024-12-17,7065.58056640625,7188.316305209938,7025.70502851965,7141.689388635604,135615
2024-12-18,7023.71337890625,7152.860413470513,7008.171073397249,7057.178095180726,159943
2024-12-19,7028.32763671875,7099.3366412483765,6892.089612357798,6945.467908597538,134846
2024-12-20,6723.6015625,7115.461851370085,6702.619354874209,7092.196772724494,258016
2024-12-23,6703.34765625,6836.38026441158,6629.7645551434625,6836.38026441158,113431
2024-12-24,6661.578125,6814.329852630235,6632.727529483689,6731.761351208486,150784
2024-12-26,6698.9287109375,6720.590611352011,6570.898673863102,6668.621022899698,122161
2024-12-27,6689.35986328125,6775.279386939393,6635.59310492018,6722.047179922068,89937
2024-12-30,6727.4384765625,6766.44033061845,6619.128030274321,6684.163057479502,112066
2024-12-31,6602.12841796875,6727.438257577455,6531.751199613838,6708.738921046699,104133
2025-01-01,6550.83935546875,6644.336043211307,6519.609128140051,6615.679915539562,91883
2025-01-02,6513.4404296875,6586.003760249969,6322.027407874207,6550.839103345152,381285
2025-01-03,6457.39111328125,6566.4301086648875,6418.001269485012,6518.054868812537,227250
2025-01-06,6300.8994140625,6518.9285339872495,6285.065405733867,6498.626492274686,175457
2025-01-07,6355.2001953125,6389.587451104519,6238.778519207749,6352.91732434701,208512
2025-01-08,6288.3203125,6403.284910179486,6156.696399262377,6386.9168231540125,380865
2025-01-09,6255.72998046875,6445.200220744258,6241.207448120853,6338.346863655808,346979
2025-01-10,5828.94775390625,6022.643649979995,5751.624685730894,5779.795115706607,1431569
2025-01-13,5771.6357421875,5914.770769161649,5750.65353308246,5804.080212866164,368080
2025-01-14,5910.73876953125,5949.789002998796,5789.411738438929,5789.411738438929,230728
2025-01-15,5940.8037109375,5959.55142811166,5854.204018230397,5919.578654118533,119683
2025-01-16,6007.34423828125,6066.550901115493,5954.646105940747,5964.360047386001,144322
2025-01-17,6034.3974609375,6072.0389827957115,5974.073791690407,6012.929556189207,131996
2025-01-20,6022.44921875,6050.862497436072,5946.340867087891,6040.128781880086,91944
2025-01-21,5977.9111328125,6095.498203246931,5964.359994890224,6042.265994320885,87671
2025-01-22,5990.927734375,6001.272987086339,5887.3286443764655,5993.501833979073,124965
2025-01-23,6172.18994140625,6241.2073048339,5974.073918245678,5991.07331557402,221641
2025-01-24,6190.4033203125,6210.074050677084,6110.06883917222,6172.189681086033,108179
2025-01-27,5979.95068359375,6146.54477798451,5952.848882051198,6139.162561998786,161634
2025-01-28,5950.17724609375,6026.431681928974,5904.181641208143,5974.073635498447,148138
2025-01-29,5997.24169921875,6043.96585138274,5920.59879780139,5953.869046503447,143522
2025-01-30,5960.18310546875,6038.137483777403,5915.790204357598,6017.78658719135,138349
2025-01-31,6154.75341796875,6168.352936253404,5954.74345463074,5969.217132799553,122121
2025-02-01,6198.708984375,6216.92262487757,6089.718369882193,6187.780800073457,80662
2025-02-03,6213.27978515625,6236.350396045046,6071.8935574137,6148.924923203293,71348
2025-02-04,6188.84912109375,6282.005721560823,6132.070945528654,6231.493227742799,87790
2025-02-05,6201.86572265625,6259.61529247594,6163.544035122271,6188.84913638753,66079
2025-02-06,6238.19580078125,6292.836719999857,6189.771709064365,6216.922364428179,82289
2025-02-07,6252.4755859375,6270.591991697565,6150.916044506962,6238.195902423623,64931
2025-02-10,6194.96875,6241.207204855096,6154.024582810623,6231.493263680225,60322
2025-02-11,5941.77490234375,6216.873903095237,5925.504051056014,6216.873903095237,100616
2025-02-12,5978.0078125,5993.501738486169,5859.935046583114,5935.2180911102905,130838
2025-02-13,5958.87158203125,6022.595130814625,5908.019005266911,6022.595130814625,135495
2025-02-14,5997.3876953125,6046.928798723731,5907.096416134645,5969.2656439448165,130626
2025-02-17,5971.01416015625,5999.670287266259,5869.989169666726,5979.902321668341,73576
2025-02-18,5923.02734375,5998.990080333795,5872.1259117491845,5971.014119039374,72228
2025-02-19,5845.46142578125,5955.422956976823,5796.454402078029,5944.9320900727,159802
2025-02-20,5851.337890625,5906.076042227759,5809.519564952726,5851.677973417766,79633
2025-02-21,5789.9462890625,5906.319115250411,5761.386922400888,5852.455121414864,101884
2025-02-24,5684.404296875,5789.946654429878,5616.601172549244,5789.946654429878,151226
2025-02-25,5532.72119140625,5709.5637872609295,5512.6619963614985,5684.4042984346115,162406
2025-02-27,5404.01123046875,5557.879967820254,5355.733226161383,5532.720954385311,182977
2025-02-28,5256.31103515625,5403.865713228911,5150.865914477698,5356.364633657522,337674
2025-03-03,5300.0234375,5320.325479302885,5209.440937783916,5261.118819253664,162308
2025-03-04,5234.8916015625,5324.211485892526,5196.9588486635685,5287.298507154355,141837
2025-03-05,5394.5400390625,5409.693882275629,5245.673889402105,5255.242216396328,141754
2025-03-06,5477.01171875,5531.458648154853,5442.721693274184,5485.463038000949,107832
2025-03-07,5463.26611328125,5526.261116458659,5440.778434397073,5525.289722344323,110794
2025-03-10,5346.0673828125,5526.260986793915,5308.668710288055,5497.1191640475945,106381
2025-03-11,5265.00439453125,5323.239660469276,5235.7658116134335,5297.060399785901,96855
2025-03-12,5152.12890625,5294.0980650019765,5092.048083805571,5265.976014912924,171254
2025-03-13,5086.9482421875,5220.223707384942,5075.534361088402,5158.977022516123,126288
2025-03-17,5026.43017578125,5132.166039599234,5010.1593253012115,5086.947835901006,139134
2025-03-18,5026.43017578125,5026.43017578125,5026.43017578125,5026.43017578125,0
2025-03-19,5212.7919921875,5236.688382016021,5075.5341949751155,5118.275535564379,183836
2025-03-20,5223.5263671875,5341.647989329388,5206.28412122364,5245.528349568816,139775
2025-03-21,5306.677734375,5354.3244265659605,5169.759542486219,5240.671313737909,252810
2025-03-24,5468.900390625,5502.7530954824515,5249.073621705128,5313.525714956751,291530
2025-03-25,5339.70556640625,5578.66854090365,5322.268850696151,5536.946970061701,331857
2025-03-26,5407.7509765625,5464.0918345902755,5318.285484728103,5362.095453677924,218301
2025-03-27,5262.81884765625,5422.467565353627,5245.528222130935,5342.6676336518785,356071
2025-03-28,5065.43212890625,5281.51847722821,5051.249679175085,5243.634104634397,529718
2025-04-01,4924.57958984375,5050.277890643533,4897.769018008212,5046.975245589295,424060
2025-04-02,5080.3427734375,5088.356774778932,4900.051933245114,4946.484381594912,278492
2025-04-03,5045.8095703125,5094.524891033601,4965.232711876159,5031.821589713456,306377
2025-04-04,4912.0,5034.978590904478,4861.196277063609,5031.821560002932,323433
2025-04-07,4670.75390625,4759.830931988328,4565.552118437784,4652.977584535529,345270
2025-04-08,4730.1064453125,4870.812978821525,4623.836023172051,4769.593521530033,246320
2025-04-09,4619.70751953125,4730.68929613987,4593.771107176078,4718.061172762084,206934
2025-04-11,4616.11328125,4756.9170499819265,4574.294953719602,4625.778842559513,308561
2025-04-15,4789.9443359375,4831.228585436049,4663.663102177233,4710.290019257947,334703
2025-04-16,4788.00146484375,4806.457952535377,4714.17551407724,4806.457952535377,333482
2025-04-17,4760.31689453125,4794.801385859861,4688.43372950823,4765.659562201879,363566
2025-04-21,5189.1875,5242.128480672033,4667.548846405841,4667.548846405841,2852407
2025-04-22,5323.23974609375,5338.296354864636,5117.78989092973,5182.387599527401,888502
2025-04-23,5502.4619140625,5516.061431548046,5308.66878989347,5323.239701485127,820053
2025-04-24,5748.71044921875,5770.081120033689,5501.976340718993,5515.575858510318,1253303
2025-04-25,5451.94970703125,5787.56638832823,5433.007520966731,5779.309537992413,610205
2025-04-28,5526.26123046875,5544.717719021906,5408.722540209175,5451.949579188937,332068
2025-04-29,5599.11572265625,5650.599611153957,5539.374984116458,5539.374984116458,246518
2025-04-30,5601.05859375,5634.085994406868,5493.233844546697,5600.087199613034,216288
2025-05-02,5653.513671875,5710.825923875107,5563.659717468052,5585.516084756228,203862
2025-05-05,5650.599609375,5689.455374266697,5619.514997461642,5677.798644799187,118811
2025-05-06,5536.94677734375,5689.941359349301,5517.518893914474,5663.228019634046,148067
2025-05-07,5593.28759765625,5609.801298448219,5415.522465601527,5429.121983900795,132215
2025-05-08,5548.11767578125,5763.281479543054,5494.690997646265,5593.28750365901,235617
2025-05-09,5573.85986328125,5609.801448318093,5245.528626998736,5245.528626998736,311908
2025-05-12,5925.50439453125,5944.932277792008,5628.257780641649,5684.112945016329,462268
2025-05-13,5814.765625,5949.303720399683,5802.137500522052,5934.732807540511,222313
2025-05-14,5925.98974609375,5958.531448658153,5809.908150378939,5867.706099709744,419269
2025-05-15,6003.701171875,6032.357297523461,5888.1052751913785,5925.989644692733,257339
2025-05-16,6034.30078125,6049.843088477946,5988.645253767909,6041.5862377631,140760
2025-05-19,6066.3564453125,6095.983966782801,5998.8445521260755,6051.299836040707,145251
2025-05-20,6018.2724609375,6138.725335629817,5993.501910093515,6128.525697047,250930
2025-05-21,6007.5869140625,6038.67152579344,5950.760358241875,6018.27224934501,105149
2025-05-22,6025.07177734375,6037.214203335979,5959.502676985717,6003.215410557739,104618
2025-05-23,6110.5546875,6124.154205125785,6025.07200528078,6032.357461151737,158757
2025-05-26,6247.521484375,6268.892155704589,6098.412482143552,6119.78315347314,211742
2025-05-27,6226.63671875,6284.920369783541,6182.923980474844,6260.635515186233,148800
2025-05-28,6285.8916015625,6314.062032167555,6172.7241820628815,6236.350499463954,175553
2025-05-29,6313.576171875,6348.060663620759,6237.321732380856,6289.777015599758,171811
2025-05-30,6255.29248046875,6333.489707687902,6212.551138883126,6326.204251735808,209158
2025-06-02,6233.43603515625,6283.948529129778,6175.638085321157,6229.06476163931,114010
2025-06-03,6223.72216796875,6252.378294698121,6177.580946963832,6233.436109232944,127200
2025-06-04,6263.06396484375,6279.091968786351,6189.23800728995,6234.407836582735,81617
2025-06-05,6305.8046875,6314.061537202496,6261.606256739583,6282.00553247516,91106
2025-06-06,6287.83447265625,6333.489998720647,6246.550220363976,6333.489998720647,71389
2025-06-09,6441.80029296875,6452.971325671629,6314.061962496701,6319.404630311122,161923
2025-06-10,6513.19775390625,6542.339578308515,6461.228167055544,6488.912900237696,223010
2025-06-11,6507.794921875,6562.317167805117,6473.902714945468,6552.4933397096,167351
2025-06-12,6359.455078125,6529.898494523345,6312.791894961188,6529.898494523345,173877
2025-06-13,6279.8818359375,6345.701481304385,6188.5202386371975,6189.011430020532,90117
2025-06-16,6264.65478515625,6306.897243328073,6119.2621384253225,6248.936661185339,121345
2025-06-17,6304.9326171875,6336.368865824147,6249.919182073368,6264.654923621796,112049
2025-06-18,6335.8779296875,6356.016777281669,6238.13084014507,6305.915253998614,98354
2025-06-19,6110.4208984375,6372.717100991007,6098.632305064309,6371.2435268193585,202630
2025-06-20,6207.6767578125,6223.394882219052,6091.264398926477,6135.962815207608,189963
2025-06-23,6201.7822265625,6233.21847418645,6055.898389932604,6111.403014643642,107858
2025-06-24,6155.6103515625,6297.073468483183,6094.702620666095,6297.073468483183,203298
2025-06-25,6156.1015625,6191.4673418425355,6101.088127967167,6155.610371120243,134175
2025-06-26,6163.9609375,6184.099785092438,6091.75580101004,6164.452128904693,126030
2025-06-27,6233.21875,6267.602147360126,6171.328634751773,6184.099610914105,191698
2025-06-30,6198.83544921875,6264.1639052208175,6171.32873090209,6246.481014874394,95468
2025-07-01,6099.12353515625,6231.254020052524,6022.497677744284,6218.483043817197,243499
2025-07-02,6076.03759765625,6098.632401980598,5955.695705059178,6098.632401980598,262330
2025-07-03,6105.5087890625,6149.716012796662,6050.49535508221,6051.477737831859,126180
2025-07-04,6099.61474609375,6133.998143760569,6042.636544245878,6120.244784693842,97329
2025-07-07,6066.2138671875,6100.597265625001,6047.05740234375,6099.614882812501,150035
2025-07-08,6062.775390625,6086.352577593322,5984.6759587924325,6078.493515270548,169573
2025-07-09,6043.61865234375,6078.493239820701,6002.849768391821,6062.775115887427,126766
2025-07-10,6029.37451171875,6065.231484375,5945.87197265625,6022.006640625,218296
2025-07-11,5959.1337890625,5977.30787002156,5560.28639071773,5566.180687244992,1578498
2025-07-14,6070.14306640625,6093.229061237217,5896.261318104922,5919.838504315272,423728
2025-07-15,6267.60205078125,6311.809275277356,6071.125497465224,6076.037411298124,770631
2025-07-16,6199.81787109375,6326.054061306956,6185.082129045515,6326.054061306956,160852
2025-07-17,6087.3349609375,6210.132809742016,6075.055176057048,6201.78255602331,151809
2025-07-18,6057.3720703125,6115.332652886038,6017.094377337668,6087.334744354753,148243
2025-07-21,6089.2998046875,6124.665585597196,6016.603477262013,6057.372363588469,94884
2025-07-22,6100.59716796875,6119.262441107463,6066.213770081647,6098.632402375201,117799
2025-07-23,6125.64794921875,6148.733945018067,6080.9495318200725,6100.597187819491,98161
2025-07-24,6116.31494140625,6149.224763207906,6067.686995759027,6125.647577439555,99684
2025-07-25,5955.20458984375,6146.769237652977,5924.750722756129,6116.315370565356,102809
2025-07-28,5929.17138671875,6023.480135476102,5910.506113527191,5982.711249294539,157018
2025-07-29,5983.2021484375,5998.920272462621,5872.192897510083,5903.629145560325,108186
2025-07-30,5993.51708984375,6060.810307456321,5955.204163027834,5963.063224938791,95734
2025-07-31,5986.1494140625,6030.356638749923,5895.279007760575,5976.816777739599,138299
2025-08-01,5947.83642578125,5980.255056890472,5914.926603291586,5980.255056890472,126921
2025-08-04,5924.75048828125,5970.922478490042,5867.772287598062,5915.909043347652,145412
2025-08-05,5856.47509765625,5948.327890012345,5836.827441537299,5929.662616699342,86273
2025-08-06,5713.5380859375,5866.789795257695,5697.81996190466,5863.35145562551,120782
2025-08-07,5761.6748046875,5788.199138826726,5632.00028222906,5702.731839933664,107906
2025-08-08,5658.03369140625,5767.56937273133,5633.965312998497,5746.939334096113,66575
2025-08-11,5576.49560546875,5667.857199991536,5565.198203995502,5658.033372623494,101170
2025-08-12,5518.53515625,5629.0532167890515,5512.149668307743,5582.881227052737,92704
2025-08-13,5571.0927734375,5632.0005061042475,5483.169514184696,5540.147715711652,114397
2025-08-14,5581.40771484375,5665.892633171052,5565.198399118163,5594.1786908699705,88786
2025-08-18,5577.47802734375,5697.8199134467195,5563.724668931982,5624.141207669391,120374
2025-08-19,5625.61474609375,5642.806443999389,5518.043836341324,5591.722541651205,90475
2025-08-20,5644.2802734375,5721.888513208027,5590.249220432703,5643.2978906555945,136215
2025-08-21,5559.30419921875,5668.348688724543,5550.462754123686,5658.5248608411375,124725
2025-08-22,5481.20458984375,5559.304018984816,5457.627403687957,5559.304018984816,163567
2025-08-25,5448.7861328125,5538.674157900816,5428.156094267641,5501.3436119624985,149309
2025-08-26,5381.98388671875,5481.204544299948,5358.897892133025,5442.400425740965,156243
2025-08-28,5243.95947265625,5393.281660712404,5226.27658196539,5393.281660712404,146049
2025-08-29,5141.79150390625,5248.871227621531,5129.020527683327,5243.959313689637,201277
2025-09-01,5262.62451171875,5289.148846573409,5158.491937844905,5181.577932996182,162133
2025-09-02,5329.91796875,5343.180136767349,5211.049648001912,5299.955292858953,162068
2025-09-03,5331.88232421875,5378.054313023592,5298.972502411043,5353.003553140114,102124
2025-09-04,5332.37353515625,5396.228413524923,5271.956996392044,5376.580758642254,149976
2025-09-05,5354.96826171875,5389.842848636933,5265.571433280591,5342.197286227584,129172
2025-09-08,5373.142578125,5403.1052527082,5352.512539887387,5383.457597243806,67959
2025-09-09,5455.66259765625,5581.407589553252,5379.036743219015,5392.298910333152,401718
2025-09-10,5740.5537109375,5756.763026626808,5491.519678983593,5491.519678983593,596016
2025-09-11,5651.15673828125,5746.9390558792375,5644.771250441384,5740.553568039371,133727
2025-09-12,5620.703125,5684.066814864983,5561.2689662894345,5651.156991446736,141104
2025-09-15,5584.84619140625,5648.209881704526,5560.286621523197,5620.703163435507,108324
2025-09-16,5606.45849609375,5621.194237716565,5540.638850178509,5606.45849609375,114558
2025-09-17,5582.88134765625,5666.38388408961,5564.216074806441,5621.1942761374385,126105
2025-09-18,5632.49169921875,5680.137264303273,5590.740430845715,5609.405703765425,164737
2025-09-19,5621.685546875,5651.648222135758,5589.758106023372,5633.9653318179335,155191
2025-09-22,5508.22021484375,5599.090621455672,5466.960138328066,5599.090621455672,188343
2025-09-23,5457.62744140625,5540.638784903474,5404.087580807449,5496.4315605558395,136231
2025-09-24,5407.52587890625,5482.678159719463,5395.246094459647,5471.871949406452,136459
2025-09-25,5365.28369140625,5451.733378276844,5334.338633037799,5403.105429412135,135297
2025-09-26,5209.57568359375,5363.809774169692,5201.716621653575,5354.968329486995,155688
2025-09-29,5207.611328125,5274.904551286019,5165.860058280572,5209.576093764737,131890
2025-09-30,5134.91455078125,5228.240910514217,5118.214044302719,5221.364231375998,270642
2025-10-01,5133.9326171875,5173.719121396473,5084.813476188768,5173.719121396473,172390
2025-10-03,5261.15087890625,5274.413046185727,5098.566531887487,5130.493971634374,170657
2025-10-06,5298.97265625,5339.250349781007,5204.172719036777,5294.55193378928,163367
2025-10-07,5294.5517578125,5331.882301795592,5219.890669846315,5324.514431272613,158874
2025-10-08,5363.81005859375,5455.1716584928745,5252.309611405034,5294.5520715734465,378764
2025-10-09,5474.8193359375,5505.273202690427,5337.285744150087,5363.810079709088,361874
2025-10-10,5312.23486328125,5522.955968815014,5304.866992458391,5451.733217527378,791616
2025-10-13,5257.71240234375,5295.534137674511,5201.716586399506,5274.904100221369,232299
2025-10-14,5241.01220703125,5314.690916595888,5218.908594161859,5275.395604828081,174112
2025-10-15,5272.939453125,5287.6751944937705,5226.767463502853,5241.012013492665,141704
2025-10-16,5308.30517578125,5334.338318588357,5260.659612530507,5293.078243195961,122296
2025-10-17,5274.904296875,5324.51462688565,5241.503282610403,5308.305311139596,193891
2025-10-20,5302.4111328125,5329.426659658696,5257.221524269772,5274.9044145691005,91698
2025-10-21,5260.16845703125,5349.074096280728,5177.157114306599,5328.935249820901,46044
2025-10-23,5374.6162109375,5393.281483832367,5269.992444447856,5306.340607453648,289323
2025-10-24,5446.330078125,5470.889647380614,5365.774690966586,5402.614044850006,216677
2025-10-27,5487.09912109375,5525.903241635009,5422.753047791156,5451.242148948029,212923
2025-10-28,5447.3125,5501.343552750225,5424.226504733994,5501.343552750225,138538
2025-10-29,5440.9267578125,5476.292536142598,5395.245960802789,5458.609646977549,81128
2025-10-30,5441.9091796875,5488.57235976425,5405.561018364558,5457.136112133597,123485
2025-10-31,5358.40673828125,5441.909272473918,5317.14666256252,5441.909272473918,87662
2025-11-03,5338.26806640625,5358.898104940393,5299.463946306315,5356.9333393657125,67952
2025-11-04,5286.20166015625,5367.739429677337,5265.57162208465,5344.162243309794,89899
2025-11-06,5150.1416015625,5284.728039218973,5129.020372295243,5284.728039218973,222332
2025-11-07,5088.74267578125,5121.1613067273465,5036.185198338336,5121.1613067273465,172150
2025-11-10,5115.26708984375,5156.527166235806,5060.2536546543415,5088.742755020286,110874
2025-11-11,5190.41943359375,5213.014237601066,5082.848518863265,5114.7759593083865,102792
2025-11-12,5293.07861328125,5383.457832364746,5176.17505816238,5190.419608996192,208841
2025-11-13,5213.99658203125,5326.970601236826,5206.628711213495,5313.217242377017,72589
2025-11-14,5173.71875,5213.0140599781635,5142.282502017469,5206.628572106712,125968
2025-11-17,5209.57568359375,5218.417128276447,5108.390261113992,5173.7187134917,135921
2025-11-18,5184.03369140625,5254.76524831003,5167.333184915079,5208.593259775618,134520
2025-11-19,5253.2919921875,5290.131346971424,5158.9832439406555,5177.157325634058,137005
2025-11-20,5271.95703125,5303.884470645439,5241.9943573558185,5303.884470645439,161695
2025-11-21,5226.767578125,5271.95718598023,5206.628731146039,5230.205917853115,162673
2025-11-24,5138.84423828125,5309.778839210506,5038.641196357204,5232.1706008575675,5075701
2025-11-25,5073.0244140625,5121.161167797794,5059.271055852416,5074.006796791792,188860
2025-11-26,5137.37060546875,5151.615155383522,5034.711607807122,5083.339554067893,169001
2025-11-27,5105.443359375,5168.807049326835,5074.00711009657,5139.335565628307,106818
2025-11-28,5067.62158203125,5114.284764186234,5059.271328382463,5113.793572795129,136784
2025-12-01,5032.7470703125,5102.49624891726,5016.0465627592475,5092.181229546134,110148
2025-12-02,5036.67626953125,5075.480387465029,5007.2047875562275,5032.746738601247,227935
2025-12-03,5083.33984375,5136.879706825538,5039.623808761716,5039.623808761716,289306
2025-12-04,5124.599609375,5165.368493452267,5079.410002927909,5080.392385676759,273807
2025-12-05,5125.58203125,5176.174743201965,5104.460801988501,5128.037988140873,262396
2025-12-08,4945.80615234375,5137.370796242257,4919.773008429337,5125.582202771579,242850
2025-12-09,4891.77490234375,4946.297144954469,4860.829845726855,4945.314762204726,146223
2025-12-10,4777.32763671875,4914.861231031032,4769.46857418662,4914.370039622773,183782
2025-12-11,4928.123046875,4937.946874338121,4778.309678062394,4808.763543198072,139396
2025-12-12,4941.87646484375,4951.209101046119,4900.616389001699,4937.946933811174,82176
2025-12-15,4959.5595703125,5035.694237381772,4927.632129283451,4956.612421909819,114281
2025-12-16,4909.94921875,4955.138827405963,4892.266328406363,4955.138827405963,66003
2025-12-17,4880.96875,4963.488901957331,4863.285860294857,4911.913806983999,72380
2025-12-18,4925.17626953125,4960.542051061742,4847.568026728224,4892.266445051486,105540
2025-12-19,5318.12890625,5353.985875877436,4972.821376824143,5025.870044218158,1773370
2025-12-22,5362.33642578125,5409.490799407246,5302.41107596488,5315.182052155254,455234
2025-12-23,5333.35595703125,5386.895816979344,5307.322814120709,5344.162167296003,159234
2025-12-24,5292.58740234375,5339.250585937501,5268.5190234375,5333.84748046875,96729
2025-12-26,5253.783203125,5329.426678562663,5241.0122267524075,5275.395624678618,84561
2025-12-29,5221.85546875,5274.904136855071,5186.489690013287,5254.765290629997,96723
2025-12-30,5101.513671875,5247.888703091902,5084.321973577713,5224.311516855622,141898
2025-12-31,5148.1767578125,5171.262752242153,5088.742601940416,5101.513577582351,82797
2026-01-01,5119.68798828125,5160.456874688939,5093.65484394863,5157.5097262739255,45872
2026-01-02,5243.46826171875,5282.76357421875,5105.934667968751,5119.68802734375,126422
2026-01-05,5269.01025390625,5302.902461188764,5199.261073701655,5273.922168005165,150166
2026-01-06,5250.8359375,5297.499119358045,5215.961348953461,5255.747851379794,92573
2026-01-07,5749.88623046875,5818.653022905588,5241.994349185247,5245.923880181638,2893997
2026-01-08,5615.791015625,5845.177388781378,5546.04184006139,5749.8862616029255,1039700
2026-01-09,5590.740234375,5733.676924605463,5546.533010592383,5562.25113460398,533373
2026-01-12,5593.1962890625,5660.9807000478895,5484.151801825135,5550.462638658668,301050
2026-01-13,5690.943359375,5721.397225099258,5580.916489661553,5642.806603875367,384976
2026-01-14,5408.01708984375,5664.418990016178,5370.686544991059,5599.58172790361,922269
2026-01-15,5408.01708984375,5408.01708984375,5408.01708984375,5408.01708984375,0
2026-01-16,5506.74658203125,5592.705073856731,5383.4575451844175,5408.017114277412,595759
2026-01-19,5464.99560546875,5515.5883204933125,5389.843320043915,5505.764492333204,260863
2026-01-20,5292.09619140625,5467.942714194763,5266.554238375516,5466.960331385888,268719
2026-01-21,5253.2919921875,5353.495037199772,5187.472344973557,5272.448456675141,396287
2026-01-22,5367.7392578125,5449.768216089832,5278.342429031216,5280.307194498936,377733
2026-01-23,5314.19970703125,5410.473220533248,5279.816309351964,5377.563397040219,194177
2026-01-27,5319.6025390625,5349.074021273373,5245.923833535318,5308.796328918514,188198
2026-01-28,5296.025390625,5357.424312330447,5256.238889359871,5342.197379747496,121318
2026-01-29,5238.06494140625,5310.270075163444,5170.280530123986,5299.955056055273,209744
2026-01-30,5229.71484375,5239.047480364187,5149.159454027543,5230.206035150747,166386
2026-02-02,5344.162109375,5354.477128152286,5249.853366268382,5352.021171300552,192320
2026-02-03,5410.96435546875,5537.200542774076,5353.98615419475,5501.3435712826795,201609
2026-02-04,5412.92919921875,5434.050429306446,5216.452640263442,5312.726154151543,360048
2026-02-05,5310.76123046875,5466.960090188419,5279.816173354476,5400.158062132208,207397
2026-02-06,5106.9169921875,5295.0432986228,5029.799942291045,5295.0432986228,426399
2026-02-09,5140.80908203125,5190.910603755613,5108.8816417167045,5136.879550915613,165677
2026-02-10,5286.20166015625,5299.4638274879935,5135.897097063163,5167.33334555322,213253
2026-02-11,5158.0009765625,5303.393633363043,5129.020683484013,5290.131465344074,158972
2026-02-12,4888.3369140625,5132.45904491952,4868.198066245322,5114.284962743041,564653
2026-02-13,4739.0146484375,4805.325487734666,4671.23023493373,4764.556601351964,441804
2026-02-16,4736.0673828125,4759.644569534653,4666.318205426131,4739.014531152769,215518
2026-02-17,4832.3408203125,4955.13866591914,4721.822759266524,4735.576117974468,423010
2026-02-18,4798.93994140625,4852.970994994243,4736.067442685677,4852.970994994243,181973
2026-02-19,4754.2412109375,4893.248366913873,4727.2256859244235,4803.36034732491,282759
2026-02-20,4773.39794921875,4823.499471221252,4703.648771528992,4744.908848472229,227011
2026-02-23,4630.95263671875,4787.151505882577,4596.56923784621,4760.1359781970095,327068
2026-02-24,4418.7578125,4617.199137116497,4376.5153523093595,4593.1307586357825,465584
2026-02-25,4496.36572265625,4587.727315884791,4444.299438343211,4444.790629704654,433884
2026-02-26,4428.09033203125,4613.269484019689,4391.74216957198,4518.960738179423,469675
2026-02-27,4433.49365234375,4515.031426140456,4411.390038965125,4442.3350976952,345149
2026-03-02,4370.91552734375,4449.211627070886,4241.634336761009,4241.634336761009,303080
2026-03-04,4280.9296875,4369.638661806675,4241.928898759268,4337.220029648487,279451
2026-03-05,4322.484375,4346.0615625,4258.039966564179,4322.484375,199593
2026-03-06,4253.9140625,4410.898637273419,4244.87594914442,4342.131843373833,267961
2026-03-09,4227.880859375,4245.170412139406,4147.1288049505,4219.333937525144,197809
2026-03-10,4279.84912109375,4302.836783315365,4189.862758182656,4275.330064152618,241362
2026-03-11,4266.88134765625,4347.043879885553,4248.805600114128,4300.577365425309,218308
2026-03-12,4253.71728515625,4302.836422398239,4178.073813803587,4263.541112604647,227665
2026-03-13,4180.03857421875,4250.770131761347,4160.292585135627,4248.805366274053,185443
2026-03-16,4128.1689453125,4180.038562155753,4045.6487950842784,4159.114001648083,407416
2026-03-17,4031.30615234375,4143.690648681316,3979.5343869335825,4135.831586284576,479527
2026-03-18,4133.27734375,4244.974461250838,4039.5581195009026,4039.5581195009026,609173
2026-03-19,3968.138671875,4104.493444918615,3950.750545247518,4104.493444918615,365192
2026-03-20,4163.04345703125,4204.598054341552,4032.681077820577,4035.5298917813975,826879
2026-03-23,4057.830322265625,4116.183762243233,4038.5755242438972,4116.183762243233,299035
2026-03-24,4106.556640625,4204.598249046554,4027.769350722166,4141.725751864549,291011
2026-03-25,4139.17138671875,4212.457235871927,4113.727769406179,4131.508993133338,262185
2026-03-27,4087.498046875,4189.469666441225,4067.0646770839912,4116.282149909159,325398
2026-03-30,3906.54345703125,4057.2408794759676,3896.3265322203674,4052.328965578297,346542
2026-04-01,4054.39208984375,4143.592254892672,3979.632663933762,4036.9053884549503,263560
2026-04-02,4166.580078125,4179.253200293528,3952.7156252213017,4027.7695770132377,282399
2026-04-06,4197.03369140625,4224.245885844837,4146.63764747699,4168.250068288289,204565
2026-04-07,4280.8310546875,4301.853949048475,4132.000071978926,4179.841822837544,395906
2026-04-08,4356.2783203125,4410.898901532331,4310.6958529897265,4410.898901532331,203424
2026-04-09,4373.56787109375,4396.162673662294,4283.1886608195755,4370.522388724786,197459
2026-04-10,4366.98583984375,4410.898540571403,4297.9245244988615,4410.898540571403,200289
2026-04-13,4333.68310546875,4351.464328925402,4258.6291603773825,4302.836383495487,126520
2026-04-15,4460.607421875,4479.6655521919265,4357.850085421795,4376.515358555928,236100
2026-04-16,4512.673828125,4557.863437947514,4431.627245291143,4509.333822465245,304117
2026-04-17,4511.5927734375,4669.854730190034,4487.131538930507,4511.101582063146,366696
2026-04-20,4437.0302734375,4508.940406963147,4406.085215076941,4501.572535924918,250514
2026-04-21,4568.767578125,4587.727373041316,4437.029957408707,4437.52114877627,349882
2026-04-22,4285.64501953125,4508.744252185822,4273.365234375,4508.744252185822,1796463
2026-04-23,4158.91748046875,4303.818939868571,4136.81386801793,4278.276987703179,655925
2026-04-24,4119.130859375,4222.5755707927065,4084.4529402673943,4158.917360640129,412945
2026-04-27,4114.90673828125,4207.938095123698,4106.3598166477,4130.8210507201475,632056
2026-04-28,4058.812744140625,4134.259548924555,4033.172457935143,4114.906896183639,329648
2026-04-29,4075.316650390625,4125.319838223973,4064.1175825746063,4068.047113715602,282871
2026-04-30,4057.142578125,4097.911463805894,4017.945600839911,4075.316659693591,267038
2026-05-01,4057.142578125,4057.142578125,4057.142578125,4057.142578125,0
2026-05-04,4105.0830078125,4116.183741065939,4054.588150491483,4076.888430888698,187805
2026-05-05,4145.06591796875,4153.023314637525,4077.871029937402,4098.402734658216,176943
2026-05-06,4205.875,4241.928638147686,4165.499453444999,4173.6530382516075,287870
2026-05-07,4221.69140625,4252.440273202598,4189.862302048329,4229.157610860037,182289
2026-05-08,4243.50048828125,4270.810535993662,4195.756592209316,4199.686123084717,204444
2026-05-11,4170.31298828125,4255.583616662524,4165.302740464218,4255.583616662524,163877
2026-05-12,4010.282958984375,4149.486551721267,4003.3081851110805,4145.557020579282,305282
2026-05-13,3963.128662109375,4021.8752017888073,3948.9824456598126,4010.283036727319,207466
2026-05-14,3954.68017578125,3984.5445160604813,3875.5000285647434,3978.6502194390905,278082
2026-05-15,4052.91845703125,4067.5558643871527,3941.418012493648,3959.00256816332,279144
2026-05-18,4081.407470703125,4086.712241619412,3966.2720204858706,4053.4095623170306,230350
2026-05-19,4112.3525390625,4201.159844015017,4101.447994566281,4101.447994566281,318470
2026-05-20,4101.54638671875,4145.556942811733,4065.296558549782,4106.359966341563,173872
2026-05-21,4143.39599609375,4161.471743104962,4108.914264970936,4140.6450365334895,140584
2026-05-22,4235.150390625,4243.893501207876,4103.7072902106975,4145.655225716953,273949
2026-05-25,4250.966796875,4316.589772227956,4224.245794396952,4278.375179465621,287410
2026-05-26,4259.21875,4276.312113926883,4234.069655645501,4234.266324067278,191626
2026-05-27,4254.896484375,4292.914410115726,4244.875988157331,4268.4531748538775,172636
2026-05-28,4254.896484375,4254.896484375,4254.896484375,4254.896484375,0
2026-05-29,4209.90283203125,4346.650699166098,4189.862320385383,4293.012506467556,290950
2026-06-01,4227.0947265625,4302.836534091573,4215.011610358946,4231.024257643862,204874
2026-06-02,4450.48828125,4462.768065351278,4225.22811356778,4225.22811356778,940780
2026-06-03,4270.41796875,4418.659435152432,4211.475001617495,4416.891338010094,498745
2026-06-04,4219.53076171875,4246.34962007919,4191.336183705695,4243.893663098231,331580
2026-06-05,4225.32666015625,4288.100823701422,4196.837559609322,4266.488402596856,169218
2026-06-08,4180.431640625,4225.228391913354,4153.317779607383,4190.9433283798,144317
2026-06-09,4182.2001953125,4210.394293509636,4130.919621927282,4209.5102449365995,162583
2026-06-10,4092.199951171875,4215.39990234375,4075.800048828125,4205.2001953125,265490
2026-06-11,4009.10009765625,4080.0,3981.0,4080.0,209559
2026-06-12,4064.89990234375,4075.0,4012.10009765625,4050.39990234375,133157
2026-06-15,4068.199951171875,4140.0,4057.0,4120.0,194208
2026-06-16,4119.0,4125.0,4071.0,4089.89990234375,142275
2026-06-17,4094.60009765625,4157.0,4022.5,4122.10009765625,267544
2026-06-18,4116.0,4145.0,4046.199951171875,4094.0,316532
2026-06-19,4065.5,4095.0,3926.10009765625,4050.0,593779
2026-06-22,4115.2998046875,4139.2998046875,4085.699951171875,4085.699951171875,178563
2026-06-23,4076.10009765625,4124.7001953125,4054.0,4115.2998046875,166251
2026-06-24,4025.5,4099.89990234375,4011.10009765625,4076.10009765625,244766
2026-06-25,4028.300048828125,4089.0,4015.0,4053.0,209871
2026-06-26,4028.300048828125,4028.300048828125,4028.300048828125,4028.300048828125,0
2026-06-29,3980.39990234375,4054.89990234375,3952.199951171875,4041.0,365077
2026-06-30,3829.699951171875,3992.60009765625,3813.800048828125,3990.0,473952
2026-07-01,3587.800048828125,3769.800048828125,3562.0,3769.800048828125,1674450
2026-07-02,3671.10009765625,3719.0,3598.699951171875,3599.10009765625,560469
2026-07-03,3678.89990234375,3742.89990234375,3662.300048828125,3719.89990234375,310095
2026-07-06,3658.60009765625,3693.60009765625,3640.0,3693.300048828125,164723
2026-07-07,3707.199951171875,3732.800048828125,3658.60009765625,3664.0,388855
2026-07-08,3623.60009765625,3707.0,3612.89990234375,3707.0,208579
2026-07-09,3621.39990234375,3642.0,3588.699951171875,3629.39990234375,161131
2026-07-10,3690.300048828125,3734.699951171875,3652.0,3669.0,377470
2026-07-13,3823.60009765625,3840.0,3672.800048828125,3690.300048828125,687570
2026-07-14,3697.300048828125,3840.0,3681.10009765625,3823.60009765625,552431
2026-07-15,3520.39990234375,3549.800048828125,3469.699951171875,3533.0,1771347
2026-07-16,3537.800048828125,3594.0,3510.300048828125,3519.89990234375,594468
2026-07-17,3503.199951171875,3579.5,3481.10009765625,3538.10009765625,449370
2026-07-20,3536.699951171875,3565.800048828125,3486.0,3505.0,337983
2026-07-21,3461.60009765625,3545.0,3454.0,3536.699951171875,497377
2026-07-22,3406.60009765625,3456.89990234375,3400.0,3456.0,367148
2026-07-23,3387.60009765625,3430.39990234375,3378.0,3410.60009765625,378796
2026-07-24,3538.0,3556.60009765625,3353.89990234375,3359.0,1304975
2026-07-27,3554.39990234375,3583.0,3520.699951171875,3555.800048828125,512981
2026-07-28,3581.800048828125,3629.89990234375,3560.60009765625,3560.60009765625,685420
2026-07-29,3673.39990234375,3725.0,3603.300048828125,3610.0,755828
2026-07-30,3658.300048828125,3721.10009765625,3641.199951171875,3670.0,376269
2026-07-31,3672.89990234375,3686.89990234375,3566.5,3638.0,269189
2026-08-03,3761.89990234375,3765.0,3678.0,3704.60009765625,322468
2026-08-04,3737.0,3789.0,3732.800048828125,3778.5,162277
