Date,Close,High,Low,Open,Volume
2021-08-04,1770.47998046875,1828.5745185406668,1765.954438795026,1827.1479094717981,2040687
2021-08-05,1770.184814453125,1791.7303452233605,1734.66886773096,1790.59904993532,2301814
2021-08-06,1758.8216552734375,1767.282470988929,1749.2294241790921,1766.9381585071144,877876
2021-08-09,1770.037353515625,1801.9622207665832,1748.98361032299,1758.8217968527213,1770502
2021-08-10,1770.086181640625,1792.517291281946,1764.330867485098,1780.7114693854676,862746
2021-08-11,1760.4449462890625,1785.630677277383,1744.851446211736,1775.7924917276455,748179
2021-08-12,1794.0914306640625,1799.9943417893633,1752.1807856934342,1768.9057005484528,889082
2021-08-13,1808.1600341796875,1811.2098474921454,1789.3198860001844,1800.3878440579176,1194666
2021-08-16,1807.4713134765625,1817.1620218489736,1787.598227668182,1798.4202312479013,461655
2021-08-17,1844.1185302734375,1847.95544642369,1799.0597152506919,1810.2260311521075,1917077
2021-08-18,1849.8741455078125,1860.0566439101262,1829.9025800637235,1857.2527849435533,1029077
2021-08-20,1846.4307861328125,1861.6799743470438,1827.8857095510837,1829.312318570086,1070166
2021-08-23,1840.0849609375,1864.3361116863584,1817.9490440441264,1858.4332005147921,1092285
2021-08-24,1839.34716796875,1856.760828653386,1822.6222523377103,1852.5303607792835,1003905
2021-08-25,1793.1568603515625,1839.4454499407418,1790.5497172387738,1829.9024582769887,1280400
2021-08-26,1785.9749755859375,1804.9134826189588,1776.0384322785285,1793.156899018293,1059290
2021-08-27,1793.05859375,1800.3879941032783,1767.9219810948584,1794.485082647202,1020589
2021-08-30,1848.0538330078125,1856.4162903470494,1802.158795569086,1805.3069667646678,1670309
2021-08-31,1890.5054931640625,1893.8504998841615,1845.200725990082,1848.0537033944074,1816071
2021-09-01,1908.017578125,1922.3320649069237,1884.012383269557,1894.0472836959577,1247432
2021-09-02,1935.2694091796875,1947.46878298857,1915.3470839179959,1926.808593828297,1167157
2021-09-03,1986.624755859375,1991.642206217573,1938.2208133399126,1938.2208133399126,1548784
2021-09-06,1987.9530029296875,1999.9555413577646,1973.6876337691674,1992.2325896588356,679133
2021-09-07,2000.9886474609375,2006.8915589809983,1980.1316213663642,1981.4106335670608,773091
2021-09-08,2022.6817626953125,2033.5530060486838,1982.4436788258251,2001.0377539226608,796813
2021-09-09,2001.3822021484375,2026.666291828868,1988.346605853907,2018.7957431227364,653397
2021-09-13,1997.7911376953125,2010.3839429214545,1988.4448615867143,2004.0383613909996,786459
2021-09-14,2022.435791015625,2028.141986772915,1999.1685778570325,2005.9077110582011,888765
2021-09-15,2085.548095703125,2098.4852150881284,2026.6664524526698,2026.6664524526698,2795995
2021-09-16,2074.578125,2098.4357247990097,2061.1490978901957,2098.4357247990097,725123
2021-09-17,2061.68994140625,2115.209566453523,2046.3422782434086,2079.7428649873063,1727410
2021-09-20,2043.735595703125,2062.0837158968816,2037.0455814112452,2054.213167362924,411738
2021-09-21,2052.097900390625,2063.559289761907,2028.7322111740123,2041.4233736619583,539788
2021-09-22,2047.375732421875,2076.79181229696,2039.8493760661488,2062.870875272381,1057480
2021-09-23,2070.9873046875,2079.546478108761,2042.9977147351221,2056.180787343494,711634
2021-09-24,2059.03369140625,2080.7761768479227,2051.261621147952,2070.937991614599,540771
2021-09-27,2056.4267578125,2073.2501513690218,2043.587877486742,2065.035170265967,507550
2021-09-28,2094.84521484375,2103.4043895320738,2049.3435997755278,2049.4910765051095,923489
2021-09-29,2112.750244140625,2132.8200456108007,2075.906289085243,2094.54960175804,912912
2021-09-30,2126.8681640625,2149.643466730089,2101.731552832288,2115.111340593546,1374265
2021-10-01,2128.737548828125,2139.8055083540944,2088.302507283879,2122.0967731125434,626710
2021-10-04,2120.42431640625,2139.1168701570023,2103.4042062688623,2125.0482158749965,870878
2021-10-05,2157.16943359375,2170.942891927445,2095.5333036264847,2120.423958510387,1329784
2021-10-06,2112.897705078125,2169.0245985312863,2100.550975057343,2158.497788621147,895210
2021-10-07,2336.913330078125,2345.6692185023303,2213.591587136518,2218.510679552377,8361061
2021-10-08,2320.04052734375,2380.840553143862,2314.9247196477304,2380.840553143862,1845797
2021-10-11,2324.1728515625,2367.165914444244,2319.4014756985375,2338.5366985001638,1056932
2021-10-12,2452.265869140625,2467.21986096083,2304.7421061504956,2326.730543728556,3517011
2021-10-13,2496.14404296875,2566.7330144844896,2449.707861661213,2498.8003046602535,4023645
2021-10-14,2522.559814453125,2542.1869450348677,2491.372816764509,2533.6277723214075,1546459
2021-10-18,2546.909423828125,2634.5675095436964,2533.8245895192495,2577.604513508225,2572741
2021-10-19,2444.6904296875,2595.3131341157286,2428.8018574102366,2595.3131341157286,3546129
2021-10-20,2372.380126953125,2465.006794247987,2364.1161466115436,2446.8553887258795,2868983
2021-10-21,2356.933837890625,2396.5325309275777,2341.5371750591107,2394.515655045449,2303014
2021-10-22,2372.970458984375,2454.5781636713796,2359.196998608844,2378.282983338902,3063724
2021-10-25,2340.651611328125,2372.9701440677563,2302.135214394092,2366.083414793928,1446182
2021-10-26,2415.02880859375,2428.5070759351925,2332.633997423681,2351.326551599577,2567357
2021-10-27,2420.291748046875,2442.1817075023246,2412.5194385531636,2428.0638173505467,2082690
2021-10-28,2336.716552734375,2430.0318390677235,2321.811797651752,2430.0318390677235,3330380
2021-10-29,2344.980712890625,2365.099753856926,2308.579427161546,2361.1644797240524,1450019
2021-11-01,2367.3623046875,2401.943425966438,2351.6704489755357,2401.943425966438,1276469
2021-11-02,2414.241455078125,2424.915982299373,2381.8739212299415,2383.595603672719,1546219
2021-11-03,2378.823974609375,2431.6549818107846,2367.116630138865,2422.16122904025,1554405
2021-11-04,2392.40087890625,2405.2397596654464,2382.8086475628406,2399.5335637513494,181506
2021-11-08,2495.70166015625,2507.458243571421,2408.6829590700618,2437.803843492779,3449086
2021-11-09,2471.45068359375,2502.637683692478,2450.839492751949,2488.0278821012853,1097405
2021-11-10,2444.3955078125,2485.9618388701615,2432.1960144649724,2464.4653088625423,911235
2021-11-11,2487.192138671875,2501.654225448994,2436.2302822376405,2443.8056381504066,1726010
2021-11-12,2498.4072265625,2520.297189465046,2482.1742203651065,2506.6222075929695,1673817
2021-11-15,2498.308349609375,2531.069550376895,2490.7329959651834,2509.7207391287043,846885
2021-11-16,2490.78271484375,2510.0656552807745,2479.370323125497,2508.8358820434664,1133767
2021-11-17,2458.9072265625,2497.9155397623877,2450.790722740901,2482.075963501167,892518
2021-11-18,2438.098876953125,2479.222536912946,2416.750064256608,2451.6756198361354,739912
2021-11-22,2352.60546875,2452.069385202995,2314.925168291429,2452.069385202995,1361329
2021-11-23,2349.0634765625,2371.937257584807,2326.7800827393785,2341.488121853342,1247942
2021-11-24,2337.405517578125,2366.329688350654,2326.730989688929,2361.164640699125,614145
2021-11-25,2359.000244140625,2364.312768407804,2317.04023750102,2321.8118537001233,662071
2021-11-26,2255.207275390625,2346.505683459317,2248.074591013228,2339.3237601171654,1289322
2021-11-29,2286.591064453125,2296.6259657944265,2195.292653434652,2252.9445175134297,1094276
2021-11-30,2337.06103515625,2351.326404556278,2298.593632629108,2298.593632629108,2675375
2021-12-01,2322.008544921875,2402.435713159512,2309.4156191659167,2370.8060421549326,2177426
2021-12-02,2347.883056640625,2383.300525753997,2321.861103066178,2330.6662313771803,1682636
2021-12-03,2330.911865234375,2366.5260451256604,2316.941691266971,2366.0833748606824,1062389
2021-12-06,2287.67333984375,2341.340690194587,2280.8848476828025,2323.140046880431,547641
2021-12-07,2342.029541015625,2347.2438279113803,2287.7227994410077,2298.6922813392594,904175
2021-12-08,2366.624755859375,2378.8732487423035,2338.6351662105753,2346.4072366626942,926476
2021-12-09,2334.7490234375,2384.7762955147423,2317.7291537445194,2384.7762955147423,1250492
2021-12-10,2301.495849609375,2346.8004983106475,2259.1424161482287,2346.8004983106475,2288164
2021-12-13,2312.465576171875,2347.3911358205037,2302.2339589987328,2314.5316912693766,992852
2021-12-14,2316.744873046875,2332.8793988543425,2281.2289324590433,2304.7913352813666,765269
2021-12-15,2285.55810546875,2329.9284208115873,2279.950387435354,2316.9913021790107,567271
2021-12-16,2319.1064453125,2326.5343239421445,2287.6242494274647,2306.1693265170306,998086
2021-12-17,2243.499755859375,2301.446813356599,2220.576975484647,2298.2001640594235,1591893
2021-12-20,2203.1142578125,2226.5289481260256,2169.319993135913,2223.1348220251225,1063366
2021-12-21,2250.632568359375,2272.6210105767063,2214.8709056619746,2214.8709056619746,883858
2021-12-22,2262.536865234375,2270.7518467652253,2245.418517368645,2268.98092521599,643034
2021-12-23,2292.19873046875,2299.7250864472812,2272.6208375116703,2282.4590229554437,613686
2021-12-24,2281.91796875,2304.004647943392,2272.6209311605417,2302.233966642607,534065
2021-12-27,2293.576171875,2306.070619085444,2249.3043383174722,2268.832991894918,537545
2021-12-28,2341.340576171875,2346.3579064568476,2289.8375811177543,2302.2337904148694,871453
2021-12-29,2363.279541015625,2377.348193766254,2331.9943045060563,2340.504238553395,764644
2021-12-30,2397.861083984375,2408.3878948002643,2352.015041871702,2355.0649755596155,1152684
2021-12-31,2481.583984375,2493.980195029884,2405.043088095782,2407.699350324659,2225749
2022-01-03,2483.0107421875,2504.802228737755,2461.8094027004245,2469.3847581036,921729
2022-01-04,2541.203369140625,2552.9599530272044,2483.551504798375,2484.141892017065,1037293
2022-01-05,2534.4638671875,2565.7985816785776,2518.673772822697,2534.316390492337,1244568
2022-01-06,2553.89453125,2559.256534611636,2497.3742024091375,2498.8991692315276,1130508
2022-01-07,2531.0703125,2643.7667922244336,2520.8879331050807,2587.4431718486408,4625230
2022-01-10,2614.497802734375,2620.4499530137987,2529.3974979605186,2543.1709576927033,1894316
2022-01-11,2610.415283203125,2635.4041805704796,2591.6734900825604,2607.119394684749,1123968
2022-01-12,2570.668701171875,2628.7632361464357,2565.798847256701,2598.2648602779705,1293999
2022-01-13,2576.866455078125,2586.3602069706094,2546.12212875525,2568.7499529288857,1023670
2022-01-14,2550.795654296875,2596.2972641748925,2546.9588578642765,2583.5076224794498,1166457
2022-01-17,2555.517822265625,2562.1585972174203,2509.1306353401546,2550.7954453730017,1172956
2022-01-18,2558.518798828125,2592.3620632745333,2545.138769522284,2555.9607743405077,1221314
2022-01-19,2547.0078125,2575.4403134288536,2529.4960340187254,2555.960657607684,629040
2022-01-20,2522.805908203125,2567.766367051803,2508.737255165555,2554.976726143116,1215237
2022-01-21,2487.24072265625,2520.4445980719547,2464.465419743432,2506.769616569367,1457884
2022-01-24,2364.1650390625,2481.7313470575173,2337.552701223106,2479.2225619032943,1411443
2022-01-25,2338.044677734375,2368.7890060235395,2292.6905485661737,2347.390953534281,2849686
2022-01-27,2272.669921875,2322.2050381006516,2223.4297590405376,2289.3455970297923,2460051
2022-01-28,2278.130126953125,2339.323587258764,2270.653010565017,2275.5721028756,1317407
2022-01-31,2322.107177734375,2341.48835685181,2298.5447694082764,2314.925253643827,900510
2022-02-01,2392.449951171875,2402.5833300768513,2320.778675129031,2340.307569040904,1246431
2022-02-02,2424.12890625,2437.8038880136105,2402.2389435210785,2411.339265105012,1144427
2022-02-03,2434.901611328125,2465.990372805866,2377.8893758209088,2440.3618521819462,3883564
2022-02-04,2431.1630859375,2479.2227176311003,2390.6790491442753,2469.3845322436755,2718069
2022-02-07,2370.215576171875,2457.726187179797,2349.35867118264,2439.869976772591,1119632
2022-02-08,2404.108154296875,2425.1127768580673,2362.049910398018,2379.266735385854,1524580
2022-02-09,2444.592529296875,2454.627431077289,2416.307744269431,2425.1128727877826,826261
2022-02-10,2451.5283203125,2463.432380509816,2425.653844721696,2459.4971063573003,788689
2022-02-11,2402.730712890625,2439.8698609760468,2382.0705245517147,2439.8698609760468,1030760
2022-02-14,2359.19677734375,2383.7922399932886,2313.2032621891126,2341.4880442360823,816491
2022-02-15,2455.5126953125,2459.349731884747,2360.180771081009,2382.7593594316168,1293933
2022-02-16,2447.789794921875,2479.1242716708553,2420.4395911541233,2469.384564087735,1008929
2022-02-17,2452.856201171875,2496.439408138171,2446.756574596899,2468.892490531129,960885
2022-02-18,2448.675048828125,2459.054382216161,2420.9806536621495,2439.1812962190606,654373
2022-02-21,2414.63525390625,2447.7406534037837,2372.0358608954098,2447.7406534037837,788568
2022-02-22,2410.4541015625,2417.242353977486,2338.5368642264893,2338.5368642264893,874150
2022-02-23,2455.315673828125,2484.14160264134,2412.3228553174517,2412.3228553174517,2096198
2022-02-24,2367.65771484375,2426.096438079119,2356.2453240873842,2363.1320536358653,1875086
2022-02-25,2428.5068359375,2433.9670768925535,2384.2842404402195,2384.2842404402195,1284338
2022-02-28,2505.34326171875,2522.1664153816687,2390.6791577798126,2390.6791577798126,2355891
2022-03-02,2550.697021484375,2562.650560764892,2483.5024078858005,2508.737257161217,3536974
2022-03-03,2532.5947265625,2597.0840760771252,2518.575313198019,2577.6044221010975,2153478
2022-03-04,2401.500732421875,2523.4942149373655,2390.678729940662,2523.4942149373655,2652474
2022-03-07,2351.031494140625,2380.792009749657,2292.2975659188387,2375.725439531933,1545686
2022-03-08,2332.8798828125,2380.3491308233397,2287.968659267918,2361.164667896679,1467595
2022-03-09,2394.269775390625,2420.685397959317,2336.5689169491475,2354.2776497933937,1581979
2022-03-10,2427.8671875,2464.219230718624,2405.2886024029694,2457.5784562671415,1051744
2022-03-11,2453.25,2457.7754211562687,2409.2241204681595,2437.902334746391,812330
2022-03-14,2497.915283203125,2503.8181944670946,2434.9508963874496,2449.7081745473733,1004492
2022-03-15,2515.57470703125,2537.2679533520914,2502.0472024331148,2517.5915830275308,1571483
2022-03-16,2545.43408203125,2551.5337097211145,2524.4786964119453,2536.0878047062643,757197
2022-03-17,2659.261474609375,2677.609594035184,2558.026644404491,2558.026644404491,3336088
2022-03-21,2663.44287109375,2723.2098502862686,2656.310186334149,2695.662929835396,1889261
2022-03-22,2668.853515625,2674.805665319828,2603.626303975917,2672.296880219853,1279904
2022-03-23,2646.471923828125,2698.565068491485,2634.5186244117726,2685.8246661898816,1281815
2022-03-24,2576.12890625,2650.4072077286614,2570.2752338403598,2650.4072077286614,1835380
2022-03-25,2483.059326171875,2591.3778351761007,2477.2548933080566,2588.4263797829617,2863040
2022-03-28,2494.865478515625,2504.359472069643,2442.82157092594,2495.4558657485486,1316800
2022-03-29,2497.718505859375,2517.591591919357,2484.4369558433878,2508.7372252420323,908172
2022-03-30,2482.321533203125,2524.2322970584305,2469.384416103151,2514.935260342588,866666
2022-03-31,2495.111083984375,2504.2114047128644,2479.1732730168146,2484.3875588776355,910316
2022-04-01,2480.05908203125,2508.7372966205094,2451.528344148115,2496.9314740481777,1208002
2022-04-04,2476.271484375,2520.543322593862,2468.154980701542,2499.2437453934917,1424995
2022-04-05,2507.9501953125,2536.0875018701813,2479.271980705309,2491.028564319592,1586304
2022-04-06,2498.948486328125,2523.396234456945,2482.469524755967,2505.785977569301,1349078
2022-04-07,2418.570556640625,2503.277194170606,2412.323212441017,2461.809336166548,2785215
2022-04-08,2469.33544921875,2491.6680834205094,2425.1128511476054,2428.408739536559,1217812
2022-04-11,2449.560546875,2469.3351542765413,2437.311814605095,2462.497663855187,660112
2022-04-12,2447.937255859375,2467.9088203627534,2400.763204660239,2439.8699918276375,1182427
2022-04-13,2421.521728515625,2455.561704044228,2401.5994041583,2451.8723847187975,1165453
2022-04-18,2453.102294921875,2459.5463544084396,2371.002685649736,2395.5981491938205,1109814
2022-04-19,2412.91357421875,2479.8132384582123,2401.501182478337,2468.7942780784674,929834
2022-04-20,2442.526123046875,2464.465323465438,2403.17338335082,2413.356000823199,639190
2022-04-21,2480.206787109375,2484.09282269257,2426.096762003855,2442.526485225148,880723
2022-04-22,2472.040771484375,2485.56827626745,2436.4265887480387,2474.303602140649,878780
2022-04-25,2414.192138671875,2448.7242643496174,2407.45312601179,2431.015531220532,682383
2022-04-26,2506.966552734375,2510.8525882349527,2419.2099801033337,2420.1937987206998,1232557
2022-04-27,2452.0205078125,2496.735017406202,2447.986755272432,2487.7329326468116,801135
2022-04-28,2472.532958984375,2490.044978821296,2436.9187722403594,2488.9626822408304,933881
2022-04-29,2418.422607421875,2491.028461323097,2410.3553436973093,2480.2064577391498,1496781
2022-05-02,2347.93212890625,2397.565725032324,2333.961954008088,2395.5980879990598,1287401
2022-05-04,2252.89501953125,2368.0510175502563,2238.186981689586,2317.87627642227,2357806
2022-05-05,2225.3974609375,2271.6369307270943,2215.7067525757825,2271.6369307270943,2118580
2022-05-06,2173.009033203125,2203.753360215054,2159.924199588837,2203.753360215054,1465638
2022-05-09,2147.87255859375,2177.5348312759247,2135.870020610828,2159.4816652421778,968069
2022-05-10,2102.7646484375,2150.627324238976,2090.614393416205,2144.724413010507,1092429
2022-05-11,2080.48095703125,2103.403976373994,2061.83764428709,2092.778688417908,1472911
2022-05-12,2015.4014892578125,2069.8557005519942,2002.611848421193,2067.986541428824,1362031
2022-05-13,2057.853271484375,2119.1452169294025,2022.8784729998217,2022.8784729998217,2580348
2022-05-16,2075.463623046875,2117.1774317601753,2062.7722201643846,2083.7276024479793,1370151
2022-05-17,2141.133544921875,2149.6434790948956,2076.8409081781806,2110.2907380588335,1256142
2022-05-18,2131.688720703125,2158.7929682359436,2126.0317643657336,2151.6110451956774,1188772
2022-05-19,2077.775634765625,2121.2113698717844,2021.8456917244948,2090.6145154751484,981115
2022-05-20,2102.469482421875,2120.670125615109,2094.7464107206074,2105.2732211781386,1017542
2022-05-23,2116.488525390625,2164.40043237845,2103.403692920512,2125.0476972442966,1346294
2022-05-24,2105.61767578125,2129.96718517295,2087.0236010490744,2116.83311130382,1150314
2022-05-25,2079.2021484375,2145.708382362081,2071.921986820056,2125.048191610314,1125068
2022-05-26,2107.2900390625,2116.0461680385574,2041.9153461925425,2097.501092788485,1382368
2022-05-27,2114.4228515625,2124.998901334837,2089.0402840708757,2120.129047384661,865917
2022-05-30,2219.396240234375,2223.4299924914767,2128.9834087396266,2128.9834087396266,1691435
2022-05-31,2180.141845703125,2262.7826015871788,2141.379491995442,2218.412290149594,7005071
2022-06-01,2162.039794921875,2267.60333579045,2144.7244919384493,2218.5108850097263,2126105
2022-06-02,2185.01171875,2189.340664401163,2141.3795110069327,2141.3795110069327,966727
2022-06-03,2168.729736328125,2208.623630629976,2162.187438380627,2195.5387945448797,1228695
2022-06-06,2162.974365234375,2173.205982286924,2130.901783774521,2168.729559755154,1285097
2022-06-07,2066.806396484375,2144.183642042614,2054.2134689432514,2138.3792077226994,3255286
2022-06-08,2094.402099609375,2098.4848502884824,2062.6247141759955,2071.9709898805154,1775344
2022-06-09,2105.076416015625,2119.145068734653,2068.970324767398,2071.9217802948833,1035771
2022-06-10,2107.585205078125,2130.9508947131376,2073.8894210781596,2073.8894210781596,927889
2022-06-13,2068.3798828125,2090.073128403067,2042.603886593054,2073.889362393935,928411
2022-06-14,2067.986572265625,2082.645372444,2039.111402024041,2066.018935184497,893733
2022-06-15,2070.9873046875,2093.0739832886525,2056.180787343494,2069.95424716302,783714
2022-06-16,2027.6007080078125,2110.290701724106,2009.0066342644513,2091.991581381381,1265289
2022-06-17,1905.1153564453125,2018.4512037810382,1879.6345524329745,2007.9736324462137,6066708
2022-06-20,1929.9566650390625,1941.51653218422,1874.616875514372,1906.6402150906713,1967950
2022-06-21,2044.473388671875,2059.870052631035,1934.679144357698,1947.8623367135438,3289922
2022-06-22,1998.332275390625,2037.439064410066,1974.5239135098882,2036.5044847859833,1507811
2022-06-23,2008.3671875,2014.6636501622318,1964.8332171933312,2006.9898175277874,1632845
2022-06-24,2012.4991455078125,2042.8006839422985,2001.0376357022453,2020.3205748183227,854618
2022-06-27,2007.284912109375,2049.9332995139844,1992.2324411824288,2048.3100950823787,1067849
2022-06-28,1936.2041015625,1989.2810630962174,1928.2843143761554,1987.3134260407317,3397585
2022-06-29,1904.8203125,1922.6766432286788,1891.8830745288062,1918.4461754192264,2375427
2022-06-30,1909.8377685546875,1933.9413231352876,1894.8345356014568,1918.4461809049017,2489709
2022-07-01,1914.7076416015625,1922.7257869187733,1795.5181186251664,1864.3361791527084,4064801
2022-07-04,1930.743896484375,1934.7775285038826,1896.8021566480893,1922.381438843551,1023678
2022-07-05,1922.6273193359375,1956.913370322103,1909.1490538138112,1935.1710053134395,1555345
2022-07-06,1980.9678955078125,1992.7244791786022,1909.9361239214413,1926.3167268485327,1952701
2022-07-07,2093.073974609375,2136.460468937003,2068.5277497136635,2095.53352099552,5915740
2022-07-08,2117.11474609375,2126.642085203463,2083.6945779117495,2112.8198989486586,2039331
2022-07-11,2136.1201171875,2146.239931484463,2099.5900558228536,2125.654651840093,1219508
2022-07-12,2102.947021484375,2114.794610337808,2087.5944727205056,2104.921619626614,1096542
2022-07-13,2084.5830078125,2114.5970419734344,2080.683224978637,2102.946865589907,1169721
2022-07-14,2100.42919921875,2112.8198498169904,2086.1627769454676,2104.9214578550577,767221
2022-07-15,2161.888671875,2165.2948053742525,2105.118976754769,2107.8834622903237,1742573
2022-07-18,2209.031982421875,2218.7569734730664,2166.183304505698,2168.108489245842,2016386
2022-07-19,2212.734375,2224.3845509046614,2188.545550544978,2204.1449222790307,867223
2022-07-20,2242.353271484375,2268.812930896872,2232.381696960261,2251.041550237105,1620332
2022-07-21,2259.53271484375,2268.8132295495698,2235.2450616624137,2255.9783418280103,1117118
2022-07-22,2295.47021484375,2300.3572967706186,2254.1024824416254,2269.8004403981854,1185176
2022-07-25,2299.271484375,2318.9680521748464,2283.622698048112,2309.5887112187474,1248393
2022-07-26,2264.073974609375,2305.2937070586268,2257.5085328028354,2305.2937070586268,1142159
2022-07-27,2274.29296875,2281.648299091681,2237.762900785313,2256.077347932331,1456382
2022-07-28,2304.99755859375,2311.760653290704,2275.7736522514097,2291.521023398558,1126799
2022-07-29,2322.1767578125,2362.112955816781,2309.3418702782815,2325.0892417757655,1239445
2022-08-01,2346.069091796875,2350.808174887787,2309.292206507266,2334.764567211112,581266
2022-08-02,2354.65869140625,2367.34557991594,2327.113145844249,2339.898619629625,777687
2022-08-03,2385.709228515625,2395.088569099489,2325.089165789516,2364.5811261426284,1207016
2022-08-04,2392.8671875,2399.5808690835006,2340.836577047523,2399.0872195705933,1015590
2022-08-05,2401.901123046875,2440.998019923989,2386.6474012752806,2394.397554019652,2443597
2022-08-08,2415.87109375,2443.2686393432214,2402.2463201659557,2428.7553931288226,1576547
2022-08-10,2402.69091796875,2438.5296784662914,2386.400484637216,2438.5296784662914,1065998
2022-08-11,2440.94873046875,2454.425265134526,2415.1307175088873,2415.1307175088873,1127878
2022-08-12,2440.5537109375,2461.3364030622097,2430.6313077954155,2440.60312409538,761420
2022-08-16,2462.17578125,2467.7539243510155,2404.0731369452783,2429.841738032358,1035928
2022-08-17,2460.546630859375,2491.103488083215,2449.14327868575,2463.311116392346,863500
2022-08-18,2447.218017578125,2472.0979045207723,2435.962905235436,2460.54655426595,827663
2022-08-19,2409.60205078125,2467.210803165164,2400.025057589934,2467.210803165164,751505
2022-08-22,2386.89404296875,2426.7808242169394,2377.4158766128517,2409.009443079468,947292
2022-08-23,2448.698974609375,2470.1727282366137,2369.517641626322,2376.428734747732,1417877
2022-08-24,2429.44677734375,2463.3111837085066,2410.046447002211,2463.3111837085066,672569
2022-08-25,2435.12353515625,2469.8272391286832,2425.497370045341,2441.5903917207675,732577
2022-08-26,2500.729736328125,2523.5364414283204,2450.0320733356816,2451.513021951543,2398253
2022-08-29,2499.545166015625,2508.6282698283794,2426.040793795046,2426.040793795046,1149676
2022-08-30,2571.568359375,2589.784219574569,2510.7014697085274,2512.6760677971693,1794736
2022-09-01,2588.697998046875,2613.528471673244,2533.0636025501244,2560.0169136668096,1438313
2022-09-02,2579.417724609375,2611.406119027661,2573.9381663974023,2597.5839316301613,800453
2022-09-05,2593.97998046875,2606.4692157114546,2577.6895478705533,2591.659731531276,733481
2022-09-06,2598.2255859375,2613.281897246333,2577.837955892615,2598.274999100575,680071
2022-09-07,2604.248046875,2607.851591960772,2567.3723312568104,2573.8886013470287,438635
2022-09-08,2593.338134765625,2626.1164120895987,2582.774084082267,2615.354949821837,754150
2022-09-09,2570.383544921875,2618.464958230528,2560.0663185333538,2618.316959795779,777186
2022-09-12,2627.350830078125,2635.792285355033,2576.850578941236,2583.5642608414596,808360
2022-09-13,2671.18701171875,2688.415332054435,2638.0630801503676,2645.961472605907,1536444
2022-09-14,2666.299560546875,2677.554671822253,2611.4056441629273,2611.4056441629273,915281
2022-09-15,2622.4140625,2682.4913012346974,2614.3676723111807,2679.67740275455,753648
2022-09-16,2578.627685546875,2643.6411828246564,2571.1735295734234,2614.3678626515984,1425731
2022-09-19,2586.526123046875,2598.5711233590423,2520.1302613273097,2578.578317413746,808421
2022-09-20,2649.91064453125,2659.339398646541,2601.631817505452,2608.6414961215723,844553
2022-09-21,2632.78076171875,2665.7072795318477,2622.907771794558,2653.859691622817,1052572
2022-09-22,2702.82958984375,2710.0860922014376,2616.342108994659,2626.2150980852048,1352472
2022-09-23,2638.507080078125,2720.6997192032036,2633.1263489079242,2702.8297524977797,1226889
2022-09-26,2621.7724609375,2643.9372749957993,2530.990367257602,2632.139100304792,1371409
2022-09-27,2567.322998046875,2645.5170290240926,2552.710924940677,2636.038862403913,1246270
2022-09-28,2544.22021484375,2601.0393228466723,2531.928389994417,2554.6362679315866,1419969
2022-09-29,2499.34716796875,2572.9503492488234,2485.3769849350206,2561.892649765192,1177076
2022-09-30,2573.839111328125,2603.9023180379327,2490.5605842832456,2505.764892653324,1453944
2022-10-03,2541.505126953125,2591.6599661245627,2523.141509531324,2591.6599661245627,1049142
2022-10-04,2552.266845703125,2595.6091771599,2538.9874807781657,2595.6091771599,1291070
2022-10-06,2559.918212890625,2586.723283322885,2548.8110995557463,2565.0521192907895,1409852
2022-10-07,2695.820068359375,2710.135904649875,2641.0249708336673,2655.834456651426,5284814
2022-10-10,2646.060302734375,2693.253004892275,2624.240897128631,2675.5804481635028,1290447
2022-10-11,2591.166259765625,2659.783541173021,2583.1690413439514,2658.796242159965,1067626
2022-10-12,2588.056396484375,2611.3070956992324,2572.901260029524,2596.596436637624,1131702
2022-10-13,2565.64453125,2594.6218542343295,2558.0917900765403,2576.850471671081,1038687
2022-10-14,2584.551513671875,2629.769858586326,2574.6291099639084,2606.469504478849,1326916
2022-10-17,2591.659912109375,2601.434075933411,2569.495097449961,2580.700796636536,1111199
2022-10-18,2607.555419921875,2630.855531113662,2589.8332104844885,2604.642695113086,771852
2022-10-19,2610.961669921875,2642.99947489295,2606.4694111757144,2620.6372485198053,1001916
2022-10-20,2598.077392578125,2610.418630430007,2548.564442732297,2606.4694343174046,1022636
2022-10-21,2631.79345703125,2645.615642895208,2606.5187475038874,2616.342324249242,986521
2022-10-24,2649.8115234375,2665.6083064464256,2645.1218534817253,2662.7452359419694,184595
2022-10-25,2636.384765625,2663.0912537858258,2628.1901351024803,2663.0912537858258,505759
2022-10-27,2669.459228515625,2729.8818823695133,2645.9614628391664,2665.7074439051303,2117791
2022-10-28,2701.644775390625,2704.1130227884896,2659.0429217193982,2674.54346717003,1003160
2022-10-31,2726.42626953125,2755.551590896874,2703.4715670990204,2715.072330693803,1144647
2022-11-01,2719.959228515625,2748.640311584041,2706.1864561967873,2734.966124537581,890107
2022-11-02,2693.796142578125,2712.45623992457,2668.6694290512182,2710.135990656898,1704942
2022-11-03,2728.548828125,2743.7039644308124,2670.6438372743246,2670.6438372743246,1227960
2022-11-04,2734.52197265625,2746.122735823797,2711.7155105422253,2739.6558792118017,1172058
2022-11-07,2706.729736328125,2736.792943943789,2671.9274451037313,2736.792943943789,1825529
2022-11-09,2683.577392578125,2733.830813094869,2675.5801746071124,2733.830813094869,1184702
2022-11-10,2607.456787109375,2676.6665468257015,2594.6218994787723,2675.5804214564205,1198585
2022-11-11,2618.11962890625,2660.1784231683123,2607.9998137987163,2637.0757221680105,833729
2022-11-14,2596.39892578125,2631.1518019365817,2589.8826560472166,2624.2407090234274,565428
2022-11-15,2622.907958984375,2635.249197270376,2587.7602569697315,2609.3820100308803,1033296
2022-11-16,2610.71484375,2644.1841840730567,2596.5964195725014,2625.2280911191183,835064
2022-11-17,2549.2060546875,2611.4058925826635,2543.282260602246,2604.494799483201,1265647
2022-11-18,2533.2119140625,2550.5882324673184,2512.6760459115294,2547.231512161786,1038751
2022-11-21,2540.666015625,2546.194745482855,2507.3938460012964,2519.5870852474686,629040
2022-11-22,2573.0986328125,2575.8631182497043,2528.472765748368,2547.231446946814,912070
2022-11-23,2568.705322265625,2599.064768276836,2557.894445796424,2581.737621613695,992873
2022-11-24,2577.0478515625,2585.0450700334886,2559.5727071316055,2577.837738985775,752066
2022-11-25,2562.435791015625,2586.723443427082,2553.1552766039827,2586.723443427082,633047
2022-11-28,2559.325927734375,2575.3695370798023,2546.244215498873,2551.5755338808162,665149
2022-11-29,2580.552978515625,2606.469579447633,2562.0905338691673,2564.1637173198387,866621
2022-11-30,2619.30419921875,2631.151787002627,2571.1239606896934,2580.5527141756534,1569918
2022-12-01,2605.18603515625,2631.1520491778633,2596.596581365021,2628.1901519367625,539844
2022-12-02,2584.650146484375,2617.7246654259543,2571.91408486011,2614.3679449940773,731396
2022-12-05,2582.4287109375,2596.5471358186232,2556.364111956819,2595.609249911935,747114
2022-12-06,2583.76171875,2590.6728123805883,2558.388180342803,2586.5262044101987,706596
2022-12-07,2563.867431640625,2590.4256775692984,2553.8462024517867,2583.0703484364685,712914
2022-12-08,2550.68701171875,2580.7008054349185,2545.9973413856114,2563.8675500183335,648288
2022-12-09,2582.231201171875,2596.4976239549633,2535.3344972220607,2564.015582266697,935047
2022-12-12,2551.822265625,2580.305938209792,2538.3457306819882,2580.305938209792,726330
2022-12-13,2543.18359375,2566.977597900309,2532.4221302362666,2564.4105238864836,832740
2022-12-14,2558.1904296875,2563.0280981718333,2538.4936226189507,2542.1468215999453,767737
2022-12-15,2490.6591796875,2555.771501590812,2482.612789122269,2552.1679565979957,1225728
2022-12-16,2451.3154296875,2487.99349128799,2448.5015311088155,2468.2475111984027,1177053
2022-12-19,2489.770751953125,2493.176885412196,2437.3450768359316,2451.660912827804,572224
2022-12-20,2476.293701171875,2485.6238688406097,2450.5747570194003,2484.8339814930214,597902
2022-12-21,2457.979736328125,2495.8919222758896,2449.4888683411714,2483.0570350173502,519326
2022-12-22,2451.46337890625,2477.330564096336,2433.6919971824027,2460.1516581792002,557608
2022-12-23,2451.512939453125,2473.184105261326,2423.819153060501,2436.3083895513873,1310439
2022-12-26,2449.587646484375,2480.4899123672794,2438.875355913347,2456.1530884215886,1076808
2022-12-27,2471.75244140625,2487.8946353131773,2454.03047269507,2466.2728837887526,791283
2022-12-28,2547.37939453125,2563.0281799503305,2465.779229362847,2471.0119622217057,2443430
2022-12-29,2520.8212890625,2555.9692315141124,2509.911586396832,2522.549062392906,1583143
2022-12-30,2564.509033203125,2576.8502701290304,2520.6236429025626,2531.4345182416987,1057182
2023-01-02,2533.16259765625,2582.7743760961707,2524.3263191570027,2573.888684435289,697408
2023-01-03,2580.40478515625,2585.736103386489,2522.598379997821,2535.383853950555,852511
2023-01-04,2564.55859375,2592.8940271524257,2552.7604187787224,2585.538697729815,832054
2023-01-05,2529.558837890625,2586.723352977532,2511.342978699083,2558.0916822766358,1544601
2023-01-06,2505.86376953125,2551.5755218809372,2485.031663540161,2527.4855219160954,879019
2023-01-09,2453.09228515625,2497.8169766279343,2436.456442164365,2497.8169766279343,2324487
2023-01-10,2436.851318359375,2466.9639375475704,2424.806318892055,2463.3109794933544,948787
2023-01-11,2406.442626953125,2456.9925315419655,2400.1240093994243,2441.590569825083,1000412
2023-01-12,2415.52587890625,2443.565074660168,2401.111216797385,2418.8825991585504,874520
2023-01-13,2386.499267578125,2425.6949925112795,2369.5177717551755,2425.6949925112795,1416869
2023-01-16,2375.29345703125,2403.8757156129127,2361.619269111486,2397.1620340312243,737012
2023-01-17,2377.366943359375,2387.1905217076473,2355.6957751945333,2374.454459070768,926137
2023-01-18,2393.3115234375,2398.9884925003994,2382.1549968972363,2387.2889033200745,601233
2023-01-19,2354.7578125,2381.1680639390943,2337.1344268060207,2362.113142730213,1116874
2023-01-20,2341.18212890625,2366.506251429275,2323.114509291562,2359.5951585414546,1229902
2023-01-23,2334.666015625,2354.0171734233927,2325.681738892738,2353.6715223399256,932554
2023-01-24,2340.638916015625,2360.236896005472,2333.974648301566,2342.3666891266776,714000
2023-01-25,2326.6689453125,2339.8986556415584,2303.9116549051573,2339.8986556415584,650664
2023-01-27,2301.640625,2338.318683744947,2273.3546071397714,2338.318683744947,1238620
2023-01-30,2305.886474609375,2313.093806289211,2258.0024679811854,2302.3815145760486,1401847
2023-01-31,2346.95751953125,2356.1394476493106,2305.9846145560455,2317.1905536579447,1252600
2023-02-01,2316.1044921875,2379.193039220575,2270.8369803096134,2377.958915542774,1521514
2023-02-02,2278.78515625,2354.708360861428,2240.7741407811677,2311.316613488738,1788381
2023-02-03,2431.816162109375,2438.6284285099464,2290.632410985115,2290.632410985115,3693638
2023-02-06,2426.78125,2448.4524175924826,2416.513435512757,2443.4173366773216,1049075
2023-02-07,2415.82177734375,2428.508665650553,2401.2099452740154,2425.1025323780786,563195
2023-02-08,2435.419677734375,2448.501388783318,2415.9205235293466,2415.9205235293466,539085
2023-02-09,2431.2734375,2444.206911036035,2420.4625606048194,2435.6668702700263,464715
2023-02-10,2437.147705078125,2440.603251753342,2411.0336934119455,2420.857270752101,597337
2023-02-13,2487.0556640625,2491.893332882556,2444.700391148129,2448.501588820888,1856317
2023-02-14,2475.06005859375,2496.8300523192715,2448.5018087773765,2496.8300523192715,843477
2023-02-15,2492.239013671875,2496.138796670024,2451.7597530514972,2471.6537322819318,707224
2023-02-16,2490.36279296875,2513.317493721285,2486.1176002850552,2497.8663614586108,704946
2023-02-17,2468.5439453125,2513.51546674892,2464.298511047844,2483.0571936239294,607239
2023-02-20,2442.725830078125,2475.4055248073882,2434.97567721682,2468.2476067478196,460090
2023-02-21,2432.31005859375,2454.376047942374,2419.376344502664,2454.376047942374,750272
2023-02-22,2400.6669921875,2431.5200867154185,2383.7346692866977,2420.807795879405,1098118
2023-02-23,2364.08740234375,2401.6047635001764,2349.77156716564,2401.6047635001764,1602078
2023-02-24,2368.629150390625,2383.0929844656107,2347.7476317133246,2369.517623083362,1145691
2023-02-27,2370.5048828125,2381.365171738338,2343.4529868131476,2368.629111141227,862629
2023-02-28,2342.6630859375,2394.2000448812114,2333.5799834597233,2370.603695493969,1430349
2023-03-01,2352.141357421875,2365.618135207661,2336.295399173273,2339.89894459184,479935
2023-03-02,2328.989013671875,2363.8901310239976,2321.8805088178656,2352.0919557471607,529609
2023-03-03,2365.667236328125,2371.4922040270108,2328.3472858253194,2339.8986359467176,710845
2023-03-06,2372.923583984375,2395.582046400237,2362.2115351324946,2381.9081007347854,682556
2023-03-08,2366.65478515625,2370.7025668699466,2342.1203059381037,2365.963482949683,858496
2023-03-09,2338.171142578125,2377.366869461621,2334.962420435877,2370.307777164605,601071
2023-03-10,2345.328857421875,2349.722289919251,2308.3051436128576,2324.9412287669643,543004
2023-03-13,2302.38134765625,2346.7603910336875,2291.521058280513,2342.613783298185,631722
2023-03-14,2325.681640625,2361.4712296798393,2299.2713921500495,2307.268369494287,1470817
2023-03-15,2368.629150390625,2383.1918107824913,2349.7222297325607,2349.7716428910007,1656307
2023-03-16,2419.228515625,2450.476436622079,2382.3527967643336,2382.84644632852,2317115
2023-03-17,2424.4609375,2442.577972393462,2416.3157199283564,2435.814877145321,1625905
2023-03-20,2428.706298828125,2443.515784876842,2410.5400923576235,2430.730310129412,918922
2023-03-21,2482.119140625,2489.5238832487057,2436.7033858662703,2443.5650658229447,1652107
2023-03-22,2476.293701171875,2491.9424855417624,2463.31081673007,2485.969278840333,754732
2023-03-23,2487.0556640625,2495.8919421529054,2462.373188368741,2478.120559653399,610778
2023-03-24,2461.68212890625,2487.6973136810175,2443.5156821595933,2484.834242914544,838919
2023-03-27,2462.71875,2478.1207121969114,2435.4694397806093,2448.5017395411714,728727
2023-03-28,2468.5439453125,2475.306799406831,2462.225086557719,2471.1107783042858,599191
2023-03-29,2483.106689453125,2492.9302674475775,2462.3239948571318,2468.5440274947678,710603
2023-03-31,2482.958251953125,2504.5308323293884,2468.2475927164564,2494.8552535579793,848456
2023-04-03,2505.172607421875,2512.3305258040077,2481.3788440444678,2493.8186679191813,701713
2023-04-05,2540.024169921875,2548.7124496063166,2517.7113564357032,2527.4855204308233,1438377
2023-04-06,2516.08203125,2551.1805581115436,2512.675897985247,2550.193259133946,1192271
2023-04-10,2550.884521484375,2568.9521424079653,2528.5222942932496,2535.383974521005,1497452
2023-04-11,2547.281005859375,2570.4331207710907,2543.282396430317,2550.8845510377714,820568
2023-04-12,2555.03125,2560.510808224815,2531.582896324287,2547.28109667213,553807
2023-04-13,2552.8095703125,2566.9279942612657,2544.5657682625497,2555.129819385124,481459
2023-04-17,2572.506591796875,2579.0720342949353,2549.502474912839,2566.977620506013,1044487
2023-04-18,2544.960693359375,2574.530251470979,2527.5843748372035,2569.98882049987,674756
2023-04-19,2536.667724609375,2562.9791502329476,2529.460392690776,2547.2811903476363,687292
2023-04-20,2546.4912109375,2585.7363502744256,2537.852343787862,2544.9114359570667,995472
2023-04-21,2535.68017578125,2561.5967756133564,2526.74507125022,2560.6588897321553,409932
2023-04-24,2596.152099609375,2602.914953046803,2537.3583967224963,2538.44452202417,1026391
2023-04-25,2599.755859375,2603.5076440438525,2581.737651372042,2601.385047462168,630987
2023-04-26,2607.456787109375,2614.02222936603,2592.3016502988557,2599.5583947213117,631279
2023-04-27,2629.62158203125,2640.037635119732,2598.077425885406,2607.4567667730785,620037
2023-04-28,2608.2958984375,2645.2701969130057,2586.2296698887294,2638.5071025055886,1567472
2023-05-02,2630.0166015625,2640.0375902404244,2599.9531534491257,2623.253506832015,726439
2023-05-03,2620.3408203125,2645.467530323138,2609.529945043301,2641.0246850585536,808211
2023-05-04,2636.483154296875,2660.030331872732,2622.809207764981,2645.66508320871,1936641
2023-05-05,2698.189453125,2730.8691478027704,2632.43548160873,2636.6809156936074,2190777
2023-05-08,2716.306396484375,2734.8182528893117,2698.189363266825,2698.2387764251976,848638
2023-05-09,2713.49267578125,2754.56441363343,2703.669098212993,2718.3305858627737,893686
2023-05-10,2710.580078125,2732.547481578317,2701.44756208261,2724.9453272428823,522149
2023-05-11,2722.82275390625,2729.881845626396,2709.1979789461575,2722.9707523463294,621067
2023-05-12,2737.977783203125,2749.1343111078086,2721.835587734857,2725.7353709253052,705516
2023-05-15,2744.2470703125,2766.5107116734735,2729.141346927551,2738.767512481514,772914
2023-05-16,2754.81103515625,2765.227087815745,2739.310489061923,2749.6277154054856,548885
2023-05-17,2727.314697265625,2754.564246442046,2715.1216990781923,2749.627751376738,539547
2023-05-18,2687.27978515625,2746.665721503982,2681.6028161056934,2746.665721503982,612441
2023-05-19,2667.3359375,2685.403555311959,2648.9723228542152,2685.403555311959,846419
2023-05-22,2678.09814453125,2699.275661406377,2666.79361837085,2667.2872679065863,559506
2023-05-23,2649.367431640625,2691.771875135324,2643.295639256278,2685.4038448454444,713749
2023-05-24,2672.865234375,2687.4278947155785,2636.088346396251,2641.0248414269554,814553
2023-05-25,2673.556396484375,2685.4533981658283,2647.936034514982,2679.9738402667567,651488
2023-05-26,2707.322021484375,2724.6491681986736,2664.8681618962005,2673.5564418338354,811400
2023-05-29,2776.53173828125,2785.9604923654974,2710.1358775293916,2710.1358775293916,1107678
2023-05-30,2766.905517578125,2805.805002747424,2762.1664340501384,2793.5625912532755,1263691
2023-05-31,2787.39208984375,2796.129782999289,2754.6632222011176,2766.90563421132,1394580
2023-06-01,2791.34130859375,2801.6091225534105,2778.9506569998643,2787.392112295448,538550
2023-06-02,2825.303955078125,2834.5352967132194,2790.5510801079886,2794.0560396023725,1116501
2023-06-05,2819.4296875,2838.484606282306,2803.9291415101734,2838.484606282306,724102
2023-06-06,2844.852783203125,2856.2561353736046,2821.9969067417924,2824.613152793461,1148132
2023-06-07,2870.02880859375,2873.040118781876,2833.548158386249,2858.230633633516,862821
2023-06-08,2840.45947265625,2884.7399331141064,2834.5850912978926,2869.9796189349436,560514
2023-06-09,2839.718994140625,2882.8639159609784,2826.884106031515,2853.294356563722,727880
2023-06-12,2816.369140625,2848.8017671931166,2797.2648091233928,2848.3081177076983,1112274
2023-06-13,2875.508544921875,2880.938689813573,2818.8376746498975,2823.576517359893,776313
2023-06-14,2870.1279296875,2891.0092094753836,2860.2055254110574,2882.9134049707586,617700
2023-06-15,2871.0654296875,2887.5038612648086,2863.167037858924,2874.076739780103,564711
2023-06-16,2916.77734375,2922.404899571624,2874.817138266286,2874.817138266286,1022389
2023-06-19,2930.89599609375,2985.9870891212436,2925.7126761876298,2929.3162212302495,1382633
2023-06-20,2936.2275390625,2948.4207794284694,2910.8540002651157,2934.9440020176894,672298
2023-06-21,2933.3642578125,2947.087617976099,2920.57854248391,2936.2273285966226,509602
2023-06-22,2932.52490234375,2946.8407380760905,2918.2584797701707,2937.214572669862,496441
2023-06-23,2901.819580078125,2943.1381370902213,2894.760489080352,2934.7460961089173,869340
2023-06-26,2934.844970703125,2943.13818551106,2902.6589283470366,2902.6589283470366,839713
2023-06-27,2937.905517578125,2951.2340537672944,2903.3500533839815,2935.239858548249,913730
2023-06-28,2989.640380859375,3005.733162710143,2947.137108106223,2956.9606855480783,1525117
2023-06-30,3008.941650390625,3028.9838679619197,2990.6766191974366,3007.312703483906,946112
2023-07-03,2999.710693359375,3015.2112399343123,2987.8631049902815,3011.360870130278,429100
2023-07-04,3035.598876953125,3050.7540135333625,3000.4017628245592,3002.870010408324,1291238
2023-07-05,3060.47900390625,3074.350362488263,3024.0969381237405,3035.9445265199156,643663
2023-07-06,3066.94580078125,3072.3267736606585,3042.263323498888,3060.627183012892,976956
2023-07-07,3104.068359375,3169.230099743559,3086.69179886079,3100.119162989027,3630808
2023-07-10,3006.86865234375,3114.9284845260836,2991.762928759165,3114.9284845260836,1777220
2023-07-11,3048.384521484375,3058.6523347784932,3006.1280756235687,3023.9488709725065,1141925
2023-07-12,3057.171630859375,3084.3223558226023,3048.433937500737,3074.4493649268834,1300168
2023-07-13,3055.43798828125,3085.0044433692838,3050.0398238125495,3084.360474727965,932018
2023-07-14,3026.515625,3067.9184817303626,3013.688726753088,3064.2534463848842,721349
2023-07-17,3004.62548828125,3043.750151188993,2991.3033413008648,3040.828231057502,866575
2023-07-18,2967.97705078125,3011.063704592535,2935.241050498411,3004.625468965561,1359863
2023-07-19,2967.1845703125,2988.7278969722024,2956.6854389638975,2981.497456653359,568891
2023-07-20,2960.89501953125,2987.935656900471,2937.816373225043,2973.72191723361,1021556
2023-07-21,2948.0185546875,2976.445792259406,2941.7783703861683,2962.331199068159,599594
2023-07-24,2950.890869140625,2964.4606400466887,2923.206505198027,2949.702320196434,523141
2023-07-25,3000.217529296875,3004.0803735934296,2944.5020337462147,2951.683142061633,874788
2023-07-26,2979.763916015625,3015.96641426544,2966.5406747105753,3015.96641426544,588487
2023-07-27,2973.57373046875,2995.3646834490937,2955.2988514445296,2985.3109850497926,595544
2023-07-28,2958.616943359375,2981.3983928730227,2923.6523224807997,2979.56587520558,837051
2023-07-31,2975.505126953125,2989.2729503967157,2921.9686695752293,2921.9686695752293,656048
2023-08-01,2973.375,2998.7318382840554,2959.309980782434,2996.10711606224,602288
2023-08-02,2948.8603515625,2977.139111378441,2931.8734114642402,2977.0895381255846,1152335
2023-08-03,2874.523681640625,2958.567272525508,2855.6050774619202,2910.0328816841507,3319847
2023-08-04,2876.8017578125,2907.9035343030323,2870.4626685233593,2892.204047203407,709334
2023-08-07,2877.0,2892.203996102626,2855.0603286879427,2892.203996102626,580359
2023-08-08,2893.491455078125,2904.139305533269,2876.999764822404,2890.272337498663,474417
2023-08-09,2927.8125,2933.8546336172544,2890.4212061380654,2896.2157152926575,600081
2023-08-10,2960.152099609375,2967.0360106088497,2889.2819372211698,2929.8923449777926,970990
2023-08-11,2988.57958984375,3038.3025327498463,2951.6835455246915,2960.1027771142753,1823274
2023-08-14,2982.042236328125,2991.6502588683707,2959.95432787081,2991.6502588683707,542561
2023-08-16,2982.488037109375,2987.242233116367,2949.752036292767,2976.445903771089,544441
2023-08-17,3042.5615234375,3050.1883078984406,2983.3792817103445,2989.322268327297,1699758
2023-08-18,3021.464111328125,3050.2381221696373,3006.1609679444223,3041.4227880528997,860782
2023-08-21,3049.04931640625,3053.2093586524306,3021.0181813105964,3022.0086790749606,706621
2023-08-22,3046.375244140625,3061.628814101796,3011.212570927874,3055.6362538239214,714220
2023-08-23,3040.828125,3055.6855914087946,3027.258354044116,3046.3750091875804,602197
2023-08-24,3032.111572265625,3070.4437856675745,3027.2086569155035,3046.4737892064104,618626
2023-08-25,3038.054931640625,3045.533238709471,3008.6867673630804,3025.9709063362657,648003
2023-08-28,3019.58203125,3050.6835645630713,3011.80652701136,3044.790151183712,471698
2023-08-29,3050.138916015625,3060.6382897248614,3015.0753896189253,3022.949798990473,482639
2023-08-30,3052.912109375,3081.4384928708355,3037.856591975202,3050.7330626943663,582766
2023-08-31,3074.95068359375,3089.312900931246,3052.912108713799,3061.4800593213695,1420498
2023-09-01,3087.18359375,3095.2064808436453,3070.543182333205,3082.3795826880487,423739
2023-09-04,3070.84033203125,3095.2560057098126,3056.9733630374944,3087.3320234276666,539813
2023-09-05,3106.349365234375,3127.496588539173,3085.400434932549,3090.352923592152,721199
2023-09-06,3145.87060546875,3150.3278455962577,3091.1951749354735,3106.349597912397,1163154
2023-09-07,3142.6513671875,3152.7048228060435,3122.0489652455885,3142.8494183769835,805295
2023-09-08,3168.70166015625,3174.5455005428316,3142.651519229142,3151.764050772945,700158
2023-09-11,3182.7666015625,3190.938208341788,3156.3203588954993,3179.448337232913,544452
2023-09-12,3155.52783203125,3190.5417829751623,3147.405798712283,3185.4903894598174,591509
2023-09-13,3232.1923828125,3238.9278162379405,3147.851591604208,3147.851591604208,1370306
2023-09-14,3230.360107421875,3271.069422043807,3209.212882593766,3246.4061234706933,1264935
2023-09-15,3217.731201171875,3232.9847703330142,3208.222325707302,3230.6076723772453,1397407
2023-09-18,3307.767333984375,3320.14855622567,3215.9482382070805,3226.0512671918277,1423507
2023-09-20,3275.229248046875,3317.176923972009,3268.6921080696798,3282.5095031481746,1201025
2023-09-21,3273.099853515625,3290.928813226105,3254.577593736108,3268.6426135880047,1091384
2023-09-22,3243.385009765625,3267.454154400138,3230.7065897035063,3267.454154400138,1019051
2023-09-25,3252.7451171875,3283.400974934535,3230.360012583251,3243.3849615855524,623515
2023-09-26,3231.59814453125,3276.566646886582,3224.0702646964405,3262.6996780061672,1054827
2023-09-27,3184.004638671875,3235.9066248267573,3155.725879118513,3215.948191591389,1464192
2023-09-28,3127.2490234375,3194.2560995449144,3111.8963083014537,3186.9265129179366,1214383
2023-09-29,3118.879638671875,3146.2668071468256,3113.184276107003,3130.022739342277,697564
2023-10-03,3165.878662109375,3181.9742517094614,3084.8063186877116,3118.879588841273,1007308
2023-10-04,3136.559814453125,3174.545502451005,3121.0586203504267,3155.726043934135,486969
2023-10-05,3185.93603515625,3200.2982526316937,3134.9254006745005,3143.7407339828555,1109881
2023-10-06,3278.300048828125,3288.2545999464774,3190.4925167842775,3199.30785035572,1102120
2023-10-09,3236.451416015625,3264.6806020466715,3218.1767807912533,3263.3929066004057,822467
2023-10-10,3238.13525390625,3267.850186938219,3228.329422733998,3263.690144677892,633934
2023-10-11,3249.327880859375,3264.680596041,3232.9846679240973,3258.4404118288367,546575
2023-10-12,3253.78515625,3263.7397071469686,3231.598103054401,3260.718640601218,429096
2023-10-13,3252.546875,3275.5759468976016,3235.510362648501,3253.7849971450323,920545
2023-10-16,3270.029052734375,3297.3668863394983,3243.880009841351,3252.794489257709,778014
2023-10-17,3277.01220703125,3296.8221618765424,3272.7036869448416,3286.421935582764,584625
2023-10-18,3251.556640625,3292.563152661264,3246.356527194711,3277.7552589715438,324535
2023-10-19,3253.438232421875,3269.583393588039,3208.2221083273384,3238.92753758271,698767
2023-10-20,3235.163818359375,3260.223460694532,3213.1748158873042,3241.552480711154,657550
2023-10-23,3189.1552734375,3243.8307033228257,3179.200722239885,3215.353891734557,566920
2023-10-25,3157.55859375,3205.5481650921397,3148.7925912549126,3185.4410108448565,762466
2023-10-26,3071.335693359375,3159.5889041651,3062.6688374210016,3130.3198869955418,1124281
2023-10-27,3091.04638671875,3108.9249200873046,3057.91428420216,3065.689788536253,1050608
2023-10-30,3086.836669921875,3092.284407556226,3045.7805864780507,3075.495519029056,802316
2023-10-31,3159.34130859375,3175.337993650136,3058.5088228969125,3089.957129017953,1235478
2023-11-01,3143.24560546875,3182.3702683655747,3138.243785061326,3163.5014788301623,756820
2023-11-02,3171.07861328125,3197.8220530933986,3149.7829112086133,3169.5928666250197,774180
2023-11-03,3243.385009765625,3256.756729915827,3174.5949866904034,3174.693891376844,1355614
2023-11-06,3236.005859375,3278.5476911727437,3214.462532401282,3278.5476911727437,1137606
2023-11-07,3239.1259765625,3255.2215664056466,3219.316019832473,3242.8899167053573,433992
2023-11-08,3280.380126953125,3292.2165269067405,3241.1067453921146,3257.7471562448354,632305
2023-11-09,3252.546875,3289.3933416720165,3243.5332490558717,3289.3933416720165,1317398
2023-11-10,3225.407470703125,3243.8305839078325,3192.3742737484827,3232.0437573169834,1170763
2023-11-13,3233.7275390625,3247.198405231412,3219.712092586038,3243.880141030611,275538
2023-11-15,3264.631103515625,3269.5340191532973,3229.7656300890408,3244.1278478721556,747863
2023-11-16,3304.2509765625,3326.0915006830696,3228.2798462183723,3264.0862437574046,1055389
2023-11-17,3307.123779296875,3334.0156986764337,3295.0890855594644,3307.2722572432003,633405
2023-11-20,3314.056884765625,3322.079771184791,3280.7760647299356,3306.2813809550985,497379
2023-11-21,3362.195068359375,3369.4257503613976,3323.219126650403,3333.024957732374,1038863
2023-11-22,3397.2587890625,3402.359755723426,3363.779916901132,3367.69233463163,980779
2023-11-23,3376.012451171875,3409.243699213893,3364.027573429678,3401.2701439225657,517362
2023-11-24,3364.67138671875,3386.6110576467527,3350.4083154094874,3373.6354399953943,589530
2023-11-28,3409.689453125,3413.20576859988,3365.0677216975364,3385.471830825103,733524
2023-11-29,3396.714111328125,3440.84083612917,3391.4644246897765,3440.84083612917,819200
2023-11-30,3457.431396484375,3466.7419782118523,3389.730781410146,3398.4967828547733,1480088
2023-12-01,3456.342041015625,3466.7422678190824,3437.027334094919,3465.751770028277,655263
2023-12-04,3455.25244140625,3516.2672028373054,3445.0009342312746,3516.2672028373054,808838
2023-12-05,3511.61181640625,3516.2671075929984,3445.941765441138,3455.2523478146354,713651
2023-12-06,3513.196533203125,3539.9895469284766,3488.6323813378112,3516.267173096665,474140
2023-12-07,3551.33056640625,3560.8394416156343,3485.6111852257613,3513.196402706055,820214
2023-12-08,3600.11279296875,3612.295964479084,3541.029694927149,3541.029694927149,1562141
2023-12-11,3596.002197265625,3609.9683127190156,3564.1082170519057,3600.0137616465563,620604
2023-12-12,3537.463623046875,3609.869106434624,3529.3911629861914,3602.4403731932302,1075941
2023-12-13,3568.119873046875,3575.4494600929866,3518.991085073858,3550.9346393609962,717618
2023-12-14,3557.273681640625,3612.345455730765,3550.2908656475674,3612.345455730765,992762
2023-12-15,3566.3369140625,3580.649558956141,3550.7365736604092,3580.649558956141,906271
2023-12-18,3585.205810546875,3632.3533591160945,3559.7498245040447,3566.4852576770027,699850
2023-12-19,3576.142578125,3593.476288871184,3565.8910714332733,3576.3406293122366,577926
2023-12-20,3520.328369140625,3616.8027592677745,3507.3527510796084,3576.1427757350784,849001
2023-12-21,3545.982177734375,3564.752062964656,3485.3637598199384,3490.6134466036406,816722
2023-12-22,3592.88232421875,3603.8767048062414,3526.717022213136,3545.9821562341117,777099
2023-12-26,3621.953125,3630.1743048047706,3589.019074349316,3600.45937188686,526101
2023-12-27,3654.194091796875,3659.8894542764665,3610.364563149586,3633.146013067951,666625
2023-12-28,3679.79833984375,3701.4901441475185,3645.7250716689723,3664.742580374032,1033648
2023-12-29,3640.52490234375,3679.798283174829,3625.46938492663,3679.798283174829,709614
2024-01-01,3642.208984375,3662.8609607766925,3632.650777081806,3653.946480342136,286683
2024-01-02,3663.1083984375,3672.6172738111036,3607.888147450441,3653.946294013638,453685
2024-01-03,3657.957763671875,3674.69707891707,3630.174253422732,3672.7656566688925,356757
2024-01-04,3684.354736328125,3691.585418863918,3651.6187346252414,3660.8799860802364,545228
2024-01-05,3677.272705078125,3714.3667998215246,3652.213062037845,3684.3546677148156,963628
2024-01-08,3670.834228515625,3740.9615174606406,3660.6816265953726,3734.1765111563714,1202148
2024-01-09,3658.898681640625,3718.278973277656,3650.132679841263,3701.4405115592235,572612
2024-01-10,3679.154296875,3694.556585158508,3654.936675398095,3672.7656347902807,556311
2024-01-11,3663.455078125,3707.135883846268,3657.5120916197334,3691.4859710182504,392818
2024-01-12,3690.5947265625,3698.8159064968236,3613.286326505328,3664.8417842944846,990582
2024-01-15,3723.1328125,3739.129255500528,3700.4998406754894,3704.461831939596,661292
2024-01-16,3783.99853515625,3821.340251300666,3720.3094826037586,3723.1324978691723,1170685
2024-01-17,3793.656005859375,3818.368876684142,3763.8914997145885,3782.661383960859,723356
2024-01-18,3699.2119140625,3788.307138684208,3683.5126697516557,3755.323756927582,1293580
2024-01-19,3774.390869140625,3824.8071085052757,3705.154930474563,3706.640677117774,2566367
2024-01-23,3704.11474609375,3821.340249383618,3670.5369697131523,3750.024412692166,1053510
2024-01-24,3732.04736328125,3744.081815244804,3676.480338025106,3728.2338498892705,636988
2024-01-25,3734.37451171875,3760.870326127062,3694.655697642096,3734.572562901581,646135
2024-01-29,3829.908203125,3838.178956443314,3724.8165321455444,3724.8661053994556,699215
2024-01-30,3700.251953125,3850.015163895564,3679.699124903801,3845.112248418992,852445
2024-01-31,3662.4150390625,3739.129042172865,3618.5359399517934,3713.3761004254493,1386754
2024-02-01,3592.981201171875,3702.480781476151,3566.782582690107,3702.480781476151,1408462
2024-02-02,3578.073974609375,3678.163820589698,3568.2185703631226,3600.4593204829016,2320153
2024-02-05,3518.297607421875,3590.207599514321,3501.310425790575,3578.6188241172676,1771614
2024-02-06,3525.330078125,3543.95148475931,3498.04205773357,3518.2976889771217,1069901
2024-02-07,3542.515380859375,3585.6020351491507,3522.012124768391,3544.0011275590223,900220
2024-02-08,3515.375732421875,3575.6969498897784,3469.7136884941533,3570.546409849654,1011857
2024-02-09,3557.471923828125,3563.71186638632,3499.2801792457344,3515.3757681727784,838509
2024-02-12,3551.18212890625,3584.2153262548736,3536.12661117058,3564.8014732399674,487283
2024-02-13,3526.12255859375,3574.4588991023247,3517.4061296789664,3572.7255279700967,796060
2024-02-14,3551.479248046875,3559.700427717898,3470.0108082889847,3512.3050137565924,1046318
2024-02-15,3587.6328125,3597.488217816263,3537.067848519239,3560.8893703521367,759063
2024-02-16,3620.66552734375,3654.936847629771,3590.0592423398657,3613.335940420977,915502
2024-02-19,3659.93896484375,3674.251609770118,3615.3169903385715,3637.058368806731,528874
2024-02-20,3651.668212890625,3684.602264938994,3630.669707768297,3664.841882074123,744107
2024-02-21,3621.606689453125,3672.2705546589605,3605.4119538661134,3617.347500594023,660426
2024-02-22,3617.347412109375,3641.069785224039,3521.5663265695075,3641.069785224039,1017437
2024-02-23,3656.868408203125,3701.4903837245665,3620.269561817846,3637.1080248960684,897831
2024-02-26,3588.078369140625,3654.9369722923134,3576.5391662138586,3654.9369722923134,546842
2024-02-27,3619.13037109375,3640.0793021861973,3586.641995896484,3595.506902567591,673959
2024-02-28,3560.54248046875,3634.136517174706,3548.111684410256,3620.2695476352005,538608
2024-02-29,3589.9599609375,3619.2787911684195,3551.2316438693847,3561.037474900412,1692242
2024-03-01,3730.11572265625,3738.1388518965746,3591.545171430042,3595.5071627940024,1533727
2024-03-04,3696.933837890625,3728.3328111477326,3679.699273151137,3725.85656668397,787542
2024-03-05,3715.109375,3723.4294592355127,3672.765596880624,3712.3855062320868,733660
2024-03-06,3774.539306640625,3778.748922084625,3667.5159762237263,3712.4351459838804,765602
2024-03-07,3750.916015625,3787.9112051195198,3732.294850473705,3775.8271803445036,838514
2024-03-11,3714.514892578125,3771.815281863082,3706.4920062149195,3766.763646810866,597848
2024-03-12,3713.177978515625,3730.21449129067,3678.2133599065064,3726.252500328067,564569
2024-03-13,3591.247802734375,3726.252700397896,3555.8870798587045,3723.2812070163986,1027729
2024-03-14,3605.560546875,3613.3360514992096,3546.130677606921,3595.457517463578,1293906
2024-03-15,3598.676513671875,3621.2103383405747,3575.6970133628893,3600.162260353328,1207241
2024-03-18,3545.684814453125,3585.6019228981563,3531.223692121728,3584.6114251294002,785257
2024-03-19,3549.349609375,3572.3786825085886,3513.3451605575133,3544.9915159188763,554444
2024-03-20,3556.38232421875,3562.721413362891,3516.2671636197083,3549.3496931632103,526882
2024-03-21,3593.080078125,3602.4402332814775,3555.9364133606186,3572.6757282194726,767905
2024-03-22,3671.47802734375,3691.4860338880912,3586.8400414539155,3593.0802257548708,1281102
2024-03-26,3663.058837890625,3694.5071423735058,3630.1743599923607,3630.1743599923607,1158224
2024-03-27,3723.67724609375,3748.934939407035,3657.7102392385605,3663.8512770917587,1315714
2024-03-28,3765.6748046875,3801.8279765023776,3697.0828280250266,3724.2719458613774,1590738
2024-04-01,3702.876953125,3796.1324679595064,3695.0521170762213,3786.6235921603197,964052
2024-04-02,3720.260009765625,3745.517702621576,3698.617778822677,3718.3285874996122,677963
2024-04-03,3677.222900390625,3716.34756155303,3669.7941672585225,3709.5132237997923,801601
2024-04-04,3746.805419921875,3756.2647219401783,3644.0412768204556,3704.461640475266,1177617
2024-04-05,3718.7744140625,3765.7734862731727,3705.4522670266215,3742.4967879905944,623873
2024-04-08,3713.277099609375,3772.112813925454,3684.9985809222967,3762.554365078659,849267
2024-04-09,3644.38818359375,3725.262232378261,3629.530716567514,3719.3192455677668,745285
2024-04-10,3675.935302734375,3684.9985024890752,3646.467993859838,3654.9367982198623,567546
2024-04-12,3584.90869140625,3659.6912743780067,3575.1521914690525,3654.4911609925534,1910561
2024-04-15,3566.38623046875,3604.6192978304503,3555.8868577815465,3572.72531922508,854076
2024-04-16,3611.255859375,3618.486541733378,3548.953644016053,3554.896630860624,1116890
2024-04-18,3491.603759765625,3625.2218112157443,3467.732666958011,3611.2556960344027,1677946
2024-04-19,3529.193115234375,3537.2655753029208,3445.1988562723973,3491.6037733604626,1507940
2024-04-22,3562.572998046875,3580.6495830790163,3518.2482210502535,3533.105688199959,668659
2024-04-23,3598.478515625,3613.33598265896,3570.893055103648,3585.552470941305,769991
2024-04-24,3575.44921875,3610.215786169652,3546.031484221461,3607.3927708809474,652811
2024-04-25,3537.166748046875,3568.2682818669787,3507.3526678947874,3560.839548455736,1889163
2024-04-26,3550.736572265625,3559.106230336134,3522.507384882454,3553.906116870813,798783
2024-04-29,3570.595947265625,3579.1140829101373,3539.196974813502,3550.9344699991184,703524
2024-04-30,3555.14404296875,3585.106599853839,3545.9819387972766,3568.416616067237,963220
2024-05-02,3534.541748046875,3563.811005755122,3512.602318989327,3550.9345346392756,1435891
2024-05-03,3500.320068359375,3564.8015716773375,3458.8183073901814,3560.839580489033,1681592
2024-05-06,3248.981201171875,3455.648708368761,3226.051274259063,3442.970288401751,6891728
2024-05-07,3239.819091796875,3300.3386028817386,3196.336335984205,3298.3576073217855,3111444
2024-05-08,3228.874267578125,3249.823198784693,3207.6774701071367,3244.2763145180847,2054981
2024-05-09,3214.858642578125,3290.9289215441077,3202.2793689547325,3228.8743314598455,1860654
2024-05-10,3258.589111328125,3274.783604407242,3211.936570692766,3227.140807845126,1307103
2024-05-13,3222.73291015625,3276.566559640428,3199.802983953568,3276.071310765029,1294603
2024-05-14,3257.648193359375,3276.5667985071113,3219.1179247727064,3219.1179247727064,620163
2024-05-15,3237.491455078125,3275.031222911932,3229.022650988226,3272.60455179911,657036
2024-05-16,3302.220458984375,3316.186574440155,3220.4054872761194,3245.1679318283905,1404971
2024-05-17,3329.211669921875,3335.9966767558126,3276.5668072174076,3316.1371469875776,1194228
2024-05-21,3344.910888671875,3348.1795795982425,3319.1579472725653,3323.1199382570744,827674
2024-05-22,3351.696044921875,3370.76312738792,3328.072575891488,3352.5873962049745,626567
2024-05-23,3419.248046875,3427.5185585770782,3345.654010506806,3350.8541240602544,977789
2024-05-24,3379.974365234375,3422.2192386126876,3371.852332193032,3419.297318666323,878625
2024-05-27,3371.06005859375,3403.6475807532775,3358.084682726359,3391.4148364025336,804488
2024-05-28,3377.0029296875,3390.473795806086,3359.916843512316,3371.6543385696514,548576
2024-05-29,3348.278564453125,3385.5213773275655,3339.0671286501693,3372.991677267334,519533
2024-05-30,3240.760498046875,3333.0252763534345,3223.0800146371694,3333.0252763534345,2365535
2024-05-31,3211.0947265625,3297.1691306215976,3186.1838035783594,3266.6617499654712,2524214
2024-06-03,3230.21142578125,3301.2796440045827,3219.1178986178566,3278.5477675154166,1378542
2024-06-04,3208.1728515625,3263.888353691546,3026.6145535938304,3230.2114279602115,2934800
2024-06-05,3286.125,3302.3197361060274,3170.633099132657,3234.9658842598337,1396386
2024-06-06,3290.087158203125,3328.0728483041903,3259.480870701492,3297.367414287098,1825503
2024-06-07,3411.32373046875,3423.754525253655,3263.0956011638414,3263.0956011638414,2084099
2024-06-10,3389.681396484375,3419.198278188622,3357.7874168770077,3410.2837983208074,1655552
2024-06-11,3378.290771484375,3405.62860727733,3369.5743425488854,3385.719504925857,1086157
2024-06-12,3350.16064453125,3386.412717698484,3338.8194934671656,3378.9346530168114,2054168
2024-06-13,3439.2060546875,3444.05963849457,3357.787192369414,3392.40503851067,1753028
2024-06-14,3496.506591796875,3501.409507240603,3445.941633858574,3456.8371089871866,2346892
2024-06-18,3554.896484375,3590.5544039730776,3504.3810982777236,3521.021509120975,1585048
2024-06-19,3429.4501953125,3560.8396333155783,3423.1604374794542,3560.8396333155783,1862394
2024-06-20,3403.30078125,3456.8372343466526,3385.620541060761,3440.9892699485017,2377432
2024-06-21,3367.44482421875,3440.6425133599314,3351.250088803496,3398.1006821152287,2707405
2024-06-24,3379.92529296875,3396.4169847490725,3340.255807381152,3348.2293631023254,645002
2024-06-25,3370.119140625,3390.870020859161,3352.7358561319547,3380.1232649830336,1299560
2024-06-26,3340.701416015625,3369.17822743374,3337.9775470973705,3369.17822743374,1485709
2024-06-27,3359.43359375,3371.258988810378,3340.0059510547903,3348.8998650820854,1462935
2024-06-28,3382.885498046875,3398.4871483321635,3345.272630883438,3359.433408463666,1005498
2024-07-01,3409.96484375,3413.4926648955093,3360.327640857108,3360.824510240644,1001832
2024-07-02,3378.364013671875,3428.398859286263,3364.1040074620505,3424.4239040870907,878947
2024-07-03,3339.210693359375,3405.4930206265944,3320.975489931672,3399.381624251513,980605
2024-07-04,3315.112548828125,3348.800196209364,3309.150116186348,3343.9309732633815,741143
2024-07-05,3248.8798828125,3311.1375185214115,3236.607112192148,3311.1375185214115,2001382
2024-07-08,3136.4384765625,3183.9392416108085,3106.5270830621457,3183.9392416108085,5323920
2024-07-09,3195.01904296875,3201.8759859065526,3145.1831417330095,3150.151835479823,2044328
2024-07-10,3204.8076171875,3232.3341333150493,3170.523628724564,3197.6030109163034,1437517
2024-07-11,3228.260009765625,3238.3463616877943,3209.776370771485,3226.6201951545236,1105185
2024-07-12,3209.62744140625,3248.532219365468,3199.888752397526,3245.5510028900635,1496692
2024-07-15,3204.012451171875,3232.0358355914072,3185.33011402152,3221.4526148762225,1243810
2024-07-16,3213.801025390625,3230.64484958445,3203.913372820021,3207.739121645585,501336
2024-07-18,3241.67529296875,3248.6314642606994,3185.9264517127563,3212.7076626643607,1086374
2024-07-19,3238.594970703125,3258.469748062457,3214.7452378719267,3241.6259227728287,1111191
2024-07-22,3234.072998046875,3252.904298671793,3203.0186623817735,3229.650909170564,696255
2024-07-23,3445.1435546875,3468.148511522851,3211.9128575450445,3234.719357749115,7159507
2024-07-24,3456.620849609375,3530.2569897047388,3440.472594554427,3448.2735409642346,3862140
2024-07-25,3384.4755859375,3432.771145085304,3363.259165936619,3393.6179341924253,1476422
2024-07-26,3472.2724609375,3479.7752376807207,3371.755874600109,3384.4757802386,1830745
2024-07-29,3390.338623046875,3477.638673867616,3366.7870619564183,3473.117113795065,2213293
2024-07-30,3446.53466796875,3457.217360300809,3389.2457219490725,3403.505728471634,1316880
2024-07-31,3437.292724609375,3477.9862793653515,3424.9704607102985,3457.2669712486936,1361595
2024-08-01,3446.63427734375,3470.136104373519,3420.946030729049,3453.242543727944,879399
2024-08-02,3440.671630859375,3456.124075108124,3388.6493076400952,3393.618001639568,1168195
2024-08-05,3354.8125,3437.342557010321,3295.7347760406847,3299.262597352156,1932064
2024-08-06,3314.21826171875,3394.959536606987,3300.305918968777,3359.78103865771,976535
2024-08-07,3305.423583984375,3347.756952634659,3296.281235822024,3338.9622674746333,1277139
2024-08-08,3275.860107421875,3338.9127887086374,3263.3389009114157,3316.106530704322,1280733
2024-08-09,3310.839599609375,3329.025068656079,3264.5315158633402,3329.025068656079,1019809
2024-08-12,3300.0576171875,3324.0563123529555,3274.717277586603,3310.7898022229747,874598
2024-08-13,3362.364990234375,3383.4322044284368,3284.704156870388,3309.1502285767515,1314371
2024-08-14,3380.848388671875,3394.810467447006,3335.8322147580275,3368.7745591991966,997803
2024-08-16,3423.181884765625,3428.49848462878,3349.0986053819747,3388.649459917492,1161982
2024-08-19,3443.156005859375,3482.2594823860104,3414.6852434436632,3414.6852434436632,1135205
2024-08-20,3453.142822265625,3461.29167442837,3432.7711770827814,3458.2109871364046,526591
2024-08-21,3538.107421875,3559.57227636522,3432.920318571946,3453.1427569868856,1990034
2024-08-22,3581.83203125,3602.303147560944,3531.4495226465156,3552.5664721322178,1531544
2024-08-23,3547.6474609375,3600.1666527471625,3521.8102525385157,3588.8378850357876,1173387
2024-08-26,3607.470703125,3617.2093923190328,3551.672364076756,3569.5099278049356,1156681
2024-08-27,3529.014892578125,3635.8915484069057,3508.394812600372,3607.470521850596,1169007
2024-08-28,3505.413818359375,3557.53537289096,3497.861306000736,3537.362425569775,727481
2024-08-29,3511.077880859375,3531.4992617288835,3488.023189213755,3514.8541368230913,927472
2024-08-30,3542.827880859375,3575.4722983603065,3520.3197934800965,3527.7728346801246,2116894
2024-09-02,3565.087890625,3579.397633143757,3529.760425680037,3542.827994625568,718800
2024-09-03,3598.477294921875,3612.141203939602,3537.85922582505,3565.087815543951,1112614
2024-09-04,3585.111328125,3594.8500166371855,3545.858646533523,3563.6467161636992,529856
2024-09-05,3699.54052734375,3730.445657944615,3577.8570192097677,3593.955781592709,3437885
2024-09-06,3672.36181640625,3718.5706716255413,3642.052782337683,3691.6899879701955,1408795
2024-09-09,3661.48046875,3701.130551175434,3630.873264145304,3666.9957678002197,923357
2024-09-10,3704.06201171875,3726.520606284096,3643.0465447033325,3680.808620180345,1109078
2024-09-11,3687.864013671875,3720.061052489411,3676.9328872988594,3708.533585814884,831810
2024-09-12,3740.681396484375,3750.370350091527,3687.8642746348096,3712.608274494421,1337327
2024-09-13,3743.4140625,3776.058479150094,3716.583114879214,3753.3514505076982,1003355
2024-09-16,3717.22900390625,3765.276372690188,3712.011875123821,3744.407857560472,386602
2024-09-17,3743.811279296875,3753.3512683661165,3703.962500886982,3736.3582386527805,392339
2024-09-18,3702.02490234375,3762.295062977119,3684.7834372739453,3745.4015035289917,420638
2024-09-19,3757.276611328125,3771.238689782396,3717.676266305652,3726.5204444490078,945257
2024-09-20,3773.4248046875,3795.0883583715927,3716.582995629682,3769.251150380584,1951755
2024-09-23,3796.181884765625,3805.026063501741,3757.326598615848,3773.4251194924323,530107
2024-09-24,3761.201904296875,3815.857538547131,3757.87302486884,3794.0947557722884,1281513
2024-09-25,3713.850341796875,3779.7352729632357,3686.8206948756024,3776.2074516899124,942343
2024-09-26,3734.023193359375,3753.500327838692,3678.2246154140003,3714.595551729347,1863893
2024-09-27,3792.802978515625,3842.788090642717,3727.713084557234,3750.370378610193,2164755
2024-09-30,3800.00732421875,3839.359476588687,3762.2949863878966,3762.2949863878966,1068609
2024-10-01,3752.307861328125,3813.919665088962,3733.4765601526574,3800.0073223042573,774221
2024-10-03,3651.9404296875,3758.3202189389935,3627.196430103121,3666.001979564067,1597560
2024-10-04,3647.120849609375,3730.2967382520783,3602.303132897351,3602.303132897351,1542987
2024-10-07,3566.777099609375,3724.533139050202,3530.0584983217723,3716.5334929372552,2523321
2024-10-08,3471.4775390625,3572.490991184283,3458.2110290184437,3566.776993075991,1360120
2024-10-09,3471.57666015625,3536.517585869603,3464.7696951438115,3495.9729955005782,1063802
2024-10-10,3425.666015625,3509.4382434547297,3393.7174108343274,3488.0231241841325,1488328
2024-10-11,3452.64599609375,3469.142157249222,3422.734603725351,3442.3112095993424,858463
2024-10-14,3475.899658203125,3502.9293053132096,3430.9329770498134,3452.6460244814966,593206
2024-10-15,3486.532470703125,3507.3512493892836,3455.2296994826183,3501.8856861603062,578719
2024-10-16,3449.267333984375,3488.0231467257727,3418.4614315489052,3486.0356691492907,591644
2024-10-17,3382.041259765625,3465.1674186926057,3358.9368311781277,3465.1674186926057,560796
2024-10-18,3360.278076171875,3400.922139377966,3275.4626136589245,3373.7432856724404,1249585
2024-10-21,3342.19189453125,3398.4376055596886,3314.61564385906,3396.5493563428595,714746
2024-10-22,3308.951416015625,3400.0772130092096,3298.4674234344056,3353.768889126404,882086
2024-10-23,3268.009521484375,3314.1189048549436,3261.947617747032,3309.150210844666,877837
2024-10-24,3310.04443359375,3321.969299055836,3258.6681867503307,3280.381476324016,764369
2024-10-25,3246.09765625,3321.4231088426777,3212.111836445183,3311.137814804105,805013
2024-10-28,3262.494140625,3294.2440460304033,3233.675716089591,3249.525801061665,736462
2024-10-29,3262.842041015625,3277.3507252614095,3206.795266955297,3265.2271598213556,702769
2024-10-30,3287.735107421875,3301.001617539828,3214.844511497293,3240.5822495532016,895278
2024-10-31,3246.594482421875,3279.2386573130584,3233.2287437246314,3270.394478799884,1170306
2024-11-01,3273.077392578125,3296.82789514272,3261.7986029185363,3283.312950601494,176636
2024-11-04,3201.826416015625,3297.225340887599,3170.1262453165136,3297.225340887599,1122152
2024-11-05,3210.02490234375,3238.495423192958,3165.058219631559,3185.9267353653936,872402
2024-11-06,3157.157958984375,3188.8581302210678,3094.502678012175,3125.3085813578323,4522923
2024-11-07,3101.309814453125,3166.101535344512,3088.6396448208275,3160.089367114235,1608603
2024-11-08,3166.30029296875,3172.9085590304935,3086.5527532243036,3101.4588354195275,1719882
2024-11-11,3186.523193359375,3209.826321600075,3138.4758214106737,3171.6171101420364,1054929
2024-11-12,3178.423828125,3218.7199851368437,3165.0580897378345,3181.6037437743908,992983
2024-11-13,3167.890380859375,3201.429065891212,3142.4008346679693,3155.120740032077,911537
2024-11-14,3163.76611328125,3175.144373818324,3116.364821879025,3125.358206382933,1161637
2024-11-18,3152.437744140625,3187.1191323201265,3137.730360909918,3163.7662697765372,943251
2024-11-19,3204.509521484375,3262.4445431613026,3152.4377044074477,3172.0143106216506,1174506
2024-11-21,3158.549072265625,3213.7015762231313,3128.637679650474,3204.80766239563,1582159
2024-11-22,3287.983642578125,3296.2317234504353,3132.413779070443,3154.9718447676346,2207527
2024-11-25,3288.38134765625,3348.7509831990396,3277.4004847676256,3338.962558416016,1892510
2024-11-26,3306.666015625,3322.8142718996523,3275.06507174666,3289.2755857907587,721345
2024-11-27,3271.040283203125,3309.050792991372,3259.612286796201,3304.1815698280107,732835
2024-11-28,3192.237060546875,3284.306867051949,3180.312194463782,3271.3882621285984,1701387
2024-11-29,3228.6572265625,3239.5883529066637,3192.2367981060647,3192.2367981060647,1139585
2024-12-02,3286.145263671875,3289.175972936881,3201.876164503094,3228.657376769841,915980
2024-12-03,3311.883056640625,3317.7957541048727,3256.084718870228,3269.400722030652,1162310
2024-12-04,3343.384521484375,3361.8184251015564,3317.100178240909,3321.075133517411,1630076
2024-12-05,3419.5048828125,3443.7022765763036,3332.602474887402,3353.8186523065224,2383630
2024-12-06,3448.373046875,3477.737833814034,3408.5240246441244,3432.32401996727,1278516
2024-12-09,3446.485107421875,3466.409620328308,3425.3184209254155,3445.7895387338663,926422
2024-12-10,3453.98779296875,3494.9297848895053,3414.5364093165567,3448.2737946059306,1063355
2024-12-11,3451.354248046875,3468.8936404395163,3438.6343431619084,3462.931207769564,554702
2024-12-12,3424.17529296875,3451.354144787603,3390.6366102036927,3448.7703269964586,926472
2024-12-13,3486.880615234375,3495.97322854807,3359.0857037520223,3398.5868225225695,1242351
2024-12-16,3416.672607421875,3489.0168387587555,3407.5302592149737,3483.0544061092105,1295227
2024-12-17,3384.77392578125,3427.8026230290257,3376.3271457265655,3400.6240115967535,1005604
2024-12-18,3380.599853515625,3402.561577565156,3368.774459096343,3379.90428489308,646145
2024-12-19,3335.832275390625,3378.6622732277083,3311.137768517588,3328.6276689015035,732634
2024-12-20,3335.23583984375,3397.5929494006054,3312.280376571641,3329.0249723580077,1235769
2024-12-23,3375.680908203125,3384.97246286296,3315.7584111046335,3356.9490777229116,691202
2024-12-24,3332.403564453125,3397.592926182805,3317.298783353421,3364.153712912882,485245
2024-12-26,3302.24365234375,3350.7381526097242,3291.9086236180815,3343.930945023048,637094
2024-12-27,3288.48046875,3324.0563671812492,3280.431329840628,3299.06393279568,568989
2024-12-30,3236.955322265625,3297.175750676762,3227.1171621375915,3289.2258399205443,941859
2024-12-31,3232.78125,3255.140372791297,3210.571333594517,3229.651069854022,616440
2025-01-01,3233.47705078125,3249.426364231164,3223.738362141259,3227.6635818295185,357376
2025-01-02,3367.731201171875,3379.6560672797646,3230.644976395669,3243.5635813458825,1152493
2025-01-03,3430.03857421875,3460.148909629827,3356.8000701439546,3373.7433659089947,1630862
2025-01-06,3448.6708984375,3506.407217484814,3419.653775144524,3468.148275193992,2145936
2025-01-07,3483.154052734375,3554.3056070408834,3463.179805306024,3468.148499431283,2389563
2025-01-08,3462.23583984375,3492.4951388754093,3370.066562811258,3465.8131540858853,1317377
2025-01-09,3465.217041015625,3484.4954773025356,3439.876700811562,3464.1238312561322,826237
2025-01-10,3418.7099609375,3466.160989390306,3407.281964556196,3440.323780180401,570060
2025-01-13,3361.570068359375,3445.292565812417,3331.5094683836537,3358.8372865434003,1282557
2025-01-14,3301.697265625,3407.5304511145596,3289.2755302389014,3378.712025018811,1133561
2025-01-15,3302.69091796875,3319.5844776514546,3262.4444963717183,3301.2003097614524,1169593
2025-01-16,3296.132080078125,3317.9448405061344,3261.4506935142604,3306.16893885495,1170734
2025-01-17,3336.37841796875,3346.912145876464,3264.481564202768,3299.113214444294,559153
2025-01-20,3361.0732421875,3386.3638475238195,3326.5408169776497,3352.974367564388,722342
2025-01-21,3332.354248046875,3391.332502844065,3314.268007004736,3379.65607143241,1016047
2025-01-22,3335.4345703125,3363.8058617754314,3313.7710157969796,3333.7949983257163,598329
2025-01-23,3377.271240234375,3411.505495328064,3304.678568224141,3335.434737319098,713603
2025-01-24,3380.848388671875,3426.063504436938,3359.2843050601705,3385.6681189355936,564244
2025-01-27,3298.567138671875,3380.6498218628203,3286.5428015789576,3366.7872134702575,618309
2025-01-28,3305.07568359375,3349.744435469127,3278.8908125279136,3298.5668887290312,579957
2025-01-29,3349.64501953125,3353.868409380099,3288.3313848362436,3318.292512248569,570137
2025-01-30,3347.3095703125,3368.774424753964,3324.254879408856,3349.545482541319,688608
2025-01-31,3468.39697265625,3505.3640088363204,3371.159530500228,3378.712042699305,1212261
2025-02-01,3529.76025390625,3612.3895389313498,3386.661865234375,3504.916783650716,2186692
2025-02-03,3557.883056640625,3619.7432966359775,3529.511765517945,3542.6788045531002,1543897
2025-02-04,3575.174072265625,3591.372063409382,3497.9606151635376,3567.5223319423576,1279779
2025-02-05,3469.042724609375,3629.134144398599,3450.4598573321464,3573.484770880986,2165947
2025-02-06,3389.394775390625,3482.309357666964,3376.575641297843,3469.0428470030197,1059617
2025-02-07,3403.356689453125,3432.274342954793,3366.9857523423125,3393.5185297697026,740155
2025-02-10,3306.615966796875,3403.555230722781,3290.2690128242707,3393.617843187824,904436
2025-02-11,3261.251953125,3327.037411362515,3251.1158661647555,3313.820637161762,903965
2025-02-12,3235.06689453125,3296.6289640331374,3192.485332958168,3262.196012013508,774619
2025-02-13,3211.26708984375,3257.4262108473367,3195.0690980861746,3229.8996932584396,727243
2025-02-14,3193.13134765625,3232.6324667939875,3166.499098054817,3216.0370765843113,587411
2025-02-17,3212.956298828125,3218.223163087556,3156.114486943362,3175.2439591957736,712614
2025-02-18,3201.677490234375,3223.6887078873824,3172.3124598013455,3214.5463593343957,592636
2025-02-19,3190.19970703125,3233.278138293735,3171.8155392953954,3199.8389248352146,521953
2025-02-20,3171.4677734375,3198.4974213719756,3168.1883867420183,3189.9016774479605,653151
2025-02-21,3159.989990234375,3185.876935128873,3142.450597030911,3171.4677221770353,407794
2025-02-24,3153.133056640625,3167.9894024443447,3111.3960291023627,3111.3960291023627,431232
2025-02-25,3178.771728515625,3191.3921627792406,3116.9114880880966,3120.339838432762,642281
2025-02-27,3202.919677734375,3207.788900892286,3157.0584857681015,3178.7717759617603,604023
2025-02-28,3057.982666015625,3197.801664079753,3040.8406720311355,3181.951579033888,1322618
2025-03-03,3062.703125,3082.6773728600265,3038.6049579716905,3070.653035772226,516171
2025-03-04,3029.412841796875,3050.7782267726443,2998.1100684602825,3030.9034500509983,1186136
2025-03-05,3067.224609375,3087.9936537086965,3016.692893234648,3029.412798677857,579883
2025-03-06,3101.55810546875,3112.04185517745,3027.92196714869,3071.8451713167965,1399483
2025-03-07,3060.069580078125,3105.0362594446333,3055.3988137670276,3101.5581737477764,1020056
2025-03-10,3007.8486328125,3063.6967045613756,3002.184370204185,3060.715488176788,855408
2025-03-11,3027.32568359375,3036.7662018829,2991.1536895095983,2996.122383345993,576260
2025-03-12,3000.0478515625,3034.6797475168505,2977.2913289508247,3018.3822848157347,489535
2025-03-13,2991.302734375,3030.406452972341,2981.5145528191442,3000.4948182215303,785215
2025-03-17,2998.457763671875,3017.388293081119,2966.3599529965736,2966.3599529965736,632348
2025-03-18,2998.457763671875,2998.457763671875,2998.457763671875,2998.457763671875,0
2025-03-19,3057.038818359375,3075.6216860011787,3039.052048449746,3068.715249639024,730983
2025-03-20,3173.107421875,3184.9328164106287,3060.715467876673,3080.590243642106,1542807
2025-03-21,3142.897705078125,3170.026823279377,3135.1962292535436,3166.995871367945,1181974
2025-03-24,3059.821044921875,3156.064496120581,3055.7466190516743,3148.363020901833,1481216
2025-03-25,3034.580322265625,3080.540744752754,3026.928581530714,3065.6843972495903,1174346
2025-03-26,3038.3564453125,3058.479656438445,3015.550187892165,3049.73470629094,1010449
2025-03-27,3068.3173828125,3078.304505864904,3028.4686041356067,3028.4686041356067,1635143
2025-03-28,3044.169921875,3092.3165193489804,3031.9468858241025,3074.627919769082,778417
2025-04-01,2968.248046875,3056.442364980934,2963.329088359381,3034.5801114786177,1068622
2025-04-02,3079.050048828125,3085.5590867283295,2952.547046444041,2992.14763611562,1674921
2025-04-03,3107.9677734375,3131.270899332537,3048.79058049896,3051.771796842342,1115568
2025-04-04,3056.939208984375,3095.396851530666,3030.9033012793934,3079.5965018573243,901801
2025-04-07,3003.27734375,3028.915853234823,2906.6859812046773,2906.6859812046773,1378989
2025-04-08,3102.750732421875,3207.0435719228044,3081.58404726396,3129.979078748573,2830156
2025-04-09,3154.27587890625,3168.2876928708306,3071.3484255169224,3118.2033549683465,1215988
2025-04-11,3214.645751953125,3222.247999824843,3181.2065362467592,3201.8266176609322,814920
2025-04-15,3252.904541015625,3264.4320083181146,3224.781926631751,3249.5259260883518,1121769
2025-04-16,3251.613037109375,3265.425910287631,3224.7820877552163,3229.6513111487525,889943
2025-04-17,3306.666015625,3313.9203577354024,3191.094139118467,3229.6512549305035,1083612
2025-04-21,3315.212158203125,3332.503116541597,3269.4007017807826,3293.250433343925,672129
2025-04-22,3316.50390625,3337.7700629847413,3299.312418414466,3315.212239848132,609213
2025-04-23,3336.279296875,3352.576516028624,3294.740966822458,3335.981126714822,628656
2025-04-24,3361.421142578125,3373.7434073155578,3323.0627257918186,3335.7826316378287,901747
2025-04-25,3344.129638671875,3398.0897020565867,3295.237740026215,3361.420838725342,704325
2025-04-28,3348.00537109375,3376.127984061102,3330.0186023976808,3334.987296223998,384147
2025-04-29,3357.446044921875,3376.7244808163978,3332.999973118952,3354.762756041738,575435
2025-04-30,3358.5390625,3387.6556586310544,3333.298193358469,3352.8747997128708,708818
2025-05-02,3321.0751953125,3360.32787939833,3303.1878962354126,3341.0494429933888,514587
2025-05-05,3301.001708984375,3387.1588174136396,3286.2943257112825,3336.676836098332,565178
2025-05-06,3278.642333984375,3304.479541701773,3225.179140262128,3301.001456047508,650789
2025-05-07,3317.994384765625,3359.8308853218314,3239.7871896693264,3259.463266446497,1047443
2025-05-08,3348.2041015625,3391.1335681000023,3304.1814253282073,3328.9254237693217,1597339
2025-05-09,3488.3212890625,3507.8978945123063,3333.19856841051,3345.9184733209445,2863992
2025-05-12,3540.592041015625,3562.5537665796564,3508.196300169869,3515.0530011695228,956930
2025-05-13,3540.89013671875,3565.932306614644,3517.9349154025217,3540.5919665485094,996541
2025-05-14,3565.137451171875,3587.3971034671426,3527.772774877661,3532.7414689267844,588159
2025-05-15,3614.029296875,3642.052682361491,3531.6482052320043,3574.478444325862,1227751
2025-05-16,3610.94873046875,3633.0096839260373,3590.7757837396916,3631.121677197808,525064
2025-05-19,3595.048828125,3626.6497706622154,3588.788225127965,3594.3532594835547,376760
2025-05-20,3558.18115234375,3597.334363006812,3552.7155890850377,3595.0487153034946,811416
2025-05-21,3558.081787109375,3600.415157197291,3544.964483421236,3547.6475296691715,415016
2025-05-22,3518.8291015625,3552.6162208658393,3494.085102411624,3542.6788328354455,709846
2025-05-23,3557.28662109375,3583.720169380776,3500.9416814419365,3508.891591589974,416717
2025-05-26,3587.6953125,3617.2093069491325,3548.044987991232,3553.6100224313454,525514
2025-05-27,3566.926025390625,3616.215567934066,3539.8963779944224,3592.3658362411784,1019733
2025-05-28,3552.318115234375,3579.0498350889543,3522.8041207703527,3572.4910618249414,449324
2025-05-29,3565.8330078125,3577.4597033259065,3537.809621992183,3557.584927196318,513095
2025-05-30,3532.741455078125,3582.4283953745826,3519.922321526444,3557.584925226354,962944
2025-06-02,3503.426025390625,3519.8227150570397,3454.136485469813,3503.028626928362,726392
2025-06-03,3497.76171875,3557.584743285075,3481.5637285193466,3503.4259811317133,676943
2025-06-04,3477.88720703125,3497.761983638535,3464.1735626498194,3484.147810184949,410354
2025-06-05,3482.060791015625,3512.866694132487,3452.447325948626,3476.7939267990487,608651
2025-06-06,3537.61083984375,3548.5419672085,3464.3723350223286,3501.9357121254207,602422
2025-06-09,3511.7734375,3557.5848930842412,3499.153003301126,3542.48011189299,540262
2025-06-10,3502.13427734375,3522.804093182995,3484.147750390053,3522.804093182995,561695
2025-06-11,3519.42529296875,3526.7788627552786,3483.054357271697,3502.929132491507,505077
2025-06-12,3431.08203125,3537.511557652593,3423.9271601517125,3525.785390862945,811822
2025-06-13,3400.474853515625,3419.2566632359676,3361.8185095256867,3388.3512881402426,821750
2025-06-16,3416.573486328125,3432.0756661362175,3374.9356847849504,3389.643067637766,534665
2025-06-17,3384.376220703125,3416.07663434688,3374.1406624255987,3406.5366447147753,1000345
2025-06-18,3446.08740234375,3458.210966981456,3368.7744764560734,3384.674296993919,972739
2025-06-19,3483.451904296875,3499.550667001118,3446.0874708572796,3457.0185976943762,1022566
2025-06-20,3496.966796875,3522.8040053770605,3467.154633218777,3478.0857598927255,2941214
2025-06-23,3483.750244140625,3506.40753848347,3451.25503221003,3458.409903420396,643325
2025-06-24,3503.923095703125,3544.6663875136264,3484.147790137469,3501.0413501564576,968797
2025-06-25,3629.332763671875,3642.0526687180395,3527.7727077623576,3527.7727077623576,2697912
2025-06-26,3671.566650390625,3677.3303838816832,3621.1841423766664,3632.11526904136,1620497
2025-06-27,3643.2451171875,3685.876657007326,3636.587115791661,3676.833536939239,601285
2025-06-30,3667.094970703125,3675.3430514892466,3629.134196035887,3643.2452388562297,921775
2025-07-01,3677.33056640625,3703.1677761688666,3644.040315365956,3675.8399581507147,947173
2025-07-02,3684.783447265625,3698.596319454098,3665.902410184167,3681.8022308843424,583514
2025-07-03,3655.6669921875,3689.6528117142107,3649.2076897805046,3678.821155491903,528710
2025-07-04,3663.815673828125,3666.9958322419175,3622.277583933235,3643.04662888068,629926
2025-07-07,3643.145751953125,3672.858443725258,3625.0595124966953,3652.486799218665,829472
2025-07-08,3430.045166015625,3570.0856562336476,3423.765721700407,3570.0856562336476,3952270
2025-07-09,3420.875244140625,3450.1789926462607,3409.4128554607373,3430.045106416105,1868271
2025-07-10,3408.615478515625,3433.733012405282,3402.8343989409673,3420.8752996231224,496586
2025-07-11,3350.605712890625,3411.0073696883373,3346.0206602254875,3396.853860604248,856956
2025-07-14,3393.564697265625,3398.8474119996263,3333.063268541569,3360.971693038927,755781
2025-07-15,3403.8310546875,3410.808160802526,3376.6202921704703,3406.821243022511,686088
2025-07-16,3406.12353515625,3411.007412034061,3377.4176788587424,3405.824467658351,669532
2025-07-17,3422.0712890625,3436.7231633934557,3405.326185537628,3407.219874166674,559482
2025-07-18,3391.7705078125,3432.736185058154,3380.906254273304,3432.736185058154,293360
2025-07-21,3421.772216796875,3427.8523638052948,3354.193911123252,3379.909579714012,561799
2025-07-22,3461.043212890625,3478.5857483855316,3419.081049438312,3438.716570753606,1752275
2025-07-23,3460.04638671875,3470.5120455545466,3432.736098141243,3461.0431161316833,584590
2025-07-24,3473.00390625,3478.386391142719,3446.6903468038554,3456.059506048824,630718
2025-07-25,3451.474609375,3468.61830635869,3435.726236212185,3465.0299831876705,624410
2025-07-28,3381.903076171875,3451.2755443020064,3370.9390520522493,3441.7068440971075,603916
2025-07-29,3368.14794921875,3385.88978125673,3344.6252813183346,3378.9126754372433,511042
2025-07-30,3365.45703125,3382.4014321181326,3334.3591206780934,3368.9455843699097,443735
2025-07-31,3336.3525390625,3353.496236946449,3304.656493861183,3329.076365403816,553157
2025-08-01,3305.15478515625,3336.352464939091,3296.1842202990706,3329.076291442061,422977
2025-08-04,3345.322998046875,3353.994495324754,3297.280688713921,3304.1580243689627,450434
2025-08-05,3407.0205078125,3431.739446481727,3337.0501501077033,3345.323053090916,837335
2025-08-06,3406.522216796875,3451.0759748599594,3388.8801540749737,3425.759143986966,635456
2025-08-07,3404.528564453125,3425.758949351166,3366.652847235975,3368.945373525441,509599
2025-08-08,3448.883056640625,3478.3863445205566,3391.969953321262,3438.816235602496,2184271
2025-08-11,3456.557861328125,3475.894558098457,3391.6709220342127,3461.6412787114637,563586
2025-08-12,3475.396240234375,3522.4418208655648,3448.783613006621,3456.5579079205527,929276
2025-08-13,3455.461669921875,3483.4696211697365,3451.8733466024055,3475.3962587141527,360474
2025-08-14,3477.987548828125,3494.334057359091,3452.770489117713,3465.1298366173446,597987
2025-08-18,3543.173828125,3563.108416734523,3482.0742653683837,3484.566088944574,1253006
2025-08-19,3556.430419921875,3565.600282121353,3533.405872471029,3543.373166892668,537433
2025-08-20,3583.242431640625,3591.116497088175,3540.383064586231,3548.356900317281,517031
2025-08-21,3604.47265625,3613.1441535500912,3576.4644621642437,3583.2422709000216,673486
2025-08-22,3609.1572265625,3629.4904093752903,3595.900676620036,3604.472646961157,691835
2025-08-25,3639.457763671875,3657.5984340728096,3603.6752742720814,3617.828783588623,700503
2025-08-26,3582.24560546875,3660.7879339677133,3577.361728552188,3650.820639572976,960778
2025-08-28,3625.802490234375,3638.9592696478444,3540.4825995873557,3540.4825995873557,989246
2025-08-29,3616.931884765625,3630.0886648660667,3591.8143512389356,3625.802679553231,660956
2025-09-01,3606.76513671875,3641.4511254779923,3598.5917608912955,3619.1244840534064,297533
2025-09-02,3608.7587890625,3643.843617472107,3594.3062118570588,3602.180277273507,536300
2025-09-03,3678.52978515625,3685.805715427277,3578.258705704116,3593.2096473714037,791874
2025-09-04,3679.028076171875,3727.7680476939026,3664.7747967328514,3727.7680476939026,635811
2025-09-05,3653.3125,3687.89896322997,3648.0297852491053,3682.915315982362,454120
2025-09-08,3646.036376953125,3671.5527485518783,3628.0952466127324,3641.0527296363493,548987
2025-09-09,3618.2275390625,3655.8041892599585,3607.3630424567327,3655.8041892599585,428367
2025-09-10,3608.7587890625,3636.7667409518913,3596.3991977228993,3620.121407597503,408800
2025-09-11,3572.4775390625,3632.0820070563877,3568.2913241662645,3608.1605009725913,495417
2025-09-12,3560.2177734375,3586.431806260404,3552.2439379532498,3578.158903277064,275049
2025-09-15,3522.54150390625,3564.802733537658,3503.503874845482,3544.3697806402656,362285
2025-09-16,3545.167236328125,3558.623083447279,3490.546415650095,3513.471192223468,724742
2025-09-17,3511.477783203125,3561.0151872242204,3501.709786117043,3550.250460707766,659866
2025-09-18,3499.816162109375,3534.402625313015,3491.941853458858,3518.4549541328097,829442
2025-09-19,3455.8603515625,3499.8162182954693,3448.6839480846274,3492.5400445342584,2337255
2025-09-22,3446.19189453125,3465.628117797587,3428.7491300614606,3446.889556441614,817833
2025-09-23,3427.951904296875,3453.966640495214,3393.863805491645,3453.8668702125237,1144975
2025-09-24,3407.120361328125,3426.1577480062724,3399.844187602673,3418.7820473401257,690454
2025-09-25,3367.450439453125,3408.71494125593,3358.978239146672,3396.853958163756,1139904
2025-09-26,3316.41796875,3390.873610470201,3292.2971645749917,3376.620330576102,7524068
2025-09-29,3390.076171875,3406.8212753785265,3316.1188950217547,3316.1188950217547,1452636
2025-09-30,3355.988037109375,3463.1364523125994,3344.0272837843636,3440.7100398282037,1733728
2025-10-01,3397.153076171875,3403.7313446199823,3340.0404292943817,3358.978289084472,798754
2025-10-03,3442.005859375,3447.6871685732563,3366.952083099294,3368.8457717179963,1655328
2025-10-06,3414.197021484375,3447.9862964462977,3389.8769198082055,3442.0059196398147,1184781
2025-10-07,3407.0205078125,3434.6298645078646,3399.844104545214,3413.7983166424383,996165
2025-10-08,3553.9384765625,3568.291282709167,3448.6837536798093,3462.637965399901,4531362
2025-10-09,3538.987548828125,3550.0510992999293,3514.8665023755325,3548.15741075332,597739
2025-10-10,3520.3486328125,3560.018513429724,3511.7769055826234,3537.2930333936433,825274
2025-10-13,3522.043212890625,3533.4058310612695,3498.0219362791327,3506.4941364382357,606122
2025-10-14,3525.83056640625,3537.791319491826,3495.031724547749,3521.4450542783966,925998
2025-10-15,3537.392822265625,3550.2505348490877,3499.5171031204873,3521.3453807646406,1005045
2025-10-16,3628.394287109375,3640.0559730753866,3528.422274010643,3537.39283911406,1528118
2025-10-17,3662.78125,3702.8497232357654,3621.1179123864163,3623.1113711876196,1123500
2025-10-20,3724.977294921875,3737.635710414741,3664.1767977691916,3667.964418391396,707974
2025-10-21,3716.803955078125,3733.7483549805997,3706.836661017846,3724.977087539126,156306
2025-10-23,3759.96240234375,3787.571758334762,3726.0736024007547,3752.6862289816786,1622402
2025-10-24,3702.75,3768.6339115536503,3693.9789758369843,3762.6535350740623,563296
2025-10-27,3727.56884765625,3741.622586903039,3697.8662613628567,3701.853179164865,856124
2025-10-28,3704.84326171875,3757.6699210868137,3676.037878758682,3737.7353326460347,1482961
2025-10-29,3736.041015625,3741.2239600542875,3702.0524443204167,3721.9870331577913,789557
2025-10-30,3738.43310546875,3761.5571800775697,3707.933330254909,3732.751796263028,544151
2025-10-31,3734.446044921875,3770.6273713006426,3727.2696418130463,3746.606095098244,900994
2025-11-03,3712.31884765625,3749.6962021433246,3655.3059716137295,3717.800859647688,1119367
2025-11-04,3801.027587890625,3814.4834348649333,3702.8497414484523,3712.318670800743,2524600
2025-11-06,3762.055419921875,3825.148440782567,3749.2974780385443,3767.6372020024396,927231
2025-11-07,3756.972412109375,3779.598122242342,3723.7812723358097,3753.6831562143093,728998
2025-11-10,3790.56201171875,3802.5227648453933,3756.972278689855,3775.6110703104455,599567
2025-11-11,3799.93115234375,3807.5063932902954,3739.828562851129,3798.037463778186,668789
2025-11-12,3838.5048828125,3864.320078234545,3791.758125595138,3825.4476296786647,805025
2025-11-13,3826.6435546875,3855.2496404784156,3804.516210150443,3847.3755753682763,668623
2025-11-14,3816.67626953125,3842.092869895319,3787.5718189592553,3826.6435637916693,575050
2025-11-17,3855.947509765625,3861.628818759101,3809.001457011978,3835.4147864927622,504928
2025-11-18,3866.5126953125,3887.2447157985207,3829.0358153398306,3852.3591862977646,849966
2025-11-19,3920.236572265625,3927.612272623836,3849.7676077214614,3870.2005607956366,1578123
2025-11-20,3889.636962890625,3943.061759496704,3882.2612621940502,3937.0813827128363,762391
2025-11-21,3891.430908203125,3912.16292856945,3869.403334279394,3888.2414227641843,383311
2025-11-24,3861.62890625,3924.3230904973966,3852.3592738179204,3902.6941103839763,1258036
2025-11-25,3842.49169921875,3895.6171828362085,3832.424634701013,3861.728382425328,680366
2025-11-26,3884.9521484375,3901.6972510894,3830.929463421154,3832.4245575268214,364592
2025-11-27,3890.533935546875,3914.156373779023,3862.4262149918322,3887.842814821566,542241
2025-11-28,3894.919677734375,3922.030670486257,3883.7563564062066,3893.4245835384017,574817
2025-12-01,3882.161376953125,3897.90975068607,3848.671413960456,3894.919562382681,603073
2025-12-02,3873.09130859375,3886.8462235411876,3854.851111164027,3862.3265819678354,661018
2025-12-03,3805.313720703125,3867.310243463413,3773.5179054281234,3857.3429490214967,770638
2025-12-04,3787.970458984375,3817.4737476871715,3765.6438169091734,3792.555511736211,776693
2025-12-05,3800.828369140625,3815.480243035577,3764.6470423054793,3764.6470423054793,508448
2025-12-08,3754.6796875,3812.489993280462,3745.8088930877857,3783.8839078816613,545864
2025-12-09,3836.41162109375,3861.329857136188,3738.732135807393,3762.6536424081337,1121068
2025-12-10,3833.122314453125,3845.581432309177,3813.088198945881,3818.470440522837,616248
2025-12-11,3832.225341796875,3843.1893654715554,3764.647038115413,3817.8722920720056,669180
2025-12-12,3867.509521484375,3882.0618686341904,3819.3674409004825,3832.225396672013,547866
2025-12-15,3853.55517578125,3863.721767040758,3837.408208093544,3848.6712990350775,332337
2025-12-16,3916.648193359375,3924.62202859207,3815.480158844557,3837.4082057344685,1560827
2025-12-17,3895.118896484375,3922.8280236932565,3877.2775367754043,3917.14671453145,601010
2025-12-18,3906.481689453125,3911.1662690886506,3877.377238871455,3887.2447628556924,516547
2025-12-19,3917.246337890625,3948.942138344164,3900.2021677023226,3906.1825441414267,730780
2025-12-22,3920.934326171875,3937.8787266796685,3904.2889931650016,3927.1140000415817,569521
2025-12-23,3912.96044921875,3943.360696866818,3903.591046561271,3920.9342846674235,445656
2025-12-24,3896.514404296875,3922.1303019461116,3887.2447719415086,3912.9604398704737,399227
2025-12-26,3978.94384765625,3993.7950186886505,3887.2447409467372,3896.1155354546045,1113050
2025-12-29,3970.6708984375,4018.513910075195,3964.989589473952,3996.8849305657486,1242846
2025-12-30,3961.1025390625,3980.438992735801,3941.1679503922314,3968.976604250397,1169570
2025-12-31,4038.249267578125,4048.61515626689,3962.0992368036736,3970.970031354128,1358731
2026-01-01,4036.056640625,4054.6954328104425,4022.50102266714,4050.4094474750787,444679
2026-01-02,4038.448486328125,4046.7213890678004,3973.162710223706,4025.7900715381393,659997
2026-01-05,4066.35693359375,4080.6102128542193,4032.7672010767396,4038.448510056887,629273
2026-01-06,4098.35205078125,4107.0237918666335,4055.1938592912024,4066.357180715941,820331
2026-01-07,4259.224609375,4297.997288817103,4188.257275712523,4211.182053756641,3496340
2026-01-08,4235.103515625,4289.126447542047,4225.13622093066,4259.224563459027,1055725
2026-01-09,4188.0576171875,4265.005325563845,4169.419068443689,4217.162311862731,883117
2026-01-12,4217.76025390625,4228.126142397053,4131.443389966003,4191.247154356343,514767
2026-01-13,4225.33544921875,4253.642466721742,4196.230756188577,4217.760208474048,770707
2026-01-14,4207.693359375,4268.992220348958,4197.227700184324,4228.026542751453,998692
2026-01-15,4207.693359375,4207.693359375,4207.693359375,4207.693359375,0
2026-01-16,4183.173828125,4222.544642310648,4167.425697124466,4207.693470499,686949
2026-01-19,4130.54638671875,4193.639162802954,4115.595445780856,4152.075839006173,365905
2026-01-20,4062.1708984375,4141.410890199439,4051.00757719733,4141.410890199439,586156
2026-01-21,4065.858642578125,4096.458187413636,4040.242744893094,4062.1707923552003,552760
2026-01-22,4005.45703125,4114.499134821442,3967.7806096900367,4085.5939810157674,818966
2026-01-23,4008.646484375,4050.010755865831,3966.983145385686,4011.935740174026,1015415
2026-01-27,3983.927490234375,4026.786855278177,3942.0648546101957,4008.6464285094617,1760501
2026-01-28,3962.19873046875,4012.6333363144477,3951.932368803463,3988.911127517355,809022
2026-01-29,3926.81494140625,3955.620568339823,3830.5310231322255,3947.8460300090883,1145612
2026-01-30,3964.3916015625,3981.934137150637,3897.0128370117495,3932.097664845873,1427639
2026-02-02,3940.270751953125,3986.9177381580034,3880.566756161068,3986.9177381580034,1273196
2026-02-03,4055.29345703125,4129.450029300954,4030.873585991454,4129.450029300954,1043274
2026-02-04,4130.44677734375,4146.394448298745,4052.9011786566566,4073.6331995665796,917279
2026-02-05,4084.19873046875,4138.719539891277,4049.811564116971,4138.719539891277,693637
2026-02-06,4127.45654296875,4140.414025475052,4052.004174273563,4084.198583323033,888701
2026-02-09,4243.87451171875,4255.436670823227,4141.4109176242955,4186.46328401321,1092387
2026-02-10,4255.1376953125,4315.43982566258,4225.734177207915,4285.93653727841,1713633
2026-02-11,4235.203125,4364.080045827646,4194.237448025817,4335.773027308057,3342226
2026-02-12,4261.8154296875,4272.3808588027905,4168.621229566406,4218.55747049756,998509
2026-02-13,4165.53173828125,4257.828492152158,4151.178445452788,4253.343209814334,524758
2026-02-16,4167.42529296875,4182.276463340135,4115.296054572897,4141.41055890807,500349
2026-02-17,4222.54443359375,4231.016633695938,4141.4107558343585,4153.471279199037,464123
2026-02-18,4234.70458984375,4243.973978510509,4200.516479706513,4237.096643046371,387328
2026-02-19,4184.4697265625,4247.0641406741215,4177.293079926131,4211.18188086087,406232
2026-02-20,4222.54443359375,4238.193280220919,4186.46312046324,4186.76194461666,532169
2026-02-23,4258.72607421875,4266.002004459178,4226.2325971283,4256.034710056237,516387
2026-02-24,4280.45458984375,4285.936601776254,4221.149188028474,4226.5314296798915,491126
2026-02-25,4310.85498046875,4334.776487874819,4275.769908266122,4289.923661488439,586295
2026-02-26,4328.3974609375,4337.966161113804,4292.913794737703,4315.838572373869,520985
2026-02-27,4313.3466796875,4337.766551126517,4297.69783270388,4327.400662219876,1146258
2026-03-02,4256.33349609375,4315.838437820091,4179.286505722781,4274.772990574043,770589
2026-03-04,4190.64892578125,4224.437954570289,4070.144440562929,4191.247060748651,1024050
2026-03-05,4261.2177734375,4288.428291689557,4159.551373495063,4224.139244667133,691367
2026-03-06,4230.7177734375,4287.929944537757,4213.175238391702,4236.100014943159,580562
2026-03-09,4145.59716796875,4185.964709183034,4099.249250278276,4146.394356825195,576017
2026-03-10,4206.2978515625,4229.023087280567,4161.445028420832,4161.445028420832,788850
2026-03-11,4126.7587890625,4221.049493326745,4112.705293022249,4178.289896824444,454575
2026-03-12,4116.09375,4165.332084095139,4020.60702661123,4086.590462979199,1071366
2026-03-13,4059.878173828125,4133.6363933228595,4032.7671826134374,4077.620005949474,868825
2026-03-16,4077.4208984375,4111.508997090401,3989.110571490407,4043.7313942292744,1013667
2026-03-17,4077.121826171875,4096.55805049906,4023.2984357273617,4077.121826171875,1126905
2026-03-18,4131.94189453125,4161.145872456678,4064.4633600951647,4070.3439664557445,751307
2026-03-19,4024.693603515625,4124.566085473674,4004.759015235318,4090.9761095476442,567278
2026-03-20,4093.169189453125,4136.327379255284,4027.6838709903755,4033.6642475921135,1019586
2026-03-23,3840.498291015625,4045.72478475568,3812.4900964992553,4043.3327314437556,1533645
2026-03-24,3886.746337890625,3971.966702524462,3830.431126173528,3937.3802406338946,1300547
2026-03-25,4026.08935546875,4083.6005966283537,3927.612436176233,3937.081366043934,1306823
2026-03-27,3968.478271484375,4019.6105405037147,3959.009341789762,3986.917766152832,1040658
2026-03-30,3938.4765625,3994.2934104401893,3901.29874952784,3929.107403218326,1488223
2026-04-01,4052.20361328125,4086.5907795973744,3986.917833753536,3986.917833753536,781974
2026-04-02,4083.800048828125,4095.6610318057337,3931.798566161915,3982.930835009521,1614868
2026-04-06,4232.212890625,4243.974103115695,4091.5742720255826,4091.5742720255826,1678285
2026-04-07,4216.763671875,4229.621384331442,4155.165500389534,4221.448008238725,1274146
2026-04-08,4477.80712890625,4490.266247239322,4295.007042060272,4337.068733542139,3834533
2026-04-09,4425.279296875,4482.691011562465,4399.663641560751,4460.364368818537,1385274
2026-04-10,4490.26611328125,4509.104202301997,4410.62752860897,4415.611175793522,1565192
2026-04-13,4424.78076171875,4481.2955150452835,4376.738695227283,4376.738695227283,850456
2026-04-15,4507.41015625,4519.171369197922,4432.754730388897,4475.415043264428,918513
2026-04-16,4446.80859375,4539.105836555689,4425.478681226891,4539.105836555689,1283713
2026-04-17,4511.09765625,4516.978262584491,4315.838457109326,4446.80860763948,2124034
2026-04-20,4498.23974609375,4534.122004205732,4453.088099309882,4517.277374817795,1646815
2026-04-21,4465.048828125,4529.636697707301,4450.39671146729,4498.73808672063,656106
2026-04-22,4440.03125,4477.308835307954,4430.662090201536,4447.108126662484,596352
2026-04-23,4441.9248046875,4459.367570104762,4379.130849185354,4396.5736146026165,680187
2026-04-24,4395.57666015625,4471.9262296400375,4347.13551391155,4460.862435947686,958536
2026-04-27,4427.2724609375,4449.400048324654,4374.047208233913,4424.282272732981,649222
2026-04-28,4402.5537109375,4460.364015495882,4381.024258799593,4397.868888135784,620778
2026-04-29,4425.279296875,4457.772774865154,4395.776493972833,4405.444477800803,702730
2026-04-30,4370.85791015625,4423.485027207771,4343.746676108938,4423.485027207771,869299
2026-05-01,4370.85791015625,4370.85791015625,4370.85791015625,4370.85791015625,0
2026-05-04,4348.73046875,4432.854334640852,4338.464350375783,4392.686333602758,709160
2026-05-05,4359.2958984375,4382.619269581015,4316.1372224440165,4340.756633847013,850790
2026-05-06,4345.341796875,4426.57524685031,4283.046206403137,4383.117745600278,1459870
2026-05-07,4293.412109375,4344.743676091845,4247.064189912217,4335.673340752591,1377631
2026-05-08,4494.2529296875,4589.938953473262,4199.619617443652,4299.890693872671,4777990
2026-05-11,4191.84521484375,4365.176358217959,4136.5267337657515,4336.1714356672355,5925166
2026-05-12,4042.036865234375,4199.8191810747485,4033.763962380683,4146.394386830651,1978748
2026-05-13,4077.321044921875,4096.557971656722,3972.0665627502894,4016.819616977272,2841521
2026-05-14,4121.67578125,4133.436993986225,4045.8245734134175,4101.541651857563,1127140
2026-05-15,4155.46484375,4180.283309696747,4128.851972784219,4141.410861180254,901617
2026-05-18,4156.06298828125,4169.020471149777,4052.3033550510295,4116.592404667953,851825
2026-05-19,4088.584228515625,4154.268602329223,4081.6071223236186,4122.7718541827335,711398
2026-05-20,4092.9697265625,4103.236331934217,4039.744471133866,4039.744471133866,913576
2026-05-21,4069.74609375,4122.871578488693,4056.6888406851363,4106.525312929425,863060
2026-05-22,4066.456787109375,4100.345344469957,4040.8408893642713,4043.9306045995263,768112
2026-05-25,4145.59716796875,4156.361650952179,4096.9564806185,4106.624950595387,606086
2026-05-26,4092.47119140625,4146.394349879764,4077.6200205187774,4138.320744313574,766717
2026-05-27,4124.36669921875,4151.477934967971,4077.7199555713896,4084.8961156102055,474044
2026-05-28,4124.36669921875,4124.36669921875,4124.36669921875,4124.36669921875,0
2026-05-29,4061.57275390625,4149.6835402843,4045.724852927872,4102.737972358301,2001419
2026-06-01,4011.437255859375,4091.5742025878203,3993.894721015687,4086.590555568834,450200
2026-06-02,4064.762451171875,4074.6299753506637,3972.963571856102,4004.2607791244304,522015
2026-06-03,4075.42724609375,4090.37794384958,3988.9110849384024,4043.7312022976257,959352
2026-06-04,4217.162109375,4259.821933203119,4039.046613504238,4061.672322312249,1761933
2026-06-05,4246.26708984375,4274.972703953861,4209.388099392295,4255.038114520642,1390200
2026-06-08,4178.6884765625,4224.239207403382,4167.027033930725,4183.073988834731,666737
2026-06-09,4091.474609375,4203.208077712957,4073.8325468327307,4177.193341811167,1284964
2026-06-10,4028.880126953125,4105.6282930748075,4021.8032506621894,4091.4745404929363,613629
2026-06-11,4012.03515625,4056.3896148157537,3949.8393386542043,4006.951982284827,767665
2026-06-12,4170.31591796875,4186.263588783162,4039.445295679552,4054.4960073475113,1122271
2026-06-15,4269.49072265625,4282.946570620732,4206.49722491917,4207.195130228091,1076822
2026-06-16,4323.8125,4329.792876901798,4269.490743142001,4284.0430909399065,779706
2026-06-17,4366.17333984375,4380.625916816181,4313.346679185898,4323.812338372832,623868
2026-06-18,4373.548828125,4395.576645157543,4318.9282517885895,4365.674763217696,562833
2026-06-19,4405.4443359375,4427.173329648428,4345.740340070183,4345.740340070183,941346
2026-06-22,4358.19921875,4400.061852755146,4338.762995819039,4390.891747775549,390835
2026-06-23,4291.21923828125,4402.952710396701,4277.065971666899,4360.691477754865,586588
2026-06-24,4309.65869140625,4326.603092410774,4249.755639555354,4287.93018361535,652078
2026-06-25,4277.2646484375,4320.821917574416,4211.181684371836,4320.821917574416,754050
2026-06-26,4277.2646484375,4277.2646484375,4277.2646484375,4277.2646484375,0
2026-06-29,4263.21142578125,4302.183158180815,4252.64599620607,4270.9857208678,569087
2026-06-30,4389.59619140625,4413.916290951847,4261.018101330999,4263.50992478207,1243464
2026-07-01,4384.21435546875,4489.767909279109,4375.742154951739,4454.384013002184,1168751
2026-07-02,4466.4443359375,4482.292236501547,4368.7648520199655,4389.596399722663,820705
2026-07-03,4446.509765625,4492.957454484628,4436.442701026769,4480.298796026808,542120
2026-07-06,4469.7333984375,4475.81354535161,4435.44600307642,4435.44600307642,589165
2026-07-07,4589.14208984375,4640.672712211398,4490.266330250847,4535.1191570791025,3385946
2026-07-08,4571.39990234375,4614.857404177837,4546.78097666898,4575.386820187532,1045703
2026-07-09,4555.7998046875,4679.7998046875,4546.10009765625,4614.7998046875,1777107
2026-07-10,4584.39990234375,4602.7998046875,4560.7001953125,4578.60009765625,652646
2026-07-13,4601.5,4635.0,4524.39990234375,4578.0,770367
2026-07-14,4573.7001953125,4600.0,4554.0,4579.7998046875,631158
2026-07-15,4579.39990234375,4607.0,4565.10009765625,4573.7001953125,619451
2026-07-16,4625.7998046875,4668.7998046875,4580.0,4585.2998046875,1136159
2026-07-17,4638.10009765625,4647.5,4610.10009765625,4626.0,667212
2026-07-20,4643.39990234375,4660.0,4625.2998046875,4638.10009765625,274158
2026-07-21,4688.7001953125,4691.7001953125,4629.2001953125,4644.2001953125,530094
2026-07-22,4711.60009765625,4733.0,4675.0,4685.7001953125,996475
2026-07-23,4697.2998046875,4709.7998046875,4671.60009765625,4700.0,421185
2026-07-24,4677.0,4697.0,4604.10009765625,4605.0,513858
2026-07-27,4740.10009765625,4749.10009765625,4686.89990234375,4686.89990234375,500721
2026-07-28,4849.7001953125,4860.0,4712.89990234375,4750.0,1321587
2026-07-29,4850.2001953125,4866.89990234375,4823.2001953125,4849.7001953125,837059
2026-07-30,4850.0,4869.89990234375,4820.89990234375,4820.89990234375,777361
2026-07-31,4875.2001953125,4886.0,4820.89990234375,4850.0,1003314
2026-08-04,4935.0,4935.0,4862.0,4935.0,1181647
