Date,Close,High,Low,Open,Volume
2021-08-04,747.1763916015625,760.3590346360472,742.7028398036862,754.5053945775339,2722366
2021-08-05,739.7997436523438,751.935410080864,734.8027045347178,751.935410080864,2264430
2021-08-06,739.847412109375,753.5536014370064,738.2293114382331,742.3221713988582,1788211
2021-08-09,740.6088256835938,746.6053195927901,733.0895058216579,743.1787433454919,1517468
2021-08-10,733.9461669921875,749.0800826234464,725.7605628975576,742.7504754601251,2331179
2021-08-11,736.5160522460938,744.2258055277298,720.5255367611408,734.8027931038317,3147475
2021-08-12,739.6568603515625,747.7949409985154,734.8501968164819,735.7544344543978,2248810
2021-08-13,741.5606079101562,746.5100679720517,733.4701633398098,740.5136324387724,2549137
2021-08-16,735.5641479492188,746.7004181950795,732.8990720334114,742.4172418000791,1711689
2021-08-17,724.0948486328125,740.0853640688727,709.8651715692449,738.32452569638,2895739
2021-08-18,725.4749145507812,729.3773409352358,717.1940951970649,727.7116612184543,1846331
2021-08-20,693.16064453125,721.2868217842055,687.3069474674196,714.8144786034586,4257864
2021-08-23,684.308837890625,702.0126107008293,680.0732406581491,696.7300380150666,2573379
2021-08-24,695.8258056640625,697.4914854127051,682.452788443821,687.1167149777398,1771956
2021-08-25,691.1143188476562,702.3933854542873,686.6884045364953,695.8258247418539,1895556
2021-08-26,684.9750366210938,694.6359430357496,682.452698667243,690.0672336593461,1538567
2021-08-27,694.1126098632812,707.5808448659196,687.7354237691594,690.0198080129448,4292477
2021-08-30,704.7728881835938,708.6753145291219,694.8263892123114,697.6342608971659,2358153
2021-08-31,705.5343017578125,711.3403618128062,700.0137751639292,707.1999813909675,3074791
2021-09-01,712.5778198242188,716.2422920341154,704.1542045231183,709.2464603263857,2051308
2021-09-02,717.0513305664062,721.3821444936405,710.0554986896905,715.766400823924,3029716
2021-09-03,716.52783203125,723.380926107975,711.1024634665803,719.9067707909207,1679831
2021-09-06,719.335693359375,722.4290985904937,713.3392579148355,718.6218306137322,1427518
2021-09-07,715.8139038085938,723.3332807221003,710.055423055488,720.5254091863329,1377576
2021-09-08,725.2845458984375,735.2786242868018,711.3880410913837,717.1941014888092,4079877
2021-09-09,721.382080078125,725.2845062836653,717.7651292406441,724.9513935933005,1174804
2021-09-13,719.5736694335938,730.7099402222595,715.4332886210017,717.6700353874731,2724206
2021-09-14,716.2422485351562,727.9971645258887,714.8145231227938,724.2375340821042,1932973
2021-09-15,725.3796997070312,726.8074251819259,716.3374383660325,720.3350813145969,1374264
2021-09-16,717.6700439453125,732.6611622372736,716.8133853766227,726.2363972550046,2065099
2021-09-17,706.5813598632812,722.4291368945384,700.632503334176,722.4291368945384,3348764
2021-09-20,671.60205078125,702.4409447647388,667.2237158266691,702.4409447647388,3082145
2021-09-21,687.069091796875,692.8276312361712,666.271913173397,671.602065241064,4222370
2021-09-22,689.9722290039062,691.1620003616215,679.3594452553651,686.2601191301131,1913723
2021-09-23,691.828125,696.7300055169703,688.2112322186344,690.1624453420018,1337563
2021-09-24,684.0233154296875,696.6348907744917,679.169013836617,692.9227812088671,1372681
2021-09-27,690.8763427734375,701.489125508332,681.7389228566389,688.1161083437562,2611791
2021-09-28,682.2623901367188,697.5866781577291,676.0280006234647,692.9227517830092,2577784
2021-09-29,682.5955810546875,688.0685287747566,674.8382493093917,677.5985418320157,2160616
2021-09-30,673.6008911132812,685.2130699355208,672.1255864071214,682.595573229841,2487764
2021-10-01,678.3123779296875,679.6448868134712,664.6061905053914,672.934588882652,1947637
2021-10-04,669.079833984375,685.2131452534179,660.5610594233825,678.7407425761312,7682864
2021-10-05,680.216064453125,684.927512281212,666.7954094592222,671.0310068661025,3780191
2021-10-06,692.2565307617188,708.5802164521098,681.0251011595001,681.501009685817,7773811
2021-10-07,692.4468383789062,700.5372825386597,688.1636620590367,699.8709990478206,2233111
2021-10-08,702.4409790039062,711.4356616953776,691.2571287284376,692.9703877900745,3181166
2021-10-11,706.676513671875,718.0507379643602,704.3445505006822,704.3445505006822,3023541
2021-10-12,708.4373168945312,713.7675264651677,702.4884611868748,706.6764788427826,1837397
2021-10-13,711.4356079101562,717.9079517060813,705.9150810869935,708.4373612082354,1573332
2021-10-14,711.8163452148438,722.4291283753377,709.3416441656395,716.7182261747422,2144296
2021-10-18,714.9097290039062,725.2845575930223,709.294043532666,713.101311551527,2620289
2021-10-19,698.34814453125,723.2857615505523,693.4938429745843,718.6218350127498,1498436
2021-10-20,681.4058227539062,699.490345998504,676.9798504063241,698.3481539641957,1568362
2021-10-21,682.881103515625,688.5444261621321,672.268320957188,688.2112553627505,1625612
2021-10-22,670.4122924804688,687.6877945714367,665.5580489329787,679.8353041835968,1375825
2021-10-25,661.79833984375,673.8864272048435,653.1844077250337,670.0791592545337,1746556
2021-10-26,678.8834838867188,681.9293099443274,660.1802563610577,661.5128234157302,1475209
2021-10-27,705.7722778320312,711.9590880894934,677.6936774327799,680.073219839496,4677615
2021-10-28,694.731201171875,712.1494393902472,690.8762961259041,707.1999797302077,2875850
2021-10-29,704.534912109375,710.0554387542892,682.02441819265,700.4421108775057,3448037
2021-11-01,685.3557739257812,709.1036181247928,666.2718559561812,709.1036181247928,5953165
2021-11-02,685.5938110351562,691.3999299097712,676.7419240691461,686.0697195612246,1852304
2021-11-03,701.5367431640625,720.0495963547672,685.5938076201862,685.5938076201862,6580294
2021-11-04,702.1553344726562,709.103586181482,695.8733081143386,709.103586181482,390092
2021-11-08,706.866943359375,708.15187311723,695.7782516783537,704.3446049821912,1227750
2021-11-09,710.3885498046875,717.0989057059282,706.8668736027516,708.8180867105448,1622626
2021-11-10,734.1364135742188,736.7063309988882,705.391529608891,710.2934102169513,6430811
2021-11-11,727.8544921875,740.4660677956267,723.8568490551204,736.7063789200042,3322415
2021-11-12,732.470703125,737.3725835272047,728.1875269618562,732.8990323601734,1608464
2021-11-15,746.2721557617188,753.2680460232458,733.2322503948651,733.8509547228196,5069793
2021-11-16,742.4649047851562,755.7427647263504,739.6570327683826,748.1282280540446,2830062
2021-11-17,719.1928100585938,739.5617144934267,716.4325759678961,739.5617144934267,2998582
2021-11-18,705.7247314453125,725.1894008569446,704.3445851663294,719.1929072375212,2120918
2021-11-22,681.9769287109375,711.1025077321899,672.696712304892,707.2000809940357,2041278
2021-11-23,690.3052978515625,693.9221909301665,671.2689573385928,675.7900882104232,1772081
2021-11-24,686.9263305664062,700.632460311247,681.6437579118021,691.0191319882483,1312705
2021-11-25,692.2565307617188,702.298189048145,686.9739577384615,690.1149423932926,4133359
2021-11-26,669.8887329101562,691.0190800341929,667.2236571680016,691.0190800341929,2482446
2021-11-29,656.1350708007812,676.0280707055146,646.521741677889,670.079214046719,2997007
2021-11-30,648.8536376953125,668.8893732216919,645.8553910130566,655.8018899320466,2524084
2021-12-01,657.2296752929688,660.3230807161435,648.7109010472117,654.3742241331151,1355645
2021-12-02,664.5586547851562,666.700243079519,654.1362468003967,658.1814691341933,1673311
2021-12-03,678.4075317382812,683.1666164926712,666.0339113768675,666.3670240719563,3981290
2021-12-06,682.0244140625,697.6818142829338,671.0309400674874,678.3599420955943,4551735
2021-12-07,691.9234619140625,695.4927760878118,682.4528700208533,685.3083213598527,1467958
2021-12-08,693.0179443359375,700.2042092637621,690.9715726133618,692.0661273223767,1827973
2021-12-09,706.4385375976562,708.1517964540894,692.4943963249216,693.0178840179574,2396147
2021-12-10,701.9174194335938,711.6259639153051,699.4426605139362,706.2005956966168,1084590
2021-12-13,704.725341796875,715.67123747952,700.0614151813323,703.868683244861,2203948
2021-12-14,711.0548706054688,712.3874376288975,698.2529204739028,698.2529204739028,1561018
2021-12-15,704.2970581054688,719.2881770758912,700.7753232999056,710.9597776478787,3260708
2021-12-16,698.5385131835938,711.3880425667104,693.7317909018778,704.3445735930603,1028360
2021-12-17,681.1201782226562,696.8727950365069,679.1689651168175,693.8745484413262,2810650
2021-12-20,674.1719970703125,681.1202498357964,659.8947414860437,669.6032869022068,2338685
2021-12-21,698.300537109375,702.0601676322242,678.3123809159521,682.1196487623183,1660409
2021-12-22,717.9556274414062,720.5255452321654,699.5855690166995,699.5855690166995,3623916
2021-12-23,718.3838500976562,722.4290721750527,712.5777898831117,722.4290721750527,1539991
2021-12-24,710.8645629882812,722.4291637484586,703.4879806179907,722.4291637484586,1276729
2021-12-27,720.1447143554688,723.3809153724862,704.5825297427407,710.6741817414918,1315245
2021-12-28,725.0465698242188,728.1399749465406,720.7158142718274,727.0929995274736,1955283
2021-12-29,721.8104248046875,730.7099489329721,718.2411109256619,722.4291291147725,1192837
2021-12-30,710.6741333007812,723.7139787531079,709.0084536749721,718.6217814204952,1686223
2021-12-31,711.1024780273438,720.620648302609,709.6271732535379,711.9591365898381,1131359
2022-01-03,727.3786010742188,729.9485187275329,713.8627873482318,716.7182384976247,1157591
2022-01-04,725.0465698242188,732.0900385712243,719.0977138197535,732.0900385712243,1247395
2022-01-05,727.6641235351562,732.7563214366287,720.9062458217983,722.4291298406588,1156604
2022-01-06,745.0347900390625,749.0800124698079,722.8574645670124,729.0918545767126,5436867
2022-01-07,750.93603515625,752.6017149093275,739.1334810967245,744.3208953751683,2052552
2022-01-10,782.0128784179688,785.2490796810423,753.5535829927773,753.9342749627073,7424271
2022-01-11,780.0616455078125,788.104511135239,776.6827066260327,782.2032338532887,2004689
2022-01-12,782.7743530273438,785.3442125470776,773.2561826748434,781.5369444060775,2242638
2022-01-13,800.4780883789062,804.1901978766468,783.4405410246798,783.4405410246798,4410699
2022-01-14,784.9158935546875,795.7665722391424,778.5862874180319,795.7189930091378,3690548
2022-01-17,785.0111083984375,790.6744314389053,776.3971757541808,785.6773919492517,2569165
2022-01-18,760.596923828125,785.2490067942955,757.5035186498445,781.9652266015688,2820426
2022-01-19,774.065185546875,775.7308653190324,751.1739980112286,759.5499761037888,2193951
2022-01-20,769.4964599609375,783.3453855965489,765.2608627212944,780.4899346162456,1950781
2022-01-21,748.9848022460938,766.0698705034046,742.5124003287226,762.4053983806177,1449766
2022-01-24,725.8556518554688,748.1281938411315,719.097774105566,739.2763069832456,1663579
2022-01-25,753.0300903320312,756.837358572412,710.1506852993006,718.1459718418213,2981161
2022-01-27,734.755126953125,756.5517008680401,728.1399873446636,756.5517008680401,2436411
2022-01-28,752.17333984375,767.6403651806193,740.0852530385376,740.5135822821102,4007799
2022-01-31,739.0859375,773.54172624378,737.6582119285254,765.0229520484546,5138792
2022-02-01,747.1763916015625,757.2656291931108,729.9485260647763,747.1763916015625,3693825
2022-02-02,748.0805053710938,761.0727712203108,744.3208169912181,748.6991515005079,1771793
2022-02-03,736.23046875,752.8872666855203,733.8509261877828,750.9360534033624,1493402
2022-02-04,730.2339477539062,739.371366887013,728.1399389250669,736.325541144546,992052
2022-02-07,720.1447143554688,737.5630118194822,714.1006996818523,727.378558365773,1255955
2022-02-08,722.0960083007812,727.140626907762,708.2470241298716,720.525486973884,2063533
2022-02-09,733.375,735.2310547726561,723.3809214795587,727.6640979883192,1342782
2022-02-10,732.9942626953125,741.417878165459,730.9478909621564,737.6581893235948,2561635
2022-02-11,716.9085693359375,729.9960529639378,713.8627433454704,728.9490194171185,1621795
2022-02-14,686.9263305664062,712.9585019015224,681.5009621261512,708.4373712170263,1950243
2022-02-15,708.8181762695312,710.9597646547387,681.6438108227592,690.162527035142,1467359
2022-02-16,700.3469848632812,713.8627988062061,697.0156251355189,713.8627988062061,1398493
2022-02-17,692.0185546875,706.914514329449,690.7812041769354,701.4891456815727,1174134
2022-02-18,690.0197143554688,700.7276551179859,684.3563918444337,692.9227444544474,1973922
2022-02-21,670.2219848632812,689.9721882343391,668.0327592190001,689.9721882343391,2577455
2022-02-22,659.9422607421875,662.1790654370184,643.6662140930431,655.8018802367567,2841052
2022-02-23,654.85009765625,668.7942399792373,651.8518508609471,666.3194809163986,2713053
2022-02-24,601.8339233398438,642.2385696874678,592.0302191116783,640.5728898105458,5453651
2022-02-25,623.1546630859375,631.8637546398077,613.5889129097105,624.5823887269954,3890925
2022-02-28,633.3865966796875,636.7179559819836,613.0652700791042,619.6328302270633,3060915
2022-03-02,656.3253784179688,663.4164264457534,627.7232901592172,631.6733538126462,8499711
2022-03-03,679.3594360351562,689.6866280422423,655.7543842373138,673.7913293943409,9676442
2022-03-04,679.3594360351562,700.4422074454574,670.8406616106707,677.6937561569614,10189495
2022-03-07,696.6349487304688,699.585558460403,652.7085669581244,675.837710537342,6969575
2022-03-08,689.305908203125,705.2488435356111,673.5057105692744,695.2071854375921,4117923
2022-03-09,690.2576293945312,699.3950484219083,678.3599181118562,697.2058811647547,2888800
2022-03-10,689.305908203125,706.6289898548955,685.3082650382084,696.3017401710027,4218131
2022-03-11,690.4956665039062,693.8746052949185,681.6913590979008,688.9727244203413,2559363
2022-03-14,695.540283203125,698.2053592243179,685.4034087630604,692.9227864137872,2845328
2022-03-15,705.2964477539062,710.0555330963753,693.4463136322978,694.8264600004745,4051465
2022-03-16,716.1947021484375,720.1923451052255,708.0566785436572,713.8151596853849,2879590
2022-03-17,724.90380859375,727.6641011491055,718.1935103197372,722.4291076156587,2297497
2022-03-21,738.5148315429688,740.275669750493,723.3809180461262,732.8990880204174,3221656
2022-03-22,743.321533203125,749.080014708773,733.8985212162087,737.6582101642936,2788207
2022-03-23,755.6951293945312,758.0270926961804,742.4172704389742,742.8931789456659,2365083
2022-03-24,760.596923828125,763.2144205174394,751.0311748187632,756.6944974563211,2117672
2022-03-25,760.073486328125,775.2549797480679,753.4583462755642,768.1163519419162,4762541
2022-03-28,743.1311645507812,759.5024294905171,740.5136676535483,756.7421367975322,2207764
2022-03-29,744.3209228515625,752.3162091991976,741.5130509738632,743.8450143331152,1636109
2022-03-30,738.7528076171875,747.6522735683457,736.7063777745379,744.3209139789259,1113587
2022-03-31,732.5183715820312,741.4178957727661,728.1400364307566,741.037145718611,1874608
2022-04-01,743.892578125,745.7486329272783,733.37501170449,733.37501170449,1467955
2022-04-04,746.5576782226562,751.9354677805801,741.513059488052,743.7974436405494,1111794
2022-04-05,755.3143920898438,762.0723278554179,752.2209867441777,753.7915080804671,2326745
2022-04-06,766.4982299804688,772.6850405732858,753.9342337731185,757.8367183882448,2880663
2022-04-07,764.6422119140625,770.0200015407892,752.3638066966317,758.5981968207775,2227078
2022-04-08,770.7337646484375,780.0139797831362,766.8313384448978,767.1644511350919,3285707
2022-04-11,780.34716796875,784.2972318767233,771.1145892631179,771.9236105000275,3167295
2022-04-12,766.8314208984375,778.253225369273,761.9295399086499,778.253225369273,3123878
2022-04-13,779.2050170898438,796.1473482188832,766.2126916887066,766.8313959818274,4974212
2022-04-18,766.3554077148438,778.3006983069865,754.124525574493,774.4458514434106,3037877
2022-04-19,766.1174926757812,784.202014876456,761.4535663442043,768.1162850497161,2907063
2022-04-20,785.4869384765625,787.0574596827589,768.1638583569176,770.4958215047287,3042831
2022-04-21,789.1990966796875,793.4822732225191,781.4417648143947,790.9599349095761,2691988
2022-04-22,777.2061157226562,788.9610898636228,772.2090767556084,788.9610898636228,3147260
2022-04-25,764.3565673828125,769.9723104587842,753.363093555598,766.2126219990604,2050099
2022-04-26,773.2085571289062,779.8236972435482,768.2115176177044,774.7790784987192,2022477
2022-04-27,759.9307250976562,771.1145749809907,755.9330820311362,770.8766207281539,1627577
2022-04-28,784.582763671875,787.1526812634211,765.4988439009751,775.0170141701822,4606626
2022-04-29,783.2501831054688,793.8153279009648,777.0157356734959,791.9116940211063,3236877
2022-05-02,790.24609375,797.3371422835697,773.5417163952831,776.2543717088272,3855822
2022-05-04,784.487548828125,807.1407808219574,777.5868758788807,790.8647340690446,4888165
2022-05-05,783.5833740234375,800.8588764455194,779.6333100906702,790.388889061058,2630497
2022-05-06,748.9371337890625,775.7308038086373,741.8937233104448,775.7308038086373,3256336
2022-05-09,740.1328735351562,767.7832037699218,731.5189413322639,734.8027215903552,6800255
2022-05-10,751.7451171875,762.072367348652,741.0371750514256,753.8391263796376,4027939
2022-05-11,753.9818115234375,773.5416380025036,745.0822882865389,762.4053681965046,3654568
2022-05-12,728.0924682617188,751.2216110927196,716.7182428290375,744.3209374399831,2998405
2022-05-13,743.892578125,756.6945286243603,734.89789569419,736.7063712644715,3062695
2022-05-16,763.5951538085938,767.6403758761369,737.705720957458,746.8907778308924,3267900
2022-05-17,777.967529296875,780.2043338952466,760.2161787558002,769.0680644129819,1844532
2022-05-18,781.536865234375,787.1526084111815,770.2578577469753,777.6344390228963,1792368
2022-05-19,774.7789916992188,777.015738277831,764.309005324905,768.8777150330191,1801424
2022-05-20,769.3060913085938,788.104477084461,764.7849605523726,778.5863070713636,2235524
2022-05-23,753.125244140625,776.0640119092724,750.7457015051097,770.9718139069905,3341478
2022-05-24,754.362548828125,760.3114050552321,745.8914124173041,750.983610109988,1695450
2022-05-25,727.1881713867188,759.5499486473842,721.8580195462107,756.2185892234921,1484158
2022-05-26,711.4356079101562,729.0918011360402,697.7294202646578,727.1881671905153,2577097
2022-05-27,720.1447143554688,725.9508328749062,710.6741817414918,717.6700134090192,1529970
2022-05-30,744.8443603515625,749.8413994581304,723.7140119392158,723.7140119392158,1735999
2022-05-31,742.0365600585938,753.07767286058,737.6582248007237,744.7968527826662,1981316
2022-06-01,742.1793212890625,746.6052936694491,735.3738063588552,735.3738063588552,1136166
2022-06-02,737.9912719726562,749.5082922836048,731.9472573892806,737.6581592674805,1662461
2022-06-03,732.5659790039062,745.1775542834514,729.6153114404141,745.1775542834514,1175685
2022-06-06,741.4654541015625,743.3690881300646,727.711686626775,734.7551557699527,891806
2022-06-07,710.245849609375,742.2268772380202,706.3433650935073,740.9895267697884,2074139
2022-06-08,699.7283325195312,712.6254420198552,694.8264514394632,710.0555243477254,2112443
2022-06-09,711.2928466796875,714.8145812688468,691.6854393260119,698.8240669685104,2312524
2022-06-10,699.014404296875,704.2969768486015,697.2535080501013,702.4409221427794,1103946
2022-06-13,691.39990234375,697.1108044288769,684.8799209399833,691.0191523003548,1517285
2022-06-14,681.2154541015625,696.6824807053684,677.9316737575866,687.1167312554132,1590761
2022-06-15,677.8365478515625,688.7348067988937,672.9822459507755,686.7360141948836,1108371
2022-06-16,650.7097778320312,690.5432998729925,646.6645551932163,687.3070985242186,1733865
2022-06-17,633.1011962890625,654.5646612578995,627.4854519042252,650.4718591593729,2607500
2022-06-20,609.5911865234375,639.5734209047229,600.1681753373147,635.8137322761467,2523321
2022-06-21,622.6787109375,625.296207762823,611.3044858413274,611.3044858413274,1316846
2022-06-22,584.08251953125,620.5370986531093,581.5601812683894,618.8714189195255,4180495
2022-06-23,602.6904907226562,605.0224538162536,578.2287840422565,583.4637771488119,3857527
2022-06-24,609.971923828125,614.1599420211232,600.6441285011394,602.500183338816,1901670
2022-06-27,625.4389038085938,634.38600650794,613.065283276556,616.7773926738862,2442598
2022-06-28,624.3919067382812,633.4341675828143,616.4442586021203,619.7279805386462,2692035
2022-06-29,613.3508911132812,622.4407317418014,610.6381778373269,620.6322562244985,2371912
2022-06-30,601.9290771484375,614.6358105041847,599.7874889585274,613.9219477742147,3792264
2022-07-01,612.4942016601562,614.8737440131483,591.9825581962239,599.6446729539991,3575548
2022-07-04,622.9642333984375,626.1052179143595,605.4031979351142,612.3990878191634,3002770
2022-07-05,624.7726440429688,639.2878519455893,623.0593271265686,627.247344775534,2721295
2022-07-06,630.5787963867188,632.1493177588368,621.1557843426151,624.2968270868513,1674576
2022-07-07,649.8530883789062,651.661564004646,632.4348480500054,634.8619698992757,3320190
2022-07-08,656.9915771484375,658.9427900614945,648.4252255449085,651.9945387130455,3024014
2022-07-11,657.51513671875,661.5127795232171,650.3289303730045,655.278390126426,1822281
2022-07-12,647.4259643554688,658.1339060906744,643.6662754162472,653.8983086298882,1083141
2022-07-13,646.7597045898438,653.1844698672263,644.3801618945168,650.709768701808,1152719
2022-07-14,637.8601684570312,651.9946272852777,634.4811717233993,647.5210758879643,1460677
2022-07-15,637.0986938476562,643.8566294905306,631.1022582899451,640.0493614419141,1143520
2022-07-18,652.042236328125,654.6121538946632,642.4764869195168,644.332541722811,1868531
2022-07-19,651.3759765625,654.6121777783327,644.5705194945231,647.188016388584,1909300
2022-07-20,653.1843872070312,663.892327980917,652.1374117913034,659.6091516713627,1624888
2022-07-21,671.031005859375,672.8870606859314,652.4705737824136,654.7549578911446,2747265
2022-07-22,690.0673217773438,695.4451110399489,674.8382498484644,676.6943046086565,5783131
2022-07-25,698.5861206054688,702.1554344670394,689.0203710753196,690.1625050355813,2179454
2022-07-26,691.352294921875,703.8687124375595,689.1631273134112,698.5861393991808,1501349
2022-07-27,696.0230712890625,697.3734722390684,682.9051429395026,689.6570299459667,1463655
2022-07-28,701.9068603515625,704.8969580486789,693.901063629023,700.1706726928568,1335287
2022-07-29,714.8319091796875,718.5936983978662,706.0544794996484,710.8772559989629,1518704
2022-08-01,740.1514282226562,752.738921004078,717.6773032585318,726.3100842950935,7797234
2022-08-02,713.3850708007812,739.0422769049443,704.1253635412804,739.0422769049443,5611299
2022-08-03,705.4274291992188,718.0149217856142,699.3025271651729,713.6744233411407,3058290
2022-08-04,705.8132934570312,714.6872133964773,695.8301703200167,712.2276093207267,1781136
2022-08-05,717.0986328125,723.4164581055991,705.0899078335906,708.9481289434872,1828490
2022-08-08,722.5966796875,724.9115772546803,710.4432466905987,717.050486304602,1589806
2022-08-10,738.1741333007812,740.1997346824647,725.3455600372447,730.1683363672796,3248773
2022-08-11,740.296142578125,746.7586744244984,733.3995491018125,742.0805462134778,2071502
2022-08-12,760.9376831054688,761.9986703635913,740.7784542268837,740.7784542268837,3744532
2022-08-16,760.60009765625,775.7436281904328,758.2369253110921,761.9987146663872,2269603
2022-08-17,762.4808959960938,765.5674844525336,756.0665802799265,759.1049527500643,982454
2022-08-18,746.517578125,763.4455116823235,745.6012388255667,761.0341234584374,2239104
2022-08-19,741.0195922851562,751.9190551516358,736.9202323538683,746.5175691438282,1693235
2022-08-22,718.3043823242188,735.907517496147,716.809333303152,733.3032062716961,1749489
2022-08-23,732.6279296875,734.991101828628,710.8772205350378,710.8772205350378,1594035
2022-08-24,732.8208618164062,736.630866883523,726.3101137844737,733.254923459558,1245022
2022-08-25,735.6181030273438,750.4240029297514,731.4222522637291,735.4733961875777,2516409
2022-08-26,733.06201171875,751.3885620117187,731.2776080020948,739.3316210295025,3643595
2022-08-29,723.8504638671875,729.2519494552876,713.1921406483712,723.4164022514811,1406170
2022-08-30,741.984130859375,742.8039792784631,725.0079818983376,727.5158020158383,3414234
2022-09-01,729.6378784179688,739.4763543866079,724.6703950064557,736.9684752493085,2440603
2022-09-02,719.3652954101562,735.0875342487092,717.9184625316677,733.3031305806188,2098827
2022-09-05,720.3781127929688,727.0335680090288,713.7709324400416,715.0730585653739,1963379
2022-09-06,711.9381713867188,725.2972962638506,709.8161970387296,723.1270470583165,1799028
2022-09-07,714.8319091796875,716.6645877981404,707.9835900993743,709.9609166897365,1874233
2022-09-08,711.3594970703125,721.1497564092126,707.9835536943856,718.4489546110468,1993343
2022-09-09,715.699951171875,730.0235721985043,713.8672727616729,715.699951171875,2659280
2022-09-12,729.5414428710938,732.0011062035621,717.6774233940947,719.2689633301874,2224393
2022-09-13,728.9144287109375,740.7784467477761,726.647688505242,732.0974493249505,2541324
2022-09-14,721.7767333984375,733.2067492511055,717.4362344631473,721.4873785771084,2044162
2022-09-15,716.2786865234375,729.5895957256217,714.7354217121767,723.416418737021,1449814
2022-09-16,678.4682006835938,726.5512573597515,674.2241339455245,719.8958024459114,6546670
2022-09-19,687.0045166015625,693.0812032541482,671.3787088722105,681.8923852548406,2189179
2022-09-20,694.3833618164062,697.95216921487,688.8853850078426,690.4768658788863,1342093
2022-09-21,692.0684204101562,698.7720914484161,680.0114792880281,691.5861427652711,2077807
2022-09-22,695.7819213867188,700.8458365609213,683.9661193135794,683.9661193135794,2203643
2022-09-23,677.9376220703125,701.5210092951701,675.1886632045486,698.3379888001331,2230894
2022-09-26,655.8011474609375,677.0695792551422,646.6378724540746,673.2595741884587,2182907
2022-09-27,653.6791381835938,663.4693391495215,648.6634388523122,659.0806243115688,1199827
2022-09-28,640.17529296875,653.4861428494837,637.1369205639863,652.7145104699209,1617322
2022-09-29,633.5198364257812,651.5088142511859,630.8190936706598,643.4065271140447,2121416
2022-09-30,648.2293701171875,650.9301131516938,631.205004591532,633.5199019617734,1745532
2022-10-03,641.5256958007812,657.6337808169609,640.4647085371586,647.409518355894,1815744
2022-10-04,665.4949340820312,667.1829058394607,650.110265432818,653.9684865926566,2372225
2022-10-06,661.6849365234375,670.221227389057,659.2735482708011,666.5077130287104,1208462
2022-10-07,665.9771728515625,675.0922315839597,659.707563832804,660.720335053786,2367283
2022-10-10,658.791259765625,662.4565580748839,653.4862056972341,655.8975939101391,1009423
2022-10-11,640.6094360351562,662.1190077862796,636.7994307663757,662.1190077862796,1257522
2022-10-12,649.724365234375,651.6052596662826,637.2816383613286,641.4292139856774,1171443
2022-10-13,640.3682861328125,652.5216593434901,638.63203949833,651.0748263959435,745089
2022-10-14,654.2578735351562,663.2282263979486,648.1811866843476,650.1102973590034,2108845
2022-10-17,654.0166625976562,659.755777996396,647.9881924039757,655.5117114313332,1360600
2022-10-18,657.8748779296875,664.6267644892188,655.8975514973234,657.296168344725,1238762
2022-10-19,652.81103515625,664.6750539333801,651.653556986626,660.7204006315985,938837
2022-10-20,688.2101440429688,690.4286092571189,643.2618946941294,651.0747683658078,7210550
2022-10-21,675.381591796875,698.3379947676432,672.102080427431,687.4385323142722,5022081
2022-10-24,683.0015869140625,689.36768724074,677.9376715702839,685.7988208431489,545145
2022-10-25,669.8353881835938,684.7859941802,666.6523677135108,684.7859941802,2890000
2022-10-27,681.41015625,683.8697606811954,671.137617960446,676.539163381988,2548464
2022-10-28,688.5960083007812,690.5251187777446,678.5163942842918,681.9405536065458,1834544
2022-10-31,704.3182983398438,706.0544861215235,685.7988246344306,692.0684341423403,2733496
2022-11-01,691.5860595703125,713.240334995091,686.0398673213176,711.6487954097125,5060223
2022-11-02,692.1165771484375,702.4855456257841,688.4994951214561,695.0584587560268,1949252
2022-11-03,700.4600219726562,701.9068548221431,685.8952026314196,691.4896700801928,1665899
2022-11-04,712.66162109375,713.7226671891084,699.3025544640793,704.1253307017627,3318868
2022-11-07,721.9214477539062,723.3682807473853,712.854604112724,716.230547764175,3102187
2022-11-09,726.8888549804688,732.5315388430769,720.8121683276308,729.010888427814,3649011
2022-11-10,729.3002319335938,731.7116201609523,721.5355736158559,728.1910286720786,4929698
2022-11-11,740.6819458007812,742.6110561595573,732.1455971401315,733.0619363349053,3077741
2022-11-14,746.6139526367188,757.1758440187241,741.4053897971091,744.3954874158603,3532456
2022-11-15,742.9486694335938,752.3530829707279,737.402476834771,746.6139675506337,1649039
2022-11-16,740.296142578125,743.9614406953611,735.2322275963202,743.1415922946378,1407784
2022-11-17,744.106201171875,748.4949160314657,734.1230184507046,740.2961959460695,1846461
2022-11-18,738.8011474609375,748.494916499493,733.3031704494067,748.494916499493,2466319
2022-11-21,732.6762084960938,737.8848308508137,728.5286323323352,737.8848308508137,818375
2022-11-22,741.5018310546875,742.7075250889228,730.2165231198896,733.0619728150407,1288326
2022-11-23,741.2606811523438,748.5430612357633,739.0904319232055,745.5529636243284,907504
2022-11-24,746.7105102539062,752.3049192286164,740.5855487659095,744.9742636136656,1463574
2022-11-25,749.6041870117188,753.2694854363702,743.2863025975793,750.4722514726237,867124
2022-11-28,752.0155639648438,757.1276952857291,747.964419926333,749.4594688685094,943112
2022-11-29,747.3856201171875,756.9829567343852,744.9260159770466,754.2822137790976,1266481
2022-11-30,761.7092895507812,765.4228036992191,746.9033312014144,750.3275494221846,3241756
2022-12-01,751.2438354492188,760.6965240285457,748.9289381644743,752.3530975391747,1517442
2022-12-02,755.9219970703125,757.1759071804585,740.7784671523467,752.449562682466,2337749
2022-12-05,774.344970703125,778.3961146728046,756.6936207692878,759.58728662309,4114694
2022-12-06,759.97314453125,774.3449831803081,754.57159952738,773.4769187332496,1575896
2022-12-07,750.5686645507812,764.2170855281438,748.6395541196251,760.0695098755139,970940
2022-12-08,750.2793579101562,755.1504095410654,745.8906428276159,754.3305021678037,1500182
2022-12-09,736.630859375,754.2339927633877,730.2165433861355,751.8226046279922,1636084
2022-12-12,745.6494140625,747.5303085486881,729.7824686421752,734.9910904698069,1124301
2022-12-13,740.1997680664062,748.4949201794755,736.0039171469689,748.4949201794755,1521073
2022-12-14,753.2212524414062,754.2822397158227,735.5698434682771,741.2607432501403,1480610
2022-12-15,743.4309692382812,760.5518251630033,738.367054105617,754.2822159511333,1692394
2022-12-16,743.1416015625,746.710467749493,732.1456482018796,739.0422417642009,2566446
2022-12-19,742.8522338867188,746.4693159989924,736.1967792514237,743.6238662963146,884769
2022-12-20,728.0945434570312,744.2026287148561,722.4519185100387,741.743024478264,1598234
2022-12-21,728.1427612304688,740.296133488871,725.1526047167624,734.4605861653666,2220101
2022-12-22,703.4984130859375,734.4606747968506,701.6657932645574,728.4804199195459,2404863
2022-12-23,685.9917602539062,701.7140003077503,682.8569554415349,696.5053779938654,1175968
2022-12-26,692.7918090820312,699.640127815926,682.4228401330138,687.1974004001733,955078
2022-12-27,690.9591674804688,699.254378406039,684.8342648575688,699.254378406039,1693081
2022-12-28,697.9039916992188,705.9580639637647,688.6925001453017,690.6216107899664,3025343
2022-12-29,696.9393920898438,703.980633721077,691.5861221654299,699.0132094497914,1898772
2022-12-30,690.7662353515625,706.054411840658,688.1137085311228,700.4600034119045,1387568
2023-01-02,696.4088745117188,698.3379849674299,686.7151062461261,693.1293631882982,1259229
2023-01-03,693.8528442382812,701.4728547968195,691.7790856282985,696.8912170377479,1277112
2023-01-04,690.2840576171875,696.5053925077996,686.7634070519846,695.6373280185866,1354737
2023-01-05,694.7691650390625,699.0132318724891,688.1137688474681,693.7563937568398,1407487
2023-01-06,692.6953735351562,703.4983451940479,689.9945717486532,695.83017808498,1209522
2023-01-09,708.1764526367188,710.0573470856611,696.9875767879047,698.3379776414477,1358106
2023-01-10,698.9649658203125,709.767937219325,694.4797604851345,709.767937219325,1484340
2023-01-11,692.3577270507812,701.9068473038238,690.0428298394652,700.2670916509466,1400355
2023-01-12,692.3577270507812,697.276994009413,689.0299997582496,695.8301611754234,1272850
2023-01-13,693.3223266601562,697.9521802509718,689.0783187318181,695.4443600602166,1310587
2023-01-16,688.74072265625,697.3735046471941,685.3165630039161,695.8784556577847,1079570
2023-01-17,693.7081298828125,697.3734279649808,688.306585297499,689.6569861617721,1349682
2023-01-18,706.3919677734375,707.9835073809746,695.4925059327996,695.6854287445884,1430862
2023-01-19,721.05322265625,722.3071326326268,704.125290795722,706.0544011814636,3553403
2023-01-20,711.6488037109375,721.8731239948927,709.1409837786753,721.1014327494798,979497
2023-01-23,722.8858642578125,726.7440848328125,712.0346188906246,716.6162558234373,2526843
2023-01-24,719.5099487304688,726.8887605388653,716.6644991733928,723.4163854374758,1132275
2023-01-25,711.7935791015625,720.2816537727368,709.1892680768728,717.6291267585085,1865988
2023-01-27,718.3043823242188,729.8790465468564,709.1411064812971,715.3625002753223,4903817
2023-01-30,718.7383422851562,723.9469051251126,711.4559033116548,722.2107175117939,1189091
2023-01-31,730.3612060546875,739.5244804150457,721.4872864787221,721.4872864787221,3629320
2023-02-01,715.8447265625,744.2508325389218,704.12535632967,737.9812232017398,3623038
2023-02-02,671.7162475585938,718.5453895402406,659.9968786311929,714.7353848238421,7698238
2023-02-03,690.3322143554688,692.5506796887505,672.7772967728461,676.2496721752192,2601859
2023-02-06,689.222900390625,691.2967176012974,676.4907600870166,690.1392395970099,1366976
2023-02-07,684.11083984375,691.5379273555714,676.2979655387664,690.0428784295292,1571287
2023-02-08,697.035888671875,698.1450919081248,684.834240970657,685.7987962396297,1050880
2023-02-09,691.6825561523438,697.1323169417632,688.7406743719821,695.4925612188756,1097590
2023-02-10,701.13525390625,703.4983672358102,691.1520714732612,691.6825651008812,1282246
2023-02-13,707.7906494140625,710.2985284535257,699.3025747637009,704.1253511413817,1265376
2023-02-14,734.6052856445312,739.7656917714138,709.5268480932913,710.3949714033935,7326901
2023-02-15,742.0806274414062,743.0934576460548,732.2904260613522,733.9783979067187,2786352
2023-02-16,743.0451049804688,746.2764003549064,739.8138684778108,742.7075341954554,1575168
2023-02-17,742.8522338867188,752.3530793529125,735.9556404439387,735.9556404439387,2374926
2023-02-20,731.084716796875,742.4664578020758,728.2392668276286,734.9911540697392,1149759
2023-02-21,720.66748046875,737.0166449015331,717.9184626760007,734.7499636068243,1964019
2023-02-22,713.095703125,722.7412558762425,710.4431761184084,718.6418959569644,1950321
2023-02-23,718.7383422851562,729.8307272619652,713.7708593772653,716.6645250233894,2936268
2023-02-24,712.1311645507812,728.0463269635738,709.9126991403243,722.3072111676344,2100294
2023-02-27,683.1945190429688,711.8418237232618,679.0469429555235,709.9127130898654,2252550
2023-02-28,669.59423828125,685.4129083956841,668.6778990577709,682.9050883994256,2676043
2023-03-01,688.0172729492188,689.1265350755739,669.931861357228,674.4170669807547,1835234
2023-03-02,680.8795776367188,690.6215621575473,679.1433310813562,688.3548808583961,993892
2023-03-03,684.834228515625,689.5122979363505,679.8667454220459,683.8696732641945,1154106
2023-03-06,685.8469848632812,693.0329331047637,683.8696584151392,688.2583729394983,1066876
2023-03-08,691.2968139648438,692.2131532989621,677.1660548892836,677.1660548892836,1007033
2023-03-09,686.8597412109375,697.5663393606186,685.7505380429586,691.2967304981868,1212451
2023-03-10,686.4257202148438,689.5605245627183,680.0596206776327,684.8341806125969,1344227
2023-03-13,679.7221069335938,693.4188034692118,677.3589347602874,686.7633485928438,1173419
2023-03-14,672.9219970703125,683.869675663749,663.2281696619984,683.1462592226379,1690322
2023-03-15,677.5518188476562,689.560542983123,675.3333536396378,680.7830552515333,1248597
2023-03-16,671.7162475585938,680.8312468668213,667.5203972234045,680.8312468668213,713926
2023-03-17,690.2840576171875,692.4060322831214,672.1021540034839,680.4937972965943,2568540
2023-03-20,683.0015869140625,689.36768724074,675.4298513296976,688.6924867538794,913310
2023-03-21,683.0498046875,694.4797605308589,679.6738614071417,683.5320822989797,838991
2023-03-22,690.7662353515625,691.7790065450112,684.8341972771409,684.8341972771409,569287
2023-03-23,684.544921875,692.7436420889713,683.001598041064,692.3095804209336,914840
2023-03-24,672.1986083984375,688.49955755515,669.5942973284943,688.49955755515,982591
2023-03-27,675.8157348632812,682.9051931930537,668.629785674675,673.6937013021658,1355800
2023-03-28,689.3194580078125,690.1393064513898,677.5036557659822,679.1916275148152,2618934
2023-03-29,682.326416015625,692.5506782460322,673.6454186559951,689.271166805904,2871532
2023-03-31,692.2130737304688,696.8429269890295,680.0114267095925,680.0114267095925,1383231
2023-04-03,703.787841796875,705.3311068237746,692.3578254606585,693.0330259868472,1768965
2023-04-05,706.3438110351562,710.1056001293517,700.170692642561,703.787774897833,1500202
2023-04-06,700.4118041992188,707.98353921018,697.3734316743326,707.98353921018,1391534
2023-04-10,711.6006469726562,712.8063410542771,701.5210326759492,704.0771276776981,883124
2023-04-11,716.23046875,717.629085597092,711.5523994692143,715.6999751519385,731229
2023-04-12,713.6744995117188,721.1980191774368,709.9127102429676,719.5582633712687,1347769
2023-04-13,710.877197265625,717.7255157801238,707.9835316051136,713.6744309528308,994060
2023-04-17,711.0219116210938,718.1113690156527,706.0544286359407,716.6163201829243,1043080
2023-04-18,712.4688110351562,716.7610351139482,709.1892993967465,711.021978054408,1280463
2023-04-19,709.8644409179688,715.6035563724721,705.5721583240068,715.6035563724721,1012743
2023-04-20,706.1027221679688,712.8063935296481,704.7523800202127,712.2276838765791,1084257
2023-04-21,708.6587524414062,717.5326724968796,705.0898862496443,706.5367191215656,1829162
2023-04-24,703.9806518554688,712.999279101576,697.6146105173316,708.9481351264967,1049786
2023-04-25,689.3194580078125,695.6372833505162,680.3008307695501,694.3833732543111,3407713
2023-04-26,689.9945678710938,691.3931847444344,682.4228327804746,689.3676422877202,3621655
2023-04-27,701.424560546875,704.8487197683148,690.9108852082567,690.9108852082567,2470510
2023-04-28,714.060302734375,715.6036265934641,704.8970270517693,707.019060563151,2374556
2023-05-02,725.8278198242188,733.0137681536451,717.1950386313555,717.9184550630739,2225369
2023-05-03,713.5779418945312,729.0108254559021,712.3722478662992,724.8632497731395,1031469
2023-05-04,705.5722045898438,716.4234517554428,702.3409678714677,714.0120634964208,1655943
2023-05-05,689.5123291015625,709.0445738258657,684.496688664847,709.0445738258657,3930399
2023-05-08,690.0429077148438,699.3026153486776,675.6227937343311,693.2259285344876,6201290
2023-05-09,669.7871704101562,684.8342083404749,668.0991987698804,684.8342083404749,8030712
2023-05-10,655.6082153320312,671.1375313114618,653.2932591828505,671.1375313114618,5803203
2023-05-11,658.69482421875,663.083538968114,656.2351611574809,658.0196237484366,2228828
2023-05-12,654.161376953125,661.4919732442223,649.1456779199522,660.7685568126622,1805619
2023-05-15,651.9911499023438,656.8139262772827,651.074810616749,655.318877375408,2432818
2023-05-16,649.0009765625,653.8237528136051,647.2165728983033,653.0039043996294,1866298
2023-05-17,653.7755126953125,659.2252732066288,648.3258110557746,649.3867982431457,2527136
2023-05-18,649.4832763671875,657.6337802842475,648.3258571248213,654.9330372657555,1408554
2023-05-19,644.3229370117188,652.0393793711405,633.7610447579035,650.1102687812851,4632213
2023-05-22,646.6378784179688,648.2293592949807,638.4873745886523,644.3229222145928,2116815
2023-05-23,656.5245361328125,657.5855233294805,646.6860610831202,646.6860610831202,2087867
2023-05-24,658.0678100585938,660.5274141371501,650.1102293579951,656.5245452290077,1920527
2023-05-25,651.846435546875,661.1544173919028,650.2549546845634,658.3089675891392,2210598
2023-05-26,663.71044921875,664.5303565107945,652.0393541502755,652.0393541502755,2131442
2023-05-29,665.5430908203125,666.9899236264437,661.9260088049848,665.5430908203125,1116759
2023-05-30,664.6267700195312,669.4013301864271,659.8522098526353,666.5076644939786,900153
2023-05-31,660.8167724609375,666.5558879227221,657.826674760737,659.9969240543024,3370272
2023-06-01,653.9202270507812,660.8167615916071,652.5216101991324,660.7203296177468,2470088
2023-06-02,659.1287841796875,660.2380462282711,654.8365605602135,654.9329925332302,1168519
2023-06-05,665.5430908203125,666.9899236264437,660.3827440271559,664.5785356162252,1227013
2023-06-06,669.4013671875,672.2468170500454,665.9289917133383,666.5077013351045,1618425
2023-06-07,669.3530883789062,673.0183863402629,668.2438263575458,672.2949699450566,1147072
2023-06-08,665.5913696289062,674.1277193138613,664.6268143337779,670.3659301141478,1312986
2023-06-09,656.1387329101562,667.8581031767795,653.7755606865093,667.4722575138966,1411515
2023-06-12,654.884765625,658.3571408005873,650.3031284193286,656.1386756121966,2017017
2023-06-13,658.0678100585938,659.755781722357,652.1357718057993,652.1357718057993,2175343
2023-06-14,658.5501098632812,665.0126419394816,654.595456809373,657.8266934115824,4009140
2023-06-15,656.669189453125,663.6139988902861,652.66632056777,658.550083927824,1890165
2023-06-16,666.363037109375,671.1375978455294,656.9586224876534,657.1515453311742,3397721
2023-06-19,661.2991333007812,671.3305326243426,657.3444798613355,670.3177612675858,1510117
2023-06-20,659.225341796875,660.81682274352,654.643704050724,660.7203907607359,1537058
2023-06-21,661.7813720703125,662.6494953946521,657.8749348543514,659.2735518227726,1194618
2023-06-22,650.49609375,661.7813432441453,647.264798291738,661.7813432441453,2165875
2023-06-23,643.213623046875,651.7981880287433,641.9114970523547,650.8336328115347,1884124
2023-06-26,655.1259155273438,656.7173963132173,643.8406077077732,648.8080906268142,2550546
2023-06-27,650.4478759765625,656.8621925954085,648.2776264415556,654.9330818976246,1844795
2023-06-28,656.235107421875,657.8266470521638,650.1102054445138,651.8946090175718,2993257
2023-06-30,663.179931640625,663.8551320709192,656.8621067058423,656.8621067058423,1756332
2023-07-03,656.1869506835938,664.530377473908,653.9684852954437,663.9998838398391,1650880
2023-07-04,652.9556884765625,664.1445058315294,651.8464263899856,660.62391449094,1707986
2023-07-05,646.05908203125,654.9330019319294,645.4803724412884,654.9330019319294,2257766
2023-07-06,648.9046020507812,650.1102962203294,645.7697972099562,647.216630213414,1668647
2023-07-07,639.5001220703125,652.0393401501226,638.3426440116665,649.0009676051491,2924889
2023-07-10,636.702880859375,642.876057851825,635.4971868273948,642.876057851825,1532305
2023-07-11,621.4147338867188,631.7354870698261,617.4600808208633,631.7354870698261,3874013
2023-07-12,621.0288696289062,628.1183859877053,619.7267435996267,624.8870906007327,2355259
2023-07-13,608.6343994140625,626.4786726139994,607.6698441059578,619.7267854572665,4725978
2023-07-14,616.88134765625,617.4118413117841,609.1166890476559,609.5989667111933,2430626
2023-07-17,620.9806518554688,624.0672403984104,614.662826806626,620.2090194376783,2618535
2023-07-18,617.2671508789062,623.1026984319702,615.7238271386686,622.7168527789655,3048982
2023-07-19,616.4955444335938,622.8133698833566,615.5792051229143,619.6303491631187,2990583
2023-07-20,616.7366333007812,620.884208986441,614.4216772162472,619.2444533325443,2365174
2023-07-21,612.106689453125,617.7975885245438,611.2868411044959,617.3153109378736,2618007
2023-07-24,609.7435913085938,615.1932928483659,608.3449744986426,615.1932928483659,1626647
2023-07-25,603.8115844726562,612.4925816935091,601.9306899671154,612.4925816935091,2391696
2023-07-26,609.5025024414062,613.3124486841075,605.3066516678176,605.7407133163657,1885345
2023-07-27,604.5350341796875,614.7110808187264,603.1364172205513,611.7209829379112,1822820
2023-07-28,602.9917602539062,608.1038914924867,600.1945263773598,605.7407192687537,1972225
2023-07-31,602.5576782226562,608.6343645411836,598.9888120127971,602.8470330241518,5257210
2023-08-01,603.5222778320312,606.0300981250145,589.3433027988476,598.9888560361446,7565764
2023-08-02,597.2044067382812,607.2357460177673,592.2369236508042,606.5123295800831,2977294
2023-08-03,588.2813720703125,600.0871564123303,578.1410879156747,600.0871564123303,6714021
2023-08-04,591.1226196289062,595.0415565215768,588.2814262606589,592.2493379048416,1698361
2023-08-07,594.502685546875,597.3929133233372,591.759441815983,592.249308903579,1586290
2023-08-08,592.1023559570312,596.560194526877,589.9469884969851,596.0703274135517,2297368
2023-08-09,602.7324829101562,604.3980429852375,590.5837550900416,591.7594480723477,4701339
2023-08-10,597.2949829101562,606.3575243202531,593.9638626887745,603.467296451441,2552655
2023-08-11,587.5465698242188,599.499338171971,585.9299845901435,598.6175535355252,1772170
2023-08-14,578.3370971679688,588.3303981554003,574.1242519884506,587.8405310461951,2087103
2023-08-16,577.8472290039062,580.9823904567423,571.185048290524,578.3370961122172,1504238
2023-08-17,573.0955810546875,579.3168698352029,572.1648215257777,577.0634929429505,1816344
2023-08-18,566.7272338867188,575.7408000718444,565.2576326543035,572.1647464870098,2394208
2023-08-21,573.830322265625,578.0431672879081,568.3437749683618,570.2052938331567,1884006
2023-08-22,572.017822265625,578.0432118679487,571.1850720661256,578.0432118679487,1199386
2023-08-23,573.8792724609375,576.0346995284173,571.5278866058276,573.144471855994,1218953
2023-08-24,574.51611328125,581.8150846543796,573.1444615906319,577.0633980801405,1673004
2023-08-25,571.3809814453125,576.818494143838,568.2458201332078,573.144490996425,1132264
2023-08-28,573.29150390625,575.6428301600441,570.2053171877454,571.3810102137581,1005968
2023-08-29,585.4891357421875,588.8202559513876,577.0634455164181,577.5533126178751,6318164
2023-08-30,587.7426147460938,595.1885713073528,586.4689123516221,587.8405642541757,3729681
2023-08-31,579.1698608398438,589.8979018353658,578.2880761944625,589.7509775932865,7321307
2023-09-01,590.77978515625,592.2983613674023,579.0229735113495,580.9824421188329,2466406
2023-09-04,595.1395874023438,596.5111794855729,587.1057545214194,592.7392265089007,4215928
2023-09-05,595.7274169921875,599.8423129278195,591.5635463022027,595.7763917465404,3465504
2023-09-06,597.0009765625,598.6175618189449,591.6124387719857,596.6580935314852,2896499
2023-09-07,599.8912353515625,603.4183143308112,594.7476308302759,596.9520327679701,3079054
2023-09-08,594.502685546875,602.4385682448675,593.7189101663671,601.9976759063853,2137652
2023-09-11,605.4268188476562,606.7984109801125,595.7764001742381,597.6379192518579,3724960
2023-09-12,592.2493286132812,609.7375603031653,590.1428761472255,609.3457024989848,2923292
2023-09-13,595.9722900390625,598.4216254903148,591.3675274310624,592.7391792030553,1430448
2023-09-14,618.9470825195312,620.661617374156,597.6378636120523,598.568623064209,9184356
2023-09-15,621.7882690429688,622.6210191067489,614.9301303588661,621.9351932786939,3745966
2023-09-18,617.3305053710938,626.0991385609399,615.2730874374901,621.7883438909533,2579565
2023-09-20,609.884521484375,615.5669677168729,607.9250531422565,612.3828316609305,2474148
2023-09-21,612.3828125,622.1311791566671,609.4925848261623,614.2933060334335,3925418
2023-09-22,602.3405151367188,616.7426184241393,600.1850881484272,614.734175470727,1850344
2023-09-25,604.4470825195312,612.137972781119,600.6750696219408,602.3406298755369,2303387
2023-09-26,605.0348510742188,610.374414492912,602.5365407915584,604.4470344659095,1906824
2023-09-27,602.6344604492188,606.0145552751809,596.7070807157584,605.0837958595931,2018781
2023-09-28,592.7391967773438,606.3575262093717,590.3388360043018,602.6344883744997,2158105
2023-09-29,603.76123046875,608.904835271932,596.903090731174,601.5568284102434,2002347
2023-10-03,594.6986694335938,603.4673026311817,593.7679099682442,603.4673026311817,2407302
2023-10-04,590.8286743164062,594.4537026747274,585.685069966934,592.73916789157,1922433
2023-10-05,592.0533447265625,597.0500248535543,589.652984059518,593.9148635617958,1413612
2023-10-06,599.7443237304688,600.5770738940638,592.7392001727709,595.2864852128987,1750968
2023-10-09,597.5888671875,598.5686013546085,586.1749402213943,594.2577471000398,1866768
2023-10-10,609.19873046875,612.8237590687711,596.8051283745156,597.637878548282,3281868
2023-10-11,615.0281372070312,616.840621537573,611.2561844982911,613.2156528764895,2053212
2023-10-12,608.0230102539062,616.6447189057736,607.1412853678487,616.3997853599417,1645852
2023-10-13,610.4234008789062,612.4808786436666,603.9082041194113,606.3085051476172,1171758
2023-10-16,618.163330078125,620.1717733084981,608.8068800549971,609.3946966791245,1917226
2023-10-17,612.2359008789062,622.0332424849171,611.3541162150742,622.0332424849171,1462594
2023-10-18,607.9739990234375,615.517963742038,605.7695972432233,612.333827837284,1222311
2023-10-19,601.1159057617188,605.1818266063528,594.9925670187336,601.9487157097027,1842555
2023-10-20,591.2205810546875,600.5770301686318,589.7999545864867,600.5770301686318,1174201
2023-10-23,574.81005859375,595.6783847852997,573.2424480180091,590.779713857789,2109981
2023-10-25,568.392822265625,580.7374493144683,566.1393857582542,574.8100693410017,2986843
2023-10-26,549.6798706054688,569.1766054472205,548.6511616370454,568.3928300330995,4015200
2023-10-27,547.3285522460938,555.2643756004912,545.026140923553,553.5498406956816,2425358
2023-10-30,527.7338256835938,551.7862871915314,521.1206201477003,548.6511259407957,7164172
2023-10-31,529.54638671875,532.681548424003,517.4466920885965,524.1088733383618,5210230
2023-11-01,521.267578125,529.6442937195757,518.8182425828298,520.8266857677631,3767073
2023-11-02,529.7913208007812,531.5548305747288,524.1578485962422,524.5007316807024,1797928
2023-11-03,539.147705078125,540.7153156386183,532.9753917291428,533.9061511559624,1809034
2023-11-06,543.4585571289062,544.1933577578534,537.2862438053965,540.862237654002,1069714
2023-11-07,540.8132934570312,544.7812051178577,539.3436921161153,542.7237871598682,1479349
2023-11-08,544.4382934570312,546.49571130694,541.8909487209893,544.6342522518389,1190583
2023-11-09,539.2457275390625,546.4957247393147,537.6781169402996,544.4383068388365,1794405
2023-11-10,536.0615844726562,539.2457205812159,533.955132050779,538.8538029870246,1414936
2023-11-13,541.4990844726562,545.2220623366934,538.9517397669892,543.7524610905028,1449034
2023-11-15,550.4146118164062,553.3048394046367,545.0750489497135,545.7119000414035,1766163
2023-11-16,549.48388671875,552.1781556930829,544.7321999014905,550.3656713932775,2112355
2023-11-17,550.36572265625,554.2356849576719,547.3285703579479,548.9940707677197,1787739
2023-11-20,545.4180297851562,552.5211025878057,543.5565109244808,550.3656754328732,1079422
2023-11-21,551.6393432617188,552.5701027348368,545.2220960495332,545.3200455527113,1333644
2023-11-22,554.4315795898438,558.0075733596044,551.6882761303441,553.4518454395159,2648583
2023-11-23,554.4315795898438,560.1140257021001,553.5987696831289,556.5379721341126,1264347
2023-11-24,547.6224975585938,556.8319640763426,546.7407127715312,554.0397452477042,868199
2023-11-28,552.1292114257812,553.4028539606803,544.8792140280772,547.6224579028363,1284890
2023-11-29,558.4974365234375,560.3099805677865,551.6882722667,553.549791058577,1780095
2023-11-30,559.0853271484375,561.2897290274624,554.7254981391648,558.4484760196502,3931052
2023-12-01,563.494140625,564.2779160136365,557.51772621541,559.085336790912,1811072
2023-12-04,567.1681518554688,572.9975225023231,565.3066329576334,566.7762342564835,3025773
2023-12-05,569.6174926757812,572.06682819675,565.1596541890337,566.7762395521653,1870544
2023-12-06,576.62255859375,584.2154987378138,571.1850456760342,571.1850456760342,3437918
2023-12-07,574.6630859375,581.9621177238168,573.6343769819777,581.9621177238168,1824646
2023-12-08,573.3405151367188,583.8236839384618,568.4908184697468,578.0432277417503,2175978
2023-12-11,590.19189453125,591.4655370068558,571.7238693411649,573.1444958632067,4467164
2023-12-12,585.587158203125,594.4537409791378,583.7746140080568,593.7189403104368,2339706
2023-12-13,587.2036743164062,590.4858197958945,580.7864272063205,588.8202596807455,2110586
2023-12-14,587.0078125,591.7594997959552,584.4114927620651,590.8287402786823,2026994
2023-12-15,598.4706420898438,600.3811358350642,589.2611760280683,589.2611760280683,4941179
2023-12-18,594.2577514648438,602.2915836537876,592.7391754543172,601.3608242285526,1685280
2023-12-19,586.6158447265625,599.5973227100731,585.7340600385795,594.6986517728993,2396755
2023-12-20,560.5549926757812,592.7392398805816,557.4688057719851,592.7392398805816,5509320
2023-12-21,565.6986083984375,568.196918902285,554.2357051356972,560.5550033265367,3089260
2023-12-22,569.8623657226562,573.8792516312593,565.6984957791088,569.22551463553,2464945
2023-12-26,574.22216796875,582.9418259228535,573.1444843107047,575.9857372975189,3443852
2023-12-27,571.3809814453125,580.2965384970767,569.3235038038242,578.1411113576154,2155491
2023-12-28,577.5043334960938,579.0229095394701,570.2053017799858,574.0262890617208,2270681
2023-12-29,575.3489379882812,580.0026756731588,573.1935106798493,580.0026756731588,2223633
2024-01-01,580.6884765625,587.7425748139303,575.2999384229425,576.0837138290502,2825708
2024-01-02,582.4030151367188,591.5635061130537,577.1124264648716,580.9823885675903,3406640
2024-01-03,574.95703125,584.7053991761364,573.438455094264,583.2847725279057,2435233
2024-01-04,575.7407836914062,577.2593596287181,570.8421130560611,575.1039325895212,3606404
2024-01-05,569.470458984375,578.9738919369636,564.8167219002016,577.35730671475,2433275
2024-01-08,549.532958984375,570.9891029555431,548.7001490016643,569.2255932836739,5345743
2024-01-09,546.8386840820312,556.440067570911,542.0379624384755,554.5295738638538,3590645
2024-01-10,547.2794799804688,550.3656665157359,540.715308921578,549.6308658928845,2204496
2024-01-11,550.8555908203125,554.6765783753539,549.1900306091859,550.5616825002863,1620693
2024-01-12,553.6478271484375,556.8319636127272,551.002592385924,554.6275614451421,1441096
2024-01-15,556.244140625,560.0651282579665,553.0600041969396,556.4890741963893,1659661
2024-01-16,553.0599365234375,557.6646990617547,549.1409998607382,556.4890061032994,1653823
2024-01-17,539.8335571289062,551.1005006987473,538.4619052967635,549.6308993635506,4724845
2024-01-18,533.17138671875,540.8133018504687,528.2237407538587,538.8538333655033,3512857
2024-01-19,542.1849365234375,545.907914567217,531.7507432524392,537.8740820738628,2415540
2024-01-23,524.2557373046875,547.1325663523407,522.737161280971,547.1325663523407,2849229
2024-01-24,534.68994140625,535.9146091602726,524.2557482226857,528.9585202367165,1386191
2024-01-25,526.4111938476562,536.502444534232,525.1375512985562,534.6899601141549,1723625
2024-01-29,528.7135620117188,531.7017392324344,523.5699576848675,531.2118721536867,2162690
2024-01-30,524.4027709960938,536.4045158717634,523.5700207811575,530.918027847894,1912294
2024-01-31,526.8031616210938,531.750808031895,523.276082151336,527.9788547776797,3570913
2024-02-01,519.3080444335938,528.0766765323187,515.8300003604189,525.4313825195436,3662000
2024-02-02,522.8351440429688,529.6932829746014,518.5242899380808,523.0800775762414,4224992
2024-02-05,464.39404296875,514.3604906299446,460.52408065103026,513.380756362078,23096694
2024-02-06,472.0849609375,476.1508521519785,458.8095437250683,466.54946832749073,6661787
2024-02-07,468.11700439453125,475.17110282916735,467.578162526227,474.19136859652986,3069307
2024-02-08,455.429443359375,472.03591990970597,454.1557709752608,470.272410330612,5214678
2024-02-09,448.6692810058594,458.41761818596666,444.1134931362132,458.41761818596666,5881661
2024-02-12,449.1101379394531,456.3601648239467,445.82802248727086,452.4412281405325,4404671
2024-02-13,469.3906555175781,470.2234355573198,442.98680718756594,452.68616967032654,7706461
2024-02-14,471.64404296875,472.6237771792788,462.67948092223435,469.4886456450558,3210526
2024-02-15,477.4734802246094,480.51066229996724,474.87719050986254,477.03258786399834,3568439
2024-02-16,480.95147705078125,484.1846176099291,471.301089918277,474.2402922998044,3374827
2024-02-19,487.46673583984375,489.8670965726959,481.5883306809714,483.6947831155258,3383768
2024-02-20,487.95660400390625,495.20666096833475,485.21336021674375,487.5157415554952,3033673
2024-02-21,482.1761779785156,490.06305618592035,481.0005148842549,488.88736319254485,1697299
2024-02-22,482.3231506347656,484.1846695955563,474.2403432177356,483.30288486713295,2881064
2024-02-23,478.796142578125,486.5360372160344,478.0123372343276,483.9887221721471,1341328
2024-02-26,479.2369689941406,483.1069309714643,475.90587875621543,478.69812715385655,2253561
2024-02-27,474.7792053222656,481.53936540819336,471.7420232839168,479.971784688486,2920314
2024-02-28,466.2555236816406,476.1508455882989,464.3940345861187,474.3873358976185,1572519
2024-02-29,460.18115234375,465.37373149339913,457.3398993269201,462.434528978704,5632071
2024-03-01,464.932861328125,468.21497693920725,461.6017709657746,464.39401946771375,2877161
2024-03-04,464.6389465332031,470.4193723605407,460.47507616363833,466.40245614184334,1820722
2024-03-05,464.6389465332031,481.09846921089564,463.90414587975056,464.3940129820523,6182475
2024-03-06,463.6102294921875,467.82307453886017,455.086530101153,467.2842326953723,3213293
2024-03-07,472.5257873535156,476.101841062343,465.22678558557607,465.3737397340902,5420581
2024-03-11,466.8923034667969,478.11027159396474,465.86359455518493,475.26904850079063,2888338
2024-03-12,464.4429931640625,469.24371474205367,462.7774629362281,468.99878118803844,3030937
2024-03-13,442.74188232421875,467.1372581075527,440.9293680607877,464.44298903732454,3446385
2024-03-14,452.73516845703125,454.79261620530707,438.7249518085731,442.6928931586296,2505609
2024-03-15,465.5207214355469,467.82310289558933,450.1389116986592,452.833180877639,6120565
2024-03-18,456.6051330566406,465.3737665116112,453.61695556816,465.3737665116112,2951978
2024-03-19,451.7064514160156,461.8957112513842,450.92267599750215,454.5966793326258,2538838
2024-03-20,446.2199401855469,455.2824812681895,440.1455763651029,451.6574528754868,3018788
2024-03-21,446.31793212890625,452.5882553395328,443.08482101645944,447.73855877174566,3138092
2024-03-22,460.4750671386719,464.736916824991,445.77905435765047,446.3669008487142,7019704
2024-03-26,455.9682922363281,461.5527891547882,454.9395832825084,458.515607144733,5072326
2024-03-27,446.2689208984375,457.7318228131035,444.2604777804943,455.57639564824024,27876181
2024-03-28,446.7587890625,450.38381751234596,442.9378317148147,449.15914977917026,5435115
2024-04-01,456.7520751953125,458.8584976495453,449.1591354911589,450.6777114723442,2840448
2024-04-02,465.6186828613281,467.2842429763962,451.6574703820563,453.61693880019976,5564890
2024-04-03,467.0392761230469,473.1626144931355,460.96491250027367,465.37371612673746,4788697
2024-04-04,482.9599609375,486.68293874581457,463.512232090834,470.272391742307,9778795
2024-04-05,484.3316345214844,490.45497360995483,479.97180513084675,489.3772599505607,6753966
2024-04-08,479.1390075683594,490.4059510804176,473.26060225772034,490.4059510804176,4603981
2024-04-09,479.92279052734375,486.43801679666046,476.93458336082625,482.7150388996549,2166661
2024-04-10,494.0799560546875,498.6847188564265,479.4819221308549,480.5596357545721,7937541
2024-04-12,491.87554931640625,500.7421618770253,490.3569732470157,495.3046190593924,5337775
2024-04-15,480.0207824707031,489.4262068561487,476.64068752654214,484.96842821302846,4994330
2024-04-16,474.82818603515625,482.0292385667386,473.2606052957665,478.1592764194122,3104362
2024-04-18,468.704833984375,482.8620050942773,466.54943668989483,478.4041965573228,2706609
2024-04-19,477.6694030761719,480.0207891041422,457.0949846252393,463.6592158049449,3209153
2024-04-22,483.4008483886719,484.57654138853314,477.7184019872776,482.0292264882438,1860795
2024-04-23,485.45831298828125,490.45496356192933,482.27417672751045,484.87046646800803,3014860
2024-04-24,488.3485412597656,493.68807489956305,485.5562927109679,485.8012262696499,1683615
2024-04-25,495.64752197265625,496.67626081418103,486.2910723945552,488.887362024683,4660938
2024-04-26,498.1458435058594,503.4854066149332,492.3164133188563,498.684685331936,2825380
2024-04-29,496.7742004394531,500.5951876332864,494.27589025805213,500.5951876332864,2501739
2024-04-30,496.8722229003906,503.28950022892786,496.0394428013754,496.62728933592246,3509055
2024-05-02,488.10357666015625,500.056315624233,487.22179198568534,497.80293898730866,2405482
2024-05-03,483.5968017578125,493.73705659562205,480.1187274467637,490.699874629349,2196892
2024-05-06,473.6035461425781,488.2015809708303,471.35016925265637,485.2134033690927,3652474
2024-05-07,464.49200439453125,476.5917281141175,460.8669757841057,475.1711015210576,4535131
2024-05-08,468.1659851074219,470.22343287058254,461.60175412474604,465.8636037986257,1861827
2024-05-09,456.99700927734375,472.47679699101724,454.93956156878875,468.1659726820676,2726979
2024-05-10,491.7286071777344,494.76578928983184,455.0375779708591,461.4548252584372,6834995
2024-05-13,523.2760009765625,529.0564565507605,492.26745009655235,492.26745009655235,27039443
2024-05-14,499.7134094238281,521.0226279614039,491.48364824431144,521.0226279614039,15011896
2024-05-15,504.3671569824219,510.73542931754895,499.713419506752,502.55467262171624,4234215
2024-05-16,499.6644287109375,509.26581165593336,495.5985378688968,505.68981779997836,2398088
2024-05-17,500.8891296386719,504.8570413465787,499.7624412437578,499.7624412437578,1911312
2024-05-21,501.72186279296875,503.5833817029918,498.1948435719287,498.1948435719287,2372489
2024-05-22,505.1019592285156,511.4702315837151,500.0073592838253,503.5833831649988,2807354
2024-05-23,500.4972229003906,507.2084081616189,496.92119904413636,505.1019557087471,1824121
2024-05-24,505.34686279296875,511.42122648480915,502.9955367110552,506.03268865786197,4320492
2024-05-27,514.3114624023438,518.9162249421983,506.3755797787916,507.8942155746769,6701240
2024-05-28,507.0124816894531,518.2794257269966,505.6408298003717,516.8098243307952,2462629
2024-05-29,506.76751708984375,512.0090711626844,505.05298223260405,508.48205194708345,2522672
2024-05-30,495.8434753417969,507.8451891685947,494.7657617620962,506.2286636477153,1828288
2024-05-31,498.4887390136719,507.40435593399513,496.578275301415,497.70496362901997,8552013
2024-06-03,517.4466552734375,520.4838074541124,503.58339205913177,506.5225947365197,5297460
2024-06-04,485.8992004394531,519.0142052569365,468.31295915585775,519.0142052569365,4202540
2024-06-05,517.7406005859375,521.1696706213089,486.046190136324,494.81479414444584,3690376
2024-06-06,526.5092163085938,534.4450399113571,517.0057820077185,519.0632000385879,6939999
2024-06-07,528.8115844726562,531.8977714138845,523.3740711079435,530.918037121207,2223919
2024-06-10,540.3234252929688,544.3403116977037,521.3165574014484,531.6528013177142,6964090
2024-06-11,543.066650390625,546.0058529651349,532.2895742840889,539.0497641247533,4059315
2024-06-12,538.9027709960938,547.2794862326513,537.3841949844979,544.1443847112515,2173771
2024-06-13,546.3977661132812,550.4636270959855,536.1595319357665,540.5193610121125,3845237
2024-06-14,540.5193481445312,548.4551709228977,538.559879824122,546.397753105759,2022269
2024-06-18,544.8792724609375,546.2998394032253,538.9518319159245,542.7728197286161,1587670
2024-06-19,546.005859375,556.929919657797,539.5396375544595,548.6511536827594,6124293
2024-06-20,557.46875,565.9924493498039,543.3605538487225,546.0058481018656,7472902
2024-06-21,554.4805908203125,562.7103223456139,549.8758280511512,562.7103223456139,5890175
2024-06-24,560.5059204101562,566.9722021072636,539.931501897801,550.6106287592206,5572012
2024-06-25,559.5261840820312,565.1106810453678,555.5092977355112,561.3877030025536,1985056
2024-06-26,558.7913818359375,564.3269040326331,553.206944686699,559.3302834891364,2354064
2024-06-27,556.342041015625,562.9552468592644,547.9163508230207,558.6444522623485,1627135
2024-06-28,559.2813110351562,564.3269666878582,555.0194906747772,556.4890921505269,1535016
2024-07-01,561.8285522460938,563.0532199160878,555.8031633904328,558.4974322644196,1451065
2024-07-02,555.1663818359375,568.5397171483226,550.5126446081883,562.4653534387729,2781201
2024-07-03,560.5549926757812,564.3269457375455,555.7052960262022,555.9992043507935,1898741
2024-07-04,558.889404296875,568.1968794957595,557.1258946398906,563.3471830903785,2148117
2024-07-05,561.09375,562.2694429193945,556.195079334378,559.2322312277732,1072378
2024-07-08,555.9012451171875,563.1512427892948,550.7576402329984,561.0938247549127,2695359
2024-07-09,552.5211791992188,560.7019368145466,551.5904196398238,556.4890912174423,1427039
2024-07-10,548.4552001953125,558.3995263714337,536.2574972900978,554.5785390234091,2033444
2024-07-11,546.3977661132812,554.9214654696217,543.8504213571707,549.4838929124575,3781459
2024-07-12,552.2272338867188,559.3792819514883,546.7896609610762,549.0920723273281,3741532
2024-07-15,553.5988159179688,555.9991767463881,549.4349454313218,554.5295753981597,1699472
2024-07-16,546.005859375,560.4079641188184,544.2423497692372,554.529558900789,1674706
2024-07-18,547.3285522460938,549.6309037704025,543.7035236305642,546.0058751548729,1258371
2024-07-19,531.603759765625,548.8960925349704,530.2811424980861,547.3285417143145,1483516
2024-07-22,534.39599609375,546.8876063196366,522.0513101092323,529.0564330963729,2445572
2024-07-23,529.4484252929688,542.1359362955897,511.71519906453966,536.8943818519132,2813862
2024-07-24,526.166259765625,532.4365827986721,524.157816540397,525.4314590882319,1398404
2024-07-25,518.7203369140625,523.9618914979433,514.7524249600912,521.2186474185455,1833988
2024-07-26,533.1223754882812,533.955125618119,518.3773283092348,518.4263628565899,1488053
2024-07-29,541.9400024414062,555.0194302319038,534.4450118120097,536.9433220890651,4404641
2024-07-30,553.4518432617188,557.2727705540262,541.3031159261666,542.3807995679958,2046419
2024-07-31,560.4569091796875,562.0734944483007,553.6477448698658,558.3505166337491,2390519
2024-08-01,549.092041015625,565.306629967526,545.8098955866159,563.3471615794236,1900787
2024-08-02,526.7050170898438,552.5210459572272,520.6796883813403,543.752413988223,6452127
2024-08-05,517.5935668945312,540.323412337836,509.46178497855794,509.46178497855794,8199938
2024-08-06,522.7371826171875,538.7558730389644,520.4348311128917,522.1983407542918,3839963
2024-08-07,535.6206665039062,537.8740430671287,524.696606919409,528.076701663356,2623663
2024-08-08,536.6983642578125,544.5362375870196,533.0243611347466,535.6696553429997,2763841
2024-08-09,543.360595703125,550.610653133428,539.4906932216459,547.1815832295721,2061454
2024-08-12,554.6070556640625,558.3856038269953,536.4996878731339,542.2410396260859,3191587
2024-08-13,541.7993774414062,555.5884813407158,540.5725877723958,555.4903621279307,1666599
2024-08-14,532.7702026367188,543.6150714182847,530.3657427656815,542.241043004686,1066850
2024-08-16,543.0752563476562,544.1058076473246,529.5805692522548,532.7702225657133,1635134
2024-08-19,550.1906127929688,553.0858484237532,541.4068465886012,542.7317554848354,2412431
2024-08-20,555.6375732421875,556.4717662149321,549.6998636177196,550.1905794609427,1194020
2024-08-21,557.7476196289062,562.1640622511862,552.5460436319216,555.4903387134416,2235790
2024-08-22,568.3961791992188,576.983706365474,557.6985499685208,559.4160554017718,6309020
2024-08-23,563.04736328125,573.9412309005049,561.378917455299,573.8431116938519,1995012
2024-08-26,566.7277221679688,568.1508100506164,561.4770268632805,568.1508100506164,1283196
2024-08-27,572.1256103515625,576.8364704394374,567.5128694710415,573.4995787636982,2705825
2024-08-28,567.3165893554688,575.0208642386808,564.8630100745422,574.1375517368122,1369570
2024-08-29,567.0712280273438,571.0951339650396,560.3975044036052,566.2370350375655,1530143
2024-08-30,587.2396240234375,592.7847369974762,571.1932399545218,573.156103322063,7616878
2024-09-02,588.3683471679688,595.9253837908615,581.989040651552,590.8219265973598,3640344
2024-09-03,591.0181274414062,594.6984959784021,584.9332394798735,588.8589659193357,2147598
2024-09-04,596.563232421875,599.556647015989,582.038055302197,588.80995796498,3139837
2024-09-05,607.2117919921875,611.382876629411,595.532731047227,600.6361877601972,3431993
2024-09-06,598.47705078125,612.118975647834,595.9744118760124,605.4943115388787,3569845
2024-09-09,593.1773681640625,599.4584953647543,589.9385954976024,594.7476349887755,2334227
2024-09-10,607.7025146484375,608.4876480203545,594.0115305876122,598.5752119084996,1638324
2024-09-11,599.6547241210938,607.6042963393801,597.6918608670148,607.3098788316348,1421907
2024-09-12,603.4332885742188,605.0036153180487,597.3975192423459,602.5990955460069,1707391
2024-09-13,600.04736328125,605.4942972171876,598.918692869389,604.5619251250203,1237013
2024-09-16,602.4027099609375,604.0711556775375,595.4345694938708,603.4823206725406,1186044
2024-09-17,599.311279296875,604.3656165073023,597.9863105878969,603.5804831437428,1165443
2024-09-18,593.8643188476562,603.3351590505024,587.8285496189175,599.5566708317433,1728906
2024-09-19,583.7555541992188,601.3722649235732,571.7330160591719,593.86428857334,2721915
2024-09-20,576.198486328125,591.5088557056175,574.726338882318,583.902760568948,5717560
2024-09-23,581.792724609375,582.7250967445342,573.2051968678766,578.455892628068,2106715
2024-09-24,592.5393676757812,595.4836626704436,576.100387288917,582.7741106297844,2301515
2024-09-25,588.4173583984375,595.1892610275297,586.0128387749577,588.9571338481567,2193166
2024-09-26,589.9385375976562,592.9319520350991,582.5778002632894,590.8218500385138,1948570
2024-09-27,599.311279296875,605.0526306636056,588.8590079451149,589.9385588322799,1893789
2024-09-30,601.764892578125,606.4266933217156,596.3670180329148,599.311313239393,1686660
2024-10-01,609.6654052734375,613.3948338830788,599.4584912768873,600.6362213383107,2317620
2024-10-03,594.2078247070312,612.118952929447,589.8404417354448,607.3099137199544,2181886
2024-10-04,588.1719970703125,601.5685635365397,585.5221195394082,597.5937771911014,1780533
2024-10-07,569.5247802734375,594.2568700838852,565.304636116132,591.2144558988552,3393703
2024-10-08,566.0897827148438,574.6773099401959,562.7038314284806,566.9730951901859,3035568
2024-10-09,566.8748779296875,573.7940187499195,564.5194779903557,568.297965754481,881946
2024-10-10,573.5487060546875,582.6269492260925,569.2303826394466,569.2303826394466,1378203
2024-10-11,572.2236938476562,578.3576414703732,568.0035498635934,574.7754519998058,568562
2024-10-14,567.905517578125,576.0023296792975,562.5567024521337,574.1375853558667,1308354
2024-10-15,563.4398803710938,570.0645439388343,558.5818416762174,569.132231802619,1611364
2024-10-16,558.2874145507812,565.6972720191662,553.5765542364223,562.3603801829993,1303677
2024-10-17,543.4187622070312,559.9068033308859,540.8670037617029,557.4532239999004,1577470
2024-10-18,544.93994140625,547.3935206111408,532.5248066687681,543.7131518038046,1402020
2024-10-21,535.3218994140625,552.889489809131,532.9664395199881,546.7064824644775,2757430
2024-10-22,520.5022583007812,537.3338352751572,518.1959178543981,534.8802561186495,2074618
2024-10-23,521.8762817382812,528.7463033126451,511.4240106679797,519.275463895824,1624355
2024-10-24,525.0659790039062,530.8073307014375,516.5275109163721,526.0474107403621,1554879
2024-10-25,512.25830078125,526.8815975408521,507.84185801929203,525.9492853236875,1390234
2024-10-28,521.9253540039062,531.1998953346897,510.3935317957166,510.3935317957166,1080853
2024-10-29,524.7224731445312,528.2065436379365,514.7609176038557,521.925356907584,1053752
2024-10-30,536.1070556640625,542.1428844620216,517.8524503609954,523.1030858928061,1751552
2024-10-31,543.36962890625,545.626909604245,531.9359268138184,536.1070111107902,1171233
2024-11-01,548.031494140625,551.5646243572672,543.3696934899186,543.3696934899186,163230
2024-11-04,542.3882446289062,549.5036243445386,529.7768115366491,544.7927043354786,1334874
2024-11-05,548.6693725585938,551.4173693014338,538.8550556899959,541.7502911465996,894138
2024-11-06,556.7171020507812,558.434607433926,544.0075502351432,548.7184101628307,1491608
2024-11-07,556.6190185546875,564.7648897712339,554.2144988836645,559.3179557584843,886267
2024-11-08,547.2462768554688,562.3112889757823,544.7436380699081,559.3669939570437,696687
2024-11-11,505.5845642089844,542.9280284131183,500.530166993317,542.8789688084864,9914435
2024-11-12,517.9506225585938,542.5354766987233,514.2702533788785,520.158844066423,9415040
2024-11-13,505.8299255371094,520.6495203458801,494.93599765286024,518.1959410794057,3436328
2024-11-14,516.0368041992188,522.9068264762387,499.990418984344,510.24639279254905,3741207
2024-11-18,505.4546813964844,510.06772173333275,484.50784821597335,497.5466807068418,3165283
2024-11-19,514.77490234375,523.0124235813262,500.70051593204954,501.87728756546346,2999770
2024-11-21,523.20068359375,532.5208095019624,505.40762337524177,512.1388520430979,10436903
2024-11-22,533.2269897460938,536.5690330695916,513.8805531575726,523.200739971925,3602576
2024-11-25,535.2510375976562,544.5241419948967,533.4152857979223,536.616140637666,6122956
2024-11-26,541.5049438476562,548.3749657904449,531.0526722168215,534.8802798313959,2645846
2024-11-27,538.0208129882812,544.007521764047,528.9916303233605,542.7316726694218,1703921
2024-11-28,536.7450561523438,546.8047317419652,534.8803118384092,538.0209054662689,1748362
2024-11-29,534.8802490234375,537.7264247679656,528.2555853887435,536.352396497814,1465623
2024-12-02,544.7435913085938,547.638826475524,530.5128332729395,536.7449598020656,1687736
2024-12-03,552.6441650390625,556.3736534119603,543.320563910492,545.676023945813,2073190
2024-12-04,557.4041137695312,562.0659140750133,553.0367309766602,555.2940117757901,2218877
2024-12-05,547.835205078125,559.1707296084686,541.7503163560766,558.3365365965544,2006983
2024-12-06,552.2025756835938,555.7357058794432,545.6760308502788,547.4916555533441,2970258
2024-12-09,545.0872192382812,551.8100027814183,541.7993869266697,549.4054830076941,2922928
2024-12-10,539.7384033203125,547.2463202726543,538.4134345156591,544.5473829580169,2949316
2024-12-11,541.7503051757812,556.1773633265908,540.8179330687525,541.7503051757812,5334736
2024-12-12,537.2847900390625,544.5473485954204,532.8683474392559,543.664096016561,1581082
2024-12-13,540.0327758789062,541.0142075479274,525.752957075015,537.284779186014,2242153
2024-12-16,537.7755126953125,541.2595832544798,532.6229962636062,539.5911373819408,1210467
2024-12-17,528.4028930664062,541.7503412821872,526.6853874554573,533.9970062777379,1637281
2024-12-18,522.3670043945312,533.7515877630158,521.4346323311679,528.7953698285074,1208566
2024-12-19,508.72509765625,515.7914178755337,507.7436659564005,514.2702107211345,1187222
2024-12-20,495.1322937011719,512.89618354815,492.1879985949211,510.34448508346753,2851827
2024-12-23,498.27288818359375,500.67737788824024,486.7901252645267,496.1627860589097,1178165
2024-12-24,495.1322937011719,502.9837473178406,492.38429691570525,497.58587295638085,949150
2024-12-26,490.3723449707031,497.6349335909678,486.6429164754349,493.75829633026615,1427526
2024-12-27,492.727783203125,510.00101742174917,488.16413169385015,488.7529967162222,1670587
2024-12-30,491.451904296875,498.91079091143445,487.77153556774215,492.67869387325266,2019209
2024-12-31,491.6972961425781,496.0646793162283,483.84584231195817,487.82062883334174,1217836
2025-01-01,491.2065734863281,492.5315122921094,487.9678608063463,489.19465045041807,588602
2025-01-02,499.9903869628906,502.394876635302,490.5686367390585,490.71584550252555,1552787
2025-01-03,519.7171630859375,523.3484724843873,499.0580370526225,499.0580370526225,2888197
2025-01-06,511.620361328125,525.5076446065576,506.5169042274727,515.2516707979261,2241869
2025-01-07,534.3404541015625,538.4624788597947,510.34443916433463,511.3258707781122,4787940
2025-01-08,529.5314331054688,533.3099808871408,521.7781590360454,531.101759681612,1559514
2025-01-09,535.3218994140625,544.3510824722365,529.6786674904329,531.8868886779401,2805890
2025-01-10,538.6587524414062,545.4306549794837,524.5752318246226,535.7635769131413,1992839
2025-01-13,523.7410278320312,538.805979809505,521.0911503771914,536.1070427521713,1770971
2025-01-14,531.7887573242188,532.8683681650423,521.4346645845417,525.0169143488946,1831287
2025-01-15,536.7450561523438,541.750334192297,533.0646870341895,534.7821926226615,901487
2025-01-16,536.1561279296875,542.6826727222033,535.1256366208264,536.7940824980401,813698
2025-01-17,541.4558715820312,547.2954020772253,533.408119799718,534.8802673244642,1461267
2025-01-20,542.58447265625,544.694574699152,535.2237351603155,541.4558621813078,812869
2025-01-21,534.1442260742188,549.5036568113653,533.4081522670425,546.6574807962147,1708101
2025-01-22,532.6229858398438,537.8245617744484,521.7290582277633,537.8245617744484,1191929
2025-01-23,547.4916381835938,549.3563823344764,531.9850296353594,532.426685871288,1477011
2025-01-24,541.7503051757812,550.0434151248724,539.7874417512313,549.5526992687348,1591661
2025-01-27,532.2794189453125,540.1799914641672,526.2436503803327,538.7569036246437,2486727
2025-01-28,528.648193359375,536.3524080132873,526.1454946777349,535.8616921779595,2048155
2025-01-29,542.829833984375,545.6269501915106,529.2860888871024,531.9359663826599,2181049
2025-01-30,556.4226684570312,567.5618933736423,544.3019520194388,545.6759802469805,2784958
2025-01-31,592.5393676757812,606.3284705870825,557.2078277398341,562.360343980493,8663742
2025-02-01,592.7847290039062,606.3284740769398,585.9637669133122,598.4770207126496,5961908
2025-02-03,618.54736328125,624.9757292929362,596.2688504734573,598.67337025238,12713558
2025-02-04,625.0738525390625,629.6374738485333,613.3947917435316,625.6626875784023,3541038
2025-02-05,633.465087890625,637.3908145985667,620.2648198548036,624.1905465627453,3372838
2025-02-06,632.778076171875,634.8390587407426,614.8178883942812,632.0420024113029,3885141
2025-02-07,629.441162109375,636.6547206475211,623.3072143227715,630.1281762418414,2340663
2025-02-10,623.1600341796875,631.0605469315115,620.0685005411402,629.3430415549483,1932363
2025-02-11,599.3603515625,624.975694988524,596.9067723108947,623.2091299077357,2525324
2025-02-12,608.9783935546875,612.7078221794893,583.4121087548788,599.3603745006703,2315031
2025-02-13,618.0565795898438,627.0367031190523,603.5804627991329,608.978336856686,3181044
2025-02-14,606.8682861328125,622.1295974519625,598.9187130825386,619.2834214749395,3746024
2025-02-17,620.4611206054688,621.9823277303988,598.5752061031726,606.7210770737519,1481549
2025-02-18,619.0870971679688,622.5711676820158,613.5911036727257,621.2462588631844,1409475
2025-02-19,637.9796752929688,639.5990615858339,609.4690959106867,618.154742640466,2762726
2025-02-20,635.2316284179688,641.807232380414,632.2873335006201,637.9796250271274,2142244
2025-02-21,634.348388671875,646.0274504763925,625.5646224167217,635.9677750227153,1366273
2025-02-24,633.2197265625,636.9000953313824,626.447824067022,631.796638658165,1293274
2025-02-25,635.4769897460938,645.095007880803,633.0234106351049,636.0658247719975,1581083
2025-02-27,631.6985473632812,636.3112285026233,622.4240056755353,635.9677513630853,2717730
2025-02-28,621.1972045898438,629.0977177702415,607.9969362849682,623.2091275883048,4676015
2025-03-03,605.2489624023438,622.3749581428275,599.9001474711088,616.4372482300265,3273667
2025-03-04,602.0101928710938,608.095021127071,595.7290064046116,595.7290064046116,1557537
2025-03-05,616.19189453125,618.4982950633488,602.7463276030917,603.5805206220774,2367281
2025-03-06,613.100341796875,627.3801598130353,611.1374785671119,623.1109562490333,1617185
2025-03-07,618.1547241210938,630.7661572406531,608.8802426000397,612.9531481601517,2073888
2025-03-10,604.0221557617188,625.1719970569839,600.488965677123,619.7250630661327,1428305
2025-03-11,603.6295166015625,607.35894484331,591.1653228262352,602.0592499424582,1564110
2025-03-12,596.7595825195312,608.6349430119873,588.8100090533309,606.4757811131914,1815285
2025-03-13,590.2821044921875,602.9916569132034,589.2516131935834,599.5566459832984,1476114
2025-03-17,614.5234985351562,616.2410040538103,590.2821229486427,590.2821229486427,2377362
2025-03-18,614.5234985351562,614.5234985351562,614.5234985351562,614.5234985351562,0
2025-03-19,634.29931640625,635.9677623310048,625.0738940666259,629.0977402070587,1533871
2025-03-20,634.8390502929688,639.3536719055038,632.1401132067854,636.9000927362462,1272076
2025-03-21,646.6162109375,658.8350468147826,633.661361233321,636.9491332609144,5231169
2025-03-24,646.2236938476562,656.3814876518647,645.1932025765074,655.547294694705,1878198
2025-03-25,640.8748779296875,651.5725070503505,636.0658388053157,651.5725070503505,988124
2025-03-26,640.2860107421875,644.6533335153531,632.0419612005776,639.8934141347462,1570129
2025-03-27,644.2117919921875,651.4252910281485,637.8815455453318,637.9306051499759,3398420
2025-03-28,624.4359130859375,648.1375123724488,612.4133748772102,644.4571435330424,4421109
2025-04-01,622.9638061523438,629.882888041017,609.7635370743009,609.7635370743009,1451347
2025-04-02,642.2979736328125,643.9172999603741,619.1361500914395,620.1667012747846,1932828
2025-04-03,639.1574096679688,641.5619293699281,624.2396354965022,630.8642996274178,2635192
2025-04-04,625.8590087890625,643.230361907134,619.4306431167768,637.4398909004977,2529542
2025-04-07,603.0407104492188,612.5114902624085,577.916023387924,583.9518522076111,2010970
2025-04-08,603.0897216796875,616.4371675559668,598.7713986540393,607.5061639051694,1696619
2025-04-09,602.8444213867188,604.3656285404977,590.036749689273,602.5990634618564,1911793
2025-04-11,626.9876098632812,633.5632141526739,608.5857657148891,610.4505098826608,2007695
2025-04-15,645.7820434570312,649.6096509580124,626.987602882008,636.949158364154,2242497
2025-04-16,647.4014892578125,653.0447219197669,642.396151303496,647.7449664156297,2228299
2025-04-17,644.0155029296875,652.6030304301547,638.6666881061718,647.401454324525,1595004
2025-04-21,658.6878662109375,660.4053715732825,641.561872188902,644.0645108793809,3468794
2025-04-22,660.2091064453125,668.5022161634957,653.7316213835497,660.945180209024,3727936
2025-04-23,667.2754516601562,669.3364343153479,649.7568594836735,659.5221170966478,2856974
2025-04-24,671.4955444335938,674.2435410630911,662.9080175277684,666.931863317193,2692652
2025-04-25,649.560546875,679.3470349198486,644.35897084384,671.0539250720461,3157081
2025-04-28,665.705078125,666.7846888841985,649.0697996293951,649.7077541644594,1423133
2025-04-29,657.1666259765625,674.1454418847622,654.3205100586165,667.3735393628461,1676069
2025-04-30,657.4611206054688,665.5579321405024,651.6215900028649,655.6944956218098,1402279
2025-05-02,667.226318359375,679.9358708752214,658.0990155150355,658.5406717611146,2331658
2025-05-05,673.7528686523438,676.1573883212739,669.3364259590654,674.2435845071524,1475543
2025-05-06,666.441162109375,678.6109387521101,662.4173162317055,675.1759279144485,1859488
2025-05-07,675.2250366210938,676.2064683603686,661.7794098126604,662.5645432237125,1328953
2025-05-08,644.3098754882812,676.5990005968663,633.9557836051273,669.4345016608303,2451225
2025-05-09,662.2210693359375,669.3364494807105,626.1534527400195,626.1534527400195,3184067
2025-05-12,664.2820434570312,686.4624365284317,649.7078062060451,673.2621677603429,8755697
2025-05-13,630.913330078125,665.4106775116227,626.2024700053125,664.3311266268366,8899680
2025-05-14,625.0738525390625,634.1520954568667,622.2276767446384,633.3178425989945,4545306
2025-05-15,632.6799926757812,635.673347490699,623.9452262632284,626.1043880631465,2336733
2025-05-16,632.23828125,636.4584253669002,626.8894667742599,634.0048462405821,1281048
2025-05-19,633.51416015625,642.6414629542763,631.7966546871975,633.1215635168746,1713111
2025-05-20,617.026123046875,635.91868331096,615.0632596428142,635.4770270646789,3503829
2025-05-21,626.5460205078125,629.1467785686679,612.0207834433342,617.0261210485813,2454859
2025-05-22,620.2158203125,627.0367831084523,616.1428544978535,627.0367831084523,1078155
2025-05-23,618.7926635742188,623.1109868525206,616.5844423322806,620.8536461059604,1018062
2025-05-26,620.3139038085938,624.3868693887013,618.2038615613471,620.2648442031858,771488
2025-05-27,618.6454467773438,624.0924406218662,615.35767455029,620.7555488884504,1156383
2025-05-28,619.0380249023438,626.7422395392845,617.8602949197843,619.7250390506563,937885
2025-05-29,619.2833862304688,623.209112926066,614.3762278609721,620.264817904368,1382432
2025-05-30,616.2410278320312,622.1786780166915,606.5248294194301,619.2834423360201,5123450
2025-06-02,624.5339965820312,625.6626669223107,609.2236870463126,616.2409471929196,1624690
2025-06-03,623.5526123046875,626.4969074314621,620.5592575728341,626.1534302940735,1764731
2025-06-04,630.6189575195312,634.3483861805134,621.7860717900174,623.6998756784468,1302307
2025-06-05,634.88818359375,637.4398820244915,630.0791443567721,634.7900044837452,1701494
2025-06-06,630.913330078125,637.7342922188252,629.0977054350296,636.9491588569957,580732
2025-06-09,627.2329711914062,639.4518077526594,624.7793919582966,637.9306006084988,1514278
2025-06-10,627.7236938476562,631.9929577006826,626.1534270821663,631.9929577006826,956125
2025-06-11,624.0433349609375,629.4903289263106,619.774130941317,629.0977322777263,976204
2025-06-12,620.6574096679688,630.0791297027905,619.2833813745495,624.0433009949036,1097714
2025-06-13,620.7555541992188,626.1043689786151,611.4810125948471,616.1428131995053,1518780
2025-06-16,631.796630859375,633.3178379513685,618.3019455400486,620.2157492566109,1187428
2025-06-17,634.1029663085938,641.2183457846077,630.569836322617,633.023415452277,2269496
2025-06-18,626.3988037109375,637.7343282489579,625.1720140444453,634.1030188557731,1066778
2025-06-19,619.234375,628.1163203622544,617.3205711060282,627.1348886116884,1272286
2025-06-20,621.7369995117188,625.5646072105691,614.7197386977728,616.7317216610734,4218765
2025-06-23,626.9876098632812,629.5393681929602,617.1242333801104,619.283395073889,834251
2025-06-24,632.483642578125,634.0048496642901,626.6441122455869,629.0976913851547,1131402
2025-06-25,638.6176147460938,642.1507448808818,631.8457121022739,635.9677371940844,1565175
2025-06-26,624.6812744140625,638.6176164756234,617.3695962995478,638.6176164756234,3968851
2025-06-27,632.92529296875,635.4279316876706,625.7117344238213,626.1533906452388,3212791
2025-06-30,648.9716796875,652.1613325555294,631.7475661805087,634.4955628249055,2075636
2025-07-01,658.5897216796875,662.4173292202958,646.910720543739,652.6520719528149,3182249
2025-07-02,660.1600952148438,663.4478676395995,652.8484166458439,658.589768462758,1348689
2025-07-03,671.4464721679688,674.9796020675675,657.6573098749295,660.1600084474642,3054421
2025-07-04,668.6494140625,684.0088443311331,666.0977155695269,671.2992916678724,2791223
2025-07-07,667.618896484375,676.6971394722184,663.791288993631,668.404029843497,960264
2025-07-08,660.7979736328125,671.2011859403199,656.1852325088505,667.8642940884735,820969
2025-07-09,652.40673828125,662.2701151233366,651.376246951809,656.1852264564797,630384
2025-07-10,649.3642578125,655.7435633668513,643.3284293657271,653.6334614150636,2206322
2025-07-11,646.5416259765625,652.186992443066,639.5097175121559,651.3946740942619,2145893
2025-07-14,653.1773681640625,655.4553059554512,640.5496025172213,647.7300967085624,1745640
2025-07-15,667.3402709960938,669.321097007035,655.603901061272,655.653409621543,1726609
2025-07-16,665.0128173828125,670.5095974134074,661.9920698389731,666.5479454345985,1928069
2025-07-17,686.0095825195312,690.7635527871839,664.1214191444877,666.5479430628765,5685069
2025-07-18,680.26513671875,691.2092485976225,677.789104248419,687.3466137639015,1515065
2025-07-21,706.9072875976562,710.6708449547585,675.9073723996636,681.4041525284589,8073738
2025-07-22,715.9200439453125,723.9424258635404,704.5798629630889,708.145325737847,4108448
2025-07-23,720.3768920898438,722.8034160996392,711.6117609677415,719.6340823184787,2827536
2025-07-24,719.5845336914062,723.496677026108,711.8098160306781,719.0398186460704,2189801
2025-07-25,715.2763061523438,722.011102702086,711.5622572701313,719.5845786757044,1507020
2025-07-28,722.8529052734375,728.7953832849751,713.245947514795,718.0494263941163,4881892
2025-07-29,719.08935546875,727.5078660730463,714.1372904073992,720.0302599204092,3504831
2025-07-30,714.9791870117188,721.5158887974832,710.0271218861354,720.0302692598082,1589570
2025-07-31,697.0526733398438,716.7124081119582,694.5766407829034,708.1453112849392,2497511
2025-08-01,658.7732543945312,707.0558898496288,651.6917770144445,697.2012680616111,6828070
2025-08-04,704.876953125,712.552653972297,665.6070529972111,667.0431639554176,12572025
2025-08-05,713.5430908203125,716.8609503431958,695.2699580382779,701.5095481357979,3136768
2025-08-06,698.5382690429688,714.9295919207116,697.448838935087,713.0973520710891,1691312
2025-08-07,698.6868896484375,703.9855752209834,681.6022647453501,693.2891265020968,1933447
2025-08-08,682.14697265625,698.1916757909443,679.3243197080228,697.3002798862336,1164817
2025-08-11,687.0494995117188,689.9216608970717,671.6485896910857,682.3450378348366,1129449
2025-08-12,682.0479736328125,689.3274853977393,679.472863423099,687.049547464158,1449415
2025-08-13,679.5718994140625,686.5047903659512,674.372231200146,679.5223304043967,1062727
2025-08-14,677.1948852539062,687.2476013320129,674.4712495179673,677.6405831916077,1066750
2025-08-18,684.3258666992188,693.9823933399884,679.8690082496327,683.5335483981835,1319724
2025-08-19,700.5191040039062,702.6485161375404,686.3562101697706,690.8130686773665,2030825
2025-08-20,706.6101684570312,723.2986033628549,695.2699274926823,701.7076120065035,3114706
2025-08-21,705.6197509765625,711.6612460711848,703.3913217359215,710.175626577424,2041917
2025-08-22,709.5814208984375,715.9695969731068,701.1629102209699,706.0654667643214,1635644
2025-08-25,715.8704833984375,733.8960115618895,706.6596548575009,710.324194940457,4678348
2025-08-26,716.1676025390625,722.8033816032283,705.5702320000338,718.2970146286866,3299511
2025-08-28,709.8290405273438,729.4392067030857,706.6101981352392,729.4392067030857,3935173
2025-08-29,708.8881225585938,715.2762986590791,695.8641671014028,706.2139953014122,2472182
2025-09-01,720.97119140625,723.6453187296536,704.9759964783116,708.8386315510072,1785815
2025-09-02,703.8370361328125,724.9823299084709,702.8466231138118,724.5366319599179,3003994
2025-09-03,708.739501953125,723.0014729977423,705.9663577083413,711.1165172772314,2196910
2025-09-04,688.7332153320312,716.2171757209711,685.3657869962648,713.0973506319517,2075117
2025-09-05,682.2459716796875,694.1804967038612,677.6405874942292,690.8130683198599,1054221
2025-09-08,699.0335083007812,701.2124290686811,684.3754074667495,684.3754074667495,1677209
2025-09-09,697.250732421875,709.0861795295496,691.308254588734,703.1437016964086,2826300
2025-09-10,690.2683715820312,701.4600267023877,684.0287815990018,698.6373737541169,1965357
2025-09-11,694.92333984375,697.0526916285788,686.405751354389,690.2683864245663,1913878
2025-09-12,686.4552612304688,699.1325966388926,681.4041788521233,697.547899487832,1539148
2025-09-15,686.950439453125,692.694883270275,681.3051336569806,688.8322483518483,1791929
2025-09-16,695.9632568359375,698.2411947429683,679.7699673261449,686.2572211124921,3099583
2025-09-17,697.89453125,703.1932165184089,691.456846873423,699.2315645943615,2209645
2025-09-18,692.2492065429688,706.5606870639687,686.6533486857911,697.8450039501319,3106450
2025-09-19,684.4744262695312,698.0926055397977,682.0974712487298,690.4169044965566,7803326
2025-09-22,676.2539672851562,687.0494928933814,672.8370304311759,687.0494928933814,2102153
2025-09-23,670.7077026367188,678.2843258951847,663.5767168728586,673.4808469754386,2559504
2025-09-24,669.6677856445312,673.4808515800897,663.1805320229771,669.2715962577141,2138799
2025-09-25,662.685302734375,672.044717513573,661.0511575824586,669.5191764969668,1246931
2025-09-26,641.7876586914062,661.794014462839,638.8164195307979,660.6055067085925,1970948
2025-09-29,647.92822265625,648.621523874037,637.083187781624,641.7876497201592,2520967
2025-09-30,649.5128173828125,654.662976946524,643.9170203400384,653.8706586559555,2037016
2025-10-01,655.1087036132812,655.9505304995618,645.0559872888034,649.5128458750228,1196873
2025-10-03,667.5383911132812,673.4808693724499,658.278053339416,661.2988010311572,3592605
2025-10-06,674.81787109375,675.4616637215832,662.3386915158487,669.519185741628,881397
2025-10-07,673.332275390625,678.8291160763214,672.5399570553038,675.4616875886888,994752
2025-10-08,668.3306884765625,680.0671189399814,665.1118461872303,673.332262097676,1714962
2025-10-09,668.5783081054688,671.004832134556,660.5064781291355,666.5479734709317,1011011
2025-10-10,674.7683715820312,677.0463094148904,664.7652243616437,670.4105906083036,960905
2025-10-13,667.3402709960938,674.4217481652136,660.6054746488961,660.6054746488961,1031190
2025-10-14,663.5272216796875,674.916971527111,659.6150781203522,667.3402876659932,1458278
2025-10-15,671.1533813476562,672.1933028886228,661.9920612653117,666.4489196837495,1722151
2025-10-16,673.8770141601562,679.4233026548857,668.2316480976572,671.4999988338374,1284794
2025-10-17,667.6869506835938,677.1453827797653,665.458521425071,674.4217470193487,882467
2025-10-20,674.273193359375,678.4329402656051,670.509635853744,670.6086529788862,1330873
2025-10-21,674.4217529296875,677.4920090883313,671.500022452906,674.4712614903083,86005
2025-10-23,669.1725463867188,683.1868536218188,667.6373579254445,677.6900737363198,1551907
2025-10-24,665.6070556640625,672.0447402714599,663.42813493771,671.5000252023751,587809
2025-10-27,673.332275390625,675.1645757691952,666.2508584843005,666.5479703037942,1365682
2025-10-28,695.8641357421875,702.2028029957786,669.0239681574731,675.4616525290846,4557745
2025-10-29,713.1468505859375,714.8800732922535,701.4104810117443,701.4104810117443,3405916
2025-10-30,714.4343872070312,719.5350382930361,705.4711617243536,714.9295937027593,3573819
2025-10-31,713.1964111328125,722.4073008320959,706.907312462886,713.0973940080952,3852202
2025-11-03,723.595703125,727.953544441799,712.4040484773255,713.1963667758314,2805423
2025-11-04,724.3385009765625,729.5381690658112,719.6836083804816,721.0206417091414,1916707
2025-11-06,726.3193359375,740.2346866901603,706.5606453129255,723.0014766288651,9280167
2025-11-07,740.7794189453125,746.5733108427238,713.8401731278357,718.0494283977536,5598140
2025-11-10,743.4535522460938,751.723476723055,739.5414087554902,742.8592681683997,2547152
2025-11-11,745.13720703125,748.2075236451867,735.282645900263,743.4535532671705,1645749
2025-11-12,753.30810546875,760.4390911762532,745.2362757689476,747.1180242035584,4193619
2025-11-13,750.8816528320312,758.1611643251676,745.781001615743,753.3081163630679,1752051
2025-11-14,751.3272705078125,759.0029711851531,746.8704120500018,747.7618079215687,2148563
2025-11-17,765.787353515625,767.5205762878635,750.7330636324648,751.3272872600843,3590666
2025-11-18,752.3672485351562,768.5604766663565,749.8416470623905,766.579650695567,1862425
2025-11-19,745.4343872070312,754.6947248078039,743.4039921464218,752.7138987584397,2359649
2025-11-20,746.2761840820312,753.010980288987,743.7506430606743,750.7330425138416,2794809
2025-11-21,743.651611328125,748.0094529100564,739.8385452814462,747.7618496485834,2033481
2025-11-24,735.5797729492188,748.3065562648923,723.9919283534224,744.7906020817697,5530635
2025-11-25,742.5126342773438,746.7713980648998,728.7458694698827,733.9455376924831,1677991
2025-11-26,753.30810546875,756.0317412254343,739.4423234347208,742.9583379533595,1482487
2025-11-27,751.3768310546875,761.8256758980906,749.2969275277945,756.6755163148459,1201547
2025-11-28,751.3768310546875,758.8049284007102,748.0094027444861,749.7426254585581,1546792
2025-12-01,743.651611328125,755.5861368911376,740.8784668896299,753.7043279239364,1611007
2025-12-02,739.5909423828125,750.6340720299338,737.1149097668674,746.7714369690534,1519168
2025-12-03,735.8768920898438,747.8608657487167,729.934413822631,741.5717670959226,6025366
2025-12-04,749.1979370117188,751.6739695483097,738.1052991577883,740.8289349480384,2855120
2025-12-05,751.822509765625,753.7538272715071,743.8496969336645,752.6643971143502,1936558
2025-12-08,732.7570190429688,754.0013895531004,726.0717314282426,752.6148476511638,1584321
2025-12-09,732.6085205078125,734.5398379802874,722.6053127696149,732.9056323228056,2172777
2025-12-10,729.8353881835938,745.0382040598441,726.7650715113446,735.8768835047713,1346660
2025-12-11,738.6995239257812,741.2746340378151,725.527042900805,729.7858067803069,2062566
2025-12-12,741.175537109375,743.7011385946437,734.3417237463269,741.6212350450113,4075773
2025-12-15,758.3097534179688,762.17232792838,735.8768743209126,743.8001784858754,1840513
2025-12-16,742.7107543945312,758.5573628535691,739.9375495541885,758.5573628535691,1218572
2025-12-17,739.1452026367188,745.5828870742421,733.8465173181465,744.4934569648198,1655654
2025-12-18,737.2634887695312,740.9279686456579,729.4392015988522,735.8768863380137,748699
2025-12-19,744.3449096679688,746.5733390125971,733.1532543827271,740.2347318134409,6064263
2025-12-22,769.105224609375,771.5317486173657,744.8896139908811,745.8305184572465,3673981
2025-12-23,773.5125732421875,778.7617501895517,767.0748885737186,772.4231430936828,3043436
2025-12-24,765.2921752929688,777.4742437094966,764.5988740684477,775.4934176108737,3570117
2025-12-26,766.629150390625,773.2154208473506,762.8160846209485,767.570054805873,1476893
2025-12-29,763.5588989257812,775.4933632432907,760.1419620552051,766.9758357963573,1364589
2025-12-30,779.8016357421875,785.0508728969987,761.5285646184033,762.6179947165655,8329037
2025-12-31,787.5269165039062,793.3208083398669,778.514121986842,785.6946161946622,3039998
2026-01-01,797.6290893554688,798.7680884911648,778.5636390102053,789.6562767556338,2644289
2026-01-02,796.9358520507812,804.4134581804076,789.6562801629892,799.2137898819901,4562526
2026-01-05,797.3814697265625,803.6706284488196,790.4485788343181,802.2345175311381,2068765
2026-01-06,791.6370849609375,799.5603888223256,789.9038622412588,797.3814681704416,1710964
2026-01-07,795.2521362304688,801.4422175255405,790.2009936236825,793.3208187764038,3691946
2026-01-08,786.8831176757812,803.0268372637088,780.9406397575249,798.768073512294,2238370
2026-01-09,764.3017578125,790.1020055074796,760.9343292843581,781.4358913762475,2293012
2026-01-12,766.4310913085938,786.0908260246168,755.4870395281448,777.4742206610458,2279267
2026-01-13,766.0349731445312,773.0173729433828,757.3688590980809,770.2442285385215,2207561
2026-01-14,772.9183349609375,776.4837976066774,754.1004878250615,766.5796675351637,2672389
2026-01-15,772.9183349609375,772.9183349609375,772.9183349609375,772.9183349609375,0
2026-01-16,782.5748901367188,789.3096867393763,771.5812690889848,778.6627465267145,3461231
2026-01-19,779.6036376953125,792.3799294623334,775.59241657949,782.5748767736914,2156885
2026-01-20,716.5142822265625,789.1115415457937,701.6580875316307,784.4070798923985,6196941
2026-01-21,685.0686645507812,723.9918822449466,665.0623104343115,708.4423865007097,7967753
2026-01-22,693.7843017578125,703.6884316901153,681.8498372793899,692.3481908276262,3505671
2026-01-23,695.8146362304688,704.6788446089463,690.9616488341599,694.2795081811263,3808963
2026-01-27,709.680419921875,718.8417401313648,693.289096934358,695.8641465429665,3625276
2026-01-28,708.2443237304688,715.920024606299,700.8162261086976,713.1963888116495,1299211
2026-01-29,709.086181640625,713.4439624612293,694.8737191773768,712.0079120072866,2742480
2026-01-30,697.2012329101562,710.2746964027099,693.1405034014782,710.2251273934487,4668042
2026-02-02,691.8529663085938,700.3209850901227,658.674131899671,662.8338784528813,5879658
2026-02-03,732.70751953125,745.9295692469772,719.881659192403,734.8864402040676,7513174
2026-02-04,751.4263916015625,757.0221890527084,729.6868131081343,732.9056555141084,4830902
2026-02-05,740.4822998046875,754.6947021012616,728.4487577368476,754.6947021012616,1548274
2026-02-06,734.1931762695312,749.4950698652065,729.8849037149305,736.8673035741177,2249941
2026-02-09,736.9168090820312,741.9183828356125,727.1612648344521,740.6308579757819,1489737
2026-02-10,738.8480834960938,748.9503079877851,733.0541917398352,742.6116407322111,1977229
2026-02-11,741.8193359375,749.9407346158703,735.9263665059381,739.7890013804105,1142581
2026-02-12,737.7586669921875,743.7011449850363,731.6180943095745,743.7011449850363,1117676
2026-02-13,717.3561401367188,735.8273671871209,714.0382806912105,733.0542228140077,1332082
2026-02-16,726.7650756835938,729.5877891138025,709.5319250808026,712.2555609371359,685996
2026-02-17,734.0446166992188,734.8369350065925,721.5653766705364,723.9919006025034,472779
2026-02-18,740.4822998046875,749.7426371268439,732.6580129651027,735.8273466387325,2240635
2026-02-19,757.7154541015625,764.4998194264189,740.4823041592526,740.4823041592526,2242488
2026-02-20,745.13720703125,763.5094168041252,737.4615061714278,752.8129078910722,2400204
2026-02-23,638.6182861328125,707.8976871196602,619.5528360075191,707.8976871196602,22336295
2026-02-24,624.5048828125,647.3834585674759,621.3355492354026,638.8163622426672,7889253
2026-02-25,620.1966552734375,628.9122779008001,614.5512888778684,628.9122779008001,5081011
2026-02-26,634.3099975585938,635.5480137688143,616.0368662057366,620.8403449213881,4874080
2026-02-27,631.289306640625,637.0831988434154,625.4458454249776,634.4090714998139,4377806
2026-03-02,616.8787231445312,631.8835045244509,611.3324344321588,616.2844995146389,2404381
2026-03-04,608.2125854492188,615.0464591756188,595.2381996208485,615.0464591756188,3558558
2026-03-05,623.5640258789062,625.5448519591442,610.1439412752969,615.0960064758918,2530219
2026-03-06,622.3259887695312,628.9122594460978,620.1966370744851,623.2668932161854,3095128
2026-03-09,619.0081176757812,621.3851330276609,600.4378741455079,604.1519228515625,4705618
2026-03-10,624.25732421875,627.4761665842957,616.8787350138808,623.9602123980872,1476957
2026-03-11,619.8499755859375,630.1998039219325,618.0177356458395,625.6439281276259,1418800
2026-03-12,623.019287109375,627.6742403109538,611.0353139595771,617.5225070357076,1299556
2026-03-13,603.5577392578125,622.0784150066859,597.2190715325193,621.9793978812969,1954960
2026-03-16,602.9634399414062,615.4921889377675,596.0305487386798,604.1519476661622,2470861
2026-03-17,609.94580078125,612.4714022039376,603.4586079455457,606.1327350430909,1500040
2026-03-18,625.44580078125,627.921833246734,605.3404292515226,612.0752254676366,1491586
2026-03-19,605.9346923828125,622.8212228087648,601.1807218290276,615.3436163653096,2849379
2026-03-20,619.5528564453125,629.2093834506986,608.9059164137328,613.461852604231,4640376
2026-03-23,596.6248168945312,612.0752355537471,593.5049917566067,609.1039965462046,1690435
2026-03-24,614.5017700195312,619.6023607997885,602.6168137859034,609.1040069734227,2609729
2026-03-25,619.2557373046875,626.7828520347432,615.4426713789381,619.008134051067,1449608
2026-03-27,590.1375732421875,624.8515979211508,587.5625235725702,610.5896262663118,4252300
2026-03-30,562.5050659179688,586.7206754480516,559.7319216549147,586.0768828289448,5317081
2026-04-01,588.800537109375,596.0800485858102,567.5066572980182,567.5066572980182,2182769
2026-04-02,587.31494140625,589.2462589528167,568.4475848052091,581.3724630783621,1403119
2026-04-06,601.9235229492188,603.8053318986257,579.5897210655403,587.6120424814023,1075781
2026-04-07,601.7254028320312,604.8947365050317,594.3468139316113,601.6758942722993,1533818
2026-04-08,634.1119384765625,637.3307808038547,616.7302019991873,619.0081398638837,3241939
2026-04-09,635.8451538085938,643.2732513998156,631.9330103205476,638.8163928450825,2904575
2026-04-10,638.6677856445312,647.4824853420023,634.3595133637514,637.7269416740239,2162418
2026-04-13,637.578369140625,640.202987772238,609.1039953731796,623.4649838819781,1737923
2026-04-15,653.4744873046875,655.2077100599781,642.3323410206768,647.7301039771556,2544691
2026-04-16,653.6231079101562,659.4170001034327,642.5799781639788,656.0991405483112,1666120
2026-04-17,658.3275146484375,665.260405453175,651.4441324023031,652.6821486174348,1023994
2026-04-20,650.354736328125,664.2205186628142,647.3834972564059,658.3275490805686,1301749
2026-04-21,648.0272216796875,658.4760668665766,646.7396968540542,653.3259675640431,1144716
2026-04-22,647.58154296875,651.0975576258912,642.7780638977481,644.5607952823459,1709380
2026-04-23,635.8946533203125,650.2556417923156,632.3291907072683,647.234894238207,2471569
2026-04-24,625.3468017578125,638.964980712033,623.9106907962739,637.4297921790013,1793446
2026-04-27,633.369140625,637.5783960552678,626.4362493280884,628.8132648098925,1137864
2026-04-28,639.3115844726562,645.6502517829862,628.8627395275129,630.6949793773679,2114630
2026-04-29,637.9249877929688,644.7588616587577,635.3994467382249,641.6886055451494,1669659
2026-04-30,635.6965942382812,639.8068325905019,623.7621290330591,637.925023608759,2123914
2026-05-01,635.6965942382812,635.6965942382812,635.6965942382812,635.6965942382812,0
2026-05-04,637.1821899414062,649.7109387792741,632.8739174999331,639.7077914933179,1985598
2026-05-05,635.8946533203125,642.6790186270936,632.7253196364887,641.7876227488265,1359665
2026-05-06,653.672607421875,656.7428636706688,636.1422844964673,638.8164117986506,1770864
2026-05-07,644.2141723632812,657.6342569320576,642.9266475044715,657.6342569320576,2407109
2026-05-08,639.8068237304688,648.0272398710584,637.3307911308926,647.3835076651775,1751781
2026-05-11,662.5863037109375,676.055896467358,627.9713569203411,637.825978460155,7880947
2026-05-12,620.1471557617188,664.7157430350192,616.2845206846932,664.3690621973288,5371994
2026-05-13,624.0592041015625,630.3978714509087,618.3148208193493,620.9889479964176,2501012
2026-05-14,632.2796630859375,635.1023158653348,623.8611528561436,628.9122348140158,1486427
2026-05-15,626.1885986328125,634.508091738899,623.8115833310706,630.6949655444384,1535195
2026-05-18,631.7349243164062,633.8643365018477,612.3723617523291,621.484173679546,1850656
2026-05-19,627.2285766601562,640.0544378332394,625.9905603393956,634.260545632086,1844391
2026-05-20,628.2684936523438,631.388318937689,618.2653460342782,623.8612039429086,1549873
2026-05-21,622.9697875976562,633.6662360896165,619.1567216627951,633.6662360896165,1405142
2026-05-22,625.9410400390625,629.4074856721902,619.0576573347059,625.9905486009615,2217195
2026-05-25,646.04638671875,648.2748159649859,630.7444938045943,630.7940628145203,1467073
2026-05-26,648.7205200195312,655.2572216901046,646.1454703796114,647.7301070118679,1770548
2026-05-27,649.8594970703125,653.3754510380115,647.4824817527075,651.5927197748131,896366
2026-05-28,649.8594970703125,649.8594970703125,649.8594970703125,649.8594970703125,0
2026-05-29,638.6182861328125,654.5639715985195,632.3786963636279,649.9585269986387,6468953
2026-06-01,639.06396484375,649.3147148383028,637.8259486390934,641.0447907712006,1051878
2026-06-02,635.49853515625,639.0144892689524,633.8643295017481,635.2013628917856,2047381
2026-06-03,639.8563232421875,641.7876407325429,628.4170648839482,635.1518613695338,2055293
2026-06-04,633.0225219726562,640.3020336743306,630.2493170862899,636.5879847551059,1291962
2026-06-05,631.3388061523438,637.8755080540876,623.960216894305,636.8355864492668,2556112
2026-06-08,618.9586181640625,628.1694469997161,615.145491833434,623.9601917379915,1901848
2026-06-09,622.3755493164062,624.6039785518565,616.0368819777876,619.5033274551546,1324061
2026-06-10,605.142333984375,630.1007533025381,600.2397776174126,625.643894868938,2242695
2026-06-11,588.0577392578125,603.557727428361,586.5721197060033,600.190298930921,1253041
2026-06-12,604.2509765625,609.1040246789727,592.3165114209883,593.0098126447722,1385523
2026-06-15,610.6886596679688,621.9793925665393,609.2030400997365,613.0161665948748,1326328
2026-06-16,609.4506225585938,618.9091151801684,607.2221932823089,608.0640806122465,982601
2026-06-17,608.509765625,612.8180379542495,602.4187015526016,612.8180379542495,1441041
2026-06-18,604.9442749023438,611.7781490827543,602.8644316909222,610.0944348187387,881306
2026-06-19,602.8148803710938,605.8356278496168,597.2190228920184,604.9442319936543,4384034
2026-06-22,599.695068359375,608.9058971211351,596.7733379346738,606.0337357061841,1107992
2026-06-23,591.0784912109375,608.8069088378047,588.552950044544,599.199890243078,1765065
2026-06-24,593.5050048828125,596.42673539485,581.3724453336854,592.2174800410712,1338785
2026-06-25,584.8388671875,601.1806814272862,583.3532477111557,599.1008383404088,1617776
2026-06-26,584.8388671875,584.8388671875,584.8388671875,584.8388671875,0
2026-06-29,562.9508056640625,587.9091663353628,558.691981159818,584.8389100392949,13423996
2026-06-30,565.7239379882812,574.2909744756607,559.4347789426178,568.4970823977798,3979387
2026-07-01,559.6328735351562,570.0322104063432,557.7511250379978,569.487495326903,1598382
2026-07-02,583.1056518554688,584.3436681014464,562.0593756738489,562.0593756738489,1686853
2026-07-03,601.576904296875,607.024176013442,587.0178205280477,587.2654237878916,3200516
2026-07-06,602.8148803710938,608.2621517241719,599.744563883898,601.5768641544851,1694807
2026-07-07,595.0896606445312,608.2622026521535,592.6631970168262,604.1519642888705,1635338
2026-07-08,576.1232299804688,593.4554567521435,569.9826575485021,591.2765361537024,3889043
2026-07-09,576.2717895507812,582.3628537831099,573.4491366333684,574.4395496500064,4537195
2026-07-10,589.0481567382812,594.0497305104528,579.3916295786373,579.3916295786373,872284
2026-07-13,586.076904296875,586.8197140615099,580.58012412858,584.3436815127271,711085
2026-07-14,587.4635009765625,589.0976461728185,578.3516891958774,586.0273900222676,1068690
2026-07-15,591.5736694335938,602.1711005631114,578.450697258493,591.276557625292,2709031
2026-07-16,619.8499755859375,622.9698008353093,591.2765836227022,591.425169758392,5435872
2026-07-17,616.5999755859375,625.0499877929688,609.7999877929688,625.0499877929688,1757526
2026-07-20,606.0499877929688,613.8499755859375,605.0,613.5,1748870
2026-07-21,618.1500244140625,621.9500122070312,605.9000244140625,609.0,2611970
2026-07-22,608.8499755859375,620.5499877929688,606.6500244140625,618.1500244140625,725603
2026-07-23,607.0,614.1500244140625,603.9500122070312,606.0,627797
2026-07-24,602.4500122070312,604.9000244140625,594.9500122070312,603.0999755859375,622872
2026-07-27,608.5,610.9500122070312,603.25,605.4500122070312,1543100
2026-07-28,599.6500244140625,610.4500122070312,596.75,607.0,2262031
2026-07-29,609.1500244140625,611.5999755859375,602.2000122070312,602.2000122070312,1140985
2026-07-30,602.5499877929688,610.0,600.3499755859375,609.9500122070312,770756
2026-07-31,604.2999877929688,607.5999755859375,599.0499877929688,607.5999755859375,1386415
2026-08-03,620.0,622.5999755859375,598.0,606.4500122070312,2234338
2026-08-04,581.9000244140625,619.6500244140625,580.2000122070312,618.75,7448365
