Date,Close,High,Low,Open,Volume
2021-08-25,938.1760864257812,954.7373194138028,933.0953459136607,946.7253893333672,1684223
2021-08-26,935.4402465820312,951.4152045971827,933.0952712609082,942.8659023735879,1303680
2021-08-27,962.7490844726562,967.7321419744492,935.0493699382816,935.4402190253548,3120205
2021-08-30,963.7261962890625,975.0601644001475,958.6943569409316,958.6943569409316,821765
2021-08-31,973.00830078125,978.8706796011647,964.4589983355412,965.8757518107275,1194523
2021-09-01,1021.8126831054688,1024.939237456278,980.9713960020049,985.8567117191463,4136191
2021-09-02,1060.4554443359375,1072.8153167850367,1022.252299805414,1025.9162865430678,3411153
2021-09-03,1063.9727783203125,1071.8381837120453,1057.1333368563342,1061.0904899829363,1442027
2021-09-06,1097.4371337890625,1111.5557659572735,1064.6078402479243,1064.6078402479243,3228416
2021-09-07,1160.018310546875,1180.5855390821714,1100.1731881876447,1100.9059856042884,8872964
2021-09-08,1178.92431640625,1189.9651771800002,1150.9803355102506,1167.2484600317714,4224233
2021-09-09,1185.275146484375,1191.0398422575008,1168.5673924035857,1173.5503900388542,2068928
2021-09-13,1185.2265625,1192.0171040320183,1172.9154707633413,1178.5824850316576,1098804
2021-09-14,1199.5892333984375,1205.695877836426,1185.4218183023045,1190.6979829508064,2076578
2021-09-15,1213.658935546875,1219.5213140600633,1199.8823698949618,1200.3220005752926,1946221
2021-09-16,1219.374755859375,1223.8204406982718,1205.1584399639128,1219.9609698686893,1276950
2021-09-17,1225.3837890625,1230.1225215463855,1206.3310573943868,1228.5103434742332,1342750
2021-09-20,1193.091796875,1223.2341714072036,1188.6462310739498,1221.3289459596685,1405843
2021-09-21,1196.8045654296875,1207.601040674873,1183.8584798913766,1200.810500119539,836075
2021-09-22,1210.1904296875,1216.4436578873479,1196.9023943068282,1196.9023943068282,861920
2021-09-23,1219.9609375,1235.984795861693,1212.5841828102564,1216.443534267042,625566
2021-09-24,1200.56640625,1227.973076701043,1195.192558653357,1220.5962018374873,1267241
2021-09-27,1190.25830078125,1211.558325502275,1176.9214839853923,1211.558325502275,739560
2021-09-28,1181.2203369140625,1195.3389696722047,1162.2654089946961,1192.0169314190894,664613
2021-09-29,1177.5565185546875,1195.6810885862633,1170.033179638039,1179.315280019301,696580
2021-09-30,1190.1116943359375,1214.294004794488,1179.0219333153998,1179.1197350365962,1757392
2021-10-01,1187.375732421875,1192.6029952729687,1172.426621799875,1189.8183897607391,765614
2021-10-04,1199.1005859375,1204.7186982773987,1178.973111669506,1187.3758297498855,526778
2021-10-05,1221.5731201171875,1227.6797643889192,1187.1316464246213,1196.902277259392,1207112
2021-10-06,1201.68994140625,1240.3816166619076,1195.5343961124504,1227.972962887904,1637172
2021-10-07,1253.5718994140625,1261.3884038531214,1201.0058593532347,1202.76462056018,2199106
2021-10-08,1252.008544921875,1267.64155283282,1237.1083342567558,1263.83098330045,1849583
2021-10-11,1273.748291015625,1288.8927685525437,1245.5111445281948,1252.594851763205,987429
2021-10-12,1268.56982421875,1284.2028334760114,1263.3425606024323,1270.1820021524843,556746
2021-10-13,1280.83203125,1294.4620136762321,1270.865916148637,1270.865916148637,546360
2021-10-14,1294.510986328125,1299.8848336325307,1279.9527215948358,1293.485022316395,698768
2021-10-18,1307.017333984375,1316.104069028816,1287.4272893001234,1305.1610094072653,1040171
2021-10-19,1275.555908203125,1325.7769766237625,1262.8540875929064,1316.1040278434389,761312
2021-10-20,1218.9840087890625,1272.0385875749132,1215.0269744421983,1270.1821436647062,1278748
2021-10-21,1164.7081298828125,1211.3628934613869,1134.5656374738435,1205.8912446201457,3270210
2021-10-22,1150.0521240234375,1172.4756735723515,1126.30944392544,1157.9663109659723,1383292
2021-10-25,1161.777099609375,1170.4240854767718,1120.1541099404951,1151.0781855103792,1198644
2021-10-26,1165.8316650390625,1175.113764662846,1146.876735960498,1171.498678833322,693503
2021-10-27,1153.6673583984375,1175.0650660542772,1150.0033714460817,1167.8836754817416,477583
2021-10-28,1128.801025390625,1162.2654359208982,1124.5996064334106,1150.9803096251587,536155
2021-10-29,1176.92138671875,1194.801569611615,1116.9784710390154,1128.8010297835694,2516853
2021-11-01,1216.83447265625,1220.3518761473497,1172.6711466489633,1173.4528448782762,1590433
2021-11-02,1193.091796875,1225.3837819143355,1183.223482845727,1220.8404143812847,542396
2021-11-03,1182.63720703125,1195.5343923187438,1170.5216006661021,1193.189417010909,461077
2021-11-04,1192.06591796875,1198.856459005568,1184.2005120739595,1184.7867260971436,50958
2021-11-08,1211.4605712890625,1215.4665061772066,1189.8675004594477,1195.9252440200169,790144
2021-11-09,1223.3319091796875,1240.5769775786894,1213.5612781228485,1214.2940754521114,1989568
2021-11-10,1218.9840087890625,1231.0996161673306,1209.2133769147185,1222.8922615388,312238
2021-11-11,1220.2542724609375,1236.9620295750487,1207.161601532364,1222.306081357335,579476
2021-11-12,1235.3497314453125,1245.657795065529,1224.7975213155896,1226.7027466907007,569624
2021-11-15,1237.93896484375,1252.5949115467147,1235.3009421453762,1246.7325328655288,591556
2021-11-16,1203.39990234375,1241.8473150329787,1200.810661035036,1241.8473150329787,1089946
2021-11-17,1207.112548828125,1214.6847877881446,1192.9940348624407,1203.3997806422244,751036
2021-11-18,1206.8682861328125,1232.9559423077078,1196.90229028108,1204.718795033936,1489052
2021-11-22,1158.210693359375,1212.8773294362823,1146.0950863250462,1205.7936215284763,758527
2021-11-23,1178.63134765625,1185.372988101354,1144.043287643533,1154.8886649578376,479994
2021-11-24,1172.0848388671875,1188.450645344831,1157.331210314555,1179.7059785470242,227763
2021-11-25,1173.7947998046875,1178.2404848771873,1157.8198410418618,1165.1478147193418,281801
2021-11-26,1137.5946044921875,1170.1307338583254,1132.3672215393292,1162.7050782212439,1002955
2021-11-29,1150.0032958984375,1162.705116498845,1105.302658016234,1132.4161596824886,745724
2021-11-30,1173.452880859375,1213.7078362248224,1142.2845415186873,1150.0033645058154,1468977
2021-12-01,1194.606201171875,1198.221286867451,1170.5215723442682,1174.4298246726296,699953
2021-12-02,1202.178466796875,1211.0208163242266,1190.600292870662,1202.7646808050886,768558
2021-12-03,1218.0069580078125,1226.165411851907,1200.9572529215836,1203.7418591800529,584599
2021-12-06,1198.172607421875,1224.8952611411203,1195.4856837170616,1221.3289567333775,571239
2021-12-07,1225.6768798828125,1231.0507274668137,1190.7468705868043,1201.787732422098,1350166
2021-12-08,1224.3577880859375,1242.8243051533818,1217.8602943975252,1229.8782186413673,779432
2021-12-09,1222.061767578125,1236.4734494264378,1213.7078297138214,1224.260159724478,302045
2021-12-10,1222.061767578125,1233.2003116403941,1215.955122727145,1221.3289701960075,454867
2021-12-13,1205.1585693359375,1228.1684556523867,1202.4716455069447,1214.001039099515,495195
2021-12-14,1202.6181640625,1209.4088245722348,1191.2353544187386,1203.4486438926447,328231
2021-12-15,1183.956298828125,1208.9203105842007,1178.3381855883795,1205.5982719448784,381061
2021-12-16,1189.867431640625,1199.3448955305507,1180.7806975549252,1192.0169226454354,270117
2021-12-17,1170.7659912109375,1191.8705326897627,1147.560739976838,1190.0629896056098,709756
2021-12-20,1137.8389892578125,1164.6593262008341,1119.7144193172448,1153.4230994799368,556369
2021-12-21,1147.1209716796875,1167.5414949005701,1133.3931875192482,1148.3423005455488,411848
2021-12-22,1162.167724609375,1168.9094842480547,1149.563705297971,1149.563705297971,328821
2021-12-23,1182.0509033203125,1185.1285564534953,1160.2623500077998,1169.5444488078622,409221
2021-12-24,1169.0560302734375,1182.0510175575585,1157.8198043242987,1182.0510175575585,427611
2021-12-27,1168.3232421875,1179.0709366588046,1156.745067906584,1164.6592554359188,298790
2021-12-28,1179.315185546875,1191.96810523957,1170.716982384852,1170.716982384852,355696
2021-12-29,1173.6971435546875,1188.8905236934647,1151.4200553694823,1179.315256832889,771379
2021-12-30,1171.3033447265625,1188.6949971273898,1165.9782790295606,1175.6023271438075,844604
2021-12-31,1191.1865234375,1211.558265581299,1171.987209326426,1175.406930237341,1199325
2022-01-03,1204.9141845703125,1213.1704394464941,1196.9023147430496,1196.9023147430496,431395
2022-01-04,1216.9320068359375,1222.8432858900246,1194.7527237089462,1211.6558426069787,877718
2022-01-05,1220.84033203125,1225.7745483482586,1210.5322687145042,1216.9320796678046,433601
2022-01-06,1221.133544921875,1227.533236847192,1201.9342306051212,1211.5582785605745,590712
2022-01-07,1241.74951171875,1257.968735247276,1216.4435536954243,1216.4435536954243,2129901
2022-01-10,1224.9927978515625,1251.9597141535783,1222.3058744664445,1245.7553876456568,835334
2022-01-11,1218.446533203125,1228.2659453658598,1210.1902788074565,1224.2600106853733,621165
2022-01-12,1246.0487060546875,1253.5720447413091,1217.420707519619,1224.1624672339615,1001889
2022-01-13,1241.7005615234375,1258.603800109378,1227.7774129680379,1254.3535996675976,591489
2022-01-14,1273.748291015625,1287.085225732861,1233.688705272808,1243.7523832996208,1513277
2022-01-17,1256.2589111328125,1283.0304645727679,1253.6696700012662,1279.9526918794356,535555
2022-01-18,1233.688720703125,1273.4551403150922,1228.0217071360792,1256.5031197464643,964807
2022-01-19,1226.1651611328125,1245.5599570515258,1221.3287470028354,1231.2947418702245,662199
2022-01-20,1224.94384765625,1234.8122794713636,1218.7395213982081,1226.1651764184783,522908
2022-01-21,1164.9034423828125,1208.9201812877373,1157.8197351424892,1201.7875731858749,1756285
2022-01-24,1160.213623046875,1172.3781311756277,1133.4421873851024,1159.4808256633505,1469411
2022-01-25,1163.5845947265625,1175.6024005862084,1143.8478464226719,1157.819897962792,757354
2022-01-27,1158.3572998046875,1170.277422882723,1128.5079719720684,1162.7051832439493,1011654
2022-01-28,1130.6085205078125,1176.8235307342154,1123.1828652584309,1162.6073350654842,929704
2022-01-31,1156.1588134765625,1166.4179760224665,1131.1459027102305,1138.767042595347,849622
2022-02-01,1156.01220703125,1177.5563763844136,1142.8706370421583,1167.5903806759238,635360
2022-02-02,1186.8385009765625,1189.5743253672913,1155.8656483856307,1156.012231704848,546576
2022-02-03,1192.3101806640625,1202.6670259481716,1176.530587321137,1191.5284824549065,628333
2022-02-04,1206.3797607421875,1216.4435583710062,1190.8933344756401,1192.35892912428,712330
2022-02-07,1196.12060546875,1211.411666916539,1185.5683954966723,1206.4775697983798,280046
2022-02-08,1171.2542724609375,1219.2280419564595,1162.7049712020985,1194.0686696804478,1207465
2022-02-09,1195.97412109375,1207.69887815484,1173.3550867426516,1174.8206813752877,695568
2022-02-10,1210.3370361328125,1214.1476064578676,1185.9593570587251,1194.9971916373154,379632
2022-02-11,1164.9522705078125,1199.8333721361905,1155.8166359795541,1199.8333721361905,816198
2022-02-14,1143.408203125,1158.11305190732,1111.897915108951,1130.4621158005768,1128739
2022-02-15,1166.7110595703125,1172.4757558908561,1123.67150026006,1133.4421315591505,1210341
2022-02-16,1183.4676513671875,1191.0398902097845,1147.1209526308796,1171.4986286805017,1219588
2022-02-17,1191.4796142578125,1196.8046800040845,1174.4788108113635,1189.3790238951153,461866
2022-02-18,1223.7716064453125,1229.1454538189246,1186.0080915021206,1186.2523572918303,1862152
2022-02-21,1215.12451171875,1236.5709984122564,1207.7476378268764,1225.2370906463213,2071927
2022-02-22,1210.727783203125,1215.8084636946303,1177.3610539608596,1182.2463695374609,939324
2022-02-23,1210.5322265625,1234.9100213928682,1200.3219653266897,1208.1873706424008,860375
2022-02-24,1169.44677734375,1196.853324074928,1154.8885141822977,1181.318117143103,1490663
2022-02-25,1223.5762939453125,1228.1195424122413,1176.6283594434929,1182.4907386476953,2202043
2022-02-28,1234.17724609375,1239.8930412240372,1192.7008470295743,1206.672896699516,1039455
2022-03-02,1202.9111328125,1233.6397163651527,1192.4564871806142,1226.018696549505,882993
2022-03-03,1169.691162109375,1222.9898848434423,1156.4031272571347,1209.6041675312656,1195271
2022-03-04,1147.9515380859375,1176.384052374802,1125.7721326458632,1160.2625101288018,1310047
2022-03-07,1121.6195068359375,1137.0082502342298,1097.8769457265234,1128.5078492080927,984612
2022-03-08,1127.09130859375,1134.2237984327992,1074.7695262226555,1113.8520544489338,1533085
2022-03-09,1131.829833984375,1160.4577091044773,1114.0961161956761,1141.2096151866256,1912229
2022-03-10,1151.615478515625,1172.4268515588997,1148.4888049469218,1165.6363105342746,1040850
2022-03-11,1175.2603759765625,1183.321146894468,1143.163875630255,1148.0491913380768,801340
2022-03-14,1164.121826171875,1182.246395060509,1150.7361089111691,1182.246395060509,1450003
2022-03-15,1184.1514892578125,1196.4136779692462,1166.2713074049075,1167.5903186388316,1294926
2022-03-16,1241.60302734375,1259.9718627080706,1195.2414274835785,1201.5923381093776,2210899
2022-03-17,1266.6646728515625,1294.6086546757665,1260.5091273890941,1273.1132656924708,3769942
2022-03-21,1259.1412353515625,1284.593778150673,1252.5949599461212,1280.929791333358,1587721
2022-03-22,1253.816162109375,1258.4572116087083,1209.7017414353174,1258.4572116087083,1856642
2022-03-23,1274.9208984375,1309.264693927057,1265.4434330627596,1266.8601270010088,2544861
2022-03-24,1246.9278564453125,1274.0902578092193,1237.0107615880372,1273.1131947280774,1415928
2022-03-25,1220.351806640625,1265.0524432729778,1214.4894280658903,1247.7095733227206,1504572
2022-03-28,1203.350830078125,1229.047636034428,1190.062796435063,1226.2141293316947,1591299
2022-03-29,1218.6907958984375,1223.2340436867134,1200.5173276637645,1214.4893770548535,887754
2022-03-30,1239.5511474609375,1244.1432964035105,1216.4435808856167,1229.1454014089204,787930
2022-03-31,1216.83447265625,1244.7784549333255,1214.880346353372,1244.7784549333255,939480
2022-04-01,1231.9300537109375,1235.6917229992807,1215.417662556346,1216.443626576078,440336
2022-04-04,1247.46533203125,1251.6178502698504,1226.2142092807667,1229.73161264056,744419
2022-04-05,1284.837890625,1294.3153543533933,1249.1750898586026,1261.3883777923004,1996418
2022-04-06,1291.677490234375,1298.1260831999211,1265.7853166404182,1289.6744630595108,1222732
2022-04-07,1271.3546142578125,1316.7392723927003,1261.9260496003862,1291.6775769436076,2230037
2022-04-08,1287.3782958984375,1291.6773973230322,1273.6017302651833,1283.8608926493678,1031831
2022-04-11,1273.162109375,1294.510914075021,1268.521059689326,1291.677407254951,1200934
2022-04-12,1272.9178466796875,1281.8090969817647,1238.964904160298,1270.1820223080958,1346945
2022-04-13,1274.383544921875,1287.183048640821,1259.0924824023068,1277.9986309557123,903271
2022-04-18,1218.641845703125,1257.3824181097211,1212.0955712094674,1248.393366807686,1913872
2022-04-19,1216.88330078125,1242.2869436900178,1194.6551132360783,1229.0965906412346,769663
2022-04-20,1221.9150390625,1226.8003543628222,1196.4626179100574,1216.2481448763622,861417
2022-04-21,1236.9129638671875,1240.919017929153,1223.2829815492976,1223.6738306370985,1071430
2022-04-22,1223.380859375,1242.2870092214862,1220.3519871840306,1225.2862042559111,876987
2022-04-25,1213.854248046875,1228.2171463462964,1202.2760748373025,1216.9320204874932,978292
2022-04-26,1233.591064453125,1236.3267695705313,1216.4435593421904,1223.2830010413031,548103
2022-04-27,1237.352783203125,1258.4573231534816,1221.4755071928423,1228.070683381729,1559217
2022-04-28,1256.1611328125,1264.3195854176467,1239.50216011874,1247.0256171583442,846958
2022-04-29,1232.614013671875,1269.2049794196553,1220.3518239377595,1269.1072969627714,1036182
2022-05-02,1202.7156982421875,1237.5480193813949,1194.7038290432452,1221.3287968137859,820568
2022-05-04,1118.395263671875,1211.3139375041392,1110.1879100537028,1211.3139375041392,2780161
2022-05-05,1130.901611328125,1145.313291721045,1117.760160644095,1131.4390437289005,1575587
2022-05-06,1044.773681640625,1074.3298421441852,1021.0309992139006,1070.8612202281674,4279051
2022-05-09,1022.6432495117188,1041.158549939236,1006.5217062801219,1035.6870197268374,1597558
2022-05-10,966.0223388671875,1011.1137670167714,953.1250934865111,996.6044032355114,3890951
2022-05-11,955.421142578125,972.1777988444485,939.641609061418,967.2924832723659,1828775
2022-05-12,927.6237182617188,949.363371938325,913.5539859607572,945.7970678181957,2387327
2022-05-13,910.0365600585938,943.305545402076,907.0564700104925,943.305545402076,2439176
2022-05-16,929.6755981445312,936.6127227369307,901.389607692757,911.355663866854,754343
2022-05-17,965.33837890625,971.1030752659448,929.2358840838799,933.0952954002721,1653820
2022-05-18,962.993408203125,1006.3750355305618,955.8120179687107,970.223699302765,1950263
2022-05-19,923.7642822265625,953.564705563741,919.4163396814757,938.4690693560653,1069959
2022-05-20,952.7831420898438,958.3035130338751,934.1212003882974,934.2677837129571,771890
2022-05-23,972.8128662109375,981.3621680445361,953.3692873295886,964.4100880562252,711795
2022-05-24,988.39697265625,990.5953645524029,968.4160806860402,976.0860018918727,995063
2022-05-25,972.568603515625,996.4089066372009,965.240630492256,996.4089066372009,1302256
2022-05-26,973.00830078125,980.6782821850924,957.9127230281308,976.0860735157858,1439924
2022-05-27,985.3192749023438,1001.4896569484722,970.8587532461273,979.0172061096284,2936842
2022-05-30,1015.608154296875,1021.0309020109278,989.0320866608246,989.7648839589185,1269311
2022-05-31,994.6990356445312,1022.0568609415361,990.5953588682207,1016.6341132539848,1389172
2022-06-01,1024.0111083984375,1029.7269041188404,985.4658945774925,985.4658945774925,1344690
2022-06-02,1024.20654296875,1030.3131882285206,1014.4359105531167,1028.5544266855406,628184
2022-06-03,994.0640258789062,1034.660926288489,991.7190505751906,1030.8015747357892,935492
2022-06-06,989.2275390625,1000.268340071043,964.6543784535618,994.0640132931799,2071173
2022-06-07,976.6234130859375,984.8307670086571,953.2227398322399,984.391076685083,1155472
2022-06-08,968.4649658203125,980.5316713655284,951.0732544026185,977.3073750320277,840464
2022-06-09,982.1218872070312,987.2309767698591,942.0844043327174,963.7489062304803,866374
2022-06-10,975.1951904296875,984.1852261061266,962.5698974543587,974.6057054536385,676852
2022-06-13,963.4049682617188,967.5315428141505,945.7197001523969,958.001136339426,651834
2022-06-14,969.2509765625,972.689778810821,954.1202226827064,961.882114601812,891341
2022-06-15,977.356689453125,986.837982154276,972.1984862667678,975.637288391006,1003208
2022-06-16,938.743896484375,992.1435586367872,934.322579324703,983.4974392959081,1327668
2022-06-17,938.5965576171875,947.9795637747352,917.2759703482337,928.4766652174038,985036
2022-06-20,929.4100341796875,946.0636746695565,917.3742259744128,942.1827286016118,506347
2022-06-21,963.2576904296875,964.8296903779486,928.4766368708365,928.5257506252282,621504
2022-06-22,931.325927734375,959.2293158135469,927.8379517525202,957.9520583959429,769151
2022-06-23,950.0919189453125,953.0394636783384,929.5082195660923,931.3259081322288,445504
2022-06-24,974.8021850585938,977.5532147935729,953.0885697201877,953.0885697201877,856644
2022-06-27,964.5840454101562,986.8380328590538,962.4225005416969,980.5990269894564,549920
2022-06-28,959.0819702148438,972.4932629909312,943.3125576582416,953.0394794251222,992871
2022-06-29,955.4957275390625,965.124361437383,945.2775487278145,949.10938077402,560774
2022-06-30,955.3975219726562,966.7455571836447,948.225115159038,954.0219771121936,1469049
2022-07-01,939.7263793945312,952.6955879479963,921.6971951657533,933.1926313828689,1129398
2022-07-04,948.7655639648438,955.9870246965941,929.4591216474594,945.9653604399972,965699
2022-07-05,940.905517578125,968.3667639658614,935.7473138070683,953.0395538904756,554040
2022-07-06,959.0328369140625,963.0611842663086,936.3367651253825,940.9054837167963,1548896
2022-07-07,955.2991943359375,971.4615759110562,949.2075901596438,964.8296005508544,1321316
2022-07-08,951.713134765625,966.7947153316351,948.6673024255762,962.8646555132138,605885
2022-07-11,947.5374145507812,957.3133900481203,938.3999778038758,950.0919293602258,526504
2022-07-12,940.1194458007812,954.8080569199722,937.2210745496933,948.1269669701468,545725
2022-07-13,966.794677734375,976.5707131461128,941.6423198617995,946.1618644900439,1220919
2022-07-14,969.2018432617188,977.9953636843725,960.6539515661339,969.5948132442583,1093056
2022-07-15,965.8121948242188,977.6023742116964,955.9870453346539,973.6723144158706,670764
2022-07-18,1016.6082153320312,1021.8155927695486,973.1811006136903,974.6548731032617,3058816
2022-07-19,1034.4407958984375,1036.5532269357714,1009.828869438423,1011.9903542595682,1426312
2022-07-20,1011.646484375,1046.3291881641421,1009.3375983617805,1043.7256196443266,562014
2022-07-21,993.715576171875,1009.2392393542137,985.4624271714943,1003.1476950569248,1544353
2022-07-22,984.2833862304688,1008.0602581132802,979.3708118731915,994.305049912904,798056
2022-07-25,982.1710205078125,988.1152235184239,970.7246982067577,979.0760746589413,519192
2022-07-26,960.3101196289062,989.3925376623873,957.1660598492982,985.8555078902986,775518
2022-07-27,952.1060791015625,955.9870250612288,916.1951704723493,955.9870250612288,2489605
2022-07-28,953.53076171875,968.6615159794696,950.5832168602685,960.8996238649536,1366114
2022-07-29,987.181884765625,995.6806629734806,955.9870354585252,956.5765204346278,1272713
2022-08-01,981.778076171875,993.3226269800006,973.9179564727256,992.2909982630781,1297725
2022-08-02,982.1218872070312,987.8205217009267,971.7072530723044,986.8871205360334,1028956
2022-08-03,965.0262451171875,972.6407363681627,941.6915138641989,953.039550122061,4034577
2022-08-04,982.662353515625,990.3750719038856,965.2718268665791,965.8121980967455,1270775
2022-08-05,955.9379272460938,989.1469203766459,953.0394961662245,983.4974594457635,1993658
2022-08-08,965.1244506835938,973.3284867288629,951.0744984948742,953.7273009284819,923346
2022-08-10,956.9204711914062,971.7564233158183,955.6432137184362,968.7597646378622,854456
2022-08-11,972.2476806640625,982.0237166503205,960.4575009744138,962.8646746546414,1549710
2022-08-12,989.7855834960938,997.2035593666011,973.917943084385,977.5532603888581,2036111
2022-08-16,1002.165283203125,1019.4575229261143,997.6948520216433,1006.0953431372549,1829450
2022-08-17,1009.6814575195312,1017.7380316976211,1000.6914222280928,1004.1302243663338,985624
2022-08-18,1026.77734375,1028.5457987798845,1006.3901575987685,1011.9904450972718,1163107
2022-08-19,997.4000854492188,1032.9180252339206,991.8979656934501,1027.8088754813077,1265293
2022-08-22,960.0645141601562,995.2876513792389,957.9520830155558,992.3401065084219,1080433
2022-08-23,977.06201171875,980.5499278251384,950.1410778894755,955.987053881623,782477
2022-08-24,978.2901000976562,982.4657884319358,965.8121488463362,973.721381815323,737677
2022-08-25,977.995361328125,997.989515676175,974.163529207903,982.514905908122,761328
2022-08-26,989.5399169921875,992.3400605024646,977.6023368316359,986.444971034133,536785
2022-08-29,963.3558959960938,972.4441591658682,957.1660638848649,965.0261833830483,805591
2022-08-30,983.6939086914062,989.0977405250438,966.9911557510717,970.5281853277277,688283
2022-09-01,962.8156127929688,982.4167995770574,960.3593252252373,974.6549068758428,1349653
2022-09-02,954.5133056640625,971.7073178607903,953.0395331900572,971.7073178607903,887624
2022-09-05,969.9878540039062,973.2301412437553,954.071100318887,954.071100318887,796310
2022-09-06,968.36669921875,976.6198486877998,966.0578131008845,966.8438130579481,803122
2022-09-07,963.5032958984375,971.216014158239,958.2468050104868,962.8646372029076,825447
2022-09-08,958.4432983398438,974.1635369594619,957.9520408829808,968.7597049339682,1220046
2022-09-09,949.2567749023438,967.7771563954217,943.3125119064694,963.8470968770646,1308759
2022-09-12,949.9937133789062,957.853832848483,947.4391385705222,951.074455818792,1402032
2022-09-13,953.1868286132812,965.5664920335015,950.5831402110533,953.0394273950612,1873849
2022-09-14,938.6456298828125,948.1269231010039,933.4383126614443,948.1269231010039,1404466
2022-09-15,943.410888671875,950.5341222231326,935.0103976498449,943.2143736837666,913099
2022-09-16,896.93798828125,943.2144218669123,867.1186213591619,943.2144218669123,2715707
2022-09-19,883.5265502929688,903.7663338521156,879.350861842877,901.9487052198447,1575244
2022-09-20,894.2360229492188,906.664801325277,888.1935319031822,888.1935319031822,1578826
2022-09-21,888.5865478515625,907.8438169512251,885.8846317296839,893.106092650069,1227816
2022-09-22,882.1018676757812,890.06027436865,873.7504910025916,887.9969570921504,1097995
2022-09-23,885.0493774414062,893.744669968023,872.4731991765946,884.7546349758146,1626446
2022-09-26,866.9711303710938,881.0210807769715,852.8228924991364,881.0210807769715,1908668
2022-09-27,888.4391479492188,891.927064045448,870.2135075298065,871.343363747145,1333677
2022-09-28,885.0493774414062,896.8886695582647,879.399916973765,884.2633775438458,851509
2022-09-29,885.4425048828125,893.5973671579527,879.6947563150424,889.4707922813893,944566
2022-09-30,890.6007080078125,894.7272828821577,864.7605762481087,884.2634744473488,1173265
2022-10-03,877.5332641601562,894.0886173178154,871.4907731438486,893.1061023537299,1136230
2022-10-04,908.7772216796875,910.7913653484098,885.2950902148069,889.1760362894399,1135815
2022-10-06,905.8787231445312,919.633931521997,901.9486636081125,912.7563273332642,1403635
2022-10-07,894.4324340820312,910.9878464767818,889.7163744562091,904.8962419747836,475052
2022-10-10,884.1651611328125,889.3724779833963,872.4732101181487,884.2633886332588,664753
2022-10-11,858.324951171875,885.9827682574141,855.3282928652869,884.2633672655089,1747694
2022-10-12,859.0128173828125,862.6481347277618,844.3733804621685,862.6481347277618,1992108
2022-10-13,858.6198120117188,861.2234405672391,847.910375403566,855.4757522761917,431376
2022-10-14,855.9179077148438,870.5082304800657,853.8545903751466,868.5432006144222,914438
2022-10-17,854.444091796875,859.8479236521655,842.3591107643206,856.7529777842284,605427
2022-10-18,859.6514892578125,865.3991778736315,856.1635730906081,858.7180880380931,1165692
2022-10-19,859.8970947265625,865.1535257126689,855.1318612466417,859.8970947265625,618344
2022-10-20,853.952880859375,857.7355393768916,843.29255781991,855.2792520361788,771471
2022-10-21,850.6614379882812,868.9853659280639,843.2925758089511,855.9670427445806,1046811
2022-10-24,850.9561157226562,860.6830370463183,848.6963434865582,860.5848095452508,90551
2022-10-25,852.0861206054688,860.142755474776,846.9770306906918,851.0544918649742,855653
2022-10-27,858.963623046875,860.6339103154772,852.9211326236209,859.6513954478228,442475
2022-10-28,856.01611328125,866.283406059677,853.8545684908521,860.6830590925395,595829
2022-10-31,860.8795776367188,863.4832061719882,844.3733391135269,859.5040327731398,1960573
2022-11-01,893.0569458007812,894.5307181762813,861.7638097135589,865.2026119230591,1623970
2022-11-02,893.3516845703125,911.7738391875172,872.4732426708139,878.3683321483194,3102411
2022-11-03,846.1910400390625,894.0886460790094,843.9803812987573,893.1061310833182,3067654
2022-11-04,830.4707641601562,850.7597219301325,820.5965008744693,846.8296621174845,2807836
2022-11-07,819.957763671875,837.2500611728789,812.834530943369,833.172600520417,1790614
2022-11-09,821.9719848632812,828.9969907573247,820.3999849272489,821.3824998792575,960196
2022-11-10,811.6555786132812,820.0069557130319,801.2409440995974,820.0069557130319,1240790
2022-11-11,814.553955078125,825.3125050844226,812.5398115533542,815.7820986868816,1554731
2022-11-14,808.5115356445312,817.452397252298,806.5465058434439,815.4873674512107,1195575
2022-11-15,804.3358764648438,810.5748223222033,801.9287028776904,810.4765948157695,1208999
2022-11-16,802.9111938476562,808.0693971084662,797.5073618601411,807.6272534068065,815618
2022-11-17,809.9853515625,815.04526759169,797.8021421532734,800.7496870134456,1299792
2022-11-18,795.7879638671875,814.013603465986,792.8404191352647,814.013603465986,1352789
2022-11-21,795.7879638671875,799.6689097578093,789.5489582038471,795.8370776191293,887839
2022-11-22,803.6972045898438,808.6097791900262,792.8404267170309,795.3458277695336,1021492
2022-11-23,798.8828125,807.6272187830051,797.0651839874853,807.6272187830051,993033
2022-11-24,804.4341430664062,805.4166580503042,797.900394436303,800.6514843655816,1795690
2022-11-25,814.8978881835938,816.4698880482512,802.8129068482301,807.6272538816636,1976090
2022-11-28,824.7230224609375,830.0285668849308,810.5747840610554,814.5048436201394,2003831
2022-11-29,811.409912109375,828.2600667547329,809.6905110218058,827.2775518475505,904144
2022-11-30,805.1710205078125,814.6523139860261,803.2059905614848,811.4099666002213,1252601
2022-12-01,827.6213989257812,831.6988597326786,805.6622149802674,807.8237597457558,2199715
2022-12-02,840.2958984375,841.3275271260017,823.8878870239664,827.2775755444314,1438034
2022-12-05,843.43994140625,847.3208873169933,833.7621335054899,845.9453424477838,1045757
2022-12-06,836.267578125,844.275038550531,833.7621171646192,843.4890386269382,763196
2022-12-07,833.074462890625,842.5556963230122,825.8529419164093,837.594007742877,611505
2022-12-08,833.074462890625,838.0852652254241,828.456630561091,834.155205365047,529232
2022-12-09,819.0244140625,835.285083977507,813.6205819976328,834.2533953362165,1243683
2022-12-12,826.4424438476562,827.2775575373246,809.9853190391643,821.4806955578991,536919
2022-12-13,825.2142944335938,829.2425815653922,820.8912048553142,828.456581633328,537656
2022-12-14,835.9237060546875,838.5765084087981,825.1160416229397,827.2775865028799,776630
2022-12-15,835.5307006835938,840.8853589509963,830.2250961999874,835.1376707337153,1015102
2022-12-16,820.4981689453125,833.4673776179935,816.469881842775,830.3233179446238,749560
2022-12-19,821.67724609375,823.9861922222029,814.6523001358347,820.5473898745936,483111
2022-12-20,813.4241333007812,820.3508515531878,799.128493116596,818.4349354490025,1205458
2022-12-21,799.472412109375,823.2983992088069,796.3283523335915,816.4207946852596,1158353
2022-12-22,793.2333984375,802.7146914237495,784.3416503853316,802.7146914237495,787550
2022-12-23,764.1509399414062,789.3032966196077,761.6455390171553,786.7487819454594,980785
2022-12-26,772.7479858398438,775.5973030996697,756.5364896334135,764.1509802758277,454783
2022-12-27,783.8013305664062,785.1277018111446,771.5690069895475,776.6289831577602,469563
2022-12-28,783.8013305664062,788.7630192551848,777.6606119001073,787.289246775273,878587
2022-12-29,786.4541015625,788.9595026845327,774.2217784749836,782.0818980534098,625722
2022-12-30,785.8645629882812,797.6547424515626,783.0644193529334,789.401652808038,813045
2023-01-02,788.6156616210938,790.2858890892987,780.1168831761366,785.9137454639975,319975
2023-01-03,794.166748046875,796.8686639074605,786.601371643646,788.6646888270436,543688
2023-01-04,791.7595825195312,796.1808994262511,782.573092489415,794.3632709073346,939486
2023-01-05,795.2967529296875,799.5706690537812,784.194345783643,799.5706690537812,1361234
2023-01-06,800.3074340820312,810.3290972326657,792.6438304849386,793.3807165994272,1375341
2023-01-09,805.7604370117188,809.4940415667344,799.7671201720565,804.6796946202877,771070
2023-01-10,811.5081787109375,812.4906935928522,797.310826673682,805.6622031699559,601404
2023-01-11,816.4207763671875,819.4174348487636,808.1185133850216,811.5082018177345,725055
2023-01-12,795.1002197265625,818.238434701845,791.5631899095848,816.4699197933561,954974
2023-01-13,792.2509155273438,797.9986640351331,786.0610832610704,793.4299454751945,516864
2023-01-16,791.415771484375,797.4090885351268,789.9419990979981,794.6580587408137,314496
2023-01-17,795.7879638671875,799.4723947820909,791.7105030008473,792.3000479280025,599833
2023-01-18,788.1735229492188,797.6056426982299,786.6506367354036,795.8371277412846,1274164
2023-01-19,775.7938232421875,788.9595482841746,771.6673081993755,788.1735482744941,1492350
2023-01-20,766.4107666015625,777.1693171832139,764.3966229690777,776.186802243665,1307972
2023-01-23,763.16845703125,769.1126602485243,755.6030802238321,769.1126602485243,1468342
2023-01-24,764.3966064453125,769.8004384960185,762.4315766086922,765.2808938589723,1041066
2023-01-25,743.3216552734375,764.2983849243575,738.6547093749267,764.2983849243575,1339618
2023-01-27,731.9244384765625,748.0376457930907,724.3099485037549,745.7287599175471,1474004
2023-01-30,761.3999633789062,764.3966219469329,731.8754014785311,734.7737725719626,2080883
2023-01-31,788.6156616210938,791.9070627707382,763.6106437372854,764.8387874450564,1803266
2023-02-01,780.706298828125,801.6830274745209,770.2916650984129,789.450705237978,1322816
2023-02-02,807.1851196289062,809.5922931738022,776.7762708953534,780.1168456067948,1595844
2023-02-03,798.7846069335938,811.9503304692487,794.6089186439655,810.5747856337206,1002242
2023-02-06,812.2451171875,814.5048895678611,791.0227583904847,794.8545906639321,661820
2023-02-07,800.9461669921875,816.7646330632473,791.9561315743923,814.5048607628032,1587142
2023-02-08,812.932861328125,817.8454358830014,795.1493054587019,801.7321673558264,1072137
2023-02-09,810.1326904296875,817.4524388043993,797.8021397946782,810.4274329212426,1093769
2023-02-10,834.9903564453125,841.7206202380095,782.0819471957008,786.01200723186,5082283
2023-02-13,833.7130126953125,840.2958745685983,821.0877201221813,837.5448448214202,1260020
2023-02-14,841.8187866210938,856.1635406921716,832.1901522253006,833.1726671629929,1978175
2023-02-15,843.7346801757812,846.8296261339123,833.2217586300736,836.1693033643121,597974
2023-02-16,847.762939453125,853.6580287277866,838.822078040401,844.9627960348404,1047536
2023-02-17,840.1484985351562,848.6472767263114,834.2042951606493,842.9978158392767,497564
2023-02-20,857.7847290039062,867.3642504800251,835.4816259838634,844.6681774314804,1472792
2023-02-21,880.1368408203125,882.2001581037279,857.7846267083274,862.304231256796,2183174
2023-02-22,898.215087890625,911.1842959046048,880.1367906629018,882.3965628243805,7876349
2023-02-23,884.8529052734375,903.9137185429364,882.8878754505181,900.8679463045918,2114369
2023-02-24,879.54736328125,894.6289432286825,876.698046042579,889.2742249521189,2287301
2023-02-27,871.7854614257812,874.241748683246,850.2684210311609,873.4557487544474,1436906
2023-02-28,876.4032592773438,889.6672099502632,868.5431403600581,871.4906849540403,1929468
2023-03-01,883.4282836914062,891.8287739727106,875.7155058559091,883.2317687206258,1462796
2023-03-02,902.7346801757812,908.8262845632004,885.2459269096687,885.2459269096687,3006307
2023-03-03,896.8887329101562,917.6689477374299,895.1693317768152,903.8155111645491,1804035
2023-03-06,897.232666015625,904.7488694164435,894.0886061761402,902.6364982507555,954615
2023-03-08,893.7938842773438,899.9837166229719,870.9504111207018,891.6323393398985,1382635
2023-03-09,875.51904296875,901.0153177695524,872.9645281004881,897.0361442383181,1465770
2023-03-10,877.9752807617188,882.6422264841418,865.006132202187,870.5081915930217,762731
2023-03-13,868.4449462890625,887.0635557166939,864.8096291562972,875.6172930835749,846317
2023-03-14,848.4016723632812,875.1260914075742,846.8296724063041,866.9220554682221,1427931
2023-03-15,858.5215454101562,876.3051018635853,855.7705155626728,858.6689466388235,1553772
2023-03-16,865.1535034179688,868.936221852132,848.057779739253,858.4233001828802,737474
2023-03-17,865.1535034179688,887.2600891845465,862.942844841311,886.0319455308478,1358682
2023-03-20,836.0711059570312,871.4907577949019,829.2426150833114,865.1535243945727,1001601
2023-03-21,822.0211181640625,844.2750447519963,819.5156571852783,837.3974404261274,1556594
2023-03-22,830.3233642578125,833.565711582795,820.5965021867265,827.031963146638,874627
2023-03-23,818.4840698242188,832.828824122667,816.6173273937866,830.0286205250882,726755
2023-03-24,807.33251953125,821.87372831356,802.0760287429746,818.4349261030432,771881
2023-03-27,808.6588745117188,814.996107595108,798.3424680864642,807.6272458627834,551684
2023-03-28,798.1460571289062,811.9995549718549,793.380883241512,810.0345249204827,621964
2023-03-29,797.3599853515625,802.8621049810715,791.4157819746421,798.1459853077915,934381
2023-03-31,803.9428100585938,807.6272409021253,797.9494932069623,802.7146664440833,816550
2023-04-03,808.8062744140625,810.5747892333452,802.7146700650219,809.0519031380726,489967
2023-04-05,803.8446655273438,811.2135279750015,801.09357557252,808.7572404924489,615779
2023-04-06,816.1751708984375,817.4524283241034,802.5181892745917,803.7954467002576,838420
2023-04-10,808.8554077148438,824.5265326790405,804.0902343410563,824.3300177014927,1252962
2023-04-11,799.4232788085938,814.6522598812072,797.5564764963833,810.0344278204374,1056770
2023-04-12,802.5181884765625,807.5290506355881,799.6689311402878,799.6689311402878,839156
2023-04-13,809.1010131835938,810.1817555771083,799.1284630472778,802.5181514166825,725541
2023-04-17,820.6946411132812,824.870329220194,797.9002846301918,809.1009778923836,2055636
2023-04-18,820.54736328125,826.29505160308,814.0627287980052,824.3300217538456,1098803
2023-04-19,836.1693115234375,838.4782575685584,817.6489292497687,824.3300187189782,1743643
2023-04-20,852.2825927734375,853.1177064814123,831.3058629202241,840.0011560799704,1550109
2023-04-21,841.9661865234375,854.6897669401117,840.0502704043633,853.314222042327,727956
2023-04-24,833.2217407226562,848.3524940204077,830.5198247743399,842.0152609844031,780453
2023-04-25,828.8004760742188,837.1027394152968,827.0810749075794,834.2534220662558,834942
2023-04-26,839.6572265625,851.6439205789152,830.2251073186054,830.2251073186054,1980399
2023-04-27,794.2650756835938,832.3866421237256,790.9245010089222,815.9786311651055,4067448
2023-04-28,785.0784912109375,792.6438676681713,749.4132135902047,792.6438676681713,5231996
2023-05-02,787.5348510742188,795.7388869384871,779.1834739473067,782.0327913071994,1819490
2023-05-03,795.7388916015625,803.6972388054866,784.5873108036234,787.9769994156482,1811010
2023-05-04,787.8787231445312,800.651416858268,781.0993463400599,799.3740995125339,1786337
2023-05-05,784.489013671875,794.805419855884,781.0993253606822,786.9944146086874,1238885
2023-05-08,789.3033447265625,793.5773206511999,784.5381713050651,785.0294287698773,589279
2023-05-09,789.6963500976562,794.3141821167007,787.0926616280391,790.7279787480506,940654
2023-05-10,793.3317260742188,794.3142410461435,784.7347200698773,791.8579536163317,1415592
2023-05-11,799.3741455078125,801.7322053932094,791.4649120928061,794.8546006900814,886748
2023-05-12,794.9036254882812,802.6655167718037,793.8719968918504,801.5356007098407,460176
2023-05-15,796.1809692382812,800.111029055523,790.9245382199019,794.8545980371437,380824
2023-05-16,790.4823608398438,801.7321685812966,789.0085884711282,797.8021089313883,511123
2023-05-17,788.9595336914062,793.970336132401,781.0994138040696,792.8895936350744,763149
2023-05-18,783.6047973632812,794.9037194466667,782.1310249176223,790.9245458369784,354925
2023-05-19,783.31005859375,786.9944897254234,772.1093639662813,786.945375970592,864639
2023-05-22,795.5423583984375,797.7530170120116,776.6780595690151,783.0644066748957,950899
2023-05-23,791.7105102539062,798.7846296689187,789.941995392141,795.5423424276905,401163
2023-05-24,789.4016723632812,794.8055047511501,785.5207262002207,791.7105585781885,1950756
2023-05-25,798.0477294921875,799.7671305714258,787.4856942911521,789.9419815472069,745354
2023-05-26,800.3074340820312,803.6480084548913,795.0510037858572,800.7986914916903,446811
2023-05-29,811.3117065429688,813.031107677029,800.7496710051705,803.6972158064166,982588
2023-05-30,807.4798583984375,816.4698938522218,804.7288286317555,811.5573192803072,610358
2023-05-31,806.9885864257812,812.3433046064421,802.7146706122718,804.8271016273789,805009
2023-06-01,810.9678344726562,817.4032951694948,804.7288287843705,805.7113436989398,804182
2023-06-02,804.5814819335938,816.273373354902,802.7637933735084,815.487373422302,713546
2023-06-05,808.8554077148438,811.9503536993542,806.6938628977215,807.6272640651097,356474
2023-06-06,789.2542114257812,810.5747968641622,777.562320033602,809.5922819588723,1881812
2023-06-07,792.0053100585938,794.8546275189591,787.1419088287325,794.8546275189591,520388
2023-06-08,790.8753662109375,796.8195692530827,787.5347916251628,796.8195692530827,958527
2023-06-09,768.404541015625,795.5177407069233,767.4661854883436,794.3324526875285,2202969
2023-06-12,780.94873046875,785.9367547955997,764.7005602890338,770.4787565402723,1935001
2023-06-13,796.5054931640625,798.0858370437066,780.3066971095647,780.9981201642544,1116993
2023-06-14,805.2468872070312,816.8527147748725,791.1717346247557,798.0858446651717,2311363
2023-06-15,791.0729370117188,808.1606530018175,788.2084960569111,805.9382606257172,1006762
2023-06-16,786.4306030273438,793.838577697371,784.5538919964359,792.1594247149144,1078391
2023-06-19,780.4548950195312,789.8877046001248,775.9113007813813,788.2085515183359,1144336
2023-06-20,779.5658569335938,785.0477460559208,776.4051090610916,780.3066543902934,772917
2023-06-21,777.2446899414062,784.2575481847297,773.3925191796516,780.6029354621353,1583443
2023-06-22,772.503662109375,779.3190236934411,768.9972324250404,776.3558334892834,1942087
2023-06-23,741.2913818359375,767.9600924416275,739.3159217910716,758.7742152902522,4692817
2023-06-26,748.3536376953125,749.6870490435368,738.4269032437967,743.9088528195603,1236917
2023-06-27,751.7612915039062,758.3790946722379,748.6006036798576,751.5637937295951,1446118
2023-06-28,753.3416748046875,757.2925947614067,749.4895037323845,753.6379817441906,1273148
2023-06-30,750.4278564453125,754.6257088834732,746.82261788392,750.6254144996532,1020924
2023-07-03,753.2428588867188,760.0088454237455,750.4278525572738,755.6134349540171,1172805
2023-07-04,749.7363891601562,756.7493078148044,747.7609293058189,755.6133942840602,2038341
2023-07-05,757.2431640625,759.5149308115899,744.7483565131313,752.6501958395305,1411230
2023-07-06,759.4161376953125,762.5275111103279,753.736690559452,757.2431800636363,758437
2023-07-07,750.9217529296875,758.4779117497634,747.7116303423524,753.6380105035863,821832
2023-07-10,748.7487182617188,753.0947543983875,743.7606937935285,750.9217363300531,545734
2023-07-11,749.9833374023438,757.9839861522887,747.0695219987141,748.7486749674372,1237925
2023-07-12,752.9959106445312,755.267737780788,749.6870393941174,754.6256891924977,508835
2023-07-13,739.6615600585938,755.0208092409132,737.0934862645016,753.0453493112261,1335577
2023-07-14,745.4398193359375,746.0324332025775,735.858826583572,741.0937833597347,1101003
2023-07-17,754.5763549804688,757.5395450174733,743.1680853952522,745.9337173725387,936969
2023-07-18,756.3541870117188,759.5149348161938,748.2547896022048,755.7121384485637,3655994
2023-07-19,768.3057861328125,783.1217367064575,754.7244981069713,760.6508783364293,5316153
2023-07-20,767.861328125,781.1956831599135,765.787058947816,771.36775757693,2151073
2023-07-21,754.9713745117188,766.2315202254073,753.2922818004912,763.5152628220945,1015818
2023-07-24,756.2554931640625,760.1569784069401,749.4401320986798,755.6134445541879,1070740
2023-07-25,757.7371215820312,761.9349742369709,755.3171709354616,756.6012079256035,491539
2023-07-26,755.6134643554688,760.1076238835998,753.8849368226295,759.515009986843,528936
2023-07-27,749.2426147460938,760.5521358362348,747.6622707861319,756.6012156500725,1100247
2023-07-28,753.6873779296875,754.9220404517813,749.2425928501498,750.6748134330298,890328
2023-07-31,770.5281372070312,772.3554738510883,752.1563835999837,755.613438547587,1281701
2023-08-01,787.6159057617188,790.6778445680933,770.6763125849528,772.404840040286,2299859
2023-08-02,791.3198852539062,795.3695539942657,782.3808808452727,788.2085117509147,2699801
2023-08-03,789.739501953125,800.9008387900236,785.2947169952779,791.1223480545125,1430725
2023-08-04,809.2471923828125,811.4695849252147,789.1962850575014,793.9373770907083,2564538
2023-08-07,816.2600708007812,819.1244515401986,809.0002193541696,813.6919367086708,1379529
2023-08-08,806.08642578125,818.6799832327521,800.6045363596118,818.6799832327521,850243
2023-08-09,839.0272216796875,841.348362957632,809.1977650046283,812.6054454039794,4647736
2023-08-10,826.4830932617188,847.0278655962737,824.9027493460823,838.9779021145072,2587694
2023-08-11,818.3836669921875,833.9897886975112,806.728465226756,829.69318737738,1397414
2023-08-14,815.2723999023438,819.2233200660842,784.4552105679168,810.4324985872587,2279372
2023-08-16,816.3588256835938,818.3836600784318,800.4069624465394,811.9140407887647,1402705
2023-08-17,815.6180419921875,822.7790844438296,810.7287664679535,814.8772444971901,1102613
2023-08-18,800.011962890625,821.0506008151635,798.0858772434913,815.5687111165965,696312
2023-08-21,798.1351928710938,803.6665168933484,790.1839786432467,800.0119039348727,964038
2023-08-22,812.9017333984375,814.827818821577,796.4560059290357,799.9624954138861,748032
2023-08-23,826.0879516601562,830.5821713362508,812.9017804298959,813.8895104182676,1010288
2023-08-24,823.124755859375,830.779663214985,819.865258978108,827.7177243872425,453602
2023-08-25,814.7785034179688,824.3100617731626,808.9508722869915,819.3220373163119,617248
2023-08-28,817.2971801757812,820.4084934264395,813.4450091573434,814.7784807958427,742446
2023-08-29,838.4840087890625,841.2496406911577,817.2971885432507,818.0379860323613,1766963
2023-08-30,844.95361328125,846.9784476586352,839.1753567960253,843.2250858370487,1232177
2023-08-31,859.226318359375,861.3005271658008,843.373204234718,848.4600376553014,2053925
2023-09-01,859.37451171875,869.0048796364744,857.8929166544848,863.2760574452334,870560
2023-09-04,855.62109375,865.0539029860394,853.9419407295458,864.214356618939,813452
2023-09-05,856.0655517578125,860.3127784460479,847.5216636553001,857.3495886236161,910247
2023-09-06,885.5986938476562,897.352704961656,871.1778599627744,879.0796999624367,5127245
2023-09-07,885.1047973632812,889.79651469619,876.1164787978942,889.79651469619,733282
2023-09-08,893.84619140625,897.3526205188869,881.8946233596755,886.7345240185258,1253958
2023-09-11,896.019287109375,903.2790784421668,893.4017785138763,898.8342934744361,819842
2023-09-12,864.6094360351562,902.5382923536304,863.0784665841741,898.0441328867129,1850062
2023-09-13,876.5609741210938,879.7217220830199,858.584276606001,864.6094053097876,640847
2023-09-14,875.7708129882812,883.0306042442442,871.5729605631827,882.8330461905181,430469
2023-09-15,882.9812622070312,894.8833968742108,876.2152754076967,878.585851566899,961453
2023-09-18,871.3754272460938,885.9938193429969,869.2024091659279,884.0183593221652,1062910
2023-09-20,861.0535888671875,875.128740735679,856.2136879698369,864.2637112231592,1071977
2023-09-21,858.041015625,868.9060450243844,853.3986728243764,859.3250524967679,609935
2023-09-22,854.9296875,861.5474905422127,840.8545350319845,857.6953194364644,596978
2023-09-25,865.0045166015625,867.8195228865069,843.7189479191456,854.3864194808467,1502890
2023-09-26,851.3245239257812,868.6591736293932,849.7934941737375,868.2146830654533,764661
2023-09-27,860.263427734375,861.5968390767474,847.176005657652,850.9293674790088,453103
2023-09-28,850.287353515625,871.6717323094467,848.2131446127336,860.0165302689625,813873
2023-09-29,852.707275390625,859.5226363328692,849.4477785302596,852.3615940138641,1014532
2023-10-03,863.3253784179688,869.3999419197165,850.5342630981426,851.3244953124783,868906
2023-10-04,861.8438110351562,877.1042517976709,851.8677620154733,862.2883015983859,1357213
2023-10-05,869.3010864257812,872.8569503420435,861.7449886404436,870.9802393623843,435857
2023-10-06,874.2398071289062,877.1042482704177,868.659168748038,873.0051446172642,460025
2023-10-09,842.4349365234375,871.1778552522936,837.7432190490061,861.3005553061225,1129737
2023-10-10,844.8054809570312,847.9662291041291,840.6570027818564,844.5091740058594,779331
2023-10-11,852.1146850585938,860.2140831348676,845.6450656006497,845.6450656006497,507986
2023-10-12,846.4351806640625,856.3618544630448,845.1511438045861,856.3124800234979,577682
2023-10-13,835.0762939453125,844.4597284215519,828.8041726236542,843.5707473566707,951352
2023-10-16,841.9411010742188,844.3609914169537,831.6686846551866,836.0640953427413,889834
2023-10-17,840.5088500976562,846.4846045015893,836.8542370641442,843.521414520837,390692
2023-10-18,824.0631103515625,846.3364093458745,819.9640671058431,840.5582130767111,1210600
2023-10-19,828.5572509765625,831.964931388184,812.9511297007513,823.618601187619,1016728
2023-10-20,808.5557250976562,828.0633919031046,802.6787800359031,812.9511354984129,2857101
2023-10-23,811.22265625,822.0383120646655,796.8018220212833,808.9508892531825,2096753
2023-10-25,807.419921875,833.3972095036094,804.259173734298,813.1981184130558,1072916
2023-10-26,818.7293701171875,823.7173942492406,801.1477289833152,806.432120325912,1495324
2023-10-27,824.6557006835938,826.7299093164838,816.2599967060668,826.6311604430119,689843
2023-10-30,824.3099975585938,829.6931377117115,810.2842205543124,827.7176778600169,802038
2023-10-31,827.223876953125,830.9278644618703,819.4207858201994,830.6809319612872,444814
2023-11-01,820.0628051757812,828.7054423878114,817.8897871909345,827.2238474371777,347572
2023-11-02,823.9149780273438,829.6437997921809,821.1987206116987,825.0508313203162,164448
2023-11-03,825.3965454101562,829.6931465186991,821.7419325884784,825.3965454101562,408324
2023-11-06,817.74169921875,829.6932082226938,816.5564111497522,829.6932082226938,834165
2023-11-07,803.4196166992188,819.6677271842769,801.2959730567387,817.7417018879063,1200203
2023-11-08,810.1361694335938,814.8278869994772,806.0864402049724,810.1855438770361,724839
2023-11-09,817.5441284179688,820.3097603450237,804.3085223785744,810.7287673421416,485510
2023-11-10,819.667724609375,823.272963260049,808.5063875546423,816.6551601364004,448677
2023-11-13,804.01220703125,820.6060587063396,801.2465751331107,816.8526968241324,859220
2023-11-15,814.3340454101562,821.1493465300932,803.024524368866,808.9509046225107,857034
2023-11-16,811.1239013671875,817.4453372991646,809.7410552299941,814.778514484408,734559
2023-11-17,814.827880859375,821.9889234059723,807.9631452574548,812.8030464034503,744034
2023-11-20,818.1860961914062,822.4827577308538,805.2962321455699,816.7539359645101,1464739
2023-11-21,833.2984619140625,841.9410996557161,820.9024018384567,824.6558241724088,1332293
2023-11-22,837.4962768554688,842.1385595474263,828.8042047744542,835.1257007813276,577309
2023-11-23,824.7545166015625,841.9410420200961,823.8655355230599,839.2741590708405,693188
2023-11-24,814.877197265625,829.495588262352,808.7532596046816,827.1744470270655,669289
2023-11-28,810.3831176757812,815.5687003493108,807.9631670375494,814.8772772689221,1139966
2023-11-29,810.3336791992188,817.000856395491,809.3459492442154,812.9017529677265,1812824
2023-11-30,817.7910766601562,819.2232972368521,801.1972244921175,810.9263410097047,2063628
2023-12-01,825.2484130859375,830.6809280733374,817.9886217172777,817.9886217172777,1179786
2023-12-04,827.5695190429688,838.0394927422838,820.3591024255763,833.6440823833674,995617
2023-12-05,822.2852172851562,836.5579277084978,815.2723584654543,831.5699033125475,1388896
2023-12-06,834.6812133789062,839.4717399871599,823.4705021420082,828.705459015367,1717573
2023-12-07,855.4235229492188,859.2756939218981,822.8778085901806,835.1750586946923,2356938
2023-12-08,844.95361328125,867.8195258713611,834.4836394474789,861.300532196303,2817604
2023-12-11,842.18798828125,855.2259757374652,840.0643447180199,849.3490306083584,1333574
2023-12-12,840.80517578125,851.1763409450715,836.3603907110407,842.1880219175952,993904
2023-12-13,841.9411010742188,846.2377025870915,831.1748196405457,844.410426147423,1208554
2023-12-14,842.3361206054688,850.8306346628912,838.9778748224214,845.4968686201781,1805824
2023-12-15,849.299560546875,859.2262946232291,844.4103455973285,846.3858054674486,1631125
2023-12-18,858.0903930664062,861.7943803746066,847.1759891888263,850.3367370824076,1863543
2023-12-19,886.092529296875,893.4017551673055,857.6952927451226,860.7079173735283,4021526
2023-12-20,916.6627807617188,945.4057588773655,896.8588070466291,896.8588070466291,11662400
2023-12-21,931.0836791992188,936.3680104177714,906.2916208107096,916.1689204986607,3013363
2023-12-22,935.972900390625,942.7388868925375,931.4293666191791,938.3434764456205,1665456
2023-12-26,954.1471557617188,956.6164806989904,936.3680162133638,938.343476163181,2231517
2023-12-27,973.111572265625,980.6182958750213,953.5050963150101,954.097770464964,2629166
2023-12-28,959.6290283203125,979.8281180119834,953.1594091548023,979.8281180119834,1660995
2023-12-29,966.3456420898438,972.9140708450769,957.8511880223485,960.3205130752549,1746196
2024-01-01,965.9505615234375,970.2965373335358,960.5674209886665,966.9876659618556,764752
2024-01-02,980.0257568359375,985.7545790053706,956.1226778328644,965.4073643147526,1525164
2024-01-03,974.790771484375,987.8781941235997,970.9386003288935,980.1738518126366,1252415
2024-01-04,1001.6569213867188,1010.3983676439506,974.0992918652603,974.7907148897237,2398169
2024-01-05,996.817138671875,1000.7186842706716,986.0508574427281,997.6073106230382,871685
2024-01-08,977.902099609375,998.9901718238362,973.1116331005927,996.7677792666423,1283342
2024-01-09,981.2109985351562,991.9772192802399,977.9020668889631,982.0999193565369,1497125
2024-01-10,999.7308959960938,1013.2134339684059,977.8526534236793,980.8158432825389,3880133
2024-01-11,1042.7464599609375,1046.9937469748368,999.5333349357279,1002.5458992259051,3915284
2024-01-12,1043.931884765625,1048.4754187540605,1034.5484495530357,1042.0551736086045,1135534
2024-01-15,1047.8333740234375,1055.1426003307297,1031.782761100082,1043.9318886495348,1480681
2024-01-16,1038.499267578125,1054.9449949489208,1034.5483478769127,1046.0059908959279,1406227
2024-01-17,1039.7833251953125,1048.919827716615,1020.0287251492535,1022.3005523835543,1388891
2024-01-18,1023.5352172851562,1037.1165048486505,1003.4349358056869,1037.1165048486505,1646283
2024-01-19,1038.2030029296875,1041.462560234181,1025.362512632309,1030.6468441401892,748309
2024-01-23,994.8909912109375,1023.4857250078052,980.3219744620059,1022.2017484175032,1513441
2024-01-24,1019.0903930664062,1024.0290428995365,984.1741628606773,994.6440763924121,1418343
2024-01-25,992.8662109375,1020.8189579613384,983.82845729678,1019.1891793421086,992236
2024-01-29,1027.63427734375,1030.2023511323594,994.4465144241103,997.5578879212259,1557213
2024-01-30,1004.422607421875,1043.981119463721,995.8293448239873,1029.1651702557256,2008069
2024-01-31,1079.3419189453125,1087.490691154234,977.9514139525352,988.7176946824596,9851087
2024-02-01,1035.8817138671875,1077.6133013865092,1027.2885121217928,1077.6133013865092,3878597
2024-02-02,1045.4134521484375,1051.9324460092039,1033.511257464588,1042.0551460466763,1496441
2024-02-05,1010.5465087890625,1046.9443340905484,1000.7186438107632,1046.006038847497,1750764
2024-02-06,1015.8308715820312,1032.0296677174395,1003.0891907373397,1015.5839390817125,1008129
2024-02-07,1026.1527099609375,1030.0541951895273,1007.6327726622363,1024.275998866834,481658
2024-02-08,1051.5867919921875,1057.36498850614,1025.0168302870122,1029.2146828803343,1639793
2024-02-09,1044.3270263671875,1061.6123021805026,1022.5969653447341,1059.2910401132738,1194907
2024-02-12,1062.1553955078125,1071.6870138003537,1039.6845387668372,1045.7096674488175,2309419
2024-02-13,1086.651123046875,1091.9354541378357,1057.3649060647247,1071.686990266442,1597979
2024-02-14,1072.7735595703125,1089.7131536693419,1061.8097803712146,1076.625730794999,892247
2024-02-15,1073.5142822265625,1081.3668077470552,1057.6118539952097,1075.5391768722725,962590
2024-02-16,1061.908447265625,1081.5642974246468,1051.5372827697722,1079.5888375206748,943246
2024-02-19,1083.7867431640625,1086.5030006657269,1058.2045120338857,1061.9084995361552,900446
2024-02-20,1092.182373046875,1099.7385311462801,1072.2795907891284,1088.4783857993725,1091062
2024-02-21,1093.5157470703125,1103.294297184929,1079.0949146593869,1096.380187891917,1409303
2024-02-22,1084.971923828125,1099.2446940606765,1072.7241688104052,1099.2446940606765,1186275
2024-02-23,1081.6136474609375,1093.5157201069344,1077.6132932396204,1087.4411572633578,762239
2024-02-26,1083.836181640625,1090.1575572083475,1053.5127981736916,1085.5152744184556,2415442
2024-02-27,1103.5413818359375,1111.0481059890142,1071.5883393114673,1083.836215862547,1815929
2024-02-28,1097.0223388671875,1119.591945052149,1089.466180319824,1114.3569278696596,1446728
2024-02-29,1095.4913330078125,1111.541945714726,1072.8722916017216,1098.9483880523785,1394524
2024-03-01,1072.03271484375,1103.0968952079274,1051.389134047784,1103.0968952079274,2092842
2024-03-04,1097.2198486328125,1113.1717122799869,1082.897763603478,1090.4539222334565,1327430
2024-03-05,1058.2044677734375,1097.763100872101,1054.0066154464448,1093.4170649367134,1934196
2024-03-06,1048.9197998046875,1064.4765469269914,1030.5974810930336,1063.0938214185699,1443427
2024-03-07,1068.8226318359375,1077.7616367568853,1048.9692825241357,1048.9692825241357,1715695
2024-03-11,1060.476318359375,1082.502624595166,1050.352086052748,1082.502624595166,1705320
2024-03-12,1041.01806640625,1065.5138205444132,1036.6227157926874,1056.87118237082,803495
2024-03-13,1029.70849609375,1055.3894753728268,1011.3861171653517,1046.9937706085132,1744305
2024-03-14,1060.476318359375,1064.1803057886286,1012.2257328954645,1024.3747393199121,1259950
2024-03-15,1052.278076171875,1060.4762829707145,1037.1658803083262,1060.4762829707145,891060
2024-03-18,1043.635498046875,1053.957348931538,1023.9303326973069,1053.907914202337,1479630
2024-03-19,1033.4124755859375,1044.2280704705945,1019.3373235887096,1043.9318238246824,725350
2024-03-20,1034.9927978515625,1042.697139644848,1021.3621969659459,1035.437348669927,508050
2024-03-21,1070.64990234375,1075.48980353543,1037.1165165380253,1037.1165165380253,1377158
2024-03-22,1051.8829345703125,1076.6256174010525,1048.6728123165938,1076.6256174010525,935122
2024-03-26,1087.5894775390625,1102.3066786353445,1046.6974314751849,1049.9569887001535,1681188
2024-03-27,1079.440673828125,1096.3802669317063,1070.5017899412396,1096.3802669317063,1538888
2024-03-28,1090.0093994140625,1102.30658866615,1066.8470604897193,1085.5151800574363,1282825
2024-04-01,1137.4698486328125,1141.5195175352121,1087.6882323105433,1090.0094942782391,2195111
2024-04-02,1175.7938232421875,1199.8944595027879,1144.7790769396736,1157.7183159036094,4378945
2024-04-03,1204.9810791015625,1209.7716657169906,1169.4722363698402,1179.7446517497513,1801659
2024-04-04,1203.005615234375,1213.920079146507,1197.6719700915692,1210.9568893682813,745552
2024-04-05,1217.1796875,1225.4765227711816,1201.1290755238954,1202.0673707642654,1994497
2024-04-08,1290.81494140625,1374.9201759994544,1287.9999349879947,1293.926315056958,10761579
2024-04-09,1297.9759521484375,1337.1394702579362,1287.0121734043146,1298.81549852311,3312935
2024-04-10,1326.2745361328125,1333.43557905738,1278.7153096985958,1307.7051628028585,2766610
2024-04-12,1293.2843017578125,1326.274509157255,1287.555539878188,1323.3607537727705,2271423
2024-04-15,1268.146484375,1295.8522366364582,1263.257148865918,1284.0489121727935,1840495
2024-04-16,1281.1845703125,1285.4811717363198,1256.738252594461,1260.985539861347,1261801
2024-04-18,1275.8507080078125,1298.8648637078343,1269.2329656764769,1288.9875643640485,1245277
2024-04-19,1284.59228515625,1294.7165175413982,1256.7382271287279,1261.3311956911261,823264
2024-04-22,1366.1787109375,1377.88328678602,1316.446531833595,1347.2636581907752,8939049
2024-04-23,1378.525390625,1389.439734718238,1366.6231959649776,1375.9078820256684,2294024
2024-04-24,1396.7984619140625,1405.9842789539541,1382.031825454227,1388.2545729429557,2738926
2024-04-25,1409.8857421875,1419.2197419028662,1386.8715863284717,1398.5761620172254,1976954
2024-04-26,1436.900146484375,1443.0734586792726,1408.6510939950242,1416.4047499973149,1633241
2024-04-29,1449.641845703125,1459.2227777278704,1436.1593081387666,1447.0243372924986,1670290
2024-04-30,1456.65478515625,1463.519460274822,1442.3821352021657,1458.7784287235982,1931803
2024-05-02,1463.7664794921875,1481.5950548816018,1445.0490435278555,1463.8159142230224,1529682
2024-05-03,1473.1993408203125,1482.5827761121616,1461.8404454670215,1473.5944569471035,1688779
2024-05-06,1429.44287109375,1483.8668929626824,1427.2699132264943,1482.9779118087995,1023497
2024-05-07,1372.1544189453125,1444.5550735980673,1363.0673514976636,1434.282657849091,2353647
2024-05-08,1302.6182861328125,1317.1873026698775,1246.5151776119278,1264.2943164368207,9132726
2024-05-09,1260.3929443359375,1306.1742067968485,1258.4174842895334,1305.7296559429,1905942
2024-05-10,1271.7518310546875,1284.6416354273274,1249.577219839341,1260.392935864213,3013310
2024-05-13,1285.8763427734375,1295.8523921739848,1242.070539126309,1265.3809442152897,2142147
2024-05-14,1288.1973876953125,1312.1992743639416,1276.8384929605097,1293.827520907371,1943532
2024-05-15,1287.45654296875,1301.1366991053656,1283.7032415376138,1295.85224746465,621432
2024-05-16,1304.396240234375,1308.3471603141838,1282.4686820204408,1288.987676037623,1232510
2024-05-17,1272.49267578125,1309.680615826646,1269.233118376646,1307.7545904518904,2672435
2024-05-21,1279.702880859375,1289.9752963074106,1272.0974085818161,1280.7893596743831,1199576
2024-05-22,1281.7279052734375,1290.9631569951277,1271.208556275998,1283.9996120126289,681190
2024-05-23,1330.9661865234375,1335.1640390597822,1273.826029643223,1292.9385811941963,2461035
2024-05-24,1354.72119140625,1365.4873524384,1314.5699409637568,1336.398750843069,1797112
2024-05-27,1393.835205078125,1420.2075476876068,1343.164608159447,1355.955783924615,3161477
2024-05-28,1372.79638671875,1411.4166019563963,1366.6230748018468,1399.0206639707537,914680
2024-05-29,1358.4251708984375,1392.0079922252467,1355.165613540653,1372.9447542430814,1288677
2024-05-30,1333.9293212890625,1358.425072715376,1329.1881692154193,1357.14097552845,855382
2024-05-31,1343.016357421875,1369.7345006518738,1335.4603198038099,1339.3618048559154,1737939
2024-06-03,1389.044677734375,1408.453474805335,1370.9691714096982,1392.699230322532,1684565
2024-06-04,1342.572021484375,1395.0204611115098,1224.2913523118505,1392.69931969319,986607
2024-06-05,1441.7894287109375,1453.494125635985,1328.4968462589718,1344.251091485604,1930010
2024-06-06,1431.7640380859375,1460.0624055025144,1422.331168565407,1448.9011290926928,1186354
2024-06-07,1433.690185546875,1441.9871421853838,1388.0076701617265,1428.2576702037763,684903
2024-06-10,1443.27099609375,1450.4320384365778,1408.4535143579321,1440.1103083921255,2303558
2024-06-11,1442.8265380859375,1457.889419965664,1427.615472597811,1444.0612005350954,1079454
2024-06-12,1429.4921875,1454.7780504126195,1423.763305491416,1443.814271948955,1071432
2024-06-13,1464.4578857421875,1473.693136983447,1428.455055460984,1432.208477631366,2364100
2024-06-14,1480.1134033203125,1493.3983235762323,1452.0125330812064,1471.7176983298402,1792373
2024-06-18,1517.3013916015625,1531.672790075973,1481.150499431829,1481.150499431829,2368835
2024-06-19,1459.6180419921875,1540.8588364119862,1454.778140763314,1526.684934691545,2053603
2024-06-20,1465.8406982421875,1486.0397277348052,1452.9507740099025,1464.6060357897659,1249993
2024-06-21,1468.951904296875,1483.0270558054103,1457.0498309787722,1469.7421364702145,1847089
2024-06-24,1494.040283203125,1509.251348394375,1451.2222144165155,1462.8280412120873,2870856
2024-06-25,1491.462890625,1510.7939151296112,1486.4566025405916,1493.0490017664636,856073
2024-06-26,1482.4417724609375,1502.565792062629,1478.525928216657,1487.0018873797305,1579697
2024-06-27,1490.0255126953125,1498.8482937883462,1469.4057046966511,1485.5645070139935,1004585
2024-06-28,1459.4427490234375,1494.3872936568791,1455.9235838026198,1477.0885533000858,678142
2024-07-01,1431.7349853515625,1475.9484839786785,1427.5218133330447,1459.4427388095105,856095
2024-07-02,1437.4847412109375,1443.3831334956953,1404.2254179922063,1433.4201726651158,1255867
2024-07-03,1439.2691650390625,1460.6819689438805,1434.0646582074214,1447.0511177181536,1022098
2024-07-04,1432.1810302734375,1444.3248789713064,1424.9938545134744,1443.3335443837252,1024620
2024-07-05,1440.161376953125,1446.3076032251813,1427.521860480124,1427.521860480124,353725
2024-07-08,1447.0015869140625,1466.1838874047844,1426.5801181615043,1440.1613539062207,1537206
2024-07-09,1456.220947265625,1468.7613544595417,1443.3832122920767,1454.2878931541734,1250984
2024-07-10,1472.1815185546875,1477.9808018504991,1435.9978051036499,1462.218557267953,831731
2024-07-11,1499.6910400390625,1503.8545969783565,1468.3647696861842,1472.1815047284829,1212936
2024-07-12,1506.8284912109375,1515.2548347473144,1490.1245285207406,1508.8111602783204,1401984
2024-07-15,1517.6837158203125,1521.797778771004,1501.9215918842744,1506.9277591992482,1231226
2024-07-16,1508.5137939453125,1526.4570467956416,1501.7231762209592,1515.9488033542812,690677
2024-07-18,1480.3104248046875,1511.7852990638864,1473.6685312400405,1508.464352281563,949789
2024-07-19,1464.7464599609375,1496.9152187401119,1457.3114505963342,1479.5172484219313,1413955
2024-07-22,1470.3475341796875,1493.6438989253325,1408.8352905120046,1457.2619649403384,1780537
2024-07-23,1470.6448974609375,1482.9374708569146,1421.4747248895549,1473.668516433697,639411
2024-07-24,1486.2584228515625,1505.7381722560242,1458.3523292121579,1470.644902651521,1055665
2024-07-25,1448.9346923828125,1481.9956785785828,1438.4265693522832,1477.088620492696,817753
2024-07-26,1477.4354248046875,1485.762659240801,1448.9345564456062,1452.2060088709604,527572
2024-07-29,1503.0615234375,1520.1125517472274,1479.7651595420384,1487.0019507741506,1349590
2024-07-30,1526.308349609375,1546.3332602361052,1503.0614805021419,1503.0614805021419,1477725
2024-07-31,1524.2760009765625,1538.799076537595,1519.8149954398132,1528.6378972594437,623793
2024-08-01,1523.3343505859375,1535.8747575878767,1506.778990013952,1526.655297322413,627964
2024-08-02,1477.83203125,1517.9810819061295,1469.1082385048937,1506.8285678349823,532217
2024-08-05,1439.2691650390625,1467.1256440687696,1420.5329162426485,1462.2185860325194,1259451
2024-08-06,1450.6199951171875,1487.0019271976118,1442.590087900299,1443.2840947405073,722961
2024-08-07,1457.0635986328125,1473.0735551199648,1452.8999208334667,1469.1578319755108,710286
2024-08-08,1423.556396484375,1499.3438735050163,1409.5289885699956,1457.261770774395,2671985
2024-08-09,1416.4683837890625,1431.487126808148,1406.2577102704508,1431.487126808148,1007544
2024-08-12,1568.836669921875,1584.1527415778005,1450.4712906853335,1487.0019476637676,14020378
2024-08-13,1559.71630859375,1585.0449566764833,1555.2058086559186,1568.8366597544973,2001384
2024-08-14,1536.8660888671875,1566.6556211850987,1533.0493538221294,1566.3086782753276,1440494
2024-08-16,1521.847412109375,1578.2047627578643,1513.6689012470933,1556.3954004584466,2624760
2024-08-19,1593.7686767578125,1597.734015378607,1534.6356613852395,1539.493104385688,5251306
2024-08-20,1644.7728271484375,1657.4618374313836,1578.2046845010545,1607.498670360214,4524759
2024-08-21,1661.42724609375,1668.2179852065374,1636.3960463645853,1640.6588337333756,2331508
2024-08-22,1669.209228515625,1674.116286323674,1651.6130395698099,1661.476770320342,1913769
2024-08-23,1675.9007568359375,1684.2774858029318,1655.627891653573,1665.4421283984257,1487294
2024-08-26,1706.136474609375,1710.0521979039129,1669.6553126490815,1675.4545959003374,1964181
2024-08-27,1728.14404296875,1736.1738290333021,1700.6841229296272,1703.3606779469696,2743023
2024-08-28,1756.3970947265625,1764.0303228162013,1708.2182568979058,1729.8788939172296,1373848
2024-08-29,1772.90283203125,1802.3950365341045,1736.8678433369898,1756.3970866531977,2791170
2024-08-30,1728.5406494140625,1770.027979419743,1718.8255216484724,1770.027979419743,2770926
2024-09-02,1754.3153076171875,1805.2699305072942,1735.3808408676848,1739.5940129381577,1553875
2024-09-03,1795.25732421875,1812.903128294928,1758.6771747216826,1761.6015633520637,3184506
2024-09-04,1764.8233642578125,1792.283283379804,1761.4033084040427,1774.4888762934893,1456218
2024-09-05,1767.6983642578125,1779.445655384727,1763.1877433001548,1773.4976476229951,817264
2024-09-06,1763.2373046875,1775.2820442403508,1739.6931080150132,1767.6983103728135,1701203
2024-09-09,1802.1966552734375,1809.334336872664,1754.6622104628016,1770.5235637777196,1907669
2024-09-10,1814.241455078125,1821.973913481709,1789.4085955748383,1814.1423458191102,1680438
2024-09-11,1812.853515625,1830.0036524303587,1801.354058587964,1806.3107315360419,1177262
2024-09-12,1836.8934326171875,1840.7596618311538,1819.842525587037,1828.0210361882043,829123
2024-09-13,1904.8990478515625,1918.2324498082692,1840.0161257143573,1848.3433605516886,2355060
2024-09-16,1899.3970947265625,1913.2757791347942,1890.9707506215648,1913.2757791347942,961982
2024-09-17,1887.5506591796875,1908.2199610109806,1879.619982524034,1903.3127822227816,890306
2024-09-18,1873.027587890625,1891.4663869572003,1866.7821316041536,1891.4663869572003,647579
2024-09-19,1912.482666015625,1918.2324551129632,1866.6334406673177,1882.544409436443,1461840
2024-09-20,1911.6895751953125,1928.0465953111502,1876.4475834498185,1922.048972863669,2434135
2024-09-23,1866.1376953125,1915.2583711982923,1862.420190710019,1914.2174215045898,1306087
2024-09-24,1897.8109130859375,1901.5779118207558,1869.2604292443211,1878.5789983462737,1223016
2024-09-25,1894.2916259765625,1904.9980876646298,1881.1069488928995,1900.3387426098607,802399
2024-09-26,1841.45361328125,1894.2916742410177,1824.3530916295501,1893.5481732996395,2756219
2024-09-27,1850.524169921875,1861.726298825674,1825.889530372612,1850.672894307991,1172105
2024-09-30,1829.1114501953125,1866.2370036527534,1820.0903295183962,1845.8650291738857,852278
2024-10-01,1838.4796142578125,1848.4920694250275,1824.0556475528608,1829.0123205081675,963764
2024-10-03,1829.65673828125,1845.0719187845223,1807.4508189223698,1818.1076659282196,845958
2024-10-04,1793.9190673828125,1847.5007509006575,1781.6761092792394,1829.1114456715386,1490213
2024-10-07,1741.9730224609375,1802.7418787671982,1737.7598506243905,1793.3242005443285,1490593
2024-10-08,1785.29443359375,1790.8458829281392,1734.8354802791275,1734.8354802791275,1992816
2024-10-09,1771.019287109375,1798.8757655476609,1765.418222340305,1794.2660353921422,627902
2024-10-10,1761.3040771484375,1796.8435181927596,1749.6558959837766,1779.8916002835347,815772
2024-10-11,1773.943603515625,1782.0230044892896,1741.8244601556296,1769.9287711018862,667174
2024-10-14,1778.9498291015625,1824.0555505973111,1750.8455191413302,1780.4368309091146,843634
2024-10-15,1795.4061279296875,1801.0568079399727,1768.9870357826603,1783.460618220826,1669006
2024-10-16,1864.9979248046875,1885.5185036475748,1811.0692956608418,1824.2539738937612,4490374
2024-10-17,1818.7025146484375,1872.631143513263,1812.159730197059,1872.532034251316,1314829
2024-10-18,1849.136474609375,1853.7956988163637,1794.3156229185124,1814.1423148844628,1635928
2024-10-21,1798.2313232421875,1861.676736724048,1785.8396409215115,1858.405405198903,1225404
2024-10-22,1779.0987548828125,1824.5514244098313,1774.0924664923236,1804.229064072748,984280
2024-10-23,1780.0899658203125,1809.1856115905102,1756.694493894852,1778.256021046684,1025421
2024-10-24,1779.544677734375,1809.9291067691256,1755.7031537280047,1784.4022413717246,1165425
2024-10-25,1739.6435546875,1787.3763414187424,1723.7822005761855,1787.3763414187424,1313219
2024-10-28,1746.9793701171875,1762.9398327121787,1713.571443051662,1736.8181906343098,747662
2024-10-29,1755.257080078125,1760.1146439908844,1708.0695756667383,1751.6882995955464,1524171
2024-10-30,1683.1871337890625,1767.5000735322926,1635.6030703812323,1764.5756847070322,5968136
2024-10-31,1635.2064208984375,1690.1263818804352,1603.6819322481592,1690.1263818804352,2529685
2024-11-01,1628.614013671875,1652.9513263613999,1620.931170567802,1648.5894299449697,139205
2024-11-04,1650.6217041015625,1660.9811021408218,1604.2271969796388,1623.9051643483042,1508628
2024-11-05,1680.0147705078125,1689.2838462266902,1627.5236495840734,1646.1607892710592,1162365
2024-11-06,1722.7908935546875,1734.2903512671817,1674.4138353473763,1681.8488452062127,901944
2024-11-07,1751.6385498046875,1765.2693999845926,1718.9741245058499,1723.9307972985428,3509476
2024-11-08,1750.6968994140625,1777.4133184151735,1735.8764955845081,1759.6189107927298,1710362
2024-11-11,1738.9000244140625,1770.5236228431618,1723.038670570003,1753.4727158658081,1301562
2024-11-12,1684.872314453125,1768.4418722419148,1675.355526199115,1744.7489503612085,2230594
2024-11-13,1670.7952880859375,1690.2254212182595,1657.3626564213946,1685.268748428763,1383751
2024-11-14,1693.7943115234375,1720.758685858535,1670.3988386387766,1682.7409062818683,1787679
2024-11-18,1681.25390625,1728.8875833122079,1675.0580648533823,1705.095552349196,1849251
2024-11-19,1672.1336669921875,1717.3385013726636,1657.6105906352814,1694.1908622437518,1830677
2024-11-21,1660.9810791015625,1692.4559518329709,1645.8632268447443,1682.2947724472406,2403002
2024-11-22,1639.0726318359375,1666.3343330031805,1633.4219520773952,1660.9811020260172,1776998
2024-11-25,1630.001953125,1700.4363264620658,1608.0438670330502,1683.2861890869697,27795722
2024-11-26,1659.59326171875,1670.4484484059733,1628.1680026966633,1655.5288139827348,1734910
2024-11-27,1648.6884765625,1660.4853819862794,1627.9695601310332,1655.5287092042308,1253588
2024-11-28,1632.9759521484375,1663.3603824419124,1622.9138815569163,1648.688581666711,995375
2024-11-29,1643.880615234375,1652.4556838040005,1625.9869771384374,1630.8445409246292,972035
2024-12-02,1706.1859130859375,1710.0521421315218,1641.6500564462608,1652.5547367728966,1145049
2024-12-03,1673.5216064453125,1710.6966556613804,1665.4422048798476,1706.4338682795926,1171727
2024-12-04,1673.6702880859375,1689.7298605319786,1662.0221062958226,1675.3555085356668,862542
2024-12-05,1653.447021484375,1677.6851043123772,1641.8483339310008,1675.355492179603,652937
2024-12-06,1696.0743408203125,1702.9640676800734,1648.589390692276,1655.429623431026,1190529
2024-12-09,1749.0611572265625,1751.688218088906,1698.6022024633758,1699.2465941484825,1382138
2024-12-10,1751.2421875,1760.610251072827,1739.2965571549971,1745.7898471954388,862810
2024-12-11,1781.62646484375,1789.9536995466383,1739.7921938301647,1744.7488667470598,1087805
2024-12-12,1772.1593017578125,1791.6390506289947,1764.5755679514714,1781.1308071783665,1130165
2024-12-13,1791.8372802734375,1798.1322307485186,1740.7835486363244,1769.2348031048127,819472
2024-12-16,1792.4320068359375,1817.0666466295095,1786.4345053116083,1804.228912388675,587602
2024-12-17,1754.3153076171875,1795.306969323872,1747.822017550625,1794.216525461078,644058
2024-12-18,1741.7747802734375,1765.3685906423075,1722.344647564524,1746.087061303825,639538
2024-12-19,1723.187255859375,1743.4599986997728,1715.6531375941486,1731.8614330426165,680382
2024-12-20,1671.8857421875,1739.7921598215607,1664.6489514652853,1724.4760892127551,813116
2024-12-23,1680.857421875,1694.1908237800203,1669.5561832833248,1672.4805719351618,649135
2024-12-24,1660.4854736328125,1688.0941183501127,1654.0914137960726,1685.2688389109142,448485
2024-12-26,1696.470947265625,1701.8736724238656,1645.9623768512104,1662.2202884734043,702995
2024-12-27,1690.52294921875,1707.2269130996976,1686.4088864081543,1696.5204509676082,777445
2024-12-30,1755.653564453125,1784.4022676542206,1660.4854435115665,1675.4050775433516,3974159
2024-12-31,1774.4393310546875,1793.1260852030775,1716.5454868269992,1721.749993512752,1610537
2025-01-01,1811.11865234375,1817.06665979031,1747.3262966818997,1774.4888882236942,831427
2025-01-02,1819.89208984375,1835.4063793767516,1799.4705004672003,1815.9267514813168,1236617
2025-01-03,1808.88818359375,1843.287566581248,1797.3392323943506,1814.1423053421,1036412
2025-01-06,1760.6102294921875,1817.2154103031985,1752.4317191355938,1810.1769589260891,787457
2025-01-07,1764.278076171875,1789.3588890606698,1749.35856358251,1756.6448484296436,895288
2025-01-08,1749.1602783203125,1764.0799123849984,1692.5056030073742,1758.726681367726,1193905
2025-01-09,1712.9271240234375,1746.4837769023247,1706.4338338198113,1739.89137743863,622759
2025-01-10,1649.0850830078125,1716.347110432648,1640.6587390309166,1705.1945963455798,668906
2025-01-13,1578.1055908203125,1639.6674459362105,1563.4834053139284,1630.7454344407897,871019
2025-01-14,1623.4591064453125,1637.6351183955935,1571.4635348828115,1571.4635348828115,864485
2025-01-15,1611.0675048828125,1632.4803087778328,1590.5468053484994,1620.8321268266322,757277
2025-01-16,1573.8427734375,1684.2774711453565,1560.01370428955,1619.0972217470003,1344773
2025-01-17,1583.1116943359375,1601.6001082827158,1564.920729165389,1566.606070543157,1005199
2025-01-20,1532.9501953125,1586.1353194451494,1517.485400150414,1586.1353194451494,1419203
2025-01-21,1491.314208984375,1545.391560822991,1487.4479797701179,1538.5513277535401,722888
2025-01-22,1474.1641845703125,1498.7988254992474,1452.3052079500808,1490.669809065663,842352
2025-01-23,1484.6722412109375,1518.6749443142985,1451.809476051715,1466.1838272997516,1007459
2025-01-24,1443.9779052734375,1487.0018496594207,1435.5515614587007,1487.0018496594207,1381920
2025-01-27,1406.4559326171875,1439.6656409820691,1397.781755059196,1437.4351381814429,736721
2025-01-28,1418.5501708984375,1439.7647551436364,1393.5189727172208,1402.8871571192885,642824
2025-01-29,1461.3262939453125,1470.6944784221005,1406.2577301149245,1411.8091796127303,454464
2025-01-30,1258.301025390625,1417.6084433068868,1251.460792615521,1417.6084433068868,11456156
2025-01-31,1249.9241943359375,1272.4770562717345,1228.31317286871,1258.3010442338905,5032200
2025-02-01,1312.4774169921875,1320.259490541034,1125.1647896263603,1258.9949628418306,5371015
2025-02-03,1389.1572265625,1394.411227347003,1265.5873441873473,1303.704111239524,7208353
2025-02-04,1388.4632568359375,1432.478538555298,1359.1693911636555,1408.9343411222956,4017475
2025-02-05,1382.4161376953125,1424.8948022703216,1376.3194055352408,1387.8684781451686,1625191
2025-02-06,1339.9869384765625,1402.2924152714215,1333.0972113701225,1387.868448349635,1870141
2025-02-07,1371.263671875,1375.9725115217784,1310.5444237981203,1318.4751010979576,1597612
2025-02-10,1356.5423583984375,1377.6577138224695,1341.8210630578205,1371.2636537390545,480296
2025-02-11,1281.44873046875,1353.617818744831,1275.8476656207456,1349.3055373176162,1396393
2025-02-12,1287.892333984375,1301.2257355786478,1254.0382341331383,1278.6233799345907,1480614
2025-02-13,1237.7308349609375,1295.4264589579593,1234.756831228874,1288.7349505608165,2004213
2025-02-14,1203.33154296875,1253.0469999624895,1191.7824700719693,1239.1683148363227,1020091
2025-02-17,1230.841064453125,1234.1620112936253,1172.451429972094,1189.601567643973,987187
2025-02-18,1216.2188720703125,1235.153339385768,1192.4764559802886,1231.7332833019332,628523
2025-02-19,1272.97265625,1278.3755020904873,1202.3896855379455,1214.3848092471899,1829398
2025-02-20,1268.065673828125,1279.9120738560796,1244.1745342453212,1261.9689418546805,1895350
2025-02-21,1258.003662109375,1288.487202385075,1246.6529288507522,1263.9516699680482,1639291
2025-02-24,1266.0830078125,1280.7051931534916,1232.9724079903938,1249.0815952304692,1051867
2025-02-25,1266.628173828125,1290.3210950419564,1252.5512708707568,1268.9082918199988,1218753
2025-02-27,1301.275390625,1310.3461264435227,1263.951618625438,1273.9640739116521,2636482
2025-02-28,1308.6607666015625,1323.9769586075483,1271.9813868123417,1298.6483114561988,8031830
2025-03-03,1354.311767578125,1368.0417273786597,1310.6930458356169,1335.476410462042,5084713
2025-03-04,1397.335693359375,1412.6517640807153,1352.0812459777237,1362.9859262618554,4297483
2025-03-05,1375.774169921875,1405.4645920021167,1369.8756566002642,1397.7817490551822,2467014
2025-03-06,1394.0643310546875,1409.231799381574,1376.3690320150058,1397.7818359375,1637524
2025-03-07,1393.2711181640625,1405.6628002460386,1368.041701850167,1402.5401931713968,1234800
2025-03-10,1385.637939453125,1422.3669348491835,1378.599487983931,1391.8337807134235,1552435
2025-03-11,1393.91552734375,1405.7124330364759,1360.1110424020062,1377.9054496902306,1484093
2025-03-12,1432.924560546875,1439.4178506334617,1396.3444103263341,1400.012299970459,2355735
2025-03-13,1390.396484375,1451.1652268007842,1382.5153011718073,1439.368320071421,1236849
2025-03-17,1445.8118896484375,1448.0920076187545,1390.7928197029705,1392.2798215933885,1881080
2025-03-18,1445.8118896484375,1445.8118896484375,1445.8118896484375,1445.8118896484375,0
2025-03-19,1482.2435302734375,1517.733359387846,1464.201287926746,1464.201287926746,2604431
2025-03-20,1457.1627197265625,1497.063936472493,1452.8504385167737,1497.063936472493,1799802
2025-03-21,1417.11279296875,1451.2642211064297,1399.7644376858168,1447.3484978904337,3477300
2025-03-24,1436.5428466796875,1444.0769649233264,1419.7892688798418,1425.3903331903323,1634298
2025-03-25,1409.7274169921875,1441.896176372174,1405.712463455306,1440.4091744714808,1306047
2025-03-26,1416.2701416015625,1423.5564264060813,1404.2750176428451,1417.6084190534098,1305728
2025-03-27,1411.065673828125,1422.5651308225133,1401.4001616152195,1407.695112033428,1682189
2025-03-28,1446.0596923828125,1457.063602946682,1415.625769414553,1417.6084385593913,2104275
2025-04-01,1340.333984375,1417.6084674657643,1336.1703064784256,1417.6084674657643,3909338
2025-04-02,1333.1468505859375,1352.5273698750875,1316.4923804999037,1348.2150884637567,2806215
2025-04-03,1340.2843017578125,1345.191359339271,1315.6496625737173,1318.4749418179665,1252993
2025-04-04,1286.8514404296875,1339.2930658023977,1283.7783273235418,1334.3363927239284,1400431
2025-04-07,1283.7286376953125,1295.5255431400217,1210.5186047770715,1210.5186047770715,1402866
2025-04-08,1309.2060546875,1323.1838482488529,1285.116575668183,1321.4490127107854,726257
2025-04-09,1266.677734375,1302.117944904373,1262.9602297740169,1299.6396085037175,1599417
2025-04-11,1273.765869140625,1290.7176668296615,1266.3308595390718,1288.7349976025805,1739781
2025-04-15,1278.1278076171875,1298.9458351852134,1266.1325615893963,1298.9458351852134,2110074
2025-04-16,1266.033447265625,1285.8601401082863,1262.9603340775184,1280.8043576359134,1650183
2025-04-17,1273.765869140625,1283.381766486957,1252.1547261604328,1269.0074145906206,2003289
2025-04-21,1306.5791015625,1309.5531055873007,1272.6755040847838,1276.8390613144916,1963547
2025-04-22,1332.948486328125,1345.4392781546887,1291.2133236398524,1308.5616792357814,3045620
2025-04-23,1287.74365234375,1342.2670556377502,1274.856302474259,1342.2670556377502,4051558
2025-04-24,1264.94287109375,1297.656910863416,1263.455869286038,1297.656910863416,2359722
2025-04-25,1218.746826171875,1273.7658984911366,1212.6004788187827,1269.8996692067367,2212922
2025-04-28,1235.599365234375,1243.0343741061167,1219.3414549656632,1219.4405642147835,1884572
2025-04-29,1253.6417236328125,1259.8871800809688,1234.6081475253777,1240.1595971390025,1139516
2025-04-30,1225.388671875,1251.0642621550126,1213.3935474467,1249.1807022170922,2072635
2025-05-02,1193.1702880859375,1229.2548913573182,1189.6015077651466,1221.7207726773104,1898086
2025-05-05,1229.5523681640625,1240.1596001117264,1204.372444806611,1208.4368925149436,1633643
2025-05-06,1218.9449462890625,1237.7803028597682,1211.9064951414605,1231.2375189903426,1012805
2025-05-07,1233.22021484375,1244.918011267373,1192.07982986303,1192.07982986303,2149507
2025-05-08,1212.5013427734375,1276.8389834559841,1201.5966620141085,1276.8389834559841,7440411
2025-05-09,1224.89306640625,1229.2549630583178,1179.688230676934,1179.688230676934,2021024
2025-05-12,1254.7320556640625,1257.8052894912303,1240.5560446117881,1251.9563916109146,1877453
2025-05-13,1246.801513671875,1266.0334296643875,1244.124958580339,1256.0209741205492,1671442
2025-05-14,1237.6812744140625,1255.7235161126448,1226.4791447908867,1249.0816225564427,1201276
2025-05-15,1251.4608154296875,1253.9391519142155,1238.5734657101427,1239.1682422639246,889877
2025-05-16,1250.469482421875,1258.9949357369592,1241.6465803232609,1258.9949357369592,1030398
2025-05-19,1258.994873046875,1270.7917783432824,1249.081527589813,1256.7147551867438,1127571
2025-05-20,1228.66015625,1266.925648504678,1226.3800382115298,1266.925648504678,1680536
2025-05-21,1257.6070556640625,1260.7793990074856,1229.5523589508903,1231.2375793743315,1054213
2025-05-22,1260.9776611328125,1265.73611580625,1249.973870839584,1257.0123225757911,1042997
2025-05-23,1249.3790283203125,1265.6368187360429,1242.4396862117612,1251.0642487130945,1212681
2025-05-26,1242.9354248046875,1257.4088864016992,1237.5821935256477,1255.029659054067,1133427
2025-05-27,1250.766845703125,1258.0036368575925,1238.4743931853027,1241.1509482629676,695507
2025-05-28,1246.9007568359375,1252.9478739288909,1241.5475255849924,1249.0816446358456,872186
2025-05-29,1251.1634521484375,1262.4646914926923,1245.512892982576,1246.6033369077822,979339
2025-05-30,1251.857421875,1261.9689867178456,1244.1249633392745,1249.4781945553514,2725042
2025-06-02,1235.202880859375,1251.559901352296,1233.220211708718,1249.0815649139747,1068841
2025-06-03,1217.4580078125,1248.4868294461314,1213.7901181681204,1237.2846999713634,1436642
2025-06-04,1218.746826171875,1226.0827266836156,1214.4840388304162,1219.4407120123317,458790
2025-06-05,1236.6898193359375,1241.051715446319,1214.8804597965463,1219.3414651568762,1012011
2025-06-06,1260.08544921875,1262.9603439058142,1239.1683123094722,1241.9440977340578,973152
2025-06-09,1275.3519287109375,1289.7262800255965,1263.4559138298405,1263.7533626068764,1637335
2025-06-10,1306.281494140625,1308.264163249748,1260.4818861248932,1283.7782481570873,2445395
2025-06-11,1300.928466796875,1316.4923718847795,1285.7609987459027,1316.1949230945538,2233115
2025-06-12,1278.7225341796875,1308.0660143537423,1271.0891850958376,1300.9284535860756,1234601
2025-06-13,1266.1324462890625,1281.3990226512035,1251.064209445597,1251.064209445597,800998
2025-06-16,1302.2171630859375,1305.2902762773065,1255.62443485622,1261.7707822514878,1362428
2025-06-17,1282.985107421875,1311.039923181155,1271.1883232595965,1302.2170216128202,2527321
2025-06-18,1280.30859375,1283.480815960555,1250.568556729094,1258.7966820432196,2428626
2025-06-19,1250.0728759765625,1285.4634712451182,1244.124868636468,1278.8215781203535,1278610
2025-06-20,1289.8480224609375,1307.8913158186951,1242.5964368658565,1247.5807787706533,1563026
2025-06-23,1290.14697265625,1299.916331182373,1260.2409220922384,1275.8918282335565,1352440
2025-06-24,1302.109375,1325.7352276339345,1297.5238049807647,1302.906918345967,1990620
2025-06-25,1306.8944091796875,1312.7759567927783,1295.1313139535062,1303.6046949436109,1394524
2025-06-26,1312.975341796875,1336.700858328745,1300.913258526687,1318.0593462856937,2728104
2025-06-27,1301.2122802734375,1325.535770183412,1293.9350927867138,1318.757138549889,4533397
2025-06-30,1309.9847412109375,1315.866289113522,1295.9289210966506,1305.8976051050863,1352048
2025-07-01,1322.345947265625,1328.3271577319601,1308.2901270073446,1314.8694341827058,1406545
2025-07-02,1328.626220703125,1338.7942294669003,1310.9815774285291,1321.8474670685853,1408061
2025-07-03,1362.7191162109375,1375.678405538474,1323.1434890166765,1332.813063916623,2797627
2025-07-04,1360.127197265625,1389.8338009995487,1349.0619829492432,1365.410526492999,1780860
2025-07-07,1361.423095703125,1364.2143758378536,1335.8036270535065,1359.728468135062,874270
2025-07-08,1366.9058837890625,1368.7002955611522,1346.2707568502083,1362.719085238234,616481
2025-07-09,1362.619384765625,1378.0708443359185,1356.6381746093823,1356.6381746093823,1046247
2025-07-10,1364.6131591796875,1370.6940320022356,1357.5354179702285,1360.7253481331286,812127
2025-07-11,1365.211181640625,1367.6036899767248,1349.0619633260023,1365.709615806978,865797
2025-07-14,1372.4884033203125,1375.0802367122799,1357.0369437786223,1365.7096498139067,684695
2025-07-15,1392.226318359375,1395.6156950993654,1370.6939862583054,1372.1892887887689,1387726
2025-07-16,1392.9241943359375,1395.516027708714,1374.5817923556222,1387.7404059023534,1646006
2025-07-17,1386.3448486328125,1395.6157735178247,1382.656484192302,1395.6157735178247,934758
2025-07-18,1372.687744140625,1390.631374782986,1364.7127971884645,1380.762353592081,1041006
2025-07-21,1381.3604736328125,1387.6407931390438,1365.5103636478163,1366.2081228427153,483190
2025-07-22,1353.149169921875,1373.983743502676,1338.5949158407918,1367.9027490047126,1649309
2025-07-23,1363.317138671875,1364.7127787072097,1343.7785432412845,1352.0525992673151,392460
2025-07-24,1339.7911376953125,1361.4231334308029,1337.5980758772764,1355.7410321916852,890104
2025-07-25,1311.47998046875,1337.1992326435095,1303.206046154195,1333.3114217303903,925449
2025-07-28,1316.36474609375,1330.6200131477167,1297.125136949311,1299.2186579777408,884988
2025-07-29,1330.9189453125,1335.8036246956358,1304.5019333315788,1304.5019333315788,624288
2025-07-30,1331.816162109375,1334.4079955722802,1311.1810352189723,1315.8662679523766,533140
2025-07-31,1323.5421142578125,1344.5761346615568,1310.8819343653915,1315.8662763211535,712912
2025-08-01,1313.2744140625,1322.6450010715914,1301.9100903147948,1322.6450010715914,449595
2025-08-04,1337.5980224609375,1341.7848209238223,1303.9038230076967,1303.9038230076967,366914
2025-08-05,1312.8756103515625,1335.8035822863278,1307.9909311235065,1335.8035822863278,316284
2025-08-06,1310.0843505859375,1320.053034190116,1298.4210394442614,1314.8693673911562,441055
2025-08-07,1305.0999755859375,1323.2430522968552,1284.9632838929278,1296.9257039136535,595668
2025-08-08,1300.8135986328125,1319.3553265228784,1289.9477087424289,1307.8913399304997,590345
2025-08-11,1241.3004150390625,1246.0854317722803,1188.2670677380465,1197.238882846807,4002006
2025-08-12,1241.10107421875,1255.9544367136725,1225.151180895457,1226.0483867324979,839568
2025-08-13,1272.103759765625,1279.9790445800102,1239.8051987890824,1245.9858559735537,1199406
2025-08-14,1270.807861328125,1275.5927565461905,1254.0604238448086,1266.0228444220247,569544
2025-08-18,1344.9747314453125,1397.808754085683,1321.8474343609666,1333.7101920838636,5466642
2025-08-19,1374.581787109375,1378.469597997717,1340.7879258307557,1340.7879258307557,958153
2025-08-20,1365.5103759765625,1384.4508754792093,1359.4293814173889,1384.4508754792093,563772
2025-08-21,1358.4324951171875,1367.7034197425514,1340.0902142436628,1363.8156087161717,1270171
2025-08-22,1348.9622802734375,1381.858937718978,1345.7723500448426,1355.741034119249,616349
2025-08-25,1353.149169921875,1367.5040990012042,1343.878245267632,1355.7410033848566,578894
2025-08-26,1343.080810546875,1361.0244413000034,1334.8067543577188,1349.1616832978284,1192978
2025-08-28,1355.043212890625,1360.326542195426,1329.9220571600624,1343.0807925488425,957868
2025-08-29,1369.6971435546875,1378.1705247193272,1341.685166630368,1346.769170991545,1097616
2025-09-01,1407.478515625,1421.6339982029058,1362.8187627145878,1365.7097054067058,1473916
2025-09-02,1436.0885009765625,1440.4747459940118,1406.0827883906945,1414.4565067534559,1403210
2025-09-03,1425.8209228515625,1434.094857568352,1408.5750508363135,1431.5030240629485,1030877
2025-09-04,1398.20751953125,1465.3964704742752,1393.6219494714535,1465.3964704742752,1790205
2025-09-05,1428.3131103515625,1432.8986807122458,1400.7994448113864,1405.4847993637675,1254002
2025-09-08,1414.7554931640625,1432.3004732204972,1408.6746206546984,1425.5217198634175,456972
2025-09-09,1407.877197265625,1423.527981439574,1400.899118925235,1415.5530347648423,887526
2025-09-10,1390.53173828125,1420.7367774144552,1379.6658485181747,1412.5625053108768,1046892
2025-09-11,1390.9305419921875,1394.6189064362102,1367.2050251445762,1394.6189064362102,1235017
2025-09-12,1399.2044677734375,1404.6872439964432,1388.0395903218048,1391.827617244877,824826
2025-09-15,1411.3663330078125,1417.44720592577,1395.6157635722818,1398.107934578661,576808
2025-09-16,1410.169921875,1429.509191905045,1408.6746193730073,1413.4596360545956,620757
2025-09-17,1407.478515625,1417.4471996060709,1395.9148665445653,1412.961291814589,744641
2025-09-18,1421.733642578125,1425.920562809614,1398.1079105194278,1406.6809542962358,1125138
2025-09-19,1415.453369140625,1433.3969991191125,1411.5655583076802,1421.7335666202782,1366319
2025-09-22,1371.8902587890625,1410.5688018180156,1365.7097233149693,1410.5688018180156,1492222
2025-09-23,1368.401123046875,1382.0582923317063,1351.7534704270051,1371.890162240455,799766
2025-09-24,1368.0025634765625,1372.6877963138202,1350.75669136182,1367.6037917761912,1056484
2025-09-25,1368.1021728515625,1378.569290717634,1356.3390774316213,1365.7096644302824,643040
2025-09-26,1336.0029296875,1367.3046205827764,1328.5264169746808,1364.712787179939,1100967
2025-09-29,1370.195556640625,1378.6689376747795,1329.4236165033813,1330.8192565407307,1315242
2025-09-30,1349.2613525390625,1385.4477234138833,1336.9001602875403,1371.5912285921293,1300920
2025-10-01,1349.2613525390625,1360.0275797199445,1338.196137856955,1344.875107328776,1189113
2025-10-03,1356.1397705078125,1361.8218716070546,1341.884503977384,1345.7723150027766,873058
2025-10-06,1362.419921875,1371.6908461821117,1328.7258447417753,1350.7566108842743,1048625
2025-10-07,1367.9027099609375,1373.0864984269763,1351.853153760691,1355.740964688212,1282213
2025-10-08,1363.0181884765625,1372.6877631145007,1337.1992730244563,1362.8187417871818,2610499
2025-10-09,1377.672119140625,1390.6314082497627,1362.220659048961,1362.7190932454662,1000102
2025-10-10,1412.861572265625,1433.0979269172983,1385.946126603492,1394.6188326416332,2611807
2025-10-13,1374.18310546875,1407.0797630534207,1361.4231411243288,1405.5844604359359,1430691
2025-10-14,1387.3416748046875,1395.3166218391339,1374.1830608730645,1374.1830608730645,1087951
2025-10-15,1407.6778564453125,1411.5656675792188,1370.6940627976173,1377.6721416627688,1045348
2025-10-16,1411.1668701171875,1418.7430455520134,1400.6997520105365,1405.5844314645808,910378
2025-10-17,1422.1324462890625,1432.4999020682217,1405.5844550565014,1405.5844550565014,1075540
2025-10-20,1440.2755126953125,1443.4654428994334,1400.6997642107308,1415.5531277052455,1058298
2025-10-21,1451.240966796875,1455.427765117206,1428.412657650239,1435.4903984717648,200517
2025-10-23,1426.718017578125,1459.216025045841,1423.228978148355,1445.459192333247,1121329
2025-10-24,1436.8861083984375,1445.4591521355655,1426.7179779016285,1426.7179779016285,539503
2025-10-27,1432.10107421875,1440.8735645390252,1416.549952003747,1428.5123724288312,1206234
2025-10-28,1423.9267578125,1431.403270344747,1400.0019177093093,1426.5185911527396,1157671
2025-10-29,1414.35693359375,1421.434674891131,1382.3573606259783,1410.5687850012175,613025
2025-10-30,1415.353759765625,1420.7367516107809,1395.6157173732752,1405.5844010687986,941460
2025-10-31,1379.26708984375,1419.440934920749,1374.6815195548509,1415.353798830383,1115615
2025-11-03,1361.423095703125,1382.4571158377532,1348.3641442837163,1370.6940202974415,658410
2025-11-04,1355.1429443359375,1375.3793000975488,1350.7566989831814,1355.7410410458501,834615
2025-11-06,1288.3526611328125,1368.301452964391,1284.0660786149674,1351.753462932761,1703216
2025-11-07,1317.361572265625,1323.1434575803705,1284.165806332412,1288.352726566963,666465
2025-11-10,1336.5013427734375,1370.4946507216087,1304.4022307082555,1315.8662166869676,1057635
2025-11-11,1299.717041015625,1334.8067592758173,1294.9320241219468,1325.8349438661965,1314969
2025-11-12,1333.4111328125,1338.7942464508028,1300.514475974915,1300.9132476681293,960761
2025-11-13,1332.71337890625,1340.7879885517425,1309.4862966747116,1325.7353001554231,906489
2025-11-14,1346.6695556640625,1381.1611782165987,1295.2311701886233,1299.916403027387,4110953
2025-11-17,1369.5975341796875,1385.6470912588186,1348.8626225561388,1349.7598284636263,1487978
2025-11-18,1379.8651123046875,1391.428882438934,1360.4261796077449,1368.7002355334505,768433
2025-11-19,1397.41015625,1400.1016522248442,1379.267078559007,1385.6470605856414,709008
2025-11-20,1407.3787841796875,1413.5593192699714,1389.6344788874048,1395.1172548084098,656309
2025-11-21,1391.428955078125,1413.559384782438,1378.4696659369602,1396.6126220593762,1221980
2025-11-24,1350.35791015625,1399.6032334485278,1342.0839754499677,1386.1455100499843,3415624
2025-11-25,1352.0526123046875,1361.223752588695,1339.3923110546825,1350.7566347548018,591991
2025-11-26,1382.6563720703125,1388.1391478788105,1346.8687747281472,1346.8687747281472,477248
2025-11-27,1393.6219482421875,1398.506627477066,1360.725292811578,1379.665791392838,625765
2025-11-28,1371.989990234375,1384.0520732083035,1357.0369646415627,1380.7623589026712,1004263
2025-12-01,1356.1397705078125,1380.3635991650415,1351.753525291678,1370.694024539865,512237
2025-12-02,1348.6632080078125,1363.3171240010547,1337.6976562150915,1350.7566071942713,1208807
2025-12-03,1331.7164306640625,1370.6939581547106,1326.3333173271583,1337.7973031589977,845596
2025-12-04,1325.23681640625,1339.1929733860613,1321.4486679793742,1325.3364789042137,509272
2025-12-05,1322.8443603515625,1326.6325089283114,1308.389768622024,1320.8506235612813,568640
2025-12-08,1318.3583984375,1325.735248596231,1305.3991098328213,1321.8474376772213,335954
2025-12-09,1331.7164306640625,1335.7039039968763,1305.897516496488,1310.881858162505,529692
2025-12-10,1336.7008056640625,1341.485700769945,1323.1434203320143,1326.9314470798338,610249
2025-12-11,1349.16162109375,1351.7534544120967,1323.5420320201727,1326.8317461817853,454556
2025-12-12,1372.8870849609375,1375.3792559122085,1349.3610155185465,1350.7566555888652,371973
2025-12-15,1384.550537109375,1386.6439363996897,1357.7347529664826,1365.8093626222883,215764
2025-12-16,1389.93359375,1397.9085405767935,1371.1924200318224,1375.678327621894,569307
2025-12-17,1376.1767578125,1391.6282172446577,1371.391741055071,1385.6470071418871,662702
2025-12-18,1397.310302734375,1421.4345895619265,1366.1083967223515,1372.7873659214667,1063259
2025-12-19,1371.1925048828125,1410.5688072767573,1360.2269523174102,1392.625175806099,1059210
2025-12-22,1383.6533203125,1388.3385530533296,1367.7034261302233,1371.1924654825964,201211
2025-12-23,1381.2607421875,1387.541061380255,1371.8901554903848,1384.4507938758952,232195
2025-12-24,1390.332275390625,1415.5530939797025,1373.4852971859418,1381.2607975062492,476963
2025-12-26,1376.77490234375,1407.9769314730418,1372.6877663023886,1385.6470553088743,281489
2025-12-29,1375.778076171875,1394.918022766165,1371.690940005107,1380.1643215385689,423594
2025-12-30,1346.4700927734375,1374.4821920300687,1342.1836316867339,1372.6877802434249,367193
2025-12-31,1356.9371337890625,1370.6939655365686,1339.4919378640516,1346.470016234056,326590
2026-01-01,1379.9649658203125,1383.6533302011096,1356.9372085796488,1356.9372085796488,283325
2026-01-02,1425.7210693359375,1443.0666030102757,1382.5567426774635,1384.6501418804974,1109054
2026-01-05,1472.17529296875,1489.919477369542,1418.7430496986747,1425.0233692562358,1588073
2026-01-06,1481.5457763671875,1500.2869510757744,1468.1878370768102,1472.175310700932,1231903
2026-01-07,1502.8787841796875,1513.1465774341864,1477.7577490298588,1480.3495825472162,1046719
2026-01-08,1464.499267578125,1507.264944099507,1460.5117941810363,1502.9783615224242,375644
2026-01-09,1462.20654296875,1478.1564365525355,1453.4340528224557,1460.4121312653617,368916
2026-01-12,1463.60205078125,1478.6548600931185,1452.437174028106,1456.424647395376,802829
2026-01-13,1456.1256103515625,1475.1658939739236,1440.973259480527,1465.3965350649428,403722
2026-01-14,1435.3907470703125,1454.430908026265,1424.6245203233502,1454.430908026265,464407
2026-01-15,1435.3907470703125,1435.3907470703125,1435.3907470703125,1435.3907470703125,0
2026-01-16,1406.9801025390625,1443.9638963262062,1402.593857183964,1435.4905148151445,432002
2026-01-19,1394.020751953125,1413.160575968285,1390.6313751599314,1400.799383851479,592965
2026-01-20,1320.15283203125,1398.0082274475558,1315.0687059901068,1386.1454694982774,634651
2026-01-21,1286.558349609375,1327.1309670353721,1270.2096832969257,1315.8663052921256,868081
2026-01-22,1289.44921875,1308.88815169598,1270.90749166221,1299.916336490143,740297
2026-01-23,1311.2806396484375,1358.7315483264888,1290.944501161264,1293.9351061832592,1639531
2026-01-27,1326.4329833984375,1339.192946773049,1283.9664166271034,1315.866203375603,879649
2026-01-28,1368.6005859375,1375.578664407308,1329.4236109960802,1336.8004611446263,744898
2026-01-29,1344.8751220703125,1370.5943752354272,1328.4267936174695,1370.5943752354272,712808
2026-01-30,1323.7415771484375,1359.9278271772846,1275.9915562902797,1337.1993005936865,1448958
2026-02-02,1322.64501953125,1327.529577258599,1266.022846689151,1293.3370647269808,804266
2026-02-03,1362.619384765625,1382.6564144514316,1345.8719476529327,1346.7691535139754,885505
2026-02-04,1415.0546875,1422.5312004667135,1355.9403429679696,1364.1147368243983,598049
2026-02-05,1422.331787109375,1429.7085154278702,1400.3008995855603,1424.5248487681663,392029
2026-02-06,1430.506103515625,1434.8923486584363,1399.7028467051036,1415.5530780433362,458866
2026-02-09,1498.1934814453125,1501.2837490213624,1426.9173937593714,1435.4904373112627,769229
2026-02-10,1470.97900390625,1525.2086698381013,1454.730121809033,1505.2713016049236,1416129
2026-02-11,1501.7822265625,1504.7728317265805,1467.6893763671949,1478.1564944414772,633002
2026-02-12,1530.990478515625,1541.9560304939064,1483.9382188323618,1497.5953883999498,1343371
2026-02-13,1520.623046875,1529.196090581068,1505.4705745291726,1529.196090581068,534253
2026-02-16,1525.8067626953125,1534.9780250722429,1512.648148369852,1525.2086659874349,300771
2026-02-17,1524.9095458984375,1535.177339114483,1508.461217265068,1535.177339114483,444923
2026-02-18,1538.566650390625,1547.937237307536,1514.841134759301,1530.0932693348711,1073285
2026-02-19,1507.9627685546875,1546.441985852941,1499.290062215755,1546.1428766599972,657967
2026-02-20,1542.0556640625,1546.0431374343402,1500.386518651558,1505.1715353729783,935468
2026-02-23,1533.3829345703125,1558.1053197326485,1524.909553113033,1543.2519561346335,555656
2026-02-24,1533.18359375,1550.1303564897594,1526.2055149748048,1529.2957826662125,927647
2026-02-25,1517.6324462890625,1561.4946550159832,1508.3615216783858,1543.152252483482,1200666
2026-02-26,1539.6632080078125,1554.11779947179,1516.2368011524006,1528.199221674313,1229111
2026-02-27,1556.41064453125,1577.544205432766,1529.395414184154,1545.145983204289,1650861
2026-03-02,1494.4053955078125,1534.1804690428266,1478.05672939483,1516.2368378259514,1419196
2026-03-04,1434.3939208984375,1475.3651865383486,1425.521768074215,1465.4961653448433,664840
2026-03-05,1480.648681640625,1493.308861632118,1433.4967576949168,1434.3939635915822,821653
2026-03-06,1473.770263671875,1484.735816047874,1455.6271858187638,1475.3652287707766,686869
2026-03-09,1432.00146484375,1465.0974472390621,1408.5750573088887,1457.4216091900887,1094929
2026-03-10,1444.362548828125,1467.39018293191,1429.509186361657,1455.4277629623564,415157
2026-03-11,1466.7921142578125,1505.0718832283778,1448.649037278331,1450.4434489832133,1149992
2026-03-12,1444.861083984375,1470.1815656940178,1415.553128672837,1464.3996802960546,799532
2026-03-13,1409.771240234375,1444.3626466690348,1380.8620566829834,1435.490493586345,1524789
2026-03-16,1401.9957275390625,1417.1480783865034,1356.7378783114198,1406.1825261003714,814633
2026-03-17,1415.951904296875,1423.1293081249737,1392.126725121879,1414.5562641947342,582855
2026-03-18,1418.1448974609375,1443.465378015107,1405.8834897074678,1415.5530640755885,441894
2026-03-19,1342.9810791015625,1397.5098543778877,1337.199315311309,1395.6157800530652,1242317
2026-03-20,1320.3521728515625,1373.6846313246153,1314.2713000548588,1348.7629217577683,681533
2026-03-23,1247.2816162109375,1300.9131814869124,1219.1699777459723,1300.9131814869124,1982017
2026-03-24,1298.0223388671875,1305.7979611796025,1242.4968168254788,1279.3809481814249,1335206
2026-03-25,1364.513427734375,1376.6751727649798,1313.5733583866377,1313.5733583866377,1350940
2026-03-27,1318.4581298828125,1354.7441642110623,1313.772897048247,1345.7723485540353,1254069
2026-03-30,1268.8140869140625,1309.3865801592783,1249.1757073697343,1286.9570422425797,1622222
2026-04-01,1245.786376953125,1306.2963611731484,1210.5969958372111,1295.9289055908146,2810600
2026-04-02,1231.53125,1237.5124604208956,1183.0834699283537,1235.3192769204113,2452341
2026-04-06,1248.0792236328125,1252.6647938868275,1200.329203438966,1221.1637771167696,1213038
2026-04-07,1216.3787841796875,1241.3004944086438,1209.2013803089633,1231.4315945084077,1023903
2026-04-08,1260.839111328125,1273.9977245971093,1242.496709734974,1246.085411382149,1548576
2026-04-09,1279.8792724609375,1287.654772417481,1237.3129217825185,1260.839111706904,2040449
2026-04-10,1311.47998046875,1314.8693572055213,1276.48992562674,1295.6297493232832,1419604
2026-04-13,1357.3359375,1363.715919355057,1267.7174474094552,1281.9727136627216,2793680
2026-04-15,1397.808837890625,1408.3757404026576,1376.4759512355581,1385.6470919458836,1396462
2026-04-16,1404.38818359375,1427.6151431928008,1382.8557298306046,1404.5875085890257,1292882
2026-04-17,1435.590087890625,1443.266047205893,1389.136047073148,1412.1636816428897,1266294
2026-04-20,1433.4967041015625,1471.8761360263957,1425.422094709529,1442.4685193567184,1789507
2026-04-21,1452.6365966796875,1464.0009208780184,1439.8767540594176,1440.4748507671113,1068169
2026-04-22,1476.960205078125,1498.7916474936244,1450.4435298325398,1455.328209356525,865864
2026-04-23,1440.9732666015625,1471.8761868814993,1425.1230347655362,1471.3777526834358,1043970
2026-04-24,1459.415283203125,1465.396493380187,1427.41583309345,1448.3500687131668,715448
2026-04-27,1510.255615234375,1525.1089786261025,1470.380879518616,1476.7608615707445,1856047
2026-04-28,1506.3677978515625,1528.8969990989433,1494.3057146857027,1517.6324593192708,1090853
2026-04-29,1470.1815185546875,1533.0838882701014,1460.41215986807,1519.2273936101972,793781
2026-04-30,1425.9205322265625,1465.3964951040025,1413.7586651727436,1465.3964951040025,1259835
2026-05-01,1425.9205322265625,1425.9205322265625,1425.9205322265625,1425.9205322265625,0
2026-05-04,1449.64599609375,1459.1162460080018,1408.8741753922961,1440.6741803855114,506557
2026-05-05,1371.5911865234375,1448.4497119383768,1355.740955427524,1447.4528435887978,2219827
2026-05-06,1375.279541015625,1381.5598602487707,1357.2362483534532,1375.6783126902426,747279
2026-05-07,1359.6287841796875,1384.650155745033,1348.065135510352,1384.650155745033,957521
2026-05-08,1320.6512451171875,1358.7315675954196,1316.8630966937264,1358.7315675954196,1133112
2026-05-11,1302.4085693359375,1318.358463793936,1294.9320563087508,1311.4800474713168,632667
2026-05-12,1265.6240234375,1343.7785258355725,1261.6365500670681,1311.8787388721169,1087483
2026-05-13,1254.9576416015625,1298.6204041087674,1251.0698305395695,1265.6240847086376,1049831
2026-05-14,1289.44921875,1295.9288630653266,1241.6992001502174,1258.945071387761,1154736
2026-05-15,1226.8458251953125,1285.3620701397144,1220.7649526200964,1276.1908083403446,2400991
2026-05-18,1248.876708984375,1251.4685423389815,1194.8463717723578,1201.9241126711781,1502867
2026-05-19,1298.520751953125,1305.897602441931,1247.0823669121037,1248.8767787051775,1272392
2026-05-20,1291.7420654296875,1300.215446462573,1280.2780793263719,1290.0473162102912,499899
2026-05-21,1269.5118408203125,1307.3928380336395,1258.1475173187082,1296.128177029201,1117551
2026-05-22,1264.1287841796875,1276.9884107804232,1258.6460080209895,1270.907537923838,832401
2026-05-25,1279.97900390625,1290.9445561204002,1272.303166031559,1276.9883987569362,1052123
2026-05-26,1267.41845703125,1284.8636533283545,1259.6428351493275,1281.0755048857704,592885
2026-05-27,1257.8485107421875,1280.8761448875007,1244.6897757391307,1268.0165190594337,849420
2026-05-28,1257.8485107421875,1257.8485107421875,1257.8485107421875,1257.8485107421875,0
2026-05-29,1241.798828125,1295.9288270372278,1228.3411056903826,1258.0478305546012,2960575
2026-06-01,1224.5531005859375,1253.1631734414377,1220.166855525853,1251.0697742524064,766252
2026-06-02,1236.5155029296875,1240.4033137607703,1200.229471319628,1216.179364626201,1010910
2026-06-03,1231.1324462890625,1237.512428243066,1203.818228406257,1235.9174631765738,562073
2026-06-04,1282.47119140625,1303.804199417463,1214.1857062827924,1220.1669166585698,3317048
2026-06-05,1294.2342529296875,1305.8975641788193,1284.265569233666,1286.6579559702845,1415362
2026-06-08,1272.203369140625,1325.635611291968,1262.035360409694,1275.9915176338138,1530639
2026-06-09,1300.315185546875,1307.8913611672483,1274.795378447073,1274.795378447073,883516
2026-06-10,1285.960205078125,1314.5702787949594,1280.975863197977,1296.4273230264353,578749
2026-06-11,1273.300048828125,1292.9383075223714,1268.0165976626495,1280.9758867897049,550616
2026-06-12,1285.4000244140625,1305.0,1273.0999755859375,1285.0,548090
2026-06-15,1326.4000244140625,1345.0,1301.0,1310.0,1855063
2026-06-16,1327.5999755859375,1342.800048828125,1318.800048828125,1328.699951171875,907947
2026-06-17,1352.9000244140625,1381.800048828125,1325.300048828125,1326.300048828125,1952284
2026-06-18,1357.5999755859375,1370.4000244140625,1344.5,1355.0,1175325
2026-06-19,1343.4000244140625,1366.699951171875,1332.5999755859375,1357.5999755859375,987277
2026-06-22,1354.0,1411.9000244140625,1349.4000244140625,1384.0,3287595
2026-06-23,1327.4000244140625,1357.800048828125,1309.0999755859375,1354.0,1505199
2026-06-24,1310.0999755859375,1335.0,1302.0999755859375,1325.0,643567
2026-06-25,1302.4000244140625,1330.5999755859375,1296.0999755859375,1310.9000244140625,618266
2026-06-26,1302.4000244140625,1302.4000244140625,1302.4000244140625,1302.4000244140625,0
2026-06-29,1295.800048828125,1306.800048828125,1280.4000244140625,1303.199951171875,783912
2026-06-30,1277.5999755859375,1300.0,1272.0,1299.9000244140625,733013
2026-07-01,1281.0999755859375,1301.199951171875,1272.699951171875,1290.0,793050
2026-07-02,1290.5999755859375,1299.4000244140625,1278.0999755859375,1282.0999755859375,494819
2026-07-03,1280.199951171875,1305.199951171875,1275.0,1295.5,815500
2026-07-06,1284.5,1302.0,1273.9000244140625,1280.9000244140625,1270330
2026-07-07,1288.0,1298.0,1267.300048828125,1284.5,1434744
2026-07-08,1253.5999755859375,1284.0,1247.0,1281.0,1169679
2026-07-09,1269.4000244140625,1276.5999755859375,1254.0,1254.0999755859375,1077385
2026-07-10,1286.699951171875,1290.0,1272.300048828125,1275.0,487361
2026-07-13,1349.5,1354.800048828125,1273.4000244140625,1285.0,2093557
2026-07-14,1358.9000244140625,1363.199951171875,1329.0999755859375,1346.699951171875,676554
2026-07-15,1377.4000244140625,1384.199951171875,1350.0999755859375,1361.9000244140625,671247
2026-07-16,1373.9000244140625,1403.0,1369.300048828125,1377.9000244140625,865613
2026-07-17,1342.4000244140625,1378.9000244140625,1336.0,1373.0,353251
2026-07-20,1357.4000244140625,1361.699951171875,1326.800048828125,1328.5,272364
2026-07-21,1359.199951171875,1368.699951171875,1352.9000244140625,1352.9000244140625,273316
2026-07-22,1308.0,1357.4000244140625,1300.0,1357.0,730962
2026-07-23,1310.199951171875,1321.699951171875,1293.5999755859375,1302.0,430980
2026-07-24,1327.300048828125,1333.199951171875,1291.0,1303.4000244140625,569448
2026-07-27,1319.300048828125,1340.4000244140625,1310.199951171875,1327.9000244140625,314808
2026-07-28,1311.0999755859375,1318.800048828125,1295.5,1312.0,280794
2026-07-29,1313.300048828125,1321.699951171875,1300.5,1311.0999755859375,322855
2026-07-30,1333.199951171875,1338.4000244140625,1297.5,1316.699951171875,586337
2026-07-31,1328.9000244140625,1353.800048828125,1322.0,1340.0,748114
2026-08-03,1324.800048828125,1343.5999755859375,1315.0,1328.9000244140625,259054
2026-08-04,1327.699951171875,1358.0,1310.0999755859375,1331.4000244140625,511249
2026-08-05,1300.5,1329.9000244140625,1297.199951171875,1329.0,469461
2026-08-06,1275.0,1314.9000244140625,1268.4000244140625,1300.5,598220
2026-08-07,1285.0,1303.699951171875,1271.9000244140625,1275.0,811972
2026-08-10,1267.9000244140625,1294.0,1265.800048828125,1286.0,544896
2026-08-11,1280.0,1287.800048828125,1269.0999755859375,1277.9000244140625,529635
2026-08-12,1290.0,1290.0,1266.0999755859375,1280.0,991550
2026-08-13,1289.5,1295.0999755859375,1277.4000244140625,1293.9000244140625,462615
2026-08-14,1320.5,1347.5,1290.0,1292.0,2374305
2026-08-17,1267.0,1350.0,1256.0999755859375,1329.0,4378295
2026-08-18,1252.9000244140625,1272.0,1247.0,1262.0,995520
2026-08-19,1223.0,1251.9000244140625,1217.0,1250.0,1178662
2026-08-20,1219.5,1235.9000244140625,1215.5999755859375,1234.0,1054580
2026-08-21,1235.0,1236.300048828125,1220.0,1223.5999755859375,557685
2026-08-24,1242.0,1242.0,1220.5,1235.9000244140625,744052
2026-08-25,1230.5999755859375,1239.0999755859375,1229.0999755859375,1237.0999755859375,87284
