Date,Close,High,Low,Open,Volume
2021-08-25,288.49566650390625,293.5882272450787,287.536509627047,290.02571226038884,12815436
2021-08-26,287.2624206542969,291.62421818571045,285.91505181559086,288.74680391052794,8416702
2021-08-27,290.00286865234375,290.4824331316836,285.5953803322541,287.513666126407,8743108
2021-08-30,288.86102294921875,292.08098760468596,287.9932184029601,290.45958973047976,8743710
2021-08-31,292.7432556152344,293.4740178478762,287.2396241471721,289.8429820239539,15591816
2021-09-01,293.24566650390625,295.6663478875384,290.1398850375408,294.0449499337617,9450444
2021-09-02,297.5389709472656,300.0738356732563,292.65191812426025,294.59303502169,9077556
2021-09-03,299.2060546875,299.93684489143,296.64835866573475,298.246925648537,7549940
2021-09-06,313.5246276855469,314.55227776894395,299.9139788230241,299.9139788230241,24676832
2021-09-07,307.95245361328125,315.14600369768493,307.2673536052428,315.14600369768493,12812218
2021-09-08,302.4488525390625,308.47773878479404,301.4440335186417,308.47773878479404,13432462
2021-09-09,302.517333984375,303.5221529654815,298.70362152691195,301.85509290474766,11611460
2021-09-13,306.35394287109375,306.8563384846814,300.46207057533314,302.51737097476655,11177578
2021-09-14,307.5871276855469,308.61477788192065,306.01139180908126,306.46812522969185,7322676
2021-09-15,307.86114501953125,310.8299121419507,306.0113803109212,307.83831392471774,8290832
2021-09-16,305.02935791015625,310.9212293002758,303.7276790079815,310.46449594838407,9315692
2021-09-17,303.84185791015625,308.0209791696708,302.70002454709663,306.65077913399927,10815562
2021-09-20,302.5858459472656,306.2397127662515,298.42958359138584,300.4163625234928,9092860
2021-09-21,304.9151306152344,305.5545683664172,300.1194311117256,301.6723354350053,7367102
2021-09-22,305.1664123535156,308.06665810265304,302.8142243470111,305.554624567346,9583304
2021-09-23,307.9752502441406,309.20843569598134,306.65074043621263,307.3358403675922,6462586
2021-09-24,308.9801330566406,319.3251553141324,308.2950329833443,310.8070665854308,24253176
2021-09-27,298.657958984375,309.8250674743969,297.3334210731173,309.6880530400443,16798164
2021-09-28,292.1266174316406,298.6579261444662,290.13983866000916,298.6579261444662,16224924
2021-09-29,292.65191650390625,295.278133468241,286.53167799282625,287.71920152016673,17679132
2021-09-30,289.6145935058594,295.3922812831417,288.9066624194642,291.738414641835,12027918
2021-10-01,290.5965881347656,292.1951548278449,287.83335699780105,289.9343192151318,8417708
2021-10-04,292.7889709472656,293.95363566304206,290.4596415157127,292.26374420871406,10494244
2021-10-05,295.4379577636719,296.648312297898,289.59177643000305,290.68794762616227,10912148
2021-10-06,290.3681945800781,297.0821796447431,289.75161577769376,297.05934855517114,9673198
2021-10-07,293.6567077636719,296.2144033277149,290.89347662040603,291.8526054877245,7448686
2021-10-08,301.96929931640625,304.8923763576447,294.59304373722915,295.11829829926137,22091966
2021-10-11,298.1555480957031,304.32144879202565,290.0256994196144,296.39713571450636,20422932
2021-10-12,301.0329895019531,302.54023210706737,293.4740568876572,297.7901933326382,18680432
2021-10-13,307.1988830566406,308.15803995196467,299.6171195361691,303.7277202615129,18925882
2021-10-14,323.4814147949219,337.9141783812601,317.4296975396692,318.343164295179,118377606
2021-10-18,324.1665344238281,329.21343297722336,320.8095550454652,328.3913184230115,21198892
2021-10-19,324.9886474609375,333.3925532302596,323.36724945498963,327.5235122732554,21865148
2021-10-20,320.6039733886719,330.1040212793967,317.7722211070775,325.92490007028334,16108782
2021-10-21,318.0234375,323.8239568295694,311.3551415002068,323.8011257366042,15916912
2021-10-22,311.6748962402344,322.22542706719463,309.77944140088556,320.5126767461429,10758302
2021-10-25,304.96087646484375,312.4969770634307,301.8094050638085,311.8347081021357,17621916
2021-10-26,305.1664123535156,310.03060601853457,303.7276910871227,306.49092240060196,12193966
2021-10-27,306.51373291015625,308.0894685063906,303.01973958994,305.1663918604048,12631178
2021-10-28,300.0281677246094,306.7421260924338,299.1603631540559,306.46809721583435,10357542
2021-10-29,295.39227294921875,301.1699605634948,294.25043965602504,300.64470609790993,13522634
2021-11-01,299.3658752441406,300.0509752586393,295.7348395919393,297.3790684760198,8802466
2021-11-02,298.6123046875,301.900790889798,297.3791188770388,300.0738572081653,8079378
2021-11-03,298.0185241699219,302.2889700322144,296.9680429934171,301.1699955762289,6871182
2021-11-04,298.56658935546875,300.370691620335,295.6891748943963,299.1603371209614,1565810
2021-11-08,300.6904296875,301.9007843761861,295.7348833337073,298.2240859965855,9504460
2021-11-09,300.7361145019531,304.2986294666921,299.936831047444,302.8599080978578,8284130
2021-11-10,298.064208984375,300.9873139274076,297.5846444844323,299.57145152247307,8091390
2021-11-11,293.1314697265625,296.7625055740467,290.8478028887476,296.7625055740467,12067796
2021-11-12,301.46685791015625,302.5858602517288,294.9584073311568,295.9632263292381,12126506
2021-11-15,300.9416198730469,304.1844155548215,300.14233649884125,302.15194654219744,9435996
2021-11-16,302.10626220703125,305.4404098910447,299.0004811846186,300.7132311466244,11327094
2021-11-17,302.26611328125,305.097865512563,300.5305321965066,302.10626776590414,8854994
2021-11-18,297.5389709472656,304.1616050679083,294.70721836859764,302.9969405048092,7842498
2021-11-22,294.1591491699219,301.6495882964533,291.39591759566684,300.5305858588539,11582434
2021-11-23,293.5881652832031,296.39708628267437,285.9378823617954,293.54250310304457,9134924
2021-11-24,290.7108154296875,295.7805451293537,289.15791068515813,294.2733304518958,7985552
2021-11-25,290.8021545410156,293.1314836757149,289.1122354252565,290.93916898244606,6661362
2021-11-26,283.83697509765625,289.7516781632617,283.0148605585407,288.65550685991144,8277074
2021-11-29,288.01605224609375,289.0437023295743,275.84412465005545,281.5989539668294,10376060
2021-11-30,291.0533752441406,294.82142600249944,287.9704246236652,288.0160868154724,26850200
2021-12-01,289.9343566894531,295.02694524920156,289.22642549494674,293.4968716334161,9453644
2021-12-02,295.4151611328125,296.00890898466537,287.2853120894246,290.8935171439684,10210456
2021-12-03,292.65191650390625,298.68080276260724,292.2637042772872,294.478850044313,13405010
2021-12-06,285.2300109863281,294.2276646264279,284.61343204123887,291.0533618911731,9409906
2021-12-07,288.83819580078125,289.82015582517624,284.544890950332,286.82855781189164,8557090
2021-12-08,293.0857849121094,298.2468659917385,291.51004934031715,291.852599339542,15360658
2021-12-09,293.7709045410156,295.7805146113472,291.3273643238547,293.10863558956856,6865604
2021-12-10,291.5100402832031,295.00406131745433,290.0713191804433,293.2913113745448,8525212
2021-12-13,294.7757568359375,299.8683176809638,292.40073750544497,293.90795219776675,13123680
2021-12-14,295.4608154296875,297.74448218095483,291.9667941495319,295.0497442637428,8609412
2021-12-15,290.6651306152344,295.36947879613683,290.1855382706861,295.36947879613683,7123544
2021-12-16,294.2732849121094,296.83100833805935,292.0353082757927,294.13627048568844,12437240
2021-12-17,306.376708984375,309.11710893571427,296.9223235768965,301.44399464732226,104600018
2021-12-20,304.16156005859375,309.4368243297429,302.81419118910634,304.89232221994814,26298202
2021-12-21,315.51141357421875,318.38882829509976,306.46809821853856,308.75176512031607,27362096
2021-12-22,313.15924072265625,317.8407576819101,311.12677168693887,317.8407576819101,12327754
2021-12-23,317.2241516113281,320.6268207401252,314.73494920828637,315.19168257116405,12944908
2021-12-24,319.0054016113281,320.80950384978604,315.21452052751437,318.6856827032688,13182426
2021-12-27,319.5306396484375,320.17007748743134,315.6712651527681,319.64482298562984,10188656
2021-12-28,322.2026062011719,323.13890416438073,320.4213346600065,321.0836037138652,10158044
2021-12-29,321.40325927734375,324.2806737649705,319.73617142346944,322.11119038414853,7898416
2021-12-30,326.1532897949219,328.8023656539596,321.54029388843276,322.0426894469163,18087350
2021-12-31,326.7241516113281,328.29988705532213,323.86956851597233,326.92968716955136,8549558
2022-01-03,328.2542724609375,331.95380153809487,327.021086809621,327.9345535325529,9280810
2022-01-04,329.5330810546875,330.26384319529217,324.98857907393244,330.10399768853136,10228800
2022-01-05,325.8792419433594,329.23622088133766,321.0835418166526,328.84800868846355,14711264
2022-01-06,322.3395690917969,325.30833593430015,319.6905211769216,322.3624001844577,12883220
2022-01-07,324.96575927734375,329.5330925068215,323.1844881671315,323.3671926470265,13120326
2022-01-10,316.7445983886719,323.8239657643379,315.14603156190856,323.8239657643379,27537820
2022-01-11,317.04144287109375,319.0053905571313,314.68925513986954,317.429655039491,15487458
2022-01-12,315.7626037597656,320.5126419518785,312.04024352551653,319.7133585554898,23460682
2022-01-13,296.76251220703125,304.1844295958181,295.9632287959311,302.9055817134165,61505934
2022-01-14,292.218017578125,296.5341536924028,290.7108029652898,296.5341536924028,26514548
2022-01-17,295.3466491699219,297.63031605323744,289.1350585212277,292.08099437606336,20457876
2022-01-18,289.24920654296875,296.8766585771551,288.26724662913347,296.37426307489426,14329980
2022-01-19,283.699951171875,288.49565167935657,282.7179632505781,288.198763830557,17382766
2022-01-20,280.9823303222656,284.2708156410851,278.8356782477037,283.4715323701048,16827124
2022-01-21,276.7964782714844,279.5184722518266,274.8522008458375,279.06099521049794,19646694
2022-01-24,262.0198974609375,277.0022661066742,260.05275235295505,277.0022661066742,26150716
2022-01-25,257.4223327636719,261.67686359787217,251.9326083525277,257.330831772383,34712370
2022-01-27,249.21058654785156,254.7689430614803,245.75664090982522,253.89972562470422,31351744
2022-01-28,252.59591674804688,258.4516163006455,250.0797934469775,251.65806663445136,29899780
2022-01-31,261.9512939453125,262.77477480419583,257.35365612004216,260.3043880719008,26252174
2022-02-01,263.8040771484375,266.4345694390514,259.13780697891343,265.2908771387845,20920202
2022-02-02,268.9964599609375,269.91141390638285,263.04925931554266,266.2515981246014,16368826
2022-02-03,264.5361022949219,269.36247955391184,263.57541166557746,267.48683483102684,14082780
2022-02-04,261.5624694824219,264.3301996922468,259.86979903207435,263.9642236840532,13633558
2022-02-07,254.814697265625,262.5003055304931,254.1742182759772,261.6311159556066,15091358
2022-02-08,256.3014831542969,258.8404748594752,253.64812220183867,256.8275928606563,13953814
2022-02-09,260.2815246582031,261.1049776102519,257.69676863870046,258.20001005319216,10207476
2022-02-10,262.4316711425781,262.9348846332922,259.0234621818606,261.859824938504,11603824
2022-02-11,256.8504638671875,258.9319786054633,254.86042218996838,258.9319786054633,15442458
2022-02-14,247.8153076171875,254.88333316914455,247.03759109781365,251.6123613033287,16241546
2022-02-15,257.7196044921875,258.5888217847034,248.52432982669632,249.59938938970456,13676992
2022-02-16,257.9712829589844,260.8991189090936,255.06628735150548,258.54312919012045,14607822
2022-02-17,258.42877197265625,261.8598495191749,256.71323319939694,261.6768475478217,14228840
2022-02-18,257.3079528808594,258.7947531808209,254.05984931840393,255.72965159338705,13411838
2022-02-21,261.12786865234375,261.9970861299929,254.08273953451257,254.24284531725718,17534002
2022-02-22,258.0856628417969,260.3044151411755,254.40295062376,254.4715833431966,21490124
2022-02-23,259.4351806640625,261.17361550218476,257.39943046846633,260.3958990623162,14408512
2022-02-24,245.7338104248047,254.76898223026802,242.98894810415757,250.69742528576813,26953888
2022-02-25,254.0140838623047,255.61525323379155,250.46863739686955,250.69737587851054,15922624
2022-02-28,254.26568603515625,256.2328313574574,248.9132000765768,252.06980223532756,18316874
2022-03-02,253.99122619628906,255.4093936727646,251.79534226534864,253.89972521537925,16354110
2022-03-03,260.5560302734375,263.4838943603864,256.3472361192664,257.55956138703,25911326
2022-03-04,263.1865234375,265.3366710111647,253.4651367840737,256.6446076504541,26948372
2022-03-07,261.6081848144531,265.17652739119114,257.21641722763655,257.5595249429246,21112334
2022-03-08,268.744873046875,270.25454158385526,261.6768477121713,261.6768477121713,22039998
2022-03-09,267.852783203125,272.83929366647027,266.32024642369566,268.9964757018574,23527232
2022-03-10,269.11083984375,272.88502501792925,267.4410376584231,272.1988095317148,16161966
2022-03-11,268.1730041503906,269.91141104386463,266.4345972569166,268.53898014025174,9927188
2022-03-14,273.6398620605469,274.85215928343797,268.0815056800499,268.2645076377814,15006442
2022-03-15,268.8592224121094,276.1788539745439,267.3037895362206,276.1788539745439,13853244
2022-03-16,273.68560791015625,274.2345858798695,271.0551152307022,272.3131769469628,11150296
2022-03-17,275.03515625,279.51842491127724,274.0287013450983,276.77356312818773,16881290
2022-03-21,274.4862060546875,281.80583821614584,273.5712520345052,276.81932763728,15592952
2022-03-22,279.0837707519531,279.51837938125226,272.724858743556,276.0415661912059,15580500
2022-03-23,279.60992431640625,281.34833118482,278.0087549519398,280.86798595991564,11393836
2022-03-24,279.3125915527344,280.7993918814475,277.1395756876921,277.6885537011917,7751490
2022-03-25,276.0187072753906,280.89084797344253,273.22810904257096,279.5184171201521,11986194
2022-03-28,274.5777587890625,278.60355165214395,273.15956303719315,278.146074555835,11476810
2022-03-29,275.6299133300781,276.93371170973757,274.09737643313235,275.8586518473645,9402006
2022-03-30,274.8522033691406,278.74075825613363,274.25748879439004,276.81934908047697,15488764
2022-03-31,270.7806396484375,275.9958605445082,270.00292318646274,274.4861920725451,14476178
2022-04-01,275.30963134765625,276.0416112433548,269.5911692977208,270.6891251801796,8567994
2022-04-04,277.04803466796875,277.45977509914684,274.0286979132547,276.7735596619684,8855948
2022-04-05,276.3791809082031,281.1534739204729,275.8717500346014,279.2852735310903,12862488
2022-04-06,273.7960205078125,275.8487467457942,272.6197480380675,275.8487467457942,8235902
2022-04-07,267.9376525878906,273.0809968133731,266.3923575333158,273.0809968133731,15721530
2022-04-08,269.2292785644531,270.774573642811,267.7762180573284,270.31328816812135,8636632
2022-04-11,263.4401550292969,269.5060710131409,262.0562984387288,269.3907496305936,17164216
2022-04-12,257.7201843261719,262.01013334329645,256.56697071110455,262.01013334329645,16338532
2022-04-13,257.95086669921875,260.8569598249627,255.82893642855208,258.3198894818375,11204576
2022-04-18,248.44833374023438,253.63779508682455,247.24900282420762,253.63779508682455,18930062
2022-04-19,244.68887329101562,251.65427234430632,242.65920604329443,250.93928552566462,13286008
2022-04-20,247.4796600341797,249.34786059736047,245.10402855019103,247.24901729416646,8660976
2022-04-21,248.72512817382812,250.2473645762692,247.87173317143495,249.55543637928415,13388782
2022-04-22,248.033203125,249.486235464333,244.78114618881955,246.78772672369257,9782424
2022-04-25,244.18145751953125,245.01179390704382,241.3906859971046,244.4582457002459,9473768
2022-04-26,244.1353302001953,248.05625661814838,243.14355519733158,247.71029252244662,8718740
2022-04-27,239.3841094970703,243.0974520425048,237.3313834456712,243.0974520425048,16275078
2022-04-28,241.0447235107422,242.93601088382127,238.02330922801826,241.71359309201856,13241338
2022-04-29,234.70204162597656,243.78937102058387,233.87173341047497,243.78937102058387,24151260
2022-05-02,228.33631896972656,239.4071707985618,227.22923660230626,237.7926715735233,43822854
2022-05-04,226.8371124267578,232.41866899995077,225.68389884044996,230.64271726157378,17267854
2022-05-05,231.1732177734375,232.3495042054634,228.93598035784228,231.10402776621615,10869532
2022-05-06,223.7695770263672,226.4450270343265,221.8783038454853,226.02987294030729,18441782
2022-05-09,222.87005615234375,225.7300314937122,218.92607129548153,222.33958071506322,16675250
2022-05-10,220.33299255371094,223.14683661643016,219.64106437815613,222.80087252865277,14969534
2022-05-11,217.6806182861328,222.3165458723211,213.36759617145387,221.44009218602883,21029342
2022-05-12,218.5570526123047,219.5718862891049,213.1830796393895,215.9277338489295,14573000
2022-05-13,216.18142700195312,221.18637703499635,215.42030881197766,221.18637703499635,16775318
2022-05-16,215.881591796875,218.81075723607762,214.49773543920273,218.64930451221954,7314066
2022-05-17,224.4845733642578,225.56859704486496,216.01998209118065,217.2654585033362,11321450
2022-05-18,221.99363708496094,228.4516338001598,221.69380433864697,226.44503914818844,15390968
2022-05-19,208.1089324951172,218.55704535023966,207.57845703149968,215.02821439616716,22945978
2022-05-20,212.00680541992188,213.20615046073655,209.88488943652905,213.11388773555257,12731912
2022-05-23,214.95901489257812,215.7893230530829,211.03808865526716,213.94418129434834,14111568
2022-05-24,212.16827392578125,216.6196762392349,211.26876155895954,216.08920072327285,13779460
2022-05-25,205.2028350830078,212.58340227707484,204.4417169065826,212.26049683140852,15481506
2022-05-26,209.123779296875,209.746517522617,204.81075715836957,205.7333281365604,11583082
2022-05-27,215.3972625732422,215.85854805764592,210.4615022591961,212.19132282571005,11414472
2022-05-30,219.6872100830078,222.10895885557642,218.257222278028,218.257222278028,12291148
2022-05-31,220.51751708984375,221.7629935111603,216.98868599920104,219.52575612777386,31587004
2022-06-01,217.150146484375,220.93269316930437,216.11225412199616,220.93269316930437,10514566
2022-06-02,218.71849060058594,219.77945556887053,215.9277192934814,217.63446699101206,10535040
2022-06-03,219.34124755859375,225.10731610640116,218.87996207476917,221.25557950100267,23269778
2022-06-06,218.28028869628906,219.34123963985647,214.1287194917492,217.72674050475763,13791156
2022-06-07,215.7201385498047,217.15012626472736,214.56692492120817,216.8041621761484,4701342
2022-06-08,216.98870849609375,217.72676815275295,214.17486397357146,217.28854127236613,5627652
2022-06-09,219.13363647460938,219.64105325979344,214.15175949372616,215.44335305845468,7402238
2022-06-10,212.62953186035156,215.5125658964377,210.48454327565176,215.5125658964377,17453098
2022-06-13,205.77944946289062,208.96231636692374,205.27203263417454,207.60151860954636,14130822
2022-06-14,205.68719482421875,209.28523005147733,202.04304231034016,202.96561327979379,13056384
2022-06-15,203.01174926757812,207.87830561136155,202.64271242500192,206.86348596823828,11391596
2022-06-16,194.80084228515625,206.07927730644028,193.62457000420437,205.7333132147115,17944686
2022-06-17,186.91290283203125,193.16331614748876,185.45984214721724,191.89478093696795,41550546
2022-06-20,191.27203369140625,192.77121159722398,186.42853584184124,188.6657733782941,20750838
2022-06-21,196.11553955078125,196.85359921156044,192.19461256004132,193.7399218953846,12187804
2022-06-22,189.70364379882812,194.98536790147833,189.26541698465866,194.98536790147833,16202862
2022-06-23,193.30166625976562,194.10891581425486,189.72670394702763,190.2802521296034,19655010
2022-06-24,193.16329956054688,196.50761937383396,191.77944308608326,194.20119191639458,15362102
2022-06-27,196.0001983642578,198.69872124774017,195.58504424617954,196.9689006913176,12447870
2022-06-28,197.08424377441406,197.93762482506222,191.7564015045932,194.66249472861963,12091828
2022-06-29,194.0858612060547,195.95406172577506,192.5405520684519,193.7398971040831,16684176
2022-06-30,191.91781616210938,195.12375584293727,191.4334720444893,194.61633900518757,12123284
2022-07-01,194.6624755859375,195.21602380146842,189.77284660646737,191.43347717574423,8907248
2022-07-04,193.87826538085938,194.54713490178537,191.8947436138535,194.1781121796076,6372716
2022-07-05,190.7876739501953,195.14681321227613,190.53395849431837,194.24731498866362,11513210
2022-07-06,191.91781616210938,193.09410256925398,190.557032457821,193.09410256925398,10522910
2022-07-07,194.10891723632812,195.56197770690613,192.44830083106496,193.7398944967841,10706024
2022-07-08,193.3247528076172,195.90795438222156,192.1484663548329,195.58504890640248,9535432
2022-07-11,189.68060302734375,191.4334822945359,187.07432869328804,191.31816091965968,16689574
2022-07-12,188.73495483398438,191.36428774977412,188.20447933758916,188.66576482616168,9777472
2022-07-13,187.6048126220703,190.049620064793,186.98207440105503,190.049620064793,11956780
2022-07-14,185.18307495117188,189.4038345825394,184.7448480825961,189.4038345825394,13161242
2022-07-15,181.6772918701172,186.40546811185948,180.36262541670615,184.95242164327504,22328354
2022-07-18,186.70529174804688,187.14351857022842,182.96887667030052,184.0529003272902,13632394
2022-07-19,187.12046813964844,188.11222919095073,185.06775602459336,185.8980643286332,12897178
2022-07-20,190.0957489013672,192.58668767499378,187.78932150406186,189.4960693316784,25237412
2022-07-21,190.97216796875,192.58666697331674,185.71351688362407,188.59655082035036,45382342
2022-07-22,189.51914978027344,192.5405641630247,188.68882743699515,191.77944590634013,15468542
2022-07-25,191.34121704101562,191.73331252588855,188.45818270712064,189.3576950502223,12535662
2022-07-26,186.91290283203125,191.6180068028454,186.49773459218883,191.34123266872288,15186298
2022-07-27,187.5817413330078,187.92770544984378,185.41370798055854,186.7975644479025,14084158
2022-07-28,191.89474487304688,192.35603031745322,189.5421862911115,189.9573403756143,15898464
2022-07-29,195.44667053222656,195.72343056832213,192.72507484054668,194.01668267736275,15919784
2022-08-01,197.8914794921875,198.76791912668963,194.9392551077673,196.599885723165,10365748
2022-08-02,198.1682586669922,199.11388833517083,195.88488975286006,197.86842589981237,16912426
2022-08-03,199.436767578125,199.73660030584634,197.19953032505614,197.8914585016353,12034938
2022-08-04,200.88983154296875,203.10399627118412,197.01503622993383,201.60481842384854,17789134
2022-08-05,202.96560668945312,203.88817762895064,201.18965481545735,201.18965481545735,12967586
2022-08-08,201.05126953125,204.2571950155131,200.75143679924193,204.2571950155131,9557496
2022-08-10,198.4219512939453,201.12047423387682,196.64599933673802,200.65918874251471,11329742
2022-08-11,202.25064086914062,203.88819882607032,201.25886574421918,202.04305675524617,9154644
2022-08-12,201.16661071777344,202.27369310975237,200.65919384889915,201.62789622087436,7092398
2022-08-16,201.62786865234375,202.87333089403464,201.397225932329,202.27366545292213,4774208
2022-08-17,204.37252807617188,205.22590903712228,201.42030379373315,201.69707789962462,10401476
2022-08-18,200.68223571777344,203.77285396112632,200.2209502532321,203.77285396112632,16888260
2022-08-19,199.48289489746094,204.11880795569846,198.81402537605882,202.48125026856158,17253908
2022-08-22,193.73989868164062,198.76790752243915,193.3016718513155,198.76790752243915,12900580
2022-08-23,192.194580078125,193.04796097675882,189.1270346486765,191.43346190048962,17028776
2022-08-24,191.9639434814453,193.50925260495748,191.13363527521068,192.7250616833796,7429170
2022-08-25,191.52574157714844,193.78603766856503,191.41042020434844,193.41700082921545,8753902
2022-08-26,192.47137451171875,194.8931233821478,192.03314765661938,193.04798138563044,7904194
2022-08-29,186.52078247070312,187.4433534100143,184.0529023925826,186.8206152105162,23519514
2022-08-30,190.76461791992188,191.87171441094227,187.3972393121321,188.73496448191227,19750992
2022-09-01,189.3346405029297,189.88817466062417,186.75143886840632,189.0809250296679,11778706
2022-09-02,188.0660858154297,190.39557173449572,187.7893117267003,190.30330901248095,9815080
2022-09-05,187.05126953125,188.20448327681873,186.35934128390875,187.74319777859125,18018508
2022-09-06,186.56689453125,187.9046194393895,185.0907755501426,187.74316672625056,18226162
2022-09-07,187.9507598876953,188.59655669417245,184.97546314140277,185.4828799455329,12248532
2022-09-08,190.41864013671875,191.13364107569498,188.9425350500256,189.1270464261978,14064948
2022-09-09,192.42523193359375,193.48619696615785,189.74978182547036,192.35604192821935,14671342
2022-09-12,194.6624755859375,195.76955793968344,192.8403922806878,193.67071460398418,11678424
2022-09-13,194.96231079101562,196.5076200079498,194.43183528955595,196.00020315021254,9408334
2022-09-14,192.0331573486328,194.98539595391466,188.66577866596177,188.66577866596177,17583964
2022-09-15,191.45652770996094,194.15505051107436,190.62621949914848,193.6015163963045,10640314
2022-09-16,185.2753143310547,190.39558608795036,184.60645881662654,190.39558608795036,20192486
2022-09-19,185.4136962890625,187.37415949418025,183.13032763099932,186.82061131122097,13584188
2022-09-20,186.77447509765625,188.8502596138554,186.56690509242517,187.28189190596788,8989822
2022-09-21,184.8601531982422,187.23577056736036,184.28354635732438,187.23577056736036,19290112
2022-09-22,183.5685577392578,184.67564004770477,182.20775997685894,183.5916163817465,16500324
2022-09-23,181.90792846679688,184.23741446650146,181.5850230058823,183.63774898459198,13966710
2022-09-26,182.11549377441406,184.14516105800746,177.41039053403898,180.82390011877737,18994144
2022-09-27,183.776123046875,185.1599794163203,180.82389894085463,183.03806350104117,12454694
2022-09-28,183.6146697998047,184.7448247958991,182.36920751723252,182.66904024763056,8921590
2022-09-29,181.19293212890625,185.3906328405366,180.61632527503713,184.975478721214,11883068
2022-09-30,181.86178588867188,182.9919408548602,178.7481091486629,181.03147772226197,13570530
2022-10-03,181.97711181640625,183.5916109072996,180.1781013591595,181.7003377282187,8140834
2022-10-04,187.05126953125,187.28191228036374,184.05291379277128,184.49114064701388,12591696
2022-10-06,189.1962432861328,190.51090976462066,187.9507808938676,188.82722052042078,11203878
2022-10-07,188.2506103515625,189.93429956625556,187.39722938382835,189.03478723428682,7580186
2022-10-10,189.72671508789062,190.74154878976617,184.3988733463338,184.65257473314475,18714926
2022-10-11,186.54383850097656,192.7711922541218,185.57513621280205,191.38733586453398,22723292
2022-10-12,188.18142700195312,188.94254526814737,185.2522612358684,186.47466500609752,12610118
2022-10-13,174.87332153320312,180.98535390727343,174.41203607100914,178.5174738690726,84896212
2022-10-14,174.0430145263672,178.7481322845251,173.5586703794905,178.51748953319023,27864794
2022-10-17,173.0281982421875,174.80415027757323,171.78272172975684,174.04301792146745,16909538
2022-10-18,174.965576171875,177.24894491886732,174.5504220571443,176.99524353689736,22328480
2022-10-19,174.3889617919922,175.842022246761,173.92767633392336,175.842022246761,10198278
2022-10-20,175.98040771484375,176.48782454993022,173.44333761672672,173.90462308911165,11868814
2022-10-21,176.46475219726562,176.8107163022745,175.38074259675687,176.44169355452456,8931540
2022-10-24,177.45654296875,178.2407198966108,177.13363747783768,178.2407198966108,3472470
2022-10-25,177.4334716796875,178.263794058461,176.97218616169673,178.263794058461,5783256
2022-10-27,176.51087951660156,178.49441545293675,175.79589268022147,178.05618863237143,11723118
2022-10-28,176.78765869140625,177.9870037445671,176.21105184635925,176.5800745962631,7609676
2022-10-31,178.3098907470703,179.1632716722198,177.47958254154472,178.3098907470703,6638382
2022-11-01,181.0084228515625,181.28519696009454,178.33297264949002,178.97876951785415,11540196
2022-11-02,181.72341918945312,182.1385733030487,180.20116866984856,181.21600234958493,6716614
2022-11-03,179.2094268798828,181.63117589177313,177.84862894703667,179.78603378747573,10312476
2022-11-04,180.155029296875,181.0084102063501,177.89473337684643,179.20939974254432,9023630
2022-11-07,180.59327697753906,182.1385862498983,178.7942663058698,181.28520524182082,8252598
2022-11-09,180.3395538330078,181.93098020257278,179.50923156959945,181.76952747824492,6862546
2022-11-10,179.3939208984375,180.4087545884293,178.51748129925315,179.34778953483502,5494908
2022-11-11,184.3758087158203,187.2127115520262,183.2456536789447,183.8222605187148,28417046
2022-11-14,182.92276000976562,185.7366043846999,182.461474508213,185.7366043846999,17623428
2022-11-15,183.19952392578125,184.30660625240296,181.74647749225804,183.61467803859995,12462712
2022-11-16,183.70693969726562,185.29838021069168,182.76131010815567,184.0529038021569,11039528
2022-11-17,183.01502990722656,183.59163680674524,182.20778024790044,183.54550543932038,6057616
2022-11-18,181.6772918701172,184.00677794853704,181.19293366237844,183.5224338181142,9546202
2022-11-21,179.27859497070312,181.95405914116225,178.79425085847868,181.67728504389882,7904612
2022-11-22,179.34779357910156,179.62456768964196,177.36427159530803,179.44005630838706,8410828
2022-11-23,179.32472229003906,180.8008413906194,178.97875819558882,180.247293208573,6717760
2022-11-24,183.70693969726562,184.39886790704819,179.50923907578843,179.8552031806797,13370266
2022-11-25,185.8057861328125,186.54384571794293,182.6229191290855,184.052906935779,13648550
2022-11-28,187.12046813964844,188.87336155985693,185.4367788092073,185.8058015938213,13679200
2022-11-29,186.8898162841797,188.619636897838,185.8519239159847,185.8980552811455,9102602
2022-11-30,187.6970672607422,188.20448412654662,185.736603884424,187.6970672607422,13892346
2022-12-01,190.8338165283203,192.05622028495785,189.88817280917334,190.441721038787,15852984
2022-12-02,190.23411560058594,190.92604377135237,188.688806537078,190.8799124111717,11726622
2022-12-05,190.2110595703125,191.41040456490148,189.42686866841956,190.62621366300854,9947062
2022-12-06,189.7498016357422,190.32640853625355,188.11222959189976,189.35770612793107,8832518
2022-12-07,187.42030334472656,188.89642265697776,186.9590178193127,188.66577989427083,6568616
2022-12-08,186.220947265625,188.20446912795927,186.0364218183533,187.85850503029758,8940712
2022-12-09,181.76953125,187.28189816940994,180.477937583206,187.28189816940994,15423336
2022-12-12,182.83050537109375,183.3609808650515,178.97876874374836,181.23906481190468,10365880
2022-12-13,183.47630310058594,184.21436269784908,182.66905349549222,183.7530772092241,6813842
2022-12-14,184.53724670410156,186.58997267721213,184.16822395890466,184.8832108067169,9995152
2022-12-15,182.30001831054688,184.39886150981388,181.76952877293184,184.39886150981388,7766926
2022-12-16,179.7860107421875,182.1154967193385,179.00181981745325,180.54712894718529,18012634
2022-12-19,179.46310424804688,180.13197380218207,177.9178092045538,179.1863442313297,8838046
2022-12-20,179.4169921875,179.85520494493824,176.67233796417983,179.34778810399052,8778558
2022-12-21,179.67068481445312,181.40050527158843,178.90956662877656,180.31648163632065,10215214
2022-12-22,179.32472229003906,180.8008413906194,178.05618727705485,179.9474604755125,9093800
2022-12-23,174.2044677734375,177.98701453723572,173.90463501129508,177.13363353935628,12120710
2022-12-26,175.5191192626953,176.02653608916745,173.58171468064356,174.36590560131097,7261148
2022-12-27,178.33297729492188,178.67894142027004,175.40381155151096,176.4417039275554,7685840
2022-12-28,178.88650512695312,179.693754724236,176.78766180494404,177.5949114022269,7676002
2022-12-29,180.2472686767578,180.87000677747602,177.5026149367431,178.1714843925725,9485398
2022-12-30,181.16989135742188,182.80744935302295,180.61634309217573,181.28521273957173,8256556
2023-01-02,181.30825805664062,181.70035354258962,180.13198567610976,181.2851994128326,5559512
2023-01-03,183.1533966064453,183.4763020776088,180.68553051791406,181.30825466223303,5994422
2023-01-04,179.76295471191406,183.36097577544953,179.25553787543714,183.36097577544953,8926522
2023-01-05,178.4713592529297,180.91618087833862,177.01831272614578,179.9013471353664,9568980
2023-01-06,176.2110595703125,179.3477953139361,175.93428545709486,178.51748705159932,8484754
2023-01-09,180.73165893554688,181.28520718382876,177.64105443503703,178.0562085825901,7347432
2023-01-10,181.30825805664062,181.70035354258962,178.6789391833022,180.8239139181435,7879496
2023-01-11,181.6772918701172,182.6690528517024,180.59326816020578,181.28519639070464,7656600
2023-01-12,181.97711181640625,183.54547954638252,180.13196999824245,182.55371863458245,9510500
2023-01-13,181.7003631591797,182.94583969168434,178.2868531332814,182.66906556475922,13621860
2023-01-16,183.86839294433594,184.97547526763174,179.44004957383726,179.90133504832014,23867444
2023-01-17,182.83050537109375,185.45982419748609,181.63116029085288,184.53725322458018,14310032
2023-01-18,185.99029541015625,186.29012813129182,183.59160548644275,183.8222482069031,16080426
2023-01-19,186.0825653076172,186.3593394192476,183.9375905777846,185.48289979684802,9447456
2023-01-20,185.96722412109375,187.00511637114275,185.11384323336833,186.1517354834173,9265614
2023-01-23,187.74317932128906,188.08914341094746,185.6673947833387,186.91287113703484,8815290
2023-01-24,188.02066040039062,189.6853812928348,187.35014331071494,188.85301379061772,9552640
2023-01-25,185.68540954589844,187.69694656348867,184.96866162688983,187.28076989722595,6355554
2023-01-27,184.06692504882812,186.6333735746811,182.28661305448344,185.6854007614966,7410134
2023-01-30,186.00912475585938,187.18829442026768,182.67968294389817,184.06694801355033,7261256
2023-01-31,184.43687438964844,186.14782599465997,183.9050923247393,186.03222058437586,9566846
2023-02-01,186.07846069335938,186.77209313688232,184.20565874064266,185.66228404964323,7029896
2023-02-02,189.3385467529297,189.59287301095384,186.07846571323114,186.07846571323114,10835460
2023-02-03,188.6217803955078,190.98013353516782,187.81254254154524,190.77203815649642,8850236
2023-02-06,187.11892700195312,187.83568906170274,185.70854654526798,187.46574325641566,5958022
2023-02-07,185.1998748779297,187.51198317852806,184.5293578259605,187.51198317852806,6683580
2023-02-08,188.0900115966797,188.48307283298578,185.4310870320063,185.4310870320063,8300976
2023-02-09,188.80674743652344,189.10733278808536,186.6102446759644,188.08999954892582,5277374
2023-02-10,187.6507110595703,188.20562271729185,186.26344602725612,188.20562271729185,5160140
2023-02-13,185.24612426757812,187.5813480618691,184.5987367504272,187.5813480618691,4825356
2023-02-14,187.3270263671875,187.95129846084063,185.6623054881091,186.35593801172595,4638822
2023-02-15,188.3905792236328,188.59867461295642,185.13051220415616,186.2172059146447,5227672
2023-02-16,189.54664611816406,191.09576158742928,188.92237402016286,189.03797944157085,11189362
2023-02-17,187.88192749023438,188.66805001007236,186.81836324526773,188.13626788758907,5616244
2023-02-20,188.22872924804688,188.5755454897116,185.9859955082061,187.41949135082913,6497188
2023-02-21,186.24032592773438,188.6680396735335,185.93975466731902,188.39058385161576,5761172
2023-02-22,182.72592163085938,185.1305199800888,182.40223492630244,184.73745873485078,6883372
2023-02-23,182.1710205078125,184.36752341579404,181.9166801249579,183.02648929817178,6078322
2023-02-24,181.87042236328125,183.3501772316358,181.52360613900956,183.09585097863186,5106634
2023-02-27,180.50628662109375,181.87042196639254,178.24042344986105,181.61609571394362,5554710
2023-02-28,178.9803009033203,181.82420545029694,178.3560429412907,181.19993337627795,10061602
2023-03-01,180.7837371826172,181.1536688321826,179.0958869875069,179.46583274906016,4542612
2023-03-02,179.44271850585938,180.50629678505257,179.09590226281597,179.7433038727549,4438972
2023-03-03,180.5525360107422,181.0149576533749,179.92826397079028,180.62189643473937,4393936
2023-03-06,182.0785369873047,183.41955704049576,181.3155440356606,181.47739444649173,6727722
2023-03-08,181.5467529296875,181.73171877780132,179.81267164363976,181.1074466924262,4908842
2023-03-09,180.3907012939453,182.12478260455364,180.1594904525309,181.6392313703894,4157054
2023-03-10,179.92825317382812,180.29818482094035,178.7721991366177,179.37334159117202,4567396
2023-03-13,178.2404327392578,181.54674475335088,177.45431028019166,179.88202397132133,5982520
2023-03-14,175.46591186523438,179.02655032885454,174.4948235162508,178.7490944988607,8094852
2023-03-15,173.75494384765625,177.43120179741246,173.3618826027154,177.43120179741246,7687926
2023-03-16,172.41390991210938,174.19423603421308,171.09600542629295,173.56996400282756,7686620
2023-03-17,174.10174560546875,174.95722845275387,172.87633109491958,174.4254463948161,9044282
2023-03-20,169.77809143066406,173.84741006924963,168.8532482098929,173.4081038945883,8184754
2023-03-21,169.43128967285156,171.21161584706894,168.99199757271273,170.63358878478985,7211152
2023-03-22,169.43128967285156,171.09601043461313,169.17696341024427,170.10180670989084,5374846
2023-03-23,167.16543579101562,168.73766666623723,166.63365368627754,168.73766666623723,9485192
2023-03-24,167.28103637695312,169.6393896776439,166.93422013014535,168.02091385920755,7906696
2023-03-27,167.0498046875,168.32146410034602,166.10184604271885,167.28101548983565,6227714
2023-03-28,164.714599609375,168.34459832152984,164.34465381716288,167.8590612272384,7813096
2023-03-29,166.03250122070312,166.81862373410056,164.15969903147803,165.54696409371587,8823840
2023-03-31,168.89950561523438,169.13071643743183,167.07293447507908,168.0209073132818,7914212
2023-04-03,170.14804077148438,170.35612203334995,168.85325176792873,170.14804077148438,4053500
2023-04-05,170.98040771484375,171.97461145522325,169.80123813401977,170.9572922767841,6443110
2023-04-06,169.546875,171.30408552835448,169.17694336876073,170.63356857074774,6429614
2023-04-10,172.6219940185547,173.1306606492291,169.98619911558689,170.1711649507443,5624940
2023-04-11,171.2116241455078,173.3387666601929,170.44863120871574,172.71449458027593,6784354
2023-04-12,172.0902099609375,172.69136655823493,170.7954350178158,171.3734620659931,5578210
2023-04-13,170.3098907470703,171.04976822118408,169.24632658002426,171.04976822118408,6724634
2023-04-17,167.0960693359375,167.3735251537916,162.77242400101278,166.44868183560402,13603290
2023-04-18,170.12489318847656,170.5873147595852,166.124949420784,168.0671256642349,8024898
2023-04-19,166.8417205810547,170.12491701820719,166.6567547491,170.12491701820719,7475944
2023-04-20,167.78970336914062,168.18276460538644,166.00937714284322,166.70300963786903,4423266
2023-04-21,170.1942901611328,170.49487553651124,168.1596376335889,168.36773303008326,5299988
2023-04-24,174.77227783203125,175.0728490985914,171.35034614507077,173.4081282450411,17779044
2023-04-25,173.7086944580078,175.21156485907616,172.99194652690937,174.88787816296264,7528552
2023-04-26,173.2000274658203,174.633537437178,172.66824537812013,174.633537437178,7008146
2023-04-27,173.13067626953125,174.14800962266654,172.04398248595263,174.05551964074883,8491700
2023-04-28,178.03233337402344,179.41959830940542,175.72022514838676,175.72022514838676,27709406
2023-05-02,179.58145141601562,181.33864804920577,179.16527475152205,179.88202266748382,9746608
2023-05-03,178.07858276367188,179.58145314749203,176.66818824397032,179.58145314749203,4828488
2023-05-04,177.4311981201172,178.5641227297142,177.13061274892829,177.91673522251745,6253358
2023-05-05,175.44277954101562,177.7548879011028,175.25781369460657,176.99189496467193,7902194
2023-05-08,175.882080078125,177.10749464688712,175.53526383534387,176.18265133280414,9613544
2023-05-09,176.7838134765625,177.3156097308151,175.74336463266226,176.87630346303877,5716698
2023-05-10,177.45431518554688,177.82424687533987,176.64507726613397,177.56992060260586,3670402
2023-05-11,177.87049865722656,178.88783201099218,177.15375068888483,178.35604989461058,4049964
2023-05-12,177.2230987548828,178.14794206214899,176.43697629891096,177.8473708096853,4580358
2023-05-15,178.37913513183594,178.95716214133637,176.87626490713478,177.22308111283505,5089694
2023-05-16,178.93406677246094,179.7895355528688,178.72597138090873,179.18839304036774,4059352
2023-05-17,176.7838134765625,179.11905157117738,176.34452132077678,178.5872694289154,5376102
2023-05-18,176.9225311279297,178.19419070147964,176.76068072344367,178.12483027441112,4237016
2023-05-19,178.5872344970703,179.51207773297023,177.33869048381027,177.93983294235008,7281582
2023-05-22,183.00335693359375,183.39641813474952,178.21729032278756,178.72595692946047,12197390
2023-05-23,183.88197326660156,185.93975533185764,183.14209577617302,183.58140200511198,12725634
2023-05-24,184.82994079589844,185.1767570364872,181.89356046984915,182.42534254968746,8256974
2023-05-25,182.2403564453125,184.50621947613067,181.5698394766068,184.50621947613067,13605054
2023-05-26,185.75477600097656,186.14782310024015,182.6565454087418,182.72590583143608,7926180
2023-05-29,184.87615966796875,187.74317938214648,184.6680784043193,186.81833613395858,7959308
2023-05-30,186.1247100830078,186.74898211934854,184.714329725932,184.96865598311336,7378972
2023-05-31,186.65647888183594,187.18826090759865,185.19985364188156,185.77788065075137,11783582
2023-06-01,188.2749786376953,188.66803987650255,186.84146864956912,187.28077487741064,7065484
2023-06-02,187.2576446533203,189.5003782685114,186.8183384601657,188.9917257652649,6320754
2023-06-05,186.9108428955078,189.4772774950007,186.67963206268902,189.0842162568109,7252860
2023-06-06,184.94554138183594,186.51777214240093,182.9108748672345,186.51777214240093,13707400
2023-06-07,186.26344299316406,186.63338879628216,185.4310896321298,186.07847714759973,8215860
2023-06-08,184.76055908203125,187.1651572348469,184.39062741790042,186.86458599374203,10615052
2023-06-09,183.72012329101562,185.13051784744718,183.1420962052624,184.71434116810272,12018232
2023-06-12,182.93402099609375,184.87618360152248,182.47159931213596,184.87618360152248,11973622
2023-06-13,182.91087341308594,184.2750228910775,182.42533633759118,184.02069663476854,13016186
2023-06-14,183.32708740234375,183.65077412301764,181.59300603876497,183.25771285820838,18512564
2023-06-15,179.85891723632812,183.78950149787337,179.53521641705206,183.62765108823533,28702320
2023-06-16,176.3213653564453,179.72016722646725,175.32716165470802,178.28665732275863,41110648
2023-06-19,175.7895965576172,176.64507947695847,174.37921609664147,176.64507947695847,10629440
2023-06-20,176.87628173828125,178.009220429505,175.99768342263266,176.55258093736336,11802658
2023-06-21,178.2635498046875,179.07278770911864,177.1537406438655,177.68552273009382,8829264
2023-06-22,176.7838134765625,178.49477944243912,176.46012674787679,178.49477944243912,9356174
2023-06-23,175.6970977783203,177.10747805537613,174.8416149705378,176.7837772809759,6470406
2023-06-26,176.13641357421875,176.5988352502403,175.2809306511809,175.72023688819726,4100400
2023-06-27,176.9225311279297,177.6855240496618,176.41386447611185,177.6855240496618,5880750
2023-06-28,176.50633239746094,177.45429104358283,176.0901416630782,177.45429104358283,7140112
2023-06-30,179.95140075683594,180.22885659772953,177.10751013965466,178.0323535346398,9070810
2023-07-03,181.08432006835938,182.14788421331286,180.113231785756,182.14788421331286,9036924
2023-07-04,183.0958709716797,183.7432585052803,181.7317213624582,182.07853762460027,12617234
2023-07-05,182.1479034423828,182.84153598718396,181.19994460928402,182.24039342648572,12366958
2023-07-06,183.2114715576172,183.5582878106071,181.80107699493107,182.42534907271084,9037242
2023-07-07,183.04962158203125,183.78949907921861,181.82420697430908,182.65656033865145,9065220
2023-07-10,180.32131958007812,183.0496043643433,180.18258462441085,183.0496043643433,5630400
2023-07-11,181.2924041748047,181.6392204160104,179.35024169124608,180.34444542697133,9634838
2023-07-12,181.199951171875,182.17103959216496,180.50631860195227,182.1479100393064,6848220
2023-07-13,182.33285522460938,184.321276833417,180.92247480384154,181.19993062274366,13595726
2023-07-14,187.3038787841797,187.5119741660274,181.43113245011864,182.54094155866662,31366784
2023-07-17,192.0205841064453,196.50607961477473,187.65069400696987,188.2056056142643,45759860
2023-07-18,192.9223175048828,194.35581332642857,190.63332469875596,193.29224917909033,17769026
2023-07-19,193.26913452148438,194.67951491108028,191.5119237819345,194.21709326046013,10830990
2023-07-20,193.13040161132812,194.21709532423054,191.7431366447265,193.52346284092974,8255710
2023-07-21,187.14205932617188,191.60442571065627,185.4310934673382,187.28078018521688,23514212
2023-07-24,186.84146118164062,188.66803233556723,186.58713492010142,187.88190988937353,6808460
2023-07-25,185.15362548828125,187.5119787212296,184.968659651028,187.5119787212296,6458200
2023-07-26,186.24032592773438,186.63338716611878,185.61605385641673,186.58714217713427,5329662
2023-07-27,184.94554138183594,188.02064247905648,184.50623517709505,186.81834338733432,8948358
2023-07-28,184.390625,186.28655650578324,183.37329176899783,185.45418910442103,6760060
2023-07-31,187.3038787841797,187.7431849849744,184.4831180826169,184.85304974813675,6762180
2023-08-01,188.18247985839844,188.6680169041656,186.8414458996366,187.51196287901752,7181804
2023-08-02,186.26344299316406,187.6969529922692,184.5062462923187,187.6969529922692,5399618
2023-08-03,184.8068084716797,185.89350216494213,183.6045093666231,185.89350216494213,6821698
2023-08-04,189.0610809326172,189.59286296976896,185.1073676400793,185.3617079966217,12481540
2023-08-07,190.12466430664062,190.98014720732797,188.69115432602797,189.56976677710585,8822866
2023-08-08,192.52926635742188,193.06104845892278,189.56977047290454,190.7026951044518,15724284
2023-08-09,193.1997528076172,193.5234535958225,190.77203923204235,192.136188695494,9309388
2023-08-10,193.5928192138672,194.5870229300529,192.15930928932585,192.87607130759088,9901644
2023-08-11,191.00326538085938,195.21130540537192,190.6795786786596,193.59282955840476,7571468
2023-08-14,191.974365234375,192.45991648480322,189.3616854612756,191.0957668299686,5792180
2023-08-16,193.5928192138672,194.30958123213222,191.4425613830495,191.5119218075297,8131780
2023-08-17,193.08416748046875,194.40207209524368,191.67378699658053,193.59283415255607,6340960
2023-08-18,190.37899780273438,192.529255639881,188.66803206324767,191.92809903130976,10602392
2023-08-21,191.7200164794922,192.991676000855,190.35586698450757,190.42522740872963,7334260
2023-08-22,192.87606811523438,193.33848975343346,190.86453116667067,191.90497985261862,6350240
2023-08-23,192.0205841064453,193.26912816686357,191.72001286582267,192.9454273772771,6134234
2023-08-24,190.84141540527344,194.2170877135953,190.51771461428874,193.63906066682864,5776956
2023-08-25,189.45416259765625,190.19402597519823,188.25186344116653,189.59288345294803,6598510
2023-08-28,188.69114685058594,190.7258133809064,188.50618101473555,190.26339173528606,3401974
2023-08-29,188.7142791748047,190.4714758092033,188.25185752238517,189.43102709125938,3998562
2023-08-30,188.29811096191406,189.68537598144096,188.04377057447374,189.59288600201003,4018182
2023-08-31,188.85299682617188,189.59287427990583,187.95128308642407,188.66803099073556,22061952
2023-09-01,192.52926635742188,193.17665387716167,188.43683172936775,188.64492712699354,8476130
2023-09-04,200.73724365234375,201.84705280412672,192.36740885799935,193.29225216981663,27634648
2023-09-05,199.69679260253906,202.3094721056196,198.9800305770287,201.52334965492793,17973426
2023-09-06,198.5176239013672,201.40775943517457,196.94539299337393,200.575406046234,13531912
2023-09-07,200.15921020507812,200.55227142247475,197.33843537151176,198.81819026806778,9322650
2023-09-08,198.84130859375,200.43666892377442,198.51760779542977,200.43666892377442,5748410
2023-09-11,201.0840606689453,202.30947523942632,198.88755779491726,200.2285777798208,8253314
2023-09-12,201.15342712402344,204.15916798909504,197.40780876207475,202.12451545667523,14545328
2023-09-13,201.47711181640625,202.51756049413433,199.5349353065185,201.1302955904969,7445670
2023-09-14,201.8239288330078,204.96839031544314,201.292132661606,202.7256425567118,14895010
2023-09-15,203.9510498046875,205.1995938231673,202.65627491380974,203.37302277983352,19835876
2023-09-18,201.66209411621094,203.9510729269452,201.24591743353105,203.9510729269452,6025196
2023-09-20,198.8875732421875,202.00891967402563,198.40202199670748,200.80662044825291,9102700
2023-09-21,198.3557891845703,199.41935342470606,195.62748992928377,198.795081322022,8893070
2023-09-22,193.52346801757812,197.3384467777813,192.6448696709595,196.2517530358104,19818260
2023-09-25,191.48878479003906,194.10146397227138,190.51769662078812,193.52343698009668,9301132
2023-09-26,190.93389892578125,192.73734056164915,190.37900140581598,192.73734056164915,6480566
2023-09-27,192.20556640625,192.62174309138433,189.73160762241034,190.63333553352606,7773994
2023-09-28,187.442626953125,192.59862575662476,186.8183548755736,192.59862575662476,16876116
2023-09-29,187.76632690429688,189.24608199905512,185.66231379992823,187.28078976082423,12780272
2023-10-03,187.48887634277344,188.7142909759178,186.6333934099025,187.95129802411017,5728104
2023-10-04,187.23451232910156,187.48885268894276,185.26922043136418,186.2171932257009,6905870
2023-10-05,188.11312866210938,189.77784948722322,187.28077530554714,188.64492486923513,8125304
2023-10-06,188.5986785888672,189.5003923669712,188.1825019134354,188.66803901610763,6365004
2023-10-09,187.55824279785156,190.05531713489,186.54090942143318,186.91085524558088,6030450
2023-10-10,188.55242919921875,189.01485085268095,187.83568128114788,187.92815714464697,5128014
2023-10-11,194.74887084960938,196.04365990870946,189.13045074641076,189.13045074641076,19092228
2023-10-12,192.87606811523438,195.0956863337946,191.76625900595428,195.02632591046242,10234398
2023-10-13,190.07843017578125,191.62754566086977,189.1535867950705,190.47149143498135,10914054
2023-10-16,189.6853790283203,190.47148741815226,188.73740611588943,190.05531072800713,5277652
2023-10-17,190.24026489257812,191.37320358526307,190.07841449191042,190.37899985543137,5979388
2023-10-18,188.4136962890625,191.2807018898399,188.20560091352752,189.13044416125985,4881066
2023-10-19,182.79525756835938,183.46577455051613,180.39067365328938,181.24615645783803,25629102
2023-10-20,181.199951171875,183.14211390046415,180.8068898931873,182.67969218718233,8429336
2023-10-23,177.17684936523438,181.73170536275458,176.73755727239035,180.7375016545418,8837826
2023-10-25,176.57571411132812,179.2808836511287,176.22889786550726,177.7548837023234,6678294
2023-10-26,174.91099548339844,175.9745596723418,173.43124050470482,175.1653217553664,10995582
2023-10-27,176.8069305419922,177.7317738934743,175.2809305448529,175.2809305448529,6202812
2023-10-30,176.64508056640625,177.7317743294614,175.90520306100765,177.56992392015707,4688744
2023-10-31,176.55258178710938,177.61616005810941,175.32716722686038,177.1999833920611,6153536
2023-11-01,176.15953063964844,178.28665890899262,175.78958485785785,177.5005505826663,4241952
2023-11-02,177.40806579589844,178.1016982810475,176.69131787270666,177.47742622201554,4742730
2023-11-03,177.36183166503906,178.81847126261164,176.94565497087115,178.49477043826442,5291528
2023-11-06,177.87049865722656,178.70286615903206,177.10750569789732,178.4947707555832,4939936
2023-11-07,177.24620056152344,178.9571661931784,177.03811930058453,177.98607797283336,5692178
2023-11-08,176.73756408691406,178.42540032342185,176.4138632801365,177.84737324845418,7102052
2023-11-09,176.11329650878906,177.56992195240701,175.58151440867326,177.10750028065596,9231126
2023-11-10,175.3965301513672,176.55258430240966,174.33296597720377,175.85895181178415,10710700
2023-11-13,176.48321533203125,177.06124237956968,175.72022245167824,176.92252153295584,3585902
2023-11-15,181.10743713378906,181.38489294731085,177.68551973232425,178.286662234964,10792518
2023-11-16,183.6276397705078,184.737448906497,180.02074243855688,181.1074361368752,13843576
2023-11-17,182.8415069580078,184.5062276236261,182.42533031960025,184.04380600050925,7886928
2023-11-20,185.0611572265625,185.47733390547293,181.82420554972,181.82420554972,8610496
2023-11-21,185.2692413330078,186.17096924437809,184.99178550551008,186.17096924437809,5440248
2023-11-22,185.0842742919922,186.1709680440245,184.5524921913775,186.12472305440812,5318582
2023-11-23,186.1247100830078,187.2807641829023,185.19986680309225,185.19986680309225,9677360
2023-11-24,183.1189727783203,186.58713514154607,182.91087739173125,186.124713493116,6250566
2023-11-28,183.51205444335938,184.3906528508462,181.77797306858653,183.58141487595222,8145314
2023-11-29,187.85879516601562,188.92235931539076,184.04381655649038,184.04381655649038,15544086
2023-11-30,191.00326538085938,191.67378244797013,186.8414703458009,188.18250448002243,19825958
2023-12-01,188.5061798095703,191.32695465221826,187.97439774290447,191.32695465221826,9830426
2023-12-04,188.4136962890625,190.9801306567245,188.08999550756099,190.84140981435985,10662472
2023-12-05,186.98019409179688,189.13045190845617,185.93974539547895,188.3905744575657,11165368
2023-12-06,193.63906860351562,194.40206151412272,187.7200770468187,188.09000872711638,22082070
2023-12-07,193.40785217285156,194.9107225125091,192.66797472169935,194.21709004805177,11250552
2023-12-08,195.41940307617188,196.29800143806682,191.90499551660244,193.66219224039233,15479122
2023-12-11,194.49456787109375,195.23444540599277,192.94545236939678,194.21711203150784,10084242
2023-12-12,195.2344207763672,197.87021563994145,194.28644795337186,194.54078832090212,11903364
2023-12-13,194.0552520751953,196.2055100302877,191.9049941201029,195.8586937758538,9696816
2023-12-14,200.87596130371094,201.61583876377392,195.71996274487915,195.83556815701436,24681376
2023-12-15,206.494384765625,207.85853429511602,200.4597878018527,201.63895737942096,41567234
2023-12-18,205.8932342529297,209.7082127651962,204.3903639299156,206.24005048131755,20182072
2023-12-19,202.86439514160156,206.86433982124913,201.1534292936186,206.0551018873093,16064694
2023-12-20,199.74302673339844,207.8585206142543,198.54072768497844,204.3903584238051,26449942
2023-12-21,200.6909942626953,201.84704837711178,197.54653271627805,198.33264104688803,10663008
2023-12-22,213.9393768310547,215.6272130570414,200.6909991777767,201.2921416872002,46080814
2023-12-26,217.38442993164062,220.02022498395914,207.32675860718618,209.939438220796,54628644
2023-12-27,217.77748107910156,219.83524894842526,214.60988996341365,216.64454239510007,25262992
2023-12-28,217.0838623046875,220.76010617628617,216.25149481738973,218.5173582163859,16839956
2023-12-29,217.93931579589844,219.81213192664947,215.53473170741245,217.77747950962635,15961140
2024-01-01,220.6444854736328,223.5808657468946,216.55205108585756,218.72543846593828,20347278
2024-01-02,216.96824645996094,221.0375513845887,214.7023690578499,221.0375513845887,14282514
2024-01-03,210.8180389404297,214.51741234271665,210.40186225507034,214.51741234271665,19534364
2024-01-04,209.19955444335938,212.64460142685942,208.73713278715744,211.3266968842861,15170336
2024-01-05,211.14175415039062,214.10125025155614,209.7082440368914,210.42499203764572,16889130
2024-01-08,208.25160217285156,212.71396847165246,207.65044553389018,211.5579142951761,10082886
2024-01-09,208.43655395507812,213.87000821791153,208.06662228836146,211.78911084065618,14465048
2024-01-10,209.7544708251953,210.86428000281225,207.6273283361024,208.7602670642466,8874676
2024-01-11,207.2574005126953,211.28046062058127,206.56376799975052,210.37874682094682,8638818
2024-01-12,215.2341766357422,216.87576795521284,210.4018644341617,210.4018644341617,36086734
2024-01-15,228.7137451171875,244.62104665172626,226.19354154374955,236.73676336379586,127844264
2024-01-16,224.27450561523438,228.89872222585777,222.19360814045385,228.89872222585777,25912492
2024-01-17,223.07220458984375,227.28024449236472,218.26302217781515,219.71964757545996,28668932
2024-01-18,223.18780517578125,226.1241854575977,216.5982967038574,223.0721997639931,26144924
2024-01-19,224.297607421875,228.13571544262612,223.62710452127772,225.66175688389882,15498620
2024-01-23,217.2919464111328,224.73693834325593,215.97404178980835,221.0606803119808,19972336
2024-01-24,221.53211975097656,221.97236287070672,216.89804119417684,218.26510002526695,11708750
2024-01-25,217.80169677734375,222.13456314803358,217.12974971555806,221.53212443765332,12852980
2024-01-29,219.19190979003906,221.0455411624707,217.80168626071534,217.80168626071534,10051300
2024-01-30,218.96018981933594,223.77962820599024,218.4967820101945,219.8406618282879,11828014
2024-01-31,221.5784454345703,222.3894091163861,217.33826672663596,218.96019409026755,10584480
2024-02-01,218.42730712890625,221.36994999616533,218.07975121880682,221.3004275004765,7828120
2024-02-02,223.89549255371094,225.44791162869754,220.11872152853306,220.11872152853306,16296222
2024-02-05,223.5247802734375,226.83814358730694,222.04186948998563,223.82599254886466,11566604
2024-02-06,231.54173278808594,232.53805685164417,223.87233841599362,224.61379381518307,29024038
2024-02-07,229.47958374023438,232.49173490651486,228.25154156646667,232.1441790027133,9103534
2024-02-08,226.5369415283203,231.75028009919873,224.79916200469418,229.80396137590307,11303840
2024-02-09,227.27838134765625,229.27102940775677,223.710135313986,227.48690639092166,7893788
2024-02-12,232.37586975097656,236.70872179213993,227.5332521093309,227.5332521093309,48873500
2024-02-13,237.0794677734375,237.7282359593343,227.8576540412489,233.14050090081696,22373576
2024-02-14,238.42333984375,239.58185947370018,230.3368671698635,233.5343926621943,22594656
2024-02-15,240.2769775390625,242.2927904342559,237.75139902284945,239.55870100653217,14570776
2024-02-16,251.63047790527344,252.5572936618306,241.412339846065,242.13061640056236,34942644
2024-02-19,248.3634490966797,252.97436297671848,246.2317559626854,252.97436297671848,18602758
2024-02-20,246.50982666015625,249.38296116410152,243.86839609549412,248.29393567896744,10374126
2024-02-21,241.62088012695312,248.52564057363023,240.74039384062357,248.34029439199458,13115574
2024-02-22,246.09274291992188,246.99639392036732,241.64403869581284,242.26962800464415,14596482
2024-02-23,248.4561309814453,250.8194997112456,247.1354016337105,247.9232006383675,19860994
2024-02-26,246.95005798339844,248.61831495273069,243.77569719663083,248.50246298863343,8820636
2024-02-27,246.27810668945312,249.03538904427214,244.47080476702172,247.45979104604115,10399260
2024-02-28,239.90625,246.04640402269067,238.6550431460893,245.60616090762588,12789056
2024-02-29,240.3232879638672,242.94155350221297,237.82090266653472,239.72086344511138,14462764
2024-03-01,240.55499267578125,243.38179740266045,239.8367161977978,242.08426113853406,9420630
2024-03-04,241.2037811279297,243.93789870222167,240.30013018156743,242.33913599468383,5662370
2024-03-05,237.86724853515625,241.20379077913702,236.6392205363597,239.92941916599077,10521548
2024-03-06,237.79774475097656,238.5855154527713,231.70392033256218,238.05261340650839,11091922
2024-03-07,238.88673400878906,241.1574436670601,236.5696948816427,238.07577031428784,9707982
2024-03-11,238.44650268554688,240.48550853173177,237.40383502687354,239.767232023702,11131512
2024-03-12,236.7318878173828,242.13058609520348,235.29532074610444,237.61235984749393,11652760
2024-03-13,233.74290466308594,240.36964506175556,230.22100235620866,238.0989354001332,13580480
2024-03-14,240.0220947265625,240.46233782835492,229.45638756230818,232.23683458309856,12825472
2024-03-15,239.5818634033203,240.16112322779642,234.66973726334578,238.53919571926332,13649086
2024-03-18,236.43069458007812,240.30013887697243,235.87459949418104,240.0452702121528,6393960
2024-03-19,229.31736755371094,235.87458552121782,228.529568585706,235.87458552121782,9617386
2024-03-20,228.69178771972656,232.28319877307587,226.69913950179946,229.8734721514135,8385344
2024-03-21,231.91246032714844,234.1599770485509,230.98564464258328,231.54172556807137,11644580
2024-03-22,225.72596740722656,227.4174032376324,222.2272296413964,226.72229146003394,28646502
2024-03-26,222.3662567138672,227.5100866093437,221.99552195351276,225.21621212530746,18273346
2024-03-27,218.86752319335938,222.87601243324863,218.38095060481407,222.29675261732075,14320668
2024-03-28,222.4821014404297,223.84914605017045,220.2577353768876,220.90651765089027,15455150
2024-04-01,224.72964477539062,225.40157767939994,223.15404675586996,224.15038495706256,6041008
2024-04-02,222.9918670654297,223.68697885286295,222.2504116637504,223.33942295914633,6932654
2024-04-03,223.91867065429688,226.00400590365237,220.55896386366854,222.4357599312546,13794516
2024-04-04,225.86497497558594,227.97348910098495,222.250399535023,225.12351961436963,16004046
2024-04-05,224.77597045898438,225.7491297657917,223.61745084185304,225.4479174937546,6414344
2024-04-08,222.38943481445312,227.8113125705198,221.60164991776495,227.0698571473358,26640770
2024-04-09,220.4894561767578,224.86866615122017,220.2114227718468,224.2662415844654,15801250
2024-04-10,221.1845703125,222.18090854494946,219.23826574710998,221.27725754317441,10771534
2024-04-12,218.1492462158203,222.4357688445964,217.80169032700064,220.11872958579852,13170046
2024-04-15,212.86639404296875,217.0370646012162,212.3334778556097,216.15659253400318,12176472
2024-04-16,207.7689208984375,212.47250794045794,206.12381447820536,209.94692939752656,21439424
2024-04-18,205.915283203125,211.05911322217844,205.2201714206066,209.69205439305802,21986258
2024-04-19,209.80792236328125,210.34083860878502,202.50924809001415,203.89947176111264,20470106
2024-04-22,214.09442138671875,216.01756108807422,208.53352732472604,209.80789888059937,18881740
2024-04-23,214.14077758789062,216.31878607162753,213.26030547139757,216.31878607162753,10322712
2024-04-24,213.12127685546875,215.32246424076655,212.5188522805374,214.9749083378248,5915168
2024-04-25,213.6310272216797,214.3493037604931,211.22130065041426,212.6578678701269,11805090
2024-04-26,215.2992706298828,220.48942959916627,213.90904720456126,214.0480638902598,21478294
2024-04-29,214.53466796875,216.87487193428376,213.90906454821484,216.712676359762,7249940
2024-04-30,214.27978515625,216.2956121147131,213.86272092327818,214.55783269225958,8902956
2024-05-02,211.96275329589844,214.55784015207283,211.0591164500558,214.279792606396,14937276
2024-05-03,211.93959045410156,214.09443420370874,210.01645063761526,213.35297878930473,9730626
2024-05-06,212.54200744628906,214.37247410952259,211.31397947294448,212.61151579533023,6918126
2024-05-07,214.97488403320312,215.64683102642257,210.387149461469,214.00172478657242,9278528
2024-05-08,214.6505126953125,216.13340926732235,213.77002650389628,215.48464113318775,8205680
2024-05-09,211.26763916015625,215.20660594432576,210.4103317963611,213.9785779517959,9233484
2024-05-10,209.39083862304688,212.00909013177636,208.67254797450778,211.33714309638256,6654714
2024-05-13,209.4371795654297,210.0396041023808,206.2164894110523,209.3908359528754,7111608
2024-05-14,211.47618103027344,213.12127328648089,209.55304122795164,209.78474515936597,4909420
2024-05-15,212.3798065185547,213.0517535405519,210.6883707381125,211.4761697196206,4793424
2024-05-16,215.2297821044922,216.64317039354108,211.3603237193135,214.0944272124406,14621472
2024-05-17,213.6310272216797,215.20661114500592,213.1907840900935,215.20661114500592,6876820
2024-05-21,213.5846710205078,215.39195877141563,213.0285900967358,214.5578303147151,8467448
2024-05-22,213.77003479003906,214.7663729776738,212.63469404681666,214.51149017582657,7765884
2024-05-23,215.85537719726562,216.874880153969,213.97858100661364,214.32613690429628,13171332
2024-05-24,214.85903930664062,218.03338579649431,214.09441920931005,216.41145837824197,8205526
2024-05-27,209.66888427734375,214.16393187037528,209.2749847822731,214.094423522324,40983758
2024-05-28,211.33714294433594,211.89323801750902,209.970098281087,210.3871625149242,15778126
2024-05-29,208.9042510986328,211.08227362935926,208.30182655630512,210.38716186109573,9756036
2024-05-30,202.48605346679688,208.30181597569154,201.62874616773476,208.07011206470636,20724568
2024-05-31,203.06532287597656,204.89577537433027,201.81411604047597,202.76409646374063,21438004
2024-06-03,205.79942321777344,208.78839528084802,204.61772474830082,208.62621385158351,8964424
2024-06-04,203.04214477539062,206.63355557974873,193.2410716667529,206.63355557974873,17730732
2024-06-05,209.22865295410156,210.8505804963814,203.45921932544314,203.76044575410666,12267428
2024-06-06,213.6310272216797,214.0944350898395,209.7384039575543,210.82741527614706,15425568
2024-06-07,224.5442657470703,225.40157308915408,217.0138882621597,217.8016872558767,72672440
2024-06-10,220.23458862304688,226.32839924101177,219.3541165048385,226.32839924101177,18311752
2024-06-11,220.6053009033203,222.06504694162768,219.81751604511538,222.06504694162768,9371714
2024-06-12,220.9991912841797,224.47475000895318,220.37358788530352,221.5089427255634,13875116
2024-06-13,223.640625,224.91499655195162,221.5784544681898,222.4357617951924,12995932
2024-06-14,221.27723693847656,225.03084315789172,220.67481242144646,224.7527956338453,11322596
2024-06-18,227.92715454101562,228.4600707417121,222.45893340920824,222.8991765248753,31870984
2024-06-19,229.73443603515625,230.38320418091823,225.56376548686293,228.11250859970886,20880284
2024-06-20,227.2552032470703,230.5454017588804,226.2588792136148,230.5454017588804,12571126
2024-06-21,227.32472229003906,232.14417539485527,226.652789371717,230.753951801255,95171176
2024-06-24,227.32472229003906,229.3405493291766,226.81498495272086,227.11619723625043,9934518
2024-06-25,230.2441864013672,230.77710258494355,226.74544875042085,227.32470854606578,9258210
2024-06-26,229.47958374023438,231.6575922521395,228.830801406136,230.2442039001807,12812090
2024-06-27,236.70870971679688,237.24164002553033,226.69911207966092,228.06615666870982,42137138
2024-06-28,238.58551025390625,239.2574572650627,234.4148539208852,237.26480925045718,16405832
2024-07-01,244.3781280517578,248.2939301960063,238.23797379634507,239.99894632334795,30757528
2024-07-02,249.4060821533203,252.55724951799579,244.81833364657422,245.28174144385494,36276968
2024-07-03,249.7768096923828,252.7657957249416,248.15488235671796,251.1207036556009,16049384
2024-07-04,245.93057250976562,254.31824399247492,245.18910291637758,250.88904258213887,19524632
2024-07-05,247.9695281982422,248.6183104992336,245.351290827047,246.23174876791202,10376090
2024-07-08,250.79632568359375,251.6304541288444,247.923191452913,248.36343455251375,12176360
2024-07-09,250.7036590576172,252.53412581108296,249.12806097722773,252.09388267531193,8681444
2024-07-10,248.17803955078125,251.79261470361897,246.4170955823903,250.7036176964234,9233748
2024-07-11,247.50611877441406,250.03169718724894,245.60615792301732,248.7109961422744,8807618
2024-07-12,259.57794189453125,261.73277162080683,250.9585381369096,252.55730102038703,54186042
2024-07-15,259.3693542480469,262.7058961025877,257.7242621962887,262.7058961025877,16099478
2024-07-16,259.3693542480469,260.71321991273385,257.84011414759794,260.36566405880603,11239032
2024-07-18,265.6253967285156,266.1814918293242,257.8169571488747,257.90964437970473,25019786
2024-07-19,258.2108459472656,268.7302092397649,257.05232638386633,268.7302092397649,26523490
2024-07-22,234.39166259765625,244.1000617893486,232.4221794223269,241.43546690507947,76014568
2024-07-23,231.9587860107422,235.4111800362175,225.3784032430122,235.4111800362175,25847632
2024-07-24,231.75025939941406,234.64655834676205,231.63440744152015,232.86243536677875,12240276
2024-07-25,234.87826538085938,235.1794776469656,228.59908069439388,229.85028751309346,21887890
2024-07-26,243.19642639160156,244.93420577456962,235.6428843304677,236.33799608365493,26153996
2024-07-29,243.01109313964844,245.86103450863808,242.29278832918743,244.67935012226818,12011554
2024-07-30,241.6671905517578,244.19276895740694,240.85622682507406,243.0110846125018,10816526
2024-07-31,241.89889526367188,243.2427893288048,240.71721091490753,241.80620803777128,7758508
2024-08-01,241.6903533935547,244.12324455454507,239.81355729762464,242.36230041866222,10759752
2024-08-02,232.7002410888672,240.62451788121035,232.16732490801425,238.6550345860825,15652228
2024-08-05,224.7528076171875,229.78078562631896,222.55162032609132,227.06984687097292,21938080
2024-08-06,226.83815002441406,231.4027203252326,225.49427004369778,226.95400199071867,11271584
2024-08-07,230.49905395507812,231.75026076453656,228.29786674212758,231.10149262492598,7079826
2024-08-08,225.8186492919922,228.92348767642173,225.3784203009429,228.92348767642173,13160570
2024-08-09,227.67227172851562,230.05883347681558,226.90765160214778,229.54908201187524,6065948
2024-08-12,226.62960815429688,228.92348271689758,225.86498801412517,227.7881278036739,7338468
2024-08-13,227.30154418945312,228.3210470883193,225.74912510612347,226.6295971685525,6289418
2024-08-14,229.45640563964844,230.2442046811051,227.27839712035615,228.46008154045512,11121756
2024-08-16,239.23431396484375,239.79040906818236,230.7539555624885,232.16734391551907,25931140
2024-08-19,240.85623168945312,242.4549944397526,238.0526198345582,239.11845224003426,11466562
2024-08-20,243.12693786621094,244.49396838541048,240.80989863479434,240.92575059636516,9543812
2024-08-21,243.9147186279297,244.72568239234081,241.4586625982617,242.54768805240238,6454402
2024-08-22,240.50868225097656,245.8610374419241,240.06843912181387,244.58666581149987,11496506
2024-08-23,237.45021057128906,241.64404625575327,236.96362380887004,240.9257696939123,11277706
2024-08-26,240.97207641601562,243.19642838763718,239.09528032384026,239.11844505896937,17351380
2024-08-27,239.65138244628906,242.47815903537432,239.1184521017738,240.97208351341547,7965796
2024-08-28,247.7378387451172,249.35976630816572,239.97575683624203,240.9720950814978,34375566
2024-08-29,249.6378173828125,251.14389291299523,247.48295954134426,247.92320266084724,25685318
2024-08-30,249.49880981445312,251.16706684142852,248.2476029021356,251.02805013654256,19434804
2024-09-02,246.74151611328125,251.1670554369318,246.4634544319631,249.49879848570532,15735982
2024-09-03,248.40975952148438,250.63411142990742,245.3744439173948,246.99637130872793,15056686
2024-09-04,240.57818603515625,244.79518597057947,239.4659959305195,244.67933401318686,20402128
2024-09-05,243.21958923339844,243.752519553695,240.74036864666266,241.52816761764348,12069118
2024-09-06,241.25009155273438,245.55980675912647,240.25378174420553,243.2195747205834,14579954
2024-09-09,238.58551025390625,241.78303559848834,237.93675626161362,239.62817787268267,11919540
2024-09-10,243.63668823242188,244.6793559424037,238.1916457469612,239.48918212921532,10287272
2024-09-11,238.35382080078125,243.86838563279701,237.84408346989656,243.2891258094412,8261524
2024-09-12,245.62933349609375,246.5329844908173,239.92942240624186,241.1806293001536,15779474
2024-09-13,255.15234375,256.03282995400747,246.00003896883865,247.36709774488403,35919706
2024-09-16,255.7548065185547,258.04865277374057,254.41091242522668,256.2645438454469,11088578
2024-09-17,255.7548065185547,257.14503008371986,253.50726145103516,254.41091242522668,8728238
2024-09-18,249.38294982910156,254.43407850538557,246.83420661283307,254.43407850538557,16665520
2024-09-19,247.1585693359375,255.54626852216686,245.2122789629399,252.18656155730392,20969182
2024-09-20,249.8231658935547,250.5878001758596,246.06957354300775,249.26709908915598,16664232
2024-09-23,247.8768768310547,250.42562007342826,246.5329827168619,249.82316722516657,8544290
2024-09-24,250.03167724609375,251.12070256581495,245.30491194583533,246.625641169646,12355694
2024-09-25,248.47930908203125,249.9622199439396,245.9537304978053,249.68415824748493,8065196
2024-09-26,251.12071228027344,251.67677904426486,248.2475781015851,249.6378015799018,11403400
2024-09-27,251.07437133789062,258.9986626653696,250.56463400871257,254.36458409403835,26462384
2024-09-30,250.91217041015625,252.325558607783,247.4597764858698,249.31340777040816,8199446
2024-10-01,253.36827087402344,254.6889720834284,250.3329547673011,250.3329547673011,9411274
2024-10-03,245.67567443847656,251.35242040335237,243.86837257272583,250.28655975812168,14035368
2024-10-04,247.25125122070312,251.1438884509139,244.70250806106213,244.70250806106213,11922754
2024-10-07,246.27810668945312,251.0280371355616,243.72936352324857,249.31342243964446,9878074
2024-10-08,244.19277954101562,247.36711209508908,241.1111059323859,246.32444440130521,11502804
2024-10-09,246.13909912109375,249.63782284945395,244.91105696361515,245.51348153204614,8841688
2024-10-10,243.2891082763672,249.1280355613324,242.57083180400411,247.9231865292504,12620244
2024-10-11,244.81837463378906,247.64517964096237,241.13427637178629,241.13427637178629,8436982
2024-10-14,254.66575622558594,255.73158853132088,248.52560274557126,249.6377928027883,33136266
2024-10-15,246.97320556640625,256.19500429756636,246.00003216507628,256.19500429756636,21601252
2024-10-16,246.60250854492188,249.6841539000561,245.14276244542506,246.99639391949256,12553622
2024-10-17,245.0269012451172,249.3134238673722,243.31228653938106,247.9000355784898,23755278
2024-10-18,254.24876403808594,258.76699121217337,243.1964682878905,246.5330109348207,74653054
2024-10-21,253.99380493164062,260.3888552257969,253.48406766316967,255.61573223844334,23966964
2024-10-22,252.76580810546875,257.42305116915696,252.02433860234663,254.7816208648628,18478300
2024-10-23,253.5767822265625,256.9596538887324,251.2597429669707,253.7157989253039,12698576
2024-10-24,253.43775939941406,255.1060163123116,252.62679567816693,253.57677609479387,9576604
2024-10-25,251.83901977539062,255.8011515198141,250.4719608631513,254.75848378264095,10124540
2024-10-28,258.8595886230469,259.4156836460173,251.491421492234,251.83897734606956,11185858
2024-10-29,260.52789306640625,261.0839881307313,256.38038724536796,259.4157029377561,12055630
2024-10-30,261.9412841796875,268.19729008225414,260.018130310786,260.66691260694245,20755492
2024-10-31,255.7084503173828,262.42786425653856,254.08652281482796,261.73275246972935,15680094
2024-11-01,255.49990844726562,257.1450289528126,254.87431915936094,255.662118166324,1962810
2024-11-04,250.61093139648438,256.0096435545876,247.55245124463377,255.3376965909359,9855560
2024-11-05,251.95486450195312,252.71947051672586,250.4256241882359,251.6304733362139,6862260
2024-11-06,261.3157043457031,262.21932704805664,250.70365300643863,253.69263936917218,19554884
2024-11-07,261.0840148925781,264.00347892432563,256.93650864640875,262.288864085308,11997142
2024-11-08,263.67901611328125,268.2204065160443,261.82538506854814,261.82538506854814,20852658
2024-11-11,265.764404296875,270.2594661379806,262.31201012737876,263.67906895365627,16139444
2024-11-12,264.4437255859375,268.63756136284337,263.702255986264,266.45953860782305,11260890
2024-11-13,263.67901611328125,265.81068050105824,262.08025368036596,264.1424238744645,11391200
2024-11-14,262.61322021484375,266.250960329234,261.454700651768,263.65588782161194,9783520
2024-11-18,256.19500732421875,262.61322273577076,250.37924471858454,262.61322273577076,15289764
2024-11-19,260.43524169921875,264.04981768874325,257.0523696613839,257.6547942789424,12919778
2024-11-21,258.18768310546875,263.030272288641,257.3303616517673,260.4351997612711,11672608
2024-11-22,264.9071044921875,265.81072715777213,258.53524665749035,260.4120427628762,14733232
2024-11-25,269.91192626953125,272.2752951518014,265.94979453905603,266.69123583587776,23297474
2024-11-26,272.9472351074219,273.5728244175138,268.4521731168999,271.0936036296126,15771340
2024-11-27,270.12042236328125,276.1910533291645,269.657014555682,274.1057181949678,13659676
2024-11-28,265.1619873046875,271.5570102160817,264.39735301003503,271.441158249266,11896556
2024-11-29,267.78021240234375,269.12410646893466,264.8839133658722,266.4595113553808,8540112
2024-12-02,270.88507080078125,271.34847868112956,267.94244207423833,269.9119255657187,11194000
2024-12-03,270.3057861328125,274.5228144273085,268.12776363831125,273.73501544621195,15445286
2024-12-04,272.48382568359375,275.2642728844467,270.44481975596625,273.0862502536109,14036431
2024-12-05,277.3959045410156,278.8788151940654,272.3911058356198,273.410608677352,13487264
2024-12-06,275.588623046875,277.25687980552044,274.52279076862004,277.25687980552044,7894350
2024-12-09,281.520263671875,283.32756556714025,272.2521068431713,273.4106264467593,9285213
2024-12-10,285.5519104003906,288.2396701565925,281.2422232397706,283.605591858255,17028502
2024-12-11,286.3860778808594,287.2202064314447,283.1885521054135,285.59827880590586,8608406
2024-12-12,286.478759765625,290.8347769080665,284.9495194040852,285.45925676320763,12958440
2024-12-13,287.26654052734375,288.28601518064926,281.9373501967142,286.4787415172861,7382211
2024-12-16,286.5714416503906,288.6104193329947,284.6251229155901,287.3128829378517,7221189
2024-12-17,286.2470397949219,289.3982075752562,284.8104584633571,288.23968792923836,10568517
2024-12-18,289.72259521484375,290.32501976662354,285.96897463682393,286.38605301799413,10965226
2024-12-19,289.8616027832031,290.4640273160065,279.1105352805333,283.9299881113001,12405595
2024-12-20,282.8641662597656,296.5810274664192,282.12269672059705,292.4103567676726,22214824
2024-12-23,285.3665771484375,287.915320580443,282.6788170042482,284.1617279306133,6693583
2024-12-24,282.95684814453125,286.57145233717273,280.6398086795935,284.99585418734574,8837902
2024-12-26,282.7251281738281,284.4861006947115,281.75198296737915,283.04951933736834,6516148
2024-12-27,286.478759765625,288.14701683563703,282.400776040128,282.8641839244839,8063921
2024-12-30,281.47393798828125,286.7567704812143,280.5007645376725,286.4787370862806,13709891
2024-12-31,279.7593078613281,280.8251401953347,273.6423189527148,278.92517943837373,9337030
2025-01-01,278.32275390625,281.149558868497,277.07157529133985,278.0447204994192,7878201
2025-01-02,281.5666198730469,282.16907275144285,275.40330065367453,276.1910997157385,8800435
2025-01-03,272.9009094238281,281.566614075587,272.4838310218605,281.1032061996995,12535720
2025-01-06,272.7618408203125,276.00569567069965,269.2862820520406,273.4106231040578,9173687
2025-01-07,272.5301513671875,275.7276769173768,269.9814081351781,272.7618552973702,7381943
2025-01-08,275.77398681640625,276.6081435331957,268.12775766307703,271.55698690005596,7937785
2025-01-09,270.9082336425781,276.191094755257,270.0277756465798,275.2642790010447,7964702
2025-01-10,278.554443359375,281.0568570274507,272.7618453167647,272.7618453167647,19505556
2025-01-13,270.49114990234375,277.34957997419525,269.0082392230916,277.07154659615924,9541248
2025-01-14,271.4179382324219,272.99350768971306,265.57898332363925,270.4447649388752,7670070
2025-01-15,271.23260498046875,273.1325941081773,268.4985156759664,271.55699612755757,4662694
2025-01-16,266.96923828125,274.80084188471824,265.71805977352847,274.24474683452576,10345666
2025-01-17,261.3157043457031,266.7375536965091,259.9718102340334,266.7375536965091,9358955
2025-01-20,278.2763977050781,283.0494926250342,275.21791738701626,279.8983250855407,39380165
2025-01-21,276.51544189453125,283.46655894424714,276.0056763403848,280.2690337877108,15619474
2025-01-22,286.478759765625,287.312888300631,277.4423060206858,277.4423060206858,30859317
2025-01-23,294.4493713378906,300.8443942745946,287.91530341312017,288.33238180897615,39904371
2025-01-24,296.6737060546875,298.89805803907456,293.4298511612402,295.6542031456272,17479586
2025-01-27,285.4129333496094,295.7932532091185,284.30074308986724,294.5420462379519,12372895
2025-01-28,286.9725341796875,290.75346340775667,285.03479064258164,287.35062133325425,12077491
2025-01-29,295.33782958984375,297.46460216342535,288.34308782643825,288.34308782643825,16338112
2025-01-30,292.0767517089844,296.5193546164998,289.19380501862076,293.9672161213403,9984186
2025-01-31,294.81793212890625,298.40983197594255,292.5966305787731,294.62890298718787,15597644
2025-02-01,288.1068115234375,296.09403649654183,286.7362419104247,295.432362306672,6046117
2025-02-03,296.42486572265625,296.80295288702996,283.8532583722681,286.40539721264355,14877076
2025-02-04,298.9297180175781,301.3873277926545,296.18855008800097,300.58387455996785,15366864
2025-02-05,299.733154296875,303.8449203817731,297.6536317941544,300.39479956868666,9628027
2025-02-06,300.53662109375,305.87717781542756,297.3228081992462,302.4743357687886,15062390
2025-02-07,300.5838623046875,301.5290945760859,296.802933219094,301.5290945760859,8589587
2025-02-10,301.5763854980469,303.41960021540694,298.5516591276092,301.3400773981906,12304840
2025-02-11,295.85772705078125,302.85244070702254,294.5344075233089,302.0017373569476,10627890
2025-02-12,293.2110900878906,298.4571181559513,292.40763681134194,296.2830952628925,9668342
2025-02-13,291.65142822265625,296.47211894662615,290.1390795491144,293.3055848247693,8832731
2025-02-14,291.22607421875,295.29056152588134,287.87048228267616,293.0692598759002,7371341
2025-02-17,288.6266784667969,293.3055608802263,285.4601446034459,291.2260672007686,7507772
2025-02-18,295.10150146484375,295.6213676312319,288.6266551895326,288.6266551895326,10368789
2025-02-19,296.8974914550781,299.16604336061,291.4151264333233,294.2035734470454,7835672
2025-02-20,296.1412658691406,297.08649816217485,293.2583189138664,294.15630113072905,7697134
2025-02-21,289.5718994140625,295.66862998951336,288.34308020740997,295.66862998951336,8722925
2025-02-24,278.8907775878906,286.68894403524723,277.2838999913071,286.3581358083803,12600963
2025-02-25,275.34613037109375,280.0722914062735,274.21186903036926,278.22910591027204,10810040
2025-02-27,278.37091064453125,279.5997010885227,275.39343468701315,277.8982944974268,15555649
2025-02-28,262.4437561035156,277.898310789088,261.82936084550124,277.898310789088,17458839
2025-03-03,268.0206298828125,270.6672978552482,264.0033922667289,264.14520020072956,11471554
2025-03-04,264.6650390625,267.5952649070748,261.1676680792655,263.7198067801339,9331785
2025-03-05,269.4857177734375,271.2344031891443,263.38895827835654,265.9883469420238,10285712
2025-03-06,270.2419128417969,276.0078357272572,267.9733610571144,272.6522725505603,9782051
2025-03-07,269.2021484375,271.94334519399126,267.4062128304959,271.6597581952849,8097300
2025-03-10,265.5157470703125,270.00560049141563,262.727329095453,268.87133904012046,8165123
2025-03-11,262.53826904296875,264.00336755675363,258.2374736538323,261.8293448241309,8602609
2025-03-12,253.84214782714844,262.4910473077437,247.83994520322958,262.4910473077437,18584311
2025-03-13,249.5413360595703,256.2524913970794,248.9269408119973,253.84213163878306,8683943
2025-03-17,245.61862182617188,250.67562046015934,244.7206395920822,249.54133014827772,12697926
2025-03-18,245.61862182617188,245.61862182617188,245.61862182617188,245.61862182617188,0
2025-03-19,251.1482391357422,251.9044134537834,242.2157821670994,247.65086801084897,14044300
2025-03-20,253.32223510742188,258.9463783581741,252.84961899714682,254.45652531056123,17038774
2025-03-21,249.82489013671875,254.78735980677095,245.9494607094484,249.54133197976765,22659168
2025-03-24,254.6455535888672,256.77232607793826,250.86462471940754,252.42425210882004,9269617
2025-03-25,256.157958984375,259.65533011046506,254.59833142400558,257.10319130535055,12563930
2025-03-26,252.755126953125,257.33950966216906,252.14073168919592,257.10320157248844,7308412
2025-03-27,257.292236328125,258.56827682010726,254.83462664833004,255.21271378840623,14783522
2025-03-28,247.88717651367188,256.96141257664425,247.27278127344067,256.15795933347977,14283389
2025-04-01,248.218017578125,248.5961047438563,244.3425592254253,246.0912448189095,8388635
2025-04-02,249.1632537841797,251.0064395630636,246.8001729039166,248.4070505947742,7136992
2025-04-03,242.310302734375,246.23301095930432,241.31780594761577,245.66586581741328,12262561
2025-04-04,232.8107147216797,240.0417359339805,231.44013079280504,239.14376814769022,14639785
2025-04-07,229.596923828125,230.49490606696565,215.51296808645233,218.3959295353868,13011904
2025-04-08,233.7086944580078,235.83546720838402,230.4949102933463,231.34561362425646,13806651
2025-04-09,223.68922424316406,229.0297955404645,221.184364347782,227.5174180491881,19063559
2025-04-11,226.61944580078125,231.58191541685676,225.29612633906794,231.58191541685676,11205821
2025-04-15,230.6366729736328,231.6291697378524,228.13181323721645,231.6291697378524,10694621
2025-04-16,234.08676147460938,234.84295016094572,227.99001633289038,230.63666952351787,16203319
2025-04-17,223.92552185058594,224.77623955829924,219.4356685108047,222.12958628391345,54875421
2025-04-21,225.39064025878906,227.61194194493845,224.39814345384784,224.39814345384784,16298364
2025-04-22,221.32614135742188,225.91052386620643,220.7117461203314,225.39064320699882,18367713
2025-04-23,230.25860595703125,231.91276256757573,223.16936334041208,224.20911027032227,31898042
2025-04-24,229.4551544189453,231.72370630410433,228.2736139739456,231.39288363336507,23000820
2025-04-25,227.70645141601562,232.66892090635434,225.01254806083466,230.58941276645146,16620430
2025-04-28,227.32835388183594,228.69893774619177,225.67419746065832,227.32835388183594,14218414
2025-04-29,228.17906188964844,230.25858440099296,226.71396342451894,228.36811988020682,16647246
2025-04-30,228.2736053466797,230.06954098596407,226.09956812542453,228.32086984731362,14206640
2025-05-02,228.4437255859375,232.33809230334896,227.56466650756312,228.78400977633075,10822257
2025-05-05,230.23023986816406,233.34949494182297,229.4078779536191,230.6366828369607,12170446
2025-05-06,227.9805908203125,232.43262707313434,227.4323543313111,231.10930756389027,8869045
2025-05-07,230.6744842529297,231.06203295765368,223.08427003425385,223.08427003425385,9130056
2025-05-08,228.3397674560547,232.36645175279133,226.20353328506914,229.795418812506,11434833
2025-05-09,228.7556610107422,229.64418166987357,223.54743629198492,223.64196529010107,10582438
2025-05-12,243.18936157226562,243.81321834304174,231.46848698623586,231.66697768951002,19791711
2025-05-13,237.79208374023438,242.87743785388216,236.89410156544565,242.87743785388216,11714159
2025-05-14,239.08705139160156,239.79597559027687,237.01699042377373,237.79208780407996,8839105
2025-05-15,242.51824951171875,243.01922145905942,236.89410598819643,239.33280696626414,12083645
2025-05-16,240.38201904296875,242.9246961862327,239.64473901773013,242.9246961862327,6640387
2025-05-19,237.9622344970703,240.78848430168534,237.5179741566736,240.38202690759667,6788784
2025-05-20,236.03396606445312,240.6561514753647,235.65586448725253,239.1437740127632,9366429
2025-05-21,237.1776885986328,238.3025173509805,234.51214099451252,236.03396558478877,5313593
2025-05-22,232.47042846679688,236.20409307558361,231.58190781889778,235.3628369261451,11469037
2025-05-23,233.8126678466797,236.77124963119516,232.14906415156557,232.62168031276735,7437642
2025-05-26,236.53494262695312,237.11153492316714,234.6066606035387,234.88078605521952,3690751
2025-05-27,234.6539306640625,237.24387249291274,234.4081754456129,237.24387249291274,6861143
2025-05-28,233.87881469726562,236.44040050667638,233.43456879761493,235.92051987121295,6205160
2025-05-29,236.44039916992188,237.95277656942864,234.51213168749553,235.97723016583672,11785042
2025-05-30,235.9961395263672,237.3572763052062,234.90912818323596,236.3080679067761,13858429
2025-06-02,234.11512756347656,234.81460465307967,232.7161878073705,234.0395216723142,5846259
2025-06-03,232.73509216308594,235.8354528746847,232.27192315550505,234.41760446060843,8573438
2025-06-04,233.34005737304688,236.1284899074843,233.00922028290134,233.00922028290134,6698150
2025-06-05,234.36090087890625,235.8260138417121,233.35895693958497,233.3778512011228,6468060
2025-06-06,234.9752960205078,236.28916835190694,233.5669091121543,233.5669091121543,4445411
2025-06-09,237.5274200439453,239.5218607883377,235.5707966687634,235.92998956076121,9193904
2025-06-10,240.91136169433594,241.79043526986945,238.03786172911973,239.0492528321261,10739851
2025-06-11,244.73956298828125,247.27277866210773,240.1835363199957,241.99836620570386,17268454
2025-06-12,245.39173889160156,248.59609017385887,242.28194545298726,245.76039332776924,14528657
2025-06-13,245.95889282226562,247.8871748234722,240.08900821796735,241.03424053378612,8692116
2025-06-16,248.49212646484375,250.77957241503506,243.86992679682112,245.7603913456337,10935361
2025-06-17,248.51104736328125,250.91194567455838,247.3295068936256,248.4921531003998,7528454
2025-06-18,247.26332092285156,251.0537117843613,246.73399312750377,248.5015729633475,5016660
2025-06-19,251.03477478027344,251.8476895364026,247.47125948988577,248.45430913234435,14184486
2025-06-20,251.9422149658203,252.56607171972811,248.47319987504505,251.4317814678595,12904674
2025-06-23,248.82293701171875,250.6756130561511,247.4712617697605,249.5413227777721,6214062
2025-06-24,250.45822143554688,253.93666962298641,250.21245178934427,250.95919343620417,6319428
2025-06-25,254.65504455566406,255.1749107967825,251.29001978086484,251.33726985871147,5331739
2025-06-26,253.8137969970703,256.4415419497362,252.556650580888,254.36204795014532,8564099
2025-06-27,250.5338134765625,255.21272497287902,250.01394724195,254.26749265816466,8906108
2025-06-30,251.4128875732422,252.1312444773519,248.5015560507679,251.5263108293543,7119563
2025-07-01,250.06118774414062,253.6530877102388,249.25776338435804,250.95916994721514,3886095
2025-07-02,252.37701416015625,253.98392054534864,249.9666834285671,250.486549634612,8750887
2025-07-03,252.42428588867188,256.0161861030516,251.8571695593189,253.70035532211992,9357962
2025-07-04,255.25997924804688,256.53604866313725,252.84964834436622,253.60582267009306,7141779
2025-07-07,253.0859375,255.73257628831766,252.66057144471353,255.2599601585324,4849218
2025-07-08,254.8818817138672,255.4962769342953,252.70785898121383,253.13319620480237,5519016
2025-07-09,253.13320922851562,254.64558674244304,250.34479113196994,253.32226723508222,11564433
2025-07-10,250.5338134765625,252.89689426334843,248.7378778478454,252.89689426334843,6911031
2025-07-11,244.1534881591797,247.6981092349297,243.63362193988308,246.70562687219976,13109857
2025-07-14,240.32530212402344,245.33502156394024,237.86769247858902,244.15348123884672,10388421
2025-07-15,243.3027801513672,245.6186107477549,238.95472036997145,240.0889962075921,8750149
2025-07-16,248.4070281982422,249.541318456981,242.0267103967853,243.30277972631657,12179338
2025-07-17,246.32754516601562,249.87216632003677,243.86993539665417,249.3995501661673,7484171
2025-07-18,252.32977294921875,257.0086555065787,251.05370358041134,253.88940046833872,30319126
2025-07-21,246.0912322998047,252.51880032885998,245.0042209362998,252.32977117871144,12190000
2025-07-22,245.47683715820312,247.792638960103,244.57885494456423,247.36730173748478,6724044
2025-07-23,247.08370971679688,247.41454678068146,244.01170483795366,245.9966983750615,6510321
2025-07-24,247.50909423828125,248.97419282822142,245.99671672357414,247.6508733201784,8139900
2025-07-25,245.0042266845703,247.69811569544274,242.0267218263203,247.46180761756264,8427780
2025-07-28,241.0043487548828,244.81145305592867,239.99232996427654,244.81145305592867,8998911
2025-07-29,242.6910400390625,243.55847630641514,238.3056351167876,240.18509016724929,12923128
2025-07-30,241.14891052246094,243.36571003043403,240.18508592828098,242.35369126518586,6057152
2025-07-31,239.31765747070312,241.10072420393195,237.14905206316777,239.1248954869482,7338764
2025-08-01,233.9684295654297,237.9682959080314,233.4383230761363,237.58277193770718,7436999
2025-08-04,237.1490478515625,237.50565825051578,232.37811898107256,233.96842370230374,5234393
2025-08-05,237.0141143798828,238.01648550754334,235.68403170626723,237.1490492375832,7383968
2025-08-06,231.27935791015625,237.10085203381732,230.6528630949322,237.10085203381732,7700190
2025-08-07,233.55398559570312,234.38286063837594,229.97818983629165,230.46010213931336,6190830
2025-08-08,230.4022674560547,234.4503277272524,229.77577265860526,233.63107095627848,8922847
2025-08-11,232.87928771972656,235.89606332770185,229.98781401193042,230.40226622424834,3047287
2025-08-12,232.97567749023438,237.38034815129546,232.37811095979444,233.9202214560127,8101435
2025-08-13,232.908203125,234.10335089480168,231.43355269888772,234.10335089480168,5820844
2025-08-14,237.88156127929688,239.44295251771263,233.64073867053446,234.30578003705884,12857225
2025-08-18,236.33944702148438,240.00196889697452,235.9057141669896,239.64535848548027,5789317
2025-08-19,238.02613830566406,238.54659713751897,235.92499295404977,236.58040135331547,4090961
2025-08-20,241.76577758789062,243.74162111006225,236.42619536732082,236.42619536732082,10099384
2025-08-21,240.86941528320312,243.59704073359595,240.58026495468013,243.59704073359595,7607486
2025-08-22,239.64535522460938,243.84763119634394,238.65261703304154,242.8838065671094,13572686
2025-08-25,244.6572265625,247.9824331113351,241.53444435217955,241.53444435217955,16391069
2025-08-26,242.9127197265625,245.60179867347316,242.21876481812083,243.8476307919132,15797327
2025-08-28,241.5826416015625,243.2211552649585,240.06944455510003,242.90309136700975,5851451
2025-08-29,240.38751220703125,243.94402755887427,239.66464371134924,241.4380775577911,10117017
2025-09-01,241.30313110351562,243.8379945461304,240.37785300249388,240.39713361268923,3198345
2025-09-02,241.85250854492188,243.99220041066695,240.57063472265182,241.30313615063423,5046939
2025-09-03,240.53207397460938,243.26933241312472,240.1079887813865,242.78742009478904,3862765
2025-09-04,236.1081085205078,241.28384180852458,235.5972826696918,240.47423269101952,5021036
2025-09-05,234.85513305664062,238.3731015889232,232.541959953142,237.19723442771922,6233782
2025-09-08,233.7467498779297,238.05504708592366,233.4383189416955,235.52018364088656,6596932
2025-09-09,240.13690185546875,240.81159086520373,236.1370355041378,236.1370355041378,12836972
2025-09-10,246.49815368652344,247.8667976284456,240.23329347552675,240.28148764927843,15261331
2025-09-11,244.72471618652344,246.44995580925047,243.0476560300271,246.44995580925047,5865301
2025-09-12,242.8259735107422,246.64271071347045,241.7464946585437,245.65962020455956,5345794
2025-09-15,242.18984985351562,242.68139511631705,240.57063154772504,242.40189244691152,3700703
2025-09-16,244.8210906982422,245.29337006471937,241.14892118513487,242.88380847272802,7316998
2025-09-17,244.95602416992188,246.25719330493672,243.70306391462964,244.136782057369,7339871
2025-09-18,247.6354522705078,250.4016242205289,246.73910243420838,247.702927053092,10498239
2025-09-19,246.6234588623047,248.33906558164145,245.48613811525385,247.70293777600946,10741757
2025-09-22,241.2742156982422,242.67175843739852,238.26708762979038,239.5586090738771,15784007
2025-09-23,240.59954833984375,242.88380801860566,239.75137795487365,241.16820134485926,8674114
2025-09-24,235.7418670654297,240.1079915432284,235.41417021482334,239.34657654249048,7888797
2025-09-25,233.2455596923828,236.75388074576497,232.5516047845229,236.57075171358017,7957740
2025-09-26,227.22164916992188,232.81183478439056,226.50841367235438,232.71544644179085,16999628
2025-09-29,230.97093200683594,232.07932444027642,227.74211363791463,228.3107813425008,8894412
2025-09-30,230.71070861816406,232.76365988982718,230.3540981932451,231.25044808511086,5590909
2025-10-01,232.3491973876953,234.75875882553942,229.23603342110766,231.317898033036,9479378
2025-10-03,232.262451171875,232.6672557446049,229.44808506613637,232.262451171875,10968346
2025-10-06,233.37086486816406,234.17084108444976,230.66251998193718,231.31791367809595,6064946
2025-10-07,234.72021484375,236.1370382497925,233.38049917419653,234.11300061064694,6587728
2025-10-08,235.43344116210938,237.43819811197406,233.7949422695343,234.45033594384577,7360563
2025-10-09,237.4863739013672,237.8719125627567,234.36359163149092,235.16356780872852,4629760
2025-10-10,239.70318603515625,242.16094181885626,237.34181859858052,239.02851172567705,7070200
2025-10-13,236.2623291015625,238.7393506780979,235.66474784844178,237.15867892104916,6717589
2025-10-14,239.4333038330078,241.10071626242086,236.2430467805369,236.908088103363,7888607
2025-10-15,241.1585693359375,243.00911087754727,239.5489692472217,240.9561596908066,13278925
2025-10-16,244.62832641601562,244.87893023158037,239.79957032543737,241.34168090575858,10661302
2025-10-17,232.1853485107422,240.95615856523548,230.4601088864057,240.95615856523548,43802251
2025-10-20,232.5130615234375,233.18773583029687,230.6143258054781,232.18534996856562,9871824
2025-10-21,232.6287078857422,233.3997705132051,231.66488327811263,232.28173043872368,2082336
2025-10-23,235.4623565673828,238.83574272248345,234.5659920272076,235.94426887525432,18964626
2025-10-24,234.1901092529297,236.98520956097948,233.39978068775494,236.1370391631165,6803979
2025-10-27,235.0864715576172,236.84062475552142,234.26721473060016,234.48889027997774,9550336
2025-10-28,233.61181640625,235.84788188003014,232.6672576885254,234.8455107449142,8780789
2025-10-29,233.5154266357422,234.78768218729533,232.8985794701761,234.78768218729533,8776917
2025-10-30,233.16844177246094,235.9153477216527,231.7998126269634,234.10335279619028,8344622
2025-10-31,231.96368408203125,234.3925263946994,231.79983565116837,233.35159397498447,5659566
2025-11-03,231.79981994628906,232.561234921276,230.83599533112778,231.96366836605088,4902693
2025-11-04,229.3131561279297,232.1275223063169,228.92763215541518,231.79982545899986,6848284
2025-11-06,231.36610412597656,231.91547651458157,229.74687110876866,231.31790995337695,7141517
2025-11-07,227.9348907470703,230.59504141629742,227.46261138660896,230.06493493145234,5520619
2025-11-10,231.1636962890625,232.81184288134213,228.44571847341837,228.85052305418253,8566758
2025-11-11,232.94677734375,233.29375479906906,230.1709577011974,232.37812434127608,8831094
2025-11-12,236.3490753173828,237.39000767542942,233.34194719866818,233.96842732113487,13152546
2025-11-13,236.45509338378906,237.10085410780368,235.17320488741504,237.10085410780368,6211124
2025-11-14,235.52981567382812,237.00446615330358,233.39012385913895,235.09609753988767,6841554
2025-11-17,235.22140502929688,235.92499289469308,233.91060293789207,235.14429729370875,6559062
2025-11-18,232.1853485107422,235.17321075966981,231.6070625542637,234.14191134174817,4730012
2025-11-19,237.16831970214844,237.92010169243312,231.83835628399785,232.47448403171438,13298452
2025-11-20,237.35145568847656,238.8357539020045,236.82136389044234,238.54660356238765,6705862
2025-11-21,235.64549255371094,238.30564327724255,234.7973221606442,236.13703782780354,5516450
2025-11-24,238.32492065429688,240.3585912142264,236.15631523428277,236.15631523428277,19711070
2025-11-25,236.75389099121094,239.02851779723068,235.1732191230818,239.02851779723068,8188793
2025-11-26,241.13929748535156,241.48627495618317,236.734611666928,237.1008697491384,8202096
2025-11-27,240.53207397460938,242.80670070542558,238.72972661020898,241.34168313978205,5268129
2025-11-28,240.50315856933594,242.87417362837147,239.60680872336184,241.91998195093092,7049965
2025-12-01,241.2260284423828,241.67902719732234,239.85739922566225,241.05254706736605,3865446
2025-12-02,241.1199951171875,242.35368941175932,239.8670202129766,240.9561467022455,8535708
2025-12-03,245.4764862060547,247.82822054940962,241.48625300756112,241.5344471782291,17215454
2025-12-04,247.6354522705078,249.43779960164528,246.25719012476657,246.73910243420838,10687381
2025-12-05,250.50767517089844,251.6546288888935,248.3776308718768,248.8595432100732,7886562
2025-12-08,251.9244842529297,253.55335021621693,250.31488419317733,250.60404922775925,9684253
2025-12-09,248.09811401367188,252.34858437534015,247.7511218343546,251.92449916372735,8560580
2025-12-10,248.64749145507812,250.95101705182338,247.94388887830812,248.67640501776216,7944200
2025-12-11,249.8715362548828,250.57513882628783,248.39688574205348,248.96553874623277,6473376
2025-12-12,251.1726837158203,251.38472629345097,248.04987217129656,250.1124708276669,4008271
2025-12-15,252.27145385742188,253.0039700019681,249.1872326331733,250.5847607240754,4023911
2025-12-16,249.84262084960938,252.28109597802998,249.43780156451172,252.27144831941544,2982041
2025-12-17,251.6931915283203,252.64736855096913,248.96555120716388,249.63059259070548,4923276
2025-12-18,254.3051300048828,255.40387476855722,251.5582239753074,251.7317053463729,9008412
2025-12-19,254.88343811035156,257.3411791797771,253.77501624218536,257.3411791797771,12750745
2025-12-22,262.8060607910156,263.220498300555,257.1483858071697,257.8327224357675,14651313
2025-12-23,261.5820007324219,262.62294781252496,260.43504706071974,262.1603013976354,7572420
2025-12-24,258.3628234863281,261.1772042991256,257.53394843742046,261.1386430787878,4694861
2025-12-26,256.6664733886719,259.1531572718402,256.1267339780104,257.5339390398559,2899112
2025-12-29,254.68101501464844,257.71708618004163,254.0641825363549,256.3677081449363,3755074
2025-12-30,254.11236572265625,255.1436651681042,253.50515148068982,254.44971023637032,5117699
2025-12-31,253.75575256347656,255.0280081601777,251.80883736022957,254.4497074877141,5705044
2026-01-01,257.67852783203125,258.35318744351383,254.20875318545407,254.93162167792454,3639755
2026-01-02,259.268798828125,262.5457963506695,256.52189303217216,257.6784942347598,8286204
2026-01-05,253.77499389648438,259.89528571142137,252.23289813734945,259.7025384483251,7006599
2026-01-06,255.9918212890625,256.4737335921618,253.4376919653548,253.7750070466501,4083654
2026-01-07,261.0036926269531,262.6422062294178,254.93160934928812,255.41352165429623,10242615
2026-01-08,252.71481323242188,261.1000693171532,251.89555646775491,261.1000693171532,9269522
2026-01-09,252.473876953125,254.40152623877253,251.02813998888934,251.89557628471195,4735387
2026-01-12,253.58224487304688,254.9315933597185,249.67873779915746,251.2690718368111,3802164
2026-01-13,254.64247131347656,255.2689514213191,251.84735644009945,253.9196028628292,6931244
2026-01-14,250.78717041015625,254.44969209149082,250.2088697726844,254.44969209149082,5625861
2026-01-15,250.78717041015625,250.78717041015625,250.78717041015625,250.78717041015625,0
2026-01-16,257.77490234375,260.0398666343716,253.4858710865444,253.72682723776734,12028289
2026-01-19,237.0526580810547,242.88379986846235,232.81183571210164,242.88379986846235,65833247
2026-01-20,231.2215118408203,237.10084768649656,230.73959954877458,237.05265351593278,16796201
2026-01-21,230.88418579101562,233.82385376135193,229.00473076302887,231.22151557682048,14397792
2026-01-22,231.9443817138672,234.11298704148953,230.54683899964755,233.24555079315903,8537915
2026-01-23,229.77577209472656,234.73947746487724,229.24568034553408,233.53469674981093,13546802
2026-01-27,232.148681640625,233.73060566282555,229.133118700835,232.54415887455278,15677537
2026-01-28,234.66989135742188,235.41142248862946,232.29698268566392,232.8407751991807,10155128
2026-01-29,237.09222412109375,238.179794065089,232.79133751184608,233.53286864540675,12201949
2026-01-30,234.22496032714844,235.31254535287096,232.64303630103964,235.31254535287096,11362317
2026-02-02,239.56399536132812,241.32389471723346,236.58797408007496,241.24479625234574,12335721
2026-02-03,239.94960021972656,256.9553936654125,239.54422622894785,256.28304914464417,25915412
2026-02-04,230.70516967773438,233.25603866523716,223.70511375338745,233.2461570142917,25995324
2026-02-05,230.75460815429688,232.90999989357695,229.0836888682677,230.70516972657904,10102736
2026-02-06,228.11476135253906,230.29979806673384,226.01870475724127,230.29979806673384,12279085
2026-02-09,227.4819793701172,230.29978862509608,227.0172853196085,229.23199706912882,9112474
2026-02-10,228.85629272460938,230.23059654595468,224.63450440404904,227.38311204673963,12435622
2026-02-11,227.21502685546875,230.36900839714787,226.90852973023792,228.85628607253213,7874912
2026-02-12,216.606201171875,223.70511903267632,216.03274858721431,223.64579895262358,40899346
2026-02-13,211.6725311279297,214.035543080168,206.64989175146505,208.27137256697807,23721186
2026-02-16,210.85189819335938,214.4606920536062,207.73747350293795,212.19654190349303,20754327
2026-02-17,213.2544708251953,216.91268809220367,209.8631939058503,210.85190209079795,26941553
2026-02-18,209.55670166015625,213.95645016828723,207.8857823748628,213.75871154399292,22679760
2026-02-19,208.82505798339844,213.00728929344024,208.02419169780424,211.5835471232585,14151588
2026-02-20,207.4903106689453,209.56660399572445,205.89848980814543,207.33211373068798,17690420
2026-02-23,203.56512451171875,209.34907334064056,201.97330375460703,207.98465123840498,20946229
2026-02-24,197.8800506591797,200.9944753304764,197.10885950083022,200.70775660195747,25036686
2026-02-25,199.63995361328125,203.1597523152721,199.0368410208734,199.0368410208734,13979068
2026-02-26,198.8094482421875,202.31936539730586,196.87157351677192,201.40975565647489,14378069
2026-02-27,198.69081115722656,201.69647751747044,197.7910830534253,201.69647751747044,13288519
2026-03-02,196.32778930664062,198.0975702996301,192.50147841534536,192.79809388477366,10486866
2026-03-04,193.34188842773438,194.8941524318745,192.31362346778468,193.79668574400895,19562075
2026-03-05,193.4704132080078,194.74585523360835,191.03819948603214,194.18228431846163,13149281
2026-03-06,193.19357299804688,196.68371167846257,192.79809575929033,193.39132670391479,9022914
2026-03-09,196.50575256347656,197.24728370522553,190.85034051548527,191.8093886657331,25862728
2026-03-10,198.6611328125,199.03684675887746,195.1907724366907,198.23599552495915,12982340
2026-03-11,199.9464569091797,203.62445265408158,199.30380260783787,200.40126932343745,29199002
2026-03-12,200.22329711914062,201.49873917722337,197.44502942203997,198.78967321086512,19042475
2026-03-13,195.34896850585938,199.78827376725542,193.82634942522014,198.33487150232247,12629652
2026-03-16,192.9068603515625,196.05094523243446,190.59328675018614,194.02410546172283,12631649
2026-03-17,189.15965270996094,192.90685000419404,186.12431141247635,192.79809150296356,21778468
2026-03-18,192.1060028076172,195.76422006424713,190.5141820309079,190.8206791535338,24529164
2026-03-19,186.2825164794922,190.61304815752558,185.560748627745,189.81219692550877,13685195
2026-03-20,188.744384765625,190.12858526393205,186.28251106271452,189.0311185851019,24395304
2026-03-23,185.42233276367188,188.4675558887426,184.88843696343739,187.27122739211956,12014988
2026-03-24,186.60879516601562,189.33762442635032,185.67940702392252,189.33762442635032,11843191
2026-03-25,186.915283203125,188.46754719042633,185.7782597517936,186.8658447771559,13862888
2026-03-27,189.43649291992188,190.11868889002054,185.7782605925063,186.91528404898315,26269256
2026-03-30,185.52120971679688,189.46616094402066,184.3940829499458,187.84468006738422,27946986
2026-04-01,189.02122497558594,192.29386176497866,188.25993052973445,189.34750048944647,11769673
2026-04-02,192.70912170410156,193.1342589948106,186.4505968960953,188.3489148575087,16623045
2026-04-06,195.06224060058594,198.90831502251189,193.89557212745996,194.7755218511451,23282287
2026-04-07,202.40834045410156,202.95213297211242,194.785393724234,194.785393724234,24771466
2026-04-08,201.12301635742188,206.64000981747287,200.51002211291274,205.35468616494666,22084158
2026-04-09,200.5792236328125,201.8546656333442,199.35323514506428,201.40974996967785,14540807
2026-04-10,202.56654357910156,206.34340110912888,198.35463693487117,206.34340110912888,51219565
2026-04-13,200.6781005859375,201.10323786200135,198.04813320527367,200.71764227509874,21930624
2026-04-15,207.3815460205078,208.11319552342096,202.78405890137145,204.1682443539207,27890080
2026-04-16,207.88577270507812,210.57506011256086,205.85893304222714,210.57506011256086,36305074
2026-04-17,202.0128631591797,204.11880132981383,200.2134070248977,202.6851774819952,80542603
2026-04-20,200.19363403320312,202.8829215699336,199.71905831686541,202.19082884058898,27927164
2026-04-21,202.695068359375,203.37727945042653,200.1936377498463,200.70777025254299,21530723
2026-04-22,201.69647216796875,203.06089430736998,199.91679439624752,201.20211806951784,21790433
2026-04-23,200.47047424316406,202.58630924092267,200.01567690815918,201.69647787313727,20307250
2026-04-24,197.10887145996094,200.46059172429597,195.64558751770736,200.46059172429597,39363394
2026-04-27,202.734619140625,202.9323577630474,197.1088670767416,197.1088670767416,42632215
2026-04-28,199.30380249023438,203.35749709340243,198.7501283072838,202.25014872750128,23455983
2026-04-29,198.41395568847656,201.30099692828904,198.03825682872588,199.30380212644286,15667662
2026-04-30,198.38429260253906,199.8673548898837,197.74163831261896,198.6215879996505,15300274
2026-05-01,198.38429260253906,198.38429260253906,198.38429260253906,198.38429260253906,0
2026-05-04,198.48316955566406,201.0735801911796,197.80095848930563,200.11453203796404,8446995
2026-05-05,197.5241241455078,200.015673048312,197.34616390998104,197.74164115770049,8899200
2026-05-06,196.87156677246094,198.85887985748613,196.01139548878703,198.2458705308143,13166683
2026-05-07,195.13145446777344,198.01848065336037,194.96337588112686,197.2472894503983,19303572
2026-05-08,195.6752471923828,196.69361545076993,194.47890360964692,195.76422731131214,15970687
2026-05-11,194.45912170410156,196.00151917009842,193.93510756456368,195.64558361432836,9199527
2026-05-12,187.42941284179688,193.92521759794002,186.964718800399,193.88567590965667,27435195
2026-05-13,185.6793975830078,189.13987618247523,185.19492514794618,188.51698520689447,17242394
2026-05-14,186.1737518310547,188.03251293586302,184.88842818997622,186.12431340514985,18280387
2026-05-15,187.85455322265625,189.73309272028703,186.66810643012684,187.75567637057486,17902610
2026-05-18,190.0000457763672,190.57349832099325,187.0635813268366,188.83337738613744,16327369
2026-05-19,192.96617126464844,195.76421718940094,190.22744541611505,190.22744541611505,20534622
2026-05-20,194.89414978027344,195.70489772176057,191.81926676594372,192.41249770295815,16201692
2026-05-21,197.4845733642578,197.7811737431486,195.269861654108,196.25856981438196,18980608
2026-05-22,200.8165283203125,203.08066351905256,196.58485832134264,197.74164513500358,40014399
2026-05-25,204.50439453125,207.18380031353246,201.7557870219509,204.6625914594157,72041558
2026-05-26,201.4295196533203,206.33351901916558,200.64844680449008,204.65271807734212,46458415
2026-05-27,199.30380249023438,203.66400931070504,197.9393803347562,201.54817434786398,39465643
2026-05-28,199.30380249023438,199.30380249023438,199.30380249023438,199.30380249023438,0
2026-05-29,201.9436492919922,208.6174296235513,201.35041833903546,208.6174296235513,82734524
2026-06-01,204.0792694091797,205.40413481684354,202.78406404150158,202.78406404150158,26491139
2026-06-02,207.47052001953125,207.80667717859504,204.1781199832558,205.65130059655002,42476874
2026-06-03,201.79534912109375,206.046782300662,199.71905587198705,205.6513050563035,62282204
2026-06-04,202.0128631591797,202.7741575976932,199.81792978635795,200.7077611163172,40659957
2026-06-05,196.13003540039062,196.7529263768986,186.0254366679845,189.3573934689589,43539069
2026-06-08,179.7075958251953,191.70063104041222,178.95618302924748,191.20627694364634,75164049
2026-06-09,179.61862182617188,182.26836772005944,178.5607118680362,181.8926537660442,28381665
2026-06-10,176.9095458984375,180.2316059583898,176.4844086261751,180.04376407844163,16935979
2026-06-11,175.36717224121094,176.18780187459916,173.844568219707,174.9716949876097,14468882
2026-06-12,178.10589599609375,178.4123931267533,175.5649237463597,176.63271533495106,13850153
2026-06-15,179.33189392089844,180.93359633950593,178.86719987092152,180.93359633950593,13870660
2026-06-16,180.60733032226562,181.30931980268286,179.57908040249603,180.33049322515495,11706020
2026-06-17,182.3870086669922,183.15819988062296,181.50705894443965,181.92231459128,16131548
2026-06-18,180.77540588378906,182.6737238406862,179.65817586290345,182.38700509722617,18165845
2026-06-19,178.75843811035156,179.43075241675308,172.91516927167407,174.7640487007675,37469436
2026-06-22,178.1454315185547,180.34036487136882,177.96747128878084,178.7979825340377,10368112
2026-06-23,172.5196990966797,177.47312174316596,172.03522664797148,177.47312174316596,23954730
2026-06-24,172.50979614257812,173.50840104306232,169.553568389078,169.56345003957682,56627728
2026-06-25,173.02394104003906,174.39824488255462,170.74002743214902,174.01264927455358,21544904
2026-06-26,173.02394104003906,173.02394104003906,173.02394104003906,173.02394104003906,0
2026-06-29,173.49850463867188,174.6948481568508,172.62845171194016,174.2894741882829,24484011
2026-06-30,168.4659881591797,173.41941076783928,168.12983099480138,173.02393352580475,26845383
2026-07-01,168.20892333984375,170.2061029518828,167.33885533523951,169.0690946075389,34638511
2026-07-02,172.0352325439453,172.99428073688537,167.0916913788894,167.57616384420143,43447174
2026-07-03,174.09173583984375,176.1284722498395,172.61855524001209,174.21037599219633,29538753
2026-07-06,172.35162353515625,174.30926157953363,171.61009237280982,174.09174456499278,8304046
2026-07-07,171.04652404785156,174.210387371323,170.81912537882604,171.93635542159686,18837725
2026-07-08,170.76968383789062,173.4194146084817,170.29510811964104,171.04652093074372,16482564
2026-07-09,170.80921936035156,172.32194166541998,169.71175267956764,171.0465147541525,10270117
2026-07-10,173.47874450683594,175.21886547857812,173.0239321043918,173.25133076236907,16249590
2026-07-13,176.41519165039062,177.91803229401972,172.39115724075515,172.62845263285115,22417855
2026-07-14,175.1397705078125,178.46183067395626,174.71463322196033,176.48441426759663,14461463
2026-07-15,172.67788696289062,174.60588008759453,172.51970511124802,173.14258103959983,10398720
2026-07-16,175.73300170898438,175.98017876012347,173.42930978198925,173.61716675469336,11184572
2026-07-17,174.0126495361328,174.26970824635646,171.59031737522906,171.59031737522906,22960032
2026-07-20,174.3883514404297,175.79231522813527,173.8643373184864,175.0013456767054,10183661
2026-07-21,172.99427795410156,175.49570853646264,172.52958388514213,174.12140471814374,11350578
2026-07-22,172.4702606201172,172.984393107733,171.46177403307956,172.79653613611436,5057035
2026-07-23,172.84597778320312,173.5776122086231,171.3530187197843,171.84737282841516,9055905
2026-07-24,175.1199951171875,175.89118632194962,170.84878345131204,172.0352302981391,13282944
2026-07-27,178.52999877929688,178.77999877929688,175.61000061035156,177.5,12504426
2026-07-28,181.1199951171875,181.6999969482422,178.5500030517578,178.5500030517578,26873060
2026-07-29,183.61000061035156,185.75999450683594,181.4499969482422,183.0,26147867
2026-07-30,186.3300018310547,191.33999633789062,183.39999389648438,183.39999389648438,54015268
2026-07-31,183.64999389648438,185.24000549316406,180.8300018310547,184.85000610351562,18762810
2026-08-03,188.66000366210938,189.80999755859375,184.02000427246094,184.02000427246094,15840516
2026-08-04,186.3000030517578,189.39999389648438,186.3000030517578,189.0,11903457
2026-08-05,186.99000549316406,188.5399932861328,186.07000732421875,187.0,8829250
2026-08-06,186.1199951171875,188.24000549316406,185.41000366210938,186.0,6629768
2026-08-07,187.52999877929688,188.3699951171875,185.64999389648438,185.8699951171875,7823102
2026-08-10,185.5,187.88999938964844,185.0,187.52999877929688,5337618
2026-08-11,184.60000610351562,187.47999572753906,183.30999755859375,185.5,9182421
2026-08-12,183.94000244140625,185.0,181.91000366210938,184.50999450683594,8624548
2026-08-13,183.10000610351562,183.75,181.72000122070312,183.49000549316406,5434084
2026-08-14,184.0,185.83999633789062,183.10000610351562,183.5500030517578,7366162
2026-08-17,181.89999389648438,183.7100067138672,181.0,183.5,4436515
2026-08-18,178.05999755859375,181.99000549316406,178.05999755859375,181.89999389648438,7074731
2026-08-19,179.5500030517578,179.9499969482422,178.22000122070312,179.05999755859375,5964187
2026-08-20,181.0,182.4600067138672,180.50999450683594,181.55999755859375,5364164
2026-08-21,180.7899932861328,181.75999450683594,180.0,180.60000610351562,4637869
2026-08-24,181.30999755859375,183.9199981689453,180.55999755859375,181.0,9441129
2026-08-25,179.7100067138672,181.2899932861328,179.35000610351562,181.2899932861328,3258888
